<?xml version="1.0" encoding="UTF-8"?>
<gpx version="1.1" creator="sentieri-vda" xmlns="http://www.topografix.com/GPX/1/1">
  <metadata>
    <name>Rifugio Deffeyes e Colle di Passo Alto</name>
    <desc>Catasto Sentieri VdA — 41_S42</desc>
    <author><name>Regione Autonoma Valle d'Aosta</name></author>
  </metadata>
  <trk>
    <name>Rifugio Deffeyes e Colle di Passo Alto</name>
    <src>Catasto Sentieri VdA (41_S42)</src>
    <trkseg>
      <trkpt lat="45.6829889" lon="7.0142080">
        <ele>1613</ele>
      </trkpt>
      <trkpt lat="45.6829682" lon="7.0141261">
        <ele>1614</ele>
      </trkpt>
      <trkpt lat="45.6830087" lon="7.0141037">
        <ele>1615</ele>
      </trkpt>
      <trkpt lat="45.6831469" lon="7.0137270">
        <ele>1616</ele>
      </trkpt>
      <trkpt lat="45.6831211" lon="7.0136739">
        <ele>1617</ele>
      </trkpt>
      <trkpt lat="45.6831238" lon="7.0136392">
        <ele>1618</ele>
      </trkpt>
      <trkpt lat="45.6831265" lon="7.0136011">
        <ele>1619</ele>
      </trkpt>
      <trkpt lat="45.6831396" lon="7.0135108">
        <ele>1620</ele>
      </trkpt>
      <trkpt lat="45.6831427" lon="7.0134176">
        <ele>1621</ele>
      </trkpt>
      <trkpt lat="45.6831519" lon="7.0133525">
        <ele>1622</ele>
      </trkpt>
      <trkpt lat="45.6831617" lon="7.0132860">
        <ele>1623</ele>
      </trkpt>
      <trkpt lat="45.6831693" lon="7.0132344">
        <ele>1623</ele>
      </trkpt>
      <trkpt lat="45.6831931" lon="7.0131607">
        <ele>1624</ele>
      </trkpt>
      <trkpt lat="45.6831966" lon="7.0131464">
        <ele>1625</ele>
      </trkpt>
      <trkpt lat="45.6831914" lon="7.0131479">
        <ele>1626</ele>
      </trkpt>
      <trkpt lat="45.6831830" lon="7.0131550">
        <ele>1627</ele>
      </trkpt>
      <trkpt lat="45.6831753" lon="7.0131472">
        <ele>1628</ele>
      </trkpt>
      <trkpt lat="45.6831866" lon="7.0131171">
        <ele>1629</ele>
      </trkpt>
      <trkpt lat="45.6831911" lon="7.0130994">
        <ele>1630</ele>
      </trkpt>
      <trkpt lat="45.6831797" lon="7.0130977">
        <ele>1631</ele>
      </trkpt>
      <trkpt lat="45.6831624" lon="7.0131024">
        <ele>1632</ele>
      </trkpt>
      <trkpt lat="45.6831455" lon="7.0131118">
        <ele>1633</ele>
      </trkpt>
      <trkpt lat="45.6831114" lon="7.0131346">
        <ele>1634</ele>
      </trkpt>
      <trkpt lat="45.6830632" lon="7.0131640">
        <ele>1635</ele>
      </trkpt>
      <trkpt lat="45.6830434" lon="7.0131714">
        <ele>1636</ele>
      </trkpt>
      <trkpt lat="45.6830358" lon="7.0131641">
        <ele>1637</ele>
      </trkpt>
      <trkpt lat="45.6830524" lon="7.0131080">
        <ele>1638</ele>
      </trkpt>
      <trkpt lat="45.6830658" lon="7.0130925">
        <ele>1639</ele>
      </trkpt>
      <trkpt lat="45.6830658" lon="7.0130721">
        <ele>1640</ele>
      </trkpt>
      <trkpt lat="45.6830786" lon="7.0130183">
        <ele>1641</ele>
      </trkpt>
      <trkpt lat="45.6830789" lon="7.0130175">
        <ele>1642</ele>
      </trkpt>
      <trkpt lat="45.6830713" lon="7.0129866">
        <ele>1643</ele>
      </trkpt>
      <trkpt lat="45.6830612" lon="7.0129960">
        <ele>1643</ele>
      </trkpt>
      <trkpt lat="45.6830538" lon="7.0130084">
        <ele>1644</ele>
      </trkpt>
      <trkpt lat="45.6830169" lon="7.0130623">
        <ele>1645</ele>
      </trkpt>
      <trkpt lat="45.6829719" lon="7.0130862">
        <ele>1646</ele>
      </trkpt>
      <trkpt lat="45.6829327" lon="7.0131301">
        <ele>1647</ele>
      </trkpt>
      <trkpt lat="45.6829060" lon="7.0131729">
        <ele>1648</ele>
      </trkpt>
      <trkpt lat="45.6828854" lon="7.0131824">
        <ele>1649</ele>
      </trkpt>
      <trkpt lat="45.6828734" lon="7.0131761">
        <ele>1650</ele>
      </trkpt>
      <trkpt lat="45.6828860" lon="7.0131385">
        <ele>1651</ele>
      </trkpt>
      <trkpt lat="45.6828998" lon="7.0131117">
        <ele>1652</ele>
      </trkpt>
      <trkpt lat="45.6829084" lon="7.0130966">
        <ele>1653</ele>
      </trkpt>
      <trkpt lat="45.6829086" lon="7.0130930">
        <ele>1654</ele>
      </trkpt>
      <trkpt lat="45.6829024" lon="7.0130752">
        <ele>1655</ele>
      </trkpt>
      <trkpt lat="45.6828948" lon="7.0130687">
        <ele>1656</ele>
      </trkpt>
      <trkpt lat="45.6828854" lon="7.0130758">
        <ele>1657</ele>
      </trkpt>
      <trkpt lat="45.6828744" lon="7.0130950">
        <ele>1658</ele>
      </trkpt>
      <trkpt lat="45.6828627" lon="7.0131002">
        <ele>1659</ele>
      </trkpt>
      <trkpt lat="45.6828361" lon="7.0131234">
        <ele>1660</ele>
      </trkpt>
      <trkpt lat="45.6827965" lon="7.0131717">
        <ele>1661</ele>
      </trkpt>
      <trkpt lat="45.6827673" lon="7.0132092">
        <ele>1662</ele>
      </trkpt>
      <trkpt lat="45.6827210" lon="7.0132358">
        <ele>1663</ele>
      </trkpt>
      <trkpt lat="45.6827149" lon="7.0132401">
        <ele>1663</ele>
      </trkpt>
      <trkpt lat="45.6826820" lon="7.0132534">
        <ele>1664</ele>
      </trkpt>
      <trkpt lat="45.6826573" lon="7.0132758">
        <ele>1665</ele>
      </trkpt>
      <trkpt lat="45.6826485" lon="7.0132836">
        <ele>1666</ele>
      </trkpt>
      <trkpt lat="45.6826413" lon="7.0132805">
        <ele>1667</ele>
      </trkpt>
      <trkpt lat="45.6826323" lon="7.0132484">
        <ele>1668</ele>
      </trkpt>
      <trkpt lat="45.6826409" lon="7.0132041">
        <ele>1669</ele>
      </trkpt>
      <trkpt lat="45.6826601" lon="7.0131569">
        <ele>1670</ele>
      </trkpt>
      <trkpt lat="45.6826482" lon="7.0131506">
        <ele>1671</ele>
      </trkpt>
      <trkpt lat="45.6826035" lon="7.0131603">
        <ele>1672</ele>
      </trkpt>
      <trkpt lat="45.6825675" lon="7.0131805">
        <ele>1673</ele>
      </trkpt>
      <trkpt lat="45.6825191" lon="7.0132315">
        <ele>1674</ele>
      </trkpt>
      <trkpt lat="45.6825033" lon="7.0132455">
        <ele>1675</ele>
      </trkpt>
      <trkpt lat="45.6824886" lon="7.0132434">
        <ele>1676</ele>
      </trkpt>
      <trkpt lat="45.6824883" lon="7.0132272">
        <ele>1677</ele>
      </trkpt>
      <trkpt lat="45.6824942" lon="7.0131851">
        <ele>1678</ele>
      </trkpt>
      <trkpt lat="45.6825013" lon="7.0131599">
        <ele>1679</ele>
      </trkpt>
      <trkpt lat="45.6825044" lon="7.0131436">
        <ele>1680</ele>
      </trkpt>
      <trkpt lat="45.6824951" lon="7.0131351">
        <ele>1681</ele>
      </trkpt>
      <trkpt lat="45.6824840" lon="7.0131396">
        <ele>1682</ele>
      </trkpt>
      <trkpt lat="45.6824586" lon="7.0131513">
        <ele>1683</ele>
      </trkpt>
      <trkpt lat="45.6824380" lon="7.0131608">
        <ele>1683</ele>
      </trkpt>
      <trkpt lat="45.6824224" lon="7.0131627">
        <ele>1684</ele>
      </trkpt>
      <trkpt lat="45.6824184" lon="7.0131514">
        <ele>1685</ele>
      </trkpt>
      <trkpt lat="45.6824235" lon="7.0131154">
        <ele>1686</ele>
      </trkpt>
      <trkpt lat="45.6824385" lon="7.0130832">
        <ele>1687</ele>
      </trkpt>
      <trkpt lat="45.6824396" lon="7.0130818">
        <ele>1688</ele>
      </trkpt>
      <trkpt lat="45.6824394" lon="7.0130652">
        <ele>1689</ele>
      </trkpt>
      <trkpt lat="45.6824391" lon="7.0130464">
        <ele>1690</ele>
      </trkpt>
      <trkpt lat="45.6824342" lon="7.0130384">
        <ele>1691</ele>
      </trkpt>
      <trkpt lat="45.6824057" lon="7.0130354">
        <ele>1692</ele>
      </trkpt>
      <trkpt lat="45.6823886" lon="7.0130350">
        <ele>1693</ele>
      </trkpt>
      <trkpt lat="45.6823758" lon="7.0130520">
        <ele>1694</ele>
      </trkpt>
      <trkpt lat="45.6823762" lon="7.0130167">
        <ele>1695</ele>
      </trkpt>
      <trkpt lat="45.6823715" lon="7.0129988">
        <ele>1696</ele>
      </trkpt>
      <trkpt lat="45.6823647" lon="7.0129586">
        <ele>1697</ele>
      </trkpt>
      <trkpt lat="45.6823518" lon="7.0129246">
        <ele>1698</ele>
      </trkpt>
      <trkpt lat="45.6823330" lon="7.0129070">
        <ele>1699</ele>
      </trkpt>
      <trkpt lat="45.6823240" lon="7.0129067">
        <ele>1700</ele>
      </trkpt>
      <trkpt lat="45.6823154" lon="7.0128982">
        <ele>1701</ele>
      </trkpt>
      <trkpt lat="45.6822982" lon="7.0128894">
        <ele>1702</ele>
      </trkpt>
      <trkpt lat="45.6822834" lon="7.0128831">
        <ele>1703</ele>
      </trkpt>
      <trkpt lat="45.6822725" lon="7.0128829">
        <ele>1703</ele>
      </trkpt>
      <trkpt lat="45.6822529" lon="7.0128714">
        <ele>1704</ele>
      </trkpt>
      <trkpt lat="45.6822406" lon="7.0128448">
        <ele>1705</ele>
      </trkpt>
      <trkpt lat="45.6822494" lon="7.0128047">
        <ele>1706</ele>
      </trkpt>
      <trkpt lat="45.6822490" lon="7.0128013">
        <ele>1707</ele>
      </trkpt>
      <trkpt lat="45.6822674" lon="7.0127225">
        <ele>1708</ele>
      </trkpt>
      <trkpt lat="45.6823312" lon="7.0125898">
        <ele>1709</ele>
      </trkpt>
      <trkpt lat="45.6823337" lon="7.0125475">
        <ele>1710</ele>
      </trkpt>
      <trkpt lat="45.6823141" lon="7.0125226">
        <ele>1711</ele>
      </trkpt>
      <trkpt lat="45.6823121" lon="7.0124138">
        <ele>1712</ele>
      </trkpt>
      <trkpt lat="45.6824135" lon="7.0121735">
        <ele>1713</ele>
      </trkpt>
      <trkpt lat="45.6824147" lon="7.0121232">
        <ele>1714</ele>
      </trkpt>
      <trkpt lat="45.6823987" lon="7.0120893">
        <ele>1715</ele>
      </trkpt>
      <trkpt lat="45.6824106" lon="7.0120311">
        <ele>1716</ele>
      </trkpt>
      <trkpt lat="45.6824389" lon="7.0119681">
        <ele>1717</ele>
      </trkpt>
      <trkpt lat="45.6825123" lon="7.0119293">
        <ele>1718</ele>
      </trkpt>
      <trkpt lat="45.6825284" lon="7.0119004">
        <ele>1719</ele>
      </trkpt>
      <trkpt lat="45.6825515" lon="7.0118023">
        <ele>1720</ele>
      </trkpt>
      <trkpt lat="45.6825753" lon="7.0117002">
        <ele>1721</ele>
      </trkpt>
      <trkpt lat="45.6825895" lon="7.0115951">
        <ele>1722</ele>
      </trkpt>
      <trkpt lat="45.6825852" lon="7.0114562">
        <ele>1723</ele>
      </trkpt>
      <trkpt lat="45.6825819" lon="7.0114266">
        <ele>1723</ele>
      </trkpt>
      <trkpt lat="45.6825751" lon="7.0113654">
        <ele>1724</ele>
      </trkpt>
      <trkpt lat="45.6825609" lon="7.0113336">
        <ele>1725</ele>
      </trkpt>
      <trkpt lat="45.6825490" lon="7.0113063">
        <ele>1726</ele>
      </trkpt>
      <trkpt lat="45.6825442" lon="7.0112714">
        <ele>1727</ele>
      </trkpt>
      <trkpt lat="45.6825500" lon="7.0112246">
        <ele>1728</ele>
      </trkpt>
      <trkpt lat="45.6825551" lon="7.0111691">
        <ele>1729</ele>
      </trkpt>
      <trkpt lat="45.6825529" lon="7.0111489">
        <ele>1730</ele>
      </trkpt>
      <trkpt lat="45.6825384" lon="7.0111319">
        <ele>1731</ele>
      </trkpt>
      <trkpt lat="45.6825320" lon="7.0111152">
        <ele>1732</ele>
      </trkpt>
      <trkpt lat="45.6825412" lon="7.0110488">
        <ele>1733</ele>
      </trkpt>
      <trkpt lat="45.6825438" lon="7.0110332">
        <ele>1734</ele>
      </trkpt>
      <trkpt lat="45.6825373" lon="7.0110138">
        <ele>1735</ele>
      </trkpt>
      <trkpt lat="45.6825298" lon="7.0109911">
        <ele>1736</ele>
      </trkpt>
      <trkpt lat="45.6825162" lon="7.0109700">
        <ele>1737</ele>
      </trkpt>
      <trkpt lat="45.6825128" lon="7.0109107">
        <ele>1738</ele>
      </trkpt>
      <trkpt lat="45.6825513" lon="7.0108938">
        <ele>1739</ele>
      </trkpt>
      <trkpt lat="45.6825544" lon="7.0108478">
        <ele>1740</ele>
      </trkpt>
      <trkpt lat="45.6825597" lon="7.0108308">
        <ele>1741</ele>
      </trkpt>
      <trkpt lat="45.6825581" lon="7.0107944">
        <ele>1742</ele>
      </trkpt>
      <trkpt lat="45.6825205" lon="7.0107262">
        <ele>1743</ele>
      </trkpt>
      <trkpt lat="45.6825417" lon="7.0106055">
        <ele>1743</ele>
      </trkpt>
      <trkpt lat="45.6825283" lon="7.0105838">
        <ele>1744</ele>
      </trkpt>
      <trkpt lat="45.6825495" lon="7.0104503">
        <ele>1745</ele>
      </trkpt>
      <trkpt lat="45.6825289" lon="7.0103892">
        <ele>1746</ele>
      </trkpt>
      <trkpt lat="45.6825216" lon="7.0103749">
        <ele>1747</ele>
      </trkpt>
      <trkpt lat="45.6825115" lon="7.0103727">
        <ele>1748</ele>
      </trkpt>
      <trkpt lat="45.6825074" lon="7.0103781">
        <ele>1749</ele>
      </trkpt>
      <trkpt lat="45.6825011" lon="7.0104060">
        <ele>1750</ele>
      </trkpt>
      <trkpt lat="45.6824896" lon="7.0104132">
        <ele>1751</ele>
      </trkpt>
      <trkpt lat="45.6824830" lon="7.0103998">
        <ele>1752</ele>
      </trkpt>
      <trkpt lat="45.6824601" lon="7.0101173">
        <ele>1753</ele>
      </trkpt>
      <trkpt lat="45.6824292" lon="7.0100429">
        <ele>1754</ele>
      </trkpt>
      <trkpt lat="45.6824454" lon="7.0100110">
        <ele>1755</ele>
      </trkpt>
      <trkpt lat="45.6824158" lon="7.0099453">
        <ele>1756</ele>
      </trkpt>
      <trkpt lat="45.6824156" lon="7.0098853">
        <ele>1757</ele>
      </trkpt>
      <trkpt lat="45.6824232" lon="7.0098260">
        <ele>1758</ele>
      </trkpt>
      <trkpt lat="45.6824201" lon="7.0097323">
        <ele>1759</ele>
      </trkpt>
      <trkpt lat="45.6824156" lon="7.0096609">
        <ele>1760</ele>
      </trkpt>
      <trkpt lat="45.6824174" lon="7.0095772">
        <ele>1761</ele>
      </trkpt>
      <trkpt lat="45.6824158" lon="7.0094841">
        <ele>1762</ele>
      </trkpt>
      <trkpt lat="45.6823950" lon="7.0094011">
        <ele>1763</ele>
      </trkpt>
      <trkpt lat="45.6823739" lon="7.0093054">
        <ele>1763</ele>
      </trkpt>
      <trkpt lat="45.6823741" lon="7.0093050">
        <ele>1764</ele>
      </trkpt>
      <trkpt lat="45.6823732" lon="7.0093019">
        <ele>1765</ele>
      </trkpt>
      <trkpt lat="45.6823838" lon="7.0089153">
        <ele>1766</ele>
      </trkpt>
      <trkpt lat="45.6824167" lon="7.0087834">
        <ele>1767</ele>
      </trkpt>
      <trkpt lat="45.6825172" lon="7.0085055">
        <ele>1768</ele>
      </trkpt>
      <trkpt lat="45.6825327" lon="7.0083595">
        <ele>1769</ele>
      </trkpt>
      <trkpt lat="45.6825217" lon="7.0082842">
        <ele>1770</ele>
      </trkpt>
      <trkpt lat="45.6824815" lon="7.0081969">
        <ele>1771</ele>
      </trkpt>
      <trkpt lat="45.6824841" lon="7.0081276">
        <ele>1772</ele>
      </trkpt>
      <trkpt lat="45.6825233" lon="7.0080233">
        <ele>1773</ele>
      </trkpt>
      <trkpt lat="45.6826006" lon="7.0079025">
        <ele>1774</ele>
      </trkpt>
      <trkpt lat="45.6826333" lon="7.0077809">
        <ele>1775</ele>
      </trkpt>
      <trkpt lat="45.6826012" lon="7.0077100">
        <ele>1776</ele>
      </trkpt>
      <trkpt lat="45.6825731" lon="7.0077199">
        <ele>1777</ele>
      </trkpt>
      <trkpt lat="45.6825568" lon="7.0077019">
        <ele>1778</ele>
      </trkpt>
      <trkpt lat="45.6825370" lon="7.0076328">
        <ele>1779</ele>
      </trkpt>
      <trkpt lat="45.6825346" lon="7.0075361">
        <ele>1780</ele>
      </trkpt>
      <trkpt lat="45.6825703" lon="7.0074346">
        <ele>1781</ele>
      </trkpt>
      <trkpt lat="45.6825955" lon="7.0074082">
        <ele>1782</ele>
      </trkpt>
      <trkpt lat="45.6825902" lon="7.0073188">
        <ele>1783</ele>
      </trkpt>
      <trkpt lat="45.6826102" lon="7.0072774">
        <ele>1784</ele>
      </trkpt>
      <trkpt lat="45.6826022" lon="7.0072083">
        <ele>1784</ele>
      </trkpt>
      <trkpt lat="45.6825088" lon="7.0071648">
        <ele>1785</ele>
      </trkpt>
      <trkpt lat="45.6825166" lon="7.0071376">
        <ele>1786</ele>
      </trkpt>
      <trkpt lat="45.6825583" lon="7.0071316">
        <ele>1787</ele>
      </trkpt>
      <trkpt lat="45.6825949" lon="7.0070886">
        <ele>1788</ele>
      </trkpt>
      <trkpt lat="45.6825999" lon="7.0069889">
        <ele>1789</ele>
      </trkpt>
      <trkpt lat="45.6825840" lon="7.0069527">
        <ele>1790</ele>
      </trkpt>
      <trkpt lat="45.6825411" lon="7.0069386">
        <ele>1791</ele>
      </trkpt>
      <trkpt lat="45.6825149" lon="7.0068796">
        <ele>1792</ele>
      </trkpt>
      <trkpt lat="45.6825109" lon="7.0068290">
        <ele>1793</ele>
      </trkpt>
      <trkpt lat="45.6825259" lon="7.0067620">
        <ele>1794</ele>
      </trkpt>
      <trkpt lat="45.6826695" lon="7.0066680">
        <ele>1795</ele>
      </trkpt>
      <trkpt lat="45.6826576" lon="7.0066414">
        <ele>1796</ele>
      </trkpt>
      <trkpt lat="45.6826011" lon="7.0066296">
        <ele>1797</ele>
      </trkpt>
      <trkpt lat="45.6825852" lon="7.0065932">
        <ele>1798</ele>
      </trkpt>
      <trkpt lat="45.6826300" lon="7.0064786">
        <ele>1799</ele>
      </trkpt>
      <trkpt lat="45.6826300" lon="7.0063849">
        <ele>1800</ele>
      </trkpt>
      <trkpt lat="45.6826792" lon="7.0063077">
        <ele>1801</ele>
      </trkpt>
      <trkpt lat="45.6827617" lon="7.0062468">
        <ele>1802</ele>
      </trkpt>
      <trkpt lat="45.6828141" lon="7.0061750">
        <ele>1803</ele>
      </trkpt>
      <trkpt lat="45.6828502" lon="7.0060275">
        <ele>1804</ele>
      </trkpt>
      <trkpt lat="45.6828531" lon="7.0058588">
        <ele>1804</ele>
      </trkpt>
      <trkpt lat="45.6828326" lon="7.0057854">
        <ele>1805</ele>
      </trkpt>
      <trkpt lat="45.6828110" lon="7.0057426">
        <ele>1806</ele>
      </trkpt>
      <trkpt lat="45.6827826" lon="7.0056961">
        <ele>1807</ele>
      </trkpt>
      <trkpt lat="45.6827720" lon="7.0056573">
        <ele>1808</ele>
      </trkpt>
      <trkpt lat="45.6827637" lon="7.0056441">
        <ele>1809</ele>
      </trkpt>
      <trkpt lat="45.6827498" lon="7.0056331">
        <ele>1810</ele>
      </trkpt>
      <trkpt lat="45.6827314" lon="7.0056358">
        <ele>1811</ele>
      </trkpt>
      <trkpt lat="45.6827113" lon="7.0056507">
        <ele>1812</ele>
      </trkpt>
      <trkpt lat="45.6826957" lon="7.0056512">
        <ele>1813</ele>
      </trkpt>
      <trkpt lat="45.6826837" lon="7.0056449">
        <ele>1814</ele>
      </trkpt>
      <trkpt lat="45.6826712" lon="7.0056285">
        <ele>1815</ele>
      </trkpt>
      <trkpt lat="45.6826667" lon="7.0055915">
        <ele>1816</ele>
      </trkpt>
      <trkpt lat="45.6826655" lon="7.0055484">
        <ele>1817</ele>
      </trkpt>
      <trkpt lat="45.6826623" lon="7.0054776">
        <ele>1818</ele>
      </trkpt>
      <trkpt lat="45.6826759" lon="7.0054505">
        <ele>1819</ele>
      </trkpt>
      <trkpt lat="45.6826756" lon="7.0054481">
        <ele>1820</ele>
      </trkpt>
      <trkpt lat="45.6826667" lon="7.0053735">
        <ele>1821</ele>
      </trkpt>
      <trkpt lat="45.6826606" lon="7.0052921">
        <ele>1822</ele>
      </trkpt>
      <trkpt lat="45.6826571" lon="7.0052308">
        <ele>1823</ele>
      </trkpt>
      <trkpt lat="45.6826672" lon="7.0051866">
        <ele>1824</ele>
      </trkpt>
      <trkpt lat="45.6826725" lon="7.0051378">
        <ele>1824</ele>
      </trkpt>
      <trkpt lat="45.6826798" lon="7.0050930">
        <ele>1825</ele>
      </trkpt>
      <trkpt lat="45.6826814" lon="7.0050767">
        <ele>1826</ele>
      </trkpt>
      <trkpt lat="45.6826750" lon="7.0050115">
        <ele>1827</ele>
      </trkpt>
      <trkpt lat="45.6826728" lon="7.0049623">
        <ele>1828</ele>
      </trkpt>
      <trkpt lat="45.6826613" lon="7.0049290">
        <ele>1829</ele>
      </trkpt>
      <trkpt lat="45.6826583" lon="7.0048913">
        <ele>1830</ele>
      </trkpt>
      <trkpt lat="45.6826546" lon="7.0048185">
        <ele>1831</ele>
      </trkpt>
      <trkpt lat="45.6826578" lon="7.0047799">
        <ele>1832</ele>
      </trkpt>
      <trkpt lat="45.6826584" lon="7.0047644">
        <ele>1833</ele>
      </trkpt>
      <trkpt lat="45.6826520" lon="7.0047417">
        <ele>1834</ele>
      </trkpt>
      <trkpt lat="45.6826456" lon="7.0046518">
        <ele>1835</ele>
      </trkpt>
      <trkpt lat="45.6826381" lon="7.0046021">
        <ele>1836</ele>
      </trkpt>
      <trkpt lat="45.6826284" lon="7.0045687">
        <ele>1837</ele>
      </trkpt>
      <trkpt lat="45.6825816" lon="7.0044794">
        <ele>1838</ele>
      </trkpt>
      <trkpt lat="45.6825115" lon="7.0043962">
        <ele>1839</ele>
      </trkpt>
      <trkpt lat="45.6824943" lon="7.0043947">
        <ele>1840</ele>
      </trkpt>
      <trkpt lat="45.6824604" lon="7.0043763">
        <ele>1841</ele>
      </trkpt>
      <trkpt lat="45.6824066" lon="7.0043566">
        <ele>1842</ele>
      </trkpt>
      <trkpt lat="45.6823818" lon="7.0043426">
        <ele>1843</ele>
      </trkpt>
      <trkpt lat="45.6823656" lon="7.0042859">
        <ele>1844</ele>
      </trkpt>
      <trkpt lat="45.6823664" lon="7.0042467">
        <ele>1844</ele>
      </trkpt>
      <trkpt lat="45.6823866" lon="7.0041632">
        <ele>1845</ele>
      </trkpt>
      <trkpt lat="45.6824199" lon="7.0040694">
        <ele>1846</ele>
      </trkpt>
      <trkpt lat="45.6823985" lon="7.0040575">
        <ele>1847</ele>
      </trkpt>
      <trkpt lat="45.6823979" lon="7.0040113">
        <ele>1848</ele>
      </trkpt>
      <trkpt lat="45.6824186" lon="7.0038882">
        <ele>1849</ele>
      </trkpt>
      <trkpt lat="45.6823561" lon="7.0038414">
        <ele>1850</ele>
      </trkpt>
      <trkpt lat="45.6823823" lon="7.0037369">
        <ele>1851</ele>
      </trkpt>
      <trkpt lat="45.6823150" lon="7.0036912">
        <ele>1852</ele>
      </trkpt>
      <trkpt lat="45.6822595" lon="7.0036979">
        <ele>1853</ele>
      </trkpt>
      <trkpt lat="45.6821996" lon="7.0036457">
        <ele>1854</ele>
      </trkpt>
      <trkpt lat="45.6820966" lon="7.0036840">
        <ele>1855</ele>
      </trkpt>
      <trkpt lat="45.6820475" lon="7.0036351">
        <ele>1856</ele>
      </trkpt>
      <trkpt lat="45.6819944" lon="7.0036369">
        <ele>1857</ele>
      </trkpt>
      <trkpt lat="45.6819567" lon="7.0035586">
        <ele>1858</ele>
      </trkpt>
      <trkpt lat="45.6819611" lon="7.0035385">
        <ele>1859</ele>
      </trkpt>
      <trkpt lat="45.6818583" lon="7.0033752">
        <ele>1860</ele>
      </trkpt>
      <trkpt lat="45.6818411" lon="7.0032899">
        <ele>1861</ele>
      </trkpt>
      <trkpt lat="45.6818487" lon="7.0031980">
        <ele>1862</ele>
      </trkpt>
      <trkpt lat="45.6818104" lon="7.0031622">
        <ele>1863</ele>
      </trkpt>
      <trkpt lat="45.6818480" lon="7.0030628">
        <ele>1864</ele>
      </trkpt>
      <trkpt lat="45.6817989" lon="7.0030352">
        <ele>1864</ele>
      </trkpt>
      <trkpt lat="45.6817823" lon="7.0030075">
        <ele>1865</ele>
      </trkpt>
      <trkpt lat="45.6817687" lon="7.0029364">
        <ele>1866</ele>
      </trkpt>
      <trkpt lat="45.6817688" lon="7.0028352">
        <ele>1867</ele>
      </trkpt>
      <trkpt lat="45.6817660" lon="7.0027293">
        <ele>1868</ele>
      </trkpt>
      <trkpt lat="45.6817443" lon="7.0026788">
        <ele>1869</ele>
      </trkpt>
      <trkpt lat="45.6817308" lon="7.0026064">
        <ele>1870</ele>
      </trkpt>
      <trkpt lat="45.6817171" lon="7.0025286">
        <ele>1871</ele>
      </trkpt>
      <trkpt lat="45.6817250" lon="7.0024365">
        <ele>1872</ele>
      </trkpt>
      <trkpt lat="45.6816976" lon="7.0022789">
        <ele>1873</ele>
      </trkpt>
      <trkpt lat="45.6816897" lon="7.0022603">
        <ele>1874</ele>
      </trkpt>
      <trkpt lat="45.6816962" lon="7.0021993">
        <ele>1875</ele>
      </trkpt>
      <trkpt lat="45.6816909" lon="7.0021644">
        <ele>1876</ele>
      </trkpt>
      <trkpt lat="45.6816709" lon="7.0019397">
        <ele>1877</ele>
      </trkpt>
      <trkpt lat="45.6816295" lon="7.0018467">
        <ele>1878</ele>
      </trkpt>
      <trkpt lat="45.6816128" lon="7.0018095">
        <ele>1879</ele>
      </trkpt>
      <trkpt lat="45.6816125" lon="7.0017420">
        <ele>1880</ele>
      </trkpt>
      <trkpt lat="45.6816224" lon="7.0016040">
        <ele>1881</ele>
      </trkpt>
      <trkpt lat="45.6816256" lon="7.0015688">
        <ele>1882</ele>
      </trkpt>
      <trkpt lat="45.6816325" lon="7.0015321">
        <ele>1883</ele>
      </trkpt>
      <trkpt lat="45.6816565" lon="7.0014989">
        <ele>1884</ele>
      </trkpt>
      <trkpt lat="45.6816761" lon="7.0014847">
        <ele>1884</ele>
      </trkpt>
      <trkpt lat="45.6816842" lon="7.0014560">
        <ele>1885</ele>
      </trkpt>
      <trkpt lat="45.6817048" lon="7.0013932">
        <ele>1886</ele>
      </trkpt>
      <trkpt lat="45.6817443" lon="7.0013796">
        <ele>1887</ele>
      </trkpt>
      <trkpt lat="45.6817878" lon="7.0013684">
        <ele>1888</ele>
      </trkpt>
      <trkpt lat="45.6817923" lon="7.0013348">
        <ele>1889</ele>
      </trkpt>
      <trkpt lat="45.6818351" lon="7.0012766">
        <ele>1890</ele>
      </trkpt>
      <trkpt lat="45.6818449" lon="7.0012277">
        <ele>1891</ele>
      </trkpt>
      <trkpt lat="45.6819154" lon="7.0011390">
        <ele>1892</ele>
      </trkpt>
      <trkpt lat="45.6819140" lon="7.0010675">
        <ele>1893</ele>
      </trkpt>
      <trkpt lat="45.6818884" lon="7.0009833">
        <ele>1894</ele>
      </trkpt>
      <trkpt lat="45.6818611" lon="7.0009145">
        <ele>1895</ele>
      </trkpt>
      <trkpt lat="45.6818103" lon="7.0007706">
        <ele>1896</ele>
      </trkpt>
      <trkpt lat="45.6818056" lon="7.0007195">
        <ele>1897</ele>
      </trkpt>
      <trkpt lat="45.6817660" lon="7.0006156">
        <ele>1898</ele>
      </trkpt>
      <trkpt lat="45.6817588" lon="7.0005295">
        <ele>1899</ele>
      </trkpt>
      <trkpt lat="45.6817506" lon="7.0004933">
        <ele>1900</ele>
      </trkpt>
      <trkpt lat="45.6817246" lon="7.0004132">
        <ele>1901</ele>
      </trkpt>
      <trkpt lat="45.6817071" lon="7.0003896">
        <ele>1902</ele>
      </trkpt>
      <trkpt lat="45.6816990" lon="7.0003021">
        <ele>1903</ele>
      </trkpt>
      <trkpt lat="45.6816764" lon="7.0002543">
        <ele>1904</ele>
      </trkpt>
      <trkpt lat="45.6816794" lon="7.0002083">
        <ele>1904</ele>
      </trkpt>
      <trkpt lat="45.6816636" lon="7.0001738">
        <ele>1905</ele>
      </trkpt>
      <trkpt lat="45.6816466" lon="7.0001218">
        <ele>1906</ele>
      </trkpt>
      <trkpt lat="45.6816379" lon="7.0000546">
        <ele>1907</ele>
      </trkpt>
      <trkpt lat="45.6816135" lon="7.0000136">
        <ele>1908</ele>
      </trkpt>
      <trkpt lat="45.6815957" lon="6.9999711">
        <ele>1909</ele>
      </trkpt>
      <trkpt lat="45.6815924" lon="6.9999455">
        <ele>1910</ele>
      </trkpt>
      <trkpt lat="45.6815775" lon="6.9999015">
        <ele>1911</ele>
      </trkpt>
      <trkpt lat="45.6815697" lon="6.9998357">
        <ele>1912</ele>
      </trkpt>
      <trkpt lat="45.6815723" lon="6.9997141">
        <ele>1913</ele>
      </trkpt>
      <trkpt lat="45.6815753" lon="6.9995088">
        <ele>1914</ele>
      </trkpt>
      <trkpt lat="45.6815774" lon="6.9994656">
        <ele>1915</ele>
      </trkpt>
      <trkpt lat="45.6815887" lon="6.9994518">
        <ele>1916</ele>
      </trkpt>
      <trkpt lat="45.6815973" lon="6.9994129">
        <ele>1917</ele>
      </trkpt>
      <trkpt lat="45.6816054" lon="6.9993370">
        <ele>1918</ele>
      </trkpt>
      <trkpt lat="45.6816132" lon="6.9991842">
        <ele>1919</ele>
      </trkpt>
      <trkpt lat="45.6816233" lon="6.9991164">
        <ele>1920</ele>
      </trkpt>
      <trkpt lat="45.6816225" lon="6.9990718">
        <ele>1921</ele>
      </trkpt>
      <trkpt lat="45.6816265" lon="6.9990299">
        <ele>1922</ele>
      </trkpt>
      <trkpt lat="45.6816298" lon="6.9990000">
        <ele>1923</ele>
      </trkpt>
      <trkpt lat="45.6816232" lon="6.9989476">
        <ele>1924</ele>
      </trkpt>
      <trkpt lat="45.6816290" lon="6.9988975">
        <ele>1924</ele>
      </trkpt>
      <trkpt lat="45.6816329" lon="6.9988542">
        <ele>1925</ele>
      </trkpt>
      <trkpt lat="45.6816397" lon="6.9987014">
        <ele>1926</ele>
      </trkpt>
      <trkpt lat="45.6816397" lon="6.9987006">
        <ele>1927</ele>
      </trkpt>
      <trkpt lat="45.6816569" lon="6.9986549">
        <ele>1928</ele>
      </trkpt>
      <trkpt lat="45.6816834" lon="6.9985500">
        <ele>1929</ele>
      </trkpt>
      <trkpt lat="45.6817190" lon="6.9984732">
        <ele>1930</ele>
      </trkpt>
      <trkpt lat="45.6817363" lon="6.9983835">
        <ele>1931</ele>
      </trkpt>
      <trkpt lat="45.6817664" lon="6.9982663">
        <ele>1932</ele>
      </trkpt>
      <trkpt lat="45.6818009" lon="6.9980761">
        <ele>1933</ele>
      </trkpt>
      <trkpt lat="45.6818458" lon="6.9979368">
        <ele>1934</ele>
      </trkpt>
      <trkpt lat="45.6818618" lon="6.9978755">
        <ele>1935</ele>
      </trkpt>
      <trkpt lat="45.6818650" lon="6.9978471">
        <ele>1936</ele>
      </trkpt>
      <trkpt lat="45.6818650" lon="6.9978200">
        <ele>1937</ele>
      </trkpt>
      <trkpt lat="45.6818385" lon="6.9976432">
        <ele>1938</ele>
      </trkpt>
      <trkpt lat="45.6818055" lon="6.9975781">
        <ele>1939</ele>
      </trkpt>
      <trkpt lat="45.6817943" lon="6.9975364">
        <ele>1940</ele>
      </trkpt>
      <trkpt lat="45.6817229" lon="6.9973750">
        <ele>1941</ele>
      </trkpt>
      <trkpt lat="45.6816794" lon="6.9972713">
        <ele>1942</ele>
      </trkpt>
      <trkpt lat="45.6816215" lon="6.9971505">
        <ele>1943</ele>
      </trkpt>
      <trkpt lat="45.6815499" lon="6.9970059">
        <ele>1944</ele>
      </trkpt>
      <trkpt lat="45.6815001" lon="6.9969159">
        <ele>1944</ele>
      </trkpt>
      <trkpt lat="45.6814214" lon="6.9967460">
        <ele>1945</ele>
      </trkpt>
      <trkpt lat="45.6813626" lon="6.9966833">
        <ele>1946</ele>
      </trkpt>
      <trkpt lat="45.6813332" lon="6.9966236">
        <ele>1947</ele>
      </trkpt>
      <trkpt lat="45.6812770" lon="6.9965527">
        <ele>1948</ele>
      </trkpt>
      <trkpt lat="45.6812747" lon="6.9965519">
        <ele>1949</ele>
      </trkpt>
      <trkpt lat="45.6812734" lon="6.9965481">
        <ele>1950</ele>
      </trkpt>
      <trkpt lat="45.6811984" lon="6.9964239">
        <ele>1951</ele>
      </trkpt>
      <trkpt lat="45.6811406" lon="6.9963112">
        <ele>1952</ele>
      </trkpt>
      <trkpt lat="45.6811383" lon="6.9962870">
        <ele>1953</ele>
      </trkpt>
      <trkpt lat="45.6810567" lon="6.9961671">
        <ele>1954</ele>
      </trkpt>
      <trkpt lat="45.6810026" lon="6.9960503">
        <ele>1955</ele>
      </trkpt>
      <trkpt lat="45.6809090" lon="6.9958626">
        <ele>1956</ele>
      </trkpt>
      <trkpt lat="45.6808598" lon="6.9957591">
        <ele>1957</ele>
      </trkpt>
      <trkpt lat="45.6808176" lon="6.9956702">
        <ele>1958</ele>
      </trkpt>
      <trkpt lat="45.6807928" lon="6.9956022">
        <ele>1959</ele>
      </trkpt>
      <trkpt lat="45.6807585" lon="6.9955400">
        <ele>1960</ele>
      </trkpt>
      <trkpt lat="45.6807413" lon="6.9954731">
        <ele>1961</ele>
      </trkpt>
      <trkpt lat="45.6807257" lon="6.9953954">
        <ele>1962</ele>
      </trkpt>
      <trkpt lat="45.6807030" lon="6.9953382">
        <ele>1963</ele>
      </trkpt>
      <trkpt lat="45.6806715" lon="6.9952165">
        <ele>1964</ele>
      </trkpt>
      <trkpt lat="45.6806386" lon="6.9951610">
        <ele>1964</ele>
      </trkpt>
      <trkpt lat="45.6806238" lon="6.9951264">
        <ele>1965</ele>
      </trkpt>
      <trkpt lat="45.6805931" lon="6.9950465">
        <ele>1966</ele>
      </trkpt>
      <trkpt lat="45.6805668" lon="6.9949489">
        <ele>1967</ele>
      </trkpt>
      <trkpt lat="45.6805454" lon="6.9948660">
        <ele>1968</ele>
      </trkpt>
      <trkpt lat="45.6805505" lon="6.9947754">
        <ele>1969</ele>
      </trkpt>
      <trkpt lat="45.6805695" lon="6.9946762">
        <ele>1970</ele>
      </trkpt>
      <trkpt lat="45.6805809" lon="6.9946204">
        <ele>1971</ele>
      </trkpt>
      <trkpt lat="45.6806178" lon="6.9944626">
        <ele>1972</ele>
      </trkpt>
      <trkpt lat="45.6806375" lon="6.9943140">
        <ele>1973</ele>
      </trkpt>
      <trkpt lat="45.6806475" lon="6.9942710">
        <ele>1974</ele>
      </trkpt>
      <trkpt lat="45.6806461" lon="6.9942409">
        <ele>1975</ele>
      </trkpt>
      <trkpt lat="45.6806247" lon="6.9941566">
        <ele>1976</ele>
      </trkpt>
      <trkpt lat="45.6806023" lon="6.9940933">
        <ele>1977</ele>
      </trkpt>
      <trkpt lat="45.6805847" lon="6.9940602">
        <ele>1978</ele>
      </trkpt>
      <trkpt lat="45.6805711" lon="6.9940391">
        <ele>1979</ele>
      </trkpt>
      <trkpt lat="45.6805377" lon="6.9940241">
        <ele>1980</ele>
      </trkpt>
      <trkpt lat="45.6805130" lon="6.9940182">
        <ele>1981</ele>
      </trkpt>
      <trkpt lat="45.6805032" lon="6.9939956">
        <ele>1982</ele>
      </trkpt>
      <trkpt lat="45.6805001" lon="6.9939795">
        <ele>1983</ele>
      </trkpt>
      <trkpt lat="45.6804819" lon="6.9939667">
        <ele>1984</ele>
      </trkpt>
      <trkpt lat="45.6804644" lon="6.9939430">
        <ele>1984</ele>
      </trkpt>
      <trkpt lat="45.6804517" lon="6.9939205">
        <ele>1985</ele>
      </trkpt>
      <trkpt lat="45.6804363" lon="6.9939049">
        <ele>1986</ele>
      </trkpt>
      <trkpt lat="45.6804059" lon="6.9938978">
        <ele>1987</ele>
      </trkpt>
      <trkpt lat="45.6803709" lon="6.9938977">
        <ele>1988</ele>
      </trkpt>
      <trkpt lat="45.6803321" lon="6.9938991">
        <ele>1989</ele>
      </trkpt>
      <trkpt lat="45.6803139" lon="6.9938822">
        <ele>1990</ele>
      </trkpt>
      <trkpt lat="45.6803126" lon="6.9938634">
        <ele>1991</ele>
      </trkpt>
      <trkpt lat="45.6802960" lon="6.9938343">
        <ele>1992</ele>
      </trkpt>
      <trkpt lat="45.6803089" lon="6.9938136">
        <ele>1993</ele>
      </trkpt>
      <trkpt lat="45.6803079" lon="6.9938136">
        <ele>1994</ele>
      </trkpt>
      <trkpt lat="45.6802981" lon="6.9937910">
        <ele>1995</ele>
      </trkpt>
      <trkpt lat="45.6802959" lon="6.9937763">
        <ele>1996</ele>
      </trkpt>
      <trkpt lat="45.6802593" lon="6.9936844">
        <ele>1997</ele>
      </trkpt>
      <trkpt lat="45.6802362" lon="6.9936070">
        <ele>1998</ele>
      </trkpt>
      <trkpt lat="45.6802279" lon="6.9935265">
        <ele>1999</ele>
      </trkpt>
      <trkpt lat="45.6801970" lon="6.9933380">
        <ele>2000</ele>
      </trkpt>
      <trkpt lat="45.6801978" lon="6.9932439">
        <ele>2001</ele>
      </trkpt>
      <trkpt lat="45.6801884" lon="6.9931909">
        <ele>2002</ele>
      </trkpt>
      <trkpt lat="45.6801719" lon="6.9931105">
        <ele>2003</ele>
      </trkpt>
      <trkpt lat="45.6801560" lon="6.9930153">
        <ele>2004</ele>
      </trkpt>
      <trkpt lat="45.6800985" lon="6.9928513">
        <ele>2004</ele>
      </trkpt>
      <trkpt lat="45.6800435" lon="6.9927359">
        <ele>2005</ele>
      </trkpt>
      <trkpt lat="45.6799497" lon="6.9925692">
        <ele>2006</ele>
      </trkpt>
      <trkpt lat="45.6798676" lon="6.9924196">
        <ele>2007</ele>
      </trkpt>
      <trkpt lat="45.6797942" lon="6.9922555">
        <ele>2008</ele>
      </trkpt>
      <trkpt lat="45.6797543" lon="6.9921922">
        <ele>2009</ele>
      </trkpt>
      <trkpt lat="45.6797170" lon="6.9921139">
        <ele>2010</ele>
      </trkpt>
      <trkpt lat="45.6796739" lon="6.9920317">
        <ele>2011</ele>
      </trkpt>
      <trkpt lat="45.6796178" lon="6.9919082">
        <ele>2012</ele>
      </trkpt>
      <trkpt lat="45.6795585" lon="6.9918671">
        <ele>2013</ele>
      </trkpt>
      <trkpt lat="45.6794616" lon="6.9917640">
        <ele>2014</ele>
      </trkpt>
      <trkpt lat="45.6794334" lon="6.9917245">
        <ele>2015</ele>
      </trkpt>
      <trkpt lat="45.6794037" lon="6.9916999">
        <ele>2016</ele>
      </trkpt>
      <trkpt lat="45.6793522" lon="6.9916775">
        <ele>2017</ele>
      </trkpt>
      <trkpt lat="45.6793031" lon="6.9916279">
        <ele>2018</ele>
      </trkpt>
      <trkpt lat="45.6792493" lon="6.9915840">
        <ele>2019</ele>
      </trkpt>
      <trkpt lat="45.6791917" lon="6.9915361">
        <ele>2020</ele>
      </trkpt>
      <trkpt lat="45.6791430" lon="6.9915108">
        <ele>2021</ele>
      </trkpt>
      <trkpt lat="45.6791245" lon="6.9914832">
        <ele>2022</ele>
      </trkpt>
      <trkpt lat="45.6790960" lon="6.9914221">
        <ele>2023</ele>
      </trkpt>
      <trkpt lat="45.6790845" lon="6.9913577">
        <ele>2024</ele>
      </trkpt>
      <trkpt lat="45.6790852" lon="6.9913467">
        <ele>2024</ele>
      </trkpt>
      <trkpt lat="45.6790845" lon="6.9913456">
        <ele>2025</ele>
      </trkpt>
      <trkpt lat="45.6790803" lon="6.9913187">
        <ele>2026</ele>
      </trkpt>
      <trkpt lat="45.6790548" lon="6.9912184">
        <ele>2027</ele>
      </trkpt>
      <trkpt lat="45.6790221" lon="6.9911845">
        <ele>2028</ele>
      </trkpt>
      <trkpt lat="45.6790042" lon="6.9911352">
        <ele>2029</ele>
      </trkpt>
      <trkpt lat="45.6789719" lon="6.9910729">
        <ele>2030</ele>
      </trkpt>
      <trkpt lat="45.6789480" lon="6.9910616">
        <ele>2031</ele>
      </trkpt>
      <trkpt lat="45.6788631" lon="6.9910242">
        <ele>2032</ele>
      </trkpt>
      <trkpt lat="45.6788142" lon="6.9909605">
        <ele>2033</ele>
      </trkpt>
      <trkpt lat="45.6787944" lon="6.9909072">
        <ele>2034</ele>
      </trkpt>
      <trkpt lat="45.6787750" lon="6.9908242">
        <ele>2035</ele>
      </trkpt>
      <trkpt lat="45.6787480" lon="6.9907982">
        <ele>2036</ele>
      </trkpt>
      <trkpt lat="45.6787228" lon="6.9907640">
        <ele>2037</ele>
      </trkpt>
      <trkpt lat="45.6786842" lon="6.9907222">
        <ele>2038</ele>
      </trkpt>
      <trkpt lat="45.6786145" lon="6.9906329">
        <ele>2039</ele>
      </trkpt>
      <trkpt lat="45.6785588" lon="6.9905310">
        <ele>2040</ele>
      </trkpt>
      <trkpt lat="45.6784842" lon="6.9904034">
        <ele>2041</ele>
      </trkpt>
      <trkpt lat="45.6783923" lon="6.9903405">
        <ele>2042</ele>
      </trkpt>
      <trkpt lat="45.6782651" lon="6.9902101">
        <ele>2043</ele>
      </trkpt>
      <trkpt lat="45.6782166" lon="6.9901714">
        <ele>2044</ele>
      </trkpt>
      <trkpt lat="45.6781924" lon="6.9901385">
        <ele>2044</ele>
      </trkpt>
      <trkpt lat="45.6781512" lon="6.9901103">
        <ele>2045</ele>
      </trkpt>
      <trkpt lat="45.6781147" lon="6.9900805">
        <ele>2046</ele>
      </trkpt>
      <trkpt lat="45.6780551" lon="6.9900260">
        <ele>2047</ele>
      </trkpt>
      <trkpt lat="45.6780279" lon="6.9899878">
        <ele>2048</ele>
      </trkpt>
      <trkpt lat="45.6779976" lon="6.9899322">
        <ele>2049</ele>
      </trkpt>
      <trkpt lat="45.6779674" lon="6.9898793">
        <ele>2050</ele>
      </trkpt>
      <trkpt lat="45.6779194" lon="6.9898432">
        <ele>2051</ele>
      </trkpt>
      <trkpt lat="45.6778246" lon="6.9898291">
        <ele>2052</ele>
      </trkpt>
      <trkpt lat="45.6778216" lon="6.9898236">
        <ele>2053</ele>
      </trkpt>
      <trkpt lat="45.6778156" lon="6.9898279">
        <ele>2054</ele>
      </trkpt>
      <trkpt lat="45.6776571" lon="6.9897579">
        <ele>2055</ele>
      </trkpt>
      <trkpt lat="45.6776225" lon="6.9897953">
        <ele>2056</ele>
      </trkpt>
      <trkpt lat="45.6775937" lon="6.9897792">
        <ele>2057</ele>
      </trkpt>
      <trkpt lat="45.6775504" lon="6.9898051">
        <ele>2058</ele>
      </trkpt>
      <trkpt lat="45.6775388" lon="6.9898218">
        <ele>2059</ele>
      </trkpt>
      <trkpt lat="45.6775248" lon="6.9898324">
        <ele>2060</ele>
      </trkpt>
      <trkpt lat="45.6775144" lon="6.9898287">
        <ele>2061</ele>
      </trkpt>
      <trkpt lat="45.6774940" lon="6.9897458">
        <ele>2062</ele>
      </trkpt>
      <trkpt lat="45.6774750" lon="6.9896898">
        <ele>2063</ele>
      </trkpt>
      <trkpt lat="45.6774601" lon="6.9896471">
        <ele>2064</ele>
      </trkpt>
      <trkpt lat="45.6774543" lon="6.9895603">
        <ele>2064</ele>
      </trkpt>
      <trkpt lat="45.6774571" lon="6.9895048">
        <ele>2065</ele>
      </trkpt>
      <trkpt lat="45.6774416" lon="6.9894291">
        <ele>2066</ele>
      </trkpt>
      <trkpt lat="45.6774418" lon="6.9894250">
        <ele>2067</ele>
      </trkpt>
      <trkpt lat="45.6774319" lon="6.9893795">
        <ele>2068</ele>
      </trkpt>
      <trkpt lat="45.6774319" lon="6.9893106">
        <ele>2069</ele>
      </trkpt>
      <trkpt lat="45.6774237" lon="6.9892955">
        <ele>2070</ele>
      </trkpt>
      <trkpt lat="45.6774004" lon="6.9892855">
        <ele>2071</ele>
      </trkpt>
      <trkpt lat="45.6773624" lon="6.9892990">
        <ele>2072</ele>
      </trkpt>
      <trkpt lat="45.6772894" lon="6.9892888">
        <ele>2073</ele>
      </trkpt>
      <trkpt lat="45.6772104" lon="6.9892785">
        <ele>2074</ele>
      </trkpt>
      <trkpt lat="45.6771753" lon="6.9892690">
        <ele>2075</ele>
      </trkpt>
      <trkpt lat="45.6771208" lon="6.9892358">
        <ele>2076</ele>
      </trkpt>
      <trkpt lat="45.6770800" lon="6.9892319">
        <ele>2077</ele>
      </trkpt>
      <trkpt lat="45.6770381" lon="6.9892138">
        <ele>2078</ele>
      </trkpt>
      <trkpt lat="45.6770097" lon="6.9891588">
        <ele>2079</ele>
      </trkpt>
      <trkpt lat="45.6770025" lon="6.9891044">
        <ele>2080</ele>
      </trkpt>
      <trkpt lat="45.6769911" lon="6.9890967">
        <ele>2081</ele>
      </trkpt>
      <trkpt lat="45.6769449" lon="6.9890566">
        <ele>2082</ele>
      </trkpt>
      <trkpt lat="45.6768885" lon="6.9890208">
        <ele>2083</ele>
      </trkpt>
      <trkpt lat="45.6768285" lon="6.9889460">
        <ele>2084</ele>
      </trkpt>
      <trkpt lat="45.6767828" lon="6.9888748">
        <ele>2085</ele>
      </trkpt>
      <trkpt lat="45.6767067" lon="6.9887702">
        <ele>2085</ele>
      </trkpt>
      <trkpt lat="45.6766664" lon="6.9887392">
        <ele>2086</ele>
      </trkpt>
      <trkpt lat="45.6765961" lon="6.9886702">
        <ele>2087</ele>
      </trkpt>
      <trkpt lat="45.6765518" lon="6.9886259">
        <ele>2088</ele>
      </trkpt>
      <trkpt lat="45.6765169" lon="6.9885799">
        <ele>2089</ele>
      </trkpt>
      <trkpt lat="45.6764490" lon="6.9884798">
        <ele>2090</ele>
      </trkpt>
      <trkpt lat="45.6763902" lon="6.9884185">
        <ele>2091</ele>
      </trkpt>
      <trkpt lat="45.6763498" lon="6.9883835">
        <ele>2092</ele>
      </trkpt>
      <trkpt lat="45.6763182" lon="6.9883050">
        <ele>2093</ele>
      </trkpt>
      <trkpt lat="45.6762956" lon="6.9882626">
        <ele>2094</ele>
      </trkpt>
      <trkpt lat="45.6762878" lon="6.9881927">
        <ele>2095</ele>
      </trkpt>
      <trkpt lat="45.6762714" lon="6.9881461">
        <ele>2096</ele>
      </trkpt>
      <trkpt lat="45.6762647" lon="6.9880910">
        <ele>2097</ele>
      </trkpt>
      <trkpt lat="45.6762472" lon="6.9880619">
        <ele>2098</ele>
      </trkpt>
      <trkpt lat="45.6762345" lon="6.9880408">
        <ele>2099</ele>
      </trkpt>
      <trkpt lat="45.6762195" lon="6.9879941">
        <ele>2100</ele>
      </trkpt>
      <trkpt lat="45.6761950" lon="6.9879464">
        <ele>2101</ele>
      </trkpt>
      <trkpt lat="45.6761693" lon="6.9879405">
        <ele>2102</ele>
      </trkpt>
      <trkpt lat="45.6761516" lon="6.9879560">
        <ele>2103</ele>
      </trkpt>
      <trkpt lat="45.6761259" lon="6.9879434">
        <ele>2104</ele>
      </trkpt>
      <trkpt lat="45.6760814" lon="6.9878884">
        <ele>2105</ele>
      </trkpt>
      <trkpt lat="45.6760322" lon="6.9878196">
        <ele>2105</ele>
      </trkpt>
      <trkpt lat="45.6759611" lon="6.9877358">
        <ele>2106</ele>
      </trkpt>
      <trkpt lat="45.6759074" lon="6.9876641">
        <ele>2107</ele>
      </trkpt>
      <trkpt lat="45.6758756" lon="6.9875941">
        <ele>2108</ele>
      </trkpt>
      <trkpt lat="45.6758374" lon="6.9875705">
        <ele>2109</ele>
      </trkpt>
      <trkpt lat="45.6757935" lon="6.9875228">
        <ele>2110</ele>
      </trkpt>
      <trkpt lat="45.6757649" lon="6.9874597">
        <ele>2111</ele>
      </trkpt>
      <trkpt lat="45.6757312" lon="6.9874279">
        <ele>2112</ele>
      </trkpt>
      <trkpt lat="45.6757023" lon="6.9874154">
        <ele>2113</ele>
      </trkpt>
      <trkpt lat="45.6756592" lon="6.9873569">
        <ele>2114</ele>
      </trkpt>
      <trkpt lat="45.6756498" lon="6.9873377">
        <ele>2115</ele>
      </trkpt>
      <trkpt lat="45.6756337" lon="6.9873099">
        <ele>2116</ele>
      </trkpt>
      <trkpt lat="45.6756157" lon="6.9872782">
        <ele>2117</ele>
      </trkpt>
      <trkpt lat="45.6755887" lon="6.9872501">
        <ele>2118</ele>
      </trkpt>
      <trkpt lat="45.6755685" lon="6.9872299">
        <ele>2119</ele>
      </trkpt>
      <trkpt lat="45.6755653" lon="6.9872259">
        <ele>2120</ele>
      </trkpt>
      <trkpt lat="45.6754671" lon="6.9872830">
        <ele>2121</ele>
      </trkpt>
      <trkpt lat="45.6755515" lon="6.9871987">
        <ele>2122</ele>
      </trkpt>
      <trkpt lat="45.6756230" lon="6.9871417">
        <ele>2123</ele>
      </trkpt>
      <trkpt lat="45.6756880" lon="6.9870541">
        <ele>2124</ele>
      </trkpt>
      <trkpt lat="45.6757590" lon="6.9869985">
        <ele>2125</ele>
      </trkpt>
      <trkpt lat="45.6758533" lon="6.9869081">
        <ele>2125</ele>
      </trkpt>
      <trkpt lat="45.6760103" lon="6.9867675">
        <ele>2126</ele>
      </trkpt>
      <trkpt lat="45.6761067" lon="6.9866947">
        <ele>2127</ele>
      </trkpt>
      <trkpt lat="45.6761743" lon="6.9867101">
        <ele>2128</ele>
      </trkpt>
      <trkpt lat="45.6762997" lon="6.9867606">
        <ele>2129</ele>
      </trkpt>
      <trkpt lat="45.6764199" lon="6.9867972">
        <ele>2130</ele>
      </trkpt>
      <trkpt lat="45.6764938" lon="6.9867519">
        <ele>2131</ele>
      </trkpt>
      <trkpt lat="45.6765226" lon="6.9866578">
        <ele>2132</ele>
      </trkpt>
      <trkpt lat="45.6765485" lon="6.9863188">
        <ele>2133</ele>
      </trkpt>
      <trkpt lat="45.6765927" lon="6.9860728">
        <ele>2134</ele>
      </trkpt>
      <trkpt lat="45.6766675" lon="6.9859897">
        <ele>2135</ele>
      </trkpt>
      <trkpt lat="45.6767497" lon="6.9859415">
        <ele>2136</ele>
      </trkpt>
      <trkpt lat="45.6768055" lon="6.9859709">
        <ele>2137</ele>
      </trkpt>
      <trkpt lat="45.6768303" lon="6.9859598">
        <ele>2138</ele>
      </trkpt>
      <trkpt lat="45.6768958" lon="6.9858530">
        <ele>2139</ele>
      </trkpt>
      <trkpt lat="45.6769239" lon="6.9858429">
        <ele>2140</ele>
      </trkpt>
      <trkpt lat="45.6770226" lon="6.9857914">
        <ele>2141</ele>
      </trkpt>
      <trkpt lat="45.6770781" lon="6.9857226">
        <ele>2142</ele>
      </trkpt>
      <trkpt lat="45.6771171" lon="6.9857006">
        <ele>2143</ele>
      </trkpt>
      <trkpt lat="45.6771485" lon="6.9856312">
        <ele>2144</ele>
      </trkpt>
      <trkpt lat="45.6771570" lon="6.9855380">
        <ele>2145</ele>
      </trkpt>
      <trkpt lat="45.6772526" lon="6.9852992">
        <ele>2145</ele>
      </trkpt>
      <trkpt lat="45.6773241" lon="6.9851949">
        <ele>2146</ele>
      </trkpt>
      <trkpt lat="45.6773897" lon="6.9851591">
        <ele>2147</ele>
      </trkpt>
      <trkpt lat="45.6774434" lon="6.9851678">
        <ele>2148</ele>
      </trkpt>
      <trkpt lat="45.6774771" lon="6.9852286">
        <ele>2149</ele>
      </trkpt>
      <trkpt lat="45.6774945" lon="6.9852584">
        <ele>2150</ele>
      </trkpt>
      <trkpt lat="45.6775240" lon="6.9852389">
        <ele>2151</ele>
      </trkpt>
      <trkpt lat="45.6775549" lon="6.9852225">
        <ele>2152</ele>
      </trkpt>
      <trkpt lat="45.6775737" lon="6.9852253">
        <ele>2153</ele>
      </trkpt>
      <trkpt lat="45.6776043" lon="6.9852704">
        <ele>2154</ele>
      </trkpt>
      <trkpt lat="45.6776003" lon="6.9853221">
        <ele>2155</ele>
      </trkpt>
      <trkpt lat="45.6776013" lon="6.9853406">
        <ele>2156</ele>
      </trkpt>
      <trkpt lat="45.6776254" lon="6.9854065">
        <ele>2157</ele>
      </trkpt>
      <trkpt lat="45.6776447" lon="6.9854395">
        <ele>2158</ele>
      </trkpt>
      <trkpt lat="45.6776896" lon="6.9854450">
        <ele>2159</ele>
      </trkpt>
      <trkpt lat="45.6777264" lon="6.9854117">
        <ele>2160</ele>
      </trkpt>
      <trkpt lat="45.6778082" lon="6.9853182">
        <ele>2161</ele>
      </trkpt>
      <trkpt lat="45.6778190" lon="6.9853085">
        <ele>2162</ele>
      </trkpt>
      <trkpt lat="45.6779651" lon="6.9852594">
        <ele>2163</ele>
      </trkpt>
      <trkpt lat="45.6780270" lon="6.9852045">
        <ele>2164</ele>
      </trkpt>
      <trkpt lat="45.6780101" lon="6.9851703">
        <ele>2165</ele>
      </trkpt>
      <trkpt lat="45.6780023" lon="6.9850717">
        <ele>2165</ele>
      </trkpt>
      <trkpt lat="45.6781171" lon="6.9848817">
        <ele>2166</ele>
      </trkpt>
      <trkpt lat="45.6781671" lon="6.9848305">
        <ele>2167</ele>
      </trkpt>
      <trkpt lat="45.6782561" lon="6.9847953">
        <ele>2168</ele>
      </trkpt>
      <trkpt lat="45.6782921" lon="6.9847591">
        <ele>2169</ele>
      </trkpt>
      <trkpt lat="45.6780993" lon="6.9846847">
        <ele>2170</ele>
      </trkpt>
      <trkpt lat="45.6781070" lon="6.9846554">
        <ele>2171</ele>
      </trkpt>
      <trkpt lat="45.6781649" lon="6.9845894">
        <ele>2172</ele>
      </trkpt>
      <trkpt lat="45.6783317" lon="6.9845805">
        <ele>2173</ele>
      </trkpt>
      <trkpt lat="45.6786103" lon="6.9843235">
        <ele>2174</ele>
      </trkpt>
      <trkpt lat="45.6786894" lon="6.9843032">
        <ele>2175</ele>
      </trkpt>
      <trkpt lat="45.6787049" lon="6.9842561">
        <ele>2176</ele>
      </trkpt>
      <trkpt lat="45.6786161" lon="6.9841896">
        <ele>2177</ele>
      </trkpt>
      <trkpt lat="45.6785100" lon="6.9841760">
        <ele>2178</ele>
      </trkpt>
      <trkpt lat="45.6785332" lon="6.9841054">
        <ele>2179</ele>
      </trkpt>
      <trkpt lat="45.6788358" lon="6.9840597">
        <ele>2180</ele>
      </trkpt>
      <trkpt lat="45.6789593" lon="6.9840145">
        <ele>2181</ele>
      </trkpt>
      <trkpt lat="45.6789321" lon="6.9839719">
        <ele>2182</ele>
      </trkpt>
      <trkpt lat="45.6786639" lon="6.9837811">
        <ele>2183</ele>
      </trkpt>
      <trkpt lat="45.6783689" lon="6.9836842">
        <ele>2184</ele>
      </trkpt>
      <trkpt lat="45.6784285" lon="6.9835977">
        <ele>2185</ele>
      </trkpt>
      <trkpt lat="45.6785618" lon="6.9835348">
        <ele>2185</ele>
      </trkpt>
      <trkpt lat="45.6787402" lon="6.9834907">
        <ele>2186</ele>
      </trkpt>
      <trkpt lat="45.6788202" lon="6.9834867">
        <ele>2187</ele>
      </trkpt>
      <trkpt lat="45.6788425" lon="6.9835131">
        <ele>2188</ele>
      </trkpt>
      <trkpt lat="45.6788832" lon="6.9835088">
        <ele>2189</ele>
      </trkpt>
      <trkpt lat="45.6785875" lon="6.9832608">
        <ele>2190</ele>
      </trkpt>
      <trkpt lat="45.6785908" lon="6.9832200">
        <ele>2191</ele>
      </trkpt>
      <trkpt lat="45.6788428" lon="6.9831848">
        <ele>2192</ele>
      </trkpt>
      <trkpt lat="45.6787940" lon="6.9830761">
        <ele>2193</ele>
      </trkpt>
      <trkpt lat="45.6786462" lon="6.9830117">
        <ele>2194</ele>
      </trkpt>
      <trkpt lat="45.6786395" lon="6.9829741">
        <ele>2195</ele>
      </trkpt>
      <trkpt lat="45.6788336" lon="6.9828916">
        <ele>2196</ele>
      </trkpt>
      <trkpt lat="45.6789425" lon="6.9829458">
        <ele>2197</ele>
      </trkpt>
      <trkpt lat="45.6790360" lon="6.9830500">
        <ele>2198</ele>
      </trkpt>
      <trkpt lat="45.6790414" lon="6.9830091">
        <ele>2199</ele>
      </trkpt>
      <trkpt lat="45.6790011" lon="6.9829234">
        <ele>2200</ele>
      </trkpt>
      <trkpt lat="45.6789912" lon="6.9828220">
        <ele>2201</ele>
      </trkpt>
      <trkpt lat="45.6789300" lon="6.9825859">
        <ele>2202</ele>
      </trkpt>
      <trkpt lat="45.6788683" lon="6.9825473">
        <ele>2203</ele>
      </trkpt>
      <trkpt lat="45.6786676" lon="6.9824819">
        <ele>2204</ele>
      </trkpt>
      <trkpt lat="45.6787188" lon="6.9823871">
        <ele>2205</ele>
      </trkpt>
      <trkpt lat="45.6789035" lon="6.9822322">
        <ele>2205</ele>
      </trkpt>
      <trkpt lat="45.6789572" lon="6.9822106">
        <ele>2206</ele>
      </trkpt>
      <trkpt lat="45.6790028" lon="6.9821841">
        <ele>2207</ele>
      </trkpt>
      <trkpt lat="45.6790490" lon="6.9821878">
        <ele>2208</ele>
      </trkpt>
      <trkpt lat="45.6791072" lon="6.9822407">
        <ele>2209</ele>
      </trkpt>
      <trkpt lat="45.6791695" lon="6.9823131">
        <ele>2210</ele>
      </trkpt>
      <trkpt lat="45.6792367" lon="6.9823835">
        <ele>2211</ele>
      </trkpt>
      <trkpt lat="45.6793227" lon="6.9824551">
        <ele>2212</ele>
      </trkpt>
      <trkpt lat="45.6793786" lon="6.9824513">
        <ele>2213</ele>
      </trkpt>
      <trkpt lat="45.6794294" lon="6.9824352">
        <ele>2214</ele>
      </trkpt>
      <trkpt lat="45.6794562" lon="6.9823987">
        <ele>2215</ele>
      </trkpt>
      <trkpt lat="45.6794561" lon="6.9823937">
        <ele>2216</ele>
      </trkpt>
      <trkpt lat="45.6794648" lon="6.9823932">
        <ele>2217</ele>
      </trkpt>
      <trkpt lat="45.6794715" lon="6.9823520">
        <ele>2218</ele>
      </trkpt>
      <trkpt lat="45.6794966" lon="6.9822516">
        <ele>2219</ele>
      </trkpt>
      <trkpt lat="45.6795643" lon="6.9820515">
        <ele>2220</ele>
      </trkpt>
      <trkpt lat="45.6796356" lon="6.9817061">
        <ele>2221</ele>
      </trkpt>
      <trkpt lat="45.6796450" lon="6.9815459">
        <ele>2222</ele>
      </trkpt>
      <trkpt lat="45.6796149" lon="6.9815172">
        <ele>2223</ele>
      </trkpt>
      <trkpt lat="45.6795930" lon="6.9815446">
        <ele>2224</ele>
      </trkpt>
      <trkpt lat="45.6795645" lon="6.9815982">
        <ele>2225</ele>
      </trkpt>
      <trkpt lat="45.6795635" lon="6.9816381">
        <ele>2225</ele>
      </trkpt>
      <trkpt lat="45.6795445" lon="6.9816867">
        <ele>2226</ele>
      </trkpt>
      <trkpt lat="45.6794613" lon="6.9817714">
        <ele>2227</ele>
      </trkpt>
      <trkpt lat="45.6793685" lon="6.9818067">
        <ele>2228</ele>
      </trkpt>
      <trkpt lat="45.6793307" lon="6.9817797">
        <ele>2229</ele>
      </trkpt>
      <trkpt lat="45.6792959" lon="6.9817152">
        <ele>2230</ele>
      </trkpt>
      <trkpt lat="45.6792395" lon="6.9816231">
        <ele>2231</ele>
      </trkpt>
      <trkpt lat="45.6791868" lon="6.9815290">
        <ele>2232</ele>
      </trkpt>
      <trkpt lat="45.6791754" lon="6.9814513">
        <ele>2233</ele>
      </trkpt>
      <trkpt lat="45.6792181" lon="6.9814728">
        <ele>2234</ele>
      </trkpt>
      <trkpt lat="45.6792570" lon="6.9814892">
        <ele>2235</ele>
      </trkpt>
      <trkpt lat="45.6793096" lon="6.9815033">
        <ele>2236</ele>
      </trkpt>
      <trkpt lat="45.6793530" lon="6.9814928">
        <ele>2237</ele>
      </trkpt>
      <trkpt lat="45.6793869" lon="6.9814365">
        <ele>2238</ele>
      </trkpt>
      <trkpt lat="45.6794461" lon="6.9813367">
        <ele>2239</ele>
      </trkpt>
      <trkpt lat="45.6794468" lon="6.9813259">
        <ele>2240</ele>
      </trkpt>
      <trkpt lat="45.6794401" lon="6.9813182">
        <ele>2241</ele>
      </trkpt>
      <trkpt lat="45.6794312" lon="6.9813177">
        <ele>2242</ele>
      </trkpt>
      <trkpt lat="45.6793839" lon="6.9813203">
        <ele>2243</ele>
      </trkpt>
      <trkpt lat="45.6793571" lon="6.9813186">
        <ele>2244</ele>
      </trkpt>
      <trkpt lat="45.6793061" lon="6.9812858">
        <ele>2245</ele>
      </trkpt>
      <trkpt lat="45.6792897" lon="6.9812757">
        <ele>2245</ele>
      </trkpt>
      <trkpt lat="45.6792747" lon="6.9812398">
        <ele>2246</ele>
      </trkpt>
      <trkpt lat="45.6792894" lon="6.9812224">
        <ele>2247</ele>
      </trkpt>
      <trkpt lat="45.6793098" lon="6.9812137">
        <ele>2248</ele>
      </trkpt>
      <trkpt lat="45.6793349" lon="6.9811915">
        <ele>2249</ele>
      </trkpt>
      <trkpt lat="45.6793524" lon="6.9811615">
        <ele>2250</ele>
      </trkpt>
      <trkpt lat="45.6793750" lon="6.9811003">
        <ele>2251</ele>
      </trkpt>
      <trkpt lat="45.6793992" lon="6.9810266">
        <ele>2252</ele>
      </trkpt>
      <trkpt lat="45.6794238" lon="6.9809742">
        <ele>2253</ele>
      </trkpt>
      <trkpt lat="45.6794471" lon="6.9809192">
        <ele>2254</ele>
      </trkpt>
      <trkpt lat="45.6794831" lon="6.9809090">
        <ele>2255</ele>
      </trkpt>
      <trkpt lat="45.6795216" lon="6.9808668">
        <ele>2256</ele>
      </trkpt>
      <trkpt lat="45.6795236" lon="6.9808652">
        <ele>2257</ele>
      </trkpt>
      <trkpt lat="45.6795313" lon="6.9808366">
        <ele>2258</ele>
      </trkpt>
      <trkpt lat="45.6795423" lon="6.9807528">
        <ele>2259</ele>
      </trkpt>
      <trkpt lat="45.6795920" lon="6.9806763">
        <ele>2260</ele>
      </trkpt>
      <trkpt lat="45.6796934" lon="6.9805643">
        <ele>2261</ele>
      </trkpt>
      <trkpt lat="45.6797752" lon="6.9804726">
        <ele>2262</ele>
      </trkpt>
      <trkpt lat="45.6798338" lon="6.9804065">
        <ele>2263</ele>
      </trkpt>
      <trkpt lat="45.6799007" lon="6.9803899">
        <ele>2264</ele>
      </trkpt>
      <trkpt lat="45.6799031" lon="6.9803889">
        <ele>2265</ele>
      </trkpt>
      <trkpt lat="45.6800511" lon="6.9802063">
        <ele>2265</ele>
      </trkpt>
      <trkpt lat="45.6801607" lon="6.9800016">
        <ele>2266</ele>
      </trkpt>
      <trkpt lat="45.6802088" lon="6.9799426">
        <ele>2267</ele>
      </trkpt>
      <trkpt lat="45.6802424" lon="6.9798686">
        <ele>2268</ele>
      </trkpt>
      <trkpt lat="45.6802807" lon="6.9797819">
        <ele>2269</ele>
      </trkpt>
      <trkpt lat="45.6803082" lon="6.9796495">
        <ele>2270</ele>
      </trkpt>
      <trkpt lat="45.6803103" lon="6.9795535">
        <ele>2271</ele>
      </trkpt>
      <trkpt lat="45.6803033" lon="6.9794405">
        <ele>2272</ele>
      </trkpt>
      <trkpt lat="45.6803397" lon="6.9792788">
        <ele>2273</ele>
      </trkpt>
      <trkpt lat="45.6803044" lon="6.9788315">
        <ele>2274</ele>
      </trkpt>
      <trkpt lat="45.6802903" lon="6.9786765">
        <ele>2275</ele>
      </trkpt>
      <trkpt lat="45.6802481" lon="6.9787118">
        <ele>2276</ele>
      </trkpt>
      <trkpt lat="45.6800422" lon="6.9792344">
        <ele>2277</ele>
      </trkpt>
      <trkpt lat="45.6799862" lon="6.9792702">
        <ele>2278</ele>
      </trkpt>
      <trkpt lat="45.6800004" lon="6.9789828">
        <ele>2279</ele>
      </trkpt>
      <trkpt lat="45.6800044" lon="6.9781390">
        <ele>2280</ele>
      </trkpt>
      <trkpt lat="45.6798463" lon="6.9781824">
        <ele>2281</ele>
      </trkpt>
      <trkpt lat="45.6797454" lon="6.9781250">
        <ele>2282</ele>
      </trkpt>
      <trkpt lat="45.6796545" lon="6.9780400">
        <ele>2283</ele>
      </trkpt>
      <trkpt lat="45.6795970" lon="6.9780122">
        <ele>2284</ele>
      </trkpt>
      <trkpt lat="45.6794994" lon="6.9779180">
        <ele>2285</ele>
      </trkpt>
      <trkpt lat="45.6794377" lon="6.9777737">
        <ele>2285</ele>
      </trkpt>
      <trkpt lat="45.6794147" lon="6.9776697">
        <ele>2286</ele>
      </trkpt>
      <trkpt lat="45.6793551" lon="6.9774693">
        <ele>2287</ele>
      </trkpt>
      <trkpt lat="45.6793192" lon="6.9772716">
        <ele>2288</ele>
      </trkpt>
      <trkpt lat="45.6793084" lon="6.9771512">
        <ele>2289</ele>
      </trkpt>
      <trkpt lat="45.6792873" lon="6.9770827">
        <ele>2290</ele>
      </trkpt>
      <trkpt lat="45.6792694" lon="6.9770707">
        <ele>2291</ele>
      </trkpt>
      <trkpt lat="45.6792500" lon="6.9770807">
        <ele>2292</ele>
      </trkpt>
      <trkpt lat="45.6792184" lon="6.9770623">
        <ele>2293</ele>
      </trkpt>
      <trkpt lat="45.6791725" lon="6.9770744">
        <ele>2294</ele>
      </trkpt>
      <trkpt lat="45.6791184" lon="6.9770390">
        <ele>2295</ele>
      </trkpt>
      <trkpt lat="45.6790715" lon="6.9769963">
        <ele>2296</ele>
      </trkpt>
      <trkpt lat="45.6790272" lon="6.9769553">
        <ele>2297</ele>
      </trkpt>
      <trkpt lat="45.6789566" lon="6.9769081">
        <ele>2298</ele>
      </trkpt>
      <trkpt lat="45.6788305" lon="6.9768895">
        <ele>2299</ele>
      </trkpt>
      <trkpt lat="45.6788202" lon="6.9768892">
        <ele>2300</ele>
      </trkpt>
      <trkpt lat="45.6783980" lon="6.9771457">
        <ele>2301</ele>
      </trkpt>
      <trkpt lat="45.6783969" lon="6.9771456">
        <ele>2302</ele>
      </trkpt>
      <trkpt lat="45.6783780" lon="6.9771352">
        <ele>2303</ele>
      </trkpt>
      <trkpt lat="45.6783673" lon="6.9771276">
        <ele>2304</ele>
      </trkpt>
      <trkpt lat="45.6783578" lon="6.9771213">
        <ele>2305</ele>
      </trkpt>
      <trkpt lat="45.6783452" lon="6.9771257">
        <ele>2305</ele>
      </trkpt>
      <trkpt lat="45.6783387" lon="6.9771286">
        <ele>2306</ele>
      </trkpt>
      <trkpt lat="45.6783266" lon="6.9771216">
        <ele>2307</ele>
      </trkpt>
      <trkpt lat="45.6783198" lon="6.9771022">
        <ele>2308</ele>
      </trkpt>
      <trkpt lat="45.6783171" lon="6.9770721">
        <ele>2309</ele>
      </trkpt>
      <trkpt lat="45.6783146" lon="6.9770367">
        <ele>2310</ele>
      </trkpt>
      <trkpt lat="45.6783208" lon="6.9770005">
        <ele>2311</ele>
      </trkpt>
      <trkpt lat="45.6783309" lon="6.9769522">
        <ele>2312</ele>
      </trkpt>
      <trkpt lat="45.6783377" lon="6.9769333">
        <ele>2313</ele>
      </trkpt>
      <trkpt lat="45.6783485" lon="6.9768725">
        <ele>2314</ele>
      </trkpt>
      <trkpt lat="45.6783579" lon="6.9768246">
        <ele>2315</ele>
      </trkpt>
      <trkpt lat="45.6783638" lon="6.9767915">
        <ele>2316</ele>
      </trkpt>
      <trkpt lat="45.6783646" lon="6.9767480">
        <ele>2317</ele>
      </trkpt>
      <trkpt lat="45.6783592" lon="6.9767237">
        <ele>2318</ele>
      </trkpt>
      <trkpt lat="45.6783533" lon="6.9766933">
        <ele>2319</ele>
      </trkpt>
      <trkpt lat="45.6783400" lon="6.9766775">
        <ele>2320</ele>
      </trkpt>
      <trkpt lat="45.6783390" lon="6.9766774">
        <ele>2321</ele>
      </trkpt>
      <trkpt lat="45.6783195" lon="6.9766683">
        <ele>2322</ele>
      </trkpt>
      <trkpt lat="45.6782535" lon="6.9765987">
        <ele>2323</ele>
      </trkpt>
      <trkpt lat="45.6782014" lon="6.9765376">
        <ele>2324</ele>
      </trkpt>
      <trkpt lat="45.6781868" lon="6.9764875">
        <ele>2325</ele>
      </trkpt>
      <trkpt lat="45.6781785" lon="6.9764407">
        <ele>2325</ele>
      </trkpt>
      <trkpt lat="45.6781790" lon="6.9763998">
        <ele>2326</ele>
      </trkpt>
      <trkpt lat="45.6781859" lon="6.9763631">
        <ele>2327</ele>
      </trkpt>
      <trkpt lat="45.6782071" lon="6.9762927">
        <ele>2328</ele>
      </trkpt>
      <trkpt lat="45.6782377" lon="6.9760658">
        <ele>2329</ele>
      </trkpt>
      <trkpt lat="45.6782358" lon="6.9760189">
        <ele>2330</ele>
      </trkpt>
      <trkpt lat="45.6782409" lon="6.9759530">
        <ele>2331</ele>
      </trkpt>
      <trkpt lat="45.6782425" lon="6.9759041">
        <ele>2332</ele>
      </trkpt>
      <trkpt lat="45.6782555" lon="6.9758697">
        <ele>2333</ele>
      </trkpt>
      <trkpt lat="45.6782529" lon="6.9758224">
        <ele>2334</ele>
      </trkpt>
      <trkpt lat="45.6782429" lon="6.9757881">
        <ele>2335</ele>
      </trkpt>
      <trkpt lat="45.6782407" lon="6.9757669">
        <ele>2336</ele>
      </trkpt>
      <trkpt lat="45.6782337" lon="6.9757219">
        <ele>2337</ele>
      </trkpt>
      <trkpt lat="45.6782251" lon="6.9756964">
        <ele>2338</ele>
      </trkpt>
      <trkpt lat="45.6782011" lon="6.9756404">
        <ele>2339</ele>
      </trkpt>
      <trkpt lat="45.6781799" lon="6.9755728">
        <ele>2340</ele>
      </trkpt>
      <trkpt lat="45.6781577" lon="6.9755114">
        <ele>2341</ele>
      </trkpt>
      <trkpt lat="45.6781141" lon="6.9754437">
        <ele>2342</ele>
      </trkpt>
      <trkpt lat="45.6781113" lon="6.9754377">
        <ele>2343</ele>
      </trkpt>
      <trkpt lat="45.6780397" lon="6.9753659">
        <ele>2344</ele>
      </trkpt>
      <trkpt lat="45.6780340" lon="6.9753387">
        <ele>2345</ele>
      </trkpt>
      <trkpt lat="45.6780270" lon="6.9752972">
        <ele>2345</ele>
      </trkpt>
      <trkpt lat="45.6780173" lon="6.9752753">
        <ele>2346</ele>
      </trkpt>
      <trkpt lat="45.6780082" lon="6.9752561">
        <ele>2347</ele>
      </trkpt>
      <trkpt lat="45.6779997" lon="6.9752298">
        <ele>2348</ele>
      </trkpt>
      <trkpt lat="45.6779980" lon="6.9752050">
        <ele>2349</ele>
      </trkpt>
      <trkpt lat="45.6780033" lon="6.9751866">
        <ele>2350</ele>
      </trkpt>
      <trkpt lat="45.6780089" lon="6.9751855">
        <ele>2351</ele>
      </trkpt>
      <trkpt lat="45.6780232" lon="6.9751858">
        <ele>2352</ele>
      </trkpt>
      <trkpt lat="45.6780480" lon="6.9751796">
        <ele>2353</ele>
      </trkpt>
      <trkpt lat="45.6780790" lon="6.9751723">
        <ele>2354</ele>
      </trkpt>
      <trkpt lat="45.6781042" lon="6.9751554">
        <ele>2355</ele>
      </trkpt>
      <trkpt lat="45.6781325" lon="6.9751289">
        <ele>2356</ele>
      </trkpt>
      <trkpt lat="45.6781342" lon="6.9751268">
        <ele>2357</ele>
      </trkpt>
      <trkpt lat="45.6781440" lon="6.9751157">
        <ele>2358</ele>
      </trkpt>
      <trkpt lat="45.6781451" lon="6.9751086">
        <ele>2359</ele>
      </trkpt>
      <trkpt lat="45.6781431" lon="6.9750989">
        <ele>2360</ele>
      </trkpt>
      <trkpt lat="45.6781348" lon="6.9750912">
        <ele>2361</ele>
      </trkpt>
      <trkpt lat="45.6781214" lon="6.9750695">
        <ele>2362</ele>
      </trkpt>
      <trkpt lat="45.6781200" lon="6.9750651">
        <ele>2363</ele>
      </trkpt>
      <trkpt lat="45.6781210" lon="6.9750482">
        <ele>2364</ele>
      </trkpt>
      <trkpt lat="45.6781245" lon="6.9750356">
        <ele>2365</ele>
      </trkpt>
      <trkpt lat="45.6781436" lon="6.9750260">
        <ele>2365</ele>
      </trkpt>
      <trkpt lat="45.6781722" lon="6.9750311">
        <ele>2366</ele>
      </trkpt>
      <trkpt lat="45.6782016" lon="6.9750284">
        <ele>2367</ele>
      </trkpt>
      <trkpt lat="45.6782251" lon="6.9750204">
        <ele>2368</ele>
      </trkpt>
      <trkpt lat="45.6782298" lon="6.9750061">
        <ele>2369</ele>
      </trkpt>
      <trkpt lat="45.6782313" lon="6.9749847">
        <ele>2370</ele>
      </trkpt>
      <trkpt lat="45.6782261" lon="6.9749360">
        <ele>2371</ele>
      </trkpt>
      <trkpt lat="45.6782261" lon="6.9749349">
        <ele>2372</ele>
      </trkpt>
      <trkpt lat="45.6782540" lon="6.9748718">
        <ele>2373</ele>
      </trkpt>
      <trkpt lat="45.6782722" lon="6.9748583">
        <ele>2374</ele>
      </trkpt>
      <trkpt lat="45.6782759" lon="6.9748303">
        <ele>2375</ele>
      </trkpt>
      <trkpt lat="45.6782701" lon="6.9747843">
        <ele>2376</ele>
      </trkpt>
      <trkpt lat="45.6782629" lon="6.9747268">
        <ele>2377</ele>
      </trkpt>
      <trkpt lat="45.6782469" lon="6.9746706">
        <ele>2378</ele>
      </trkpt>
      <trkpt lat="45.6782270" lon="6.9746273">
        <ele>2379</ele>
      </trkpt>
      <trkpt lat="45.6781968" lon="6.9745716">
        <ele>2380</ele>
      </trkpt>
      <trkpt lat="45.6781626" lon="6.9745062">
        <ele>2381</ele>
      </trkpt>
      <trkpt lat="45.6781461" lon="6.9744881">
        <ele>2382</ele>
      </trkpt>
      <trkpt lat="45.6781233" lon="6.9744650">
        <ele>2383</ele>
      </trkpt>
      <trkpt lat="45.6780982" lon="6.9744206">
        <ele>2384</ele>
      </trkpt>
      <trkpt lat="45.6780795" lon="6.9743830">
        <ele>2385</ele>
      </trkpt>
      <trkpt lat="45.6780371" lon="6.9743117">
        <ele>2385</ele>
      </trkpt>
      <trkpt lat="45.6780088" lon="6.9742248">
        <ele>2386</ele>
      </trkpt>
      <trkpt lat="45.6779934" lon="6.9741641">
        <ele>2387</ele>
      </trkpt>
      <trkpt lat="45.6779627" lon="6.9740817">
        <ele>2388</ele>
      </trkpt>
      <trkpt lat="45.6779310" lon="6.9739813">
        <ele>2389</ele>
      </trkpt>
      <trkpt lat="45.6778784" lon="6.9739122">
        <ele>2390</ele>
      </trkpt>
      <trkpt lat="45.6778476" lon="6.9737583">
        <ele>2391</ele>
      </trkpt>
      <trkpt lat="45.6777971" lon="6.9736435">
        <ele>2392</ele>
      </trkpt>
      <trkpt lat="45.6778103" lon="6.9733188">
        <ele>2393</ele>
      </trkpt>
      <trkpt lat="45.6777990" lon="6.9731245">
        <ele>2394</ele>
      </trkpt>
      <trkpt lat="45.6777085" lon="6.9730339">
        <ele>2395</ele>
      </trkpt>
      <trkpt lat="45.6776988" lon="6.9729950">
        <ele>2396</ele>
      </trkpt>
      <trkpt lat="45.6776786" lon="6.9726935">
        <ele>2397</ele>
      </trkpt>
      <trkpt lat="45.6776447" lon="6.9725947">
        <ele>2398</ele>
      </trkpt>
      <trkpt lat="45.6776076" lon="6.9722560">
        <ele>2399</ele>
      </trkpt>
      <trkpt lat="45.6775569" lon="6.9721884">
        <ele>2400</ele>
      </trkpt>
      <trkpt lat="45.6775592" lon="6.9720332">
        <ele>2401</ele>
      </trkpt>
      <trkpt lat="45.6774680" lon="6.9719501">
        <ele>2402</ele>
      </trkpt>
      <trkpt lat="45.6774288" lon="6.9718002">
        <ele>2403</ele>
      </trkpt>
      <trkpt lat="45.6773742" lon="6.9717569">
        <ele>2404</ele>
      </trkpt>
      <trkpt lat="45.6773305" lon="6.9716386">
        <ele>2405</ele>
      </trkpt>
      <trkpt lat="45.6773281" lon="6.9715477">
        <ele>2406</ele>
      </trkpt>
      <trkpt lat="45.6772848" lon="6.9714089">
        <ele>2406</ele>
      </trkpt>
      <trkpt lat="45.6772003" lon="6.9713488">
        <ele>2407</ele>
      </trkpt>
      <trkpt lat="45.6771046" lon="6.9712403">
        <ele>2408</ele>
      </trkpt>
      <trkpt lat="45.6770540" lon="6.9710383">
        <ele>2409</ele>
      </trkpt>
      <trkpt lat="45.6770037" lon="6.9709932">
        <ele>2410</ele>
      </trkpt>
      <trkpt lat="45.6769214" lon="6.9707907">
        <ele>2411</ele>
      </trkpt>
      <trkpt lat="45.6768597" lon="6.9707121">
        <ele>2412</ele>
      </trkpt>
      <trkpt lat="45.6768326" lon="6.9706240">
        <ele>2413</ele>
      </trkpt>
      <trkpt lat="45.6767704" lon="6.9705488">
        <ele>2414</ele>
      </trkpt>
      <trkpt lat="45.6767619" lon="6.9705280">
        <ele>2415</ele>
      </trkpt>
      <trkpt lat="45.6767512" lon="6.9705212">
        <ele>2416</ele>
      </trkpt>
      <trkpt lat="45.6767128" lon="6.9704813">
        <ele>2417</ele>
      </trkpt>
      <trkpt lat="45.6766968" lon="6.9704574">
        <ele>2418</ele>
      </trkpt>
      <trkpt lat="45.6766890" lon="6.9704395">
        <ele>2419</ele>
      </trkpt>
      <trkpt lat="45.6766840" lon="6.9704219">
        <ele>2420</ele>
      </trkpt>
      <trkpt lat="45.6766773" lon="6.9704115">
        <ele>2421</ele>
      </trkpt>
      <trkpt lat="45.6766673" lon="6.9703905">
        <ele>2422</ele>
      </trkpt>
      <trkpt lat="45.6766616" lon="6.9703676">
        <ele>2423</ele>
      </trkpt>
      <trkpt lat="45.6766518" lon="6.9703405">
        <ele>2424</ele>
      </trkpt>
      <trkpt lat="45.6766347" lon="6.9702896">
        <ele>2425</ele>
      </trkpt>
      <trkpt lat="45.6766318" lon="6.9702814">
        <ele>2426</ele>
      </trkpt>
      <trkpt lat="45.6766149" lon="6.9702557">
        <ele>2426</ele>
      </trkpt>
      <trkpt lat="45.6765938" lon="6.9702495">
        <ele>2427</ele>
      </trkpt>
      <trkpt lat="45.6765453" lon="6.9701362">
        <ele>2428</ele>
      </trkpt>
      <trkpt lat="45.6765510" lon="6.9701072">
        <ele>2429</ele>
      </trkpt>
      <trkpt lat="45.6766747" lon="6.9700549">
        <ele>2430</ele>
      </trkpt>
      <trkpt lat="45.6766706" lon="6.9700042">
        <ele>2431</ele>
      </trkpt>
      <trkpt lat="45.6766972" lon="6.9699107">
        <ele>2432</ele>
      </trkpt>
      <trkpt lat="45.6766344" lon="6.9697533">
        <ele>2433</ele>
      </trkpt>
      <trkpt lat="45.6765935" lon="6.9697358">
        <ele>2434</ele>
      </trkpt>
      <trkpt lat="45.6765825" lon="6.9696673">
        <ele>2435</ele>
      </trkpt>
      <trkpt lat="45.6765903" lon="6.9695661">
        <ele>2436</ele>
      </trkpt>
      <trkpt lat="45.6766099" lon="6.9695384">
        <ele>2437</ele>
      </trkpt>
      <trkpt lat="45.6765756" lon="6.9693976">
        <ele>2438</ele>
      </trkpt>
      <trkpt lat="45.6765904" lon="6.9693028">
        <ele>2439</ele>
      </trkpt>
      <trkpt lat="45.6765424" lon="6.9692492">
        <ele>2440</ele>
      </trkpt>
      <trkpt lat="45.6764655" lon="6.9689902">
        <ele>2441</ele>
      </trkpt>
      <trkpt lat="45.6764584" lon="6.9689407">
        <ele>2442</ele>
      </trkpt>
      <trkpt lat="45.6765141" lon="6.9688393">
        <ele>2443</ele>
      </trkpt>
      <trkpt lat="45.6764048" lon="6.9687279">
        <ele>2444</ele>
      </trkpt>
      <trkpt lat="45.6764299" lon="6.9687080">
        <ele>2445</ele>
      </trkpt>
      <trkpt lat="45.6764542" lon="6.9687218">
        <ele>2446</ele>
      </trkpt>
      <trkpt lat="45.6764654" lon="6.9687638">
        <ele>2446</ele>
      </trkpt>
      <trkpt lat="45.6764953" lon="6.9687738">
        <ele>2447</ele>
      </trkpt>
      <trkpt lat="45.6765163" lon="6.9687023">
        <ele>2448</ele>
      </trkpt>
      <trkpt lat="45.6764928" lon="6.9686641">
        <ele>2449</ele>
      </trkpt>
      <trkpt lat="45.6765948" lon="6.9686457">
        <ele>2450</ele>
      </trkpt>
      <trkpt lat="45.6766778" lon="6.9685973">
        <ele>2451</ele>
      </trkpt>
      <trkpt lat="45.6765919" lon="6.9685103">
        <ele>2452</ele>
      </trkpt>
      <trkpt lat="45.6766172" lon="6.9684451">
        <ele>2453</ele>
      </trkpt>
      <trkpt lat="45.6765968" lon="6.9683965">
        <ele>2454</ele>
      </trkpt>
      <trkpt lat="45.6764186" lon="6.9683031">
        <ele>2455</ele>
      </trkpt>
      <trkpt lat="45.6764033" lon="6.9682170">
        <ele>2456</ele>
      </trkpt>
      <trkpt lat="45.6763733" lon="6.9681729">
        <ele>2457</ele>
      </trkpt>
      <trkpt lat="45.6763900" lon="6.9681217">
        <ele>2458</ele>
      </trkpt>
      <trkpt lat="45.6763618" lon="6.9680655">
        <ele>2459</ele>
      </trkpt>
      <trkpt lat="45.6763697" lon="6.9679999">
        <ele>2460</ele>
      </trkpt>
      <trkpt lat="45.6763266" lon="6.9679254">
        <ele>2461</ele>
      </trkpt>
      <trkpt lat="45.6762450" lon="6.9678373">
        <ele>2462</ele>
      </trkpt>
      <trkpt lat="45.6761443" lon="6.9677670">
        <ele>2463</ele>
      </trkpt>
      <trkpt lat="45.6761437" lon="6.9677354">
        <ele>2464</ele>
      </trkpt>
      <trkpt lat="45.6761613" lon="6.9676978">
        <ele>2465</ele>
      </trkpt>
      <trkpt lat="45.6763345" lon="6.9678553">
        <ele>2466</ele>
      </trkpt>
      <trkpt lat="45.6764080" lon="6.9678790">
        <ele>2466</ele>
      </trkpt>
      <trkpt lat="45.6764570" lon="6.9678580">
        <ele>2467</ele>
      </trkpt>
      <trkpt lat="45.6766148" lon="6.9678593">
        <ele>2468</ele>
      </trkpt>
      <trkpt lat="45.6766909" lon="6.9680606">
        <ele>2469</ele>
      </trkpt>
      <trkpt lat="45.6766504" lon="6.9681612">
        <ele>2470</ele>
      </trkpt>
      <trkpt lat="45.6766378" lon="6.9681121">
        <ele>2471</ele>
      </trkpt>
      <trkpt lat="45.6765734" lon="6.9680916">
        <ele>2472</ele>
      </trkpt>
      <trkpt lat="45.6766064" lon="6.9681572">
        <ele>2473</ele>
      </trkpt>
      <trkpt lat="45.6766943" lon="6.9682180">
        <ele>2474</ele>
      </trkpt>
      <trkpt lat="45.6767232" lon="6.9681897">
        <ele>2475</ele>
      </trkpt>
      <trkpt lat="45.6767687" lon="6.9680126">
        <ele>2476</ele>
      </trkpt>
      <trkpt lat="45.6767476" lon="6.9679079">
        <ele>2477</ele>
      </trkpt>
      <trkpt lat="45.6767633" lon="6.9678419">
        <ele>2478</ele>
      </trkpt>
      <trkpt lat="45.6767458" lon="6.9677741">
        <ele>2479</ele>
      </trkpt>
      <trkpt lat="45.6767897" lon="6.9677251">
        <ele>2480</ele>
      </trkpt>
      <trkpt lat="45.6768506" lon="6.9677253">
        <ele>2481</ele>
      </trkpt>
      <trkpt lat="45.6768873" lon="6.9676822">
        <ele>2482</ele>
      </trkpt>
      <trkpt lat="45.6768649" lon="6.9676179">
        <ele>2483</ele>
      </trkpt>
      <trkpt lat="45.6768243" lon="6.9675702">
        <ele>2484</ele>
      </trkpt>
      <trkpt lat="45.6767821" lon="6.9675544">
        <ele>2485</ele>
      </trkpt>
      <trkpt lat="45.6768283" lon="6.9675259">
        <ele>2486</ele>
      </trkpt>
      <trkpt lat="45.6768428" lon="6.9673578">
        <ele>2486</ele>
      </trkpt>
      <trkpt lat="45.6768148" lon="6.9672655">
        <ele>2487</ele>
      </trkpt>
      <trkpt lat="45.6768517" lon="6.9672442">
        <ele>2488</ele>
      </trkpt>
      <trkpt lat="45.6768375" lon="6.9671512">
        <ele>2489</ele>
      </trkpt>
      <trkpt lat="45.6767537" lon="6.9670772">
        <ele>2490</ele>
      </trkpt>
      <trkpt lat="45.6766271" lon="6.9670091">
        <ele>2491</ele>
      </trkpt>
      <trkpt lat="45.6766248" lon="6.9669844">
        <ele>2492</ele>
      </trkpt>
      <trkpt lat="45.6766575" lon="6.9669401">
        <ele>2493</ele>
      </trkpt>
      <trkpt lat="45.6767363" lon="6.9669336">
        <ele>2494</ele>
      </trkpt>
      <trkpt lat="45.6767494" lon="6.9669163">
        <ele>2495</ele>
      </trkpt>
      <trkpt lat="45.6765854" lon="6.9667465">
        <ele>2496</ele>
      </trkpt>
      <trkpt lat="45.6762355" lon="6.9666915">
        <ele>2497</ele>
      </trkpt>
      <trkpt lat="45.6761422" lon="6.9666147">
        <ele>2498</ele>
      </trkpt>
      <trkpt lat="45.6761506" lon="6.9664164">
        <ele>2499</ele>
      </trkpt>
      <trkpt lat="45.6762380" lon="6.9664558">
        <ele>2500</ele>
      </trkpt>
      <trkpt lat="45.6763042" lon="6.9666179">
        <ele>2501</ele>
      </trkpt>
      <trkpt lat="45.6763180" lon="6.9666051">
        <ele>2502</ele>
      </trkpt>
      <trkpt lat="45.6763099" lon="6.9665306">
        <ele>2503</ele>
      </trkpt>
      <trkpt lat="45.6763539" lon="6.9665863">
        <ele>2504</ele>
      </trkpt>
      <trkpt lat="45.6764797" lon="6.9666287">
        <ele>2505</ele>
      </trkpt>
      <trkpt lat="45.6765881" lon="6.9665084">
        <ele>2506</ele>
      </trkpt>
      <trkpt lat="45.6767091" lon="6.9667906">
        <ele>2506</ele>
      </trkpt>
      <trkpt lat="45.6768457" lon="6.9669887">
        <ele>2507</ele>
      </trkpt>
      <trkpt lat="45.6768856" lon="6.9671657">
        <ele>2508</ele>
      </trkpt>
      <trkpt lat="45.6769584" lon="6.9673887">
        <ele>2509</ele>
      </trkpt>
      <trkpt lat="45.6769926" lon="6.9674039">
        <ele>2510</ele>
      </trkpt>
      <trkpt lat="45.6770337" lon="6.9675431">
        <ele>2511</ele>
      </trkpt>
      <trkpt lat="45.6770715" lon="6.9675711">
        <ele>2512</ele>
      </trkpt>
      <trkpt lat="45.6770895" lon="6.9676406">
        <ele>2513</ele>
      </trkpt>
      <trkpt lat="45.6771395" lon="6.9676909">
        <ele>2514</ele>
      </trkpt>
      <trkpt lat="45.6771651" lon="6.9677948">
        <ele>2515</ele>
      </trkpt>
      <trkpt lat="45.6772045" lon="6.9678418">
        <ele>2516</ele>
      </trkpt>
      <trkpt lat="45.6772656" lon="6.9678658">
        <ele>2517</ele>
      </trkpt>
      <trkpt lat="45.6773443" lon="6.9679846">
        <ele>2518</ele>
      </trkpt>
      <trkpt lat="45.6774588" lon="6.9679974">
        <ele>2519</ele>
      </trkpt>
      <trkpt lat="45.6774896" lon="6.9679121">
        <ele>2520</ele>
      </trkpt>
      <trkpt lat="45.6775792" lon="6.9679328">
        <ele>2521</ele>
      </trkpt>
      <trkpt lat="45.6776286" lon="6.9678997">
        <ele>2522</ele>
      </trkpt>
      <trkpt lat="45.6776510" lon="6.9678243">
        <ele>2523</ele>
      </trkpt>
      <trkpt lat="45.6776377" lon="6.9676836">
        <ele>2524</ele>
      </trkpt>
      <trkpt lat="45.6776170" lon="6.9676182">
        <ele>2525</ele>
      </trkpt>
      <trkpt lat="45.6774983" lon="6.9674674">
        <ele>2526</ele>
      </trkpt>
      <trkpt lat="45.6775071" lon="6.9673145">
        <ele>2526</ele>
      </trkpt>
      <trkpt lat="45.6774750" lon="6.9672659">
        <ele>2527</ele>
      </trkpt>
      <trkpt lat="45.6774212" lon="6.9670555">
        <ele>2528</ele>
      </trkpt>
      <trkpt lat="45.6774350" lon="6.9669959">
        <ele>2529</ele>
      </trkpt>
      <trkpt lat="45.6774016" lon="6.9668935">
        <ele>2530</ele>
      </trkpt>
      <trkpt lat="45.6773837" lon="6.9667474">
        <ele>2531</ele>
      </trkpt>
      <trkpt lat="45.6774206" lon="6.9666452">
        <ele>2532</ele>
      </trkpt>
      <trkpt lat="45.6773895" lon="6.9665754">
        <ele>2533</ele>
      </trkpt>
      <trkpt lat="45.6773889" lon="6.9665196">
        <ele>2534</ele>
      </trkpt>
      <trkpt lat="45.6773026" lon="6.9663614">
        <ele>2535</ele>
      </trkpt>
      <trkpt lat="45.6773122" lon="6.9663312">
        <ele>2536</ele>
      </trkpt>
      <trkpt lat="45.6773975" lon="6.9663339">
        <ele>2537</ele>
      </trkpt>
      <trkpt lat="45.6773440" lon="6.9662170">
        <ele>2538</ele>
      </trkpt>
      <trkpt lat="45.6773252" lon="6.9661436">
        <ele>2539</ele>
      </trkpt>
      <trkpt lat="45.6773319" lon="6.9661158">
        <ele>2540</ele>
      </trkpt>
      <trkpt lat="45.6774033" lon="6.9661709">
        <ele>2541</ele>
      </trkpt>
      <trkpt lat="45.6774279" lon="6.9662573">
        <ele>2542</ele>
      </trkpt>
      <trkpt lat="45.6774637" lon="6.9663053">
        <ele>2543</ele>
      </trkpt>
      <trkpt lat="45.6774651" lon="6.9663576">
        <ele>2544</ele>
      </trkpt>
      <trkpt lat="45.6774845" lon="6.9663982">
        <ele>2545</ele>
      </trkpt>
      <trkpt lat="45.6775574" lon="6.9664610">
        <ele>2546</ele>
      </trkpt>
      <trkpt lat="45.6776097" lon="6.9664725">
        <ele>2546</ele>
      </trkpt>
      <trkpt lat="45.6776785" lon="6.9665775">
        <ele>2547</ele>
      </trkpt>
      <trkpt lat="45.6777347" lon="6.9666883">
        <ele>2548</ele>
      </trkpt>
      <trkpt lat="45.6777860" lon="6.9667371">
        <ele>2549</ele>
      </trkpt>
      <trkpt lat="45.6778541" lon="6.9667870">
        <ele>2550</ele>
      </trkpt>
      <trkpt lat="45.6778926" lon="6.9668176">
        <ele>2551</ele>
      </trkpt>
      <trkpt lat="45.6779351" lon="6.9668782">
        <ele>2552</ele>
      </trkpt>
      <trkpt lat="45.6779923" lon="6.9670138">
        <ele>2553</ele>
      </trkpt>
      <trkpt lat="45.6780417" lon="6.9670955">
        <ele>2554</ele>
      </trkpt>
      <trkpt lat="45.6781169" lon="6.9672776">
        <ele>2555</ele>
      </trkpt>
      <trkpt lat="45.6782048" lon="6.9674574">
        <ele>2556</ele>
      </trkpt>
      <trkpt lat="45.6782526" lon="6.9675551">
        <ele>2557</ele>
      </trkpt>
      <trkpt lat="45.6782865" lon="6.9676045">
        <ele>2558</ele>
      </trkpt>
      <trkpt lat="45.6783307" lon="6.9676065">
        <ele>2559</ele>
      </trkpt>
      <trkpt lat="45.6783341" lon="6.9675886">
        <ele>2560</ele>
      </trkpt>
      <trkpt lat="45.6783307" lon="6.9675372">
        <ele>2561</ele>
      </trkpt>
      <trkpt lat="45.6783296" lon="6.9674742">
        <ele>2562</ele>
      </trkpt>
      <trkpt lat="45.6783157" lon="6.9673938">
        <ele>2563</ele>
      </trkpt>
      <trkpt lat="45.6783307" lon="6.9673480">
        <ele>2564</ele>
      </trkpt>
      <trkpt lat="45.6783585" lon="6.9673594">
        <ele>2565</ele>
      </trkpt>
      <trkpt lat="45.6783971" lon="6.9674273">
        <ele>2566</ele>
      </trkpt>
      <trkpt lat="45.6784420" lon="6.9675341">
        <ele>2566</ele>
      </trkpt>
      <trkpt lat="45.6784866" lon="6.9676457">
        <ele>2567</ele>
      </trkpt>
      <trkpt lat="45.6785255" lon="6.9677331">
        <ele>2568</ele>
      </trkpt>
      <trkpt lat="45.6785826" lon="6.9678261">
        <ele>2569</ele>
      </trkpt>
      <trkpt lat="45.6786536" lon="6.9678999">
        <ele>2570</ele>
      </trkpt>
      <trkpt lat="45.6787409" lon="6.9679816">
        <ele>2571</ele>
      </trkpt>
      <trkpt lat="45.6787896" lon="6.9680598">
        <ele>2572</ele>
      </trkpt>
      <trkpt lat="45.6788301" lon="6.9681298">
        <ele>2573</ele>
      </trkpt>
      <trkpt lat="45.6788802" lon="6.9681635">
        <ele>2574</ele>
      </trkpt>
      <trkpt lat="45.6789249" lon="6.9681917">
        <ele>2575</ele>
      </trkpt>
      <trkpt lat="45.6789750" lon="6.9682121">
        <ele>2576</ele>
      </trkpt>
      <trkpt lat="45.6790644" lon="6.9682292">
        <ele>2577</ele>
      </trkpt>
      <trkpt lat="45.6791013" lon="6.9682310">
        <ele>2578</ele>
      </trkpt>
      <trkpt lat="45.6791428" lon="6.9682788">
        <ele>2579</ele>
      </trkpt>
      <trkpt lat="45.6791842" lon="6.9683306">
        <ele>2580</ele>
      </trkpt>
      <trkpt lat="45.6792144" lon="6.9683473">
        <ele>2581</ele>
      </trkpt>
      <trkpt lat="45.6792379" lon="6.9683402">
        <ele>2582</ele>
      </trkpt>
      <trkpt lat="45.6792502" lon="6.9683300">
        <ele>2583</ele>
      </trkpt>
      <trkpt lat="45.6792914" lon="6.9682690">
        <ele>2584</ele>
      </trkpt>
      <trkpt lat="45.6793302" lon="6.9682098">
        <ele>2585</ele>
      </trkpt>
      <trkpt lat="45.6793619" lon="6.9681341">
        <ele>2586</ele>
      </trkpt>
      <trkpt lat="45.6793866" lon="6.9680906">
        <ele>2586</ele>
      </trkpt>
      <trkpt lat="45.6794206" lon="6.9680542">
        <ele>2587</ele>
      </trkpt>
      <trkpt lat="45.6794716" lon="6.9680195">
        <ele>2588</ele>
      </trkpt>
      <trkpt lat="45.6795277" lon="6.9679873">
        <ele>2589</ele>
      </trkpt>
      <trkpt lat="45.6795549" lon="6.9679739">
        <ele>2590</ele>
      </trkpt>
      <trkpt lat="45.6795753" lon="6.9679584">
        <ele>2591</ele>
      </trkpt>
      <trkpt lat="45.6796808" lon="6.9678005">
        <ele>2592</ele>
      </trkpt>
      <trkpt lat="45.6796946" lon="6.9677688">
        <ele>2593</ele>
      </trkpt>
      <trkpt lat="45.6797039" lon="6.9677668">
        <ele>2594</ele>
      </trkpt>
      <trkpt lat="45.6797436" lon="6.9677938">
        <ele>2595</ele>
      </trkpt>
      <trkpt lat="45.6797538" lon="6.9678002">
        <ele>2596</ele>
      </trkpt>
      <trkpt lat="45.6797655" lon="6.9678330">
        <ele>2597</ele>
      </trkpt>
      <trkpt lat="45.6797909" lon="6.9678641">
        <ele>2598</ele>
      </trkpt>
      <trkpt lat="45.6798073" lon="6.9678732">
        <ele>2599</ele>
      </trkpt>
      <trkpt lat="45.6798193" lon="6.9678843">
        <ele>2600</ele>
      </trkpt>
      <trkpt lat="45.6798327" lon="6.9679016">
        <ele>2601</ele>
      </trkpt>
      <trkpt lat="45.6798515" lon="6.9679098">
        <ele>2602</ele>
      </trkpt>
      <trkpt lat="45.6798794" lon="6.9679053">
        <ele>2603</ele>
      </trkpt>
      <trkpt lat="45.6799181" lon="6.9678687">
        <ele>2604</ele>
      </trkpt>
      <trkpt lat="45.6799811" lon="6.9678616">
        <ele>2605</ele>
      </trkpt>
      <trkpt lat="45.6800231" lon="6.9678423">
        <ele>2606</ele>
      </trkpt>
      <trkpt lat="45.6800530" lon="6.9678439">
        <ele>2606</ele>
      </trkpt>
      <trkpt lat="45.6800715" lon="6.9678335">
        <ele>2607</ele>
      </trkpt>
      <trkpt lat="45.6800978" lon="6.9678219">
        <ele>2608</ele>
      </trkpt>
      <trkpt lat="45.6801314" lon="6.9678215">
        <ele>2609</ele>
      </trkpt>
      <trkpt lat="45.6801591" lon="6.9678054">
        <ele>2610</ele>
      </trkpt>
      <trkpt lat="45.6801837" lon="6.9677868">
        <ele>2611</ele>
      </trkpt>
      <trkpt lat="45.6801948" lon="6.9677601">
        <ele>2612</ele>
      </trkpt>
      <trkpt lat="45.6802170" lon="6.9677358">
        <ele>2613</ele>
      </trkpt>
      <trkpt lat="45.6802497" lon="6.9677169">
        <ele>2614</ele>
      </trkpt>
      <trkpt lat="45.6803069" lon="6.9676961">
        <ele>2615</ele>
      </trkpt>
      <trkpt lat="45.6803843" lon="6.9676720">
        <ele>2616</ele>
      </trkpt>
      <trkpt lat="45.6804201" lon="6.9676503">
        <ele>2617</ele>
      </trkpt>
      <trkpt lat="45.6804444" lon="6.9676547">
        <ele>2618</ele>
      </trkpt>
      <trkpt lat="45.6804695" lon="6.9676671">
        <ele>2619</ele>
      </trkpt>
      <trkpt lat="45.6805170" lon="6.9676969">
        <ele>2620</ele>
      </trkpt>
      <trkpt lat="45.6805414" lon="6.9677276">
        <ele>2621</ele>
      </trkpt>
      <trkpt lat="45.6805762" lon="6.9677539">
        <ele>2622</ele>
      </trkpt>
      <trkpt lat="45.6806220" lon="6.9677736">
        <ele>2623</ele>
      </trkpt>
      <trkpt lat="45.6806656" lon="6.9677773">
        <ele>2624</ele>
      </trkpt>
      <trkpt lat="45.6807095" lon="6.9677935">
        <ele>2625</ele>
      </trkpt>
      <trkpt lat="45.6807307" lon="6.9677963">
        <ele>2626</ele>
      </trkpt>
      <trkpt lat="45.6807763" lon="6.9677928">
        <ele>2626</ele>
      </trkpt>
      <trkpt lat="45.6808131" lon="6.9677968">
        <ele>2627</ele>
      </trkpt>
      <trkpt lat="45.6808909" lon="6.9677967">
        <ele>2628</ele>
      </trkpt>
      <trkpt lat="45.6809636" lon="6.9677887">
        <ele>2629</ele>
      </trkpt>
      <trkpt lat="45.6809641" lon="6.9677886">
        <ele>2630</ele>
      </trkpt>
      <trkpt lat="45.6809855" lon="6.9677968">
        <ele>2631</ele>
      </trkpt>
      <trkpt lat="45.6810146" lon="6.9678011">
        <ele>2632</ele>
      </trkpt>
      <trkpt lat="45.6810388" lon="6.9678313">
        <ele>2633</ele>
      </trkpt>
      <trkpt lat="45.6810870" lon="6.9678802">
        <ele>2634</ele>
      </trkpt>
      <trkpt lat="45.6811103" lon="6.9678989">
        <ele>2635</ele>
      </trkpt>
      <trkpt lat="45.6811232" lon="6.9678886">
        <ele>2636</ele>
      </trkpt>
      <trkpt lat="45.6811562" lon="6.9678493">
        <ele>2637</ele>
      </trkpt>
      <trkpt lat="45.6812039" lon="6.9677436">
        <ele>2638</ele>
      </trkpt>
      <trkpt lat="45.6812817" lon="6.9676453">
        <ele>2639</ele>
      </trkpt>
      <trkpt lat="45.6813291" lon="6.9676151">
        <ele>2640</ele>
      </trkpt>
      <trkpt lat="45.6813587" lon="6.9675981">
        <ele>2641</ele>
      </trkpt>
      <trkpt lat="45.6813637" lon="6.9675979">
        <ele>2642</ele>
      </trkpt>
      <trkpt lat="45.6813771" lon="6.9675832">
        <ele>2643</ele>
      </trkpt>
      <trkpt lat="45.6813756" lon="6.9675690">
        <ele>2644</ele>
      </trkpt>
      <trkpt lat="45.6813674" lon="6.9675613">
        <ele>2645</ele>
      </trkpt>
      <trkpt lat="45.6813455" lon="6.9675533">
        <ele>2646</ele>
      </trkpt>
      <trkpt lat="45.6813203" lon="6.9675408">
        <ele>2646</ele>
      </trkpt>
      <trkpt lat="45.6813114" lon="6.9675393">
        <ele>2647</ele>
      </trkpt>
      <trkpt lat="45.6813137" lon="6.9675367">
        <ele>2648</ele>
      </trkpt>
      <trkpt lat="45.6812907" lon="6.9675215">
        <ele>2649</ele>
      </trkpt>
      <trkpt lat="45.6812500" lon="6.9675096">
        <ele>2650</ele>
      </trkpt>
      <trkpt lat="45.6812187" lon="6.9674966">
        <ele>2651</ele>
      </trkpt>
      <trkpt lat="45.6812045" lon="6.9674704">
        <ele>2652</ele>
      </trkpt>
      <trkpt lat="45.6812061" lon="6.9674526">
        <ele>2653</ele>
      </trkpt>
      <trkpt lat="45.6812200" lon="6.9674290">
        <ele>2654</ele>
      </trkpt>
      <trkpt lat="45.6812611" lon="6.9673969">
        <ele>2655</ele>
      </trkpt>
      <trkpt lat="45.6812814" lon="6.9673824">
        <ele>2656</ele>
      </trkpt>
      <trkpt lat="45.6813174" lon="6.9673739">
        <ele>2657</ele>
      </trkpt>
      <trkpt lat="45.6813986" lon="6.9673577">
        <ele>2658</ele>
      </trkpt>
      <trkpt lat="45.6814812" lon="6.9673458">
        <ele>2659</ele>
      </trkpt>
      <trkpt lat="45.6815308" lon="6.9673484">
        <ele>2660</ele>
      </trkpt>
      <trkpt lat="45.6815913" lon="6.9673534">
        <ele>2661</ele>
      </trkpt>
      <trkpt lat="45.6816300" lon="6.9673582">
        <ele>2662</ele>
      </trkpt>
      <trkpt lat="45.6816788" lon="6.9673706">
        <ele>2663</ele>
      </trkpt>
      <trkpt lat="45.6817167" lon="6.9673692">
        <ele>2664</ele>
      </trkpt>
      <trkpt lat="45.6817458" lon="6.9673575">
        <ele>2665</ele>
      </trkpt>
      <trkpt lat="45.6817672" lon="6.9673346">
        <ele>2666</ele>
      </trkpt>
      <trkpt lat="45.6817876" lon="6.9673018">
        <ele>2666</ele>
      </trkpt>
      <trkpt lat="45.6818883" lon="6.9671382">
        <ele>2667</ele>
      </trkpt>
      <trkpt lat="45.6818960" lon="6.9671092">
        <ele>2668</ele>
      </trkpt>
      <trkpt lat="45.6819085" lon="6.9670829">
        <ele>2669</ele>
      </trkpt>
      <trkpt lat="45.6819415" lon="6.9670124">
        <ele>2670</ele>
      </trkpt>
      <trkpt lat="45.6819687" lon="6.9669661">
        <ele>2671</ele>
      </trkpt>
      <trkpt lat="45.6820030" lon="6.9669338">
        <ele>2672</ele>
      </trkpt>
      <trkpt lat="45.6820559" lon="6.9668973">
        <ele>2673</ele>
      </trkpt>
      <trkpt lat="45.6820874" lon="6.9668819">
        <ele>2674</ele>
      </trkpt>
      <trkpt lat="45.6821121" lon="6.9668712">
        <ele>2675</ele>
      </trkpt>
      <trkpt lat="45.6821244" lon="6.9668592">
        <ele>2676</ele>
      </trkpt>
      <trkpt lat="45.6821536" lon="6.9668209">
        <ele>2677</ele>
      </trkpt>
      <trkpt lat="45.6821771" lon="6.9667454">
        <ele>2678</ele>
      </trkpt>
      <trkpt lat="45.6821980" lon="6.9667033">
        <ele>2679</ele>
      </trkpt>
      <trkpt lat="45.6822290" lon="6.9666498">
        <ele>2680</ele>
      </trkpt>
      <trkpt lat="45.6822632" lon="6.9666157">
        <ele>2681</ele>
      </trkpt>
      <trkpt lat="45.6822892" lon="6.9665730">
        <ele>2682</ele>
      </trkpt>
      <trkpt lat="45.6823112" lon="6.9665136">
        <ele>2683</ele>
      </trkpt>
      <trkpt lat="45.6823449" lon="6.9664786">
        <ele>2684</ele>
      </trkpt>
      <trkpt lat="45.6823758" lon="6.9664322">
        <ele>2685</ele>
      </trkpt>
      <trkpt lat="45.6824126" lon="6.9663695">
        <ele>2686</ele>
      </trkpt>
      <trkpt lat="45.6824443" lon="6.9662964">
        <ele>2686</ele>
      </trkpt>
      <trkpt lat="45.6824687" lon="6.9661978">
        <ele>2687</ele>
      </trkpt>
      <trkpt lat="45.6824696" lon="6.9661914">
        <ele>2688</ele>
      </trkpt>
      <trkpt lat="45.6824859" lon="6.9661560">
        <ele>2689</ele>
      </trkpt>
      <trkpt lat="45.6825126" lon="6.9660968">
        <ele>2690</ele>
      </trkpt>
      <trkpt lat="45.6825522" lon="6.9660171">
        <ele>2691</ele>
      </trkpt>
      <trkpt lat="45.6825852" lon="6.9659458">
        <ele>2692</ele>
      </trkpt>
      <trkpt lat="45.6826104" lon="6.9659289">
        <ele>2693</ele>
      </trkpt>
      <trkpt lat="45.6826475" lon="6.9659098">
        <ele>2694</ele>
      </trkpt>
      <trkpt lat="45.6826711" lon="6.9658743">
        <ele>2695</ele>
      </trkpt>
      <trkpt lat="45.6827470" lon="6.9657822">
        <ele>2696</ele>
      </trkpt>
      <trkpt lat="45.6827909" lon="6.9657300">
        <ele>2697</ele>
      </trkpt>
      <trkpt lat="45.6828466" lon="6.9656765">
        <ele>2698</ele>
      </trkpt>
      <trkpt lat="45.6828910" lon="6.9656162">
        <ele>2699</ele>
      </trkpt>
      <trkpt lat="45.6829128" lon="6.9655497">
        <ele>2700</ele>
      </trkpt>
      <trkpt lat="45.6829269" lon="6.9654876">
        <ele>2701</ele>
      </trkpt>
      <trkpt lat="45.6829896" lon="6.9653703">
        <ele>2702</ele>
      </trkpt>
      <trkpt lat="45.6829896" lon="6.9653692">
        <ele>2703</ele>
      </trkpt>
      <trkpt lat="45.6830000" lon="6.9652898">
        <ele>2704</ele>
      </trkpt>
      <trkpt lat="45.6830115" lon="6.9651659">
        <ele>2705</ele>
      </trkpt>
      <trkpt lat="45.6830198" lon="6.9651001">
        <ele>2706</ele>
      </trkpt>
      <trkpt lat="45.6830410" lon="6.9650106">
        <ele>2707</ele>
      </trkpt>
      <trkpt lat="45.6831052" lon="6.9648899">
        <ele>2707</ele>
      </trkpt>
      <trkpt lat="45.6831219" lon="6.9648328">
        <ele>2708</ele>
      </trkpt>
      <trkpt lat="45.6831491" lon="6.9647874">
        <ele>2709</ele>
      </trkpt>
      <trkpt lat="45.6831916" lon="6.9647281">
        <ele>2710</ele>
      </trkpt>
      <trkpt lat="45.6832494" lon="6.9646932">
        <ele>2711</ele>
      </trkpt>
      <trkpt lat="45.6832902" lon="6.9645103">
        <ele>2712</ele>
      </trkpt>
      <trkpt lat="45.6832816" lon="6.9644739">
        <ele>2713</ele>
      </trkpt>
      <trkpt lat="45.6833329" lon="6.9643791">
        <ele>2714</ele>
      </trkpt>
      <trkpt lat="45.6833614" lon="6.9642473">
        <ele>2715</ele>
      </trkpt>
      <trkpt lat="45.6834345" lon="6.9641790">
        <ele>2716</ele>
      </trkpt>
      <trkpt lat="45.6834986" lon="6.9641575">
        <ele>2717</ele>
      </trkpt>
      <trkpt lat="45.6835478" lon="6.9640791">
        <ele>2718</ele>
      </trkpt>
      <trkpt lat="45.6835566" lon="6.9639886">
        <ele>2719</ele>
      </trkpt>
      <trkpt lat="45.6835419" lon="6.9639372">
        <ele>2720</ele>
      </trkpt>
      <trkpt lat="45.6835851" lon="6.9638285">
        <ele>2721</ele>
      </trkpt>
      <trkpt lat="45.6834433" lon="6.9635835">
        <ele>2722</ele>
      </trkpt>
      <trkpt lat="45.6834548" lon="6.9634999">
        <ele>2723</ele>
      </trkpt>
      <trkpt lat="45.6834254" lon="6.9633560">
        <ele>2724</ele>
      </trkpt>
      <trkpt lat="45.6834484" lon="6.9632967">
        <ele>2725</ele>
      </trkpt>
      <trkpt lat="45.6834304" lon="6.9632385">
        <ele>2726</ele>
      </trkpt>
      <trkpt lat="45.6834906" lon="6.9631421">
        <ele>2727</ele>
      </trkpt>
      <trkpt lat="45.6835836" lon="6.9631550">
        <ele>2727</ele>
      </trkpt>
      <trkpt lat="45.6835452" lon="6.9631009">
        <ele>2728</ele>
      </trkpt>
      <trkpt lat="45.6835882" lon="6.9630604">
        <ele>2729</ele>
      </trkpt>
      <trkpt lat="45.6835832" lon="6.9630312">
        <ele>2730</ele>
      </trkpt>
      <trkpt lat="45.6836027" lon="6.9630089">
        <ele>2731</ele>
      </trkpt>
      <trkpt lat="45.6835278" lon="6.9629721">
        <ele>2732</ele>
      </trkpt>
      <trkpt lat="45.6835204" lon="6.9629498">
        <ele>2733</ele>
      </trkpt>
      <trkpt lat="45.6835375" lon="6.9629145">
        <ele>2734</ele>
      </trkpt>
      <trkpt lat="45.6838161" lon="6.9628102">
        <ele>2735</ele>
      </trkpt>
      <trkpt lat="45.6838916" lon="6.9627325">
        <ele>2736</ele>
      </trkpt>
      <trkpt lat="45.6839256" lon="6.9627327">
        <ele>2737</ele>
      </trkpt>
      <trkpt lat="45.6839885" lon="6.9627725">
        <ele>2738</ele>
      </trkpt>
      <trkpt lat="45.6840752" lon="6.9627621">
        <ele>2739</ele>
      </trkpt>
      <trkpt lat="45.6842549" lon="6.9628813">
        <ele>2740</ele>
      </trkpt>
      <trkpt lat="45.6844590" lon="6.9629596">
        <ele>2741</ele>
      </trkpt>
      <trkpt lat="45.6844918" lon="6.9630432">
        <ele>2742</ele>
      </trkpt>
      <trkpt lat="45.6845601" lon="6.9630902">
        <ele>2743</ele>
      </trkpt>
      <trkpt lat="45.6846328" lon="6.9632487">
        <ele>2744</ele>
      </trkpt>
      <trkpt lat="45.6846821" lon="6.9632913">
        <ele>2745</ele>
      </trkpt>
      <trkpt lat="45.6846905" lon="6.9633552">
        <ele>2746</ele>
      </trkpt>
      <trkpt lat="45.6847208" lon="6.9633776">
        <ele>2747</ele>
      </trkpt>
      <trkpt lat="45.6847659" lon="6.9635155">
        <ele>2747</ele>
      </trkpt>
      <trkpt lat="45.6847450" lon="6.9633757">
        <ele>2748</ele>
      </trkpt>
      <trkpt lat="45.6847723" lon="6.9632146">
        <ele>2749</ele>
      </trkpt>
      <trkpt lat="45.6848107" lon="6.9632987">
        <ele>2750</ele>
      </trkpt>
      <trkpt lat="45.6848440" lon="6.9632529">
        <ele>2751</ele>
      </trkpt>
      <trkpt lat="45.6849343" lon="6.9634315">
        <ele>2752</ele>
      </trkpt>
      <trkpt lat="45.6850171" lon="6.9635178">
        <ele>2753</ele>
      </trkpt>
      <trkpt lat="45.6851239" lon="6.9635112">
        <ele>2754</ele>
      </trkpt>
      <trkpt lat="45.6851505" lon="6.9634759">
        <ele>2755</ele>
      </trkpt>
      <trkpt lat="45.6851235" lon="6.9633591">
        <ele>2756</ele>
      </trkpt>
      <trkpt lat="45.6850755" lon="6.9632746">
        <ele>2757</ele>
      </trkpt>
      <trkpt lat="45.6849719" lon="6.9632216">
        <ele>2758</ele>
      </trkpt>
      <trkpt lat="45.6849504" lon="6.9631895">
        <ele>2759</ele>
      </trkpt>
      <trkpt lat="45.6849485" lon="6.9631498">
        <ele>2760</ele>
      </trkpt>
      <trkpt lat="45.6848644" lon="6.9629744">
        <ele>2761</ele>
      </trkpt>
      <trkpt lat="45.6848634" lon="6.9629255">
        <ele>2762</ele>
      </trkpt>
      <trkpt lat="45.6849121" lon="6.9628763">
        <ele>2763</ele>
      </trkpt>
      <trkpt lat="45.6849606" lon="6.9628563">
        <ele>2764</ele>
      </trkpt>
      <trkpt lat="45.6850060" lon="6.9627949">
        <ele>2765</ele>
      </trkpt>
      <trkpt lat="45.6850901" lon="6.9627582">
        <ele>2766</ele>
      </trkpt>
      <trkpt lat="45.6851262" lon="6.9626901">
        <ele>2767</ele>
      </trkpt>
      <trkpt lat="45.6851232" lon="6.9626331">
        <ele>2767</ele>
      </trkpt>
      <trkpt lat="45.6851311" lon="6.9625262">
        <ele>2768</ele>
      </trkpt>
      <trkpt lat="45.6851615" lon="6.9624935">
        <ele>2769</ele>
      </trkpt>
      <trkpt lat="45.6851970" lon="6.9623995">
        <ele>2770</ele>
      </trkpt>
      <trkpt lat="45.6851945" lon="6.9623529">
        <ele>2771</ele>
      </trkpt>
      <trkpt lat="45.6852157" lon="6.9622718">
        <ele>2772</ele>
      </trkpt>
      <trkpt lat="45.6852089" lon="6.9622188">
        <ele>2773</ele>
      </trkpt>
      <trkpt lat="45.6852282" lon="6.9621749">
        <ele>2774</ele>
      </trkpt>
      <trkpt lat="45.6853520" lon="6.9620380">
        <ele>2775</ele>
      </trkpt>
      <trkpt lat="45.6854018" lon="6.9620158">
        <ele>2776</ele>
      </trkpt>
      <trkpt lat="45.6855069" lon="6.9620623">
        <ele>2777</ele>
      </trkpt>
      <trkpt lat="45.6855816" lon="6.9621388">
        <ele>2778</ele>
      </trkpt>
      <trkpt lat="45.6856107" lon="6.9623383">
        <ele>2779</ele>
      </trkpt>
      <trkpt lat="45.6856497" lon="6.9623685">
        <ele>2780</ele>
      </trkpt>
      <trkpt lat="45.6856689" lon="6.9624164">
        <ele>2781</ele>
      </trkpt>
      <trkpt lat="45.6857412" lon="6.9624393">
        <ele>2782</ele>
      </trkpt>
      <trkpt lat="45.6857984" lon="6.9625037">
        <ele>2783</ele>
      </trkpt>
      <trkpt lat="45.6859445" lon="6.9625938">
        <ele>2784</ele>
      </trkpt>
      <trkpt lat="45.6860698" lon="6.9625638">
        <ele>2785</ele>
      </trkpt>
      <trkpt lat="45.6861501" lon="6.9625712">
        <ele>2786</ele>
      </trkpt>
      <trkpt lat="45.6862204" lon="6.9626760">
        <ele>2787</ele>
      </trkpt>
      <trkpt lat="45.6863134" lon="6.9626692">
        <ele>2787</ele>
      </trkpt>
      <trkpt lat="45.6863523" lon="6.9627435">
        <ele>2788</ele>
      </trkpt>
      <trkpt lat="45.6863840" lon="6.9628693">
        <ele>2789</ele>
      </trkpt>
      <trkpt lat="45.6864466" lon="6.9628583">
        <ele>2790</ele>
      </trkpt>
      <trkpt lat="45.6864665" lon="6.9629277">
        <ele>2791</ele>
      </trkpt>
      <trkpt lat="45.6866392" lon="6.9630731">
        <ele>2792</ele>
      </trkpt>
      <trkpt lat="45.6867065" lon="6.9630758">
        <ele>2793</ele>
      </trkpt>
      <trkpt lat="45.6868284" lon="6.9631504">
        <ele>2794</ele>
      </trkpt>
      <trkpt lat="45.6868634" lon="6.9631513">
        <ele>2795</ele>
      </trkpt>
      <trkpt lat="45.6869099" lon="6.9632151">
        <ele>2796</ele>
      </trkpt>
      <trkpt lat="45.6869203" lon="6.9633554">
        <ele>2797</ele>
      </trkpt>
      <trkpt lat="45.6869535" lon="6.9634773">
        <ele>2798</ele>
      </trkpt>
      <trkpt lat="45.6869807" lon="6.9634955">
        <ele>2799</ele>
      </trkpt>
      <trkpt lat="45.6869753" lon="6.9635659">
        <ele>2800</ele>
      </trkpt>
      <trkpt lat="45.6871170" lon="6.9638053">
        <ele>2801</ele>
      </trkpt>
      <trkpt lat="45.6873230" lon="6.9638642">
        <ele>2802</ele>
      </trkpt>
      <trkpt lat="45.6874184" lon="6.9639291">
        <ele>2803</ele>
      </trkpt>
      <trkpt lat="45.6874720" lon="6.9639912">
        <ele>2804</ele>
      </trkpt>
      <trkpt lat="45.6875428" lon="6.9640248">
        <ele>2805</ele>
      </trkpt>
      <trkpt lat="45.6876434" lon="6.9640150">
        <ele>2806</ele>
      </trkpt>
      <trkpt lat="45.6878011" lon="6.9640342">
        <ele>2807</ele>
      </trkpt>
      <trkpt lat="45.6879700" lon="6.9639388">
        <ele>2807</ele>
      </trkpt>
      <trkpt lat="45.6881078" lon="6.9639444">
        <ele>2808</ele>
      </trkpt>
      <trkpt lat="45.6881324" lon="6.9639035">
        <ele>2809</ele>
      </trkpt>
      <trkpt lat="45.6881526" lon="6.9638493">
        <ele>2810</ele>
      </trkpt>
      <trkpt lat="45.6881400" lon="6.9637658">
        <ele>2811</ele>
      </trkpt>
      <trkpt lat="45.6880540" lon="6.9635522">
        <ele>2812</ele>
      </trkpt>
      <trkpt lat="45.6880631" lon="6.9635012">
        <ele>2813</ele>
      </trkpt>
      <trkpt lat="45.6881640" lon="6.9634078">
        <ele>2814</ele>
      </trkpt>
      <trkpt lat="45.6881844" lon="6.9633982">
        <ele>2815</ele>
      </trkpt>
      <trkpt lat="45.6882168" lon="6.9634024">
        <ele>2816</ele>
      </trkpt>
      <trkpt lat="45.6882554" lon="6.9634612">
        <ele>2817</ele>
      </trkpt>
      <trkpt lat="45.6882985" lon="6.9635313">
        <ele>2818</ele>
      </trkpt>
      <trkpt lat="45.6883729" lon="6.9636894">
        <ele>2819</ele>
      </trkpt>
      <trkpt lat="45.6884597" lon="6.9638400">
        <ele>2820</ele>
      </trkpt>
      <trkpt lat="45.6885017" lon="6.9638900">
        <ele>2821</ele>
      </trkpt>
      <trkpt lat="45.6885442" lon="6.9639173">
        <ele>2822</ele>
      </trkpt>
      <trkpt lat="45.6886006" lon="6.9639366">
        <ele>2823</ele>
      </trkpt>
      <trkpt lat="45.6886430" lon="6.9639413">
        <ele>2824</ele>
      </trkpt>
      <trkpt lat="45.6887337" lon="6.9639646">
        <ele>2825</ele>
      </trkpt>
      <trkpt lat="45.6888066" lon="6.9640011">
        <ele>2826</ele>
      </trkpt>
      <trkpt lat="45.6888552" lon="6.9640206">
        <ele>2827</ele>
      </trkpt>
      <trkpt lat="45.6889772" lon="6.9640224">
        <ele>2827</ele>
      </trkpt>
      <trkpt lat="45.6892362" lon="6.9640032">
        <ele>2828</ele>
      </trkpt>
      <trkpt lat="45.6893367" lon="6.9640076">
        <ele>2829</ele>
      </trkpt>
      <trkpt lat="45.6894391" lon="6.9640199">
        <ele>2830</ele>
      </trkpt>
      <trkpt lat="45.6894968" lon="6.9640080">
        <ele>2831</ele>
      </trkpt>
      <trkpt lat="45.6895362" lon="6.9639835">
        <ele>2832</ele>
      </trkpt>
      <trkpt lat="45.6895865" lon="6.9639399">
        <ele>2833</ele>
      </trkpt>
      <trkpt lat="45.6896094" lon="6.9639166">
        <ele>2834</ele>
      </trkpt>
      <trkpt lat="45.6897162" lon="6.9639553">
        <ele>2835</ele>
      </trkpt>
      <trkpt lat="45.6897630" lon="6.9639952">
        <ele>2836</ele>
      </trkpt>
      <trkpt lat="45.6898020" lon="6.9639930">
        <ele>2837</ele>
      </trkpt>
      <trkpt lat="45.6899358" lon="6.9639133">
        <ele>2838</ele>
      </trkpt>
      <trkpt lat="45.6901067" lon="6.9638515">
        <ele>2839</ele>
      </trkpt>
      <trkpt lat="45.6901383" lon="6.9638434">
        <ele>2840</ele>
      </trkpt>
      <trkpt lat="45.6901638" lon="6.9638270">
        <ele>2841</ele>
      </trkpt>
      <trkpt lat="45.6902023" lon="6.9637483">
        <ele>2842</ele>
      </trkpt>
      <trkpt lat="45.6902195" lon="6.9636641">
        <ele>2843</ele>
      </trkpt>
      <trkpt lat="45.6902260" lon="6.9636106">
        <ele>2844</ele>
      </trkpt>
      <trkpt lat="45.6902214" lon="6.9635281">
        <ele>2845</ele>
      </trkpt>
      <trkpt lat="45.6902096" lon="6.9634619">
        <ele>2846</ele>
      </trkpt>
      <trkpt lat="45.6901992" lon="6.9634037">
        <ele>2847</ele>
      </trkpt>
      <trkpt lat="45.6902102" lon="6.9633526">
        <ele>2847</ele>
      </trkpt>
      <trkpt lat="45.6902078" lon="6.9632923">
        <ele>2848</ele>
      </trkpt>
      <trkpt lat="45.6902045" lon="6.9632089">
        <ele>2849</ele>
      </trkpt>
      <trkpt lat="45.6901975" lon="6.9631952">
        <ele>2850</ele>
      </trkpt>
      <trkpt lat="45.6901979" lon="6.9631896">
        <ele>2851</ele>
      </trkpt>
      <trkpt lat="45.6901562" lon="6.9630698">
        <ele>2852</ele>
      </trkpt>
      <trkpt lat="45.6900817" lon="6.9629286">
        <ele>2853</ele>
      </trkpt>
      <trkpt lat="45.6898894" lon="6.9627316">
        <ele>2854</ele>
      </trkpt>
      <trkpt lat="45.6897735" lon="6.9626200">
        <ele>2855</ele>
      </trkpt>
      <trkpt lat="45.6897349" lon="6.9624660">
        <ele>2856</ele>
      </trkpt>
      <trkpt lat="45.6896887" lon="6.9621468">
        <ele>2857</ele>
      </trkpt>
    </trkseg>
  </trk>
</gpx>
