<?xml version="1.0" encoding="UTF-8"?>
<gpx version="1.1" creator="sentieri-vda" xmlns="http://www.topografix.com/GPX/1/1">
  <metadata>
    <name>Collet - Lago Tzan - Sentiero verde</name>
    <desc>Catasto Sentieri VdA — 67_S31</desc>
    <author><name>Regione Autonoma Valle d'Aosta</name></author>
  </metadata>
  <trk>
    <name>Collet - Lago Tzan - Sentiero verde</name>
    <src>Catasto Sentieri VdA (67_S31)</src>
    <trkseg>
      <trkpt lat="45.8254274" lon="7.5539426">
        <ele>2251</ele>
      </trkpt>
      <trkpt lat="45.8253712" lon="7.5541551">
        <ele>2251</ele>
      </trkpt>
      <trkpt lat="45.8252990" lon="7.5543245">
        <ele>2251</ele>
      </trkpt>
      <trkpt lat="45.8252391" lon="7.5544404">
        <ele>2252</ele>
      </trkpt>
      <trkpt lat="45.8252092" lon="7.5545795">
        <ele>2252</ele>
      </trkpt>
      <trkpt lat="45.8251205" lon="7.5549115">
        <ele>2252</ele>
      </trkpt>
      <trkpt lat="45.8250713" lon="7.5551415">
        <ele>2252</ele>
      </trkpt>
      <trkpt lat="45.8249639" lon="7.5554299">
        <ele>2252</ele>
      </trkpt>
      <trkpt lat="45.8249247" lon="7.5555692">
        <ele>2252</ele>
      </trkpt>
      <trkpt lat="45.8249255" lon="7.5556692">
        <ele>2253</ele>
      </trkpt>
      <trkpt lat="45.8249371" lon="7.5558471">
        <ele>2253</ele>
      </trkpt>
      <trkpt lat="45.8248847" lon="7.5559326">
        <ele>2253</ele>
      </trkpt>
      <trkpt lat="45.8249132" lon="7.5560585">
        <ele>2253</ele>
      </trkpt>
      <trkpt lat="45.8248345" lon="7.5561549">
        <ele>2253</ele>
      </trkpt>
      <trkpt lat="45.8248759" lon="7.5563041">
        <ele>2253</ele>
      </trkpt>
      <trkpt lat="45.8247782" lon="7.5563312">
        <ele>2254</ele>
      </trkpt>
      <trkpt lat="45.8247771" lon="7.5563951">
        <ele>2254</ele>
      </trkpt>
      <trkpt lat="45.8248604" lon="7.5565100">
        <ele>2254</ele>
      </trkpt>
      <trkpt lat="45.8249286" lon="7.5566139">
        <ele>2254</ele>
      </trkpt>
      <trkpt lat="45.8249292" lon="7.5566598">
        <ele>2254</ele>
      </trkpt>
      <trkpt lat="45.8247833" lon="7.5567407">
        <ele>2254</ele>
      </trkpt>
      <trkpt lat="45.8247306" lon="7.5568298">
        <ele>2255</ele>
      </trkpt>
      <trkpt lat="45.8247923" lon="7.5568574">
        <ele>2255</ele>
      </trkpt>
      <trkpt lat="45.8248893" lon="7.5568868">
        <ele>2255</ele>
      </trkpt>
      <trkpt lat="45.8248940" lon="7.5569672">
        <ele>2255</ele>
      </trkpt>
      <trkpt lat="45.8248562" lon="7.5570612">
        <ele>2255</ele>
      </trkpt>
      <trkpt lat="45.8248594" lon="7.5570960">
        <ele>2256</ele>
      </trkpt>
      <trkpt lat="45.8248837" lon="7.5571534">
        <ele>2256</ele>
      </trkpt>
      <trkpt lat="45.8249099" lon="7.5571748">
        <ele>2256</ele>
      </trkpt>
      <trkpt lat="45.8249383" lon="7.5571740">
        <ele>2256</ele>
      </trkpt>
      <trkpt lat="45.8249705" lon="7.5571546">
        <ele>2256</ele>
      </trkpt>
      <trkpt lat="45.8250405" lon="7.5570414">
        <ele>2256</ele>
      </trkpt>
      <trkpt lat="45.8251845" lon="7.5566864">
        <ele>2257</ele>
      </trkpt>
      <trkpt lat="45.8253818" lon="7.5560530">
        <ele>2257</ele>
      </trkpt>
      <trkpt lat="45.8255659" lon="7.5554726">
        <ele>2257</ele>
      </trkpt>
      <trkpt lat="45.8257310" lon="7.5549860">
        <ele>2257</ele>
      </trkpt>
      <trkpt lat="45.8257920" lon="7.5548430">
        <ele>2257</ele>
      </trkpt>
      <trkpt lat="45.8258620" lon="7.5546810">
        <ele>2257</ele>
      </trkpt>
      <trkpt lat="45.8259860" lon="7.5545380">
        <ele>2258</ele>
      </trkpt>
      <trkpt lat="45.8260859" lon="7.5544380">
        <ele>2258</ele>
      </trkpt>
      <trkpt lat="45.8261919" lon="7.5544200">
        <ele>2258</ele>
      </trkpt>
      <trkpt lat="45.8263039" lon="7.5544660">
        <ele>2258</ele>
      </trkpt>
      <trkpt lat="45.8264022" lon="7.5546141">
        <ele>2258</ele>
      </trkpt>
      <trkpt lat="45.8264524" lon="7.5547312">
        <ele>2258</ele>
      </trkpt>
      <trkpt lat="45.8264861" lon="7.5548301">
        <ele>2259</ele>
      </trkpt>
      <trkpt lat="45.8265303" lon="7.5549868">
        <ele>2259</ele>
      </trkpt>
      <trkpt lat="45.8265434" lon="7.5551281">
        <ele>2259</ele>
      </trkpt>
      <trkpt lat="45.8265565" lon="7.5552601">
        <ele>2259</ele>
      </trkpt>
      <trkpt lat="45.8265665" lon="7.5554153">
        <ele>2259</ele>
      </trkpt>
      <trkpt lat="45.8265842" lon="7.5555309">
        <ele>2260</ele>
      </trkpt>
      <trkpt lat="45.8265834" lon="7.5557213">
        <ele>2260</ele>
      </trkpt>
      <trkpt lat="45.8265821" lon="7.5558746">
        <ele>2260</ele>
      </trkpt>
      <trkpt lat="45.8266058" lon="7.5559575">
        <ele>2260</ele>
      </trkpt>
      <trkpt lat="45.8266283" lon="7.5560684">
        <ele>2260</ele>
      </trkpt>
      <trkpt lat="45.8266425" lon="7.5561632">
        <ele>2260</ele>
      </trkpt>
      <trkpt lat="45.8266737" lon="7.5563817">
        <ele>2261</ele>
      </trkpt>
      <trkpt lat="45.8267392" lon="7.5565611">
        <ele>2261</ele>
      </trkpt>
      <trkpt lat="45.8267590" lon="7.5565775">
        <ele>2261</ele>
      </trkpt>
      <trkpt lat="45.8268016" lon="7.5566129">
        <ele>2261</ele>
      </trkpt>
      <trkpt lat="45.8269794" lon="7.5566849">
        <ele>2261</ele>
      </trkpt>
      <trkpt lat="45.8270759" lon="7.5567451">
        <ele>2261</ele>
      </trkpt>
      <trkpt lat="45.8271853" lon="7.5567979">
        <ele>2262</ele>
      </trkpt>
      <trkpt lat="45.8272860" lon="7.5568023">
        <ele>2262</ele>
      </trkpt>
      <trkpt lat="45.8274284" lon="7.5567127">
        <ele>2262</ele>
      </trkpt>
      <trkpt lat="45.8276012" lon="7.5566386">
        <ele>2262</ele>
      </trkpt>
      <trkpt lat="45.8277116" lon="7.5566497">
        <ele>2262</ele>
      </trkpt>
      <trkpt lat="45.8279418" lon="7.5566699">
        <ele>2262</ele>
      </trkpt>
      <trkpt lat="45.8280289" lon="7.5566600">
        <ele>2263</ele>
      </trkpt>
      <trkpt lat="45.8282339" lon="7.5565730">
        <ele>2263</ele>
      </trkpt>
      <trkpt lat="45.8283019" lon="7.5565310">
        <ele>2263</ele>
      </trkpt>
      <trkpt lat="45.8284109" lon="7.5564510">
        <ele>2263</ele>
      </trkpt>
      <trkpt lat="45.8285019" lon="7.5563930">
        <ele>2263</ele>
      </trkpt>
      <trkpt lat="45.8286269" lon="7.5563510">
        <ele>2264</ele>
      </trkpt>
      <trkpt lat="45.8287319" lon="7.5563150">
        <ele>2264</ele>
      </trkpt>
      <trkpt lat="45.8288759" lon="7.5562530">
        <ele>2264</ele>
      </trkpt>
      <trkpt lat="45.8289189" lon="7.5562400">
        <ele>2264</ele>
      </trkpt>
      <trkpt lat="45.8290359" lon="7.5562230">
        <ele>2264</ele>
      </trkpt>
      <trkpt lat="45.8291719" lon="7.5562150">
        <ele>2264</ele>
      </trkpt>
      <trkpt lat="45.8292989" lon="7.5562131">
        <ele>2265</ele>
      </trkpt>
      <trkpt lat="45.8294109" lon="7.5561661">
        <ele>2265</ele>
      </trkpt>
      <trkpt lat="45.8295268" lon="7.5561581">
        <ele>2265</ele>
      </trkpt>
      <trkpt lat="45.8296258" lon="7.5561481">
        <ele>2265</ele>
      </trkpt>
      <trkpt lat="45.8297308" lon="7.5561101">
        <ele>2265</ele>
      </trkpt>
      <trkpt lat="45.8298338" lon="7.5560661">
        <ele>2265</ele>
      </trkpt>
      <trkpt lat="45.8299008" lon="7.5559751">
        <ele>2266</ele>
      </trkpt>
      <trkpt lat="45.8299888" lon="7.5559481">
        <ele>2266</ele>
      </trkpt>
      <trkpt lat="45.8300868" lon="7.5559761">
        <ele>2266</ele>
      </trkpt>
      <trkpt lat="45.8301918" lon="7.5560081">
        <ele>2266</ele>
      </trkpt>
      <trkpt lat="45.8303268" lon="7.5560831">
        <ele>2266</ele>
      </trkpt>
      <trkpt lat="45.8304058" lon="7.5561651">
        <ele>2266</ele>
      </trkpt>
      <trkpt lat="45.8305108" lon="7.5562601">
        <ele>2267</ele>
      </trkpt>
      <trkpt lat="45.8306258" lon="7.5562661">
        <ele>2267</ele>
      </trkpt>
      <trkpt lat="45.8307708" lon="7.5562551">
        <ele>2267</ele>
      </trkpt>
      <trkpt lat="45.8309758" lon="7.5562031">
        <ele>2267</ele>
      </trkpt>
      <trkpt lat="45.8310838" lon="7.5561581">
        <ele>2267</ele>
      </trkpt>
      <trkpt lat="45.8311508" lon="7.5561351">
        <ele>2267</ele>
      </trkpt>
      <trkpt lat="45.8313908" lon="7.5561331">
        <ele>2268</ele>
      </trkpt>
      <trkpt lat="45.8314588" lon="7.5561281">
        <ele>2268</ele>
      </trkpt>
      <trkpt lat="45.8315668" lon="7.5561061">
        <ele>2268</ele>
      </trkpt>
      <trkpt lat="45.8316608" lon="7.5560711">
        <ele>2268</ele>
      </trkpt>
      <trkpt lat="45.8318018" lon="7.5560061">
        <ele>2268</ele>
      </trkpt>
      <trkpt lat="45.8318738" lon="7.5559731">
        <ele>2269</ele>
      </trkpt>
      <trkpt lat="45.8319788" lon="7.5558681">
        <ele>2269</ele>
      </trkpt>
      <trkpt lat="45.8320118" lon="7.5557881">
        <ele>2269</ele>
      </trkpt>
      <trkpt lat="45.8321068" lon="7.5556781">
        <ele>2269</ele>
      </trkpt>
      <trkpt lat="45.8321858" lon="7.5556401">
        <ele>2269</ele>
      </trkpt>
      <trkpt lat="45.8322638" lon="7.5555661">
        <ele>2269</ele>
      </trkpt>
      <trkpt lat="45.8323318" lon="7.5554461">
        <ele>2270</ele>
      </trkpt>
      <trkpt lat="45.8323309" lon="7.5554441">
        <ele>2270</ele>
      </trkpt>
      <trkpt lat="45.8323354" lon="7.5554425">
        <ele>2270</ele>
      </trkpt>
      <trkpt lat="45.8324755" lon="7.5552973">
        <ele>2270</ele>
      </trkpt>
      <trkpt lat="45.8325872" lon="7.5552050">
        <ele>2270</ele>
      </trkpt>
      <trkpt lat="45.8326296" lon="7.5551609">
        <ele>2270</ele>
      </trkpt>
      <trkpt lat="45.8328033" lon="7.5550032">
        <ele>2271</ele>
      </trkpt>
      <trkpt lat="45.8328432" lon="7.5549534">
        <ele>2271</ele>
      </trkpt>
      <trkpt lat="45.8329027" lon="7.5548584">
        <ele>2271</ele>
      </trkpt>
      <trkpt lat="45.8329225" lon="7.5547546">
        <ele>2271</ele>
      </trkpt>
      <trkpt lat="45.8329245" lon="7.5547422">
        <ele>2271</ele>
      </trkpt>
      <trkpt lat="45.8329330" lon="7.5546905">
        <ele>2271</ele>
      </trkpt>
      <trkpt lat="45.8329439" lon="7.5546496">
        <ele>2272</ele>
      </trkpt>
      <trkpt lat="45.8329843" lon="7.5545232">
        <ele>2272</ele>
      </trkpt>
      <trkpt lat="45.8330271" lon="7.5544466">
        <ele>2272</ele>
      </trkpt>
      <trkpt lat="45.8330431" lon="7.5544218">
        <ele>2272</ele>
      </trkpt>
      <trkpt lat="45.8330658" lon="7.5543832">
        <ele>2272</ele>
      </trkpt>
      <trkpt lat="45.8330918" lon="7.5543452">
        <ele>2273</ele>
      </trkpt>
      <trkpt lat="45.8331568" lon="7.5542412">
        <ele>2273</ele>
      </trkpt>
      <trkpt lat="45.8332168" lon="7.5541252">
        <ele>2273</ele>
      </trkpt>
      <trkpt lat="45.8332868" lon="7.5540362">
        <ele>2273</ele>
      </trkpt>
      <trkpt lat="45.8333393" lon="7.5539097">
        <ele>2273</ele>
      </trkpt>
      <trkpt lat="45.8334119" lon="7.5536176">
        <ele>2273</ele>
      </trkpt>
      <trkpt lat="45.8334773" lon="7.5534000">
        <ele>2274</ele>
      </trkpt>
      <trkpt lat="45.8334979" lon="7.5532323">
        <ele>2274</ele>
      </trkpt>
      <trkpt lat="45.8335142" lon="7.5529811">
        <ele>2274</ele>
      </trkpt>
      <trkpt lat="45.8335446" lon="7.5528236">
        <ele>2274</ele>
      </trkpt>
      <trkpt lat="45.8335837" lon="7.5527019">
        <ele>2274</ele>
      </trkpt>
      <trkpt lat="45.8335972" lon="7.5526203">
        <ele>2274</ele>
      </trkpt>
      <trkpt lat="45.8336107" lon="7.5525340">
        <ele>2275</ele>
      </trkpt>
      <trkpt lat="45.8336185" lon="7.5525147">
        <ele>2275</ele>
      </trkpt>
      <trkpt lat="45.8336926" lon="7.5523307">
        <ele>2275</ele>
      </trkpt>
      <trkpt lat="45.8337000" lon="7.5523123">
        <ele>2275</ele>
      </trkpt>
      <trkpt lat="45.8337570" lon="7.5521971">
        <ele>2275</ele>
      </trkpt>
      <trkpt lat="45.8337758" lon="7.5521052">
        <ele>2275</ele>
      </trkpt>
      <trkpt lat="45.8338018" lon="7.5519202">
        <ele>2276</ele>
      </trkpt>
      <trkpt lat="45.8338168" lon="7.5518112">
        <ele>2276</ele>
      </trkpt>
      <trkpt lat="45.8338558" lon="7.5516912">
        <ele>2276</ele>
      </trkpt>
      <trkpt lat="45.8338818" lon="7.5516332">
        <ele>2276</ele>
      </trkpt>
      <trkpt lat="45.8339208" lon="7.5515412">
        <ele>2276</ele>
      </trkpt>
      <trkpt lat="45.8339518" lon="7.5514852">
        <ele>2277</ele>
      </trkpt>
      <trkpt lat="45.8339738" lon="7.5514662">
        <ele>2277</ele>
      </trkpt>
      <trkpt lat="45.8339908" lon="7.5514483">
        <ele>2277</ele>
      </trkpt>
      <trkpt lat="45.8340232" lon="7.5513959">
        <ele>2277</ele>
      </trkpt>
      <trkpt lat="45.8340979" lon="7.5513432">
        <ele>2277</ele>
      </trkpt>
      <trkpt lat="45.8342090" lon="7.5512729">
        <ele>2277</ele>
      </trkpt>
      <trkpt lat="45.8343396" lon="7.5512069">
        <ele>2278</ele>
      </trkpt>
      <trkpt lat="45.8344238" lon="7.5511884">
        <ele>2278</ele>
      </trkpt>
      <trkpt lat="45.8347814" lon="7.5512000">
        <ele>2278</ele>
      </trkpt>
      <trkpt lat="45.8350928" lon="7.5511850">
        <ele>2278</ele>
      </trkpt>
      <trkpt lat="45.8353343" lon="7.5511602">
        <ele>2278</ele>
      </trkpt>
      <trkpt lat="45.8357006" lon="7.5511901">
        <ele>2278</ele>
      </trkpt>
      <trkpt lat="45.8360031" lon="7.5512380">
        <ele>2279</ele>
      </trkpt>
      <trkpt lat="45.8361037" lon="7.5512233">
        <ele>2279</ele>
      </trkpt>
      <trkpt lat="45.8361367" lon="7.5512183">
        <ele>2279</ele>
      </trkpt>
      <trkpt lat="45.8361737" lon="7.5512033">
        <ele>2279</ele>
      </trkpt>
      <trkpt lat="45.8361937" lon="7.5511983">
        <ele>2279</ele>
      </trkpt>
      <trkpt lat="45.8362287" lon="7.5511853">
        <ele>2279</ele>
      </trkpt>
      <trkpt lat="45.8362587" lon="7.5511753">
        <ele>2280</ele>
      </trkpt>
      <trkpt lat="45.8362937" lon="7.5511613">
        <ele>2280</ele>
      </trkpt>
      <trkpt lat="45.8363117" lon="7.5511513">
        <ele>2280</ele>
      </trkpt>
      <trkpt lat="45.8363437" lon="7.5511353">
        <ele>2280</ele>
      </trkpt>
      <trkpt lat="45.8363637" lon="7.5511313">
        <ele>2280</ele>
      </trkpt>
      <trkpt lat="45.8363817" lon="7.5511303">
        <ele>2281</ele>
      </trkpt>
      <trkpt lat="45.8364187" lon="7.5511233">
        <ele>2281</ele>
      </trkpt>
      <trkpt lat="45.8364367" lon="7.5511203">
        <ele>2281</ele>
      </trkpt>
      <trkpt lat="45.8364607" lon="7.5511203">
        <ele>2281</ele>
      </trkpt>
      <trkpt lat="45.8364987" lon="7.5511163">
        <ele>2281</ele>
      </trkpt>
      <trkpt lat="45.8365917" lon="7.5510863">
        <ele>2281</ele>
      </trkpt>
      <trkpt lat="45.8366167" lon="7.5510763">
        <ele>2282</ele>
      </trkpt>
      <trkpt lat="45.8366317" lon="7.5510533">
        <ele>2282</ele>
      </trkpt>
      <trkpt lat="45.8366507" lon="7.5510363">
        <ele>2282</ele>
      </trkpt>
      <trkpt lat="45.8366617" lon="7.5510083">
        <ele>2282</ele>
      </trkpt>
      <trkpt lat="45.8366767" lon="7.5509913">
        <ele>2282</ele>
      </trkpt>
      <trkpt lat="45.8366937" lon="7.5509733">
        <ele>2282</ele>
      </trkpt>
      <trkpt lat="45.8368007" lon="7.5509403">
        <ele>2283</ele>
      </trkpt>
      <trkpt lat="45.8368167" lon="7.5509433">
        <ele>2283</ele>
      </trkpt>
      <trkpt lat="45.8368717" lon="7.5509383">
        <ele>2283</ele>
      </trkpt>
      <trkpt lat="45.8369137" lon="7.5509453">
        <ele>2283</ele>
      </trkpt>
      <trkpt lat="45.8369317" lon="7.5509413">
        <ele>2283</ele>
      </trkpt>
      <trkpt lat="45.8369507" lon="7.5509313">
        <ele>2283</ele>
      </trkpt>
      <trkpt lat="45.8369707" lon="7.5509203">
        <ele>2284</ele>
      </trkpt>
      <trkpt lat="45.8370067" lon="7.5508933">
        <ele>2284</ele>
      </trkpt>
      <trkpt lat="45.8370387" lon="7.5508753">
        <ele>2284</ele>
      </trkpt>
      <trkpt lat="45.8371157" lon="7.5508113">
        <ele>2284</ele>
      </trkpt>
      <trkpt lat="45.8371687" lon="7.5507453">
        <ele>2284</ele>
      </trkpt>
      <trkpt lat="45.8372187" lon="7.5507033">
        <ele>2285</ele>
      </trkpt>
      <trkpt lat="45.8372387" lon="7.5506883">
        <ele>2285</ele>
      </trkpt>
      <trkpt lat="45.8372887" lon="7.5506683">
        <ele>2285</ele>
      </trkpt>
      <trkpt lat="45.8373237" lon="7.5506513">
        <ele>2285</ele>
      </trkpt>
      <trkpt lat="45.8373557" lon="7.5506333">
        <ele>2285</ele>
      </trkpt>
      <trkpt lat="45.8374007" lon="7.5506053">
        <ele>2285</ele>
      </trkpt>
      <trkpt lat="45.8374207" lon="7.5505963">
        <ele>2286</ele>
      </trkpt>
      <trkpt lat="45.8374407" lon="7.5505903">
        <ele>2286</ele>
      </trkpt>
      <trkpt lat="45.8374607" lon="7.5505833">
        <ele>2286</ele>
      </trkpt>
      <trkpt lat="45.8374787" lon="7.5505763">
        <ele>2286</ele>
      </trkpt>
      <trkpt lat="45.8374967" lon="7.5505703">
        <ele>2286</ele>
      </trkpt>
      <trkpt lat="45.8375407" lon="7.5505603">
        <ele>2286</ele>
      </trkpt>
      <trkpt lat="45.8375617" lon="7.5505553">
        <ele>2287</ele>
      </trkpt>
      <trkpt lat="45.8376087" lon="7.5505403">
        <ele>2287</ele>
      </trkpt>
      <trkpt lat="45.8376537" lon="7.5505313">
        <ele>2287</ele>
      </trkpt>
      <trkpt lat="45.8376767" lon="7.5505283">
        <ele>2287</ele>
      </trkpt>
      <trkpt lat="45.8376987" lon="7.5505333">
        <ele>2287</ele>
      </trkpt>
      <trkpt lat="45.8377217" lon="7.5505333">
        <ele>2287</ele>
      </trkpt>
      <trkpt lat="45.8377437" lon="7.5505333">
        <ele>2288</ele>
      </trkpt>
      <trkpt lat="45.8377617" lon="7.5505353">
        <ele>2288</ele>
      </trkpt>
      <trkpt lat="45.8378007" lon="7.5505263">
        <ele>2288</ele>
      </trkpt>
      <trkpt lat="45.8378207" lon="7.5505203">
        <ele>2288</ele>
      </trkpt>
      <trkpt lat="45.8378457" lon="7.5505233">
        <ele>2288</ele>
      </trkpt>
      <trkpt lat="45.8378657" lon="7.5505313">
        <ele>2289</ele>
      </trkpt>
      <trkpt lat="45.8379040" lon="7.5505348">
        <ele>2289</ele>
      </trkpt>
      <trkpt lat="45.8380169" lon="7.5505289">
        <ele>2289</ele>
      </trkpt>
      <trkpt lat="45.8380691" lon="7.5505229">
        <ele>2289</ele>
      </trkpt>
      <trkpt lat="45.8381297" lon="7.5505133">
        <ele>2289</ele>
      </trkpt>
      <trkpt lat="45.8381343" lon="7.5505125">
        <ele>2289</ele>
      </trkpt>
      <trkpt lat="45.8381762" lon="7.5504995">
        <ele>2290</ele>
      </trkpt>
      <trkpt lat="45.8381943" lon="7.5504875">
        <ele>2290</ele>
      </trkpt>
      <trkpt lat="45.8381955" lon="7.5504859">
        <ele>2290</ele>
      </trkpt>
      <trkpt lat="45.8382246" lon="7.5504484">
        <ele>2290</ele>
      </trkpt>
      <trkpt lat="45.8382607" lon="7.5503958">
        <ele>2290</ele>
      </trkpt>
      <trkpt lat="45.8382870" lon="7.5503870">
        <ele>2290</ele>
      </trkpt>
      <trkpt lat="45.8383215" lon="7.5503565">
        <ele>2291</ele>
      </trkpt>
      <trkpt lat="45.8383788" lon="7.5502638">
        <ele>2291</ele>
      </trkpt>
      <trkpt lat="45.8384783" lon="7.5501823">
        <ele>2291</ele>
      </trkpt>
      <trkpt lat="45.8385194" lon="7.5501635">
        <ele>2291</ele>
      </trkpt>
      <trkpt lat="45.8385857" lon="7.5500754">
        <ele>2291</ele>
      </trkpt>
      <trkpt lat="45.8386037" lon="7.5500514">
        <ele>2291</ele>
      </trkpt>
      <trkpt lat="45.8386237" lon="7.5500254">
        <ele>2292</ele>
      </trkpt>
      <trkpt lat="45.8386437" lon="7.5500014">
        <ele>2292</ele>
      </trkpt>
      <trkpt lat="45.8386667" lon="7.5499834">
        <ele>2292</ele>
      </trkpt>
      <trkpt lat="45.8386887" lon="7.5499714">
        <ele>2292</ele>
      </trkpt>
      <trkpt lat="45.8387087" lon="7.5499614">
        <ele>2292</ele>
      </trkpt>
      <trkpt lat="45.8387287" lon="7.5499514">
        <ele>2292</ele>
      </trkpt>
      <trkpt lat="45.8387517" lon="7.5499384">
        <ele>2293</ele>
      </trkpt>
      <trkpt lat="45.8388087" lon="7.5499054">
        <ele>2293</ele>
      </trkpt>
      <trkpt lat="45.8388407" lon="7.5498864">
        <ele>2293</ele>
      </trkpt>
      <trkpt lat="45.8389017" lon="7.5498614">
        <ele>2293</ele>
      </trkpt>
      <trkpt lat="45.8389267" lon="7.5498484">
        <ele>2293</ele>
      </trkpt>
      <trkpt lat="45.8389807" lon="7.5498164">
        <ele>2294</ele>
      </trkpt>
      <trkpt lat="45.8390037" lon="7.5498004">
        <ele>2294</ele>
      </trkpt>
      <trkpt lat="45.8390307" lon="7.5497754">
        <ele>2294</ele>
      </trkpt>
      <trkpt lat="45.8390657" lon="7.5497464">
        <ele>2294</ele>
      </trkpt>
      <trkpt lat="45.8391037" lon="7.5497184">
        <ele>2294</ele>
      </trkpt>
      <trkpt lat="45.8391457" lon="7.5496864">
        <ele>2294</ele>
      </trkpt>
      <trkpt lat="45.8392257" lon="7.5495904">
        <ele>2295</ele>
      </trkpt>
      <trkpt lat="45.8392607" lon="7.5495404">
        <ele>2295</ele>
      </trkpt>
      <trkpt lat="45.8392867" lon="7.5494934">
        <ele>2295</ele>
      </trkpt>
      <trkpt lat="45.8393437" lon="7.5493984">
        <ele>2295</ele>
      </trkpt>
      <trkpt lat="45.8393737" lon="7.5493534">
        <ele>2295</ele>
      </trkpt>
      <trkpt lat="45.8393957" lon="7.5493154">
        <ele>2295</ele>
      </trkpt>
      <trkpt lat="45.8394507" lon="7.5492064">
        <ele>2296</ele>
      </trkpt>
      <trkpt lat="45.8395357" lon="7.5491084">
        <ele>2296</ele>
      </trkpt>
      <trkpt lat="45.8396037" lon="7.5489634">
        <ele>2296</ele>
      </trkpt>
      <trkpt lat="45.8396717" lon="7.5488214">
        <ele>2296</ele>
      </trkpt>
      <trkpt lat="45.8397457" lon="7.5487384">
        <ele>2296</ele>
      </trkpt>
      <trkpt lat="45.8397907" lon="7.5486864">
        <ele>2296</ele>
      </trkpt>
      <trkpt lat="45.8398607" lon="7.5485384">
        <ele>2297</ele>
      </trkpt>
      <trkpt lat="45.8399057" lon="7.5484114">
        <ele>2297</ele>
      </trkpt>
      <trkpt lat="45.8399648" lon="7.5482983">
        <ele>2297</ele>
      </trkpt>
      <trkpt lat="45.8399657" lon="7.5482705">
        <ele>2297</ele>
      </trkpt>
      <trkpt lat="45.8399535" lon="7.5482081">
        <ele>2297</ele>
      </trkpt>
      <trkpt lat="45.8399270" lon="7.5481670">
        <ele>2298</ele>
      </trkpt>
      <trkpt lat="45.8399167" lon="7.5481232">
        <ele>2298</ele>
      </trkpt>
      <trkpt lat="45.8399164" lon="7.5480828">
        <ele>2298</ele>
      </trkpt>
      <trkpt lat="45.8399353" lon="7.5480336">
        <ele>2298</ele>
      </trkpt>
      <trkpt lat="45.8399591" lon="7.5480097">
        <ele>2298</ele>
      </trkpt>
      <trkpt lat="45.8399687" lon="7.5480004">
        <ele>2298</ele>
      </trkpt>
      <trkpt lat="45.8400567" lon="7.5479414">
        <ele>2299</ele>
      </trkpt>
      <trkpt lat="45.8401517" lon="7.5478785">
        <ele>2299</ele>
      </trkpt>
      <trkpt lat="45.8401857" lon="7.5478615">
        <ele>2299</ele>
      </trkpt>
      <trkpt lat="45.8402187" lon="7.5478465">
        <ele>2299</ele>
      </trkpt>
      <trkpt lat="45.8402557" lon="7.5478285">
        <ele>2299</ele>
      </trkpt>
      <trkpt lat="45.8402917" lon="7.5478135">
        <ele>2299</ele>
      </trkpt>
      <trkpt lat="45.8403307" lon="7.5478035">
        <ele>2300</ele>
      </trkpt>
      <trkpt lat="45.8403707" lon="7.5477915">
        <ele>2300</ele>
      </trkpt>
      <trkpt lat="45.8404017" lon="7.5477765">
        <ele>2300</ele>
      </trkpt>
      <trkpt lat="45.8404317" lon="7.5477585">
        <ele>2300</ele>
      </trkpt>
      <trkpt lat="45.8404607" lon="7.5477355">
        <ele>2300</ele>
      </trkpt>
      <trkpt lat="45.8404837" lon="7.5477115">
        <ele>2300</ele>
      </trkpt>
      <trkpt lat="45.8405667" lon="7.5476205">
        <ele>2301</ele>
      </trkpt>
      <trkpt lat="45.8406067" lon="7.5475755">
        <ele>2301</ele>
      </trkpt>
      <trkpt lat="45.8406267" lon="7.5475515">
        <ele>2301</ele>
      </trkpt>
      <trkpt lat="45.8406907" lon="7.5474555">
        <ele>2301</ele>
      </trkpt>
      <trkpt lat="45.8407707" lon="7.5473815">
        <ele>2301</ele>
      </trkpt>
      <trkpt lat="45.8408557" lon="7.5472785">
        <ele>2302</ele>
      </trkpt>
      <trkpt lat="45.8409357" lon="7.5471865">
        <ele>2302</ele>
      </trkpt>
      <trkpt lat="45.8410037" lon="7.5471405">
        <ele>2302</ele>
      </trkpt>
      <trkpt lat="45.8410287" lon="7.5471315">
        <ele>2302</ele>
      </trkpt>
      <trkpt lat="45.8411407" lon="7.5471115">
        <ele>2302</ele>
      </trkpt>
      <trkpt lat="45.8411786" lon="7.5471055">
        <ele>2302</ele>
      </trkpt>
      <trkpt lat="45.8412015" lon="7.5470896">
        <ele>2303</ele>
      </trkpt>
      <trkpt lat="45.8412018" lon="7.5470891">
        <ele>2303</ele>
      </trkpt>
      <trkpt lat="45.8413767" lon="7.5469360">
        <ele>2303</ele>
      </trkpt>
      <trkpt lat="45.8414647" lon="7.5468315">
        <ele>2303</ele>
      </trkpt>
      <trkpt lat="45.8415429" lon="7.5467296">
        <ele>2303</ele>
      </trkpt>
      <trkpt lat="45.8416118" lon="7.5466582">
        <ele>2303</ele>
      </trkpt>
      <trkpt lat="45.8416848" lon="7.5466295">
        <ele>2304</ele>
      </trkpt>
      <trkpt lat="45.8416876" lon="7.5466283">
        <ele>2304</ele>
      </trkpt>
      <trkpt lat="45.8417403" lon="7.5466827">
        <ele>2304</ele>
      </trkpt>
      <trkpt lat="45.8417884" lon="7.5467650">
        <ele>2304</ele>
      </trkpt>
      <trkpt lat="45.8418291" lon="7.5467779">
        <ele>2304</ele>
      </trkpt>
      <trkpt lat="45.8418756" lon="7.5467705">
        <ele>2304</ele>
      </trkpt>
      <trkpt lat="45.8419866" lon="7.5467385">
        <ele>2305</ele>
      </trkpt>
      <trkpt lat="45.8420968" lon="7.5467030">
        <ele>2305</ele>
      </trkpt>
      <trkpt lat="45.8421358" lon="7.5467072">
        <ele>2305</ele>
      </trkpt>
      <trkpt lat="45.8423141" lon="7.5468233">
        <ele>2305</ele>
      </trkpt>
      <trkpt lat="45.8425174" lon="7.5469806">
        <ele>2305</ele>
      </trkpt>
      <trkpt lat="45.8426207" lon="7.5470638">
        <ele>2306</ele>
      </trkpt>
      <trkpt lat="45.8426987" lon="7.5471059">
        <ele>2306</ele>
      </trkpt>
      <trkpt lat="45.8427037" lon="7.5471065">
        <ele>2306</ele>
      </trkpt>
      <trkpt lat="45.8427474" lon="7.5471116">
        <ele>2306</ele>
      </trkpt>
      <trkpt lat="45.8427865" lon="7.5471175">
        <ele>2306</ele>
      </trkpt>
      <trkpt lat="45.8428027" lon="7.5471320">
        <ele>2306</ele>
      </trkpt>
      <trkpt lat="45.8429030" lon="7.5472213">
        <ele>2307</ele>
      </trkpt>
      <trkpt lat="45.8429672" lon="7.5472916">
        <ele>2307</ele>
      </trkpt>
      <trkpt lat="45.8430157" lon="7.5474088">
        <ele>2307</ele>
      </trkpt>
      <trkpt lat="45.8430803" lon="7.5475069">
        <ele>2307</ele>
      </trkpt>
      <trkpt lat="45.8431617" lon="7.5475896">
        <ele>2307</ele>
      </trkpt>
      <trkpt lat="45.8431831" lon="7.5476169">
        <ele>2307</ele>
      </trkpt>
      <trkpt lat="45.8431949" lon="7.5476491">
        <ele>2308</ele>
      </trkpt>
      <trkpt lat="45.8432059" lon="7.5477533">
        <ele>2308</ele>
      </trkpt>
      <trkpt lat="45.8432185" lon="7.5478458">
        <ele>2308</ele>
      </trkpt>
      <trkpt lat="45.8432582" lon="7.5480306">
        <ele>2308</ele>
      </trkpt>
      <trkpt lat="45.8432658" lon="7.5481233">
        <ele>2308</ele>
      </trkpt>
      <trkpt lat="45.8433046" lon="7.5482407">
        <ele>2308</ele>
      </trkpt>
      <trkpt lat="45.8433226" lon="7.5483772">
        <ele>2309</ele>
      </trkpt>
      <trkpt lat="45.8433398" lon="7.5484511">
        <ele>2309</ele>
      </trkpt>
      <trkpt lat="45.8433672" lon="7.5485688">
        <ele>2309</ele>
      </trkpt>
      <trkpt lat="45.8434118" lon="7.5487905">
        <ele>2309</ele>
      </trkpt>
      <trkpt lat="45.8434678" lon="7.5489818">
        <ele>2309</ele>
      </trkpt>
      <trkpt lat="45.8434804" lon="7.5490744">
        <ele>2310</ele>
      </trkpt>
      <trkpt lat="45.8434687" lon="7.5491815">
        <ele>2310</ele>
      </trkpt>
      <trkpt lat="45.8434151" lon="7.5493059">
        <ele>2310</ele>
      </trkpt>
      <trkpt lat="45.8433787" lon="7.5493742">
        <ele>2310</ele>
      </trkpt>
      <trkpt lat="45.8433682" lon="7.5494465">
        <ele>2310</ele>
      </trkpt>
      <trkpt lat="45.8433625" lon="7.5495070">
        <ele>2310</ele>
      </trkpt>
      <trkpt lat="45.8433504" lon="7.5495770">
        <ele>2311</ele>
      </trkpt>
      <trkpt lat="45.8433174" lon="7.5496568">
        <ele>2311</ele>
      </trkpt>
      <trkpt lat="45.8432972" lon="7.5498268">
        <ele>2311</ele>
      </trkpt>
      <trkpt lat="45.8432644" lon="7.5499298">
        <ele>2311</ele>
      </trkpt>
      <trkpt lat="45.8432427" lon="7.5500070">
        <ele>2311</ele>
      </trkpt>
      <trkpt lat="45.8432273" lon="7.5500771">
        <ele>2311</ele>
      </trkpt>
      <trkpt lat="45.8432608" lon="7.5501575">
        <ele>2312</ele>
      </trkpt>
      <trkpt lat="45.8433187" lon="7.5502396">
        <ele>2312</ele>
      </trkpt>
      <trkpt lat="45.8433890" lon="7.5504119">
        <ele>2312</ele>
      </trkpt>
      <trkpt lat="45.8434296" lon="7.5505432">
        <ele>2312</ele>
      </trkpt>
      <trkpt lat="45.8434440" lon="7.5506543">
        <ele>2312</ele>
      </trkpt>
      <trkpt lat="45.8434390" lon="7.5508959">
        <ele>2312</ele>
      </trkpt>
      <trkpt lat="45.8434962" lon="7.5510593">
        <ele>2313</ele>
      </trkpt>
      <trkpt lat="45.8435149" lon="7.5512515">
        <ele>2313</ele>
      </trkpt>
      <trkpt lat="45.8436015" lon="7.5514281">
        <ele>2313</ele>
      </trkpt>
      <trkpt lat="45.8437069" lon="7.5516784">
        <ele>2313</ele>
      </trkpt>
      <trkpt lat="45.8437556" lon="7.5518676">
        <ele>2313</ele>
      </trkpt>
      <trkpt lat="45.8437606" lon="7.5520091">
        <ele>2314</ele>
      </trkpt>
      <trkpt lat="45.8438110" lon="7.5521401">
        <ele>2314</ele>
      </trkpt>
      <trkpt lat="45.8438962" lon="7.5522099">
        <ele>2314</ele>
      </trkpt>
      <trkpt lat="45.8440266" lon="7.5522553">
        <ele>2314</ele>
      </trkpt>
      <trkpt lat="45.8441535" lon="7.5522554">
        <ele>2314</ele>
      </trkpt>
      <trkpt lat="45.8442505" lon="7.5522954">
        <ele>2314</ele>
      </trkpt>
      <trkpt lat="45.8442615" lon="7.5523514">
        <ele>2315</ele>
      </trkpt>
      <trkpt lat="45.8442685" lon="7.5523784">
        <ele>2315</ele>
      </trkpt>
      <trkpt lat="45.8442785" lon="7.5524034">
        <ele>2315</ele>
      </trkpt>
      <trkpt lat="45.8442915" lon="7.5524214">
        <ele>2315</ele>
      </trkpt>
      <trkpt lat="45.8443115" lon="7.5524364">
        <ele>2315</ele>
      </trkpt>
      <trkpt lat="45.8443305" lon="7.5524554">
        <ele>2315</ele>
      </trkpt>
      <trkpt lat="45.8443465" lon="7.5524764">
        <ele>2316</ele>
      </trkpt>
      <trkpt lat="45.8443615" lon="7.5525014">
        <ele>2316</ele>
      </trkpt>
      <trkpt lat="45.8443785" lon="7.5525284">
        <ele>2316</ele>
      </trkpt>
      <trkpt lat="45.8443965" lon="7.5525584">
        <ele>2316</ele>
      </trkpt>
      <trkpt lat="45.8444185" lon="7.5525814">
        <ele>2316</ele>
      </trkpt>
      <trkpt lat="45.8444435" lon="7.5525984">
        <ele>2316</ele>
      </trkpt>
      <trkpt lat="45.8444715" lon="7.5526184">
        <ele>2317</ele>
      </trkpt>
      <trkpt lat="45.8444965" lon="7.5526484">
        <ele>2317</ele>
      </trkpt>
      <trkpt lat="45.8445215" lon="7.5526764">
        <ele>2317</ele>
      </trkpt>
      <trkpt lat="45.8445465" lon="7.5527004">
        <ele>2317</ele>
      </trkpt>
      <trkpt lat="45.8445835" lon="7.5527564">
        <ele>2317</ele>
      </trkpt>
      <trkpt lat="45.8445985" lon="7.5527884">
        <ele>2318</ele>
      </trkpt>
      <trkpt lat="45.8446435" lon="7.5528514">
        <ele>2318</ele>
      </trkpt>
      <trkpt lat="45.8446615" lon="7.5528634">
        <ele>2318</ele>
      </trkpt>
      <trkpt lat="45.8446805" lon="7.5528784">
        <ele>2318</ele>
      </trkpt>
      <trkpt lat="45.8447665" lon="7.5529414">
        <ele>2318</ele>
      </trkpt>
      <trkpt lat="45.8447955" lon="7.5529584">
        <ele>2318</ele>
      </trkpt>
      <trkpt lat="45.8448905" lon="7.5529164">
        <ele>2319</ele>
      </trkpt>
      <trkpt lat="45.8449755" lon="7.5528514">
        <ele>2319</ele>
      </trkpt>
      <trkpt lat="45.8450035" lon="7.5528604">
        <ele>2319</ele>
      </trkpt>
      <trkpt lat="45.8450355" lon="7.5528754">
        <ele>2319</ele>
      </trkpt>
      <trkpt lat="45.8450585" lon="7.5528854">
        <ele>2319</ele>
      </trkpt>
      <trkpt lat="45.8450805" lon="7.5528964">
        <ele>2319</ele>
      </trkpt>
      <trkpt lat="45.8451005" lon="7.5529064">
        <ele>2320</ele>
      </trkpt>
      <trkpt lat="45.8451215" lon="7.5529134">
        <ele>2320</ele>
      </trkpt>
      <trkpt lat="45.8451435" lon="7.5529154">
        <ele>2320</ele>
      </trkpt>
      <trkpt lat="45.8451635" lon="7.5529114">
        <ele>2320</ele>
      </trkpt>
      <trkpt lat="45.8451835" lon="7.5529014">
        <ele>2320</ele>
      </trkpt>
      <trkpt lat="45.8452035" lon="7.5528904">
        <ele>2320</ele>
      </trkpt>
      <trkpt lat="45.8452235" lon="7.5528804">
        <ele>2321</ele>
      </trkpt>
      <trkpt lat="45.8452485" lon="7.5528654">
        <ele>2321</ele>
      </trkpt>
      <trkpt lat="45.8452755" lon="7.5528414">
        <ele>2321</ele>
      </trkpt>
      <trkpt lat="45.8453055" lon="7.5528134">
        <ele>2321</ele>
      </trkpt>
      <trkpt lat="45.8453365" lon="7.5527864">
        <ele>2321</ele>
      </trkpt>
      <trkpt lat="45.8453685" lon="7.5527614">
        <ele>2321</ele>
      </trkpt>
      <trkpt lat="45.8454365" lon="7.5527114">
        <ele>2322</ele>
      </trkpt>
      <trkpt lat="45.8454805" lon="7.5526915">
        <ele>2322</ele>
      </trkpt>
      <trkpt lat="45.8455305" lon="7.5526735">
        <ele>2322</ele>
      </trkpt>
      <trkpt lat="45.8455865" lon="7.5526655">
        <ele>2322</ele>
      </trkpt>
      <trkpt lat="45.8456405" lon="7.5526565">
        <ele>2322</ele>
      </trkpt>
      <trkpt lat="45.8456905" lon="7.5526465">
        <ele>2323</ele>
      </trkpt>
      <trkpt lat="45.8457385" lon="7.5526515">
        <ele>2323</ele>
      </trkpt>
      <trkpt lat="45.8457905" lon="7.5526685">
        <ele>2323</ele>
      </trkpt>
      <trkpt lat="45.8458385" lon="7.5526955">
        <ele>2323</ele>
      </trkpt>
      <trkpt lat="45.8458785" lon="7.5527155">
        <ele>2323</ele>
      </trkpt>
      <trkpt lat="45.8458854" lon="7.5527180">
        <ele>2323</ele>
      </trkpt>
      <trkpt lat="45.8458910" lon="7.5527230">
        <ele>2324</ele>
      </trkpt>
      <trkpt lat="45.8459706" lon="7.5527976">
        <ele>2324</ele>
      </trkpt>
      <trkpt lat="45.8460294" lon="7.5528251">
        <ele>2324</ele>
      </trkpt>
      <trkpt lat="45.8460565" lon="7.5528215">
        <ele>2324</ele>
      </trkpt>
      <trkpt lat="45.8461142" lon="7.5527962">
        <ele>2324</ele>
      </trkpt>
      <trkpt lat="45.8461560" lon="7.5527626">
        <ele>2324</ele>
      </trkpt>
      <trkpt lat="45.8461953" lon="7.5527212">
        <ele>2325</ele>
      </trkpt>
      <trkpt lat="45.8462037" lon="7.5526759">
        <ele>2325</ele>
      </trkpt>
      <trkpt lat="45.8462314" lon="7.5526611">
        <ele>2325</ele>
      </trkpt>
      <trkpt lat="45.8462637" lon="7.5526808">
        <ele>2325</ele>
      </trkpt>
      <trkpt lat="45.8463532" lon="7.5527041">
        <ele>2325</ele>
      </trkpt>
      <trkpt lat="45.8465014" lon="7.5527443">
        <ele>2325</ele>
      </trkpt>
      <trkpt lat="45.8466087" lon="7.5527601">
        <ele>2326</ele>
      </trkpt>
      <trkpt lat="45.8466804" lon="7.5527815">
        <ele>2326</ele>
      </trkpt>
      <trkpt lat="45.8467884" lon="7.5528484">
        <ele>2326</ele>
      </trkpt>
      <trkpt lat="45.8468601" lon="7.5528767">
        <ele>2326</ele>
      </trkpt>
      <trkpt lat="45.8472458" lon="7.5529294">
        <ele>2326</ele>
      </trkpt>
      <trkpt lat="45.8473995" lon="7.5530206">
        <ele>2327</ele>
      </trkpt>
      <trkpt lat="45.8475825" lon="7.5531134">
        <ele>2327</ele>
      </trkpt>
      <trkpt lat="45.8476691" lon="7.5531622">
        <ele>2327</ele>
      </trkpt>
      <trkpt lat="45.8477065" lon="7.5531706">
        <ele>2327</ele>
      </trkpt>
      <trkpt lat="45.8477259" lon="7.5531608">
        <ele>2327</ele>
      </trkpt>
      <trkpt lat="45.8478298" lon="7.5529700">
        <ele>2327</ele>
      </trkpt>
      <trkpt lat="45.8479553" lon="7.5528854">
        <ele>2328</ele>
      </trkpt>
      <trkpt lat="45.8480707" lon="7.5528987">
        <ele>2328</ele>
      </trkpt>
      <trkpt lat="45.8481930" lon="7.5529466">
        <ele>2328</ele>
      </trkpt>
      <trkpt lat="45.8483024" lon="7.5529972">
        <ele>2328</ele>
      </trkpt>
      <trkpt lat="45.8484663" lon="7.5530626">
        <ele>2328</ele>
      </trkpt>
      <trkpt lat="45.8486340" lon="7.5531047">
        <ele>2328</ele>
      </trkpt>
      <trkpt lat="45.8487141" lon="7.5531560">
        <ele>2329</ele>
      </trkpt>
      <trkpt lat="45.8488145" lon="7.5532603">
        <ele>2329</ele>
      </trkpt>
      <trkpt lat="45.8490079" lon="7.5534735">
        <ele>2329</ele>
      </trkpt>
      <trkpt lat="45.8492004" lon="7.5536822">
        <ele>2329</ele>
      </trkpt>
      <trkpt lat="45.8493435" lon="7.5538387">
        <ele>2329</ele>
      </trkpt>
      <trkpt lat="45.8494318" lon="7.5538852">
        <ele>2329</ele>
      </trkpt>
      <trkpt lat="45.8495142" lon="7.5539214">
        <ele>2330</ele>
      </trkpt>
      <trkpt lat="45.8496282" lon="7.5539556">
        <ele>2330</ele>
      </trkpt>
      <trkpt lat="45.8497100" lon="7.5539524">
        <ele>2330</ele>
      </trkpt>
      <trkpt lat="45.8498115" lon="7.5539485">
        <ele>2330</ele>
      </trkpt>
      <trkpt lat="45.8498784" lon="7.5539793">
        <ele>2330</ele>
      </trkpt>
      <trkpt lat="45.8499157" lon="7.5539760">
        <ele>2331</ele>
      </trkpt>
      <trkpt lat="45.8499414" lon="7.5539521">
        <ele>2331</ele>
      </trkpt>
      <trkpt lat="45.8499440" lon="7.5539056">
        <ele>2331</ele>
      </trkpt>
      <trkpt lat="45.8499239" lon="7.5538504">
        <ele>2331</ele>
      </trkpt>
      <trkpt lat="45.8499040" lon="7.5538230">
        <ele>2331</ele>
      </trkpt>
      <trkpt lat="45.8497865" lon="7.5537657">
        <ele>2331</ele>
      </trkpt>
      <trkpt lat="45.8496950" lon="7.5537170">
        <ele>2332</ele>
      </trkpt>
      <trkpt lat="45.8495981" lon="7.5536289">
        <ele>2332</ele>
      </trkpt>
      <trkpt lat="45.8495107" lon="7.5535220">
        <ele>2332</ele>
      </trkpt>
      <trkpt lat="45.8494539" lon="7.5533911">
        <ele>2332</ele>
      </trkpt>
      <trkpt lat="45.8494092" lon="7.5532772">
        <ele>2332</ele>
      </trkpt>
      <trkpt lat="45.8493848" lon="7.5532271">
        <ele>2332</ele>
      </trkpt>
      <trkpt lat="45.8492983" lon="7.5531188">
        <ele>2333</ele>
      </trkpt>
      <trkpt lat="45.8492258" lon="7.5530301">
        <ele>2333</ele>
      </trkpt>
      <trkpt lat="45.8491696" lon="7.5529526">
        <ele>2333</ele>
      </trkpt>
      <trkpt lat="45.8491027" lon="7.5527941">
        <ele>2333</ele>
      </trkpt>
      <trkpt lat="45.8490816" lon="7.5526670">
        <ele>2333</ele>
      </trkpt>
      <trkpt lat="45.8490544" lon="7.5525655">
        <ele>2333</ele>
      </trkpt>
      <trkpt lat="45.8490534" lon="7.5525501">
        <ele>2334</ele>
      </trkpt>
      <trkpt lat="45.8490503" lon="7.5525006">
        <ele>2334</ele>
      </trkpt>
      <trkpt lat="45.8490499" lon="7.5524916">
        <ele>2334</ele>
      </trkpt>
      <trkpt lat="45.8490479" lon="7.5524426">
        <ele>2334</ele>
      </trkpt>
      <trkpt lat="45.8490715" lon="7.5524116">
        <ele>2334</ele>
      </trkpt>
      <trkpt lat="45.8490894" lon="7.5523858">
        <ele>2335</ele>
      </trkpt>
      <trkpt lat="45.8490928" lon="7.5523852">
        <ele>2335</ele>
      </trkpt>
      <trkpt lat="45.8491833" lon="7.5523694">
        <ele>2335</ele>
      </trkpt>
      <trkpt lat="45.8492843" lon="7.5523993">
        <ele>2335</ele>
      </trkpt>
      <trkpt lat="45.8494349" lon="7.5524976">
        <ele>2335</ele>
      </trkpt>
      <trkpt lat="45.8495297" lon="7.5525555">
        <ele>2335</ele>
      </trkpt>
      <trkpt lat="45.8496116" lon="7.5526114">
        <ele>2336</ele>
      </trkpt>
      <trkpt lat="45.8497082" lon="7.5526159">
        <ele>2336</ele>
      </trkpt>
      <trkpt lat="45.8499579" lon="7.5525955">
        <ele>2336</ele>
      </trkpt>
      <trkpt lat="45.8499725" lon="7.5525909">
        <ele>2336</ele>
      </trkpt>
      <trkpt lat="45.8500144" lon="7.5525777">
        <ele>2336</ele>
      </trkpt>
      <trkpt lat="45.8500320" lon="7.5525541">
        <ele>2336</ele>
      </trkpt>
      <trkpt lat="45.8500478" lon="7.5525211">
        <ele>2337</ele>
      </trkpt>
      <trkpt lat="45.8500439" lon="7.5524678">
        <ele>2337</ele>
      </trkpt>
      <trkpt lat="45.8500122" lon="7.5523990">
        <ele>2337</ele>
      </trkpt>
      <trkpt lat="45.8499294" lon="7.5522711">
        <ele>2337</ele>
      </trkpt>
      <trkpt lat="45.8497691" lon="7.5520140">
        <ele>2337</ele>
      </trkpt>
      <trkpt lat="45.8497261" lon="7.5519501">
        <ele>2337</ele>
      </trkpt>
      <trkpt lat="45.8496870" lon="7.5519372">
        <ele>2338</ele>
      </trkpt>
      <trkpt lat="45.8496110" lon="7.5519577">
        <ele>2338</ele>
      </trkpt>
      <trkpt lat="45.8495429" lon="7.5519641">
        <ele>2338</ele>
      </trkpt>
      <trkpt lat="45.8494796" lon="7.5519611">
        <ele>2338</ele>
      </trkpt>
      <trkpt lat="45.8494229" lon="7.5519130">
        <ele>2338</ele>
      </trkpt>
      <trkpt lat="45.8493860" lon="7.5518707">
        <ele>2339</ele>
      </trkpt>
      <trkpt lat="45.8493672" lon="7.5517968">
        <ele>2339</ele>
      </trkpt>
      <trkpt lat="45.8493480" lon="7.5516905">
        <ele>2339</ele>
      </trkpt>
      <trkpt lat="45.8493323" lon="7.5514807">
        <ele>2339</ele>
      </trkpt>
      <trkpt lat="45.8493549" lon="7.5513384">
        <ele>2339</ele>
      </trkpt>
      <trkpt lat="45.8493722" lon="7.5512800">
        <ele>2339</ele>
      </trkpt>
      <trkpt lat="45.8494329" lon="7.5511960">
        <ele>2340</ele>
      </trkpt>
      <trkpt lat="45.8494655" lon="7.5511057">
        <ele>2340</ele>
      </trkpt>
      <trkpt lat="45.8494358" lon="7.5509393">
        <ele>2340</ele>
      </trkpt>
      <trkpt lat="45.8493910" lon="7.5508615">
        <ele>2340</ele>
      </trkpt>
      <trkpt lat="45.8493598" lon="7.5508298">
        <ele>2340</ele>
      </trkpt>
      <trkpt lat="45.8493269" lon="7.5507981">
        <ele>2340</ele>
      </trkpt>
      <trkpt lat="45.8492549" lon="7.5507489">
        <ele>2341</ele>
      </trkpt>
      <trkpt lat="45.8491973" lon="7.5506877">
        <ele>2341</ele>
      </trkpt>
      <trkpt lat="45.8491536" lon="7.5505704">
        <ele>2341</ele>
      </trkpt>
      <trkpt lat="45.8491356" lon="7.5504292">
        <ele>2341</ele>
      </trkpt>
      <trkpt lat="45.8491402" lon="7.5503749">
        <ele>2341</ele>
      </trkpt>
      <trkpt lat="45.8491522" lon="7.5502554">
        <ele>2341</ele>
      </trkpt>
      <trkpt lat="45.8492358" lon="7.5499345">
        <ele>2342</ele>
      </trkpt>
      <trkpt lat="45.8492565" lon="7.5497891">
        <ele>2342</ele>
      </trkpt>
      <trkpt lat="45.8492435" lon="7.5496184">
        <ele>2342</ele>
      </trkpt>
      <trkpt lat="45.8491738" lon="7.5494464">
        <ele>2342</ele>
      </trkpt>
      <trkpt lat="45.8491116" lon="7.5493353">
        <ele>2342</ele>
      </trkpt>
      <trkpt lat="45.8490021" lon="7.5492126">
        <ele>2343</ele>
      </trkpt>
      <trkpt lat="45.8488013" lon="7.5491695">
        <ele>2343</ele>
      </trkpt>
      <trkpt lat="45.8486121" lon="7.5489844">
        <ele>2343</ele>
      </trkpt>
      <trkpt lat="45.8485263" lon="7.5489577">
        <ele>2343</ele>
      </trkpt>
      <trkpt lat="45.8483150" lon="7.5490086">
        <ele>2343</ele>
      </trkpt>
      <trkpt lat="45.8480828" lon="7.5491466">
        <ele>2343</ele>
      </trkpt>
      <trkpt lat="45.8479587" lon="7.5492980">
        <ele>2344</ele>
      </trkpt>
      <trkpt lat="45.8478695" lon="7.5493582">
        <ele>2344</ele>
      </trkpt>
      <trkpt lat="45.8477304" lon="7.5493908">
        <ele>2344</ele>
      </trkpt>
      <trkpt lat="45.8476808" lon="7.5493825">
        <ele>2344</ele>
      </trkpt>
      <trkpt lat="45.8475898" lon="7.5493076">
        <ele>2344</ele>
      </trkpt>
      <trkpt lat="45.8474831" lon="7.5490592">
        <ele>2344</ele>
      </trkpt>
      <trkpt lat="45.8474056" lon="7.5486201">
        <ele>2345</ele>
      </trkpt>
      <trkpt lat="45.8472242" lon="7.5484578">
        <ele>2345</ele>
      </trkpt>
      <trkpt lat="45.8471943" lon="7.5484006">
        <ele>2345</ele>
      </trkpt>
      <trkpt lat="45.8471954" lon="7.5483104">
        <ele>2345</ele>
      </trkpt>
      <trkpt lat="45.8472620" lon="7.5480640">
        <ele>2345</ele>
      </trkpt>
      <trkpt lat="45.8472401" lon="7.5479358">
        <ele>2345</ele>
      </trkpt>
      <trkpt lat="45.8471989" lon="7.5478789">
        <ele>2346</ele>
      </trkpt>
      <trkpt lat="45.8470834" lon="7.5478175">
        <ele>2346</ele>
      </trkpt>
      <trkpt lat="45.8469425" lon="7.5477085">
        <ele>2346</ele>
      </trkpt>
      <trkpt lat="45.8469037" lon="7.5476644">
        <ele>2346</ele>
      </trkpt>
      <trkpt lat="45.8468663" lon="7.5475559">
        <ele>2346</ele>
      </trkpt>
      <trkpt lat="45.8468331" lon="7.5470982">
        <ele>2346</ele>
      </trkpt>
      <trkpt lat="45.8467683" lon="7.5465976">
        <ele>2347</ele>
      </trkpt>
      <trkpt lat="45.8466447" lon="7.5462595">
        <ele>2347</ele>
      </trkpt>
      <trkpt lat="45.8466125" lon="7.5460318">
        <ele>2347</ele>
      </trkpt>
      <trkpt lat="45.8466048" lon="7.5454567">
        <ele>2347</ele>
      </trkpt>
      <trkpt lat="45.8466188" lon="7.5452779">
        <ele>2347</ele>
      </trkpt>
      <trkpt lat="45.8466623" lon="7.5450753">
        <ele>2348</ele>
      </trkpt>
      <trkpt lat="45.8466457" lon="7.5449178">
        <ele>2348</ele>
      </trkpt>
      <trkpt lat="45.8465063" lon="7.5442196">
        <ele>2348</ele>
      </trkpt>
      <trkpt lat="45.8463823" lon="7.5438629">
        <ele>2348</ele>
      </trkpt>
      <trkpt lat="45.8463047" lon="7.5436327">
        <ele>2348</ele>
      </trkpt>
      <trkpt lat="45.8462452" lon="7.5435448">
        <ele>2348</ele>
      </trkpt>
      <trkpt lat="45.8463064" lon="7.5435734">
        <ele>2349</ele>
      </trkpt>
      <trkpt lat="45.8463656" lon="7.5436257">
        <ele>2349</ele>
      </trkpt>
      <trkpt lat="45.8463836" lon="7.5436487">
        <ele>2349</ele>
      </trkpt>
      <trkpt lat="45.8464036" lon="7.5436687">
        <ele>2349</ele>
      </trkpt>
      <trkpt lat="45.8464216" lon="7.5436907">
        <ele>2349</ele>
      </trkpt>
      <trkpt lat="45.8464386" lon="7.5437117">
        <ele>2349</ele>
      </trkpt>
      <trkpt lat="45.8464606" lon="7.5437337">
        <ele>2350</ele>
      </trkpt>
      <trkpt lat="45.8464786" lon="7.5437437">
        <ele>2350</ele>
      </trkpt>
      <trkpt lat="45.8465006" lon="7.5437567">
        <ele>2350</ele>
      </trkpt>
      <trkpt lat="45.8465216" lon="7.5437717">
        <ele>2350</ele>
      </trkpt>
      <trkpt lat="45.8465435" lon="7.5437837">
        <ele>2350</ele>
      </trkpt>
      <trkpt lat="45.8465655" lon="7.5437967">
        <ele>2350</ele>
      </trkpt>
      <trkpt lat="45.8465855" lon="7.5438117">
        <ele>2351</ele>
      </trkpt>
      <trkpt lat="45.8466005" lon="7.5438307">
        <ele>2351</ele>
      </trkpt>
      <trkpt lat="45.8466135" lon="7.5438557">
        <ele>2351</ele>
      </trkpt>
      <trkpt lat="45.8466285" lon="7.5438817">
        <ele>2351</ele>
      </trkpt>
      <trkpt lat="45.8466455" lon="7.5439087">
        <ele>2351</ele>
      </trkpt>
      <trkpt lat="45.8466615" lon="7.5439317">
        <ele>2352</ele>
      </trkpt>
      <trkpt lat="45.8466765" lon="7.5439487">
        <ele>2352</ele>
      </trkpt>
      <trkpt lat="45.8466935" lon="7.5439657">
        <ele>2352</ele>
      </trkpt>
      <trkpt lat="45.8467115" lon="7.5439867">
        <ele>2352</ele>
      </trkpt>
      <trkpt lat="45.8467265" lon="7.5440087">
        <ele>2352</ele>
      </trkpt>
      <trkpt lat="45.8467435" lon="7.5440287">
        <ele>2352</ele>
      </trkpt>
      <trkpt lat="45.8467635" lon="7.5440467">
        <ele>2353</ele>
      </trkpt>
      <trkpt lat="45.8467855" lon="7.5440657">
        <ele>2353</ele>
      </trkpt>
      <trkpt lat="45.8468065" lon="7.5440837">
        <ele>2353</ele>
      </trkpt>
      <trkpt lat="45.8468255" lon="7.5441057">
        <ele>2353</ele>
      </trkpt>
      <trkpt lat="45.8468405" lon="7.5441267">
        <ele>2353</ele>
      </trkpt>
      <trkpt lat="45.8468715" lon="7.5441687">
        <ele>2353</ele>
      </trkpt>
      <trkpt lat="45.8469065" lon="7.5442017">
        <ele>2354</ele>
      </trkpt>
      <trkpt lat="45.8469455" lon="7.5442367">
        <ele>2354</ele>
      </trkpt>
      <trkpt lat="45.8469655" lon="7.5442537">
        <ele>2354</ele>
      </trkpt>
      <trkpt lat="45.8469835" lon="7.5442667">
        <ele>2354</ele>
      </trkpt>
      <trkpt lat="45.8470235" lon="7.5442917">
        <ele>2354</ele>
      </trkpt>
      <trkpt lat="45.8470465" lon="7.5443067">
        <ele>2354</ele>
      </trkpt>
      <trkpt lat="45.8470705" lon="7.5443187">
        <ele>2355</ele>
      </trkpt>
      <trkpt lat="45.8471155" lon="7.5443417">
        <ele>2355</ele>
      </trkpt>
      <trkpt lat="45.8471565" lon="7.5443607">
        <ele>2355</ele>
      </trkpt>
      <trkpt lat="45.8472005" lon="7.5443867">
        <ele>2355</ele>
      </trkpt>
      <trkpt lat="45.8472415" lon="7.5444067">
        <ele>2355</ele>
      </trkpt>
      <trkpt lat="45.8472635" lon="7.5444117">
        <ele>2356</ele>
      </trkpt>
      <trkpt lat="45.8473035" lon="7.5444157">
        <ele>2356</ele>
      </trkpt>
      <trkpt lat="45.8473255" lon="7.5444157">
        <ele>2356</ele>
      </trkpt>
      <trkpt lat="45.8473465" lon="7.5444167">
        <ele>2356</ele>
      </trkpt>
      <trkpt lat="45.8474014" lon="7.5444143">
        <ele>2356</ele>
      </trkpt>
      <trkpt lat="45.8474414" lon="7.5444223">
        <ele>2356</ele>
      </trkpt>
      <trkpt lat="45.8474604" lon="7.5444173">
        <ele>2357</ele>
      </trkpt>
      <trkpt lat="45.8474804" lon="7.5444073">
        <ele>2357</ele>
      </trkpt>
      <trkpt lat="45.8475204" lon="7.5443823">
        <ele>2357</ele>
      </trkpt>
      <trkpt lat="45.8475414" lon="7.5443743">
        <ele>2357</ele>
      </trkpt>
      <trkpt lat="45.8475804" lon="7.5443693">
        <ele>2357</ele>
      </trkpt>
      <trkpt lat="45.8475984" lon="7.5443753">
        <ele>2357</ele>
      </trkpt>
      <trkpt lat="45.8476134" lon="7.5443943">
        <ele>2358</ele>
      </trkpt>
      <trkpt lat="45.8476214" lon="7.5444193">
        <ele>2358</ele>
      </trkpt>
      <trkpt lat="45.8476334" lon="7.5444673">
        <ele>2358</ele>
      </trkpt>
      <trkpt lat="45.8476484" lon="7.5445143">
        <ele>2358</ele>
      </trkpt>
      <trkpt lat="45.8476714" lon="7.5445623">
        <ele>2358</ele>
      </trkpt>
      <trkpt lat="45.8476784" lon="7.5445873">
        <ele>2358</ele>
      </trkpt>
      <trkpt lat="45.8476954" lon="7.5446053">
        <ele>2359</ele>
      </trkpt>
      <trkpt lat="45.8477114" lon="7.5446273">
        <ele>2359</ele>
      </trkpt>
      <trkpt lat="45.8477214" lon="7.5446543">
        <ele>2359</ele>
      </trkpt>
      <trkpt lat="45.8477254" lon="7.5446803">
        <ele>2359</ele>
      </trkpt>
      <trkpt lat="45.8477314" lon="7.5447103">
        <ele>2359</ele>
      </trkpt>
      <trkpt lat="45.8477534" lon="7.5447443">
        <ele>2360</ele>
      </trkpt>
      <trkpt lat="45.8477604" lon="7.5447573">
        <ele>2360</ele>
      </trkpt>
      <trkpt lat="45.8477714" lon="7.5447843">
        <ele>2360</ele>
      </trkpt>
      <trkpt lat="45.8477834" lon="7.5448093">
        <ele>2360</ele>
      </trkpt>
      <trkpt lat="45.8478055" lon="7.5448517">
        <ele>2360</ele>
      </trkpt>
      <trkpt lat="45.8478285" lon="7.5448757">
        <ele>2360</ele>
      </trkpt>
      <trkpt lat="45.8478635" lon="7.5449107">
        <ele>2361</ele>
      </trkpt>
      <trkpt lat="45.8478835" lon="7.5449307">
        <ele>2361</ele>
      </trkpt>
      <trkpt lat="45.8479305" lon="7.5449887">
        <ele>2361</ele>
      </trkpt>
      <trkpt lat="45.8479415" lon="7.5451067">
        <ele>2361</ele>
      </trkpt>
      <trkpt lat="45.8479465" lon="7.5451717">
        <ele>2361</ele>
      </trkpt>
      <trkpt lat="45.8479535" lon="7.5452367">
        <ele>2361</ele>
      </trkpt>
      <trkpt lat="45.8479435" lon="7.5453717">
        <ele>2362</ele>
      </trkpt>
      <trkpt lat="45.8479355" lon="7.5454317">
        <ele>2362</ele>
      </trkpt>
      <trkpt lat="45.8479455" lon="7.5454787">
        <ele>2362</ele>
      </trkpt>
      <trkpt lat="45.8479755" lon="7.5455087">
        <ele>2362</ele>
      </trkpt>
      <trkpt lat="45.8480105" lon="7.5455157">
        <ele>2362</ele>
      </trkpt>
      <trkpt lat="45.8480405" lon="7.5455207">
        <ele>2362</ele>
      </trkpt>
      <trkpt lat="45.8480655" lon="7.5455307">
        <ele>2363</ele>
      </trkpt>
      <trkpt lat="45.8481215" lon="7.5455667">
        <ele>2363</ele>
      </trkpt>
      <trkpt lat="45.8481485" lon="7.5455937">
        <ele>2363</ele>
      </trkpt>
      <trkpt lat="45.8481705" lon="7.5456237">
        <ele>2363</ele>
      </trkpt>
      <trkpt lat="45.8481885" lon="7.5456537">
        <ele>2363</ele>
      </trkpt>
      <trkpt lat="45.8482085" lon="7.5456887">
        <ele>2364</ele>
      </trkpt>
      <trkpt lat="45.8482635" lon="7.5457687">
        <ele>2364</ele>
      </trkpt>
      <trkpt lat="45.8483285" lon="7.5458717">
        <ele>2364</ele>
      </trkpt>
      <trkpt lat="45.8483635" lon="7.5459337">
        <ele>2364</ele>
      </trkpt>
      <trkpt lat="45.8483915" lon="7.5460007">
        <ele>2364</ele>
      </trkpt>
      <trkpt lat="45.8484315" lon="7.5461457">
        <ele>2364</ele>
      </trkpt>
      <trkpt lat="45.8484415" lon="7.5462167">
        <ele>2365</ele>
      </trkpt>
      <trkpt lat="45.8484515" lon="7.5462837">
        <ele>2365</ele>
      </trkpt>
      <trkpt lat="45.8484665" lon="7.5463467">
        <ele>2365</ele>
      </trkpt>
      <trkpt lat="45.8484805" lon="7.5464086">
        <ele>2365</ele>
      </trkpt>
      <trkpt lat="45.8485085" lon="7.5465136">
        <ele>2365</ele>
      </trkpt>
      <trkpt lat="45.8485315" lon="7.5465556">
        <ele>2365</ele>
      </trkpt>
      <trkpt lat="45.8485585" lon="7.5465906">
        <ele>2366</ele>
      </trkpt>
      <trkpt lat="45.8485815" lon="7.5466216">
        <ele>2366</ele>
      </trkpt>
      <trkpt lat="45.8486005" lon="7.5466536">
        <ele>2366</ele>
      </trkpt>
      <trkpt lat="45.8486155" lon="7.5466866">
        <ele>2366</ele>
      </trkpt>
      <trkpt lat="45.8486215" lon="7.5467236">
        <ele>2366</ele>
      </trkpt>
      <trkpt lat="45.8486235" lon="7.5467666">
        <ele>2366</ele>
      </trkpt>
      <trkpt lat="45.8486215" lon="7.5468136">
        <ele>2367</ele>
      </trkpt>
      <trkpt lat="45.8486205" lon="7.5468656">
        <ele>2367</ele>
      </trkpt>
      <trkpt lat="45.8486155" lon="7.5469116">
        <ele>2367</ele>
      </trkpt>
      <trkpt lat="45.8486115" lon="7.5469456">
        <ele>2367</ele>
      </trkpt>
      <trkpt lat="45.8486235" lon="7.5469686">
        <ele>2367</ele>
      </trkpt>
      <trkpt lat="45.8486455" lon="7.5469916">
        <ele>2368</ele>
      </trkpt>
      <trkpt lat="45.8486735" lon="7.5470236">
        <ele>2368</ele>
      </trkpt>
      <trkpt lat="45.8487055" lon="7.5470616">
        <ele>2368</ele>
      </trkpt>
      <trkpt lat="45.8487335" lon="7.5471016">
        <ele>2368</ele>
      </trkpt>
      <trkpt lat="45.8487555" lon="7.5471516">
        <ele>2368</ele>
      </trkpt>
      <trkpt lat="45.8487755" lon="7.5471966">
        <ele>2368</ele>
      </trkpt>
      <trkpt lat="45.8488015" lon="7.5472316">
        <ele>2369</ele>
      </trkpt>
      <trkpt lat="45.8488305" lon="7.5472506">
        <ele>2369</ele>
      </trkpt>
      <trkpt lat="45.8488585" lon="7.5472606">
        <ele>2369</ele>
      </trkpt>
      <trkpt lat="45.8488855" lon="7.5472636">
        <ele>2369</ele>
      </trkpt>
      <trkpt lat="45.8489085" lon="7.5472756">
        <ele>2369</ele>
      </trkpt>
      <trkpt lat="45.8489305" lon="7.5472906">
        <ele>2369</ele>
      </trkpt>
      <trkpt lat="45.8489515" lon="7.5473106">
        <ele>2370</ele>
      </trkpt>
      <trkpt lat="45.8489735" lon="7.5473386">
        <ele>2370</ele>
      </trkpt>
      <trkpt lat="45.8489955" lon="7.5473656">
        <ele>2370</ele>
      </trkpt>
      <trkpt lat="45.8490185" lon="7.5473886">
        <ele>2370</ele>
      </trkpt>
      <trkpt lat="45.8490515" lon="7.5474366">
        <ele>2370</ele>
      </trkpt>
      <trkpt lat="45.8490655" lon="7.5474686">
        <ele>2370</ele>
      </trkpt>
      <trkpt lat="45.8490865" lon="7.5475006">
        <ele>2371</ele>
      </trkpt>
      <trkpt lat="45.8491165" lon="7.5475256">
        <ele>2371</ele>
      </trkpt>
      <trkpt lat="45.8491435" lon="7.5475406">
        <ele>2371</ele>
      </trkpt>
      <trkpt lat="45.8491934" lon="7.5475706">
        <ele>2371</ele>
      </trkpt>
      <trkpt lat="45.8492184" lon="7.5475866">
        <ele>2371</ele>
      </trkpt>
      <trkpt lat="45.8492434" lon="7.5475956">
        <ele>2372</ele>
      </trkpt>
      <trkpt lat="45.8492654" lon="7.5476036">
        <ele>2372</ele>
      </trkpt>
      <trkpt lat="45.8492904" lon="7.5476186">
        <ele>2372</ele>
      </trkpt>
      <trkpt lat="45.8493414" lon="7.5476556">
        <ele>2372</ele>
      </trkpt>
      <trkpt lat="45.8493664" lon="7.5476636">
        <ele>2372</ele>
      </trkpt>
      <trkpt lat="45.8493934" lon="7.5476716">
        <ele>2372</ele>
      </trkpt>
      <trkpt lat="45.8494204" lon="7.5476906">
        <ele>2373</ele>
      </trkpt>
      <trkpt lat="45.8494464" lon="7.5477166">
        <ele>2373</ele>
      </trkpt>
      <trkpt lat="45.8494954" lon="7.5477636">
        <ele>2373</ele>
      </trkpt>
      <trkpt lat="45.8495184" lon="7.5477936">
        <ele>2373</ele>
      </trkpt>
      <trkpt lat="45.8495434" lon="7.5478236">
        <ele>2373</ele>
      </trkpt>
      <trkpt lat="45.8495684" lon="7.5478456">
        <ele>2373</ele>
      </trkpt>
      <trkpt lat="45.8496184" lon="7.5478766">
        <ele>2374</ele>
      </trkpt>
      <trkpt lat="45.8496464" lon="7.5478986">
        <ele>2374</ele>
      </trkpt>
      <trkpt lat="45.8497134" lon="7.5479606">
        <ele>2374</ele>
      </trkpt>
      <trkpt lat="45.8497414" lon="7.5480006">
        <ele>2374</ele>
      </trkpt>
      <trkpt lat="45.8497604" lon="7.5480356">
        <ele>2374</ele>
      </trkpt>
      <trkpt lat="45.8497854" lon="7.5481166">
        <ele>2374</ele>
      </trkpt>
      <trkpt lat="45.8497964" lon="7.5481616">
        <ele>2375</ele>
      </trkpt>
      <trkpt lat="45.8498304" lon="7.5482466">
        <ele>2375</ele>
      </trkpt>
      <trkpt lat="45.8498454" lon="7.5482856">
        <ele>2375</ele>
      </trkpt>
      <trkpt lat="45.8498634" lon="7.5483216">
        <ele>2375</ele>
      </trkpt>
      <trkpt lat="45.8499114" lon="7.5483956">
        <ele>2375</ele>
      </trkpt>
      <trkpt lat="45.8499364" lon="7.5484236">
        <ele>2375</ele>
      </trkpt>
      <trkpt lat="45.8499734" lon="7.5484656">
        <ele>2376</ele>
      </trkpt>
      <trkpt lat="45.8499884" lon="7.5484816">
        <ele>2376</ele>
      </trkpt>
      <trkpt lat="45.8500054" lon="7.5485006">
        <ele>2376</ele>
      </trkpt>
      <trkpt lat="45.8500404" lon="7.5485416">
        <ele>2376</ele>
      </trkpt>
      <trkpt lat="45.8500564" lon="7.5485656">
        <ele>2376</ele>
      </trkpt>
      <trkpt lat="45.8500864" lon="7.5486156">
        <ele>2377</ele>
      </trkpt>
      <trkpt lat="45.8500984" lon="7.5486406">
        <ele>2377</ele>
      </trkpt>
      <trkpt lat="45.8501134" lon="7.5486716">
        <ele>2377</ele>
      </trkpt>
      <trkpt lat="45.8501554" lon="7.5487586">
        <ele>2377</ele>
      </trkpt>
      <trkpt lat="45.8501754" lon="7.5488006">
        <ele>2377</ele>
      </trkpt>
      <trkpt lat="45.8502084" lon="7.5488556">
        <ele>2377</ele>
      </trkpt>
      <trkpt lat="45.8502234" lon="7.5488806">
        <ele>2378</ele>
      </trkpt>
      <trkpt lat="45.8502404" lon="7.5489066">
        <ele>2378</ele>
      </trkpt>
      <trkpt lat="45.8502734" lon="7.5489556">
        <ele>2378</ele>
      </trkpt>
      <trkpt lat="45.8502884" lon="7.5489816">
        <ele>2378</ele>
      </trkpt>
      <trkpt lat="45.8503184" lon="7.5490366">
        <ele>2378</ele>
      </trkpt>
      <trkpt lat="45.8503354" lon="7.5490706">
        <ele>2378</ele>
      </trkpt>
      <trkpt lat="45.8503554" lon="7.5491056">
        <ele>2379</ele>
      </trkpt>
      <trkpt lat="45.8503914" lon="7.5491606">
        <ele>2379</ele>
      </trkpt>
      <trkpt lat="45.8504104" lon="7.5491856">
        <ele>2379</ele>
      </trkpt>
      <trkpt lat="45.8504484" lon="7.5492306">
        <ele>2379</ele>
      </trkpt>
      <trkpt lat="45.8504634" lon="7.5492556">
        <ele>2379</ele>
      </trkpt>
      <trkpt lat="45.8504764" lon="7.5492816">
        <ele>2379</ele>
      </trkpt>
      <trkpt lat="45.8505064" lon="7.5493356">
        <ele>2380</ele>
      </trkpt>
      <trkpt lat="45.8505214" lon="7.5493586">
        <ele>2380</ele>
      </trkpt>
      <trkpt lat="45.8505464" lon="7.5494166">
        <ele>2380</ele>
      </trkpt>
      <trkpt lat="45.8505584" lon="7.5494506">
        <ele>2380</ele>
      </trkpt>
      <trkpt lat="45.8505714" lon="7.5494816">
        <ele>2380</ele>
      </trkpt>
      <trkpt lat="45.8506004" lon="7.5495366">
        <ele>2381</ele>
      </trkpt>
      <trkpt lat="45.8506154" lon="7.5495606">
        <ele>2381</ele>
      </trkpt>
      <trkpt lat="45.8506434" lon="7.5496016">
        <ele>2381</ele>
      </trkpt>
      <trkpt lat="45.8506564" lon="7.5496266">
        <ele>2381</ele>
      </trkpt>
      <trkpt lat="45.8506684" lon="7.5496556">
        <ele>2381</ele>
      </trkpt>
      <trkpt lat="45.8506934" lon="7.5497166">
        <ele>2381</ele>
      </trkpt>
      <trkpt lat="45.8507054" lon="7.5497466">
        <ele>2382</ele>
      </trkpt>
      <trkpt lat="45.8507254" lon="7.5498056">
        <ele>2382</ele>
      </trkpt>
      <trkpt lat="45.8507334" lon="7.5498356">
        <ele>2382</ele>
      </trkpt>
      <trkpt lat="45.8507414" lon="7.5498686">
        <ele>2382</ele>
      </trkpt>
      <trkpt lat="45.8507554" lon="7.5499356">
        <ele>2382</ele>
      </trkpt>
      <trkpt lat="45.8507604" lon="7.5499706">
        <ele>2382</ele>
      </trkpt>
      <trkpt lat="45.8507684" lon="7.5500386">
        <ele>2383</ele>
      </trkpt>
      <trkpt lat="45.8507764" lon="7.5500686">
        <ele>2383</ele>
      </trkpt>
      <trkpt lat="45.8507904" lon="7.5500956">
        <ele>2383</ele>
      </trkpt>
      <trkpt lat="45.8508204" lon="7.5501436">
        <ele>2383</ele>
      </trkpt>
      <trkpt lat="45.8508304" lon="7.5501706">
        <ele>2383</ele>
      </trkpt>
      <trkpt lat="45.8508454" lon="7.5502306">
        <ele>2383</ele>
      </trkpt>
      <trkpt lat="45.8508534" lon="7.5502606">
        <ele>2384</ele>
      </trkpt>
      <trkpt lat="45.8508634" lon="7.5502906">
        <ele>2384</ele>
      </trkpt>
      <trkpt lat="45.8508884" lon="7.5503336">
        <ele>2384</ele>
      </trkpt>
      <trkpt lat="45.8509264" lon="7.5503956">
        <ele>2384</ele>
      </trkpt>
      <trkpt lat="45.8509404" lon="7.5504166">
        <ele>2384</ele>
      </trkpt>
      <trkpt lat="45.8509534" lon="7.5504406">
        <ele>2385</ele>
      </trkpt>
      <trkpt lat="45.8509784" lon="7.5504836">
        <ele>2385</ele>
      </trkpt>
      <trkpt lat="45.8509914" lon="7.5505066">
        <ele>2385</ele>
      </trkpt>
      <trkpt lat="45.8510134" lon="7.5505566">
        <ele>2385</ele>
      </trkpt>
      <trkpt lat="45.8510334" lon="7.5505966">
        <ele>2385</ele>
      </trkpt>
      <trkpt lat="45.8510514" lon="7.5506566">
        <ele>2385</ele>
      </trkpt>
      <trkpt lat="45.8510614" lon="7.5507016">
        <ele>2386</ele>
      </trkpt>
      <trkpt lat="45.8510854" lon="7.5508106">
        <ele>2386</ele>
      </trkpt>
      <trkpt lat="45.8511064" lon="7.5508586">
        <ele>2386</ele>
      </trkpt>
      <trkpt lat="45.8511284" lon="7.5509016">
        <ele>2386</ele>
      </trkpt>
      <trkpt lat="45.8511604" lon="7.5509816">
        <ele>2386</ele>
      </trkpt>
      <trkpt lat="45.8511714" lon="7.5510256">
        <ele>2386</ele>
      </trkpt>
      <trkpt lat="45.8511954" lon="7.5511106">
        <ele>2387</ele>
      </trkpt>
      <trkpt lat="45.8512104" lon="7.5511486">
        <ele>2387</ele>
      </trkpt>
      <trkpt lat="45.8512284" lon="7.5511836">
        <ele>2387</ele>
      </trkpt>
      <trkpt lat="45.8512604" lon="7.5512506">
        <ele>2387</ele>
      </trkpt>
      <trkpt lat="45.8512734" lon="7.5512806">
        <ele>2387</ele>
      </trkpt>
      <trkpt lat="45.8513034" lon="7.5513386">
        <ele>2387</ele>
      </trkpt>
      <trkpt lat="45.8513184" lon="7.5513756">
        <ele>2388</ele>
      </trkpt>
      <trkpt lat="45.8513314" lon="7.5514166">
        <ele>2388</ele>
      </trkpt>
      <trkpt lat="45.8513564" lon="7.5514866">
        <ele>2388</ele>
      </trkpt>
      <trkpt lat="45.8513734" lon="7.5515166">
        <ele>2388</ele>
      </trkpt>
      <trkpt lat="45.8514084" lon="7.5515786">
        <ele>2388</ele>
      </trkpt>
      <trkpt lat="45.8514254" lon="7.5516116">
        <ele>2389</ele>
      </trkpt>
      <trkpt lat="45.8514454" lon="7.5516516">
        <ele>2389</ele>
      </trkpt>
      <trkpt lat="45.8514764" lon="7.5517386">
        <ele>2389</ele>
      </trkpt>
      <trkpt lat="45.8514884" lon="7.5517856">
        <ele>2389</ele>
      </trkpt>
      <trkpt lat="45.8515183" lon="7.5518766">
        <ele>2389</ele>
      </trkpt>
      <trkpt lat="45.8515333" lon="7.5519206">
        <ele>2389</ele>
      </trkpt>
      <trkpt lat="45.8515463" lon="7.5519566">
        <ele>2390</ele>
      </trkpt>
      <trkpt lat="45.8515783" lon="7.5520236">
        <ele>2390</ele>
      </trkpt>
      <trkpt lat="45.8515963" lon="7.5520536">
        <ele>2390</ele>
      </trkpt>
      <trkpt lat="45.8516253" lon="7.5521266">
        <ele>2390</ele>
      </trkpt>
      <trkpt lat="45.8516333" lon="7.5521716">
        <ele>2390</ele>
      </trkpt>
      <trkpt lat="45.8516363" lon="7.5522236">
        <ele>2390</ele>
      </trkpt>
      <trkpt lat="45.8516413" lon="7.5522786">
        <ele>2391</ele>
      </trkpt>
      <trkpt lat="45.8516513" lon="7.5523416">
        <ele>2391</ele>
      </trkpt>
      <trkpt lat="45.8516633" lon="7.5524066">
        <ele>2391</ele>
      </trkpt>
      <trkpt lat="45.8516783" lon="7.5524536">
        <ele>2391</ele>
      </trkpt>
      <trkpt lat="45.8516963" lon="7.5524856">
        <ele>2391</ele>
      </trkpt>
      <trkpt lat="45.8517153" lon="7.5525116">
        <ele>2391</ele>
      </trkpt>
      <trkpt lat="45.8517353" lon="7.5525366">
        <ele>2392</ele>
      </trkpt>
      <trkpt lat="45.8517563" lon="7.5525566">
        <ele>2392</ele>
      </trkpt>
      <trkpt lat="45.8517953" lon="7.5526136">
        <ele>2392</ele>
      </trkpt>
      <trkpt lat="45.8518103" lon="7.5526516">
        <ele>2392</ele>
      </trkpt>
      <trkpt lat="45.8518403" lon="7.5527216">
        <ele>2392</ele>
      </trkpt>
      <trkpt lat="45.8518533" lon="7.5527556">
        <ele>2393</ele>
      </trkpt>
      <trkpt lat="45.8518653" lon="7.5527916">
        <ele>2393</ele>
      </trkpt>
      <trkpt lat="45.8518763" lon="7.5528736">
        <ele>2393</ele>
      </trkpt>
      <trkpt lat="45.8518783" lon="7.5529166">
        <ele>2393</ele>
      </trkpt>
      <trkpt lat="45.8518833" lon="7.5530006">
        <ele>2393</ele>
      </trkpt>
      <trkpt lat="45.8518853" lon="7.5530816">
        <ele>2393</ele>
      </trkpt>
      <trkpt lat="45.8518963" lon="7.5531656">
        <ele>2394</ele>
      </trkpt>
      <trkpt lat="45.8519053" lon="7.5532066">
        <ele>2394</ele>
      </trkpt>
      <trkpt lat="45.8519283" lon="7.5532786">
        <ele>2394</ele>
      </trkpt>
      <trkpt lat="45.8519433" lon="7.5533106">
        <ele>2394</ele>
      </trkpt>
      <trkpt lat="45.8519613" lon="7.5533386">
        <ele>2394</ele>
      </trkpt>
      <trkpt lat="45.8520133" lon="7.5533606">
        <ele>2394</ele>
      </trkpt>
      <trkpt lat="45.8520433" lon="7.5533606">
        <ele>2395</ele>
      </trkpt>
      <trkpt lat="45.8521003" lon="7.5533656">
        <ele>2395</ele>
      </trkpt>
      <trkpt lat="45.8521233" lon="7.5533736">
        <ele>2395</ele>
      </trkpt>
      <trkpt lat="45.8521433" lon="7.5533856">
        <ele>2395</ele>
      </trkpt>
      <trkpt lat="45.8521783" lon="7.5534306">
        <ele>2395</ele>
      </trkpt>
      <trkpt lat="45.8522003" lon="7.5534556">
        <ele>2395</ele>
      </trkpt>
      <trkpt lat="45.8522463" lon="7.5535006">
        <ele>2396</ele>
      </trkpt>
      <trkpt lat="45.8522913" lon="7.5535416">
        <ele>2396</ele>
      </trkpt>
      <trkpt lat="45.8523333" lon="7.5535956">
        <ele>2396</ele>
      </trkpt>
      <trkpt lat="45.8523533" lon="7.5536166">
        <ele>2396</ele>
      </trkpt>
      <trkpt lat="45.8523953" lon="7.5536686">
        <ele>2396</ele>
      </trkpt>
      <trkpt lat="45.8524363" lon="7.5537286">
        <ele>2397</ele>
      </trkpt>
      <trkpt lat="45.8524763" lon="7.5537936">
        <ele>2397</ele>
      </trkpt>
      <trkpt lat="45.8524983" lon="7.5538236">
        <ele>2397</ele>
      </trkpt>
      <trkpt lat="45.8525383" lon="7.5538866">
        <ele>2397</ele>
      </trkpt>
      <trkpt lat="45.8525583" lon="7.5539186">
        <ele>2397</ele>
      </trkpt>
      <trkpt lat="45.8525783" lon="7.5539506">
        <ele>2397</ele>
      </trkpt>
      <trkpt lat="45.8526163" lon="7.5540156">
        <ele>2398</ele>
      </trkpt>
      <trkpt lat="45.8526353" lon="7.5540486">
        <ele>2398</ele>
      </trkpt>
      <trkpt lat="45.8526733" lon="7.5541186">
        <ele>2398</ele>
      </trkpt>
      <trkpt lat="45.8526903" lon="7.5541556">
        <ele>2398</ele>
      </trkpt>
      <trkpt lat="45.8527033" lon="7.5541956">
        <ele>2398</ele>
      </trkpt>
      <trkpt lat="45.8527163" lon="7.5542366">
        <ele>2398</ele>
      </trkpt>
      <trkpt lat="45.8527463" lon="7.5543206">
        <ele>2399</ele>
      </trkpt>
      <trkpt lat="45.8527633" lon="7.5543566">
        <ele>2399</ele>
      </trkpt>
      <trkpt lat="45.8527813" lon="7.5543886">
        <ele>2399</ele>
      </trkpt>
      <trkpt lat="45.8528263" lon="7.5543986">
        <ele>2399</ele>
      </trkpt>
      <trkpt lat="45.8528513" lon="7.5543856">
        <ele>2399</ele>
      </trkpt>
      <trkpt lat="45.8528763" lon="7.5543656">
        <ele>2399</ele>
      </trkpt>
      <trkpt lat="45.8529053" lon="7.5543466">
        <ele>2400</ele>
      </trkpt>
      <trkpt lat="45.8529313" lon="7.5543316">
        <ele>2400</ele>
      </trkpt>
      <trkpt lat="45.8529583" lon="7.5543186">
        <ele>2400</ele>
      </trkpt>
      <trkpt lat="45.8529833" lon="7.5543056">
        <ele>2400</ele>
      </trkpt>
      <trkpt lat="45.8530103" lon="7.5542906">
        <ele>2400</ele>
      </trkpt>
      <trkpt lat="45.8530383" lon="7.5542716">
        <ele>2400</ele>
      </trkpt>
      <trkpt lat="45.8530683" lon="7.5542536">
        <ele>2401</ele>
      </trkpt>
      <trkpt lat="45.8530983" lon="7.5542436">
        <ele>2401</ele>
      </trkpt>
      <trkpt lat="45.8531263" lon="7.5542406">
        <ele>2401</ele>
      </trkpt>
      <trkpt lat="45.8531563" lon="7.5542436">
        <ele>2401</ele>
      </trkpt>
      <trkpt lat="45.8531853" lon="7.5542486">
        <ele>2401</ele>
      </trkpt>
      <trkpt lat="45.8532163" lon="7.5542516">
        <ele>2402</ele>
      </trkpt>
      <trkpt lat="45.8532463" lon="7.5542566">
        <ele>2402</ele>
      </trkpt>
      <trkpt lat="45.8532753" lon="7.5542686">
        <ele>2402</ele>
      </trkpt>
      <trkpt lat="45.8533053" lon="7.5542836">
        <ele>2402</ele>
      </trkpt>
      <trkpt lat="45.8533333" lon="7.5542956">
        <ele>2402</ele>
      </trkpt>
      <trkpt lat="45.8533613" lon="7.5543036">
        <ele>2402</ele>
      </trkpt>
      <trkpt lat="45.8533903" lon="7.5543116">
        <ele>2403</ele>
      </trkpt>
      <trkpt lat="45.8534153" lon="7.5543166">
        <ele>2403</ele>
      </trkpt>
      <trkpt lat="45.8534403" lon="7.5543156">
        <ele>2403</ele>
      </trkpt>
      <trkpt lat="45.8535463" lon="7.5542606">
        <ele>2403</ele>
      </trkpt>
      <trkpt lat="45.8536003" lon="7.5542386">
        <ele>2403</ele>
      </trkpt>
      <trkpt lat="45.8536263" lon="7.5542266">
        <ele>2403</ele>
      </trkpt>
      <trkpt lat="45.8536503" lon="7.5542066">
        <ele>2404</ele>
      </trkpt>
      <trkpt lat="45.8536933" lon="7.5541516">
        <ele>2404</ele>
      </trkpt>
      <trkpt lat="45.8537113" lon="7.5541186">
        <ele>2404</ele>
      </trkpt>
      <trkpt lat="45.8537333" lon="7.5540866">
        <ele>2404</ele>
      </trkpt>
      <trkpt lat="45.8537553" lon="7.5540536">
        <ele>2404</ele>
      </trkpt>
      <trkpt lat="45.8537763" lon="7.5540216">
        <ele>2404</ele>
      </trkpt>
      <trkpt lat="45.8537953" lon="7.5539906">
        <ele>2405</ele>
      </trkpt>
      <trkpt lat="45.8538163" lon="7.5539656">
        <ele>2405</ele>
      </trkpt>
      <trkpt lat="45.8538433" lon="7.5539506">
        <ele>2405</ele>
      </trkpt>
      <trkpt lat="45.8538683" lon="7.5539406">
        <ele>2405</ele>
      </trkpt>
      <trkpt lat="45.8538953" lon="7.5539316">
        <ele>2405</ele>
      </trkpt>
      <trkpt lat="45.8539233" lon="7.5539206">
        <ele>2406</ele>
      </trkpt>
      <trkpt lat="45.8539503" lon="7.5538986">
        <ele>2406</ele>
      </trkpt>
      <trkpt lat="45.8539683" lon="7.5538766">
        <ele>2406</ele>
      </trkpt>
      <trkpt lat="45.8539803" lon="7.5538556">
        <ele>2406</ele>
      </trkpt>
      <trkpt lat="45.8540253" lon="7.5537166">
        <ele>2406</ele>
      </trkpt>
      <trkpt lat="45.8541013" lon="7.5535916">
        <ele>2406</ele>
      </trkpt>
      <trkpt lat="45.8541883" lon="7.5535066">
        <ele>2407</ele>
      </trkpt>
      <trkpt lat="45.8542083" lon="7.5534916">
        <ele>2407</ele>
      </trkpt>
      <trkpt lat="45.8542303" lon="7.5534756">
        <ele>2407</ele>
      </trkpt>
      <trkpt lat="45.8542463" lon="7.5534556">
        <ele>2407</ele>
      </trkpt>
      <trkpt lat="45.8543163" lon="7.5533686">
        <ele>2407</ele>
      </trkpt>
      <trkpt lat="45.8543713" lon="7.5532716">
        <ele>2407</ele>
      </trkpt>
      <trkpt lat="45.8544363" lon="7.5532256">
        <ele>2408</ele>
      </trkpt>
      <trkpt lat="45.8544753" lon="7.5531836">
        <ele>2408</ele>
      </trkpt>
      <trkpt lat="45.8544913" lon="7.5531606">
        <ele>2408</ele>
      </trkpt>
      <trkpt lat="45.8545213" lon="7.5531116">
        <ele>2408</ele>
      </trkpt>
      <trkpt lat="45.8545303" lon="7.5530836">
        <ele>2408</ele>
      </trkpt>
      <trkpt lat="45.8545363" lon="7.5530506">
        <ele>2408</ele>
      </trkpt>
      <trkpt lat="45.8545453" lon="7.5529836">
        <ele>2409</ele>
      </trkpt>
      <trkpt lat="45.8545463" lon="7.5529506">
        <ele>2409</ele>
      </trkpt>
      <trkpt lat="45.8545803" lon="7.5528106">
        <ele>2409</ele>
      </trkpt>
      <trkpt lat="45.8546183" lon="7.5527316">
        <ele>2409</ele>
      </trkpt>
      <trkpt lat="45.8546483" lon="7.5526456">
        <ele>2409</ele>
      </trkpt>
      <trkpt lat="45.8546653" lon="7.5525056">
        <ele>2410</ele>
      </trkpt>
      <trkpt lat="45.8546203" lon="7.5524116">
        <ele>2410</ele>
      </trkpt>
      <trkpt lat="45.8546653" lon="7.5523036">
        <ele>2410</ele>
      </trkpt>
      <trkpt lat="45.8546813" lon="7.5522716">
        <ele>2410</ele>
      </trkpt>
      <trkpt lat="45.8547083" lon="7.5522056">
        <ele>2410</ele>
      </trkpt>
      <trkpt lat="45.8547163" lon="7.5521686">
        <ele>2410</ele>
      </trkpt>
      <trkpt lat="45.8547213" lon="7.5521366">
        <ele>2411</ele>
      </trkpt>
      <trkpt lat="45.8547163" lon="7.5520866">
        <ele>2411</ele>
      </trkpt>
      <trkpt lat="45.8547083" lon="7.5520636">
        <ele>2411</ele>
      </trkpt>
      <trkpt lat="45.8546913" lon="7.5520036">
        <ele>2411</ele>
      </trkpt>
      <trkpt lat="45.8546933" lon="7.5519666">
        <ele>2411</ele>
      </trkpt>
      <trkpt lat="45.8547403" lon="7.5518957">
        <ele>2411</ele>
      </trkpt>
      <trkpt lat="45.8547613" lon="7.5518767">
        <ele>2412</ele>
      </trkpt>
      <trkpt lat="45.8548133" lon="7.5518407">
        <ele>2412</ele>
      </trkpt>
      <trkpt lat="45.8548333" lon="7.5518257">
        <ele>2412</ele>
      </trkpt>
      <trkpt lat="45.8548503" lon="7.5518107">
        <ele>2412</ele>
      </trkpt>
      <trkpt lat="45.8548883" lon="7.5517817">
        <ele>2412</ele>
      </trkpt>
      <trkpt lat="45.8549103" lon="7.5517667">
        <ele>2412</ele>
      </trkpt>
      <trkpt lat="45.8549353" lon="7.5517237">
        <ele>2413</ele>
      </trkpt>
      <trkpt lat="45.8549433" lon="7.5516957">
        <ele>2413</ele>
      </trkpt>
      <trkpt lat="45.8549553" lon="7.5516687">
        <ele>2413</ele>
      </trkpt>
      <trkpt lat="45.8549713" lon="7.5516037">
        <ele>2413</ele>
      </trkpt>
      <trkpt lat="45.8549813" lon="7.5515667">
        <ele>2413</ele>
      </trkpt>
      <trkpt lat="45.8550113" lon="7.5515037">
        <ele>2414</ele>
      </trkpt>
      <trkpt lat="45.8550233" lon="7.5514737">
        <ele>2414</ele>
      </trkpt>
      <trkpt lat="45.8550263" lon="7.5514437">
        <ele>2414</ele>
      </trkpt>
      <trkpt lat="45.8550233" lon="7.5513817">
        <ele>2414</ele>
      </trkpt>
      <trkpt lat="45.8550203" lon="7.5513457">
        <ele>2414</ele>
      </trkpt>
      <trkpt lat="45.8550013" lon="7.5512807">
        <ele>2414</ele>
      </trkpt>
      <trkpt lat="45.8549703" lon="7.5512207">
        <ele>2415</ele>
      </trkpt>
      <trkpt lat="45.8549433" lon="7.5511457">
        <ele>2415</ele>
      </trkpt>
      <trkpt lat="45.8549303" lon="7.5511137">
        <ele>2415</ele>
      </trkpt>
      <trkpt lat="45.8548933" lon="7.5510587">
        <ele>2415</ele>
      </trkpt>
      <trkpt lat="45.8548753" lon="7.5510387">
        <ele>2415</ele>
      </trkpt>
      <trkpt lat="45.8548613" lon="7.5510117">
        <ele>2415</ele>
      </trkpt>
      <trkpt lat="45.8548463" lon="7.5509517">
        <ele>2416</ele>
      </trkpt>
      <trkpt lat="45.8548463" lon="7.5509187">
        <ele>2416</ele>
      </trkpt>
      <trkpt lat="45.8548613" lon="7.5508407">
        <ele>2416</ele>
      </trkpt>
      <trkpt lat="45.8548713" lon="7.5508007">
        <ele>2416</ele>
      </trkpt>
      <trkpt lat="45.8548813" lon="7.5507617">
        <ele>2416</ele>
      </trkpt>
      <trkpt lat="45.8549013" lon="7.5507017">
        <ele>2416</ele>
      </trkpt>
      <trkpt lat="45.8549113" lon="7.5506707">
        <ele>2417</ele>
      </trkpt>
      <trkpt lat="45.8549403" lon="7.5506107">
        <ele>2417</ele>
      </trkpt>
      <trkpt lat="45.8549533" lon="7.5505807">
        <ele>2417</ele>
      </trkpt>
      <trkpt lat="45.8549653" lon="7.5505507">
        <ele>2417</ele>
      </trkpt>
      <trkpt lat="45.8549903" lon="7.5504857">
        <ele>2417</ele>
      </trkpt>
      <trkpt lat="45.8550033" lon="7.5504507">
        <ele>2418</ele>
      </trkpt>
      <trkpt lat="45.8550213" lon="7.5503787">
        <ele>2418</ele>
      </trkpt>
      <trkpt lat="45.8550253" lon="7.5503437">
        <ele>2418</ele>
      </trkpt>
      <trkpt lat="45.8550233" lon="7.5503087">
        <ele>2418</ele>
      </trkpt>
      <trkpt lat="45.8550333" lon="7.5502407">
        <ele>2418</ele>
      </trkpt>
      <trkpt lat="45.8550403" lon="7.5502067">
        <ele>2418</ele>
      </trkpt>
      <trkpt lat="45.8550603" lon="7.5501457">
        <ele>2419</ele>
      </trkpt>
      <trkpt lat="45.8550733" lon="7.5501187">
        <ele>2419</ele>
      </trkpt>
      <trkpt lat="45.8550933" lon="7.5500957">
        <ele>2419</ele>
      </trkpt>
      <trkpt lat="45.8551303" lon="7.5500407">
        <ele>2419</ele>
      </trkpt>
      <trkpt lat="45.8551453" lon="7.5500137">
        <ele>2419</ele>
      </trkpt>
      <trkpt lat="45.8551633" lon="7.5499517">
        <ele>2419</ele>
      </trkpt>
      <trkpt lat="45.8551653" lon="7.5499157">
        <ele>2420</ele>
      </trkpt>
      <trkpt lat="45.8551713" lon="7.5498837">
        <ele>2420</ele>
      </trkpt>
      <trkpt lat="45.8551983" lon="7.5498257">
        <ele>2420</ele>
      </trkpt>
      <trkpt lat="45.8552113" lon="7.5497957">
        <ele>2420</ele>
      </trkpt>
      <trkpt lat="45.8552213" lon="7.5497607">
        <ele>2420</ele>
      </trkpt>
      <trkpt lat="45.8552383" lon="7.5496907">
        <ele>2420</ele>
      </trkpt>
      <trkpt lat="45.8552403" lon="7.5496607">
        <ele>2421</ele>
      </trkpt>
      <trkpt lat="45.8552353" lon="7.5495957">
        <ele>2421</ele>
      </trkpt>
      <trkpt lat="45.8552333" lon="7.5495607">
        <ele>2421</ele>
      </trkpt>
      <trkpt lat="45.8552353" lon="7.5494807">
        <ele>2421</ele>
      </trkpt>
      <trkpt lat="45.8552363" lon="7.5494437">
        <ele>2421</ele>
      </trkpt>
      <trkpt lat="45.8552403" lon="7.5494107">
        <ele>2422</ele>
      </trkpt>
      <trkpt lat="45.8552463" lon="7.5493437">
        <ele>2422</ele>
      </trkpt>
      <trkpt lat="45.8552503" lon="7.5493117">
        <ele>2422</ele>
      </trkpt>
      <trkpt lat="45.8552783" lon="7.5492557">
        <ele>2422</ele>
      </trkpt>
      <trkpt lat="45.8553013" lon="7.5492437">
        <ele>2422</ele>
      </trkpt>
      <trkpt lat="45.8553253" lon="7.5492367">
        <ele>2422</ele>
      </trkpt>
      <trkpt lat="45.8553713" lon="7.5492187">
        <ele>2423</ele>
      </trkpt>
      <trkpt lat="45.8553933" lon="7.5492067">
        <ele>2423</ele>
      </trkpt>
      <trkpt lat="45.8554353" lon="7.5491917">
        <ele>2423</ele>
      </trkpt>
      <trkpt lat="45.8554653" lon="7.5491837">
        <ele>2423</ele>
      </trkpt>
      <trkpt lat="45.8555053" lon="7.5491757">
        <ele>2423</ele>
      </trkpt>
      <trkpt lat="45.8555920" lon="7.5491240">
        <ele>2423</ele>
      </trkpt>
      <trkpt lat="45.8556340" lon="7.5491310">
        <ele>2424</ele>
      </trkpt>
      <trkpt lat="45.8556970" lon="7.5491860">
        <ele>2424</ele>
      </trkpt>
      <trkpt lat="45.8557229" lon="7.5492042">
        <ele>2424</ele>
      </trkpt>
      <trkpt lat="45.8557473" lon="7.5491440">
        <ele>2424</ele>
      </trkpt>
      <trkpt lat="45.8557479" lon="7.5491436">
        <ele>2424</ele>
      </trkpt>
      <trkpt lat="45.8557680" lon="7.5491228">
        <ele>2424</ele>
      </trkpt>
      <trkpt lat="45.8558240" lon="7.5491179">
        <ele>2425</ele>
      </trkpt>
      <trkpt lat="45.8558503" lon="7.5490637">
        <ele>2425</ele>
      </trkpt>
      <trkpt lat="45.8558993" lon="7.5490405">
        <ele>2425</ele>
      </trkpt>
      <trkpt lat="45.8559141" lon="7.5490540">
        <ele>2425</ele>
      </trkpt>
      <trkpt lat="45.8559233" lon="7.5490837">
        <ele>2425</ele>
      </trkpt>
      <trkpt lat="45.8559303" lon="7.5491667">
        <ele>2426</ele>
      </trkpt>
      <trkpt lat="45.8559313" lon="7.5491987">
        <ele>2426</ele>
      </trkpt>
      <trkpt lat="45.8559463" lon="7.5492387">
        <ele>2426</ele>
      </trkpt>
      <trkpt lat="45.8559783" lon="7.5491707">
        <ele>2426</ele>
      </trkpt>
      <trkpt lat="45.8559842" lon="7.5491357">
        <ele>2426</ele>
      </trkpt>
      <trkpt lat="45.8560072" lon="7.5490568">
        <ele>2426</ele>
      </trkpt>
      <trkpt lat="45.8560170" lon="7.5490392">
        <ele>2427</ele>
      </trkpt>
      <trkpt lat="45.8560342" lon="7.5490438">
        <ele>2427</ele>
      </trkpt>
      <trkpt lat="45.8560508" lon="7.5490975">
        <ele>2427</ele>
      </trkpt>
      <trkpt lat="45.8560653" lon="7.5491257">
        <ele>2427</ele>
      </trkpt>
      <trkpt lat="45.8560681" lon="7.5491301">
        <ele>2427</ele>
      </trkpt>
      <trkpt lat="45.8560689" lon="7.5491306">
        <ele>2427</ele>
      </trkpt>
      <trkpt lat="45.8561042" lon="7.5491610">
        <ele>2428</ele>
      </trkpt>
      <trkpt lat="45.8561159" lon="7.5491921">
        <ele>2428</ele>
      </trkpt>
      <trkpt lat="45.8561179" lon="7.5492080">
        <ele>2428</ele>
      </trkpt>
      <trkpt lat="45.8561259" lon="7.5492719">
        <ele>2428</ele>
      </trkpt>
      <trkpt lat="45.8561453" lon="7.5493295">
        <ele>2428</ele>
      </trkpt>
      <trkpt lat="45.8561490" lon="7.5493331">
        <ele>2428</ele>
      </trkpt>
      <trkpt lat="45.8561748" lon="7.5493578">
        <ele>2429</ele>
      </trkpt>
      <trkpt lat="45.8561897" lon="7.5493783">
        <ele>2429</ele>
      </trkpt>
      <trkpt lat="45.8562132" lon="7.5494369">
        <ele>2429</ele>
      </trkpt>
      <trkpt lat="45.8562274" lon="7.5494714">
        <ele>2429</ele>
      </trkpt>
      <trkpt lat="45.8562414" lon="7.5494861">
        <ele>2429</ele>
      </trkpt>
      <trkpt lat="45.8562561" lon="7.5494927">
        <ele>2429</ele>
      </trkpt>
      <trkpt lat="45.8562828" lon="7.5494920">
        <ele>2430</ele>
      </trkpt>
      <trkpt lat="45.8563242" lon="7.5494886">
        <ele>2430</ele>
      </trkpt>
      <trkpt lat="45.8563479" lon="7.5495065">
        <ele>2430</ele>
      </trkpt>
      <trkpt lat="45.8563759" lon="7.5495325">
        <ele>2430</ele>
      </trkpt>
      <trkpt lat="45.8564070" lon="7.5495584">
        <ele>2430</ele>
      </trkpt>
      <trkpt lat="45.8564790" lon="7.5495426">
        <ele>2431</ele>
      </trkpt>
      <trkpt lat="45.8565025" lon="7.5495339">
        <ele>2431</ele>
      </trkpt>
      <trkpt lat="45.8565581" lon="7.5495197">
        <ele>2431</ele>
      </trkpt>
      <trkpt lat="45.8566119" lon="7.5494823">
        <ele>2431</ele>
      </trkpt>
      <trkpt lat="45.8567380" lon="7.5494697">
        <ele>2431</ele>
      </trkpt>
      <trkpt lat="45.8568478" lon="7.5494924">
        <ele>2431</ele>
      </trkpt>
      <trkpt lat="45.8568959" lon="7.5495109">
        <ele>2432</ele>
      </trkpt>
      <trkpt lat="45.8569234" lon="7.5495055">
        <ele>2432</ele>
      </trkpt>
      <trkpt lat="45.8570051" lon="7.5494871">
        <ele>2432</ele>
      </trkpt>
      <trkpt lat="45.8570860" lon="7.5494955">
        <ele>2432</ele>
      </trkpt>
      <trkpt lat="45.8571211" lon="7.5495143">
        <ele>2432</ele>
      </trkpt>
      <trkpt lat="45.8571393" lon="7.5495394">
        <ele>2432</ele>
      </trkpt>
      <trkpt lat="45.8571500" lon="7.5495658">
        <ele>2433</ele>
      </trkpt>
      <trkpt lat="45.8571594" lon="7.5495888">
        <ele>2433</ele>
      </trkpt>
      <trkpt lat="45.8571927" lon="7.5496576">
        <ele>2433</ele>
      </trkpt>
      <trkpt lat="45.8572223" lon="7.5496859">
        <ele>2433</ele>
      </trkpt>
      <trkpt lat="45.8572305" lon="7.5496938">
        <ele>2433</ele>
      </trkpt>
      <trkpt lat="45.8572625" lon="7.5497220">
        <ele>2433</ele>
      </trkpt>
      <trkpt lat="45.8573373" lon="7.5498315">
        <ele>2434</ele>
      </trkpt>
      <trkpt lat="45.8574091" lon="7.5499249">
        <ele>2434</ele>
      </trkpt>
      <trkpt lat="45.8574563" lon="7.5499980">
        <ele>2434</ele>
      </trkpt>
      <trkpt lat="45.8574990" lon="7.5500375">
        <ele>2434</ele>
      </trkpt>
      <trkpt lat="45.8575179" lon="7.5500533">
        <ele>2434</ele>
      </trkpt>
      <trkpt lat="45.8575339" lon="7.5501040">
        <ele>2435</ele>
      </trkpt>
      <trkpt lat="45.8575401" lon="7.5501505">
        <ele>2435</ele>
      </trkpt>
      <trkpt lat="45.8575472" lon="7.5502035">
        <ele>2435</ele>
      </trkpt>
      <trkpt lat="45.8575841" lon="7.5502989">
        <ele>2435</ele>
      </trkpt>
      <trkpt lat="45.8575940" lon="7.5503179">
        <ele>2435</ele>
      </trkpt>
      <trkpt lat="45.8576381" lon="7.5504020">
        <ele>2435</ele>
      </trkpt>
      <trkpt lat="45.8576790" lon="7.5504881">
        <ele>2436</ele>
      </trkpt>
      <trkpt lat="45.8577474" lon="7.5506535">
        <ele>2436</ele>
      </trkpt>
      <trkpt lat="45.8577674" lon="7.5506983">
        <ele>2436</ele>
      </trkpt>
      <trkpt lat="45.8577724" lon="7.5507568">
        <ele>2436</ele>
      </trkpt>
      <trkpt lat="45.8577779" lon="7.5508211">
        <ele>2436</ele>
      </trkpt>
      <trkpt lat="45.8577985" lon="7.5509089">
        <ele>2436</ele>
      </trkpt>
      <trkpt lat="45.8578114" lon="7.5509352">
        <ele>2437</ele>
      </trkpt>
      <trkpt lat="45.8578152" lon="7.5509587">
        <ele>2437</ele>
      </trkpt>
      <trkpt lat="45.8578352" lon="7.5510757">
        <ele>2437</ele>
      </trkpt>
      <trkpt lat="45.8578452" lon="7.5511267">
        <ele>2437</ele>
      </trkpt>
      <trkpt lat="45.8578762" lon="7.5512107">
        <ele>2437</ele>
      </trkpt>
      <trkpt lat="45.8578982" lon="7.5512407">
        <ele>2437</ele>
      </trkpt>
      <trkpt lat="45.8579212" lon="7.5512617">
        <ele>2438</ele>
      </trkpt>
      <trkpt lat="45.8579602" lon="7.5513117">
        <ele>2438</ele>
      </trkpt>
      <trkpt lat="45.8579682" lon="7.5513467">
        <ele>2438</ele>
      </trkpt>
      <trkpt lat="45.8579952" lon="7.5514237">
        <ele>2438</ele>
      </trkpt>
      <trkpt lat="45.8580162" lon="7.5514687">
        <ele>2438</ele>
      </trkpt>
      <trkpt lat="45.8580302" lon="7.5515167">
        <ele>2439</ele>
      </trkpt>
      <trkpt lat="45.8580482" lon="7.5516287">
        <ele>2439</ele>
      </trkpt>
      <trkpt lat="45.8580562" lon="7.5516887">
        <ele>2439</ele>
      </trkpt>
      <trkpt lat="45.8580832" lon="7.5517987">
        <ele>2439</ele>
      </trkpt>
      <trkpt lat="45.8580982" lon="7.5518467">
        <ele>2439</ele>
      </trkpt>
      <trkpt lat="45.8581347" lon="7.5519180">
        <ele>2439</ele>
      </trkpt>
      <trkpt lat="45.8581824" lon="7.5519679">
        <ele>2440</ele>
      </trkpt>
      <trkpt lat="45.8582089" lon="7.5520160">
        <ele>2440</ele>
      </trkpt>
      <trkpt lat="45.8582326" lon="7.5520908">
        <ele>2440</ele>
      </trkpt>
      <trkpt lat="45.8582482" lon="7.5521671">
        <ele>2440</ele>
      </trkpt>
      <trkpt lat="45.8582718" lon="7.5522553">
        <ele>2440</ele>
      </trkpt>
      <trkpt lat="45.8583148" lon="7.5523146">
        <ele>2440</ele>
      </trkpt>
      <trkpt lat="45.8583733" lon="7.5523851">
        <ele>2441</ele>
      </trkpt>
      <trkpt lat="45.8584094" lon="7.5524213">
        <ele>2441</ele>
      </trkpt>
      <trkpt lat="45.8584860" lon="7.5524745">
        <ele>2441</ele>
      </trkpt>
      <trkpt lat="45.8585357" lon="7.5524929">
        <ele>2441</ele>
      </trkpt>
      <trkpt lat="45.8586171" lon="7.5525744">
        <ele>2441</ele>
      </trkpt>
      <trkpt lat="45.8586645" lon="7.5526069">
        <ele>2441</ele>
      </trkpt>
      <trkpt lat="45.8586931" lon="7.5526166">
        <ele>2442</ele>
      </trkpt>
      <trkpt lat="45.8587411" lon="7.5525968">
        <ele>2442</ele>
      </trkpt>
      <trkpt lat="45.8587688" lon="7.5526030">
        <ele>2442</ele>
      </trkpt>
      <trkpt lat="45.8587975" lon="7.5526313">
        <ele>2442</ele>
      </trkpt>
      <trkpt lat="45.8588816" lon="7.5527383">
        <ele>2442</ele>
      </trkpt>
      <trkpt lat="45.8589652" lon="7.5527977">
        <ele>2443</ele>
      </trkpt>
      <trkpt lat="45.8590076" lon="7.5528175">
        <ele>2443</ele>
      </trkpt>
      <trkpt lat="45.8590419" lon="7.5528061">
        <ele>2443</ele>
      </trkpt>
      <trkpt lat="45.8591103" lon="7.5527567">
        <ele>2443</ele>
      </trkpt>
      <trkpt lat="45.8591321" lon="7.5527480">
        <ele>2443</ele>
      </trkpt>
      <trkpt lat="45.8591619" lon="7.5527322">
        <ele>2443</ele>
      </trkpt>
      <trkpt lat="45.8592082" lon="7.5527344">
        <ele>2444</ele>
      </trkpt>
      <trkpt lat="45.8592743" lon="7.5527002">
        <ele>2444</ele>
      </trkpt>
      <trkpt lat="45.8593219" lon="7.5527431">
        <ele>2444</ele>
      </trkpt>
      <trkpt lat="45.8594106" lon="7.5527925">
        <ele>2444</ele>
      </trkpt>
      <trkpt lat="45.8594770" lon="7.5527815">
        <ele>2444</ele>
      </trkpt>
      <trkpt lat="45.8595105" lon="7.5527423">
        <ele>2444</ele>
      </trkpt>
      <trkpt lat="45.8595320" lon="7.5527057">
        <ele>2445</ele>
      </trkpt>
      <trkpt lat="45.8595419" lon="7.5526544">
        <ele>2445</ele>
      </trkpt>
      <trkpt lat="45.8595446" lon="7.5526148">
        <ele>2445</ele>
      </trkpt>
      <trkpt lat="45.8596182" lon="7.5524846">
        <ele>2445</ele>
      </trkpt>
      <trkpt lat="45.8596565" lon="7.5524267">
        <ele>2445</ele>
      </trkpt>
      <trkpt lat="45.8596728" lon="7.5523740">
        <ele>2445</ele>
      </trkpt>
      <trkpt lat="45.8597169" lon="7.5523322">
        <ele>2446</ele>
      </trkpt>
      <trkpt lat="45.8597493" lon="7.5523255">
        <ele>2446</ele>
      </trkpt>
      <trkpt lat="45.8597948" lon="7.5523267">
        <ele>2446</ele>
      </trkpt>
      <trkpt lat="45.8598277" lon="7.5522503">
        <ele>2446</ele>
      </trkpt>
      <trkpt lat="45.8598713" lon="7.5522364">
        <ele>2446</ele>
      </trkpt>
      <trkpt lat="45.8599177" lon="7.5522256">
        <ele>2447</ele>
      </trkpt>
      <trkpt lat="45.8599571" lon="7.5521744">
        <ele>2447</ele>
      </trkpt>
      <trkpt lat="45.8600331" lon="7.5520888">
        <ele>2447</ele>
      </trkpt>
      <trkpt lat="45.8600867" lon="7.5520235">
        <ele>2447</ele>
      </trkpt>
      <trkpt lat="45.8601565" lon="7.5519831">
        <ele>2447</ele>
      </trkpt>
      <trkpt lat="45.8601622" lon="7.5519799">
        <ele>2447</ele>
      </trkpt>
      <trkpt lat="45.8601749" lon="7.5519725">
        <ele>2448</ele>
      </trkpt>
      <trkpt lat="45.8601786" lon="7.5519724">
        <ele>2448</ele>
      </trkpt>
      <trkpt lat="45.8602471" lon="7.5519718">
        <ele>2448</ele>
      </trkpt>
      <trkpt lat="45.8603199" lon="7.5520198">
        <ele>2448</ele>
      </trkpt>
      <trkpt lat="45.8603691" lon="7.5520139">
        <ele>2448</ele>
      </trkpt>
      <trkpt lat="45.8603901" lon="7.5519960">
        <ele>2448</ele>
      </trkpt>
      <trkpt lat="45.8604382" lon="7.5519552">
        <ele>2449</ele>
      </trkpt>
      <trkpt lat="45.8604605" lon="7.5519209">
        <ele>2449</ele>
      </trkpt>
      <trkpt lat="45.8604588" lon="7.5518524">
        <ele>2449</ele>
      </trkpt>
      <trkpt lat="45.8604422" lon="7.5517600">
        <ele>2449</ele>
      </trkpt>
      <trkpt lat="45.8603874" lon="7.5516586">
        <ele>2449</ele>
      </trkpt>
      <trkpt lat="45.8603803" lon="7.5516446">
        <ele>2449</ele>
      </trkpt>
      <trkpt lat="45.8603772" lon="7.5516287">
        <ele>2450</ele>
      </trkpt>
      <trkpt lat="45.8603813" lon="7.5516155">
        <ele>2450</ele>
      </trkpt>
      <trkpt lat="45.8603964" lon="7.5516038">
        <ele>2450</ele>
      </trkpt>
      <trkpt lat="45.8604063" lon="7.5515996">
        <ele>2450</ele>
      </trkpt>
      <trkpt lat="45.8604261" lon="7.5515949">
        <ele>2450</ele>
      </trkpt>
      <trkpt lat="45.8604818" lon="7.5515673">
        <ele>2451</ele>
      </trkpt>
      <trkpt lat="45.8605167" lon="7.5515072">
        <ele>2451</ele>
      </trkpt>
      <trkpt lat="45.8605610" lon="7.5514143">
        <ele>2451</ele>
      </trkpt>
      <trkpt lat="45.8605736" lon="7.5513709">
        <ele>2451</ele>
      </trkpt>
      <trkpt lat="45.8605780" lon="7.5513556">
        <ele>2451</ele>
      </trkpt>
      <trkpt lat="45.8605931" lon="7.5513038">
        <ele>2451</ele>
      </trkpt>
      <trkpt lat="45.8606051" lon="7.5512808">
        <ele>2452</ele>
      </trkpt>
      <trkpt lat="45.8606231" lon="7.5512658">
        <ele>2452</ele>
      </trkpt>
      <trkpt lat="45.8606431" lon="7.5512508">
        <ele>2452</ele>
      </trkpt>
      <trkpt lat="45.8606601" lon="7.5512368">
        <ele>2452</ele>
      </trkpt>
      <trkpt lat="45.8606701" lon="7.5512068">
        <ele>2452</ele>
      </trkpt>
      <trkpt lat="45.8606651" lon="7.5511808">
        <ele>2452</ele>
      </trkpt>
      <trkpt lat="45.8606651" lon="7.5511518">
        <ele>2453</ele>
      </trkpt>
      <trkpt lat="45.8606731" lon="7.5511308">
        <ele>2453</ele>
      </trkpt>
      <trkpt lat="45.8606851" lon="7.5511068">
        <ele>2453</ele>
      </trkpt>
      <trkpt lat="45.8607001" lon="7.5510658">
        <ele>2453</ele>
      </trkpt>
      <trkpt lat="45.8607001" lon="7.5510218">
        <ele>2453</ele>
      </trkpt>
      <trkpt lat="45.8606961" lon="7.5509958">
        <ele>2453</ele>
      </trkpt>
      <trkpt lat="45.8606961" lon="7.5509638">
        <ele>2454</ele>
      </trkpt>
      <trkpt lat="45.8607061" lon="7.5509358">
        <ele>2454</ele>
      </trkpt>
      <trkpt lat="45.8607161" lon="7.5509108">
        <ele>2454</ele>
      </trkpt>
      <trkpt lat="45.8607261" lon="7.5508588">
        <ele>2454</ele>
      </trkpt>
      <trkpt lat="45.8607311" lon="7.5508308">
        <ele>2454</ele>
      </trkpt>
      <trkpt lat="45.8607511" lon="7.5507858">
        <ele>2454</ele>
      </trkpt>
      <trkpt lat="45.8607611" lon="7.5507638">
        <ele>2455</ele>
      </trkpt>
      <trkpt lat="45.8607701" lon="7.5507158">
        <ele>2455</ele>
      </trkpt>
      <trkpt lat="45.8607681" lon="7.5506888">
        <ele>2455</ele>
      </trkpt>
      <trkpt lat="45.8607751" lon="7.5506558">
        <ele>2455</ele>
      </trkpt>
      <trkpt lat="45.8607931" lon="7.5506208">
        <ele>2455</ele>
      </trkpt>
      <trkpt lat="45.8608151" lon="7.5505968">
        <ele>2456</ele>
      </trkpt>
      <trkpt lat="45.8608311" lon="7.5505708">
        <ele>2456</ele>
      </trkpt>
      <trkpt lat="45.8608461" lon="7.5505438">
        <ele>2456</ele>
      </trkpt>
      <trkpt lat="45.8608661" lon="7.5505268">
        <ele>2456</ele>
      </trkpt>
      <trkpt lat="45.8608831" lon="7.5505158">
        <ele>2456</ele>
      </trkpt>
      <trkpt lat="45.8609151" lon="7.5505018">
        <ele>2456</ele>
      </trkpt>
      <trkpt lat="45.8609361" lon="7.5505038">
        <ele>2457</ele>
      </trkpt>
      <trkpt lat="45.8609631" lon="7.5505058">
        <ele>2457</ele>
      </trkpt>
      <trkpt lat="45.8609851" lon="7.5505018">
        <ele>2457</ele>
      </trkpt>
      <trkpt lat="45.8610081" lon="7.5504918">
        <ele>2457</ele>
      </trkpt>
      <trkpt lat="45.8610431" lon="7.5504788">
        <ele>2457</ele>
      </trkpt>
      <trkpt lat="45.8610681" lon="7.5504658">
        <ele>2457</ele>
      </trkpt>
      <trkpt lat="45.8610951" lon="7.5504518">
        <ele>2458</ele>
      </trkpt>
      <trkpt lat="45.8611201" lon="7.5504438">
        <ele>2458</ele>
      </trkpt>
      <trkpt lat="45.8611551" lon="7.5504408">
        <ele>2458</ele>
      </trkpt>
      <trkpt lat="45.8611946" lon="7.5504652">
        <ele>2458</ele>
      </trkpt>
      <trkpt lat="45.8612397" lon="7.5505012">
        <ele>2458</ele>
      </trkpt>
      <trkpt lat="45.8612731" lon="7.5505118">
        <ele>2458</ele>
      </trkpt>
      <trkpt lat="45.8613081" lon="7.5505188">
        <ele>2459</ele>
      </trkpt>
      <trkpt lat="45.8613261" lon="7.5505218">
        <ele>2459</ele>
      </trkpt>
      <trkpt lat="45.8613451" lon="7.5505308">
        <ele>2459</ele>
      </trkpt>
      <trkpt lat="45.8613601" lon="7.5505418">
        <ele>2459</ele>
      </trkpt>
      <trkpt lat="45.8613861" lon="7.5505638">
        <ele>2459</ele>
      </trkpt>
      <trkpt lat="45.8613892" lon="7.5505644">
        <ele>2460</ele>
      </trkpt>
      <trkpt lat="45.8613920" lon="7.5505646">
        <ele>2460</ele>
      </trkpt>
      <trkpt lat="45.8614212" lon="7.5505569">
        <ele>2460</ele>
      </trkpt>
      <trkpt lat="45.8614685" lon="7.5505127">
        <ele>2460</ele>
      </trkpt>
      <trkpt lat="45.8614964" lon="7.5504760">
        <ele>2460</ele>
      </trkpt>
      <trkpt lat="45.8615140" lon="7.5504534">
        <ele>2460</ele>
      </trkpt>
      <trkpt lat="45.8615139" lon="7.5504366">
        <ele>2461</ele>
      </trkpt>
      <trkpt lat="45.8615002" lon="7.5504010">
        <ele>2461</ele>
      </trkpt>
      <trkpt lat="45.8615342" lon="7.5503931">
        <ele>2461</ele>
      </trkpt>
      <trkpt lat="45.8615898" lon="7.5502844">
        <ele>2461</ele>
      </trkpt>
      <trkpt lat="45.8616636" lon="7.5502510">
        <ele>2461</ele>
      </trkpt>
      <trkpt lat="45.8617040" lon="7.5502360">
        <ele>2461</ele>
      </trkpt>
      <trkpt lat="45.8617191" lon="7.5501473">
        <ele>2462</ele>
      </trkpt>
      <trkpt lat="45.8616807" lon="7.5500600">
        <ele>2462</ele>
      </trkpt>
      <trkpt lat="45.8617086" lon="7.5499594">
        <ele>2462</ele>
      </trkpt>
      <trkpt lat="45.8617095" lon="7.5498967">
        <ele>2462</ele>
      </trkpt>
      <trkpt lat="45.8616974" lon="7.5498389">
        <ele>2462</ele>
      </trkpt>
      <trkpt lat="45.8617256" lon="7.5497616">
        <ele>2462</ele>
      </trkpt>
      <trkpt lat="45.8617331" lon="7.5497507">
        <ele>2463</ele>
      </trkpt>
      <trkpt lat="45.8618005" lon="7.5496528">
        <ele>2463</ele>
      </trkpt>
      <trkpt lat="45.8619176" lon="7.5495498">
        <ele>2463</ele>
      </trkpt>
      <trkpt lat="45.8620044" lon="7.5494825">
        <ele>2463</ele>
      </trkpt>
      <trkpt lat="45.8621490" lon="7.5494335">
        <ele>2463</ele>
      </trkpt>
      <trkpt lat="45.8622104" lon="7.5494108">
        <ele>2464</ele>
      </trkpt>
      <trkpt lat="45.8622977" lon="7.5493785">
        <ele>2464</ele>
      </trkpt>
      <trkpt lat="45.8623554" lon="7.5493259">
        <ele>2464</ele>
      </trkpt>
      <trkpt lat="45.8624211" lon="7.5491314">
        <ele>2464</ele>
      </trkpt>
      <trkpt lat="45.8624409" lon="7.5490287">
        <ele>2464</ele>
      </trkpt>
      <trkpt lat="45.8625344" lon="7.5489798">
        <ele>2464</ele>
      </trkpt>
      <trkpt lat="45.8625632" lon="7.5489512">
        <ele>2465</ele>
      </trkpt>
      <trkpt lat="45.8625842" lon="7.5489215">
        <ele>2465</ele>
      </trkpt>
      <trkpt lat="45.8626091" lon="7.5488861">
        <ele>2465</ele>
      </trkpt>
      <trkpt lat="45.8627041" lon="7.5488870">
        <ele>2465</ele>
      </trkpt>
      <trkpt lat="45.8628071" lon="7.5488879">
        <ele>2465</ele>
      </trkpt>
      <trkpt lat="45.8629031" lon="7.5489063">
        <ele>2465</ele>
      </trkpt>
      <trkpt lat="45.8630311" lon="7.5488891">
        <ele>2466</ele>
      </trkpt>
      <trkpt lat="45.8631306" lon="7.5488028">
        <ele>2466</ele>
      </trkpt>
      <trkpt lat="45.8631663" lon="7.5487540">
        <ele>2466</ele>
      </trkpt>
      <trkpt lat="45.8638063" lon="7.5488440">
        <ele>2466</ele>
      </trkpt>
      <trkpt lat="45.8641963" lon="7.5483440">
        <ele>2466</ele>
      </trkpt>
      <trkpt lat="45.8648163" lon="7.5479340">
        <ele>2466</ele>
      </trkpt>
      <trkpt lat="45.8649663" lon="7.5475540">
        <ele>2467</ele>
      </trkpt>
      <trkpt lat="45.8653020" lon="7.5477260">
        <ele>2467</ele>
      </trkpt>
      <trkpt lat="45.8653683" lon="7.5476801">
        <ele>2467</ele>
      </trkpt>
    </trkseg>
  </trk>
</gpx>
