<?xml version="1.0" encoding="UTF-8"?>
<gpx xmlns="http://www.topografix.com/GPX/1/1" creator="INVA x RAVdA" version="1.1" xmlns:xsi="http://www.w3.org/2001/XMLSchema-instance" xsi:schemaLocation="http://www.topografix.com/GPX/1/1 http://www.topografix.com/GPX/1/1/gpx.xsd">
  <trk>
    <name>RAVDA - Catasto Sentieri</name>
    <desc>Percorso personalizzato</desc>
    <trkseg>
      <trkpt lon="7.20781319161324" lat="45.567397264787">
        <ele>1676</ele>
      </trkpt>
      <trkpt lon="7.20785398801105" lat="45.5673435360531">
        <ele>1674.12</ele>
      </trkpt>
      <trkpt lon="7.20780613707109" lat="45.567196070771">
        <ele>1670.33</ele>
      </trkpt>
      <trkpt lon="7.20777824878194" lat="45.5671341550554">
        <ele>1669.55</ele>
      </trkpt>
      <trkpt lon="7.20771311160806" lat="45.5671151289466">
        <ele>1669.56</ele>
      </trkpt>
      <trkpt lon="7.20766822565967" lat="45.566914781808">
        <ele>1668.03</ele>
      </trkpt>
      <trkpt lon="7.20763448401524" lat="45.5668757277217">
        <ele>1669.67</ele>
      </trkpt>
      <trkpt lon="7.20761938598766" lat="45.5667582079541">
        <ele>1671.37</ele>
      </trkpt>
      <trkpt lon="7.20777622268963" lat="45.5667627401413">
        <ele>1666.05</ele>
      </trkpt>
      <trkpt lon="7.20786585247581" lat="45.5667610854115">
        <ele>1663.89</ele>
      </trkpt>
      <trkpt lon="7.20792159576559" lat="45.5667409882235">
        <ele>1662.59</ele>
      </trkpt>
      <trkpt lon="7.20793755432355" lat="45.5666058627581">
        <ele>1659.07</ele>
      </trkpt>
      <trkpt lon="7.20793755432355" lat="45.5666058627581">
        <ele>1659.07</ele>
      </trkpt>
      <trkpt lon="7.20796454941482" lat="45.5666032268419">
        <ele>1658.99</ele>
      </trkpt>
      <trkpt lon="7.20799122215683" lat="45.5666067049653">
        <ele>1658.78</ele>
      </trkpt>
      <trkpt lon="7.20811557581038" lat="45.5667018168935">
        <ele>1655.22</ele>
      </trkpt>
      <trkpt lon="7.20819060218528" lat="45.5667160457551">
        <ele>1654.94</ele>
      </trkpt>
      <trkpt lon="7.20829520792377" lat="45.5666826737061">
        <ele>1650</ele>
      </trkpt>
      <trkpt lon="7.20839082210033" lat="45.5666338567372">
        <ele>1653.08</ele>
      </trkpt>
      <trkpt lon="7.20844901751093" lat="45.5665083958125">
        <ele>1657.77</ele>
      </trkpt>
      <trkpt lon="7.20859479156542" lat="45.5665788212162">
        <ele>1659.01</ele>
      </trkpt>
      <trkpt lon="7.2087041930061" lat="45.5666283318531">
        <ele>1661.35</ele>
      </trkpt>
      <trkpt lon="7.20873512165218" lat="45.5666188263578">
        <ele>1662.17</ele>
      </trkpt>
      <trkpt lon="7.20873218984412" lat="45.5665377715137">
        <ele>1663.98</ele>
      </trkpt>
      <trkpt lon="7.20874994686445" lat="45.566483053643">
        <ele>1665</ele>
      </trkpt>
      <trkpt lon="7.20883598863189" lat="45.566433005995">
        <ele>1667</ele>
      </trkpt>
      <trkpt lon="7.2089814040358" lat="45.5663775893422">
        <ele>1670</ele>
      </trkpt>
      <trkpt lon="7.20910409637566" lat="45.5663395506842">
        <ele>1672</ele>
      </trkpt>
      <trkpt lon="7.20922156330006" lat="45.5663168206938">
        <ele>1674</ele>
      </trkpt>
      <trkpt lon="7.20928937599067" lat="45.5661708954587">
        <ele>1676</ele>
      </trkpt>
      <trkpt lon="7.20928919562477" lat="45.5660194055369">
        <ele>1676</ele>
      </trkpt>
      <trkpt lon="7.20934269294648" lat="45.565932842767">
        <ele>1677.02</ele>
      </trkpt>
      <trkpt lon="7.20938904354027" lat="45.565813045759">
        <ele>1677</ele>
      </trkpt>
      <trkpt lon="7.20939873880455" lat="45.5657821450759">
        <ele>1677</ele>
      </trkpt>
      <trkpt lon="7.20939425918088" lat="45.5657295992669">
        <ele>1677</ele>
      </trkpt>
      <trkpt lon="7.20939674577506" lat="45.5657077654087">
        <ele>1677</ele>
      </trkpt>
      <trkpt lon="7.20941888259159" lat="45.5656966820109">
        <ele>1677.72</ele>
      </trkpt>
      <trkpt lon="7.20945205561263" lat="45.5656932405787">
        <ele>1678</ele>
      </trkpt>
      <trkpt lon="7.20948372012804" lat="45.5656968881991">
        <ele>1678.06</ele>
      </trkpt>
      <trkpt lon="7.20952045384855" lat="45.5657184363185">
        <ele>1679</ele>
      </trkpt>
      <trkpt lon="7.20957101302319" lat="45.5657323704915">
        <ele>1679</ele>
      </trkpt>
      <trkpt lon="7.20962676409921" lat="45.565740174005">
        <ele>1680</ele>
      </trkpt>
      <trkpt lon="7.20984627464897" lat="45.5657322759305">
        <ele>1683</ele>
      </trkpt>
      <trkpt lon="7.20995778863087" lat="45.565711251481">
        <ele>1684.47</ele>
      </trkpt>
      <trkpt lon="7.21007690240901" lat="45.5657091581366">
        <ele>1686</ele>
      </trkpt>
      <trkpt lon="7.21015204838288" lat="45.5657156451379">
        <ele>1687</ele>
      </trkpt>
      <trkpt lon="7.21028970897961" lat="45.5657549780146">
        <ele>1689</ele>
      </trkpt>
      <trkpt lon="7.21060317399842" lat="45.5657664591143">
        <ele>1694</ele>
      </trkpt>
      <trkpt lon="7.21073902676628" lat="45.5657780412757">
        <ele>1696</ele>
      </trkpt>
      <trkpt lon="7.2108771964172" lat="45.5657811954698">
        <ele>1697</ele>
      </trkpt>
      <trkpt lon="7.2110938317899" lat="45.5657790975133">
        <ele>1700</ele>
      </trkpt>
      <trkpt lon="7.21116928923472" lat="45.5657675896208">
        <ele>1701</ele>
      </trkpt>
      <trkpt lon="7.21122448542817" lat="45.5657404589172">
        <ele>1702</ele>
      </trkpt>
      <trkpt lon="7.21134508833419" lat="45.5657278569896">
        <ele>1703.91</ele>
      </trkpt>
      <trkpt lon="7.21155492053583" lat="45.5657381648347">
        <ele>1707</ele>
      </trkpt>
      <trkpt lon="7.21171133260138" lat="45.5657236909843">
        <ele>1709</ele>
      </trkpt>
      <trkpt lon="7.21173566646192" lat="45.5657241634539">
        <ele>1709.15</ele>
      </trkpt>
      <trkpt lon="7.21176365592222" lat="45.5657264915611">
        <ele>1710</ele>
      </trkpt>
      <trkpt lon="7.21180322860574" lat="45.5657474535821">
        <ele>1710.79</ele>
      </trkpt>
      <trkpt lon="7.21181740619212" lat="45.5657731488098">
        <ele>1710.66</ele>
      </trkpt>
      <trkpt lon="7.21188536724299" lat="45.5658526125766">
        <ele>1713</ele>
      </trkpt>
      <trkpt lon="7.21194460658998" lat="45.5658958447924">
        <ele>1713.52</ele>
      </trkpt>
      <trkpt lon="7.21201659355459" lat="45.5659332464294">
        <ele>1714</ele>
      </trkpt>
      <trkpt lon="7.21219479213255" lat="45.5659228034467">
        <ele>1716.71</ele>
      </trkpt>
      <trkpt lon="7.21226867595106" lat="45.5659811167389">
        <ele>1718.7</ele>
      </trkpt>
      <trkpt lon="7.21229883053269" lat="45.5660646691315">
        <ele>1719.55</ele>
      </trkpt>
      <trkpt lon="7.21240238965387" lat="45.5661409081617">
        <ele>1721.68</ele>
      </trkpt>
      <trkpt lon="7.21242123467745" lat="45.5661325636898">
        <ele>1722.05</ele>
      </trkpt>
      <trkpt lon="7.21244102037933" lat="45.5660340419595">
        <ele>1724</ele>
      </trkpt>
      <trkpt lon="7.21248401644701" lat="45.5659996109543">
        <ele>1724</ele>
      </trkpt>
      <trkpt lon="7.21250711372123" lat="45.5660229228751">
        <ele>1725.06</ele>
      </trkpt>
      <trkpt lon="7.21251129760002" lat="45.5661414425623">
        <ele>1725.64</ele>
      </trkpt>
      <trkpt lon="7.21260127586864" lat="45.5662175592357">
        <ele>1726.8</ele>
      </trkpt>
      <trkpt lon="7.21261843020647" lat="45.5662989281143">
        <ele>1728</ele>
      </trkpt>
      <trkpt lon="7.21268468698708" lat="45.5663109457243">
        <ele>1729</ele>
      </trkpt>
      <trkpt lon="7.21279927945118" lat="45.5662574732664">
        <ele>1732</ele>
      </trkpt>
      <trkpt lon="7.21290336605265" lat="45.566349473809">
        <ele>1734.49</ele>
      </trkpt>
      <trkpt lon="7.21292760183622" lat="45.5663934168151">
        <ele>1735.93</ele>
      </trkpt>
      <trkpt lon="7.21292580100084" lat="45.5664339844844">
        <ele>1736</ele>
      </trkpt>
      <trkpt lon="7.21299301379461" lat="45.5665653717718">
        <ele>1738.11</ele>
      </trkpt>
      <trkpt lon="7.21295553531757" lat="45.5667005192518">
        <ele>1740</ele>
      </trkpt>
      <trkpt lon="7.21296955661409" lat="45.5667634765261">
        <ele>1741</ele>
      </trkpt>
      <trkpt lon="7.21300382017803" lat="45.5668185587982">
        <ele>1742.52</ele>
      </trkpt>
      <trkpt lon="7.2130092499318" lat="45.5668655405877">
        <ele>1742</ele>
      </trkpt>
      <trkpt lon="7.21302776633191" lat="45.5668999444097">
        <ele>1742.02</ele>
      </trkpt>
      <trkpt lon="7.21304548285413" lat="45.5669272230448">
        <ele>1742</ele>
      </trkpt>
      <trkpt lon="7.21306172994229" lat="45.5669523210553">
        <ele>1742.91</ele>
      </trkpt>
      <trkpt lon="7.21306657130287" lat="45.5669733688537">
        <ele>1743</ele>
      </trkpt>
      <trkpt lon="7.21302127161632" lat="45.5670480897386">
        <ele>1743</ele>
      </trkpt>
      <trkpt lon="7.21298193623086" lat="45.5671084992103">
        <ele>1744.3</ele>
      </trkpt>
      <trkpt lon="7.21297006051894" lat="45.5671314468947">
        <ele>1744.05</ele>
      </trkpt>
      <trkpt lon="7.21297317410477" lat="45.5671503974013">
        <ele>1744.2</ele>
      </trkpt>
      <trkpt lon="7.21309398468745" lat="45.5673131359957">
        <ele>1746</ele>
      </trkpt>
      <trkpt lon="7.21309591521082" lat="45.5673169472214">
        <ele>1746</ele>
      </trkpt>
      <trkpt lon="7.21313370158902" lat="45.5673458038682">
        <ele>1746.71</ele>
      </trkpt>
      <trkpt lon="7.21316035463732" lat="45.5673619711993">
        <ele>1747</ele>
      </trkpt>
      <trkpt lon="7.21319624432239" lat="45.5673617215403">
        <ele>1748.16</ele>
      </trkpt>
      <trkpt lon="7.21321355026298" lat="45.5673615439255">
        <ele>1748.84</ele>
      </trkpt>
      <trkpt lon="7.21323285661257" lat="45.5673427630845">
        <ele>1749.57</ele>
      </trkpt>
      <trkpt lon="7.21324814721096" lat="45.5672727948064">
        <ele>1750.08</ele>
      </trkpt>
      <trkpt lon="7.2132941164536" lat="45.5671931349148">
        <ele>1751.75</ele>
      </trkpt>
      <trkpt lon="7.21333121548517" lat="45.5671425895584">
        <ele>1752.16</ele>
      </trkpt>
      <trkpt lon="7.21341517671378" lat="45.5670893556989">
        <ele>1753.53</ele>
      </trkpt>
      <trkpt lon="7.21345574233375" lat="45.5670466966855">
        <ele>1754.68</ele>
      </trkpt>
      <trkpt lon="7.2135688976027" lat="45.5669052581128">
        <ele>1756.31</ele>
      </trkpt>
      <trkpt lon="7.21367604028624" lat="45.5668322267576">
        <ele>1758.23</ele>
      </trkpt>
      <trkpt lon="7.21373182431608" lat="45.5667177966423">
        <ele>1759.27</ele>
      </trkpt>
      <trkpt lon="7.21379210980571" lat="45.566675623943">
        <ele>1760.63</ele>
      </trkpt>
      <trkpt lon="7.21382371054923" lat="45.5666732380776">
        <ele>1761</ele>
      </trkpt>
      <trkpt lon="7.21381973426936" lat="45.5667340229009">
        <ele>1761.05</ele>
      </trkpt>
      <trkpt lon="7.2138687897835" lat="45.5669329033764">
        <ele>1764.89</ele>
      </trkpt>
      <trkpt lon="7.21386301338329" lat="45.5669977993968">
        <ele>1765.5</ele>
      </trkpt>
      <trkpt lon="7.21399409706382" lat="45.5672690713753">
        <ele>1769.18</ele>
      </trkpt>
      <trkpt lon="7.21403441975133" lat="45.5672906750865">
        <ele>1770.78</ele>
      </trkpt>
      <trkpt lon="7.21416700398848" lat="45.5671103857248">
        <ele>1774</ele>
      </trkpt>
      <trkpt lon="7.21432879108385" lat="45.5669588195903">
        <ele>1776.87</ele>
      </trkpt>
      <trkpt lon="7.2144055643689" lat="45.5668493064683">
        <ele>1778</ele>
      </trkpt>
      <trkpt lon="7.21454950970449" lat="45.566682428665">
        <ele>1781.13</ele>
      </trkpt>
      <trkpt lon="7.21455554976808" lat="45.5666293246103">
        <ele>1782</ele>
      </trkpt>
      <trkpt lon="7.21458493401034" lat="45.5666160134489">
        <ele>1782.51</ele>
      </trkpt>
      <trkpt lon="7.21461463178817" lat="45.5666210694189">
        <ele>1783.59</ele>
      </trkpt>
      <trkpt lon="7.21464878393148" lat="45.566691810417">
        <ele>1784.01</ele>
      </trkpt>
      <trkpt lon="7.21469513374131" lat="45.5668952382029">
        <ele>1787.02</ele>
      </trkpt>
      <trkpt lon="7.21469143764175" lat="45.5669754707402">
        <ele>1788.02</ele>
      </trkpt>
      <trkpt lon="7.2147256957242" lat="45.5670267723616">
        <ele>1789.42</ele>
      </trkpt>
      <trkpt lon="7.21495650082146" lat="45.5673095928177">
        <ele>1794</ele>
      </trkpt>
      <trkpt lon="7.21505220736327" lat="45.5673668951847">
        <ele>1795.5</ele>
      </trkpt>
      <trkpt lon="7.21509885760077" lat="45.5674072272058">
        <ele>1795.65</ele>
      </trkpt>
      <trkpt lon="7.21513057095569" lat="45.5674701013159">
        <ele>1796.77</ele>
      </trkpt>
      <trkpt lon="7.21515851872197" lat="45.5674737794566">
        <ele>1797.86</ele>
      </trkpt>
      <trkpt lon="7.21520830525629" lat="45.5673665439085">
        <ele>1799</ele>
      </trkpt>
      <trkpt lon="7.21517364477216" lat="45.5672956140117">
        <ele>1800.21</ele>
      </trkpt>
      <trkpt lon="7.21518077148419" lat="45.5672163370872">
        <ele>1801.41</ele>
      </trkpt>
      <trkpt lon="7.21526083616853" lat="45.5671241577662">
        <ele>1803.43</ele>
      </trkpt>
      <trkpt lon="7.21528407988529" lat="45.5670457615754">
        <ele>1804.21</ele>
      </trkpt>
      <trkpt lon="7.2152946171188" lat="45.5670003799807">
        <ele>1804.59</ele>
      </trkpt>
      <trkpt lon="7.21537449636589" lat="45.566873633122">
        <ele>1807.55</ele>
      </trkpt>
      <trkpt lon="7.21551912499849" lat="45.5667093748356">
        <ele>1810.22</ele>
      </trkpt>
      <trkpt lon="7.21563639068401" lat="45.5666079650869">
        <ele>1812.44</ele>
      </trkpt>
      <trkpt lon="7.21566610553674" lat="45.5665922260898">
        <ele>1813</ele>
      </trkpt>
      <trkpt lon="7.21568653649764" lat="45.5665945263453">
        <ele>1813.38</ele>
      </trkpt>
      <trkpt lon="7.2156944279881" lat="45.5666123824262">
        <ele>1813.91</ele>
      </trkpt>
      <trkpt lon="7.21568510994841" lat="45.5666719143886">
        <ele>1815</ele>
      </trkpt>
      <trkpt lon="7.21569792499241" lat="45.5667690558441">
        <ele>1816.04</ele>
      </trkpt>
      <trkpt lon="7.21569009219054" lat="45.5668747834268">
        <ele>1816.9</ele>
      </trkpt>
      <trkpt lon="7.21572172406665" lat="45.5669846420509">
        <ele>1819.16</ele>
      </trkpt>
      <trkpt lon="7.21582404667584" lat="45.5670799398817">
        <ele>1820.34</ele>
      </trkpt>
      <trkpt lon="7.21588339998142" lat="45.5671197525682">
        <ele>1821.71</ele>
      </trkpt>
      <trkpt lon="7.21591014173695" lat="45.5671452840245">
        <ele>1822</ele>
      </trkpt>
      <trkpt lon="7.21592734673976" lat="45.5671928076082">
        <ele>1822.52</ele>
      </trkpt>
      <trkpt lon="7.21593153204153" lat="45.5672387782492">
        <ele>1823.73</ele>
      </trkpt>
      <trkpt lon="7.21595407372161" lat="45.5672634346428">
        <ele>1824</ele>
      </trkpt>
      <trkpt lon="7.21597061004221" lat="45.567271343335">
        <ele>1824</ele>
      </trkpt>
      <trkpt lon="7.21597982960592" lat="45.5672756268653">
        <ele>1824</ele>
      </trkpt>
      <trkpt lon="7.21599481604288" lat="45.5672758603495">
        <ele>1824.25</ele>
      </trkpt>
      <trkpt lon="7.21601015000442" lat="45.5672610684592">
        <ele>1824.93</ele>
      </trkpt>
      <trkpt lon="7.21602074823031" lat="45.5672218092413">
        <ele>1825.2</ele>
      </trkpt>
      <trkpt lon="7.21605692833942" lat="45.5671436159584">
        <ele>1826.51</ele>
      </trkpt>
      <trkpt lon="7.21608700310621" lat="45.5670476860594">
        <ele>1828.27</ele>
      </trkpt>
      <trkpt lon="7.21610510765463" lat="45.5669777594763">
        <ele>1829.49</ele>
      </trkpt>
      <trkpt lon="7.21611925696747" lat="45.5668870712217">
        <ele>1831</ele>
      </trkpt>
      <trkpt lon="7.21613296599783" lat="45.5668669430704">
        <ele>1831.13</ele>
      </trkpt>
      <trkpt lon="7.21618974606581" lat="45.5668140033997">
        <ele>1832.28</ele>
      </trkpt>
      <trkpt lon="7.21632154051586" lat="45.5666786151595">
        <ele>1835</ele>
      </trkpt>
      <trkpt lon="7.21637124564891" lat="45.5666144029146">
        <ele>1836.03</ele>
      </trkpt>
      <trkpt lon="7.21640573316474" lat="45.5665815496445">
        <ele>1836.43</ele>
      </trkpt>
      <trkpt lon="7.21641938374574" lat="45.5665672716397">
        <ele>1836.94</ele>
      </trkpt>
      <trkpt lon="7.21643188422407" lat="45.5665569353897">
        <ele>1836.98</ele>
      </trkpt>
      <trkpt lon="7.21644503178336" lat="45.5665545299008">
        <ele>1836.99</ele>
      </trkpt>
      <trkpt lon="7.21646066252343" lat="45.5665626941463">
        <ele>1837.66</ele>
      </trkpt>
      <trkpt lon="7.21646292333767" lat="45.5665803723904">
        <ele>1838</ele>
      </trkpt>
      <trkpt lon="7.2164619032391" lat="45.5666125787459">
        <ele>1838.65</ele>
      </trkpt>
      <trkpt lon="7.21646182485584" lat="45.5666433628526">
        <ele>1838.92</ele>
      </trkpt>
      <trkpt lon="7.21647907655408" lat="45.5667178010024">
        <ele>1840.46</ele>
      </trkpt>
      <trkpt lon="7.21649920613153" lat="45.5667903030202">
        <ele>1842.33</ele>
      </trkpt>
      <trkpt lon="7.21651060590273" lat="45.5668147843017">
        <ele>1842.81</ele>
      </trkpt>
      <trkpt lon="7.21657873952055" lat="45.5668768754111">
        <ele>1843.54</ele>
      </trkpt>
      <trkpt lon="7.21661936978557" lat="45.5669373662142">
        <ele>1844.2</ele>
      </trkpt>
      <trkpt lon="7.21664385819004" lat="45.5669895955423">
        <ele>1845.22</ele>
      </trkpt>
      <trkpt lon="7.21669213907511" lat="45.5670270719518">
        <ele>1846.15</ele>
      </trkpt>
      <trkpt lon="7.21674048381158" lat="45.5670665317451">
        <ele>1847.08</ele>
      </trkpt>
      <trkpt lon="7.21679335859657" lat="45.5671369368049">
        <ele>1848.23</ele>
      </trkpt>
      <trkpt lon="7.21680473621039" lat="45.5671580874468">
        <ele>1848.71</ele>
      </trkpt>
      <trkpt lon="7.21681836685754" lat="45.5671687406244">
        <ele>1849.25</ele>
      </trkpt>
      <trkpt lon="7.21683361703552" lat="45.5671768104193">
        <ele>1849.86</ele>
      </trkpt>
      <trkpt lon="7.21685332030706" lat="45.5671737855339">
        <ele>1850</ele>
      </trkpt>
      <trkpt lon="7.21687189063014" lat="45.5671498628898">
        <ele>1850.64</ele>
      </trkpt>
      <trkpt lon="7.21689978399779" lat="45.5670944923229">
        <ele>1851.72</ele>
      </trkpt>
      <trkpt lon="7.21691956287464" lat="45.5670606888865">
        <ele>1852.51</ele>
      </trkpt>
      <trkpt lon="7.21693777526973" lat="45.5670156962646">
        <ele>1853.71</ele>
      </trkpt>
      <trkpt lon="7.2169432348039" lat="45.5669606060433">
        <ele>1854.05</ele>
      </trkpt>
      <trkpt lon="7.21696777276373" lat="45.5668939296041">
        <ele>1855</ele>
      </trkpt>
      <trkpt lon="7.2169733962927" lat="45.5668336225865">
        <ele>1856</ele>
      </trkpt>
      <trkpt lon="7.21697364145041" lat="45.5667975300146">
        <ele>1856.14</ele>
      </trkpt>
      <trkpt lon="7.21696096427259" lat="45.5667526870977">
        <ele>1857.19</ele>
      </trkpt>
      <trkpt lon="7.21700759973907" lat="45.5666963500212">
        <ele>1858.05</ele>
      </trkpt>
      <trkpt lon="7.21708560008534" lat="45.5666247489755">
        <ele>1860</ele>
      </trkpt>
      <trkpt lon="7.21710892893699" lat="45.5665962207061">
        <ele>1860.44</ele>
      </trkpt>
      <trkpt lon="7.21712851324337" lat="45.5665686229794">
        <ele>1860.61</ele>
      </trkpt>
      <trkpt lon="7.21715226125201" lat="45.5665552228722">
        <ele>1861.52</ele>
      </trkpt>
      <trkpt lon="7.21717663680672" lat="45.5665543425304">
        <ele>1862</ele>
      </trkpt>
      <trkpt lon="7.21717916175926" lat="45.5665596010204">
        <ele>1862</ele>
      </trkpt>
      <trkpt lon="7.21717964476766" lat="45.5665767125664">
        <ele>1862.25</ele>
      </trkpt>
      <trkpt lon="7.21717960807673" lat="45.5666062355307">
        <ele>1862.67</ele>
      </trkpt>
      <trkpt lon="7.2171638010336" lat="45.5666643146159">
        <ele>1863.1</ele>
      </trkpt>
      <trkpt lon="7.21717284492798" lat="45.5667025295532">
        <ele>1864</ele>
      </trkpt>
      <trkpt lon="7.21718701703288" lat="45.5667244441303">
        <ele>1864.09</ele>
      </trkpt>
      <trkpt lon="7.21724637859794" lat="45.5667680346896">
        <ele>1865.01</ele>
      </trkpt>
      <trkpt lon="7.217318692834" lat="45.5668316314329">
        <ele>1866.35</ele>
      </trkpt>
      <trkpt lon="7.21738982940965" lat="45.5668879196477">
        <ele>1868.1</ele>
      </trkpt>
      <trkpt lon="7.21746492741562" lat="45.5669323853813">
        <ele>1869.19</ele>
      </trkpt>
      <trkpt lon="7.21756022893522" lat="45.5669620453826">
        <ele>1871</ele>
      </trkpt>
      <trkpt lon="7.21767124680472" lat="45.5670255258308">
        <ele>1873.41</ele>
      </trkpt>
      <trkpt lon="7.2177432811782" lat="45.5670534744528">
        <ele>1875</ele>
      </trkpt>
      <trkpt lon="7.21782660477786" lat="45.5670769175151">
        <ele>1876.17</ele>
      </trkpt>
      <trkpt lon="7.21794408496703" lat="45.5670860411034">
        <ele>1877.96</ele>
      </trkpt>
      <trkpt lon="7.21803489265239" lat="45.5670795362629">
        <ele>1879.15</ele>
      </trkpt>
      <trkpt lon="7.21806614603025" lat="45.5670840755683">
        <ele>1879.32</ele>
      </trkpt>
      <trkpt lon="7.21814351406318" lat="45.567101393419">
        <ele>1879.05</ele>
      </trkpt>
      <trkpt lon="7.21817357564431" lat="45.5671112245127">
        <ele>1879.29</ele>
      </trkpt>
      <trkpt lon="7.21818332276955" lat="45.5671271277847">
        <ele>1880</ele>
      </trkpt>
      <trkpt lon="7.21817333048666" lat="45.5671473143067">
        <ele>1880</ele>
      </trkpt>
      <trkpt lon="7.21816006007048" lat="45.5671819428269">
        <ele>1879.62</ele>
      </trkpt>
      <trkpt lon="7.21812967176814" lat="45.5672595055943">
        <ele>1880.52</ele>
      </trkpt>
      <trkpt lon="7.21811284303833" lat="45.5672891283986">
        <ele>1881</ele>
      </trkpt>
      <trkpt lon="7.21810913907316" lat="45.5673455075583">
        <ele>1880.57</ele>
      </trkpt>
      <trkpt lon="7.21812674155227" lat="45.5673805252758">
        <ele>1879.89</ele>
      </trkpt>
      <trkpt lon="7.21814816084459" lat="45.5674123623948">
        <ele>1879.44</ele>
      </trkpt>
      <trkpt lon="7.2181820722764" lat="45.5674341354926">
        <ele>1878.96</ele>
      </trkpt>
      <trkpt lon="7.2183267075789" lat="45.5674963384562">
        <ele>1881</ele>
      </trkpt>
      <trkpt lon="7.21840345291002" lat="45.567537409676">
        <ele>1883.68</ele>
      </trkpt>
      <trkpt lon="7.21844090264217" lat="45.5675931697738">
        <ele>1885.08</ele>
      </trkpt>
      <trkpt lon="7.21844743436808" lat="45.5676824720827">
        <ele>1886.3</ele>
      </trkpt>
      <trkpt lon="7.21846089371167" lat="45.5677877248596">
        <ele>1889</ele>
      </trkpt>
      <trkpt lon="7.21846717527677" lat="45.5678849440318">
        <ele>1889.47</ele>
      </trkpt>
      <trkpt lon="7.21849572668047" lat="45.5679871024326">
        <ele>1891.59</ele>
      </trkpt>
      <trkpt lon="7.21860289938116" lat="45.5680831947749">
        <ele>1892.14</ele>
      </trkpt>
      <trkpt lon="7.21861276983548" lat="45.5681844307495">
        <ele>1892.03</ele>
      </trkpt>
      <trkpt lon="7.21858165050962" lat="45.5682850274226">
        <ele>1891.85</ele>
      </trkpt>
      <trkpt lon="7.21854572373183" lat="45.5684769069002">
        <ele>1890.52</ele>
      </trkpt>
      <trkpt lon="7.21853542418653" lat="45.568583770599">
        <ele>1891.98</ele>
      </trkpt>
      <trkpt lon="7.21848848550831" lat="45.5686618859982">
        <ele>1889.51</ele>
      </trkpt>
      <trkpt lon="7.21857952190762" lat="45.5687495363054">
        <ele>1898.73</ele>
      </trkpt>
      <trkpt lon="7.2185874112495" lat="45.56887693403">
        <ele>1901.76</ele>
      </trkpt>
      <trkpt lon="7.2186192255424" lat="45.5688921013859">
        <ele>1904.28</ele>
      </trkpt>
      <trkpt lon="7.21872671161613" lat="45.5690148444015">
        <ele>1907.47</ele>
      </trkpt>
      <trkpt lon="7.21876640810554" lat="45.5690968329585">
        <ele>1907.27</ele>
      </trkpt>
      <trkpt lon="7.21877698313672" lat="45.569248753548">
        <ele>1908.23</ele>
      </trkpt>
      <trkpt lon="7.21872461478759" lat="45.5692756592735">
        <ele>1904.23</ele>
      </trkpt>
      <trkpt lon="7.21873290335705" lat="45.5693012627754">
        <ele>1903.92</ele>
      </trkpt>
      <trkpt lon="7.21885180905644" lat="45.5694276032143">
        <ele>1910.04</ele>
      </trkpt>
      <trkpt lon="7.21908955899089" lat="45.5695566032032">
        <ele>1913.52</ele>
      </trkpt>
      <trkpt lon="7.21914139492972" lat="45.5696236609468">
        <ele>1913.92</ele>
      </trkpt>
      <trkpt lon="7.21938059348856" lat="45.5698244238657">
        <ele>1918.53</ele>
      </trkpt>
      <trkpt lon="7.21961857102747" lat="45.5699625185301">
        <ele>1923.95</ele>
      </trkpt>
      <trkpt lon="7.2196505705157" lat="45.5700245842895">
        <ele>1925.85</ele>
      </trkpt>
      <trkpt lon="7.21967066673422" lat="45.5700983474501">
        <ele>1928</ele>
      </trkpt>
      <trkpt lon="7.21967410711099" lat="45.5701679770123">
        <ele>1928.84</ele>
      </trkpt>
      <trkpt lon="7.21969194751835" lat="45.5702522348595">
        <ele>1930</ele>
      </trkpt>
      <trkpt lon="7.219730580387" lat="45.5703193563658">
        <ele>1930.76</ele>
      </trkpt>
      <trkpt lon="7.21977561736622" lat="45.5703257291841">
        <ele>1931</ele>
      </trkpt>
      <trkpt lon="7.21981731585534" lat="45.570308018031">
        <ele>1932</ele>
      </trkpt>
      <trkpt lon="7.21987044810655" lat="45.5702813012065">
        <ele>1932.02</ele>
      </trkpt>
      <trkpt lon="7.21992762787455" lat="45.5702441174913">
        <ele>1933.09</ele>
      </trkpt>
      <trkpt lon="7.21996175786162" lat="45.5701698520649">
        <ele>1934.6</ele>
      </trkpt>
      <trkpt lon="7.21995380689362" lat="45.5700686466649">
        <ele>1937.16</ele>
      </trkpt>
      <trkpt lon="7.21993921912819" lat="45.5699949696709">
        <ele>1936.55</ele>
      </trkpt>
      <trkpt lon="7.21990998307871" lat="45.569958960149">
        <ele>1936.38</ele>
      </trkpt>
      <trkpt lon="7.21979203633189" lat="45.569802124508">
        <ele>1939.2</ele>
      </trkpt>
      <trkpt lon="7.21970812728732" lat="45.569602432563">
        <ele>1942.7</ele>
      </trkpt>
      <trkpt lon="7.21970803651728" lat="45.5695566175211">
        <ele>1942.89</ele>
      </trkpt>
      <trkpt lon="7.21983354924579" lat="45.5693320158648">
        <ele>1947.56</ele>
      </trkpt>
      <trkpt lon="7.21985549587033" lat="45.5691039131185">
        <ele>1952.14</ele>
      </trkpt>
      <trkpt lon="7.21973138104196" lat="45.568870650496">
        <ele>1956</ele>
      </trkpt>
      <trkpt lon="7.21989277724817" lat="45.568962276584">
        <ele>1956.84</ele>
      </trkpt>
      <trkpt lon="7.220016688139" lat="45.569112814902">
        <ele>1959.44</ele>
      </trkpt>
      <trkpt lon="7.22001847301075" lat="45.5691780110033">
        <ele>1958.4</ele>
      </trkpt>
      <trkpt lon="7.22008321675158" lat="45.5692866726957">
        <ele>1960.49</ele>
      </trkpt>
      <trkpt lon="7.22010165055184" lat="45.5694252152471">
        <ele>1963.13</ele>
      </trkpt>
      <trkpt lon="7.22013128947965" lat="45.569456552433">
        <ele>1964.66</ele>
      </trkpt>
      <trkpt lon="7.22024420967235" lat="45.569545352981">
        <ele>1968.74</ele>
      </trkpt>
      <trkpt lon="7.22053461043415" lat="45.5696913733519">
        <ele>1972.36</ele>
      </trkpt>
      <trkpt lon="7.22066900614685" lat="45.5697778073815">
        <ele>1974.64</ele>
      </trkpt>
      <trkpt lon="7.22076886462841" lat="45.5698825165366">
        <ele>1977.73</ele>
      </trkpt>
      <trkpt lon="7.22096634198601" lat="45.569984332119">
        <ele>1979.14</ele>
      </trkpt>
      <trkpt lon="7.221002603017" lat="45.5700291835978">
        <ele>1979.17</ele>
      </trkpt>
      <trkpt lon="7.22099769448092" lat="45.5698923801098">
        <ele>1982.9</ele>
      </trkpt>
      <trkpt lon="7.22100726181567" lat="45.5697274510545">
        <ele>1986.98</ele>
      </trkpt>
      <trkpt lon="7.22098675144314" lat="45.5696667354403">
        <ele>1987.97</ele>
      </trkpt>
      <trkpt lon="7.22085505429125" lat="45.5695150859078">
        <ele>1990.64</ele>
      </trkpt>
      <trkpt lon="7.22073948232054" lat="45.5693723284216">
        <ele>1991.33</ele>
      </trkpt>
      <trkpt lon="7.22070987572766" lat="45.5691086770603">
        <ele>1995.47</ele>
      </trkpt>
      <trkpt lon="7.22067357014351" lat="45.5690693173858">
        <ele>1995.16</ele>
      </trkpt>
      <trkpt lon="7.22067093925628" lat="45.5689416419273">
        <ele>1997.75</ele>
      </trkpt>
      <trkpt lon="7.22065077053138" lat="45.5688822791282">
        <ele>1997.36</ele>
      </trkpt>
      <trkpt lon="7.2207060731542" lat="45.5686690965244">
        <ele>2001.19</ele>
      </trkpt>
      <trkpt lon="7.22069816435848" lat="45.568542148811">
        <ele>2004.46</ele>
      </trkpt>
      <trkpt lon="7.22065239604075" lat="45.5684332428516">
        <ele>2005.4</ele>
      </trkpt>
      <trkpt lon="7.22049191034654" lat="45.5682315501157">
        <ele>2006.42</ele>
      </trkpt>
      <trkpt lon="7.22046989988312" lat="45.5681737790055">
        <ele>2006.96</ele>
      </trkpt>
      <trkpt lon="7.22046804290222" lat="45.5681027327565">
        <ele>2007.93</ele>
      </trkpt>
      <trkpt lon="7.22041787517902" lat="45.5679585647568">
        <ele>2010</ele>
      </trkpt>
      <trkpt lon="7.22039398384001" lat="45.5676317229732">
        <ele>2014.84</ele>
      </trkpt>
      <trkpt lon="7.22032197322205" lat="45.5673839743798">
        <ele>2018.58</ele>
      </trkpt>
      <trkpt lon="7.22033573188812" lat="45.567382477253">
        <ele>2018.89</ele>
      </trkpt>
      <trkpt lon="7.22048424180828" lat="45.5676101788602">
        <ele>2019.87</ele>
      </trkpt>
      <trkpt lon="7.22076296031837" lat="45.567829556518">
        <ele>2024.95</ele>
      </trkpt>
      <trkpt lon="7.22081805429969" lat="45.5679151147581">
        <ele>2025.75</ele>
      </trkpt>
      <trkpt lon="7.22100893592025" lat="45.5680754261918">
        <ele>2031.52</ele>
      </trkpt>
      <trkpt lon="7.22109637461157" lat="45.5681838103189">
        <ele>2031.12</ele>
      </trkpt>
      <trkpt lon="7.22111404618006" lat="45.5682370118278">
        <ele>2030.3</ele>
      </trkpt>
      <trkpt lon="7.2212123739988" lat="45.5683454766179">
        <ele>2032.12</ele>
      </trkpt>
      <trkpt lon="7.22133597469353" lat="45.5684490220843">
        <ele>2035.02</ele>
      </trkpt>
      <trkpt lon="7.22139949900061" lat="45.5685557753836">
        <ele>2035.7</ele>
      </trkpt>
      <trkpt lon="7.22139856633113" lat="45.5686625113921">
        <ele>2035.8</ele>
      </trkpt>
      <trkpt lon="7.22147514591454" lat="45.5687981794337">
        <ele>2037.95</ele>
      </trkpt>
      <trkpt lon="7.22180986819079" lat="45.569030130172">
        <ele>2045.6</ele>
      </trkpt>
      <trkpt lon="7.22184603829292" lat="45.5690372640346">
        <ele>2046.66</ele>
      </trkpt>
      <trkpt lon="7.22211598553945" lat="45.5691979040196">
        <ele>2049.56</ele>
      </trkpt>
      <trkpt lon="7.22215130199436" lat="45.5692484084092">
        <ele>2050.36</ele>
      </trkpt>
      <trkpt lon="7.22230838114193" lat="45.5693551765029">
        <ele>2051.83</ele>
      </trkpt>
      <trkpt lon="7.22237998388266" lat="45.5694375709345">
        <ele>2053.01</ele>
      </trkpt>
      <trkpt lon="7.22254059894637" lat="45.5695582560791">
        <ele>2053.78</ele>
      </trkpt>
      <trkpt lon="7.2225518698098" lat="45.569781836811">
        <ele>2055.17</ele>
      </trkpt>
      <trkpt lon="7.22263472254275" lat="45.569877276124">
        <ele>2056.52</ele>
      </trkpt>
      <trkpt lon="7.22269260164627" lat="45.5698747571762">
        <ele>2059.12</ele>
      </trkpt>
      <trkpt lon="7.22270978298502" lat="45.5698541429351">
        <ele>2060.42</ele>
      </trkpt>
      <trkpt lon="7.22270101998775" lat="45.5697988303481">
        <ele>2061.39</ele>
      </trkpt>
      <trkpt lon="7.22273919431653" lat="45.5697343457623">
        <ele>2063.42</ele>
      </trkpt>
      <trkpt lon="7.22275380250414" lat="45.5696165707195">
        <ele>2062.84</ele>
      </trkpt>
      <trkpt lon="7.22280579061088" lat="45.5695732729113">
        <ele>2064.64</ele>
      </trkpt>
      <trkpt lon="7.22280808065646" lat="45.5695168715151">
        <ele>2064.81</ele>
      </trkpt>
      <trkpt lon="7.22275971385682" lat="45.5693276385103">
        <ele>2069.72</ele>
      </trkpt>
      <trkpt lon="7.22274140290891" lat="45.5692987292728">
        <ele>2070.17</ele>
      </trkpt>
      <trkpt lon="7.22269163829617" lat="45.5692796838679">
        <ele>2070</ele>
      </trkpt>
      <trkpt lon="7.2226540135354" lat="45.5692251821332">
        <ele>2070.05</ele>
      </trkpt>
      <trkpt lon="7.22259391817866" lat="45.5690624969049">
        <ele>2073.17</ele>
      </trkpt>
      <trkpt lon="7.22260767232177" lat="45.5690083456761">
        <ele>2075.08</ele>
      </trkpt>
      <trkpt lon="7.22251377822397" lat="45.5688851000016">
        <ele>2075.58</ele>
      </trkpt>
      <trkpt lon="7.22243391781844" lat="45.568617695282">
        <ele>2079.89</ele>
      </trkpt>
      <trkpt lon="7.22243896859909" lat="45.5685835694726">
        <ele>2081.66</ele>
      </trkpt>
      <trkpt lon="7.22249000545813" lat="45.5686028176727">
        <ele>2081.94</ele>
      </trkpt>
      <trkpt lon="7.22258464749882" lat="45.5686901596737">
        <ele>2083.11</ele>
      </trkpt>
      <trkpt lon="7.22273763029198" lat="45.5687480764992">
        <ele>2086.92</ele>
      </trkpt>
      <trkpt lon="7.22294592085237" lat="45.5688970461496">
        <ele>2089.31</ele>
      </trkpt>
      <trkpt lon="7.22301510736299" lat="45.5689544677075">
        <ele>2090</ele>
      </trkpt>
      <trkpt lon="7.22304810375808" lat="45.5690337422426">
        <ele>2091.61</ele>
      </trkpt>
      <trkpt lon="7.22307783297421" lat="45.5691354645329">
        <ele>2091.45</ele>
      </trkpt>
      <trkpt lon="7.22311884419514" lat="45.5691759770596">
        <ele>2091.54</ele>
      </trkpt>
      <trkpt lon="7.22315640034318" lat="45.5691879943918">
        <ele>2092.02</ele>
      </trkpt>
      <trkpt lon="7.2231703342814" lat="45.569172819145">
        <ele>2092.8</ele>
      </trkpt>
      <trkpt lon="7.2231435704531" lat="45.569139637496">
        <ele>2093.18</ele>
      </trkpt>
      <trkpt lon="7.22313871885493" lat="45.5690740357993">
        <ele>2094.22</ele>
      </trkpt>
      <trkpt lon="7.22314007529341" lat="45.5688889061566">
        <ele>2095.32</ele>
      </trkpt>
      <trkpt lon="7.22311787598282" lat="45.568828793319">
        <ele>2097.05</ele>
      </trkpt>
      <trkpt lon="7.22316716290799" lat="45.568842702479">
        <ele>2097.02</ele>
      </trkpt>
      <trkpt lon="7.22323912167289" lat="45.5689016074343">
        <ele>2098.9</ele>
      </trkpt>
      <trkpt lon="7.22328756313256" lat="45.5689666289826">
        <ele>2100.77</ele>
      </trkpt>
      <trkpt lon="7.22336357322046" lat="45.5691042665127">
        <ele>2102.01</ele>
      </trkpt>
      <trkpt lon="7.2234115380174" lat="45.5692535318417">
        <ele>2102.12</ele>
      </trkpt>
      <trkpt lon="7.22343519826434" lat="45.5693241977367">
        <ele>2102.49</ele>
      </trkpt>
      <trkpt lon="7.22347719281354" lat="45.5693660741962">
        <ele>2105.52</ele>
      </trkpt>
      <trkpt lon="7.22350948550906" lat="45.5693499241024">
        <ele>2107</ele>
      </trkpt>
      <trkpt lon="7.22351437825479" lat="45.5693004062378">
        <ele>2107.13</ele>
      </trkpt>
      <trkpt lon="7.22356848653522" lat="45.5692223075749">
        <ele>2111.3</ele>
      </trkpt>
      <trkpt lon="7.22353268079591" lat="45.5691914175628">
        <ele>2110.55</ele>
      </trkpt>
      <trkpt lon="7.2235641425726" lat="45.5690512198969">
        <ele>2112.76</ele>
      </trkpt>
      <trkpt lon="7.22357499081528" lat="45.5688697487714">
        <ele>2114.71</ele>
      </trkpt>
      <trkpt lon="7.22353198236222" lat="45.5688274945149">
        <ele>2115.28</ele>
      </trkpt>
      <trkpt lon="7.22352429958027" lat="45.5687907407385">
        <ele>2115.98</ele>
      </trkpt>
      <trkpt lon="7.22358438350881" lat="45.5688279505889">
        <ele>2116.36</ele>
      </trkpt>
      <trkpt lon="7.22363489987065" lat="45.5689002945636">
        <ele>2116.34</ele>
      </trkpt>
      <trkpt lon="7.22363707895898" lat="45.5689775576389">
        <ele>2116.52</ele>
      </trkpt>
      <trkpt lon="7.22374376856868" lat="45.5690607663192">
        <ele>2119.78</ele>
      </trkpt>
      <trkpt lon="7.22385307699664" lat="45.5691788481242">
        <ele>2121.01</ele>
      </trkpt>
      <trkpt lon="7.22387086236651" lat="45.5692366414164">
        <ele>2119.98</ele>
      </trkpt>
      <trkpt lon="7.22384438029766" lat="45.5692840256852">
        <ele>2120.02</ele>
      </trkpt>
      <trkpt lon="7.22385804691905" lat="45.5693017012619">
        <ele>2121.54</ele>
      </trkpt>
      <trkpt lon="7.22384037033777" lat="45.5693624526187">
        <ele>2120.85</ele>
      </trkpt>
      <trkpt lon="7.22384926611523" lat="45.5694461214757">
        <ele>2121.37</ele>
      </trkpt>
      <trkpt lon="7.22396191700802" lat="45.5695272634951">
        <ele>2125.43</ele>
      </trkpt>
      <trkpt lon="7.22403421059644" lat="45.5695105637745">
        <ele>2127.82</ele>
      </trkpt>
      <trkpt lon="7.22401511446651" lat="45.5694333977602">
        <ele>2128.83</ele>
      </trkpt>
      <trkpt lon="7.22410118650909" lat="45.5692560663554">
        <ele>2132.97</ele>
      </trkpt>
      <trkpt lon="7.22412307863164" lat="45.5693990729415">
        <ele>2134</ele>
      </trkpt>
      <trkpt lon="7.2241694544054" lat="45.569411765376">
        <ele>2135.82</ele>
      </trkpt>
      <trkpt lon="7.22416386066367" lat="45.5693696448182">
        <ele>2135.56</ele>
      </trkpt>
      <trkpt lon="7.22418568712693" lat="45.5693195771035">
        <ele>2136.63</ele>
      </trkpt>
      <trkpt lon="7.22422041408604" lat="45.5692587314648">
        <ele>2139.43</ele>
      </trkpt>
      <trkpt lon="7.22430095320556" lat="45.5691958945526">
        <ele>2141.69</ele>
      </trkpt>
      <trkpt lon="7.22431586595078" lat="45.5691293402453">
        <ele>2142.19</ele>
      </trkpt>
      <trkpt lon="7.22433658328688" lat="45.5691185012842">
        <ele>2142.99</ele>
      </trkpt>
      <trkpt lon="7.22437018952211" lat="45.5691216322437">
        <ele>2144.13</ele>
      </trkpt>
      <trkpt lon="7.22442217317567" lat="45.5691637560282">
        <ele>2145.38</ele>
      </trkpt>
      <trkpt lon="7.22446356423671" lat="45.5692411778201">
        <ele>2147.2</ele>
      </trkpt>
      <trkpt lon="7.22449344704776" lat="45.5693014101796">
        <ele>2148.33</ele>
      </trkpt>
      <trkpt lon="7.22453360231855" lat="45.5693610815132">
        <ele>2149.97</ele>
      </trkpt>
      <trkpt lon="7.22458110476128" lat="45.5694315781902">
        <ele>2149.31</ele>
      </trkpt>
      <trkpt lon="7.22461664398176" lat="45.5694546318916">
        <ele>2150.33</ele>
      </trkpt>
      <trkpt lon="7.22471669838645" lat="45.5694841808249">
        <ele>2153.26</ele>
      </trkpt>
      <trkpt lon="7.22473868430838" lat="45.5695185485686">
        <ele>2153.17</ele>
      </trkpt>
      <trkpt lon="7.22476656274365" lat="45.5695163710058">
        <ele>2154.25</ele>
      </trkpt>
      <trkpt lon="7.22479713910235" lat="45.5694814732017">
        <ele>2156.22</ele>
      </trkpt>
      <trkpt lon="7.22479739744307" lat="45.5694813870909">
        <ele>2156.24</ele>
      </trkpt>
      <trkpt lon="7.22479711694676" lat="45.5694780508932">
        <ele>2156.4</ele>
      </trkpt>
      <trkpt lon="7.22481370385637" lat="45.5694559866099">
        <ele>2157</ele>
      </trkpt>
      <trkpt lon="7.22486604671256" lat="45.5694541898489">
        <ele>2158.45</ele>
      </trkpt>
      <trkpt lon="7.22491165866204" lat="45.5694627293938">
        <ele>2159.84</ele>
      </trkpt>
      <trkpt lon="7.22493914787869" lat="45.569476927239">
        <ele>2160.18</ele>
      </trkpt>
      <trkpt lon="7.22497400936131" lat="45.5694971836413">
        <ele>2161.32</ele>
      </trkpt>
      <trkpt lon="7.22503397964571" lat="45.569521787618">
        <ele>2162.69</ele>
      </trkpt>
      <trkpt lon="7.22507558307231" lat="45.5695354855872">
        <ele>2164.33</ele>
      </trkpt>
      <trkpt lon="7.22516171505619" lat="45.5695595064691">
        <ele>2165.94</ele>
      </trkpt>
      <trkpt lon="7.22524933235379" lat="45.5696258562076">
        <ele>2167.22</ele>
      </trkpt>
      <trkpt lon="7.22527731291415" lat="45.5696570739301">
        <ele>2168.17</ele>
      </trkpt>
      <trkpt lon="7.22539474806709" lat="45.5696963427205">
        <ele>2169.4</ele>
      </trkpt>
      <trkpt lon="7.22550578348331" lat="45.5697149914859">
        <ele>2169.64</ele>
      </trkpt>
      <trkpt lon="7.22558112600474" lat="45.5697561265827">
        <ele>2169.56</ele>
      </trkpt>
      <trkpt lon="7.22562953474652" lat="45.5697897334518">
        <ele>2170.21</ele>
      </trkpt>
      <trkpt lon="7.22569994148552" lat="45.5698085596064">
        <ele>2170.43</ele>
      </trkpt>
      <trkpt lon="7.22577427336289" lat="45.5698247440659">
        <ele>2169.59</ele>
      </trkpt>
      <trkpt lon="7.22581291274432" lat="45.5698430782341">
        <ele>2170.29</ele>
      </trkpt>
      <trkpt lon="7.22582573731536" lat="45.5698793709376">
        <ele>2170.44</ele>
      </trkpt>
      <trkpt lon="7.22582668673055" lat="45.5699102578347">
        <ele>2171.09</ele>
      </trkpt>
      <trkpt lon="7.22581565766785" lat="45.5699633729528">
        <ele>2170.78</ele>
      </trkpt>
      <trkpt lon="7.22580320944054" lat="45.5700006237692">
        <ele>2171.58</ele>
      </trkpt>
      <trkpt lon="7.22578496868797" lat="45.5700751393557">
        <ele>2171.67</ele>
      </trkpt>
      <trkpt lon="7.22580156495952" lat="45.5701422745381">
        <ele>2173.4</ele>
      </trkpt>
      <trkpt lon="7.22580234950065" lat="45.5702232071367">
        <ele>2172.53</ele>
      </trkpt>
      <trkpt lon="7.22580100457244" lat="45.5703879946015">
        <ele>2168.13</ele>
      </trkpt>
      <trkpt lon="7.22584782593994" lat="45.5704842224747">
        <ele>2169.62</ele>
      </trkpt>
      <trkpt lon="7.22582856564304" lat="45.570562682595">
        <ele>2169.34</ele>
      </trkpt>
      <trkpt lon="7.22578170780613" lat="45.5706263142976">
        <ele>2169.94</ele>
      </trkpt>
      <trkpt lon="7.22573313617377" lat="45.5706832541487">
        <ele>2169.4</ele>
      </trkpt>
      <trkpt lon="7.22557515078314" lat="45.5708937662482">
        <ele>2168.47</ele>
      </trkpt>
      <trkpt lon="7.22547526512115" lat="45.571041810672">
        <ele>2167.77</ele>
      </trkpt>
      <trkpt lon="7.2254305118828" lat="45.5711565992372">
        <ele>2167.17</ele>
      </trkpt>
      <trkpt lon="7.22542785349596" lat="45.5712979638781">
        <ele>2166.24</ele>
      </trkpt>
      <trkpt lon="7.22542727002635" lat="45.5713042556974">
        <ele>2166.22</ele>
      </trkpt>
      <trkpt lon="7.22552301903516" lat="45.5714624494914">
        <ele>2166.06</ele>
      </trkpt>
      <trkpt lon="7.22557670560418" lat="45.5714994676085">
        <ele>2167.29</ele>
      </trkpt>
      <trkpt lon="7.22558465212353" lat="45.5715442382559">
        <ele>2168</ele>
      </trkpt>
      <trkpt lon="7.22551038178309" lat="45.5716480345925">
        <ele>2168.81</ele>
      </trkpt>
      <trkpt lon="7.22545730678407" lat="45.5717299305833">
        <ele>2169.39</ele>
      </trkpt>
      <trkpt lon="7.22542781126451" lat="45.5718932010712">
        <ele>2172.59</ele>
      </trkpt>
      <trkpt lon="7.22540017241605" lat="45.5720016840879">
        <ele>2175.04</ele>
      </trkpt>
      <trkpt lon="7.22538336814113" lat="45.5720591187033">
        <ele>2176.3</ele>
      </trkpt>
      <trkpt lon="7.22535405321275" lat="45.5722207724856">
        <ele>2175.63</ele>
      </trkpt>
      <trkpt lon="7.22534022640072" lat="45.5722976076178">
        <ele>2173.09</ele>
      </trkpt>
      <trkpt lon="7.22534374786091" lat="45.5723404170619">
        <ele>2173.24</ele>
      </trkpt>
      <trkpt lon="7.22536462099677" lat="45.5724589230224">
        <ele>2173.2</ele>
      </trkpt>
      <trkpt lon="7.22539162386746" lat="45.5724845461503">
        <ele>2174.57</ele>
      </trkpt>
      <trkpt lon="7.22536470604687" lat="45.5725131104973">
        <ele>2173.61</ele>
      </trkpt>
      <trkpt lon="7.225385358813" lat="45.572536925185">
        <ele>2175.11</ele>
      </trkpt>
      <trkpt lon="7.22536193537333" lat="45.5725726564126">
        <ele>2173.78</ele>
      </trkpt>
      <trkpt lon="7.2254735171486" lat="45.5727775432012">
        <ele>2180.68</ele>
      </trkpt>
      <trkpt lon="7.22546030954197" lat="45.572867259219">
        <ele>2180.73</ele>
      </trkpt>
      <trkpt lon="7.22550994349806" lat="45.5730329277552">
        <ele>2185.58</ele>
      </trkpt>
      <trkpt lon="7.22558060991841" lat="45.5731249363087">
        <ele>2189.44</ele>
      </trkpt>
      <trkpt lon="7.22561799015343" lat="45.5731833048052">
        <ele>2190.98</ele>
      </trkpt>
      <trkpt lon="7.22565421408742" lat="45.5732783769915">
        <ele>2192.01</ele>
      </trkpt>
      <trkpt lon="7.2257070604268" lat="45.5733827995738">
        <ele>2192.97</ele>
      </trkpt>
      <trkpt lon="7.22573425936924" lat="45.573467293629">
        <ele>2192.86</ele>
      </trkpt>
      <trkpt lon="7.22574497202393" lat="45.5735422567294">
        <ele>2193.37</ele>
      </trkpt>
      <trkpt lon="7.22579230053309" lat="45.5736997917054">
        <ele>2195.41</ele>
      </trkpt>
      <trkpt lon="7.22581322830032" lat="45.5738654655197">
        <ele>2198.43</ele>
      </trkpt>
      <trkpt lon="7.22578603974393" lat="45.5739595537345">
        <ele>2199.56</ele>
      </trkpt>
      <trkpt lon="7.22575274084398" lat="45.5740076435109">
        <ele>2200.02</ele>
      </trkpt>
      <trkpt lon="7.22552294225858" lat="45.5742435888893">
        <ele>2204</ele>
      </trkpt>
      <trkpt lon="7.22544350701602" lat="45.5743932113289">
        <ele>2206.65</ele>
      </trkpt>
      <trkpt lon="7.22538844462636" lat="45.5745380838848">
        <ele>2206.68</ele>
      </trkpt>
      <trkpt lon="7.2253826583614" lat="45.5746810207577">
        <ele>2206.45</ele>
      </trkpt>
      <trkpt lon="7.22543383957661" lat="45.5748465337497">
        <ele>2207.67</ele>
      </trkpt>
      <trkpt lon="7.22549228585576" lat="45.5749603149552">
        <ele>2213.44</ele>
      </trkpt>
      <trkpt lon="7.22542699944105" lat="45.575185586657">
        <ele>2213.46</ele>
      </trkpt>
      <trkpt lon="7.22545120464016" lat="45.5752309685883">
        <ele>2218.96</ele>
      </trkpt>
      <trkpt lon="7.22548363559386" lat="45.5752471331976">
        <ele>2220.9</ele>
      </trkpt>
      <trkpt lon="7.22569102612921" lat="45.5752547659517">
        <ele>2223.89</ele>
      </trkpt>
      <trkpt lon="7.22584260634571" lat="45.5753008658002">
        <ele>2222.16</ele>
      </trkpt>
      <trkpt lon="7.22608425345188" lat="45.5752952596639">
        <ele>2222.99</ele>
      </trkpt>
      <trkpt lon="7.22614381911311" lat="45.5752718818743">
        <ele>2223.31</ele>
      </trkpt>
      <trkpt lon="7.22621666909229" lat="45.5752132477708">
        <ele>2224.65</ele>
      </trkpt>
      <trkpt lon="7.2262986078332" lat="45.5751713141754">
        <ele>2226</ele>
      </trkpt>
      <trkpt lon="7.22639155180395" lat="45.5751583564154">
        <ele>2225.27</ele>
      </trkpt>
      <trkpt lon="7.226459870059" lat="45.5751541958606">
        <ele>2225.14</ele>
      </trkpt>
      <trkpt lon="7.22654015233602" lat="45.5751567022559">
        <ele>2226.07</ele>
      </trkpt>
      <trkpt lon="7.22661250635204" lat="45.5751749284144">
        <ele>2226.12</ele>
      </trkpt>
      <trkpt lon="7.22671799137585" lat="45.575207349695">
        <ele>2227.15</ele>
      </trkpt>
      <trkpt lon="7.22677413372332" lat="45.5752357648419">
        <ele>2227.48</ele>
      </trkpt>
      <trkpt lon="7.22684686496203" lat="45.575282711171">
        <ele>2228.5</ele>
      </trkpt>
      <trkpt lon="7.22686904799211" lat="45.5753231096241">
        <ele>2228.05</ele>
      </trkpt>
      <trkpt lon="7.22686368915728" lat="45.5753426489527">
        <ele>2228</ele>
      </trkpt>
      <trkpt lon="7.22683880430446" lat="45.5753921277344">
        <ele>2227.55</ele>
      </trkpt>
      <trkpt lon="7.2268121194884" lat="45.5754377091784">
        <ele>2227.33</ele>
      </trkpt>
      <trkpt lon="7.22680822984568" lat="45.5754717627752">
        <ele>2227.22</ele>
      </trkpt>
      <trkpt lon="7.22682344578737" lat="45.5755258253935">
        <ele>2227.98</ele>
      </trkpt>
      <trkpt lon="7.22683402288232" lat="45.5755725238928">
        <ele>2228.35</ele>
      </trkpt>
      <trkpt lon="7.22683413452757" lat="45.5756870184408">
        <ele>2228.5</ele>
      </trkpt>
      <trkpt lon="7.22683030483713" lat="45.575780209637">
        <ele>2227.46</ele>
      </trkpt>
      <trkpt lon="7.2268394599102" lat="45.5758150967143">
        <ele>2226.86</ele>
      </trkpt>
      <trkpt lon="7.22683367738184" lat="45.5759091573579">
        <ele>2226.36</ele>
      </trkpt>
      <trkpt lon="7.22684549844501" lat="45.5759815287374">
        <ele>2227.3</ele>
      </trkpt>
      <trkpt lon="7.22685080881178" lat="45.5761670334554">
        <ele>2227.58</ele>
      </trkpt>
      <trkpt lon="7.22685299679649" lat="45.5762155819201">
        <ele>2227.94</ele>
      </trkpt>
      <trkpt lon="7.22685872967534" lat="45.5762451938316">
        <ele>2228</ele>
      </trkpt>
      <trkpt lon="7.22687837957477" lat="45.5762724113731">
        <ele>2228</ele>
      </trkpt>
      <trkpt lon="7.22690688769113" lat="45.5763155210668">
        <ele>2228</ele>
      </trkpt>
      <trkpt lon="7.22693656670969" lat="45.5764272324976">
        <ele>2228</ele>
      </trkpt>
      <trkpt lon="7.22697060821619" lat="45.5764736673284">
        <ele>2228</ele>
      </trkpt>
      <trkpt lon="7.22697006008148" lat="45.5765195629222">
        <ele>2228</ele>
      </trkpt>
      <trkpt lon="7.22695683961487" lat="45.57655680262">
        <ele>2228.35</ele>
      </trkpt>
      <trkpt lon="7.22695087983278" lat="45.576623948696">
        <ele>2227</ele>
      </trkpt>
      <trkpt lon="7.22698761576467" lat="45.5766743836535">
        <ele>2226.15</ele>
      </trkpt>
      <trkpt lon="7.22702312368542" lat="45.5767353327526">
        <ele>2226</ele>
      </trkpt>
      <trkpt lon="7.22704283751395" lat="45.5767605724672">
        <ele>2225.97</ele>
      </trkpt>
      <trkpt lon="7.22707804802063" lat="45.5768309662455">
        <ele>2225.73</ele>
      </trkpt>
      <trkpt lon="7.22707804802063" lat="45.5768309662455">
        <ele>2225.73</ele>
      </trkpt>
      <trkpt lon="7.22717310380725" lat="45.5769260528907">
        <ele>2226.81</ele>
      </trkpt>
      <trkpt lon="7.22727969333703" lat="45.5770132172259">
        <ele>2238.75</ele>
      </trkpt>
      <trkpt lon="7.22744703100958" lat="45.5772633418042">
        <ele>2230.34</ele>
      </trkpt>
      <trkpt lon="7.22775885888089" lat="45.5774675555144">
        <ele>2235.18</ele>
      </trkpt>
      <trkpt lon="7.22782752624303" lat="45.5775093044513">
        <ele>2236.74</ele>
      </trkpt>
      <trkpt lon="7.22787096632227" lat="45.5774974684627">
        <ele>2237.35</ele>
      </trkpt>
      <trkpt lon="7.22779194773374" lat="45.5773650060323">
        <ele>2239.44</ele>
      </trkpt>
      <trkpt lon="7.22781158207335" lat="45.5773357888206">
        <ele>2240.69</ele>
      </trkpt>
      <trkpt lon="7.22785104086592" lat="45.5773567425073">
        <ele>2241.21</ele>
      </trkpt>
      <trkpt lon="7.2279213885888" lat="45.5774103112023">
        <ele>2242</ele>
      </trkpt>
      <trkpt lon="7.22804229897652" lat="45.5774415298242">
        <ele>2243.35</ele>
      </trkpt>
      <trkpt lon="7.22816208609687" lat="45.577524758077">
        <ele>2245.56</ele>
      </trkpt>
      <trkpt lon="7.22816648224215" lat="45.5775845929582">
        <ele>2246.2</ele>
      </trkpt>
      <trkpt lon="7.22815217218128" lat="45.5776565585192">
        <ele>2247.73</ele>
      </trkpt>
      <trkpt lon="7.22814733812473" lat="45.5776879870409">
        <ele>2248.18</ele>
      </trkpt>
      <trkpt lon="7.22815611017752" lat="45.5777064848134">
        <ele>2248.55</ele>
      </trkpt>
      <trkpt lon="7.22819214677582" lat="45.5777221661121">
        <ele>2249</ele>
      </trkpt>
      <trkpt lon="7.2282149497282" lat="45.5777389028649">
        <ele>2249.88</ele>
      </trkpt>
      <trkpt lon="7.22821992720282" lat="45.5777599506648">
        <ele>2250.1</ele>
      </trkpt>
      <trkpt lon="7.22823256054073" lat="45.577773920583">
        <ele>2250.61</ele>
      </trkpt>
      <trkpt lon="7.22825936653815" lat="45.5777815349228">
        <ele>2251.67</ele>
      </trkpt>
      <trkpt lon="7.22827531136649" lat="45.5777798933691">
        <ele>2252.33</ele>
      </trkpt>
      <trkpt lon="7.22828485057941" lat="45.577774101649">
        <ele>2252.65</ele>
      </trkpt>
      <trkpt lon="7.22829027072627" lat="45.5777443926207">
        <ele>2252.83</ele>
      </trkpt>
      <trkpt lon="7.22829164033652" lat="45.5777374813489">
        <ele>2253.09</ele>
      </trkpt>
      <trkpt lon="7.22827358813202" lat="45.5776879660397">
        <ele>2254.16</ele>
      </trkpt>
      <trkpt lon="7.22826007430944" lat="45.5776693932194">
        <ele>2254.54</ele>
      </trkpt>
      <trkpt lon="7.22825342743176" lat="45.577644359192">
        <ele>2255.26</ele>
      </trkpt>
      <trkpt lon="7.22826098322939" lat="45.5776405147239">
        <ele>2255.56</ele>
      </trkpt>
      <trkpt lon="7.22828150583446" lat="45.5776440733453">
        <ele>2256.14</ele>
      </trkpt>
      <trkpt lon="7.22828891979456" lat="45.577648779091">
        <ele>2256.1</ele>
      </trkpt>
      <trkpt lon="7.22831633117875" lat="45.5776656770036">
        <ele>2256.74</ele>
      </trkpt>
      <trkpt lon="7.22834000913784" lat="45.5776830554476">
        <ele>2257.2</ele>
      </trkpt>
      <trkpt lon="7.22837965424155" lat="45.5776940227738">
        <ele>2257.96</ele>
      </trkpt>
      <trkpt lon="7.2283895543192" lat="45.5777011952723">
        <ele>2257.96</ele>
      </trkpt>
      <trkpt lon="7.22841495639392" lat="45.5777655888047">
        <ele>2258.78</ele>
      </trkpt>
      <trkpt lon="7.22844774884988" lat="45.5777622251485">
        <ele>2259.99</ele>
      </trkpt>
      <trkpt lon="7.22845704180119" lat="45.5777071932983">
        <ele>2260.28</ele>
      </trkpt>
      <trkpt lon="7.22840432546767" lat="45.5776309464256">
        <ele>2260.37</ele>
      </trkpt>
      <trkpt lon="7.22841704839222" lat="45.5776094515635">
        <ele>2261.78</ele>
      </trkpt>
      <trkpt lon="7.22846312674669" lat="45.5776318609064">
        <ele>2262.1</ele>
      </trkpt>
      <trkpt lon="7.22857147748425" lat="45.5777160807402">
        <ele>2264.67</ele>
      </trkpt>
      <trkpt lon="7.2285755484176" lat="45.577786351992">
        <ele>2265.25</ele>
      </trkpt>
      <trkpt lon="7.22856054132596" lat="45.5778477756143">
        <ele>2266.49</ele>
      </trkpt>
      <trkpt lon="7.22860803336348" lat="45.5778822658305">
        <ele>2267.39</ele>
      </trkpt>
      <trkpt lon="7.22869042737162" lat="45.5779971361843">
        <ele>2269.74</ele>
      </trkpt>
      <trkpt lon="7.22871112453015" lat="45.5780236509405">
        <ele>2270.71</ele>
      </trkpt>
      <trkpt lon="7.22871954611442" lat="45.5780656354116">
        <ele>2271.62</ele>
      </trkpt>
      <trkpt lon="7.22876559103422" lat="45.578093172661">
        <ele>2273</ele>
      </trkpt>
      <trkpt lon="7.22879055275542" lat="45.5780901394929">
        <ele>2273</ele>
      </trkpt>
      <trkpt lon="7.22881493442585" lat="45.5780607250999">
        <ele>2274.59</ele>
      </trkpt>
      <trkpt lon="7.22880726850547" lat="45.5778724841787">
        <ele>2276.29</ele>
      </trkpt>
      <trkpt lon="7.22884304692378" lat="45.5778800597154">
        <ele>2277.56</ele>
      </trkpt>
      <trkpt lon="7.22891940262156" lat="45.5779586540982">
        <ele>2278.81</ele>
      </trkpt>
      <trkpt lon="7.22913176418457" lat="45.5780327857956">
        <ele>2282</ele>
      </trkpt>
      <trkpt lon="7.22913212250984" lat="45.5780335997085">
        <ele>2282</ele>
      </trkpt>
      <trkpt lon="7.22913773094748" lat="45.5780345886765">
        <ele>2282</ele>
      </trkpt>
      <trkpt lon="7.22916897518331" lat="45.5780803484634">
        <ele>2282.55</ele>
      </trkpt>
      <trkpt lon="7.22918731146196" lat="45.5780924239446">
        <ele>2283.07</ele>
      </trkpt>
      <trkpt lon="7.22924194570122" lat="45.578107672079">
        <ele>2282.87</ele>
      </trkpt>
      <trkpt lon="7.22931902210771" lat="45.5781226370902">
        <ele>2283.3</ele>
      </trkpt>
      <trkpt lon="7.22935023632768" lat="45.5781408545172">
        <ele>2283.66</ele>
      </trkpt>
      <trkpt lon="7.22937446400205" lat="45.5781733639028">
        <ele>2284.6</ele>
      </trkpt>
      <trkpt lon="7.22939991690792" lat="45.5781954508159">
        <ele>2284.49</ele>
      </trkpt>
      <trkpt lon="7.2294183949464" lat="45.5782029372941">
        <ele>2284.33</ele>
      </trkpt>
      <trkpt lon="7.22945069263985" lat="45.5782152295825">
        <ele>2284</ele>
      </trkpt>
      <trkpt lon="7.22948558191332" lat="45.578234852636">
        <ele>2283.68</ele>
      </trkpt>
      <trkpt lon="7.2295016623807" lat="45.5782574255817">
        <ele>2283.71</ele>
      </trkpt>
      <trkpt lon="7.22950866774253" lat="45.5782751760961">
        <ele>2283.4</ele>
      </trkpt>
      <trkpt lon="7.22952023436414" lat="45.578290476593">
        <ele>2283.53</ele>
      </trkpt>
      <trkpt lon="7.22954547324222" lat="45.5783194025649">
        <ele>2283</ele>
      </trkpt>
      <trkpt lon="7.22956005608048" lat="45.5783610315311">
        <ele>2283.12</ele>
      </trkpt>
      <trkpt lon="7.22955745995839" lat="45.5784436224728">
        <ele>2284.12</ele>
      </trkpt>
      <trkpt lon="7.2295572586278" lat="45.5785112158382">
        <ele>2285.73</ele>
      </trkpt>
      <trkpt lon="7.2295656637746" lat="45.5785415000148">
        <ele>2286</ele>
      </trkpt>
      <trkpt lon="7.22964011468599" lat="45.5785787488945">
        <ele>2286</ele>
      </trkpt>
      <trkpt lon="7.22971189888509" lat="45.5786153255092">
        <ele>2286.35</ele>
      </trkpt>
      <trkpt lon="7.22978495835033" lat="45.5786397712756">
        <ele>2287</ele>
      </trkpt>
      <trkpt lon="7.22990632760602" lat="45.5786442614517">
        <ele>2286.24</ele>
      </trkpt>
      <trkpt lon="7.23004070266131" lat="45.5786509351419">
        <ele>2286.99</ele>
      </trkpt>
      <trkpt lon="7.23012345151584" lat="45.5786607695233">
        <ele>2287.74</ele>
      </trkpt>
      <trkpt lon="7.23020587785861" lat="45.5786849987081">
        <ele>2288.17</ele>
      </trkpt>
      <trkpt lon="7.23027316767095" lat="45.5787135834117">
        <ele>2288.81</ele>
      </trkpt>
      <trkpt lon="7.23033004326365" lat="45.578747318144">
        <ele>2288.96</ele>
      </trkpt>
      <trkpt lon="7.23038670816972" lat="45.5787591801018">
        <ele>2289.27</ele>
      </trkpt>
      <trkpt lon="7.2304295728763" lat="45.5787656945693">
        <ele>2288.97</ele>
      </trkpt>
      <trkpt lon="7.23043033955966" lat="45.5787657056881">
        <ele>2288.97</ele>
      </trkpt>
      <trkpt lon="7.23046121523133" lat="45.5787661837767">
        <ele>2288.9</ele>
      </trkpt>
      <trkpt lon="7.23051815309496" lat="45.5787408725796">
        <ele>2288.45</ele>
      </trkpt>
      <trkpt lon="7.23055791264107" lat="45.5787237586448">
        <ele>2289.38</ele>
      </trkpt>
      <trkpt lon="7.23060322781247" lat="45.5787093364981">
        <ele>2289.82</ele>
      </trkpt>
      <trkpt lon="7.23064096494934" lat="45.5786994810597">
        <ele>2289.81</ele>
      </trkpt>
      <trkpt lon="7.23066160715509" lat="45.5786952117076">
        <ele>2289.57</ele>
      </trkpt>
      <trkpt lon="7.23068815243484" lat="45.5786824810885">
        <ele>2289.28</ele>
      </trkpt>
      <trkpt lon="7.23071952287077" lat="45.5786672143413">
        <ele>2289.43</ele>
      </trkpt>
      <trkpt lon="7.230783621913" lat="45.5786465144406">
        <ele>2289.87</ele>
      </trkpt>
      <trkpt lon="7.23082444539588" lat="45.5786281560403">
        <ele>2290.93</ele>
      </trkpt>
      <trkpt lon="7.23087571677332" lat="45.5785872749523">
        <ele>2291</ele>
      </trkpt>
      <trkpt lon="7.23092355801678" lat="45.5785210487489">
        <ele>2290</ele>
      </trkpt>
      <trkpt lon="7.23093810322088" lat="45.5784986816602">
        <ele>2289.97</ele>
      </trkpt>
      <trkpt lon="7.23112319200046" lat="45.5784291789244">
        <ele>2289.19</ele>
      </trkpt>
      <trkpt lon="7.23117331541195" lat="45.5784249154132">
        <ele>2288.39</ele>
      </trkpt>
      <trkpt lon="7.23124427862129" lat="45.5783977515274">
        <ele>2287.14</ele>
      </trkpt>
      <trkpt lon="7.23129784726381" lat="45.5783572676938">
        <ele>2287.04</ele>
      </trkpt>
      <trkpt lon="7.23136684651505" lat="45.5783314232667">
        <ele>2286.93</ele>
      </trkpt>
      <trkpt lon="7.23142641495437" lat="45.5783080426992">
        <ele>2286.34</ele>
      </trkpt>
      <trkpt lon="7.23145704936557" lat="45.5782875452576">
        <ele>2286.38</ele>
      </trkpt>
      <trkpt lon="7.23149704573614" lat="45.5782343359725">
        <ele>2286.8</ele>
      </trkpt>
      <trkpt lon="7.23151877753614" lat="45.5781953379794">
        <ele>2285.68</ele>
      </trkpt>
      <trkpt lon="7.23154013203397" lat="45.5781316726953">
        <ele>2283.93</ele>
      </trkpt>
      <trkpt lon="7.23158683405469" lat="45.5780811802101">
        <ele>2282.97</ele>
      </trkpt>
      <trkpt lon="7.23161209915009" lat="45.5780480879552">
        <ele>2282.22</ele>
      </trkpt>
      <trkpt lon="7.23166380938001" lat="45.5780095541527">
        <ele>2281.26</ele>
      </trkpt>
      <trkpt lon="7.23172029759583" lat="45.5779657841535">
        <ele>2281.05</ele>
      </trkpt>
      <trkpt lon="7.23177282445898" lat="45.5779298726471">
        <ele>2281</ele>
      </trkpt>
      <trkpt lon="7.23188684170763" lat="45.5778868115557">
        <ele>2279.72</ele>
      </trkpt>
      <trkpt lon="7.23194999903619" lat="45.5778674477906">
        <ele>2280.15</ele>
      </trkpt>
      <trkpt lon="7.23198702516304" lat="45.5778516394177">
        <ele>2280.12</ele>
      </trkpt>
      <trkpt lon="7.23203120691108" lat="45.5778405312324">
        <ele>2281.68</ele>
      </trkpt>
      <trkpt lon="7.2321006363546" lat="45.5778336872874">
        <ele>2282.51</ele>
      </trkpt>
      <trkpt lon="7.23214719343683" lat="45.5778082148748">
        <ele>2282.39</ele>
      </trkpt>
      <trkpt lon="7.23221812115233" lat="45.5777495446404">
        <ele>2280.92</ele>
      </trkpt>
      <trkpt lon="7.23228308456488" lat="45.5777052747106">
        <ele>2280.7</ele>
      </trkpt>
      <trkpt lon="7.23241989731004" lat="45.5776342159131">
        <ele>2279.83</ele>
      </trkpt>
      <trkpt lon="7.23251515110564" lat="45.5775478396615">
        <ele>2277.37</ele>
      </trkpt>
      <trkpt lon="7.23267904091076" lat="45.5774022181389">
        <ele>2277.39</ele>
      </trkpt>
      <trkpt lon="7.23275335182657" lat="45.5773541315369">
        <ele>2278.36</ele>
      </trkpt>
      <trkpt lon="7.23286975807078" lat="45.5773083176215">
        <ele>2280</ele>
      </trkpt>
      <trkpt lon="7.23298946746654" lat="45.5772471644633">
        <ele>2281</ele>
      </trkpt>
      <trkpt lon="7.23309013742859" lat="45.5771923751698">
        <ele>2279.86</ele>
      </trkpt>
      <trkpt lon="7.23318492925543" lat="45.5771491972228">
        <ele>2280</ele>
      </trkpt>
      <trkpt lon="7.23331128552893" lat="45.577113078092">
        <ele>2279.29</ele>
      </trkpt>
      <trkpt lon="7.23341445248677" lat="45.5770726391838">
        <ele>2278.1</ele>
      </trkpt>
      <trkpt lon="7.2334333696992" lat="45.577066089202">
        <ele>2278</ele>
      </trkpt>
      <trkpt lon="7.2334333696992" lat="45.577066089202">
        <ele>2278</ele>
      </trkpt>
      <trkpt lon="7.23356187699202" lat="45.5768388208386">
        <ele>2276.64</ele>
      </trkpt>
      <trkpt lon="7.23369367669262" lat="45.5767190774344">
        <ele>2276.28</ele>
      </trkpt>
      <trkpt lon="7.23385515193112" lat="45.5766052816891">
        <ele>2276.44</ele>
      </trkpt>
      <trkpt lon="7.23400898616656" lat="45.5764490625804">
        <ele>2278.39</ele>
      </trkpt>
      <trkpt lon="7.23405066386359" lat="45.5763584357036">
        <ele>2279.12</ele>
      </trkpt>
      <trkpt lon="7.2340738515226" lat="45.5763055984875">
        <ele>2278.32</ele>
      </trkpt>
      <trkpt lon="7.23409157140678" lat="45.5761614950336">
        <ele>2277.81</ele>
      </trkpt>
      <trkpt lon="7.2340874707026" lat="45.5760511699962">
        <ele>2278.09</ele>
      </trkpt>
      <trkpt lon="7.2340874790414" lat="45.576050900545">
        <ele>2278.09</ele>
      </trkpt>
      <trkpt lon="7.23410882750139" lat="45.5760118053235">
        <ele>2278.37</ele>
      </trkpt>
      <trkpt lon="7.23414127005394" lat="45.5760031248634">
        <ele>2278.59</ele>
      </trkpt>
      <trkpt lon="7.23418401302299" lat="45.5759847942602">
        <ele>2278.85</ele>
      </trkpt>
      <trkpt lon="7.23422125326054" lat="45.5759579161665">
        <ele>2279</ele>
      </trkpt>
      <trkpt lon="7.23428627846693" lat="45.5758789036967">
        <ele>2279</ele>
      </trkpt>
      <trkpt lon="7.23435218415799" lat="45.5758044941289">
        <ele>2279</ele>
      </trkpt>
      <trkpt lon="7.23441704529007" lat="45.5757347485573">
        <ele>2279.1</ele>
      </trkpt>
      <trkpt lon="7.23444551347647" lat="45.5756892838">
        <ele>2280</ele>
      </trkpt>
      <trkpt lon="7.23446526258491" lat="45.5756153293528">
        <ele>2280</ele>
      </trkpt>
      <trkpt lon="7.23448884438088" lat="45.5755786092127">
        <ele>2280</ele>
      </trkpt>
      <trkpt lon="7.23450987858846" lat="45.5755576922233">
        <ele>2280</ele>
      </trkpt>
      <trkpt lon="7.23452699035958" lat="45.5755432864708">
        <ele>2280</ele>
      </trkpt>
      <trkpt lon="7.23455410251246" lat="45.5755206639418">
        <ele>2280</ele>
      </trkpt>
      <trkpt lon="7.23458354790646" lat="45.5755053666196">
        <ele>2280</ele>
      </trkpt>
      <trkpt lon="7.23462117672179" lat="45.5754947861618">
        <ele>2280.03</ele>
      </trkpt>
      <trkpt lon="7.23468014199583" lat="45.5754904782905">
        <ele>2281</ele>
      </trkpt>
      <trkpt lon="7.23473502941757" lat="45.5754853842489">
        <ele>2281</ele>
      </trkpt>
      <trkpt lon="7.23478607508898" lat="45.5754802346131">
        <ele>2281</ele>
      </trkpt>
      <trkpt lon="7.23485779902339" lat="45.5754736018068">
        <ele>2281</ele>
      </trkpt>
      <trkpt lon="7.23494057623733" lat="45.5754538187765">
        <ele>2282</ele>
      </trkpt>
      <trkpt lon="7.23498352449452" lat="45.5754493524129">
        <ele>2282</ele>
      </trkpt>
      <trkpt lon="7.23515485691594" lat="45.5754052835172">
        <ele>2282</ele>
      </trkpt>
      <trkpt lon="7.2352164310921" lat="45.5753749111265">
        <ele>2282.11</ele>
      </trkpt>
      <trkpt lon="7.23527103285901" lat="45.5753462331555">
        <ele>2283</ele>
      </trkpt>
      <trkpt lon="7.23532575978755" lat="45.5753094549819">
        <ele>2283</ele>
      </trkpt>
      <trkpt lon="7.23536855041241" lat="45.5752690710465">
        <ele>2283</ele>
      </trkpt>
      <trkpt lon="7.23540876065329" lat="45.5752170367931">
        <ele>2283</ele>
      </trkpt>
      <trkpt lon="7.23544124300304" lat="45.5751620912806">
        <ele>2283.16</ele>
      </trkpt>
      <trkpt lon="7.23546862493636" lat="45.575122640553">
        <ele>2283.65</ele>
      </trkpt>
      <trkpt lon="7.23549191044285" lat="45.5750380303164">
        <ele>2284</ele>
      </trkpt>
      <trkpt lon="7.23550117814089" lat="45.5749958682343">
        <ele>2284</ele>
      </trkpt>
      <trkpt lon="7.23551714673321" lat="45.5749156469262">
        <ele>2285</ele>
      </trkpt>
      <trkpt lon="7.23552908939943" lat="45.574878115542">
        <ele>2285.08</ele>
      </trkpt>
      <trkpt lon="7.23555178229417" lat="45.5748410231617">
        <ele>2285.65</ele>
      </trkpt>
      <trkpt lon="7.23559090104412" lat="45.5747787997526">
        <ele>2286.01</ele>
      </trkpt>
      <trkpt lon="7.23562319716213" lat="45.5747297932766">
        <ele>2287</ele>
      </trkpt>
      <trkpt lon="7.23563472869236" lat="45.5746930674642">
        <ele>2287</ele>
      </trkpt>
      <trkpt lon="7.23564573806316" lat="45.5746525526626">
        <ele>2287.02</ele>
      </trkpt>
      <trkpt lon="7.2356521189835" lat="45.5746411302148">
        <ele>2287.55</ele>
      </trkpt>
      <trkpt lon="7.2356827339374" lat="45.5746212605666">
        <ele>2288</ele>
      </trkpt>
      <trkpt lon="7.2357351913156" lat="45.5745873268871">
        <ele>2288</ele>
      </trkpt>
      <trkpt lon="7.23578751503276" lat="45.5745699519561">
        <ele>2288</ele>
      </trkpt>
      <trkpt lon="7.2358881234479" lat="45.574537302108">
        <ele>2288</ele>
      </trkpt>
      <trkpt lon="7.23594898907222" lat="45.5745172716373">
        <ele>2288</ele>
      </trkpt>
      <trkpt lon="7.23600077967392" lat="45.5744881880733">
        <ele>2288.13</ele>
      </trkpt>
      <trkpt lon="7.2360439728558" lat="45.5744595099919">
        <ele>2288</ele>
      </trkpt>
      <trkpt lon="7.23607387966042" lat="45.5744294595252">
        <ele>2289</ele>
      </trkpt>
      <trkpt lon="7.23610595333242" lat="45.5743916116611">
        <ele>2289</ele>
      </trkpt>
      <trkpt lon="7.23611953760566" lat="45.5743589665269">
        <ele>2289</ele>
      </trkpt>
      <trkpt lon="7.23615376775046" lat="45.5742767759015">
        <ele>2289</ele>
      </trkpt>
      <trkpt lon="7.23626593619962" lat="45.5738871421848">
        <ele>2292</ele>
      </trkpt>
      <trkpt lon="7.2362638030882" lat="45.5738734279303">
        <ele>2292</ele>
      </trkpt>
      <trkpt lon="7.2362683644274" lat="45.5738669278109">
        <ele>2292</ele>
      </trkpt>
      <trkpt lon="7.23632332476135" lat="45.573826732887">
        <ele>2293</ele>
      </trkpt>
      <trkpt lon="7.2363601980947" lat="45.5738115495284">
        <ele>2293</ele>
      </trkpt>
      <trkpt lon="7.23641700532387" lat="45.5737901050939">
        <ele>2293</ele>
      </trkpt>
      <trkpt lon="7.23645237880816" lat="45.5737655381514">
        <ele>2293</ele>
      </trkpt>
      <trkpt lon="7.23651016698673" lat="45.5737251154713">
        <ele>2293.17</ele>
      </trkpt>
      <trkpt lon="7.23655161595974" lat="45.5736824620215">
        <ele>2294</ele>
      </trkpt>
      <trkpt lon="7.23660300710348" lat="45.5736252888582">
        <ele>2294</ele>
      </trkpt>
      <trkpt lon="7.23667213454116" lat="45.5735787411337">
        <ele>2294.53</ele>
      </trkpt>
      <trkpt lon="7.23673333395624" lat="45.5735357600889">
        <ele>2295</ele>
      </trkpt>
      <trkpt lon="7.23678377734524" lat="45.5735046736837">
        <ele>2295</ele>
      </trkpt>
      <trkpt lon="7.23682455095932" lat="45.5734795623353">
        <ele>2296</ele>
      </trkpt>
      <trkpt lon="7.23685136307914" lat="45.5734582842816">
        <ele>2296</ele>
      </trkpt>
      <trkpt lon="7.23685954952195" lat="45.5734505786114">
        <ele>2296</ele>
      </trkpt>
      <trkpt lon="7.2368657722467" lat="45.573431953203">
        <ele>2296.06</ele>
      </trkpt>
      <trkpt lon="7.23687078371753" lat="45.5734192473763">
        <ele>2296.61</ele>
      </trkpt>
      <trkpt lon="7.23689923768624" lat="45.5733905247068">
        <ele>2297.03</ele>
      </trkpt>
      <trkpt lon="7.23691107750881" lat="45.573356232292">
        <ele>2298</ele>
      </trkpt>
      <trkpt lon="7.2369176263298" lat="45.5732820749344">
        <ele>2299.12</ele>
      </trkpt>
      <trkpt lon="7.23691946862785" lat="45.5732519519722">
        <ele>2299.99</ele>
      </trkpt>
      <trkpt lon="7.23691212194132" lat="45.5732163732284">
        <ele>2300.77</ele>
      </trkpt>
      <trkpt lon="7.23691497504417" lat="45.5732030062531">
        <ele>2301</ele>
      </trkpt>
      <trkpt lon="7.23692956742195" lat="45.5731831586727">
        <ele>2301.73</ele>
      </trkpt>
      <trkpt lon="7.2369353262795" lat="45.5731629054412">
        <ele>2302</ele>
      </trkpt>
      <trkpt lon="7.2369288464991" lat="45.5731160903119">
        <ele>2303.36</ele>
      </trkpt>
      <trkpt lon="7.23693231976953" lat="45.5730665474326">
        <ele>2305.09</ele>
      </trkpt>
      <trkpt lon="7.23692813415514" lat="45.5730365105254">
        <ele>2305.99</ele>
      </trkpt>
      <trkpt lon="7.23691035379176" lat="45.5730067123817">
        <ele>2307.42</ele>
      </trkpt>
      <trkpt lon="7.23689385082974" lat="45.5729975453248">
        <ele>2307.91</ele>
      </trkpt>
      <trkpt lon="7.23688263673391" lat="45.5729954840533">
        <ele>2308</ele>
      </trkpt>
      <trkpt lon="7.23687211705002" lat="45.5729958617389">
        <ele>2307.99</ele>
      </trkpt>
      <trkpt lon="7.23681382403049" lat="45.5729992807054">
        <ele>2308</ele>
      </trkpt>
      <trkpt lon="7.23679647917693" lat="45.5730006333495">
        <ele>2308</ele>
      </trkpt>
      <trkpt lon="7.23677989282679" lat="45.5729941663597">
        <ele>2308</ele>
      </trkpt>
      <trkpt lon="7.2367759206788" lat="45.5729859133359">
        <ele>2308.46</ele>
      </trkpt>
      <trkpt lon="7.23678714343462" lat="45.5729713269664">
        <ele>2309</ele>
      </trkpt>
      <trkpt lon="7.23682813647502" lat="45.572947385094">
        <ele>2309.65</ele>
      </trkpt>
      <trkpt lon="7.23689231359314" lat="45.5729115625914">
        <ele>2310.69</ele>
      </trkpt>
      <trkpt lon="7.23695987145158" lat="45.5728701205358">
        <ele>2311.05</ele>
      </trkpt>
      <trkpt lon="7.23707425037676" lat="45.5727986170657">
        <ele>2312.12</ele>
      </trkpt>
      <trkpt lon="7.23715984488344" lat="45.572750072228">
        <ele>2313</ele>
      </trkpt>
      <trkpt lon="7.23722652519914" lat="45.5726956576153">
        <ele>2313.99</ele>
      </trkpt>
      <trkpt lon="7.23731398146288" lat="45.5726162675753">
        <ele>2315.46</ele>
      </trkpt>
      <trkpt lon="7.23739503203172" lat="45.5725367774709">
        <ele>2316.96</ele>
      </trkpt>
      <trkpt lon="7.23745337089114" lat="45.5724622511605">
        <ele>2318.02</ele>
      </trkpt>
      <trkpt lon="7.23750058443972" lat="45.5723910609375">
        <ele>2319.05</ele>
      </trkpt>
      <trkpt lon="7.23753548692354" lat="45.5723036590765">
        <ele>2320</ele>
      </trkpt>
      <trkpt lon="7.23755909438181" lat="45.5722331853099">
        <ele>2321</ele>
      </trkpt>
      <trkpt lon="7.23756475341368" lat="45.5722039290732">
        <ele>2321.06</ele>
      </trkpt>
      <trkpt lon="7.23757253991835" lat="45.5721926177529">
        <ele>2321</ele>
      </trkpt>
      <trkpt lon="7.23758708202317" lat="45.5721866316318">
        <ele>2321</ele>
      </trkpt>
      <trkpt lon="7.23758772370557" lat="45.5721865510804">
        <ele>2321</ele>
      </trkpt>
      <trkpt lon="7.23763735545737" lat="45.5721813764303">
        <ele>2320</ele>
      </trkpt>
      <trkpt lon="7.23765611701369" lat="45.5721797765716">
        <ele>2320</ele>
      </trkpt>
      <trkpt lon="7.23768257890698" lat="45.5721696543507">
        <ele>2320.58</ele>
      </trkpt>
      <trkpt lon="7.23769549600118" lat="45.5721623820705">
        <ele>2320.99</ele>
      </trkpt>
      <trkpt lon="7.23771701043576" lat="45.5721587544095">
        <ele>2321.16</ele>
      </trkpt>
      <trkpt lon="7.23800842224104" lat="45.5721678407901">
        <ele>2325.08</ele>
      </trkpt>
      <trkpt lon="7.23824057248082" lat="45.5721334393924">
        <ele>2327.07</ele>
      </trkpt>
      <trkpt lon="7.23855895359235" lat="45.5720382567443">
        <ele>2330</ele>
      </trkpt>
      <trkpt lon="7.23857238188993" lat="45.5720268538096">
        <ele>2330.27</ele>
      </trkpt>
      <trkpt lon="7.23858289617525" lat="45.5720184648114">
        <ele>2330.75</ele>
      </trkpt>
      <trkpt lon="7.23857669068942" lat="45.5720079283752">
        <ele>2331</ele>
      </trkpt>
      <trkpt lon="7.238558048656" lat="45.5720056614712">
        <ele>2331.28</ele>
      </trkpt>
      <trkpt lon="7.23854041758452" lat="45.5720121392414">
        <ele>2331.36</ele>
      </trkpt>
      <trkpt lon="7.2383904699944" lat="45.5720038848056">
        <ele>2333</ele>
      </trkpt>
      <trkpt lon="7.23835994732699" lat="45.5719922536623">
        <ele>2333.01</ele>
      </trkpt>
      <trkpt lon="7.23828698514398" lat="45.5719648439338">
        <ele>2335</ele>
      </trkpt>
      <trkpt lon="7.23825086785746" lat="45.5719558266909">
        <ele>2335</ele>
      </trkpt>
      <trkpt lon="7.23816983573318" lat="45.5719446756267">
        <ele>2336.49</ele>
      </trkpt>
      <trkpt lon="7.23812418479121" lat="45.5719413612129">
        <ele>2336.64</ele>
      </trkpt>
      <trkpt lon="7.2380800366368" lat="45.5719392385102">
        <ele>2336.72</ele>
      </trkpt>
      <trkpt lon="7.23801749129233" lat="45.5719147817345">
        <ele>2337.03</ele>
      </trkpt>
      <trkpt lon="7.23801594141219" lat="45.5719069259664">
        <ele>2337.46</ele>
      </trkpt>
      <trkpt lon="7.23802595021387" lat="45.5718943007456">
        <ele>2338.08</ele>
      </trkpt>
      <trkpt lon="7.23807357067493" lat="45.5718960234718">
        <ele>2338.41</ele>
      </trkpt>
      <trkpt lon="7.23814424163212" lat="45.5718983742144">
        <ele>2339.05</ele>
      </trkpt>
      <trkpt lon="7.2382100016661" lat="45.5718856189741">
        <ele>2338.81</ele>
      </trkpt>
      <trkpt lon="7.23829450935669" lat="45.5718717999994">
        <ele>2339.97</ele>
      </trkpt>
      <trkpt lon="7.23839409823274" lat="45.571842822456">
        <ele>2341.34</ele>
      </trkpt>
      <trkpt lon="7.23849213984585" lat="45.5718141810172">
        <ele>2342.45</ele>
      </trkpt>
      <trkpt lon="7.23857874499667" lat="45.571790584039">
        <ele>2342.46</ele>
      </trkpt>
      <trkpt lon="7.2386739308897" lat="45.5717671204806">
        <ele>2343.79</ele>
      </trkpt>
      <trkpt lon="7.23873595749683" lat="45.5717549346629">
        <ele>2344</ele>
      </trkpt>
      <trkpt lon="7.23881350421963" lat="45.5717259763512">
        <ele>2345.2</ele>
      </trkpt>
      <trkpt lon="7.2388879229042" lat="45.5717067821437">
        <ele>2345.42</ele>
      </trkpt>
      <trkpt lon="7.23894827463017" lat="45.5716866516655">
        <ele>2346.49</ele>
      </trkpt>
      <trkpt lon="7.23900540094891" lat="45.5716836604762">
        <ele>2346.71</ele>
      </trkpt>
      <trkpt lon="7.2390426488844" lat="45.5716891859754">
        <ele>2346.94</ele>
      </trkpt>
      <trkpt lon="7.23923159490352" lat="45.5716797681216">
        <ele>2349.34</ele>
      </trkpt>
      <trkpt lon="7.23928275421923" lat="45.5716872188038">
        <ele>2349.94</ele>
      </trkpt>
      <trkpt lon="7.23931737999728" lat="45.5716864913427">
        <ele>2350.75</ele>
      </trkpt>
      <trkpt lon="7.2393484391228" lat="45.5716810303946">
        <ele>2351.83</ele>
      </trkpt>
      <trkpt lon="7.23936446456147" lat="45.5716766859959">
        <ele>2352.42</ele>
      </trkpt>
      <trkpt lon="7.23936558694931" lat="45.5716695024927">
        <ele>2352.46</ele>
      </trkpt>
      <trkpt lon="7.23934278677451" lat="45.5716527685179">
        <ele>2352.72</ele>
      </trkpt>
      <trkpt lon="7.23927716914448" lat="45.571628083929">
        <ele>2353.03</ele>
      </trkpt>
      <trkpt lon="7.23910022814988" lat="45.5715364271343">
        <ele>2355.91</ele>
      </trkpt>
      <trkpt lon="7.23909391434249" lat="45.5715251684567">
        <ele>2355.87</ele>
      </trkpt>
      <trkpt lon="7.23910283411158" lat="45.5715186461567">
        <ele>2356.02</ele>
      </trkpt>
      <trkpt lon="7.23922512539449" lat="45.5715341227288">
        <ele>2357.85</ele>
      </trkpt>
      <trkpt lon="7.23926894031956" lat="45.5715305675076">
        <ele>2358.44</ele>
      </trkpt>
      <trkpt lon="7.23938186766169" lat="45.5715381576796">
        <ele>2360.11</ele>
      </trkpt>
      <trkpt lon="7.23949970314736" lat="45.5715609482815">
        <ele>2361.95</ele>
      </trkpt>
      <trkpt lon="7.23956821811386" lat="45.5715830661672">
        <ele>2362.78</ele>
      </trkpt>
      <trkpt lon="7.23959957687173" lat="45.5715966918132">
        <ele>2362.55</ele>
      </trkpt>
      <trkpt lon="7.23964222485592" lat="45.5716058091217">
        <ele>2362.58</ele>
      </trkpt>
      <trkpt lon="7.23968613968608" lat="45.5716072068039">
        <ele>2362.54</ele>
      </trkpt>
      <trkpt lon="7.23972650184296" lat="45.5715992792171">
        <ele>2364</ele>
      </trkpt>
      <trkpt lon="7.23976113040058" lat="45.5715984628648">
        <ele>2364.07</ele>
      </trkpt>
      <trkpt lon="7.23979732551602" lat="45.5716049606005">
        <ele>2363.76</ele>
      </trkpt>
      <trkpt lon="7.23982168161383" lat="45.5716047052741">
        <ele>2363.94</ele>
      </trkpt>
      <trkpt lon="7.23984894068315" lat="45.5715978359205">
        <ele>2365.38</ele>
      </trkpt>
      <trkpt lon="7.23986216885109" lat="45.5715928192556">
        <ele>2365.87</ele>
      </trkpt>
      <trkpt lon="7.23986747471623" lat="45.5715829996155">
        <ele>2366.04</ele>
      </trkpt>
      <trkpt lon="7.23986366640243" lat="45.5715777188903">
        <ele>2366.26</ele>
      </trkpt>
      <trkpt lon="7.23985174129653" lat="45.5715697046845">
        <ele>2366.23</ele>
      </trkpt>
      <trkpt lon="7.23978567337249" lat="45.5715595065667">
        <ele>2366.79</ele>
      </trkpt>
      <trkpt lon="7.23972538344198" lat="45.5715448056138">
        <ele>2367.07</ele>
      </trkpt>
      <trkpt lon="7.23965107372498" lat="45.5715317767896">
        <ele>2368.13</ele>
      </trkpt>
      <trkpt lon="7.2395985479811" lat="45.5715106257495">
        <ele>2368.72</ele>
      </trkpt>
      <trkpt lon="7.23954273084491" lat="45.5714717797881">
        <ele>2369.95</ele>
      </trkpt>
      <trkpt lon="7.23946782694054" lat="45.5714449728337">
        <ele>2370.36</ele>
      </trkpt>
      <trkpt lon="7.23941093188837" lat="45.5714119631198">
        <ele>2371.14</ele>
      </trkpt>
      <trkpt lon="7.23939278445845" lat="45.571402140475">
        <ele>2371.13</ele>
      </trkpt>
      <trkpt lon="7.23938345657302" lat="45.5713971374811">
        <ele>2370.99</ele>
      </trkpt>
      <trkpt lon="7.23937819002473" lat="45.5713851760182">
        <ele>2371.61</ele>
      </trkpt>
      <trkpt lon="7.23942218824126" lat="45.5713839625243">
        <ele>2372.81</ele>
      </trkpt>
      <trkpt lon="7.23944469958088" lat="45.5713976325304">
        <ele>2372.97</ele>
      </trkpt>
      <trkpt lon="7.23952040098254" lat="45.5714113086066">
        <ele>2373.28</ele>
      </trkpt>
      <trkpt lon="7.23952494270565" lat="45.5714135392621">
        <ele>2373.16</ele>
      </trkpt>
      <trkpt lon="7.23953608183333" lat="45.5714138921565">
        <ele>2373.15</ele>
      </trkpt>
      <trkpt lon="7.23957597693924" lat="45.5714250372672">
        <ele>2373.57</ele>
      </trkpt>
      <trkpt lon="7.23960626898252" lat="45.5714399073787">
        <ele>2373.34</ele>
      </trkpt>
      <trkpt lon="7.23963770834893" lat="45.5714509218487">
        <ele>2373.18</ele>
      </trkpt>
      <trkpt lon="7.23965718369496" lat="45.5714551832554">
        <ele>2373.52</ele>
      </trkpt>
      <trkpt lon="7.23970324871487" lat="45.5714493224424">
        <ele>2374.57</ele>
      </trkpt>
      <trkpt lon="7.23975381940248" lat="45.5714428116566">
        <ele>2375.73</ele>
      </trkpt>
      <trkpt lon="7.23981272884803" lat="45.5714523596888">
        <ele>2375.98</ele>
      </trkpt>
      <trkpt lon="7.23985691043713" lat="45.5714493517071">
        <ele>2376.46</ele>
      </trkpt>
      <trkpt lon="7.2398820664906" lat="45.571452257579">
        <ele>2376.32</ele>
      </trkpt>
      <trkpt lon="7.23989989474977" lat="45.571447763194">
        <ele>2376.6</ele>
      </trkpt>
      <trkpt lon="7.2399429819077" lat="45.5714428468204">
        <ele>2377.78</ele>
      </trkpt>
      <trkpt lon="7.23995542663526" lat="45.5714424080408">
        <ele>2377.87</ele>
      </trkpt>
      <trkpt lon="7.23996820745122" lat="45.5714435054143">
        <ele>2377.84</ele>
      </trkpt>
      <trkpt lon="7.24000797469713" lat="45.5714587006255">
        <ele>2376.85</ele>
      </trkpt>
      <trkpt lon="7.24003218911459" lat="45.5714589842002">
        <ele>2376.07</ele>
      </trkpt>
      <trkpt lon="7.24006422331255" lat="45.571450925974">
        <ele>2376.34</ele>
      </trkpt>
      <trkpt lon="7.24013833624255" lat="45.5714415375658">
        <ele>2376.55</ele>
      </trkpt>
      <trkpt lon="7.24014245022981" lat="45.5714411487069">
        <ele>2376.72</ele>
      </trkpt>
      <trkpt lon="7.24016615090778" lat="45.5714332348482">
        <ele>2377.46</ele>
      </trkpt>
      <trkpt lon="7.24020590759831" lat="45.5714200765684">
        <ele>2378.38</ele>
      </trkpt>
      <trkpt lon="7.24024528912718" lat="45.5714147407039">
        <ele>2379.55</ele>
      </trkpt>
      <trkpt lon="7.2402956513463" lat="45.571414888417">
        <ele>2380.33</ele>
      </trkpt>
      <trkpt lon="7.24035636933399" lat="45.5714158223611">
        <ele>2380.75</ele>
      </trkpt>
      <trkpt lon="7.24039928415654" lat="45.5714164839039">
        <ele>2381.1</ele>
      </trkpt>
      <trkpt lon="7.24045082983538" lat="45.5714115176108">
        <ele>2382</ele>
      </trkpt>
      <trkpt lon="7.24046014390395" lat="45.5714128316228">
        <ele>2382</ele>
      </trkpt>
      <trkpt lon="7.24058026070265" lat="45.5713995602285">
        <ele>2382.84</ele>
      </trkpt>
      <trkpt lon="7.24067868533626" lat="45.5713873053167">
        <ele>2383.4</ele>
      </trkpt>
      <trkpt lon="7.24077201011658" lat="45.5713618305785">
        <ele>2384</ele>
      </trkpt>
      <trkpt lon="7.2408887521366" lat="45.5713334754388">
        <ele>2384.3</ele>
      </trkpt>
      <trkpt lon="7.24098550736715" lat="45.5713172315215">
        <ele>2384.57</ele>
      </trkpt>
      <trkpt lon="7.24102449165628" lat="45.5713123428867">
        <ele>2385</ele>
      </trkpt>
      <trkpt lon="7.24107907610482" lat="45.5713168740842">
        <ele>2385</ele>
      </trkpt>
      <trkpt lon="7.24150223941463" lat="45.5712557933071">
        <ele>2389.88</ele>
      </trkpt>
      <trkpt lon="7.24156154347916" lat="45.5712568855748">
        <ele>2389.61</ele>
      </trkpt>
      <trkpt lon="7.24168522423019" lat="45.5712443892344">
        <ele>2390.67</ele>
      </trkpt>
      <trkpt lon="7.24184868930903" lat="45.5712259320178">
        <ele>2392.66</ele>
      </trkpt>
      <trkpt lon="7.24208671934309" lat="45.5712369790422">
        <ele>2396</ele>
      </trkpt>
      <trkpt lon="7.24220014161181" lat="45.5712205408368">
        <ele>2397.58</ele>
      </trkpt>
      <trkpt lon="7.24220563624815" lat="45.5712169352437">
        <ele>2397.82</ele>
      </trkpt>
      <trkpt lon="7.24227194329751" lat="45.5712153469561">
        <ele>2398.3</ele>
      </trkpt>
      <trkpt lon="7.24236532588481" lat="45.5712167840065">
        <ele>2400</ele>
      </trkpt>
      <trkpt lon="7.24248057861123" lat="45.5712073959961">
        <ele>2400.64</ele>
      </trkpt>
      <trkpt lon="7.24257422803868" lat="45.5712002856119">
        <ele>2400.62</ele>
      </trkpt>
      <trkpt lon="7.2426144484376" lat="45.571196855359">
        <ele>2400.84</ele>
      </trkpt>
      <trkpt lon="7.24267818606253" lat="45.5711913558371">
        <ele>2401.2</ele>
      </trkpt>
      <trkpt lon="7.24270337563185" lat="45.5711849920318">
        <ele>2401.62</ele>
      </trkpt>
      <trkpt lon="7.24271965385029" lat="45.5711808309734">
        <ele>2402.41</ele>
      </trkpt>
      <trkpt lon="7.24275679337958" lat="45.5711899537843">
        <ele>2402.34</ele>
      </trkpt>
      <trkpt lon="7.24277985745262" lat="45.5712065099794">
        <ele>2402.04</ele>
      </trkpt>
      <trkpt lon="7.24281746085265" lat="45.5712170800534">
        <ele>2401.89</ele>
      </trkpt>
      <trkpt lon="7.24285367844672" lat="45.5712105274611">
        <ele>2402.29</ele>
      </trkpt>
      <trkpt lon="7.24290406838077" lat="45.5712139141447">
        <ele>2403.14</ele>
      </trkpt>
      <trkpt lon="7.24293235207184" lat="45.5712274897597">
        <ele>2402.49</ele>
      </trkpt>
      <trkpt lon="7.24296693337628" lat="45.5712282012232">
        <ele>2403.4</ele>
      </trkpt>
      <trkpt lon="7.24298138383714" lat="45.5712209539584">
        <ele>2403.81</ele>
      </trkpt>
      <trkpt lon="7.24302084597277" lat="45.5712130985869">
        <ele>2404.8</ele>
      </trkpt>
      <trkpt lon="7.24310802585381" lat="45.57120391031">
        <ele>2406.77</ele>
      </trkpt>
      <trkpt lon="7.24316252159869" lat="45.5711988968221">
        <ele>2407.2</ele>
      </trkpt>
      <trkpt lon="7.24334362258299" lat="45.5712107738723">
        <ele>2408.07</ele>
      </trkpt>
      <trkpt lon="7.24340759606827" lat="45.5712183302366">
        <ele>2409</ele>
      </trkpt>
      <trkpt lon="7.24346010529701" lat="45.5712317394151">
        <ele>2409.3</ele>
      </trkpt>
      <trkpt lon="7.24346773320373" lat="45.5712337450949">
        <ele>2409.49</ele>
      </trkpt>
      <trkpt lon="7.24354650451733" lat="45.5712270373546">
        <ele>2409.96</ele>
      </trkpt>
      <trkpt lon="7.24362150651276" lat="45.5712096487537">
        <ele>2410.99</ele>
      </trkpt>
      <trkpt lon="7.24368704736418" lat="45.571183293169">
        <ele>2412.51</ele>
      </trkpt>
      <trkpt lon="7.24375805259749" lat="45.5711379399371">
        <ele>2414.07</ele>
      </trkpt>
      <trkpt lon="7.24386108115218" lat="45.5710725559555">
        <ele>2415.69</ele>
      </trkpt>
      <trkpt lon="7.24392201937274" lat="45.5710335277853">
        <ele>2415.56</ele>
      </trkpt>
      <trkpt lon="7.24397156830308" lat="45.5710021552532">
        <ele>2416</ele>
      </trkpt>
      <trkpt lon="7.2440350338499" lat="45.5709889999805">
        <ele>2416.6</ele>
      </trkpt>
      <trkpt lon="7.24411603105018" lat="45.5709395717427">
        <ele>2417.89</ele>
      </trkpt>
      <trkpt lon="7.24415248245216" lat="45.5709090768837">
        <ele>2418.85</ele>
      </trkpt>
      <trkpt lon="7.24424567534525" lat="45.5708096975074">
        <ele>2420.93</ele>
      </trkpt>
      <trkpt lon="7.24432310219034" lat="45.5706610222942">
        <ele>2424.76</ele>
      </trkpt>
      <trkpt lon="7.244554120705" lat="45.5705433299013">
        <ele>2424.41</ele>
      </trkpt>
      <trkpt lon="7.24464397007806" lat="45.5705347194425">
        <ele>2424.35</ele>
      </trkpt>
      <trkpt lon="7.24471872585547" lat="45.570607516441">
        <ele>2425</ele>
      </trkpt>
      <trkpt lon="7.24475070413847" lat="45.5706177281183">
        <ele>2425</ele>
      </trkpt>
      <trkpt lon="7.24481337448237" lat="45.5706423654552">
        <ele>2426</ele>
      </trkpt>
      <trkpt lon="7.2448519025973" lat="45.5706685192634">
        <ele>2427.03</ele>
      </trkpt>
      <trkpt lon="7.24485532635885" lat="45.5707355404268">
        <ele>2428.5</ele>
      </trkpt>
      <trkpt lon="7.24485322277646" lat="45.5707742136015">
        <ele>2428.47</ele>
      </trkpt>
      <trkpt lon="7.24483310486031" lat="45.5708153088851">
        <ele>2428.73</ele>
      </trkpt>
      <trkpt lon="7.24481713739096" lat="45.5708382843086">
        <ele>2428.49</ele>
      </trkpt>
      <trkpt lon="7.24481570956976" lat="45.5708388926434">
        <ele>2428.48</ele>
      </trkpt>
      <trkpt lon="7.24477738593481" lat="45.5708678291118">
        <ele>2428.02</ele>
      </trkpt>
      <trkpt lon="7.24475754303877" lat="45.5709082077134">
        <ele>2428</ele>
      </trkpt>
      <trkpt lon="7.24475312869382" lat="45.5709265025753">
        <ele>2428.24</ele>
      </trkpt>
      <trkpt lon="7.24475327029123" lat="45.5709301943362">
        <ele>2428.39</ele>
      </trkpt>
      <trkpt lon="7.24475541608836" lat="45.5710052962461">
        <ele>2428.93</ele>
      </trkpt>
      <trkpt lon="7.24476284225243" lat="45.5710959597096">
        <ele>2429.33</ele>
      </trkpt>
      <trkpt lon="7.24476352425586" lat="45.571164558664">
        <ele>2430.44</ele>
      </trkpt>
      <trkpt lon="7.24478036398594" lat="45.5712822812325">
        <ele>2431.28</ele>
      </trkpt>
      <trkpt lon="7.24482142196494" lat="45.5713465499129">
        <ele>2432.92</ele>
      </trkpt>
      <trkpt lon="7.24488026683385" lat="45.5713911099362">
        <ele>2433.27</ele>
      </trkpt>
      <trkpt lon="7.24497363153127" lat="45.5714549207777">
        <ele>2434.52</ele>
      </trkpt>
      <trkpt lon="7.24504143222295" lat="45.5714959280204">
        <ele>2434.3</ele>
      </trkpt>
      <trkpt lon="7.24510962197789" lat="45.5715284794987">
        <ele>2435</ele>
      </trkpt>
      <trkpt lon="7.2451368721455" lat="45.5715505914296">
        <ele>2435.48</ele>
      </trkpt>
      <trkpt lon="7.24514753588174" lat="45.5715703753637">
        <ele>2435.91</ele>
      </trkpt>
      <trkpt lon="7.24515671931075" lat="45.5715758283675">
        <ele>2436</ele>
      </trkpt>
      <trkpt lon="7.24516417226481" lat="45.5715752228688">
        <ele>2436</ele>
      </trkpt>
      <trkpt lon="7.24518549897828" lat="45.571511824258">
        <ele>2437</ele>
      </trkpt>
      <trkpt lon="7.24518160816407" lat="45.571463967461">
        <ele>2438.19</ele>
      </trkpt>
      <trkpt lon="7.24513990302638" lat="45.57139572923">
        <ele>2439.4</ele>
      </trkpt>
      <trkpt lon="7.24512920649793" lat="45.5713483084893">
        <ele>2440.53</ele>
      </trkpt>
      <trkpt lon="7.2451214462203" lat="45.5712970654586">
        <ele>2440.75</ele>
      </trkpt>
      <trkpt lon="7.24512265256096" lat="45.571258378386">
        <ele>2441</ele>
      </trkpt>
      <trkpt lon="7.24511730319105" lat="45.5712202218189">
        <ele>2441.78</ele>
      </trkpt>
      <trkpt lon="7.24510864788483" lat="45.5711977656147">
        <ele>2442</ele>
      </trkpt>
      <trkpt lon="7.2450992229568" lat="45.5711834901645">
        <ele>2442.4</ele>
      </trkpt>
      <trkpt lon="7.24510335132561" lat="45.571157989563">
        <ele>2443</ele>
      </trkpt>
      <trkpt lon="7.24509484112346" lat="45.5711020519625">
        <ele>2444</ele>
      </trkpt>
      <trkpt lon="7.24509458048843" lat="45.5710774763417">
        <ele>2444.15</ele>
      </trkpt>
      <trkpt lon="7.24510053693947" lat="45.5710385031968">
        <ele>2445</ele>
      </trkpt>
      <trkpt lon="7.24510835679937" lat="45.571026111294">
        <ele>2445</ele>
      </trkpt>
      <trkpt lon="7.24511709605843" lat="45.5710170639288">
        <ele>2445.05</ele>
      </trkpt>
      <trkpt lon="7.24513465191832" lat="45.5710212947605">
        <ele>2445.75</ele>
      </trkpt>
      <trkpt lon="7.24515286311686" lat="45.5710373258954">
        <ele>2446.41</ele>
      </trkpt>
      <trkpt lon="7.24516464090556" lat="45.5710500207731">
        <ele>2446.17</ele>
      </trkpt>
      <trkpt lon="7.24517819927804" lat="45.5710632795711">
        <ele>2446.5</ele>
      </trkpt>
      <trkpt lon="7.24521523318424" lat="45.5710757302424">
        <ele>2446.99</ele>
      </trkpt>
      <trkpt lon="7.24524667533036" lat="45.5710866530435">
        <ele>2447.04</ele>
      </trkpt>
      <trkpt lon="7.24529083419919" lat="45.5711090262555">
        <ele>2447</ele>
      </trkpt>
      <trkpt lon="7.2453246455572" lat="45.5711344772227">
        <ele>2448</ele>
      </trkpt>
      <trkpt lon="7.24536428723758" lat="45.5711783814883">
        <ele>2448</ele>
      </trkpt>
      <trkpt lon="7.24538215098752" lat="45.571205568456">
        <ele>2448.73</ele>
      </trkpt>
      <trkpt lon="7.24539744539237" lat="45.5712247968654">
        <ele>2449.25</ele>
      </trkpt>
      <trkpt lon="7.24541849555393" lat="45.5712402419019">
        <ele>2450</ele>
      </trkpt>
      <trkpt lon="7.24546010175712" lat="45.5712540232065">
        <ele>2450.07</ele>
      </trkpt>
      <trkpt lon="7.24550724412836" lat="45.5712711296483">
        <ele>2450.11</ele>
      </trkpt>
      <trkpt lon="7.24558590377446" lat="45.5712926781732">
        <ele>2451</ele>
      </trkpt>
      <trkpt lon="7.24568790480622" lat="45.5713548223896">
        <ele>2453.04</ele>
      </trkpt>
      <trkpt lon="7.24570452507642" lat="45.5713314052946">
        <ele>2453</ele>
      </trkpt>
      <trkpt lon="7.24571401260985" lat="45.5712695343855">
        <ele>2453.29</ele>
      </trkpt>
      <trkpt lon="7.24572686380182" lat="45.5712231972331">
        <ele>2454.1</ele>
      </trkpt>
      <trkpt lon="7.24569983302681" lat="45.5710622929242">
        <ele>2455</ele>
      </trkpt>
      <trkpt lon="7.24570895308792" lat="45.5710411008127">
        <ele>2456.15</ele>
      </trkpt>
      <trkpt lon="7.24571234241058" lat="45.5710227892737">
        <ele>2456</ele>
      </trkpt>
      <trkpt lon="7.24570460102544" lat="45.5709997191741">
        <ele>2456.39</ele>
      </trkpt>
      <trkpt lon="7.24567489555765" lat="45.5709618179334">
        <ele>2457.51</ele>
      </trkpt>
      <trkpt lon="7.24565619293761" lat="45.5709327281319">
        <ele>2458</ele>
      </trkpt>
      <trkpt lon="7.24564149614208" lat="45.5708944270264">
        <ele>2458.51</ele>
      </trkpt>
      <trkpt lon="7.24563047710199" lat="45.5708614038669">
        <ele>2459</ele>
      </trkpt>
      <trkpt lon="7.24562913077693" lat="45.5708141276647">
        <ele>2459.78</ele>
      </trkpt>
      <trkpt lon="7.24563416783055" lat="45.5707717210911">
        <ele>2460</ele>
      </trkpt>
      <trkpt lon="7.24563279870396" lat="45.5707539678535">
        <ele>2460.02</ele>
      </trkpt>
      <trkpt lon="7.24563249351412" lat="45.5707349701505">
        <ele>2460.82</ele>
      </trkpt>
      <trkpt lon="7.2456364520871" lat="45.5707272005489">
        <ele>2460.97</ele>
      </trkpt>
      <trkpt lon="7.24564918581222" lat="45.5707215449742">
        <ele>2461</ele>
      </trkpt>
      <trkpt lon="7.245674408495" lat="45.57072643423">
        <ele>2461</ele>
      </trkpt>
      <trkpt lon="7.24570419187109" lat="45.5707577658617">
        <ele>2461.65</ele>
      </trkpt>
      <trkpt lon="7.24574692259762" lat="45.5707971255984">
        <ele>2462</ele>
      </trkpt>
      <trkpt lon="7.24582050406071" lat="45.570833630006">
        <ele>2462.27</ele>
      </trkpt>
      <trkpt lon="7.24587588822505" lat="45.5708535615985">
        <ele>2463.32</ele>
      </trkpt>
      <trkpt lon="7.24591219166393" lat="45.5708606899067">
        <ele>2463.33</ele>
      </trkpt>
      <trkpt lon="7.24599101530656" lat="45.5708769327442">
        <ele>2463.49</ele>
      </trkpt>
      <trkpt lon="7.24604793315873" lat="45.5708805083845">
        <ele>2464.42</ele>
      </trkpt>
      <trkpt lon="7.24609952552446" lat="45.5709029038913">
        <ele>2465.04</ele>
      </trkpt>
      <trkpt lon="7.24611203933803" lat="45.5709208266853">
        <ele>2464.8</ele>
      </trkpt>
      <trkpt lon="7.24610359128965" lat="45.5709534607579">
        <ele>2464.82</ele>
      </trkpt>
      <trkpt lon="7.24610226264648" lat="45.5709961062622">
        <ele>2465.47</ele>
      </trkpt>
      <trkpt lon="7.24610953150266" lat="45.5710342906263">
        <ele>2465.79</ele>
      </trkpt>
      <trkpt lon="7.24611530892967" lat="45.5710586829625">
        <ele>2466.05</ele>
      </trkpt>
      <trkpt lon="7.24610947969272" lat="45.5711265512799">
        <ele>2466.24</ele>
      </trkpt>
      <trkpt lon="7.2460836325259" lat="45.5712363260136">
        <ele>2467.44</ele>
      </trkpt>
      <trkpt lon="7.24605382211449" lat="45.5713087775478">
        <ele>2467.98</ele>
      </trkpt>
      <trkpt lon="7.24600102811152" lat="45.5715102209934">
        <ele>2470.82</ele>
      </trkpt>
      <trkpt lon="7.24600780735519" lat="45.5715847618229">
        <ele>2471.9</ele>
      </trkpt>
      <trkpt lon="7.24600780735519" lat="45.5715847618229">
        <ele>2471.9</ele>
      </trkpt>
      <trkpt lon="7.24601255895335" lat="45.571650274628">
        <ele>2472.31</ele>
      </trkpt>
      <trkpt lon="7.24603401453105" lat="45.5716732865255">
        <ele>2472.62</ele>
      </trkpt>
      <trkpt lon="7.2460455082356" lat="45.5717239573557">
        <ele>2473.65</ele>
      </trkpt>
      <trkpt lon="7.24605551264468" lat="45.5717936897621">
        <ele>2475.23</ele>
      </trkpt>
      <trkpt lon="7.24606235074352" lat="45.5718416799244">
        <ele>2475.97</ele>
      </trkpt>
      <trkpt lon="7.24609194168282" lat="45.571912073648">
        <ele>2478.11</ele>
      </trkpt>
      <trkpt lon="7.24613516326434" lat="45.5719933844447">
        <ele>2478.96</ele>
      </trkpt>
      <trkpt lon="7.24615762367998" lat="45.5720541278566">
        <ele>2479.91</ele>
      </trkpt>
      <trkpt lon="7.24616221756791" lat="45.5720876815229">
        <ele>2480.08</ele>
      </trkpt>
      <trkpt lon="7.24615630494456" lat="45.5721581582386">
        <ele>2481.98</ele>
      </trkpt>
      <trkpt lon="7.24615467332463" lat="45.5722106095423">
        <ele>2481.98</ele>
      </trkpt>
      <trkpt lon="7.24615313685889" lat="45.5722269682723">
        <ele>2481.95</ele>
      </trkpt>
      <trkpt lon="7.24614895313801" lat="45.572242026944">
        <ele>2481.84</ele>
      </trkpt>
      <trkpt lon="7.24614644184345" lat="45.5722485576395">
        <ele>2481.87</ele>
      </trkpt>
      <trkpt lon="7.24614999459618" lat="45.5722538328066">
        <ele>2481.98</ele>
      </trkpt>
      <trkpt lon="7.24615647803883" lat="45.572255552357">
        <ele>2482.11</ele>
      </trkpt>
      <trkpt lon="7.24616541718575" lat="45.5722524495876">
        <ele>2482.46</ele>
      </trkpt>
      <trkpt lon="7.24617377874351" lat="45.5722390771098">
        <ele>2482.77</ele>
      </trkpt>
      <trkpt lon="7.24620321048482" lat="45.5722117155951">
        <ele>2483.88</ele>
      </trkpt>
      <trkpt lon="7.24625987906046" lat="45.57217811252">
        <ele>2486.03</ele>
      </trkpt>
      <trkpt lon="7.24629828306038" lat="45.5721589901881">
        <ele>2486.52</ele>
      </trkpt>
      <trkpt lon="7.2463153308212" lat="45.5721507012556">
        <ele>2487</ele>
      </trkpt>
      <trkpt lon="7.24632593699579" lat="45.5721310619752">
        <ele>2487.51</ele>
      </trkpt>
      <trkpt lon="7.24637072272608" lat="45.5720591994895">
        <ele>2488.2</ele>
      </trkpt>
      <trkpt lon="7.24638556232788" lat="45.5720395352495">
        <ele>2488.2</ele>
      </trkpt>
      <trkpt lon="7.24640552172551" lat="45.5720077096419">
        <ele>2489.5</ele>
      </trkpt>
      <trkpt lon="7.24641159467813" lat="45.5719772894909">
        <ele>2489.53</ele>
      </trkpt>
      <trkpt lon="7.24640798412028" lat="45.5719450080884">
        <ele>2489.78</ele>
      </trkpt>
      <trkpt lon="7.24639627082887" lat="45.5719013540992">
        <ele>2490.03</ele>
      </trkpt>
      <trkpt lon="7.24638996004278" lat="45.5718776756648">
        <ele>2490.76</ele>
      </trkpt>
      <trkpt lon="7.24639831668725" lat="45.5718315384739">
        <ele>2491.03</ele>
      </trkpt>
      <trkpt lon="7.24641576773052" lat="45.571797962798">
        <ele>2491.9</ele>
      </trkpt>
      <trkpt lon="7.2464424438157" lat="45.5717726290854">
        <ele>2492.72</ele>
      </trkpt>
      <trkpt lon="7.24645567532802" lat="45.5717387172492">
        <ele>2493.16</ele>
      </trkpt>
      <trkpt lon="7.24646235358463" lat="45.5717218085551">
        <ele>2493.39</ele>
      </trkpt>
      <trkpt lon="7.24646684003865" lat="45.5717093666188">
        <ele>2493.85</ele>
      </trkpt>
      <trkpt lon="7.24647465425819" lat="45.5717012942691">
        <ele>2494</ele>
      </trkpt>
      <trkpt lon="7.24648409618854" lat="45.5716984692893">
        <ele>2494</ele>
      </trkpt>
      <trkpt lon="7.24649015745624" lat="45.5716973026519">
        <ele>2494</ele>
      </trkpt>
      <trkpt lon="7.24649943816964" lat="45.5716996944685">
        <ele>2494</ele>
      </trkpt>
      <trkpt lon="7.24650890765246" lat="45.5717083920011">
        <ele>2494.2</ele>
      </trkpt>
      <trkpt lon="7.2465126768895" lat="45.5717232118548">
        <ele>2494.36</ele>
      </trkpt>
      <trkpt lon="7.24651219602173" lat="45.5717385955705">
        <ele>2494.36</ele>
      </trkpt>
      <trkpt lon="7.24651111778283" lat="45.5717609016767">
        <ele>2494.51</ele>
      </trkpt>
      <trkpt lon="7.2465178449411" lat="45.5718000693937">
        <ele>2495.65</ele>
      </trkpt>
      <trkpt lon="7.24652922500483" lat="45.5718379593458">
        <ele>2496.14</ele>
      </trkpt>
      <trkpt lon="7.24653379697892" lat="45.5718557598378">
        <ele>2496.2</ele>
      </trkpt>
      <trkpt lon="7.24655849906948" lat="45.5719186061021">
        <ele>2496.38</ele>
      </trkpt>
      <trkpt lon="7.24656120650345" lat="45.5719675240255">
        <ele>2496.55</ele>
      </trkpt>
      <trkpt lon="7.24656543969064" lat="45.5719797410404">
        <ele>2497.01</ele>
      </trkpt>
      <trkpt lon="7.2465677421938" lat="45.5719963387024">
        <ele>2497.84</ele>
      </trkpt>
      <trkpt lon="7.2465814089708" lat="45.5720060890798">
        <ele>2498.28</ele>
      </trkpt>
      <trkpt lon="7.24659500650127" lat="45.5720056669785">
        <ele>2498.63</ele>
      </trkpt>
      <trkpt lon="7.24660048446002" lat="45.5720026002877">
        <ele>2498.7</ele>
      </trkpt>
      <trkpt lon="7.24666464886435" lat="45.5717651477127">
        <ele>2501.09</ele>
      </trkpt>
      <trkpt lon="7.24670007540638" lat="45.5717263581907">
        <ele>2501.97</ele>
      </trkpt>
      <trkpt lon="7.24678441073174" lat="45.5715779663845">
        <ele>2504.79</ele>
      </trkpt>
      <trkpt lon="7.24682687639347" lat="45.5715353240558">
        <ele>2505.39</ele>
      </trkpt>
      <trkpt lon="7.24685274873911" lat="45.571416457427">
        <ele>2507.26</ele>
      </trkpt>
      <trkpt lon="7.24703210798534" lat="45.5711466579303">
        <ele>2511.93</ele>
      </trkpt>
      <trkpt lon="7.2470904054012" lat="45.5710606924427">
        <ele>2513.1</ele>
      </trkpt>
      <trkpt lon="7.24709768969066" lat="45.5710201192703">
        <ele>2513.33</ele>
      </trkpt>
      <trkpt lon="7.24711284068914" lat="45.570986238009">
        <ele>2514</ele>
      </trkpt>
      <trkpt lon="7.24712715233048" lat="45.5709752962055">
        <ele>2514.43</ele>
      </trkpt>
      <trkpt lon="7.24714446383063" lat="45.5709749324749">
        <ele>2515.1</ele>
      </trkpt>
      <trkpt lon="7.24715310834138" lat="45.5709812771625">
        <ele>2515.45</ele>
      </trkpt>
      <trkpt lon="7.24715749432384" lat="45.5709927747164">
        <ele>2515.63</ele>
      </trkpt>
      <trkpt lon="7.24715210180574" lat="45.5710301367152">
        <ele>2515.46</ele>
      </trkpt>
      <trkpt lon="7.2471413455664" lat="45.5711945990815">
        <ele>2517.04</ele>
      </trkpt>
      <trkpt lon="7.24712024383665" lat="45.5712590838329">
        <ele>2517.27</ele>
      </trkpt>
      <trkpt lon="7.24712129552381" lat="45.5713158963833">
        <ele>2517.61</ele>
      </trkpt>
      <trkpt lon="7.24716283388542" lat="45.5713895319706">
        <ele>2519</ele>
      </trkpt>
      <trkpt lon="7.24716808874887" lat="45.5714307469471">
        <ele>2519.58</ele>
      </trkpt>
      <trkpt lon="7.24716709978022" lat="45.5714337025675">
        <ele>2519.54</ele>
      </trkpt>
      <trkpt lon="7.24715836152371" lat="45.5715332994328">
        <ele>2519.98</ele>
      </trkpt>
      <trkpt lon="7.24715803787913" lat="45.5716054845788">
        <ele>2520.39</ele>
      </trkpt>
      <trkpt lon="7.24716158728756" lat="45.5716396521393">
        <ele>2520.63</ele>
      </trkpt>
      <trkpt lon="7.2471717120261" lat="45.5716643806371">
        <ele>2522</ele>
      </trkpt>
      <trkpt lon="7.24718242841419" lat="45.5716906480681">
        <ele>2522.45</ele>
      </trkpt>
      <trkpt lon="7.24718395819126" lat="45.5717320769028">
        <ele>2523.11</ele>
      </trkpt>
      <trkpt lon="7.24717353164088" lat="45.5717994229406">
        <ele>2523.41</ele>
      </trkpt>
      <trkpt lon="7.24715721933834" lat="45.5718418377387">
        <ele>2523.76</ele>
      </trkpt>
      <trkpt lon="7.24715427418568" lat="45.5718746468689">
        <ele>2524.58</ele>
      </trkpt>
      <trkpt lon="7.2471546460048" lat="45.571895625178">
        <ele>2525.67</ele>
      </trkpt>
      <trkpt lon="7.24714631477911" lat="45.571920431277">
        <ele>2525.97</ele>
      </trkpt>
      <trkpt lon="7.24714263915912" lat="45.571947918044">
        <ele>2526.21</ele>
      </trkpt>
      <trkpt lon="7.24714206934228" lat="45.5719662712779">
        <ele>2526.21</ele>
      </trkpt>
      <trkpt lon="7.24714582713977" lat="45.5719978304415">
        <ele>2526.39</ele>
      </trkpt>
      <trkpt lon="7.24715513508268" lat="45.572028217407">
        <ele>2527</ele>
      </trkpt>
      <trkpt lon="7.24716432350264" lat="45.5720624739132">
        <ele>2528.2</ele>
      </trkpt>
      <trkpt lon="7.24718906450768" lat="45.572124059035">
        <ele>2529</ele>
      </trkpt>
      <trkpt lon="7.24719426966296" lat="45.5721503319685">
        <ele>2528.47</ele>
      </trkpt>
      <trkpt lon="7.24720147515293" lat="45.5721617851041">
        <ele>2528.76</ele>
      </trkpt>
      <trkpt lon="7.24720758907251" lat="45.5721670991858">
        <ele>2529.01</ele>
      </trkpt>
      <trkpt lon="7.24721525867324" lat="45.5721677576098">
        <ele>2529.31</ele>
      </trkpt>
      <trkpt lon="7.24722519504647" lat="45.572165568762">
        <ele>2529.69</ele>
      </trkpt>
      <trkpt lon="7.24722809516077" lat="45.5721630020588">
        <ele>2529.8</ele>
      </trkpt>
      <trkpt lon="7.24723268740029" lat="45.5721389514982">
        <ele>2529.95</ele>
      </trkpt>
      <trkpt lon="7.24724983007178" lat="45.5721069897488">
        <ele>2530.83</ele>
      </trkpt>
      <trkpt lon="7.24725683059999" lat="45.5720879254481">
        <ele>2531.83</ele>
      </trkpt>
      <trkpt lon="7.24726778684041" lat="45.5720653222076">
        <ele>2532.23</ele>
      </trkpt>
      <trkpt lon="7.24728097363733" lat="45.5720451801618">
        <ele>2532.22</ele>
      </trkpt>
      <trkpt lon="7.24730030779019" lat="45.5720251354001">
        <ele>2532.45</ele>
      </trkpt>
      <trkpt lon="7.24731021930758" lat="45.5720155658108">
        <ele>2532.89</ele>
      </trkpt>
      <trkpt lon="7.24732018085956" lat="45.5720042878456">
        <ele>2533.21</ele>
      </trkpt>
      <trkpt lon="7.24733185342578" lat="45.5719998767364">
        <ele>2533.65</ele>
      </trkpt>
      <trkpt lon="7.24733877024296" lat="45.5719999823615">
        <ele>2533.93</ele>
      </trkpt>
      <trkpt lon="7.24734477027997" lat="45.5720048464308">
        <ele>2534.16</ele>
      </trkpt>
      <trkpt lon="7.24734663687077" lat="45.5720108160435">
        <ele>2534.25</ele>
      </trkpt>
      <trkpt lon="7.24735155057364" lat="45.5720258331354">
        <ele>2534.38</ele>
      </trkpt>
      <trkpt lon="7.24735713653104" lat="45.5720399585448">
        <ele>2534.04</ele>
      </trkpt>
      <trkpt lon="7.24736477245361" lat="45.57205816741">
        <ele>2534.01</ele>
      </trkpt>
      <trkpt lon="7.2473912946106" lat="45.5720913379454">
        <ele>2535.09</ele>
      </trkpt>
      <trkpt lon="7.24740265267929" lat="45.572117616494">
        <ele>2535</ele>
      </trkpt>
      <trkpt lon="7.24741641609648" lat="45.5721571620664">
        <ele>2536.09</ele>
      </trkpt>
      <trkpt lon="7.24742021010816" lat="45.5721835044324">
        <ele>2536.28</ele>
      </trkpt>
      <trkpt lon="7.24742172377235" lat="45.5721966686671">
        <ele>2536.4</ele>
      </trkpt>
      <trkpt lon="7.24742525706784" lat="45.5722025744054">
        <ele>2536.54</ele>
      </trkpt>
      <trkpt lon="7.24743260439878" lat="45.5722052967671">
        <ele>2536.84</ele>
      </trkpt>
      <trkpt lon="7.2474395406732" lat="45.572204771821">
        <ele>2537</ele>
      </trkpt>
      <trkpt lon="7.24744147969604" lat="45.5722001217228">
        <ele>2537</ele>
      </trkpt>
      <trkpt lon="7.24746121942565" lat="45.5721794519493">
        <ele>2536.97</ele>
      </trkpt>
      <trkpt lon="7.24748322609007" lat="45.5721476569178">
        <ele>2537.74</ele>
      </trkpt>
      <trkpt lon="7.24752732747504" lat="45.5721266401489">
        <ele>2539.27</ele>
      </trkpt>
      <trkpt lon="7.24755222297297" lat="45.5721009202982">
        <ele>2539.96</ele>
      </trkpt>
      <trkpt lon="7.24757697385214" lat="45.5720839284435">
        <ele>2540.32</ele>
      </trkpt>
      <trkpt lon="7.24759991079064" lat="45.5720675365863">
        <ele>2541.05</ele>
      </trkpt>
      <trkpt lon="7.2476130641511" lat="45.5720526168937">
        <ele>2541</ele>
      </trkpt>
      <trkpt lon="7.24762092848639" lat="45.5720386971752">
        <ele>2540.99</ele>
      </trkpt>
      <trkpt lon="7.24765144067969" lat="45.5720178330565">
        <ele>2542.15</ele>
      </trkpt>
      <trkpt lon="7.24768883649727" lat="45.5719898743815">
        <ele>2543.5</ele>
      </trkpt>
      <trkpt lon="7.24771954620476" lat="45.5719543404512">
        <ele>2543.73</ele>
      </trkpt>
      <trkpt lon="7.2477860736495" lat="45.5719045037298">
        <ele>2546.26</ele>
      </trkpt>
      <trkpt lon="7.24784705086576" lat="45.5718600754241">
        <ele>2547.58</ele>
      </trkpt>
      <trkpt lon="7.24789122762468" lat="45.5718200692893">
        <ele>2548.33</ele>
      </trkpt>
      <trkpt lon="7.24791097013393" lat="45.5717993078469">
        <ele>2549.01</ele>
      </trkpt>
      <trkpt lon="7.2479251096834" lat="45.5717815242029">
        <ele>2549.54</ele>
      </trkpt>
      <trkpt lon="7.24793331558517" lat="45.5717730990703">
        <ele>2549.85</ele>
      </trkpt>
      <trkpt lon="7.24794599371648" lat="45.5717693324315">
        <ele>2550.34</ele>
      </trkpt>
      <trkpt lon="7.24795436606971" lat="45.5717720714703">
        <ele>2550.67</ele>
      </trkpt>
      <trkpt lon="7.24796344109248" lat="45.5717811217857">
        <ele>2551.03</ele>
      </trkpt>
      <trkpt lon="7.24796587145739" lat="45.5717935804559">
        <ele>2551.14</ele>
      </trkpt>
      <trkpt lon="7.2479670099581" lat="45.5718146615528">
        <ele>2551.93</ele>
      </trkpt>
      <trkpt lon="7.24797134558474" lat="45.571844251228">
        <ele>2552.41</ele>
      </trkpt>
      <trkpt lon="7.24797530637091" lat="45.5718652823509">
        <ele>2552.59</ele>
      </trkpt>
      <trkpt lon="7.24797877517081" lat="45.5719020610874">
        <ele>2553.78</ele>
      </trkpt>
      <trkpt lon="7.2479748076131" lat="45.5719430454134">
        <ele>2554.67</ele>
      </trkpt>
      <trkpt lon="7.24796543182674" lat="45.5719726043996">
        <ele>2555.02</ele>
      </trkpt>
      <trkpt lon="7.24795613109143" lat="45.5719996438788">
        <ele>2555.21</ele>
      </trkpt>
      <trkpt lon="7.2479363491013" lat="45.5720505560793">
        <ele>2556.3</ele>
      </trkpt>
      <trkpt lon="7.24791125576622" lat="45.5721074183782">
        <ele>2557.09</ele>
      </trkpt>
      <trkpt lon="7.24789076284889" lat="45.5721481497602">
        <ele>2557.32</ele>
      </trkpt>
      <trkpt lon="7.2478734287078" lat="45.5721698445828">
        <ele>2556.99</ele>
      </trkpt>
      <trkpt lon="7.24782190683452" lat="45.5722357540759">
        <ele>2557.06</ele>
      </trkpt>
      <trkpt lon="7.24781656197202" lat="45.5722510627426">
        <ele>2557.12</ele>
      </trkpt>
      <trkpt lon="7.2478147033141" lat="45.5722655269774">
        <ele>2557.58</ele>
      </trkpt>
      <trkpt lon="7.24781718371186" lat="45.572276366163">
        <ele>2557.27</ele>
      </trkpt>
      <trkpt lon="7.24782990321427" lat="45.5722877221272">
        <ele>2557.44</ele>
      </trkpt>
      <trkpt lon="7.24784666713445" lat="45.5723049893903">
        <ele>2558.11</ele>
      </trkpt>
      <trkpt lon="7.24786198933536" lat="45.5723233177774">
        <ele>2558.73</ele>
      </trkpt>
      <trkpt lon="7.24787424488761" lat="45.5723372765804">
        <ele>2559.22</ele>
      </trkpt>
      <trkpt lon="7.24787921966056" lat="45.5723544548384">
        <ele>2559.44</ele>
      </trkpt>
      <trkpt lon="7.24787327980414" lat="45.5723971197431">
        <ele>2560.26</ele>
      </trkpt>
      <trkpt lon="7.24785391173129" lat="45.5724470485896">
        <ele>2560.7</ele>
      </trkpt>
      <trkpt lon="7.24783655233197" lat="45.5724818854092">
        <ele>2561.08</ele>
      </trkpt>
      <trkpt lon="7.2478219016602" lat="45.5724996634926">
        <ele>2561.47</ele>
      </trkpt>
      <trkpt lon="7.24779263073171" lat="45.5725424198407">
        <ele>2562.63</ele>
      </trkpt>
      <trkpt lon="7.24776471575714" lat="45.5725663840624">
        <ele>2562.11</ele>
      </trkpt>
      <trkpt lon="7.24774980650287" lat="45.5725965791223">
        <ele>2562.85</ele>
      </trkpt>
      <trkpt lon="7.2477315385016" lat="45.5726440940298">
        <ele>2564.01</ele>
      </trkpt>
      <trkpt lon="7.24768679978104" lat="45.5727268456789">
        <ele>2565.31</ele>
      </trkpt>
      <trkpt lon="7.24762372772347" lat="45.5727891549698">
        <ele>2567.34</ele>
      </trkpt>
      <trkpt lon="7.24761350497171" lat="45.5728046608166">
        <ele>2567.7</ele>
      </trkpt>
      <trkpt lon="7.24760970737215" lat="45.5728196333787">
        <ele>2568.04</ele>
      </trkpt>
      <trkpt lon="7.24760970737215" lat="45.5728196333787">
        <ele>2568.04</ele>
      </trkpt>
      <trkpt lon="7.24746661450998" lat="45.5730029504955">
        <ele>2573.39</ele>
      </trkpt>
      <trkpt lon="7.24740203458921" lat="45.5730395841259">
        <ele>2573.44</ele>
      </trkpt>
      <trkpt lon="7.24739028624661" lat="45.5730835073394">
        <ele>2575.14</ele>
      </trkpt>
      <trkpt lon="7.2473547000564" lat="45.5731891735424">
        <ele>2577</ele>
      </trkpt>
      <trkpt lon="7.24736680454111" lat="45.5732574087094">
        <ele>2579.35</ele>
      </trkpt>
      <trkpt lon="7.24740347065204" lat="45.5733270080371">
        <ele>2581.04</ele>
      </trkpt>
      <trkpt lon="7.24749148492606" lat="45.5734063969966">
        <ele>2579.85</ele>
      </trkpt>
      <trkpt lon="7.24757136073764" lat="45.5734548795443">
        <ele>2580.92</ele>
      </trkpt>
      <trkpt lon="7.24765367017736" lat="45.573491064584">
        <ele>2582.01</ele>
      </trkpt>
      <trkpt lon="7.24777651656613" lat="45.573530125088">
        <ele>2583.49</ele>
      </trkpt>
      <trkpt lon="7.24783510897309" lat="45.5735582958078">
        <ele>2583.3</ele>
      </trkpt>
      <trkpt lon="7.24791563798787" lat="45.5735858167233">
        <ele>2584.23</ele>
      </trkpt>
      <trkpt lon="7.24810919597475" lat="45.573679604288">
        <ele>2587.01</ele>
      </trkpt>
      <trkpt lon="7.24827636131287" lat="45.5737937837771">
        <ele>2587.96</ele>
      </trkpt>
      <trkpt lon="7.24837996487154" lat="45.5738705311542">
        <ele>2588.19</ele>
      </trkpt>
      <trkpt lon="7.24846104065635" lat="45.5739217304486">
        <ele>2588.04</ele>
      </trkpt>
      <trkpt lon="7.24849020957956" lat="45.5739811350029">
        <ele>2588</ele>
      </trkpt>
      <trkpt lon="7.24849136443488" lat="45.5740181470564">
        <ele>2588.86</ele>
      </trkpt>
      <trkpt lon="7.24848524749394" lat="45.5740252527315">
        <ele>2589.27</ele>
      </trkpt>
      <trkpt lon="7.24842899879705" lat="45.5740371719319">
        <ele>2589.98</ele>
      </trkpt>
      <trkpt lon="7.24836824745736" lat="45.574037140788">
        <ele>2590.03</ele>
      </trkpt>
      <trkpt lon="7.24832280196221" lat="45.574039593188">
        <ele>2590.2</ele>
      </trkpt>
      <trkpt lon="7.24818440987465" lat="45.5740470114807">
        <ele>2590.73</ele>
      </trkpt>
      <trkpt lon="7.24803786191997" lat="45.5740611437524">
        <ele>2591.64</ele>
      </trkpt>
      <trkpt lon="7.24793029825455" lat="45.5740703873891">
        <ele>2591.88</ele>
      </trkpt>
      <trkpt lon="7.24781744269972" lat="45.5740850366663">
        <ele>2591.17</ele>
      </trkpt>
      <trkpt lon="7.24777117215309" lat="45.5740891863232">
        <ele>2591.43</ele>
      </trkpt>
      <trkpt lon="7.2476722059041" lat="45.5740981994818">
        <ele>2593.01</ele>
      </trkpt>
      <trkpt lon="7.24753748609225" lat="45.5741070234009">
        <ele>2593.62</ele>
      </trkpt>
      <trkpt lon="7.24745802282482" lat="45.5741275870387">
        <ele>2594.83</ele>
      </trkpt>
      <trkpt lon="7.24742891319267" lat="45.5741610737107">
        <ele>2595.05</ele>
      </trkpt>
      <trkpt lon="7.24741338179434" lat="45.5741865797577">
        <ele>2595</ele>
      </trkpt>
      <trkpt lon="7.24742185372796" lat="45.5742108304498">
        <ele>2595</ele>
      </trkpt>
      <trkpt lon="7.24740819383369" lat="45.5742750680449">
        <ele>2595.37</ele>
      </trkpt>
      <trkpt lon="7.24743040751235" lat="45.5743107830471">
        <ele>2595.3</ele>
      </trkpt>
      <trkpt lon="7.24747087931628" lat="45.5743776517875">
        <ele>2595.97</ele>
      </trkpt>
      <trkpt lon="7.24751360448002" lat="45.5744173726444">
        <ele>2597.09</ele>
      </trkpt>
      <trkpt lon="7.2476325360405" lat="45.5744999369829">
        <ele>2600.06</ele>
      </trkpt>
      <trkpt lon="7.24774477838651" lat="45.5745915792628">
        <ele>2601.5</ele>
      </trkpt>
      <trkpt lon="7.24786293443945" lat="45.5746991553342">
        <ele>2604.15</ele>
      </trkpt>
      <trkpt lon="7.24790260008259" lat="45.5747959831539">
        <ele>2605.13</ele>
      </trkpt>
      <trkpt lon="7.24788065190236" lat="45.574961806558">
        <ele>2608.53</ele>
      </trkpt>
      <trkpt lon="7.24786106718269" lat="45.5750104714818">
        <ele>2609.53</ele>
      </trkpt>
      <trkpt lon="7.24785391385741" lat="45.5750303441348">
        <ele>2610</ele>
      </trkpt>
      <trkpt lon="7.24785928333224" lat="45.5750348359664">
        <ele>2610</ele>
      </trkpt>
      <trkpt lon="7.24790261779212" lat="45.5750261417223">
        <ele>2611</ele>
      </trkpt>
      <trkpt lon="7.24812995552404" lat="45.5749159467041">
        <ele>2614.01</ele>
      </trkpt>
      <trkpt lon="7.24818352711918" lat="45.5748665404236">
        <ele>2615.36</ele>
      </trkpt>
      <trkpt lon="7.24819742613875" lat="45.5747905164231">
        <ele>2617</ele>
      </trkpt>
      <trkpt lon="7.24818381870244" lat="45.5747294591998">
        <ele>2618.21</ele>
      </trkpt>
      <trkpt lon="7.24817765286171" lat="45.5746803995726">
        <ele>2618.9</ele>
      </trkpt>
      <trkpt lon="7.24817545860073" lat="45.5746685742539">
        <ele>2618.8</ele>
      </trkpt>
      <trkpt lon="7.24817099789199" lat="45.5746430346793">
        <ele>2619.6</ele>
      </trkpt>
      <trkpt lon="7.24816458188702" lat="45.5746020696977">
        <ele>2620</ele>
      </trkpt>
      <trkpt lon="7.24817673802124" lat="45.5745862360836">
        <ele>2620</ele>
      </trkpt>
      <trkpt lon="7.24820579189901" lat="45.5745628274423">
        <ele>2620.86</ele>
      </trkpt>
      <trkpt lon="7.24825941844014" lat="45.5745445691683">
        <ele>2621</ele>
      </trkpt>
      <trkpt lon="7.24828393280957" lat="45.5745476444827">
        <ele>2621.89</ele>
      </trkpt>
      <trkpt lon="7.24829889390739" lat="45.5745651561791">
        <ele>2622.2</ele>
      </trkpt>
      <trkpt lon="7.24829410717676" lat="45.5745913651255">
        <ele>2623.22</ele>
      </trkpt>
      <trkpt lon="7.24828816208578" lat="45.5746176490626">
        <ele>2623.43</ele>
      </trkpt>
      <trkpt lon="7.24829141456193" lat="45.5746366912398">
        <ele>2624</ele>
      </trkpt>
      <trkpt lon="7.24831330661501" lat="45.5746416165754">
        <ele>2624.15</ele>
      </trkpt>
      <trkpt lon="7.24834718254812" lat="45.5746321444425">
        <ele>2625</ele>
      </trkpt>
      <trkpt lon="7.24839925896551" lat="45.574618452935">
        <ele>2625</ele>
      </trkpt>
      <trkpt lon="7.24843303753307" lat="45.5746161809823">
        <ele>2625.79</ele>
      </trkpt>
      <trkpt lon="7.24846910772716" lat="45.5746185341681">
        <ele>2626.15</ele>
      </trkpt>
      <trkpt lon="7.24849081362979" lat="45.5746252567694">
        <ele>2626.47</ele>
      </trkpt>
      <trkpt lon="7.24852399736406" lat="45.5746421464041">
        <ele>2627.37</ele>
      </trkpt>
      <trkpt lon="7.2485503502882" lat="45.5746643333282">
        <ele>2628</ele>
      </trkpt>
      <trkpt lon="7.24857296144656" lat="45.5746873646819">
        <ele>2628.34</ele>
      </trkpt>
      <trkpt lon="7.24859671143043" lat="45.574714910049">
        <ele>2629</ele>
      </trkpt>
      <trkpt lon="7.24861418088087" lat="45.5747342607048">
        <ele>2629.54</ele>
      </trkpt>
      <trkpt lon="7.24863949496412" lat="45.5747528308613">
        <ele>2630</ele>
      </trkpt>
      <trkpt lon="7.24865946998933" lat="45.5747740204764">
        <ele>2630</ele>
      </trkpt>
      <trkpt lon="7.2486827974735" lat="45.5748152411836">
        <ele>2631</ele>
      </trkpt>
      <trkpt lon="7.24870852777006" lat="45.5748574008264">
        <ele>2631.88</ele>
      </trkpt>
      <trkpt lon="7.24872535815709" lat="45.5748849322374">
        <ele>2632.42</ele>
      </trkpt>
      <trkpt lon="7.24873333237933" lat="45.5749335696493">
        <ele>2633</ele>
      </trkpt>
      <trkpt lon="7.24875996793168" lat="45.5749920352667">
        <ele>2634</ele>
      </trkpt>
      <trkpt lon="7.24879511727228" lat="45.5750652124477">
        <ele>2635.88</ele>
      </trkpt>
      <trkpt lon="7.24883019704156" lat="45.5751447814555">
        <ele>2637</ele>
      </trkpt>
      <trkpt lon="7.24884226342016" lat="45.57517304895">
        <ele>2637.31</ele>
      </trkpt>
      <trkpt lon="7.24884830220926" lat="45.5751849326408">
        <ele>2637.8</ele>
      </trkpt>
      <trkpt lon="7.24886941360155" lat="45.5751943469707">
        <ele>2638</ele>
      </trkpt>
      <trkpt lon="7.24887606088017" lat="45.5751989499285">
        <ele>2638.13</ele>
      </trkpt>
      <trkpt lon="7.24894792951503" lat="45.5751794390216">
        <ele>2639.99</ele>
      </trkpt>
      <trkpt lon="7.24920468754709" lat="45.5750587106894">
        <ele>2642.43</ele>
      </trkpt>
      <trkpt lon="7.24922476590299" lat="45.5750518190435">
        <ele>2642.73</ele>
      </trkpt>
      <trkpt lon="7.24924859927318" lat="45.5750767560125">
        <ele>2643.18</ele>
      </trkpt>
      <trkpt lon="7.24925778966259" lat="45.5751522357782">
        <ele>2644.21</ele>
      </trkpt>
      <trkpt lon="7.24925751923446" lat="45.5752020981412">
        <ele>2645</ele>
      </trkpt>
      <trkpt lon="7.24924722650722" lat="45.5752446046667">
        <ele>2646</ele>
      </trkpt>
      <trkpt lon="7.24923663644362" lat="45.5752925974384">
        <ele>2646.96</ele>
      </trkpt>
      <trkpt lon="7.24924157802192" lat="45.5753026644061">
        <ele>2647</ele>
      </trkpt>
      <trkpt lon="7.24926835344396" lat="45.5753112676593">
        <ele>2647.25</ele>
      </trkpt>
      <trkpt lon="7.24928215372136" lat="45.575312648383">
        <ele>2647.78</ele>
      </trkpt>
      <trkpt lon="7.24940481279345" lat="45.5752713235295">
        <ele>2648.5</ele>
      </trkpt>
      <trkpt lon="7.24945489230174" lat="45.5752394176555">
        <ele>2649</ele>
      </trkpt>
      <trkpt lon="7.24955301190502" lat="45.575200056503">
        <ele>2650.19</ele>
      </trkpt>
      <trkpt lon="7.24959976863873" lat="45.5751925817671">
        <ele>2651</ele>
      </trkpt>
      <trkpt lon="7.24961464912628" lat="45.5752127935306">
        <ele>2651.17</ele>
      </trkpt>
      <trkpt lon="7.24961961499206" lat="45.5752592253024">
        <ele>2651.98</ele>
      </trkpt>
      <trkpt lon="7.24962024704015" lat="45.5753254825311">
        <ele>2652.98</ele>
      </trkpt>
      <trkpt lon="7.24964168529249" lat="45.5753820674954">
        <ele>2653.57</ele>
      </trkpt>
      <trkpt lon="7.24967970352403" lat="45.5754867010512">
        <ele>2655.21</ele>
      </trkpt>
      <trkpt lon="7.24968168057" lat="45.5755262465097">
        <ele>2656</ele>
      </trkpt>
      <trkpt lon="7.24968979965634" lat="45.5755536444997">
        <ele>2656.13</ele>
      </trkpt>
      <trkpt lon="7.24970835266141" lat="45.5755629282461">
        <ele>2656.89</ele>
      </trkpt>
      <trkpt lon="7.24974599807511" lat="45.57555585621">
        <ele>2657.03</ele>
      </trkpt>
      <trkpt lon="7.24981673352673" lat="45.5755274172896">
        <ele>2657.87</ele>
      </trkpt>
      <trkpt lon="7.24989549436659" lat="45.5754882087315">
        <ele>2658</ele>
      </trkpt>
      <trkpt lon="7.24993728474915" lat="45.5754590556244">
        <ele>2658.33</ele>
      </trkpt>
      <trkpt lon="7.24993821256652" lat="45.5754580806088">
        <ele>2658.33</ele>
      </trkpt>
      <trkpt lon="7.24994294044017" lat="45.5754585112209">
        <ele>2658.46</ele>
      </trkpt>
      <trkpt lon="7.250022221064" lat="45.5754025716913">
        <ele>2659.34</ele>
      </trkpt>
      <trkpt lon="7.25008338974671" lat="45.5753685825388">
        <ele>2660</ele>
      </trkpt>
      <trkpt lon="7.25015660297707" lat="45.5753428826002">
        <ele>2660.91</ele>
      </trkpt>
      <trkpt lon="7.25022619134739" lat="45.5753059656777">
        <ele>2661.58</ele>
      </trkpt>
      <trkpt lon="7.25035565065576" lat="45.5752602435571">
        <ele>2663</ele>
      </trkpt>
      <trkpt lon="7.25042325798448" lat="45.5752458855163">
        <ele>2663.53</ele>
      </trkpt>
      <trkpt lon="7.25046426460185" lat="45.5752378746002">
        <ele>2663.99</ele>
      </trkpt>
      <trkpt lon="7.25050253771877" lat="45.5752353110169">
        <ele>2664.21</ele>
      </trkpt>
      <trkpt lon="7.25055934732554" lat="45.5752342893183">
        <ele>2664.83</ele>
      </trkpt>
      <trkpt lon="7.25057383097935" lat="45.575234242235">
        <ele>2665</ele>
      </trkpt>
      <trkpt lon="7.25061212633135" lat="45.5752310480805">
        <ele>2665</ele>
      </trkpt>
      <trkpt lon="7.25064939363963" lat="45.5752402597838">
        <ele>2665.01</ele>
      </trkpt>
      <trkpt lon="7.25066657441733" lat="45.5752482629291">
        <ele>2665.8</ele>
      </trkpt>
      <trkpt lon="7.25067507978559" lat="45.5752673857147">
        <ele>2666.02</ele>
      </trkpt>
      <trkpt lon="7.2506753319176" lat="45.5753006032195">
        <ele>2667.02</ele>
      </trkpt>
      <trkpt lon="7.25067466759596" lat="45.5753219259718">
        <ele>2667.09</ele>
      </trkpt>
      <trkpt lon="7.25067374198984" lat="45.5753517961588">
        <ele>2667.18</ele>
      </trkpt>
      <trkpt lon="7.25067369155283" lat="45.5753740272732">
        <ele>2668</ele>
      </trkpt>
      <trkpt lon="7.25066859072877" lat="45.575410314248">
        <ele>2668</ele>
      </trkpt>
      <trkpt lon="7.25066428994159" lat="45.5754456206502">
        <ele>2668.26</ele>
      </trkpt>
      <trkpt lon="7.25067016187331" lat="45.5754670434682">
        <ele>2669</ele>
      </trkpt>
      <trkpt lon="7.2506856252657" lat="45.5755097641371">
        <ele>2669.64</ele>
      </trkpt>
      <trkpt lon="7.25067591592857" lat="45.575550031723">
        <ele>2670.04</ele>
      </trkpt>
      <trkpt lon="7.25066139279548" lat="45.5755801434512">
        <ele>2670.79</ele>
      </trkpt>
      <trkpt lon="7.25064751134131" lat="45.5756103524104">
        <ele>2671</ele>
      </trkpt>
      <trkpt lon="7.2506518608659" lat="45.5756394920745">
        <ele>2671.59</ele>
      </trkpt>
      <trkpt lon="7.25065646063594" lat="45.575656395322">
        <ele>2671.79</ele>
      </trkpt>
      <trkpt lon="7.25066428222356" lat="45.5756975603223">
        <ele>2672</ele>
      </trkpt>
      <trkpt lon="7.25066540911869" lat="45.5757438420532">
        <ele>2673</ele>
      </trkpt>
      <trkpt lon="7.2506754480125" lat="45.5757548868726">
        <ele>2673</ele>
      </trkpt>
      <trkpt lon="7.25069215666356" lat="45.5757574843218">
        <ele>2673.3</ele>
      </trkpt>
      <trkpt lon="7.2506994734983" lat="45.5757571454951">
        <ele>2673.59</ele>
      </trkpt>
      <trkpt lon="7.25079404337209" lat="45.5756999977496">
        <ele>2674.74</ele>
      </trkpt>
      <trkpt lon="7.25088682383621" lat="45.5756673950488">
        <ele>2676</ele>
      </trkpt>
      <trkpt lon="7.25108021779353" lat="45.5756265208906">
        <ele>2677</ele>
      </trkpt>
      <trkpt lon="7.25115184133799" lat="45.5756396802476">
        <ele>2678.68</ele>
      </trkpt>
      <trkpt lon="7.25117742193843" lat="45.5756661756061">
        <ele>2679.23</ele>
      </trkpt>
      <trkpt lon="7.25112122778334" lat="45.5757298516648">
        <ele>2680.71</ele>
      </trkpt>
      <trkpt lon="7.25100284539949" lat="45.5758315503009">
        <ele>2682</ele>
      </trkpt>
      <trkpt lon="7.2512170897082" lat="45.5757962181505">
        <ele>2684</ele>
      </trkpt>
      <trkpt lon="7.2514218390341" lat="45.5757776585524">
        <ele>2685.82</ele>
      </trkpt>
      <trkpt lon="7.25156237934046" lat="45.5757218446183">
        <ele>2686.19</ele>
      </trkpt>
      <trkpt lon="7.25165616447837" lat="45.5757353430871">
        <ele>2687</ele>
      </trkpt>
      <trkpt lon="7.25171769925861" lat="45.5757307935677">
        <ele>2688</ele>
      </trkpt>
      <trkpt lon="7.25172089336311" lat="45.5757517246808">
        <ele>2688.42</ele>
      </trkpt>
      <trkpt lon="7.2516249068659" lat="45.575805072317">
        <ele>2689.35</ele>
      </trkpt>
      <trkpt lon="7.25151231399819" lat="45.5758812953682">
        <ele>2690.36</ele>
      </trkpt>
      <trkpt lon="7.2514106413173" lat="45.5759319456594">
        <ele>2690.69</ele>
      </trkpt>
      <trkpt lon="7.25119515560755" lat="45.576093994875">
        <ele>2694.29</ele>
      </trkpt>
      <trkpt lon="7.25119471921158" lat="45.5761080313351">
        <ele>2694.77</ele>
      </trkpt>
      <trkpt lon="7.25137706274491" lat="45.5760763489679">
        <ele>2696.3</ele>
      </trkpt>
      <trkpt lon="7.25162026831508" lat="45.5760659399468">
        <ele>2698</ele>
      </trkpt>
      <trkpt lon="7.25184076568427" lat="45.5760232298934">
        <ele>2700.66</ele>
      </trkpt>
      <trkpt lon="7.25202723915355" lat="45.5760277957004">
        <ele>2701.86</ele>
      </trkpt>
      <trkpt lon="7.2521263160169" lat="45.5760442526282">
        <ele>2702.32</ele>
      </trkpt>
      <trkpt lon="7.25242088659037" lat="45.5760348107947">
        <ele>2704.54</ele>
      </trkpt>
      <trkpt lon="7.25264861446608" lat="45.5760027399678">
        <ele>2705.97</ele>
      </trkpt>
      <trkpt lon="7.25272935626825" lat="45.5759450198518">
        <ele>2706</ele>
      </trkpt>
      <trkpt lon="7.25275662718691" lat="45.5759005217737">
        <ele>2706.8</ele>
      </trkpt>
      <trkpt lon="7.25285768001808" lat="45.5758698442013">
        <ele>2707.01</ele>
      </trkpt>
      <trkpt lon="7.25292503791327" lat="45.5758263187575">
        <ele>2707.77</ele>
      </trkpt>
      <trkpt lon="7.25302739855739" lat="45.5758236530136">
        <ele>2709.64</ele>
      </trkpt>
      <trkpt lon="7.25324949708031" lat="45.5758655756606">
        <ele>2716.55</ele>
      </trkpt>
      <trkpt lon="7.25329382207082" lat="45.5759159384675">
        <ele>2720.19</ele>
      </trkpt>
      <trkpt lon="7.25329656342471" lat="45.5759349750841">
        <ele>2721.03</ele>
      </trkpt>
      <trkpt lon="7.2533132912895" lat="45.5759493617189">
        <ele>2721.83</ele>
      </trkpt>
      <trkpt lon="7.25344429672443" lat="45.575961266063">
        <ele>2725.59</ele>
      </trkpt>
      <trkpt lon="7.25350487826673" lat="45.5759791143202">
        <ele>2728.53</ele>
      </trkpt>
      <trkpt lon="7.25354307527901" lat="45.5760328049293">
        <ele>2732.34</ele>
      </trkpt>
      <trkpt lon="7.25367285229529" lat="45.576076012827">
        <ele>2736.77</ele>
      </trkpt>
      <trkpt lon="7.25356771262156" lat="45.5761393939606">
        <ele>2738.38</ele>
      </trkpt>
      <trkpt lon="7.25347515886871" lat="45.5762266397052">
        <ele>2740.61</ele>
      </trkpt>
      <trkpt lon="7.25347241106427" lat="45.5762532403479">
        <ele>2741.29</ele>
      </trkpt>
      <trkpt lon="7.2533890764659" lat="45.5763656479259">
        <ele>2743.03</ele>
      </trkpt>
      <trkpt lon="7.25341194882589" lat="45.576384359729">
        <ele>2744.02</ele>
      </trkpt>
      <trkpt lon="7.25352304700143" lat="45.5763190924945">
        <ele>2745.65</ele>
      </trkpt>
      <trkpt lon="7.25363963916567" lat="45.5762832510535">
        <ele>2746.95</ele>
      </trkpt>
      <trkpt lon="7.25378618458138" lat="45.5762569573645">
        <ele>2748.89</ele>
      </trkpt>
      <trkpt lon="7.25393477677498" lat="45.5762556282124">
        <ele>2750.53</ele>
      </trkpt>
      <trkpt lon="7.25406987698354" lat="45.576255354512">
        <ele>2752</ele>
      </trkpt>
      <trkpt lon="7.25411233390264" lat="45.576233590486">
        <ele>2752.41</ele>
      </trkpt>
      <trkpt lon="7.25415812704627" lat="45.5759264554232">
        <ele>2756.72</ele>
      </trkpt>
      <trkpt lon="7.25420396452395" lat="45.5757666685128">
        <ele>2757.32</ele>
      </trkpt>
      <trkpt lon="7.25426324192598" lat="45.575710867682">
        <ele>2758.56</ele>
      </trkpt>
      <trkpt lon="7.25435023114816" lat="45.5756500892161">
        <ele>2760.41</ele>
      </trkpt>
      <trkpt lon="7.2544821467293" lat="45.5755705579351">
        <ele>2761.93</ele>
      </trkpt>
      <trkpt lon="7.25461728984968" lat="45.575506824305">
        <ele>2763.13</ele>
      </trkpt>
      <trkpt lon="7.25463362603395" lat="45.5755214776094">
        <ele>2763.82</ele>
      </trkpt>
      <trkpt lon="7.25455604743415" lat="45.5756177737266">
        <ele>2765.94</ele>
      </trkpt>
      <trkpt lon="7.25447338288083" lat="45.5757003083372">
        <ele>2767.8</ele>
      </trkpt>
      <trkpt lon="7.25442838581575" lat="45.5757833294354">
        <ele>2768.88</ele>
      </trkpt>
      <trkpt lon="7.25446151282149" lat="45.5758599844622">
        <ele>2770.48</ele>
      </trkpt>
      <trkpt lon="7.25445910798295" lat="45.5759623814598">
        <ele>2772.4</ele>
      </trkpt>
      <trkpt lon="7.25457815646025" lat="45.5761740129359">
        <ele>2776.96</ele>
      </trkpt>
      <trkpt lon="7.25469183659925" lat="45.576323187233">
        <ele>2780.03</ele>
      </trkpt>
      <trkpt lon="7.25478673572624" lat="45.576474505847">
        <ele>2781.91</ele>
      </trkpt>
      <trkpt lon="7.25480322913013" lat="45.5765461355866">
        <ele>2782</ele>
      </trkpt>
      <trkpt lon="7.2546518380647" lat="45.5767701092027">
        <ele>2785</ele>
      </trkpt>
      <trkpt lon="7.25465221249926" lat="45.5767993682758">
        <ele>2786.05</ele>
      </trkpt>
      <trkpt lon="7.25467445437471" lat="45.5768137494083">
        <ele>2786.93</ele>
      </trkpt>
      <trkpt lon="7.25470826915848" lat="45.5768061634333">
        <ele>2788</ele>
      </trkpt>
      <trkpt lon="7.2547734074533" lat="45.5767680964387">
        <ele>2788.74</ele>
      </trkpt>
      <trkpt lon="7.25489310582852" lat="45.5767023264968">
        <ele>2790.33</ele>
      </trkpt>
      <trkpt lon="7.25494906649883" lat="45.5766461145124">
        <ele>2791.45</ele>
      </trkpt>
      <trkpt lon="7.25502997032997" lat="45.5765417682248">
        <ele>2793.48</ele>
      </trkpt>
      <trkpt lon="7.2550105904662" lat="45.576484677712">
        <ele>2793.65</ele>
      </trkpt>
      <trkpt lon="7.25503100383416" lat="45.5763925478135">
        <ele>2795.2</ele>
      </trkpt>
      <trkpt lon="7.25500365317897" lat="45.5762535134952">
        <ele>2797.1</ele>
      </trkpt>
      <trkpt lon="7.2552724049802" lat="45.5760390745872">
        <ele>2800.12</ele>
      </trkpt>
      <trkpt lon="7.25532476516083" lat="45.5760037825389">
        <ele>2800.33</ele>
      </trkpt>
      <trkpt lon="7.2554947839786" lat="45.575943732672">
        <ele>2803</ele>
      </trkpt>
      <trkpt lon="7.25549172305147" lat="45.5759309045418">
        <ele>2803</ele>
      </trkpt>
      <trkpt lon="7.2554438752361" lat="45.575907309041">
        <ele>2803.87</ele>
      </trkpt>
      <trkpt lon="7.25544123100585" lat="45.5758934086657">
        <ele>2803.97</ele>
      </trkpt>
      <trkpt lon="7.25545528144757" lat="45.5758866919659">
        <ele>2804.07</ele>
      </trkpt>
      <trkpt lon="7.25564193559142" lat="45.5758854020717">
        <ele>2805.77</ele>
      </trkpt>
      <trkpt lon="7.25567850840495" lat="45.5758964027021">
        <ele>2806</ele>
      </trkpt>
      <trkpt lon="7.2556959389393" lat="45.5759171006137">
        <ele>2805.93</ele>
      </trkpt>
      <trkpt lon="7.25567949361981" lat="45.5759432233341">
        <ele>2805.72</ele>
      </trkpt>
      <trkpt lon="7.25559515704605" lat="45.5760135826223">
        <ele>2807.08</ele>
      </trkpt>
      <trkpt lon="7.25550125486099" lat="45.576161024313">
        <ele>2809</ele>
      </trkpt>
      <trkpt lon="7.25551163744964" lat="45.5762106895519">
        <ele>2809</ele>
      </trkpt>
      <trkpt lon="7.25550985891308" lat="45.5762473876803">
        <ele>2809.16</ele>
      </trkpt>
      <trkpt lon="7.2554900994808" lat="45.5762811994511">
        <ele>2810</ele>
      </trkpt>
      <trkpt lon="7.25547131536273" lat="45.576300083078">
        <ele>2810</ele>
      </trkpt>
      <trkpt lon="7.25544269159091" lat="45.5763469034237">
        <ele>2810</ele>
      </trkpt>
      <trkpt lon="7.25543727969312" lat="45.5763809347832">
        <ele>2810.34</ele>
      </trkpt>
      <trkpt lon="7.25544284317013" lat="45.5764082021898">
        <ele>2811</ele>
      </trkpt>
      <trkpt lon="7.25545462087424" lat="45.5764252138428">
        <ele>2811</ele>
      </trkpt>
      <trkpt lon="7.25546549880054" lat="45.5764298807321">
        <ele>2811.33</ele>
      </trkpt>
      <trkpt lon="7.25548112699788" lat="45.5764260696762">
        <ele>2811.93</ele>
      </trkpt>
      <trkpt lon="7.25550497515748" lat="45.5764050999347">
        <ele>2812</ele>
      </trkpt>
      <trkpt lon="7.25553874309386" lat="45.5763783440325">
        <ele>2813</ele>
      </trkpt>
      <trkpt lon="7.25556692172499" lat="45.5763665328967">
        <ele>2813.06</ele>
      </trkpt>
      <trkpt lon="7.25560593380878" lat="45.5763608275748">
        <ele>2813.69</ele>
      </trkpt>
      <trkpt lon="7.25564519573034" lat="45.5763636780262">
        <ele>2814</ele>
      </trkpt>
      <trkpt lon="7.25568316309103" lat="45.5763710091333">
        <ele>2814</ele>
      </trkpt>
      <trkpt lon="7.2556992328394" lat="45.576373592687">
        <ele>2814</ele>
      </trkpt>
      <trkpt lon="7.25576445371223" lat="45.5763741405537">
        <ele>2814.97</ele>
      </trkpt>
      <trkpt lon="7.25581678258492" lat="45.5763771883586">
        <ele>2815</ele>
      </trkpt>
      <trkpt lon="7.25587352262056" lat="45.576382555709">
        <ele>2815.93</ele>
      </trkpt>
      <trkpt lon="7.25593027663364" lat="45.5763834229463">
        <ele>2815.96</ele>
      </trkpt>
      <trkpt lon="7.25596751083039" lat="45.5763812899193">
        <ele>2816</ele>
      </trkpt>
      <trkpt lon="7.25600473128969" lat="45.5763714178086">
        <ele>2817</ele>
      </trkpt>
      <trkpt lon="7.25601329829457" lat="45.5763638093667">
        <ele>2817</ele>
      </trkpt>
      <trkpt lon="7.25604251371768" lat="45.5763184390631">
        <ele>2817.77</ele>
      </trkpt>
      <trkpt lon="7.25608790451225" lat="45.5762723272307">
        <ele>2818.42</ele>
      </trkpt>
      <trkpt lon="7.25612993704513" lat="45.5762187818454">
        <ele>2820</ele>
      </trkpt>
      <trkpt lon="7.2561612688968" lat="45.5761879369278">
        <ele>2820.16</ele>
      </trkpt>
      <trkpt lon="7.25620401751184" lat="45.5761650089865">
        <ele>2820.82</ele>
      </trkpt>
      <trkpt lon="7.2562406519638" lat="45.5761491839425">
        <ele>2820.74</ele>
      </trkpt>
      <trkpt lon="7.25627656126579" lat="45.5761401923969">
        <ele>2821</ele>
      </trkpt>
      <trkpt lon="7.25631676784648" lat="45.5761331564975">
        <ele>2821</ele>
      </trkpt>
      <trkpt lon="7.25633889060494" lat="45.5761307038719">
        <ele>2821.04</ele>
      </trkpt>
      <trkpt lon="7.25637560247987" lat="45.5761330626196">
        <ele>2822</ele>
      </trkpt>
      <trkpt lon="7.25643642266042" lat="45.5761639667631">
        <ele>2823</ele>
      </trkpt>
      <trkpt lon="7.25649137622492" lat="45.5761856872854">
        <ele>2824</ele>
      </trkpt>
      <trkpt lon="7.25651226255067" lat="45.5761982461367">
        <ele>2824</ele>
      </trkpt>
      <trkpt lon="7.25653710450743" lat="45.5762114078192">
        <ele>2824.74</ele>
      </trkpt>
      <trkpt lon="7.25654867382248" lat="45.5762310278692">
        <ele>2825</ele>
      </trkpt>
      <trkpt lon="7.25654701243343" lat="45.5762433337183">
        <ele>2825.62</ele>
      </trkpt>
      <trkpt lon="7.25653231458952" lat="45.5762585006245">
        <ele>2825.87</ele>
      </trkpt>
      <trkpt lon="7.25650489152157" lat="45.5762707728903">
        <ele>2826.19</ele>
      </trkpt>
      <trkpt lon="7.25646062916289" lat="45.5762845894766">
        <ele>2826.03</ele>
      </trkpt>
      <trkpt lon="7.25645591232651" lat="45.5762879367375">
        <ele>2826.35</ele>
      </trkpt>
      <trkpt lon="7.25645002331296" lat="45.5762876672293">
        <ele>2826.53</ele>
      </trkpt>
      <trkpt lon="7.25637994621762" lat="45.5763156700341">
        <ele>2827.78</ele>
      </trkpt>
      <trkpt lon="7.25636340949773" lat="45.576328109076">
        <ele>2828.12</ele>
      </trkpt>
      <trkpt lon="7.25634853335153" lat="45.5763698266485">
        <ele>2829</ele>
      </trkpt>
      <trkpt lon="7.2563503971627" lat="45.5763758879302">
        <ele>2829.12</ele>
      </trkpt>
      <trkpt lon="7.2563650965685" lat="45.5764227364733">
        <ele>2830.41</ele>
      </trkpt>
      <trkpt lon="7.2563844791307" lat="45.5764838798659">
        <ele>2831.25</ele>
      </trkpt>
      <trkpt lon="7.25639861746436" lat="45.5765281088933">
        <ele>2831.85</ele>
      </trkpt>
      <trkpt lon="7.25638303055334" lat="45.5765513648833">
        <ele>2831.27</ele>
      </trkpt>
      <trkpt lon="7.25637244383586" lat="45.5765703763704">
        <ele>2831.83</ele>
      </trkpt>
      <trkpt lon="7.25636618783176" lat="45.5765862128195">
        <ele>2831.94</ele>
      </trkpt>
      <trkpt lon="7.25637545702088" lat="45.576609666277">
        <ele>2833.01</ele>
      </trkpt>
      <trkpt lon="7.25637055910437" lat="45.5766395642042">
        <ele>2833</ele>
      </trkpt>
      <trkpt lon="7.25636299194296" lat="45.5766562812183">
        <ele>2833.72</ele>
      </trkpt>
      <trkpt lon="7.25635546949876" lat="45.576659136773">
        <ele>2833.88</ele>
      </trkpt>
      <trkpt lon="7.25633744396878" lat="45.5766658812128">
        <ele>2834</ele>
      </trkpt>
      <trkpt lon="7.25632378250736" lat="45.5766683728101">
        <ele>2834</ele>
      </trkpt>
      <trkpt lon="7.25629329287539" lat="45.5766719587166">
        <ele>2834.05</ele>
      </trkpt>
      <trkpt lon="7.25625247240832" lat="45.576678175145">
        <ele>2835</ele>
      </trkpt>
      <trkpt lon="7.25623604687252" lat="45.5766870168753">
        <ele>2835</ele>
      </trkpt>
      <trkpt lon="7.25623029087225" lat="45.5767032200051">
        <ele>2835</ele>
      </trkpt>
      <trkpt lon="7.25623766853352" lat="45.5767174648793">
        <ele>2835</ele>
      </trkpt>
      <trkpt lon="7.25624457684778" lat="45.5767262123885">
        <ele>2835.08</ele>
      </trkpt>
      <trkpt lon="7.25625505737381" lat="45.5767395128245">
        <ele>2835.5</ele>
      </trkpt>
      <trkpt lon="7.2562592624385" lat="45.5767692802808">
        <ele>2835.73</ele>
      </trkpt>
      <trkpt lon="7.25624140605658" lat="45.576791330663">
        <ele>2836</ele>
      </trkpt>
      <trkpt lon="7.25617840421581" lat="45.5768143111876">
        <ele>2836</ele>
      </trkpt>
      <trkpt lon="7.25614281130145" lat="45.5768378892145">
        <ele>2836.24</ele>
      </trkpt>
      <trkpt lon="7.2561363634253" lat="45.5768639842532">
        <ele>2837.01</ele>
      </trkpt>
      <trkpt lon="7.25616351851474" lat="45.5769183164384">
        <ele>2838.15</ele>
      </trkpt>
      <trkpt lon="7.25619104034773" lat="45.5769691402056">
        <ele>2839.22</ele>
      </trkpt>
      <trkpt lon="7.25622779858284" lat="45.577015516728">
        <ele>2840.16</ele>
      </trkpt>
      <trkpt lon="7.25626642356932" lat="45.5770596737681">
        <ele>2841</ele>
      </trkpt>
      <trkpt lon="7.25634501315051" lat="45.5771128091984">
        <ele>2842.04</ele>
      </trkpt>
      <trkpt lon="7.25641445535801" lat="45.5771633750312">
        <ele>2844</ele>
      </trkpt>
      <trkpt lon="7.25646605319683" lat="45.5771899956444">
        <ele>2844.8</ele>
      </trkpt>
      <trkpt lon="7.25651191211892" lat="45.5772115771864">
        <ele>2845.65</ele>
      </trkpt>
      <trkpt lon="7.25653650391139" lat="45.5772328362925">
        <ele>2846.08</ele>
      </trkpt>
      <trkpt lon="7.25655701990041" lat="45.5772904851637">
        <ele>2846</ele>
      </trkpt>
      <trkpt lon="7.25655997773691" lat="45.5773191525803">
        <ele>2846.44</ele>
      </trkpt>
      <trkpt lon="7.25656592201774" lat="45.5773341863494">
        <ele>2847.21</ele>
      </trkpt>
      <trkpt lon="7.25657739715101" lat="45.577340303281">
        <ele>2847.53</ele>
      </trkpt>
      <trkpt lon="7.25658170832773" lat="45.5773418089161">
        <ele>2847.61</ele>
      </trkpt>
      <trkpt lon="7.25659363923479" lat="45.5773373089182">
        <ele>2847.79</ele>
      </trkpt>
      <trkpt lon="7.25660357013002" lat="45.5773311616373">
        <ele>2847.82</ele>
      </trkpt>
      <trkpt lon="7.25661159551828" lat="45.5773203919995">
        <ele>2848.12</ele>
      </trkpt>
      <trkpt lon="7.25661402367012" lat="45.5773040471673">
        <ele>2848.29</ele>
      </trkpt>
      <trkpt lon="7.25660392951073" lat="45.5772781491958">
        <ele>2847.76</ele>
      </trkpt>
      <trkpt lon="7.256602151786" lat="45.5772734435046">
        <ele>2847.89</ele>
      </trkpt>
      <trkpt lon="7.25660002153883" lat="45.5772553180279">
        <ele>2848.59</ele>
      </trkpt>
      <trkpt lon="7.25660107182116" lat="45.5772421010388">
        <ele>2848.61</ele>
      </trkpt>
      <trkpt lon="7.2566066026736" lat="45.5772331842013">
        <ele>2848.45</ele>
      </trkpt>
      <trkpt lon="7.25662075890258" lat="45.5772147699859">
        <ele>2848.34</ele>
      </trkpt>
      <trkpt lon="7.25663042303713" lat="45.57721311726">
        <ele>2848.72</ele>
      </trkpt>
      <trkpt lon="7.25663503702647" lat="45.5772131867508">
        <ele>2848.9</ele>
      </trkpt>
      <trkpt lon="7.25664455940298" lat="45.5772160341368">
        <ele>2849</ele>
      </trkpt>
      <trkpt lon="7.25665401498613" lat="45.5772252677939">
        <ele>2849.05</ele>
      </trkpt>
      <trkpt lon="7.25665737030407" lat="45.5772411626707">
        <ele>2849.77</ele>
      </trkpt>
      <trkpt lon="7.25665949507328" lat="45.5772553241587">
        <ele>2849.98</ele>
      </trkpt>
      <trkpt lon="7.2566621641575" lat="45.5772766997224">
        <ele>2850.93</ele>
      </trkpt>
      <trkpt lon="7.25667060011516" lat="45.5772940196842">
        <ele>2851.34</ele>
      </trkpt>
      <trkpt lon="7.25668599997914" lat="45.5773182871105">
        <ele>2851.03</ele>
      </trkpt>
      <trkpt lon="7.25669389146106" lat="45.5773365904251">
        <ele>2851.61</ele>
      </trkpt>
      <trkpt lon="7.2567053467312" lat="45.5773640384488">
        <ele>2851.82</ele>
      </trkpt>
      <trkpt lon="7.25670796030286" lat="45.5773831583996">
        <ele>2851.95</ele>
      </trkpt>
      <trkpt lon="7.25669849278942" lat="45.5774156896822">
        <ele>2852.62</ele>
      </trkpt>
      <trkpt lon="7.25667449175163" lat="45.5774416067689">
        <ele>2853.74</ele>
      </trkpt>
      <trkpt lon="7.2566370793373" lat="45.5774659681313">
        <ele>2853.75</ele>
      </trkpt>
      <trkpt lon="7.2566090894756" lat="45.5774840822053">
        <ele>2854.11</ele>
      </trkpt>
      <trkpt lon="7.25659611924233" lat="45.5775097160582">
        <ele>2854.69</ele>
      </trkpt>
      <trkpt lon="7.25659852744802" lat="45.577518935758">
        <ele>2854.91</ele>
      </trkpt>
      <trkpt lon="7.25659705515497" lat="45.5775208913485">
        <ele>2854.91</ele>
      </trkpt>
      <trkpt lon="7.25660043017372" lat="45.5775237331193">
        <ele>2854.98</ele>
      </trkpt>
      <trkpt lon="7.25661518231071" lat="45.5775730150576">
        <ele>2855.75</ele>
      </trkpt>
      <trkpt lon="7.25662947352249" lat="45.5776122967398">
        <ele>2856.16</ele>
      </trkpt>
      <trkpt lon="7.25663227054787" lat="45.5776254832098">
        <ele>2856.29</ele>
      </trkpt>
      <trkpt lon="7.25664309010252" lat="45.5776320390349">
        <ele>2856.72</ele>
      </trkpt>
      <trkpt lon="7.25665009578412" lat="45.5776334946948">
        <ele>2857</ele>
      </trkpt>
      <trkpt lon="7.25666372944951" lat="45.5776319031199">
        <ele>2857.52</ele>
      </trkpt>
      <trkpt lon="7.25667574382405" lat="45.5776206557309">
        <ele>2857.98</ele>
      </trkpt>
      <trkpt lon="7.25668364453789" lat="45.577593141226">
        <ele>2858.26</ele>
      </trkpt>
      <trkpt lon="7.25669270345136" lat="45.577573749159">
        <ele>2858.58</ele>
      </trkpt>
      <trkpt lon="7.25670724841714" lat="45.577563529598">
        <ele>2858.85</ele>
      </trkpt>
      <trkpt lon="7.25674488271261" lat="45.5775568131263">
        <ele>2859</ele>
      </trkpt>
      <trkpt lon="7.25677018886313" lat="45.5775549494352">
        <ele>2859.17</ele>
      </trkpt>
      <trkpt lon="7.25679483951442" lat="45.5775494745358">
        <ele>2859.51</ele>
      </trkpt>
      <trkpt lon="7.25681978750208" lat="45.5775385133901">
        <ele>2859.67</ele>
      </trkpt>
      <trkpt lon="7.25685985264603" lat="45.577519593857">
        <ele>2860.28</ele>
      </trkpt>
      <trkpt lon="7.25689507587496" lat="45.5775078911254">
        <ele>2860.57</ele>
      </trkpt>
      <trkpt lon="7.25692881282812" lat="45.5775029135485">
        <ele>2860.27</ele>
      </trkpt>
      <trkpt lon="7.25695701647569" lat="45.5774902940593">
        <ele>2860.8</ele>
      </trkpt>
      <trkpt lon="7.25696876441603" lat="45.5774668908062">
        <ele>2861.22</ele>
      </trkpt>
      <trkpt lon="7.25697664011341" lat="45.5774401874326">
        <ele>2861.87</ele>
      </trkpt>
      <trkpt lon="7.25699660196963" lat="45.5774246511236">
        <ele>2861.9</ele>
      </trkpt>
      <trkpt lon="7.25702733064753" lat="45.5774133261358">
        <ele>2862</ele>
      </trkpt>
      <trkpt lon="7.25705533980404" lat="45.5774028650323">
        <ele>2862.21</ele>
      </trkpt>
      <trkpt lon="7.25706723743706" lat="45.5773953038459">
        <ele>2862.81</ele>
      </trkpt>
      <trkpt lon="7.25708675218309" lat="45.5773735507095">
        <ele>2863.71</ele>
      </trkpt>
      <trkpt lon="7.25709909512087" lat="45.577322613436">
        <ele>2864.14</ele>
      </trkpt>
      <trkpt lon="7.2570814418778" lat="45.5771848070199">
        <ele>2866.15</ele>
      </trkpt>
      <trkpt lon="7.25707877589964" lat="45.5771466921462">
        <ele>2866.13</ele>
      </trkpt>
      <trkpt lon="7.25709255728816" lat="45.5771197193785">
        <ele>2866.54</ele>
      </trkpt>
      <trkpt lon="7.25712973924075" lat="45.5770903134426">
        <ele>2867.01</ele>
      </trkpt>
      <trkpt lon="7.2571963467262" lat="45.5770668468295">
        <ele>2867.62</ele>
      </trkpt>
      <trkpt lon="7.25724530646406" lat="45.5770503135535">
        <ele>2868</ele>
      </trkpt>
      <trkpt lon="7.25726485979983" lat="45.5770438608025">
        <ele>2868</ele>
      </trkpt>
      <trkpt lon="7.25728063245538" lat="45.5770395108455">
        <ele>2868</ele>
      </trkpt>
      <trkpt lon="7.25729452707696" lat="45.5770461139238">
        <ele>2868.25</ele>
      </trkpt>
      <trkpt lon="7.25729637658428" lat="45.5770733229597">
        <ele>2869</ele>
      </trkpt>
      <trkpt lon="7.2572498132048" lat="45.577136610213">
        <ele>2870</ele>
      </trkpt>
      <trkpt lon="7.25724038787253" lat="45.5771429491703">
        <ele>2870</ele>
      </trkpt>
      <trkpt lon="7.25722677587571" lat="45.5771728025676">
        <ele>2869.94</ele>
      </trkpt>
      <trkpt lon="7.25722657026627" lat="45.5771753192956">
        <ele>2869.93</ele>
      </trkpt>
      <trkpt lon="7.25724628670379" lat="45.5772091953387">
        <ele>2870</ele>
      </trkpt>
      <trkpt lon="7.25726216981282" lat="45.5772385101188">
        <ele>2870.12</ele>
      </trkpt>
      <trkpt lon="7.25727620292743" lat="45.5772654581548">
        <ele>2870.99</ele>
      </trkpt>
      <trkpt lon="7.25731021424939" lat="45.5772929813985">
        <ele>2872</ele>
      </trkpt>
      <trkpt lon="7.25734277305847" lat="45.5773053598026">
        <ele>2872.62</ele>
      </trkpt>
      <trkpt lon="7.2573730514424" lat="45.577308521286">
        <ele>2873.08</ele>
      </trkpt>
      <trkpt lon="7.25740689361455" lat="45.5773208274784">
        <ele>2873.79</ele>
      </trkpt>
      <trkpt lon="7.25744782477689" lat="45.5773359449213">
        <ele>2874</ele>
      </trkpt>
      <trkpt lon="7.25749525892037" lat="45.5773480095724">
        <ele>2874.19</ele>
      </trkpt>
      <trkpt lon="7.25756839072894" lat="45.5773664079648">
        <ele>2875.14</ele>
      </trkpt>
      <trkpt lon="7.25761138313552" lat="45.5773770558706">
        <ele>2876</ele>
      </trkpt>
      <trkpt lon="7.25767150350567" lat="45.5773975041887">
        <ele>2876.56</ele>
      </trkpt>
      <trkpt lon="7.25769331772821" lat="45.5774050379226">
        <ele>2877</ele>
      </trkpt>
      <trkpt lon="7.25777474970159" lat="45.5774243725298">
        <ele>2878</ele>
      </trkpt>
      <trkpt lon="7.25782628131708" lat="45.5774283092383">
        <ele>2878.77</ele>
      </trkpt>
      <trkpt lon="7.25787622969715" lat="45.5774254707609">
        <ele>2879</ele>
      </trkpt>
      <trkpt lon="7.25791387789065" lat="45.577418304278">
        <ele>2880</ele>
      </trkpt>
      <trkpt lon="7.25797145417924" lat="45.5774173825893">
        <ele>2880</ele>
      </trkpt>
      <trkpt lon="7.2580068993688" lat="45.5774192718684">
        <ele>2880</ele>
      </trkpt>
      <trkpt lon="7.25802313548562" lat="45.5774372530334">
        <ele>2880</ele>
      </trkpt>
      <trkpt lon="7.2580174210982" lat="45.5774562479006">
        <ele>2880.09</ele>
      </trkpt>
      <trkpt lon="7.25799865382007" lat="45.5774663118613">
        <ele>2880.13</ele>
      </trkpt>
      <trkpt lon="7.25799877882103" lat="45.5774664035315">
        <ele>2880.13</ele>
      </trkpt>
      <trkpt lon="7.25799517595597" lat="45.5774668007288">
        <ele>2880.09</ele>
      </trkpt>
      <trkpt lon="7.2578918812855" lat="45.577503747882">
        <ele>2881.5</ele>
      </trkpt>
      <trkpt lon="7.25782935181659" lat="45.5775196254546">
        <ele>2882.37</ele>
      </trkpt>
      <trkpt lon="7.25782233469007" lat="45.5775351813338">
        <ele>2882.61</ele>
      </trkpt>
      <trkpt lon="7.25785584061139" lat="45.577554234915">
        <ele>2883</ele>
      </trkpt>
      <trkpt lon="7.25786119070848" lat="45.5775553044381">
        <ele>2883.14</ele>
      </trkpt>
      <trkpt lon="7.25792895836139" lat="45.5775812724135">
        <ele>2884.82</ele>
      </trkpt>
      <trkpt lon="7.25796651997951" lat="45.5775976870786">
        <ele>2885.31</ele>
      </trkpt>
      <trkpt lon="7.25803012393706" lat="45.5776090990919">
        <ele>2886.85</ele>
      </trkpt>
      <trkpt lon="7.25810058658196" lat="45.5776101748003">
        <ele>2887.79</ele>
      </trkpt>
      <trkpt lon="7.25818554694122" lat="45.5776024670945">
        <ele>2888.63</ele>
      </trkpt>
      <trkpt lon="7.25823527344189" lat="45.5775818948355">
        <ele>2889</ele>
      </trkpt>
      <trkpt lon="7.25824867656085" lat="45.5775795782401">
        <ele>2889.41</ele>
      </trkpt>
      <trkpt lon="7.25826224375931" lat="45.5775677252952">
        <ele>2889.8</ele>
      </trkpt>
      <trkpt lon="7.25827624163219" lat="45.5775502944364">
        <ele>2890.58</ele>
      </trkpt>
      <trkpt lon="7.25828120585328" lat="45.5775389386431">
        <ele>2890.57</ele>
      </trkpt>
      <trkpt lon="7.25829310070666" lat="45.5775314691257">
        <ele>2890.96</ele>
      </trkpt>
      <trkpt lon="7.25830335092974" lat="45.5775316275622">
        <ele>2891.37</ele>
      </trkpt>
      <trkpt lon="7.25831491223078" lat="45.5775349527576">
        <ele>2891.82</ele>
      </trkpt>
      <trkpt lon="7.25832879565277" lat="45.577546055949">
        <ele>2892.86</ele>
      </trkpt>
      <trkpt lon="7.2583353343628" lat="45.5775625369825">
        <ele>2893.65</ele>
      </trkpt>
      <trkpt lon="7.25834232287965" lat="45.5775893766144">
        <ele>2893.95</ele>
      </trkpt>
      <trkpt lon="7.25834384725452" lat="45.5776229746968">
        <ele>2894.07</ele>
      </trkpt>
      <trkpt lon="7.25833551014304" lat="45.577664611775">
        <ele>2895.05</ele>
      </trkpt>
      <trkpt lon="7.25831898691166" lat="45.5776974846647">
        <ele>2895.17</ele>
      </trkpt>
      <trkpt lon="7.25829709323299" lat="45.5777754586373">
        <ele>2896.67</ele>
      </trkpt>
      <trkpt lon="7.25826546077815" lat="45.5778367237619">
        <ele>2897.94</ele>
      </trkpt>
      <trkpt lon="7.25824463201221" lat="45.5778636797944">
        <ele>2898.67</ele>
      </trkpt>
      <trkpt lon="7.25820953027389" lat="45.5779128306918">
        <ele>2899.13</ele>
      </trkpt>
      <trkpt lon="7.25821341846381" lat="45.5779528539588">
        <ele>2900.37</ele>
      </trkpt>
      <trkpt lon="7.25822204057193" lat="45.577968376655">
        <ele>2900.73</ele>
      </trkpt>
      <trkpt lon="7.25821126467907" lat="45.5780017857248">
        <ele>2901.3</ele>
      </trkpt>
      <trkpt lon="7.25819174707217" lat="45.5780277723011">
        <ele>2901.75</ele>
      </trkpt>
      <trkpt lon="7.25817811807292" lat="45.5780747289065">
        <ele>2902.26</ele>
      </trkpt>
      <trkpt lon="7.25819087902237" lat="45.5780973351543">
        <ele>2903.4</ele>
      </trkpt>
      <trkpt lon="7.25818506456922" lat="45.5781195689909">
        <ele>2903.46</ele>
      </trkpt>
      <trkpt lon="7.25817404169759" lat="45.5781402832944">
        <ele>2903.67</ele>
      </trkpt>
      <trkpt lon="7.25815704952867" lat="45.5781467749602">
        <ele>2903.4</ele>
      </trkpt>
      <trkpt lon="7.25812889869346" lat="45.5781576888515">
        <ele>2903.2</ele>
      </trkpt>
      <trkpt lon="7.25811282020036" lat="45.5781760752698">
        <ele>2903.37</ele>
      </trkpt>
      <trkpt lon="7.25810744476213" lat="45.578192375628">
        <ele>2903.52</ele>
      </trkpt>
      <trkpt lon="7.25810420561744" lat="45.5782017758332">
        <ele>2903.5</ele>
      </trkpt>
      <trkpt lon="7.25811102179888" lat="45.5782341933815">
        <ele>2904.71</ele>
      </trkpt>
      <trkpt lon="7.25812184094583" lat="45.5782615413966">
        <ele>2905.16</ele>
      </trkpt>
      <trkpt lon="7.25812826847169" lat="45.5782816225196">
        <ele>2905.44</ele>
      </trkpt>
      <trkpt lon="7.25812208433133" lat="45.5783158205426">
        <ele>2906.1</ele>
      </trkpt>
      <trkpt lon="7.25810894462338" lat="45.5783428044279">
        <ele>2906.7</ele>
      </trkpt>
      <trkpt lon="7.25810005248608" lat="45.5783567991385">
        <ele>2906.83</ele>
      </trkpt>
      <trkpt lon="7.25810054398695" lat="45.5783658077033">
        <ele>2907</ele>
      </trkpt>
      <trkpt lon="7.25811008025975" lat="45.5783682939692">
        <ele>2907</ele>
      </trkpt>
      <trkpt lon="7.25813490316526" lat="45.5783613829242">
        <ele>2907.79</ele>
      </trkpt>
      <trkpt lon="7.25816778244241" lat="45.5783219183601">
        <ele>2908.03</ele>
      </trkpt>
      <trkpt lon="7.25817834430758" lat="45.5782953483492">
        <ele>2908.41</ele>
      </trkpt>
      <trkpt lon="7.25820694028346" lat="45.5782494280257">
        <ele>2908.47</ele>
      </trkpt>
      <trkpt lon="7.25821232945908" lat="45.5782408695291">
        <ele>2908.67</ele>
      </trkpt>
      <trkpt lon="7.25830370196561" lat="45.5781875357372">
        <ele>2911.17</ele>
      </trkpt>
      <trkpt lon="7.25832872303483" lat="45.5781328318248">
        <ele>2911.08</ele>
      </trkpt>
      <trkpt lon="7.25837739982157" lat="45.5780964897143">
        <ele>2911.93</ele>
      </trkpt>
      <trkpt lon="7.25847277381646" lat="45.5779717513865">
        <ele>2912.51</ele>
      </trkpt>
      <trkpt lon="7.25858252413194" lat="45.5779375099195">
        <ele>2914.76</ele>
      </trkpt>
      <trkpt lon="7.25872405020983" lat="45.5777584762272">
        <ele>2916</ele>
      </trkpt>
      <trkpt lon="7.25873955413866" lat="45.5777172197834">
        <ele>2915.39</ele>
      </trkpt>
      <trkpt lon="7.25875869944283" lat="45.5776949194074">
        <ele>2915.32</ele>
      </trkpt>
      <trkpt lon="7.25877697497482" lat="45.5776883555301">
        <ele>2916.03</ele>
      </trkpt>
      <trkpt lon="7.2588266153078" lat="45.5776705722292">
        <ele>2915.95</ele>
      </trkpt>
      <trkpt lon="7.25884418555303" lat="45.5776495052023">
        <ele>2916.39</ele>
      </trkpt>
      <trkpt lon="7.25887526724048" lat="45.5776267577082">
        <ele>2916.29</ele>
      </trkpt>
      <trkpt lon="7.25890898473817" lat="45.5776223218115">
        <ele>2916.32</ele>
      </trkpt>
      <trkpt lon="7.25894911348833" lat="45.5776178915325">
        <ele>2916.93</ele>
      </trkpt>
      <trkpt lon="7.25899149797547" lat="45.5776067472174">
        <ele>2917.59</ele>
      </trkpt>
      <trkpt lon="7.25905473305768" lat="45.5775887195975">
        <ele>2918.23</ele>
      </trkpt>
      <trkpt lon="7.25912598233036" lat="45.5775643307838">
        <ele>2919.32</ele>
      </trkpt>
      <trkpt lon="7.25922519898434" lat="45.5775349698932">
        <ele>2921.14</ele>
      </trkpt>
      <trkpt lon="7.25928460073975" lat="45.577512294897">
        <ele>2921.42</ele>
      </trkpt>
      <trkpt lon="7.25931429581301" lat="45.5775136452181">
        <ele>2921.85</ele>
      </trkpt>
      <trkpt lon="7.25931149560024" lat="45.5775213453848">
        <ele>2922.27</ele>
      </trkpt>
      <trkpt lon="7.25929283386583" lat="45.5775321315869">
        <ele>2922.85</ele>
      </trkpt>
      <trkpt lon="7.25907383414583" lat="45.577696391936">
        <ele>2926.62</ele>
      </trkpt>
      <trkpt lon="7.25900646725861" lat="45.5777734932248">
        <ele>2926.05</ele>
      </trkpt>
      <trkpt lon="7.25893180431033" lat="45.5779248324222">
        <ele>2931.37</ele>
      </trkpt>
      <trkpt lon="7.25890700061843" lat="45.5779435382086">
        <ele>2932.03</ele>
      </trkpt>
      <trkpt lon="7.25886780550066" lat="45.5780754355931">
        <ele>2933.04</ele>
      </trkpt>
      <trkpt lon="7.25883513062742" lat="45.5783155329857">
        <ele>2937.05</ele>
      </trkpt>
      <trkpt lon="7.25884339694805" lat="45.5783424837438">
        <ele>2938.58</ele>
      </trkpt>
      <trkpt lon="7.25883976678629" lat="45.5784599811099">
        <ele>2941.41</ele>
      </trkpt>
      <trkpt lon="7.25885337740121" lat="45.578500604486">
        <ele>2941.99</ele>
      </trkpt>
      <trkpt lon="7.25886147702687" lat="45.5785288108296">
        <ele>2942.34</ele>
      </trkpt>
      <trkpt lon="7.25886770474431" lat="45.5785388972548">
        <ele>2942.59</ele>
      </trkpt>
      <trkpt lon="7.2589156796891" lat="45.5785957047038">
        <ele>2943.54</ele>
      </trkpt>
      <trkpt lon="7.25896621293823" lat="45.5786568706205">
        <ele>2943.73</ele>
      </trkpt>
      <trkpt lon="7.25899482674757" lat="45.5786931301429">
        <ele>2944.27</ele>
      </trkpt>
      <trkpt lon="7.25903946525974" lat="45.5787625795445">
        <ele>2945.31</ele>
      </trkpt>
      <trkpt lon="7.25909106268916" lat="45.5788100812387">
        <ele>2946.63</ele>
      </trkpt>
      <trkpt lon="7.25910930168036" lat="45.5788253901337">
        <ele>2947.36</ele>
      </trkpt>
      <trkpt lon="7.25911751837409" lat="45.5788332570778">
        <ele>2947.48</ele>
      </trkpt>
      <trkpt lon="7.2591297214369" lat="45.5788324543978">
        <ele>2947.78</ele>
      </trkpt>
      <trkpt lon="7.25913354945156" lat="45.578824682017">
        <ele>2948.05</ele>
      </trkpt>
      <trkpt lon="7.25912978992493" lat="45.5785979790535">
        <ele>2951.97</ele>
      </trkpt>
      <trkpt lon="7.25914198521906" lat="45.578568370093">
        <ele>2952.95</ele>
      </trkpt>
      <trkpt lon="7.25914176652526" lat="45.5785298413436">
        <ele>2953.12</ele>
      </trkpt>
      <trkpt lon="7.25916697350316" lat="45.5784856710313">
        <ele>2953.21</ele>
      </trkpt>
      <trkpt lon="7.25917633817301" lat="45.5784563814959">
        <ele>2953.85</ele>
      </trkpt>
      <trkpt lon="7.2591830972853" lat="45.5784242613086">
        <ele>2954.35</ele>
      </trkpt>
      <trkpt lon="7.25919824542499" lat="45.5783945190399">
        <ele>2955.28</ele>
      </trkpt>
      <trkpt lon="7.25921171827938" lat="45.5783774409627">
        <ele>2955.07</ele>
      </trkpt>
      <trkpt lon="7.25922513276206" lat="45.5783622545991">
        <ele>2955.96</ele>
      </trkpt>
      <trkpt lon="7.25924028883465" lat="45.5783529434002">
        <ele>2956</ele>
      </trkpt>
      <trkpt lon="7.25924998076524" lat="45.5783503906519">
        <ele>2956.18</ele>
      </trkpt>
      <trkpt lon="7.25926338094221" lat="45.5783564464895">
        <ele>2956.24</ele>
      </trkpt>
      <trkpt lon="7.25928150874926" lat="45.5783753554739">
        <ele>2956.88</ele>
      </trkpt>
      <trkpt lon="7.25931678863974" lat="45.57844897989">
        <ele>2957</ele>
      </trkpt>
      <trkpt lon="7.25933096032506" lat="45.578492311673">
        <ele>2957</ele>
      </trkpt>
      <trkpt lon="7.25933665166202" lat="45.5785155317568">
        <ele>2957</ele>
      </trkpt>
      <trkpt lon="7.25933801514466" lat="45.5785377851077">
        <ele>2957</ele>
      </trkpt>
      <trkpt lon="7.25934695299093" lat="45.5786010173409">
        <ele>2958</ele>
      </trkpt>
      <trkpt lon="7.25935573591006" lat="45.5786320265395">
        <ele>2958</ele>
      </trkpt>
      <trkpt lon="7.25938216895047" lat="45.5786767140307">
        <ele>2958.83</ele>
      </trkpt>
      <trkpt lon="7.25943186921349" lat="45.5787192350258">
        <ele>2959</ele>
      </trkpt>
      <trkpt lon="7.25946420524664" lat="45.578759603021">
        <ele>2959.01</ele>
      </trkpt>
      <trkpt lon="7.2594815828856" lat="45.5787862399704">
        <ele>2959</ele>
      </trkpt>
      <trkpt lon="7.25955717997088" lat="45.5788783041293">
        <ele>2958.5</ele>
      </trkpt>
      <trkpt lon="7.25957874599511" lat="45.5789353391064">
        <ele>2958</ele>
      </trkpt>
      <trkpt lon="7.25958135122791" lat="45.5789547312863">
        <ele>2958.62</ele>
      </trkpt>
      <trkpt lon="7.25957286965818" lat="45.5789969072656">
        <ele>2959.66</ele>
      </trkpt>
      <trkpt lon="7.25952755898306" lat="45.579065341883">
        <ele>2961</ele>
      </trkpt>
      <trkpt lon="7.25946486821409" lat="45.579090669692">
        <ele>2961.18</ele>
      </trkpt>
      <trkpt lon="7.25938148128817" lat="45.5791800405791">
        <ele>2962.15</ele>
      </trkpt>
      <trkpt lon="7.2593153720961" lat="45.5792910955124">
        <ele>2964.55</ele>
      </trkpt>
      <trkpt lon="7.25924144974342" lat="45.5793562158808">
        <ele>2965.26</ele>
      </trkpt>
      <trkpt lon="7.25920501828358" lat="45.579361332324">
        <ele>2964.89</ele>
      </trkpt>
      <trkpt lon="7.25915661651514" lat="45.5793970466436">
        <ele>2964.96</ele>
      </trkpt>
      <trkpt lon="7.25914479058168" lat="45.5794313418368">
        <ele>2966.76</ele>
      </trkpt>
      <trkpt lon="7.25908661938024" lat="45.5794554779928">
        <ele>2966.93</ele>
      </trkpt>
      <trkpt lon="7.25902790067814" lat="45.5794931978187">
        <ele>2968.05</ele>
      </trkpt>
      <trkpt lon="7.25897711277665" lat="45.5795273454091">
        <ele>2969.04</ele>
      </trkpt>
      <trkpt lon="7.25892188043978" lat="45.5795560289302">
        <ele>2970.63</ele>
      </trkpt>
      <trkpt lon="7.25886054792254" lat="45.5795870457844">
        <ele>2972.41</ele>
      </trkpt>
      <trkpt lon="7.25886089496521" lat="45.5795965932502">
        <ele>2972.94</ele>
      </trkpt>
      <trkpt lon="7.25886750062927" lat="45.5795984933619">
        <ele>2973.03</ele>
      </trkpt>
      <trkpt lon="7.25891591809929" lat="45.5796120136148">
        <ele>2974.52</ele>
      </trkpt>
      <trkpt lon="7.25901763673142" lat="45.5796262538456">
        <ele>2975.45</ele>
      </trkpt>
      <trkpt lon="7.2591387141271" lat="45.579640341482">
        <ele>2978.13</ele>
      </trkpt>
      <trkpt lon="7.25926808089391" lat="45.5796391649255">
        <ele>2979.98</ele>
      </trkpt>
      <trkpt lon="7.25935258269816" lat="45.5796422519314">
        <ele>2981.9</ele>
      </trkpt>
      <trkpt lon="7.25942232305225" lat="45.5796460165894">
        <ele>2983.65</ele>
      </trkpt>
      <trkpt lon="7.25946924615298" lat="45.5796540228002">
        <ele>2984.77</ele>
      </trkpt>
      <trkpt lon="7.25949956900885" lat="45.5796558342501">
        <ele>2985.4</ele>
      </trkpt>
      <trkpt lon="7.25956620903601" lat="45.5796727825432">
        <ele>2987.12</ele>
      </trkpt>
      <trkpt lon="7.25960306536743" lat="45.5796746940588">
        <ele>2987.87</ele>
      </trkpt>
      <trkpt lon="7.25969652879911" lat="45.5796615362981">
        <ele>2989.12</ele>
      </trkpt>
      <trkpt lon="7.25978600872071" lat="45.5796529091684">
        <ele>2990.83</ele>
      </trkpt>
      <trkpt lon="7.25988551960333" lat="45.5796348930106">
        <ele>2991.69</ele>
      </trkpt>
      <trkpt lon="7.25998228038905" lat="45.5796187240948">
        <ele>2993.08</ele>
      </trkpt>
      <trkpt lon="7.26006722970942" lat="45.5796073274072">
        <ele>2994.34</ele>
      </trkpt>
      <trkpt lon="7.26009456096764" lat="45.5796022525438">
        <ele>2994.79</ele>
      </trkpt>
      <trkpt lon="7.26015814587226" lat="45.5795936807207">
        <ele>2996.21</ele>
      </trkpt>
      <trkpt lon="7.26018859103242" lat="45.5795914448477">
        <ele>2997.21</ele>
      </trkpt>
      <trkpt lon="7.26022665052435" lat="45.5795751920289">
        <ele>2997.85</ele>
      </trkpt>
      <trkpt lon="7.26024864591004" lat="45.5795519444343">
        <ele>2997.77</ele>
      </trkpt>
      <trkpt lon="7.26030139728082" lat="45.5795414057903">
        <ele>2998.73</ele>
      </trkpt>
      <trkpt lon="7.26033750123636" lat="45.5795219750948">
        <ele>2999.12</ele>
      </trkpt>
      <trkpt lon="7.26039939221033" lat="45.5794852942146">
        <ele>3000.77</ele>
      </trkpt>
      <trkpt lon="7.26045754125792" lat="45.5794576468589">
        <ele>3001.76</ele>
      </trkpt>
      <trkpt lon="7.26055572757414" lat="45.5794160273164">
        <ele>3004</ele>
      </trkpt>
      <trkpt lon="7.26061743190878" lat="45.5794060748849">
        <ele>3004.99</ele>
      </trkpt>
      <trkpt lon="7.26066802205076" lat="45.5793991057542">
        <ele>3005.86</ele>
      </trkpt>
      <trkpt lon="7.26071933440246" lat="45.579393586667">
        <ele>3006.07</ele>
      </trkpt>
      <trkpt lon="7.26076351884949" lat="45.5793865174719">
        <ele>3007</ele>
      </trkpt>
      <trkpt lon="7.26082184808241" lat="45.5793779539315">
        <ele>3008</ele>
      </trkpt>
      <trkpt lon="7.26088186323189" lat="45.5793812101493">
        <ele>3009</ele>
      </trkpt>
      <trkpt lon="7.26092484451842" lat="45.5793923052885">
        <ele>3009.73</ele>
      </trkpt>
      <trkpt lon="7.26098477628163" lat="45.5793981671267">
        <ele>3011</ele>
      </trkpt>
      <trkpt lon="7.26105315584981" lat="45.5793838174267">
        <ele>3011.86</ele>
      </trkpt>
      <trkpt lon="7.26111799354189" lat="45.5793761623054">
        <ele>3012.39</ele>
      </trkpt>
      <trkpt lon="7.26119057580286" lat="45.5793708767631">
        <ele>3013.55</ele>
      </trkpt>
      <trkpt lon="7.26126443586589" lat="45.5793657912382">
        <ele>3015</ele>
      </trkpt>
      <trkpt lon="7.26132767372785" lat="45.5793476719492">
        <ele>3015.54</ele>
      </trkpt>
      <trkpt lon="7.26140890678955" lat="45.5793112857079">
        <ele>3016.61</ele>
      </trkpt>
      <trkpt lon="7.26145168875831" lat="45.5792873632973">
        <ele>3017.29</ele>
      </trkpt>
      <trkpt lon="7.26149899070051" lat="45.5792415487128">
        <ele>3018.1</ele>
      </trkpt>
      <trkpt lon="7.26154873428669" lat="45.5791996398058">
        <ele>3019</ele>
      </trkpt>
      <trkpt lon="7.26158170194108" lat="45.5791863703462">
        <ele>3019.21</ele>
      </trkpt>
      <trkpt lon="7.26167468695628" lat="45.5792052494981">
        <ele>3019.81</ele>
      </trkpt>
      <trkpt lon="7.26175675480426" lat="45.5792373705444">
        <ele>3019.87</ele>
      </trkpt>
      <trkpt lon="7.26180250213288" lat="45.5792834332571">
        <ele>3019.07</ele>
      </trkpt>
      <trkpt lon="7.26185411353987" lat="45.5793264320604">
        <ele>3020</ele>
      </trkpt>
      <trkpt lon="7.26190758082869" lat="45.5793548805155">
        <ele>3020.93</ele>
      </trkpt>
      <trkpt lon="7.26202528819319" lat="45.5793951048881">
        <ele>3022.06</ele>
      </trkpt>
      <trkpt lon="7.26211813136573" lat="45.5794228009273">
        <ele>3023.78</ele>
      </trkpt>
      <trkpt lon="7.26217048214892" lat="45.5794417796888">
        <ele>3024.53</ele>
      </trkpt>
      <trkpt lon="7.26222583319332" lat="45.5794508137847">
        <ele>3024.99</ele>
      </trkpt>
      <trkpt lon="7.26227055606972" lat="45.5794677868665">
        <ele>3024.9</ele>
      </trkpt>
      <trkpt lon="7.26229642010341" lat="45.5794895126633">
        <ele>3026</ele>
      </trkpt>
      <trkpt lon="7.26234828486379" lat="45.5795034412931">
        <ele>3025.81</ele>
      </trkpt>
      <trkpt lon="7.26239197732105" lat="45.579512297494">
        <ele>3026</ele>
      </trkpt>
      <trkpt lon="7.26250305130662" lat="45.5795473827842">
        <ele>3027.07</ele>
      </trkpt>
      <trkpt lon="7.26257011612259" lat="45.5795755841424">
        <ele>3028.17</ele>
      </trkpt>
      <trkpt lon="7.262613791904" lat="45.5795848903544">
        <ele>3029</ele>
      </trkpt>
      <trkpt lon="7.26265937882933" lat="45.5795946743748">
        <ele>3029.61</ele>
      </trkpt>
      <trkpt lon="7.26269322377941" lat="45.5796069805673">
        <ele>3030.03</ele>
      </trkpt>
      <trkpt lon="7.26273166056671" lat="45.5796157561598">
        <ele>3030.9</ele>
      </trkpt>
      <trkpt lon="7.26276429712182" lat="45.5796298457188">
        <ele>3031.95</ele>
      </trkpt>
      <trkpt lon="7.2627735832304" lat="45.5796404266304">
        <ele>3032.06</ele>
      </trkpt>
      <trkpt lon="7.26277598865652" lat="45.5796497352213">
        <ele>3032.57</ele>
      </trkpt>
      <trkpt lon="7.26277368828522" lat="45.5796660828327">
        <ele>3033</ele>
      </trkpt>
      <trkpt lon="7.26278636592779" lat="45.5796872473768">
        <ele>3033.65</ele>
      </trkpt>
      <trkpt lon="7.26281064402937" lat="45.5796980589947">
        <ele>3034.8</ele>
      </trkpt>
      <trkpt lon="7.26284283077772" lat="45.5797017871775">
        <ele>3035.06</ele>
      </trkpt>
      <trkpt lon="7.26287635966843" lat="45.5796827648007">
        <ele>3036</ele>
      </trkpt>
      <trkpt lon="7.26294819502986" lat="45.5796601843715">
        <ele>3037</ele>
      </trkpt>
      <trkpt lon="7.2630081994687" lat="45.5796430067416">
        <ele>3038</ele>
      </trkpt>
      <trkpt lon="7.26304521987972" lat="45.5796353791298">
        <ele>3037.94</ele>
      </trkpt>
      <trkpt lon="7.26312712748854" lat="45.5796228518287">
        <ele>3040</ele>
      </trkpt>
      <trkpt lon="7.26331824396055" lat="45.5795645522094">
        <ele>3043.44</ele>
      </trkpt>
      <trkpt lon="7.26335824590975" lat="45.5795101651163">
        <ele>3043.96</ele>
      </trkpt>
      <trkpt lon="7.26358604555551" lat="45.5793596218636">
        <ele>3050</ele>
      </trkpt>
      <trkpt lon="7.26370815165" lat="45.5793279028015">
        <ele>3053.36</ele>
      </trkpt>
      <trkpt lon="7.26372745743701" lat="45.5793378282379">
        <ele>3054.58</ele>
      </trkpt>
      <trkpt lon="7.2637683143639" lat="45.5793138752524">
        <ele>3055.69</ele>
      </trkpt>
      <trkpt lon="7.26385546522" lat="45.5793683080204">
        <ele>3059.19</ele>
      </trkpt>
      <trkpt lon="7.26388569953806" lat="45.5793521162386">
        <ele>3060.32</ele>
      </trkpt>
      <trkpt lon="7.26393665569122" lat="45.5793789924076">
        <ele>3062.71</ele>
      </trkpt>
      <trkpt lon="7.26400151529371" lat="45.579387268243">
        <ele>3064.88</ele>
      </trkpt>
      <trkpt lon="7.26403510411262" lat="45.5794286446091">
        <ele>3067.24</ele>
      </trkpt>
      <trkpt lon="7.26408183860812" lat="45.5794219754486">
        <ele>3069.06</ele>
      </trkpt>
      <trkpt lon="7.26412673333112" lat="45.5794583017969">
        <ele>3070.85</ele>
      </trkpt>
      <trkpt lon="7.26418543151893" lat="45.57947512501">
        <ele>3073.16</ele>
      </trkpt>
      <trkpt lon="7.26419572302847" lat="45.5794947228249">
        <ele>3074.35</ele>
      </trkpt>
      <trkpt lon="7.26425086347435" lat="45.5794773784771">
        <ele>3075.72</ele>
      </trkpt>
      <trkpt lon="7.2642686552742" lat="45.5794906123155">
        <ele>3076.43</ele>
      </trkpt>
      <trkpt lon="7.26429666999012" lat="45.5794799650962">
        <ele>3077.51</ele>
      </trkpt>
      <trkpt lon="7.26436292798004" lat="45.5794303867114">
        <ele>3080.03</ele>
      </trkpt>
      <trkpt lon="7.26438952296997" lat="45.5794325009106">
        <ele>3081.07</ele>
      </trkpt>
      <trkpt lon="7.26439603379929" lat="45.5794542015197">
        <ele>3081.35</ele>
      </trkpt>
      <trkpt lon="7.26442988463682" lat="45.579449587842">
        <ele>3082.66</ele>
      </trkpt>
      <trkpt lon="7.26448113542793" lat="45.5794669276627">
        <ele>3084.68</ele>
      </trkpt>
      <trkpt lon="7.26453973158581" lat="45.5794454943565">
        <ele>3087.19</ele>
      </trkpt>
      <trkpt lon="7.26456532158067" lat="45.5794178911315">
        <ele>3088.83</ele>
      </trkpt>
      <trkpt lon="7.26456983288883" lat="45.5794129188278">
        <ele>3088.99</ele>
      </trkpt>
      <trkpt lon="7.26458080818246" lat="45.5794102966457">
        <ele>3089.38</ele>
      </trkpt>
      <trkpt lon="7.26458905267232" lat="45.5794172607895">
        <ele>3089.83</ele>
      </trkpt>
      <trkpt lon="7.26459388314598" lat="45.5794268749671">
        <ele>3090.04</ele>
      </trkpt>
      <trkpt lon="7.26459718556855" lat="45.5794487088818">
        <ele>3090.19</ele>
      </trkpt>
      <trkpt lon="7.26459895495444" lat="45.579453686802">
        <ele>3090.26</ele>
      </trkpt>
      <trkpt lon="7.26460912972067" lat="45.5794770624886">
        <ele>3091.12</ele>
      </trkpt>
      <trkpt lon="7.26461063496305" lat="45.5794947296145">
        <ele>3091.77</ele>
      </trkpt>
      <trkpt lon="7.26462858209423" lat="45.5795195748577">
        <ele>3092.5</ele>
      </trkpt>
      <trkpt lon="7.26463700693175" lat="45.5795373448308">
        <ele>3092.85</ele>
      </trkpt>
      <trkpt lon="7.26466441520354" lat="45.5795713348401">
        <ele>3094.59</ele>
      </trkpt>
      <trkpt lon="7.26468590658276" lat="45.5796101860256">
        <ele>3095.84</ele>
      </trkpt>
      <trkpt lon="7.26470830419559" lat="45.5796154752642">
        <ele>3096.77</ele>
      </trkpt>
      <trkpt lon="7.26472022120461" lat="45.5796114280553">
        <ele>3097.34</ele>
      </trkpt>
      <trkpt lon="7.26480968289578" lat="45.5795408688112">
        <ele>3100.59</ele>
      </trkpt>
      <trkpt lon="7.26490242869421" lat="45.5794345336985">
        <ele>3103.08</ele>
      </trkpt>
      <trkpt lon="7.26505204532694" lat="45.579179648175">
        <ele>3107.61</ele>
      </trkpt>
      <trkpt lon="7.26513353730128" lat="45.5791140084221">
        <ele>3109.71</ele>
      </trkpt>
      <trkpt lon="7.26516551288273" lat="45.5791203450019">
        <ele>3110.97</ele>
      </trkpt>
      <trkpt lon="7.26520730130844" lat="45.5791910082953">
        <ele>3113.68</ele>
      </trkpt>
      <trkpt lon="7.26524465731732" lat="45.5792099369106">
        <ele>3115.16</ele>
      </trkpt>
      <trkpt lon="7.26528407440627" lat="45.5792327684219">
        <ele>3116.73</ele>
      </trkpt>
      <trkpt lon="7.26532815837997" lat="45.579249730386">
        <ele>3118.47</ele>
      </trkpt>
      <trkpt lon="7.26535721177264" lat="45.5792510723674">
        <ele>3119.6</ele>
      </trkpt>
      <trkpt lon="7.26538434289946" lat="45.5792524754428">
        <ele>3120.66</ele>
      </trkpt>
      <trkpt lon="7.26541565170096" lat="45.5792638399204">
        <ele>3121.89</ele>
      </trkpt>
      <trkpt lon="7.2654320601515" lat="45.5792763320601">
        <ele>3122.81</ele>
      </trkpt>
      <trkpt lon="7.26543427067897" lat="45.5793085884488">
        <ele>3123.8</ele>
      </trkpt>
      <trkpt lon="7.26543549207362" lat="45.5793521728908">
        <ele>3124.78</ele>
      </trkpt>
      <trkpt lon="7.26542252102146" lat="45.5794195716838">
        <ele>3126.06</ele>
      </trkpt>
      <trkpt lon="7.26541344780045" lat="45.5794603003988">
        <ele>3126.08</ele>
      </trkpt>
      <trkpt lon="7.26543963345281" lat="45.5795131742048">
        <ele>3128.87</ele>
      </trkpt>
      <trkpt lon="7.26543986612415" lat="45.5795472000634">
        <ele>3129.29</ele>
      </trkpt>
      <trkpt lon="7.26543471280706" lat="45.5795689061154">
        <ele>3129.84</ele>
      </trkpt>
      <trkpt lon="7.26543592071315" lat="45.5795920567097">
        <ele>3130.2</ele>
      </trkpt>
      <trkpt lon="7.26543147578897" lat="45.5796115210455">
        <ele>3130.93</ele>
      </trkpt>
      <trkpt lon="7.26542898100609" lat="45.5796259741629">
        <ele>3130.87</ele>
      </trkpt>
      <trkpt lon="7.26543139199145" lat="45.5796351021937">
        <ele>3131.47</ele>
      </trkpt>
      <trkpt lon="7.26543155002114" lat="45.5796507664783">
        <ele>3131.98</ele>
      </trkpt>
      <trkpt lon="7.26544539452702" lat="45.5796632169255">
        <ele>3133.1</ele>
      </trkpt>
      <trkpt lon="7.26548533982348" lat="45.579664725683">
        <ele>3135.1</ele>
      </trkpt>
      <trkpt lon="7.2655120932508" lat="45.5796617119769">
        <ele>3136.08</ele>
      </trkpt>
      <trkpt lon="7.26559754854215" lat="45.5796297036643">
        <ele>3138.91</ele>
      </trkpt>
      <trkpt lon="7.26567363744463" lat="45.579572983528">
        <ele>3141.24</ele>
      </trkpt>
      <trkpt lon="7.26575714504601" lat="45.5795626396306">
        <ele>3144.79</ele>
      </trkpt>
      <trkpt lon="7.26580459463721" lat="45.5794952245039">
        <ele>3145.78</ele>
      </trkpt>
      <trkpt lon="7.26589618657389" lat="45.5794428768498">
        <ele>3148.85</ele>
      </trkpt>
      <trkpt lon="7.26590919547808" lat="45.5794284043891">
        <ele>3148.98</ele>
      </trkpt>
      <trkpt lon="7.26592605144654" lat="45.5794263183885">
        <ele>3149.51</ele>
      </trkpt>
      <trkpt lon="7.26594665220565" lat="45.5794107904191">
        <ele>3150.27</ele>
      </trkpt>
      <trkpt lon="7.26596967801049" lat="45.5793956597054">
        <ele>3150.67</ele>
      </trkpt>
      <trkpt lon="7.26600240653792" lat="45.5793942655423">
        <ele>3152.56</ele>
      </trkpt>
      <trkpt lon="7.26600745112398" lat="45.5793927211077">
        <ele>3152.7</ele>
      </trkpt>
      <trkpt lon="7.26600944835613" lat="45.5793944628375">
        <ele>3152.88</ele>
      </trkpt>
      <trkpt lon="7.26605423001199" lat="45.5793887520156">
        <ele>3154.93</ele>
      </trkpt>
      <trkpt lon="7.26608034739732" lat="45.57938149653">
        <ele>3155.85</ele>
      </trkpt>
      <trkpt lon="7.26611475104941" lat="45.5793756300483">
        <ele>3156.83</ele>
      </trkpt>
      <trkpt lon="7.26615299914855" lat="45.5793739581538">
        <ele>3158.66</ele>
      </trkpt>
      <trkpt lon="7.26618337481872" lat="45.5793739695589">
        <ele>3159.97</ele>
      </trkpt>
      <trkpt lon="7.26621383665479" lat="45.5793712836747">
        <ele>3161.19</ele>
      </trkpt>
      <trkpt lon="7.26627444108212" lat="45.5793553699712">
        <ele>3163.5</ele>
      </trkpt>
      <trkpt lon="7.2662959611557" lat="45.5793475060925">
        <ele>3164.15</ele>
      </trkpt>
      <trkpt lon="7.26632379274426" lat="45.5793261474907">
        <ele>3164</ele>
      </trkpt>
      <trkpt lon="7.2663496047827" lat="45.5793079056145">
        <ele>3164.38</ele>
      </trkpt>
      <trkpt lon="7.2663742693321" lat="45.5793019807039">
        <ele>3165.34</ele>
      </trkpt>
      <trkpt lon="7.26639829767716" lat="45.5793000947776">
        <ele>3166.29</ele>
      </trkpt>
      <trkpt lon="7.26641515086779" lat="45.5792980087769">
        <ele>3166.89</ele>
      </trkpt>
      <trkpt lon="7.2664255983616" lat="45.5792959171587">
        <ele>3167.17</ele>
      </trkpt>
      <trkpt lon="7.26649257512864" lat="45.5792811841021">
        <ele>3169.82</ele>
      </trkpt>
      <trkpt lon="7.26652254840761" lat="45.5792610255512">
        <ele>3170.07</ele>
      </trkpt>
      <trkpt lon="7.26656143262815" lat="45.5792595453343">
        <ele>3172</ele>
      </trkpt>
      <trkpt lon="7.26656612641067" lat="45.5792985908068">
        <ele>3173.68</ele>
      </trkpt>
      <trkpt lon="7.26659298758954" lat="45.579325372296">
        <ele>3176.2</ele>
      </trkpt>
      <trkpt lon="7.26667955971124" lat="45.579286272149">
        <ele>3178.52</ele>
      </trkpt>
      <trkpt lon="7.26672525798494" lat="45.5792840836469">
        <ele>3180.93</ele>
      </trkpt>
      <trkpt lon="7.26674218851381" lat="45.5793045037689">
        <ele>3181.74</ele>
      </trkpt>
      <trkpt lon="7.26674650402326" lat="45.5793683859739">
        <ele>3184.53</ele>
      </trkpt>
      <trkpt lon="7.26669031811655" lat="45.5794363926977">
        <ele>3186.25</ele>
      </trkpt>
      <trkpt lon="7.26671616301959" lat="45.5794420958689">
        <ele>3187.55</ele>
      </trkpt>
      <trkpt lon="7.26676353110235" lat="45.5794231902955">
        <ele>3188.29</ele>
      </trkpt>
      <trkpt lon="7.26684519672341" lat="45.5794267717307">
        <ele>3190.86</ele>
      </trkpt>
      <trkpt lon="7.26691141874264" lat="45.5793699903864">
        <ele>3192.92</ele>
      </trkpt>
      <trkpt lon="7.26694256722542" lat="45.5793407593964">
        <ele>3193.45</ele>
      </trkpt>
      <trkpt lon="7.2670010748437" lat="45.5793014117495">
        <ele>3194.79</ele>
      </trkpt>
      <trkpt lon="7.26704713642817" lat="45.5791874371043">
        <ele>3196.44</ele>
      </trkpt>
      <trkpt lon="7.26707107934138" lat="45.5791508086362">
        <ele>3196.57</ele>
      </trkpt>
      <trkpt lon="7.26708941610766" lat="45.579138033492">
        <ele>3197.05</ele>
      </trkpt>
      <trkpt lon="7.26715512937831" lat="45.5791018582169">
        <ele>3199</ele>
      </trkpt>
      <trkpt lon="7.26717775246722" lat="45.5790831190751">
        <ele>3199.57</ele>
      </trkpt>
      <trkpt lon="7.26718363085301" lat="45.5790587240736">
        <ele>3199.61</ele>
      </trkpt>
      <trkpt lon="7.26718469544272" lat="45.5790241759922">
        <ele>3198.68</ele>
      </trkpt>
      <trkpt lon="7.26716410980807" lat="45.5789766995984">
        <ele>3198.51</ele>
      </trkpt>
      <trkpt lon="7.26715132106428" lat="45.5789549017039">
        <ele>3197.46</ele>
      </trkpt>
      <trkpt lon="7.26715703855951" lat="45.5789190758576">
        <ele>3196.99</ele>
      </trkpt>
      <trkpt lon="7.26719267913848" lat="45.5788729917091">
        <ele>3198.26</ele>
      </trkpt>
      <trkpt lon="7.26721691211165" lat="45.5787769561932">
        <ele>3198.58</ele>
      </trkpt>
      <trkpt lon="7.26722906669633" lat="45.5786984737801">
        <ele>3198.98</ele>
      </trkpt>
      <trkpt lon="7.26722102830653" lat="45.5786639672784">
        <ele>3199.2</ele>
      </trkpt>
      <trkpt lon="7.26725679952681" lat="45.578613655247">
        <ele>3202.65</ele>
      </trkpt>
      <trkpt lon="7.26732012200523" lat="45.5785301843141">
        <ele>3206.61</ele>
      </trkpt>
      <trkpt lon="7.2673561151861" lat="45.5784934670714">
        <ele>3208.67</ele>
      </trkpt>
      <trkpt lon="7.26738403016274" lat="45.5784694084025">
        <ele>3210.45</ele>
      </trkpt>
      <trkpt lon="7.26741718143685" lat="45.5784417385822">
        <ele>3211.98</ele>
      </trkpt>
      <trkpt lon="7.26743457942965" lat="45.5784220188097">
        <ele>3212.64</ele>
      </trkpt>
      <trkpt lon="7.26744553837391" lat="45.5784031934419">
        <ele>3213.07</ele>
      </trkpt>
      <trkpt lon="7.26744908572806" lat="45.5784004572962">
        <ele>3213.32</ele>
      </trkpt>
      <trkpt lon="7.26747337274208" lat="45.5783817431712">
        <ele>3215.1</ele>
      </trkpt>
      <trkpt lon="7.26750378969693" lat="45.5784012856237">
        <ele>3216.63</ele>
      </trkpt>
      <trkpt lon="7.26751962276971" lat="45.5784324004487">
        <ele>3217.94</ele>
      </trkpt>
      <trkpt lon="7.26754166696358" lat="45.5784699988302">
        <ele>3219.76</ele>
      </trkpt>
      <trkpt lon="7.26756748889394" lat="45.5785139557416">
        <ele>3221.87</ele>
      </trkpt>
      <trkpt lon="7.26759976933356" lat="45.5785562098949">
        <ele>3223.49</ele>
      </trkpt>
      <trkpt lon="7.26761881113953" lat="45.5785705409952">
        <ele>3225</ele>
      </trkpt>
      <trkpt lon="7.26764775097617" lat="45.5785547769893">
        <ele>3226.23</ele>
      </trkpt>
      <trkpt lon="7.26765367702453" lat="45.578507973091">
        <ele>3226.58</ele>
      </trkpt>
      <trkpt lon="7.26765586049014" lat="45.5785036841153">
        <ele>3226.74</ele>
      </trkpt>
      <trkpt lon="7.26765639106961" lat="45.5785030618825">
        <ele>3226.78</ele>
      </trkpt>
      <trkpt lon="7.2677368919503" lat="45.5784070741341">
        <ele>3230.42</ele>
      </trkpt>
      <trkpt lon="7.26778378848341" lat="45.5783533287905">
        <ele>3232.36</ele>
      </trkpt>
      <trkpt lon="7.26783160702764" lat="45.5783113893084">
        <ele>3233.96</ele>
      </trkpt>
      <trkpt lon="7.26790897888546" lat="45.5782753891505">
        <ele>3236.87</ele>
      </trkpt>
      <trkpt lon="7.26796268881528" lat="45.5782544196976">
        <ele>3239.07</ele>
      </trkpt>
      <trkpt lon="7.26802957148524" lat="45.5782218611915">
        <ele>3241.43</ele>
      </trkpt>
      <trkpt lon="7.2680888548632" lat="45.5781446320433">
        <ele>3242.74</ele>
      </trkpt>
      <trkpt lon="7.26814615245386" lat="45.5780486496262">
        <ele>3244.95</ele>
      </trkpt>
      <trkpt lon="7.26819793006344" lat="45.5779738260216">
        <ele>3248.88</ele>
      </trkpt>
      <trkpt lon="7.26826727268896" lat="45.577861284971">
        <ele>3254.12</ele>
      </trkpt>
      <trkpt lon="7.26826393462204" lat="45.5778155976779">
        <ele>3254.51</ele>
      </trkpt>
      <trkpt lon="7.26827577723649" lat="45.5777805830223">
        <ele>3255.69</ele>
      </trkpt>
      <trkpt lon="7.26829843212908" lat="45.5776982089462">
        <ele>3258.47</ele>
      </trkpt>
      <trkpt lon="7.26832860333331" lat="45.5776424078336">
        <ele>3261.36</ele>
      </trkpt>
      <trkpt lon="7.26834415386596" lat="45.5776327438519">
        <ele>3262.34</ele>
      </trkpt>
      <trkpt lon="7.26834574012453" lat="45.5776270076117">
        <ele>3262.71</ele>
      </trkpt>
      <trkpt lon="7.26845128211291" lat="45.5777294195426">
        <ele>3266.41</ele>
      </trkpt>
      <trkpt lon="7.26847847995205" lat="45.5777285697841">
        <ele>3267.53</ele>
      </trkpt>
      <trkpt lon="7.26851785412156" lat="45.5775318652147">
        <ele>3274.74</ele>
      </trkpt>
      <trkpt lon="7.26850465522109" lat="45.5774609160794">
        <ele>3276.23</ele>
      </trkpt>
      <trkpt lon="7.26885242206601" lat="45.5777016560552">
        <ele>3288.08</ele>
      </trkpt>
      <trkpt lon="7.2688998898897" lat="45.5776960758181">
        <ele>3290.87</ele>
      </trkpt>
      <trkpt lon="7.26901290592524" lat="45.5777138106903">
        <ele>3295.36</ele>
      </trkpt>
      <trkpt lon="7.26906221278906" lat="45.5777025858845">
        <ele>3297</ele>
      </trkpt>
      <trkpt lon="7.26906221278906" lat="45.5777025858845">
        <ele>3297</ele>
      </trkpt>
      <trkpt lon="7.26917507880725" lat="45.57772103744">
        <ele>3294.01</ele>
      </trkpt>
      <trkpt lon="7.26937232073219" lat="45.5776465291384">
        <ele>3284.88</ele>
      </trkpt>
      <trkpt lon="7.26940399014628" lat="45.5776837331586">
        <ele>3281.97</ele>
      </trkpt>
      <trkpt lon="7.26951211014284" lat="45.5776355968813">
        <ele>3277.51</ele>
      </trkpt>
      <trkpt lon="7.26953302156458" lat="45.5776432944994">
        <ele>3276.2</ele>
      </trkpt>
      <trkpt lon="7.2695691066334" lat="45.5777370916531">
        <ele>3271.92</ele>
      </trkpt>
      <trkpt lon="7.26965660404218" lat="45.5778260864052">
        <ele>3266.58</ele>
      </trkpt>
      <trkpt lon="7.26976880851142" lat="45.5778661301643">
        <ele>3263.52</ele>
      </trkpt>
      <trkpt lon="7.26980634159624" lat="45.577921065243">
        <ele>3262.12</ele>
      </trkpt>
      <trkpt lon="7.26988498471762" lat="45.5779353996973">
        <ele>3261.58</ele>
      </trkpt>
      <trkpt lon="7.26992926326366" lat="45.5779460615048">
        <ele>3263.23</ele>
      </trkpt>
      <trkpt lon="7.2699941703666" lat="45.5779402036515">
        <ele>3263.96</ele>
      </trkpt>
      <trkpt lon="7.27002030966408" lat="45.5779487902314">
        <ele>3263.98</ele>
      </trkpt>
      <trkpt lon="7.27002071695642" lat="45.5780023526944">
        <ele>3263.98</ele>
      </trkpt>
      <trkpt lon="7.27001530995801" lat="45.5780698682301">
        <ele>3262.4</ele>
      </trkpt>
      <trkpt lon="7.26999305328614" lat="45.5781017549285">
        <ele>3262.44</ele>
      </trkpt>
      <trkpt lon="7.26996320770487" lat="45.5781261441426">
        <ele>3262.19</ele>
      </trkpt>
      <trkpt lon="7.26993689533441" lat="45.5781607614261">
        <ele>3263.12</ele>
      </trkpt>
      <trkpt lon="7.27004473687541" lat="45.5782885879077">
        <ele>3259.54</ele>
      </trkpt>
      <trkpt lon="7.27012988575754" lat="45.5782997806792">
        <ele>3258.16</ele>
      </trkpt>
      <trkpt lon="7.27016431442616" lat="45.5782931002883">
        <ele>3257.96</ele>
      </trkpt>
      <trkpt lon="7.27019929860944" lat="45.5782891310822">
        <ele>3257.26</ele>
      </trkpt>
      <trkpt lon="7.27021865737314" lat="45.578288972932">
        <ele>3257.63</ele>
      </trkpt>
      <trkpt lon="7.27022441296577" lat="45.5782935619921">
        <ele>3258.2</ele>
      </trkpt>
      <trkpt lon="7.27024112676514" lat="45.5783169460754">
        <ele>3258.01</ele>
      </trkpt>
      <trkpt lon="7.2702503183655" lat="45.5783306770654">
        <ele>3257.26</ele>
      </trkpt>
      <trkpt lon="7.27026377135503" lat="45.5783350217492">
        <ele>3256.43</ele>
      </trkpt>
      <trkpt lon="7.27029219974299" lat="45.5783359026018">
        <ele>3255.51</ele>
      </trkpt>
      <trkpt lon="7.27031558640746" lat="45.5783340055579">
        <ele>3255.26</ele>
      </trkpt>
      <trkpt lon="7.27034370666886" lat="45.5783239916889">
        <ele>3254.55</ele>
      </trkpt>
      <trkpt lon="7.27036257940967" lat="45.5783187861847">
        <ele>3254.25</ele>
      </trkpt>
      <trkpt lon="7.27038482136477" lat="45.5783291144375">
        <ele>3254.8</ele>
      </trkpt>
      <trkpt lon="7.27038981011175" lat="45.5783419703648">
        <ele>3254.58</ele>
      </trkpt>
      <trkpt lon="7.2704063792076" lat="45.578378407553">
        <ele>3253.48</ele>
      </trkpt>
      <trkpt lon="7.27046249063887" lat="45.578425250941">
        <ele>3252.32</ele>
      </trkpt>
      <trkpt lon="7.27055674233644" lat="45.5784447717879">
        <ele>3250.74</ele>
      </trkpt>
      <trkpt lon="7.27074832252084" lat="45.578396005746">
        <ele>3247.03</ele>
      </trkpt>
      <trkpt lon="7.27077050348879" lat="45.5783999421706">
        <ele>3245.95</ele>
      </trkpt>
      <trkpt lon="7.27080807311606" lat="45.5784329155858">
        <ele>3244.96</ele>
      </trkpt>
      <trkpt lon="7.27093941471665" lat="45.578442464318">
        <ele>3245.14</ele>
      </trkpt>
      <trkpt lon="7.27100057923334" lat="45.5784793047253">
        <ele>3243.56</ele>
      </trkpt>
      <trkpt lon="7.27111143951654" lat="45.578504656435">
        <ele>3241.06</ele>
      </trkpt>
      <trkpt lon="7.27106981189681" lat="45.5785914248829">
        <ele>3236.21</ele>
      </trkpt>
      <trkpt lon="7.27100447836765" lat="45.5786695539954">
        <ele>3233.61</ele>
      </trkpt>
      <trkpt lon="7.27100549186216" lat="45.5786908128735">
        <ele>3232.64</ele>
      </trkpt>
      <trkpt lon="7.27106608369772" lat="45.5787504177371">
        <ele>3227.87</ele>
      </trkpt>
      <trkpt lon="7.27104428230898" lat="45.5787967131359">
        <ele>3227.9</ele>
      </trkpt>
      <trkpt lon="7.27109479462411" lat="45.5787921662875">
        <ele>3225.14</ele>
      </trkpt>
      <trkpt lon="7.27115336069391" lat="45.5788885526128">
        <ele>3220.47</ele>
      </trkpt>
      <trkpt lon="7.27118744223858" lat="45.5788764693048">
        <ele>3218.62</ele>
      </trkpt>
      <trkpt lon="7.27119676488967" lat="45.5788650885529">
        <ele>3218.14</ele>
      </trkpt>
      <trkpt lon="7.27122201315926" lat="45.5788400881678">
        <ele>3216.65</ele>
      </trkpt>
      <trkpt lon="7.27124524735495" lat="45.5788222573881">
        <ele>3215.35</ele>
      </trkpt>
      <trkpt lon="7.27126833946268" lat="45.5788257576995">
        <ele>3214.32</ele>
      </trkpt>
      <trkpt lon="7.27128607247813" lat="45.578861939337">
        <ele>3212.81</ele>
      </trkpt>
      <trkpt lon="7.27128843334952" lat="45.5788768258456">
        <ele>3212.48</ele>
      </trkpt>
      <trkpt lon="7.27131134976701" lat="45.5789153381475">
        <ele>3210.27</ele>
      </trkpt>
      <trkpt lon="7.27141418662417" lat="45.5788513680873">
        <ele>3205.58</ele>
      </trkpt>
      <trkpt lon="7.27144234514368" lat="45.5788735744739">
        <ele>3203.48</ele>
      </trkpt>
      <trkpt lon="7.27146825234012" lat="45.5789607380291">
        <ele>3201.36</ele>
      </trkpt>
      <trkpt lon="7.27145175567136" lat="45.5790556291466">
        <ele>3200.56</ele>
      </trkpt>
      <trkpt lon="7.27148543752009" lat="45.5791692823325">
        <ele>3197.19</ele>
      </trkpt>
      <trkpt lon="7.27154142353926" lat="45.5792370068004">
        <ele>3194.57</ele>
      </trkpt>
      <trkpt lon="7.27158947941249" lat="45.5792749082188">
        <ele>3193.59</ele>
      </trkpt>
      <trkpt lon="7.27166434683771" lat="45.5793205073124">
        <ele>3192.08</ele>
      </trkpt>
      <trkpt lon="7.27170206370282" lat="45.5793528501577">
        <ele>3190.68</ele>
      </trkpt>
      <trkpt lon="7.27171227133204" lat="45.5794002597829">
        <ele>3191.32</ele>
      </trkpt>
      <trkpt lon="7.27172245672265" lat="45.5794484805393">
        <ele>3190.75</ele>
      </trkpt>
      <trkpt lon="7.27173776166743" lat="45.5794968680162">
        <ele>3190.32</ele>
      </trkpt>
      <trkpt lon="7.27174404423942" lat="45.5795427775657">
        <ele>3189.91</ele>
      </trkpt>
      <trkpt lon="7.27175213012607" lat="45.5795633309389">
        <ele>3189.48</ele>
      </trkpt>
      <trkpt lon="7.27175148820012" lat="45.5795758340252">
        <ele>3189.2</ele>
      </trkpt>
      <trkpt lon="7.27174750860996" lat="45.5796638028673">
        <ele>3187.63</ele>
      </trkpt>
      <trkpt lon="7.27176200828516" lat="45.579696695502">
        <ele>3187.03</ele>
      </trkpt>
      <trkpt lon="7.27178277467348" lat="45.5797342744263">
        <ele>3187.11</ele>
      </trkpt>
      <trkpt lon="7.27181561659294" lat="45.5797583559054">
        <ele>3185.86</ele>
      </trkpt>
      <trkpt lon="7.27183283578945" lat="45.5797903902115">
        <ele>3185.91</ele>
      </trkpt>
      <trkpt lon="7.27186275519193" lat="45.5798262164024">
        <ele>3185.66</ele>
      </trkpt>
      <trkpt lon="7.27189668312089" lat="45.5798567036087">
        <ele>3185.58</ele>
      </trkpt>
      <trkpt lon="7.27196659221073" lat="45.5798968247388">
        <ele>3185.36</ele>
      </trkpt>
      <trkpt lon="7.27202154838597" lat="45.5799270899206">
        <ele>3183.81</ele>
      </trkpt>
      <trkpt lon="7.27216591220693" lat="45.5800930927164">
        <ele>3181.65</ele>
      </trkpt>
      <trkpt lon="7.27226781558943" lat="45.5803186688233">
        <ele>3177.28</ele>
      </trkpt>
      <trkpt lon="7.27261474885595" lat="45.5805709951945">
        <ele>3166.71</ele>
      </trkpt>
      <trkpt lon="7.27262676969504" lat="45.5805133910832">
        <ele>3165.32</ele>
      </trkpt>
      <trkpt lon="7.272509893039" lat="45.5803245824235">
        <ele>3165.87</ele>
      </trkpt>
      <trkpt lon="7.27245971552985" lat="45.5798293083621">
        <ele>3161.04</ele>
      </trkpt>
      <trkpt lon="7.2724872513403" lat="45.5797339534507">
        <ele>3157.69</ele>
      </trkpt>
      <trkpt lon="7.27251790447854" lat="45.5797500791528">
        <ele>3156.97</ele>
      </trkpt>
      <trkpt lon="7.27265704557369" lat="45.5799358935078">
        <ele>3152.97</ele>
      </trkpt>
      <trkpt lon="7.27274882365779" lat="45.5800236021581">
        <ele>3150.14</ele>
      </trkpt>
      <trkpt lon="7.27288793090537" lat="45.5802356088386">
        <ele>3145.46</ele>
      </trkpt>
      <trkpt lon="7.27312939232846" lat="45.5804915592814">
        <ele>3139.74</ele>
      </trkpt>
      <trkpt lon="7.27316699465455" lat="45.5805569362904">
        <ele>3138.55</ele>
      </trkpt>
      <trkpt lon="7.27321349525252" lat="45.5805787900677">
        <ele>3137.49</ele>
      </trkpt>
      <trkpt lon="7.2733650984768" lat="45.5808683960446">
        <ele>3133.09</ele>
      </trkpt>
      <trkpt lon="7.27337727039059" lat="45.5808978330143">
        <ele>3133.56</ele>
      </trkpt>
      <trkpt lon="7.27339738430809" lat="45.5809190198531">
        <ele>3133.11</ele>
      </trkpt>
      <trkpt lon="7.27342062929405" lat="45.5809175700413">
        <ele>3132.86</ele>
      </trkpt>
      <trkpt lon="7.27342174056524" lat="45.5809106559891">
        <ele>3132.48</ele>
      </trkpt>
      <trkpt lon="7.27342386034701" lat="45.5808958361922">
        <ele>3131.59</ele>
      </trkpt>
      <trkpt lon="7.27341558561147" lat="45.5808730299826">
        <ele>3131.12</ele>
      </trkpt>
      <trkpt lon="7.27340815873956" lat="45.5808184618707">
        <ele>3130.47</ele>
      </trkpt>
      <trkpt lon="7.27341987095984" lat="45.580775072003">
        <ele>3130.07</ele>
      </trkpt>
      <trkpt lon="7.27343306144351" lat="45.5807085760124">
        <ele>3128.63</ele>
      </trkpt>
      <trkpt lon="7.27343258375948" lat="45.5807032564294">
        <ele>3128.66</ele>
      </trkpt>
      <trkpt lon="7.27340762841572" lat="45.5806643552091">
        <ele>3128.67</ele>
      </trkpt>
      <trkpt lon="7.27342772369479" lat="45.5806444076791">
        <ele>3127.91</ele>
      </trkpt>
      <trkpt lon="7.27343301951096" lat="45.5805804005637">
        <ele>3127.34</ele>
      </trkpt>
      <trkpt lon="7.27341237346611" lat="45.5804970982675">
        <ele>3126.59</ele>
      </trkpt>
      <trkpt lon="7.27340444807758" lat="45.5802246079994">
        <ele>3121.7</ele>
      </trkpt>
      <trkpt lon="7.27368163019782" lat="45.5804568831916">
        <ele>3114.24</ele>
      </trkpt>
      <trkpt lon="7.27378213461933" lat="45.580627891245">
        <ele>3111.68</ele>
      </trkpt>
      <trkpt lon="7.2738826844144" lat="45.5807515564406">
        <ele>3108.45</ele>
      </trkpt>
      <trkpt lon="7.27400569396017" lat="45.5808282123369">
        <ele>3105.15</ele>
      </trkpt>
      <trkpt lon="7.27413521007515" lat="45.5810021790787">
        <ele>3102.89</ele>
      </trkpt>
      <trkpt lon="7.27415160242169" lat="45.5809859566066">
        <ele>3102.27</ele>
      </trkpt>
      <trkpt lon="7.27416165497522" lat="45.5808670231547">
        <ele>3099.63</ele>
      </trkpt>
      <trkpt lon="7.27412105722824" lat="45.5805646957085">
        <ele>3095.96</ele>
      </trkpt>
      <trkpt lon="7.27416427691299" lat="45.5804594073652">
        <ele>3094.39</ele>
      </trkpt>
      <trkpt lon="7.27414274066246" lat="45.5803005753816">
        <ele>3092.43</ele>
      </trkpt>
      <trkpt lon="7.274183993036" lat="45.5802259489022">
        <ele>3089.89</ele>
      </trkpt>
      <trkpt lon="7.27420623008661" lat="45.58020306243">
        <ele>3089</ele>
      </trkpt>
      <trkpt lon="7.27423605825279" lat="45.5802168352872">
        <ele>3087.9</ele>
      </trkpt>
      <trkpt lon="7.27443597389293" lat="45.5804942969809">
        <ele>3082.76</ele>
      </trkpt>
      <trkpt lon="7.27445344512985" lat="45.5805642294655">
        <ele>3082.46</ele>
      </trkpt>
      <trkpt lon="7.27463796998569" lat="45.5807793505525">
        <ele>3076.73</ele>
      </trkpt>
      <trkpt lon="7.27471193852646" lat="45.5809087323018">
        <ele>3074.74</ele>
      </trkpt>
      <trkpt lon="7.27476660438784" lat="45.5810113604133">
        <ele>3073.25</ele>
      </trkpt>
      <trkpt lon="7.27477563075818" lat="45.5810933153411">
        <ele>3072.6</ele>
      </trkpt>
      <trkpt lon="7.27487388327428" lat="45.581358981311">
        <ele>3067.65</ele>
      </trkpt>
      <trkpt lon="7.27500602260922" lat="45.5814850107605">
        <ele>3065.08</ele>
      </trkpt>
      <trkpt lon="7.27519380836456" lat="45.5815729064548">
        <ele>3062.87</ele>
      </trkpt>
      <trkpt lon="7.27528121755331" lat="45.5816276920121">
        <ele>3062.36</ele>
      </trkpt>
      <trkpt lon="7.27534960987296" lat="45.5816713909953">
        <ele>3060.72</ele>
      </trkpt>
      <trkpt lon="7.27542812160868" lat="45.5817279320664">
        <ele>3058.96</ele>
      </trkpt>
      <trkpt lon="7.2754705938118" lat="45.5817767281496">
        <ele>3057.88</ele>
      </trkpt>
      <trkpt lon="7.27553765469286" lat="45.5818639698826">
        <ele>3056.15</ele>
      </trkpt>
      <trkpt lon="7.27557611616512" lat="45.5818888542141">
        <ele>3055.62</ele>
      </trkpt>
      <trkpt lon="7.27579021942527" lat="45.5821053200657">
        <ele>3050.04</ele>
      </trkpt>
      <trkpt lon="7.27583180648973" lat="45.5821035176446">
        <ele>3048.39</ele>
      </trkpt>
      <trkpt lon="7.27567182048816" lat="45.5814927257241">
        <ele>3040.46</ele>
      </trkpt>
      <trkpt lon="7.27566344977945" lat="45.5814060984628">
        <ele>3038.79</ele>
      </trkpt>
      <trkpt lon="7.27570420999571" lat="45.5813559475945">
        <ele>3036.27</ele>
      </trkpt>
      <trkpt lon="7.27581890016476" lat="45.5814197864211">
        <ele>3032.98</ele>
      </trkpt>
      <trkpt lon="7.27603499044228" lat="45.5815922678514">
        <ele>3028.08</ele>
      </trkpt>
      <trkpt lon="7.2760853771796" lat="45.5816170606291">
        <ele>3027.03</ele>
      </trkpt>
      <trkpt lon="7.27625440733482" lat="45.5818278064566">
        <ele>3021.46</ele>
      </trkpt>
      <trkpt lon="7.27629797127077" lat="45.5818744580519">
        <ele>3020.49</ele>
      </trkpt>
      <trkpt lon="7.27638157685658" lat="45.5814002885917">
        <ele>3011</ele>
      </trkpt>
      <trkpt lon="7.27649669445743" lat="45.5811988707459">
        <ele>3007.54</ele>
      </trkpt>
      <trkpt lon="7.2766566093226" lat="45.5810457462153">
        <ele>3004.27</ele>
      </trkpt>
      <trkpt lon="7.27672966884158" lat="45.5812092288142">
        <ele>3000.24</ele>
      </trkpt>
      <trkpt lon="7.27675405893433" lat="45.5813169789843">
        <ele>2998.36</ele>
      </trkpt>
      <trkpt lon="7.27677941470684" lat="45.5813344630028">
        <ele>2997.59</ele>
      </trkpt>
      <trkpt lon="7.27685383985397" lat="45.5812690676317">
        <ele>2996</ele>
      </trkpt>
      <trkpt lon="7.2769416201293" lat="45.5812405094281">
        <ele>2994.13</ele>
      </trkpt>
      <trkpt lon="7.27704456318702" lat="45.5811437718772">
        <ele>2992.23</ele>
      </trkpt>
      <trkpt lon="7.2770757415909" lat="45.5811469417028">
        <ele>2991.02</ele>
      </trkpt>
      <trkpt lon="7.27712240503503" lat="45.581222174603">
        <ele>2990</ele>
      </trkpt>
      <trkpt lon="7.27714850850874" lat="45.5813577643793">
        <ele>2987.93</ele>
      </trkpt>
      <trkpt lon="7.27714344331669" lat="45.5814185353044">
        <ele>2987.04</ele>
      </trkpt>
      <trkpt lon="7.27716678248101" lat="45.5814307663934">
        <ele>2986.12</ele>
      </trkpt>
      <trkpt lon="7.27722644257594" lat="45.5814080858437">
        <ele>2984.98</ele>
      </trkpt>
      <trkpt lon="7.27732556497325" lat="45.5813690747088">
        <ele>2983.01</ele>
      </trkpt>
      <trkpt lon="7.27744278558155" lat="45.5813000046589">
        <ele>2981</ele>
      </trkpt>
      <trkpt lon="7.27750211482081" lat="45.5812922605931">
        <ele>2980</ele>
      </trkpt>
      <trkpt lon="7.27754078983026" lat="45.5813353287176">
        <ele>2978.65</ele>
      </trkpt>
      <trkpt lon="7.27755918315956" lat="45.581412925293">
        <ele>2977</ele>
      </trkpt>
      <trkpt lon="7.27757698801811" lat="45.5816102248757">
        <ele>2973.89</ele>
      </trkpt>
      <trkpt lon="7.27757706739316" lat="45.58167053195">
        <ele>2972.94</ele>
      </trkpt>
      <trkpt lon="7.2776136454329" lat="45.5816983580039">
        <ele>2972</ele>
      </trkpt>
      <trkpt lon="7.27788513656717" lat="45.5816061416404">
        <ele>2967.9</ele>
      </trkpt>
      <trkpt lon="7.27798099218434" lat="45.5815692416382">
        <ele>2966.59</ele>
      </trkpt>
      <trkpt lon="7.27804569079662" lat="45.5817128847681">
        <ele>2963.83</ele>
      </trkpt>
      <trkpt lon="7.27814767511775" lat="45.5817773373762">
        <ele>2962</ele>
      </trkpt>
      <trkpt lon="7.27846704641274" lat="45.5819008769063">
        <ele>2957</ele>
      </trkpt>
      <trkpt lon="7.27858905987778" lat="45.5819181979661">
        <ele>2955.33</ele>
      </trkpt>
      <trkpt lon="7.27863804568472" lat="45.5819888752186">
        <ele>2954.06</ele>
      </trkpt>
      <trkpt lon="7.27869343253281" lat="45.5820136513776">
        <ele>2953.88</ele>
      </trkpt>
      <trkpt lon="7.27884995527515" lat="45.5820216808705">
        <ele>2951.76</ele>
      </trkpt>
      <trkpt lon="7.27894350069829" lat="45.5820770970585">
        <ele>2950</ele>
      </trkpt>
      <trkpt lon="7.27921500326218" lat="45.5821103505199">
        <ele>2948</ele>
      </trkpt>
      <trkpt lon="7.2793143362512" lat="45.5820980761711">
        <ele>2947</ele>
      </trkpt>
      <trkpt lon="7.27949001500692" lat="45.5821043252488">
        <ele>2945</ele>
      </trkpt>
      <trkpt lon="7.27967240684496" lat="45.582159278395">
        <ele>2944</ele>
      </trkpt>
      <trkpt lon="7.28036419889817" lat="45.5822101113614">
        <ele>2940</ele>
      </trkpt>
      <trkpt lon="7.28082302319712" lat="45.5821957765466">
        <ele>2939.34</ele>
      </trkpt>
      <trkpt lon="7.28092776228654" lat="45.5821617989259">
        <ele>2937.86</ele>
      </trkpt>
      <trkpt lon="7.28117859641175" lat="45.5821204808659">
        <ele>2934.54</ele>
      </trkpt>
      <trkpt lon="7.28151887873007" lat="45.582130370515">
        <ele>2929.95</ele>
      </trkpt>
      <trkpt lon="7.28196282530908" lat="45.5822380414052">
        <ele>2923.32</ele>
      </trkpt>
      <trkpt lon="7.28208252703063" lat="45.5822850270782">
        <ele>2921.83</ele>
      </trkpt>
      <trkpt lon="7.28247093369337" lat="45.5825242674101">
        <ele>2915.9</ele>
      </trkpt>
      <trkpt lon="7.28252530261937" lat="45.5826119451427">
        <ele>2913.7</ele>
      </trkpt>
      <trkpt lon="7.28256566984068" lat="45.5826291126317">
        <ele>2912.1</ele>
      </trkpt>
      <trkpt lon="7.28257263352252" lat="45.5825058151508">
        <ele>2909.98</ele>
      </trkpt>
      <trkpt lon="7.28255126291158" lat="45.5823995511583">
        <ele>2907.59</ele>
      </trkpt>
      <trkpt lon="7.2822564304769" lat="45.5820216637964">
        <ele>2899</ele>
      </trkpt>
      <trkpt lon="7.28219583972243" lat="45.5819068908773">
        <ele>2897.03</ele>
      </trkpt>
      <trkpt lon="7.28209044009267" lat="45.581769300284">
        <ele>2893.75</ele>
      </trkpt>
      <trkpt lon="7.28194457111332" lat="45.5817230004865">
        <ele>2890.64</ele>
      </trkpt>
      <trkpt lon="7.28182821416315" lat="45.5816631034097">
        <ele>2890.04</ele>
      </trkpt>
      <trkpt lon="7.28186503102416" lat="45.5815529454372">
        <ele>2888.51</ele>
      </trkpt>
      <trkpt lon="7.28185771011226" lat="45.5814778545874">
        <ele>2887.18</ele>
      </trkpt>
      <trkpt lon="7.28161870516271" lat="45.581177766946">
        <ele>2880.39</ele>
      </trkpt>
      <trkpt lon="7.28157030871956" lat="45.5810835168837">
        <ele>2878.2</ele>
      </trkpt>
      <trkpt lon="7.28149254756791" lat="45.5809980084242">
        <ele>2876.65</ele>
      </trkpt>
      <trkpt lon="7.28145501852851" lat="45.5807366820393">
        <ele>2872.17</ele>
      </trkpt>
      <trkpt lon="7.28139039824393" lat="45.5805650520948">
        <ele>2871</ele>
      </trkpt>
      <trkpt lon="7.28143869464191" lat="45.5805197819777">
        <ele>2871</ele>
      </trkpt>
      <trkpt lon="7.28156017860036" lat="45.5804829961148">
        <ele>2869.89</ele>
      </trkpt>
      <trkpt lon="7.28177545757127" lat="45.5805228686436">
        <ele>2867.43</ele>
      </trkpt>
      <trkpt lon="7.2818908982353" lat="45.5805623207524">
        <ele>2866</ele>
      </trkpt>
      <trkpt lon="7.2823847226615" lat="45.5805809093266">
        <ele>2864</ele>
      </trkpt>
      <trkpt lon="7.28254105925357" lat="45.5805907333071">
        <ele>2863</ele>
      </trkpt>
      <trkpt lon="7.28264789220666" lat="45.580588739845">
        <ele>2863</ele>
      </trkpt>
      <trkpt lon="7.28279963778723" lat="45.5805599683653">
        <ele>2861.3</ele>
      </trkpt>
      <trkpt lon="7.28294688383615" lat="45.5805022350019">
        <ele>2858.01</ele>
      </trkpt>
      <trkpt lon="7.28297826130059" lat="45.5805535615971">
        <ele>2857.19</ele>
      </trkpt>
      <trkpt lon="7.28297678964171" lat="45.5806648810515">
        <ele>2856</ele>
      </trkpt>
      <trkpt lon="7.28300126149185" lat="45.580711426904">
        <ele>2855</ele>
      </trkpt>
      <trkpt lon="7.2830784891187" lat="45.5808061078114">
        <ele>2854</ele>
      </trkpt>
      <trkpt lon="7.28316010322035" lat="45.5808871745296">
        <ele>2853</ele>
      </trkpt>
      <trkpt lon="7.28329382905132" lat="45.5809953952128">
        <ele>2852</ele>
      </trkpt>
      <trkpt lon="7.28338796906448" lat="45.5810440667922">
        <ele>2851</ele>
      </trkpt>
      <trkpt lon="7.28347467296692" lat="45.581084343644">
        <ele>2850.94</ele>
      </trkpt>
      <trkpt lon="7.28358415209725" lat="45.581138646069">
        <ele>2850</ele>
      </trkpt>
      <trkpt lon="7.28359963493159" lat="45.5811815417428">
        <ele>2849</ele>
      </trkpt>
      <trkpt lon="7.28360517330068" lat="45.5812142981764">
        <ele>2849</ele>
      </trkpt>
      <trkpt lon="7.28357962964501" lat="45.5812870025374">
        <ele>2847.96</ele>
      </trkpt>
      <trkpt lon="7.28356813414915" lat="45.5813276951172">
        <ele>2847.18</ele>
      </trkpt>
      <trkpt lon="7.28360711491335" lat="45.5813609546645">
        <ele>2847</ele>
      </trkpt>
      <trkpt lon="7.28365115121795" lat="45.5814006810901">
        <ele>2847</ele>
      </trkpt>
      <trkpt lon="7.28365305083235" lat="45.5814224927686">
        <ele>2847</ele>
      </trkpt>
      <trkpt lon="7.28363840007217" lat="45.5814447737434">
        <ele>2847</ele>
      </trkpt>
      <trkpt lon="7.28356382751781" lat="45.5815194415688">
        <ele>2845.5</ele>
      </trkpt>
      <trkpt lon="7.28360201903363" lat="45.5815701515477">
        <ele>2845</ele>
      </trkpt>
      <trkpt lon="7.28365067725357" lat="45.5816307396542">
        <ele>2844</ele>
      </trkpt>
      <trkpt lon="7.28365918187227" lat="45.5816881134028">
        <ele>2843</ele>
      </trkpt>
      <trkpt lon="7.28365655570176" lat="45.5817448703616">
        <ele>2842</ele>
      </trkpt>
      <trkpt lon="7.28365096025675" lat="45.5817896131005">
        <ele>2841.3</ele>
      </trkpt>
      <trkpt lon="7.28361971415251" lat="45.5818390973774">
        <ele>2840</ele>
      </trkpt>
      <trkpt lon="7.28360641338286" lat="45.5818633811935">
        <ele>2839.97</ele>
      </trkpt>
      <trkpt lon="7.28360099313578" lat="45.5818982236848">
        <ele>2839.59</ele>
      </trkpt>
      <trkpt lon="7.28359642051046" lat="45.5819136379175">
        <ele>2839.75</ele>
      </trkpt>
      <trkpt lon="7.28359642051046" lat="45.5819136379175">
        <ele>2839.75</ele>
      </trkpt>
      <trkpt lon="7.28366493380982" lat="45.5820208773902">
        <ele>2838.95</ele>
      </trkpt>
      <trkpt lon="7.28382977810093" lat="45.5822143588538">
        <ele>2835.1</ele>
      </trkpt>
      <trkpt lon="7.28384584209865" lat="45.5823686073363">
        <ele>2833.48</ele>
      </trkpt>
      <trkpt lon="7.2838841638429" lat="45.5824361510736">
        <ele>2832.96</ele>
      </trkpt>
      <trkpt lon="7.2840898748893" lat="45.58252943041">
        <ele>2829.92</ele>
      </trkpt>
      <trkpt lon="7.28415883196283" lat="45.5825296560821">
        <ele>2829.05</ele>
      </trkpt>
      <trkpt lon="7.28423304143272" lat="45.582555254666">
        <ele>2828.15</ele>
      </trkpt>
      <trkpt lon="7.28428022262435" lat="45.5825759445317">
        <ele>2827.29</ele>
      </trkpt>
      <trkpt lon="7.28433522907461" lat="45.5825922538072">
        <ele>2826</ele>
      </trkpt>
      <trkpt lon="7.28439462477759" lat="45.5825949461157">
        <ele>2825.8</ele>
      </trkpt>
      <trkpt lon="7.28447366268271" lat="45.5825924440389">
        <ele>2825</ele>
      </trkpt>
      <trkpt lon="7.28453804451546" lat="45.5825998004019">
        <ele>2824.34</ele>
      </trkpt>
      <trkpt lon="7.28472354903625" lat="45.5825781044264">
        <ele>2822</ele>
      </trkpt>
      <trkpt lon="7.28490055367535" lat="45.5825407996426">
        <ele>2820</ele>
      </trkpt>
      <trkpt lon="7.28500486486848" lat="45.5825123916023">
        <ele>2819</ele>
      </trkpt>
      <trkpt lon="7.2852424152339" lat="45.5824778846963">
        <ele>2816</ele>
      </trkpt>
      <trkpt lon="7.28536694048985" lat="45.5824633716456">
        <ele>2815.03</ele>
      </trkpt>
      <trkpt lon="7.28552802506956" lat="45.5824395087128">
        <ele>2814</ele>
      </trkpt>
      <trkpt lon="7.28567188676966" lat="45.5824297848585">
        <ele>2812.79</ele>
      </trkpt>
      <trkpt lon="7.28577664743797" lat="45.5824286580648">
        <ele>2812.64</ele>
      </trkpt>
      <trkpt lon="7.28582206799535" lat="45.5824230389179">
        <ele>2812</ele>
      </trkpt>
      <trkpt lon="7.28590559538477" lat="45.5823952195805">
        <ele>2811</ele>
      </trkpt>
      <trkpt lon="7.28594242678147" lat="45.5823937921227">
        <ele>2810.56</ele>
      </trkpt>
      <trkpt lon="7.28606230942626" lat="45.582422235664">
        <ele>2810</ele>
      </trkpt>
      <trkpt lon="7.28616341735901" lat="45.5824148420107">
        <ele>2809</ele>
      </trkpt>
      <trkpt lon="7.28622868622559" lat="45.5823761250002">
        <ele>2808</ele>
      </trkpt>
      <trkpt lon="7.28626114744142" lat="45.5822656308658">
        <ele>2806</ele>
      </trkpt>
      <trkpt lon="7.2862863883657" lat="45.5821902208781">
        <ele>2804</ele>
      </trkpt>
      <trkpt lon="7.28633898105275" lat="45.5821974021228">
        <ele>2803.3</ele>
      </trkpt>
      <trkpt lon="7.28638529442089" lat="45.5822761351078">
        <ele>2802</ele>
      </trkpt>
      <trkpt lon="7.28642253932032" lat="45.5822948748284">
        <ele>2802</ele>
      </trkpt>
      <trkpt lon="7.2864808602981" lat="45.5822823389654">
        <ele>2803.1</ele>
      </trkpt>
      <trkpt lon="7.28654926890705" lat="45.5822036154227">
        <ele>2800.6</ele>
      </trkpt>
      <trkpt lon="7.28663628855613" lat="45.5821494760119">
        <ele>2798.41</ele>
      </trkpt>
      <trkpt lon="7.28680649909864" lat="45.5820867733008">
        <ele>2796</ele>
      </trkpt>
      <trkpt lon="7.28695970136958" lat="45.5820017615303">
        <ele>2794</ele>
      </trkpt>
      <trkpt lon="7.28720660293038" lat="45.5819168034446">
        <ele>2794</ele>
      </trkpt>
      <trkpt lon="7.28743247159588" lat="45.5817858051077">
        <ele>2792</ele>
      </trkpt>
      <trkpt lon="7.28751108757665" lat="45.5817676331878">
        <ele>2792</ele>
      </trkpt>
      <trkpt lon="7.28756802242725" lat="45.5817543556261">
        <ele>2791.69</ele>
      </trkpt>
      <trkpt lon="7.28786915134786" lat="45.5816100826824">
        <ele>2789</ele>
      </trkpt>
      <trkpt lon="7.28799837929712" lat="45.5816051782523">
        <ele>2789</ele>
      </trkpt>
      <trkpt lon="7.28833176640874" lat="45.58150450394">
        <ele>2787</ele>
      </trkpt>
      <trkpt lon="7.28851177073757" lat="45.5814864107797">
        <ele>2786.01</ele>
      </trkpt>
      <trkpt lon="7.28874224315364" lat="45.581452689936">
        <ele>2785.55</ele>
      </trkpt>
      <trkpt lon="7.28891085956209" lat="45.5815140819998">
        <ele>2785</ele>
      </trkpt>
      <trkpt lon="7.28902027206178" lat="45.5815664871541">
        <ele>2784.6</ele>
      </trkpt>
      <trkpt lon="7.28909291792296" lat="45.5815760380966">
        <ele>2784</ele>
      </trkpt>
      <trkpt lon="7.28920545979107" lat="45.5815508107714">
        <ele>2783</ele>
      </trkpt>
      <trkpt lon="7.28959853576017" lat="45.5815189832133">
        <ele>2779.93</ele>
      </trkpt>
      <trkpt lon="7.28970994142012" lat="45.5814974281918">
        <ele>2778.49</ele>
      </trkpt>
      <trkpt lon="7.28984925078148" lat="45.5814601813782">
        <ele>2777</ele>
      </trkpt>
      <trkpt lon="7.29015067310518" lat="45.581369373672">
        <ele>2774</ele>
      </trkpt>
      <trkpt lon="7.29062277714093" lat="45.5811283721677">
        <ele>2768</ele>
      </trkpt>
      <trkpt lon="7.29070814187227" lat="45.5810398207636">
        <ele>2767.23</ele>
      </trkpt>
      <trkpt lon="7.29091513083695" lat="45.5809856714008">
        <ele>2767</ele>
      </trkpt>
      <trkpt lon="7.29122648439122" lat="45.5808716076495">
        <ele>2766</ele>
      </trkpt>
      <trkpt lon="7.29159450454668" lat="45.5808247266924">
        <ele>2765</ele>
      </trkpt>
      <trkpt lon="7.29168760393475" lat="45.5808190996727">
        <ele>2765</ele>
      </trkpt>
      <trkpt lon="7.29188440183936" lat="45.5808642582667">
        <ele>2764</ele>
      </trkpt>
      <trkpt lon="7.29207161596906" lat="45.5809211531747">
        <ele>2763</ele>
      </trkpt>
      <trkpt lon="7.29214365545545" lat="45.5809718273686">
        <ele>2763</ele>
      </trkpt>
      <trkpt lon="7.29228437243478" lat="45.5809726704163">
        <ele>2761.66</ele>
      </trkpt>
      <trkpt lon="7.2924967373047" lat="45.5810201319965">
        <ele>2759</ele>
      </trkpt>
      <trkpt lon="7.29257098651852" lat="45.5810021600394">
        <ele>2757.7</ele>
      </trkpt>
      <trkpt lon="7.29256236329395" lat="45.5809018490977">
        <ele>2755.35</ele>
      </trkpt>
      <trkpt lon="7.29276987844409" lat="45.5810712914793">
        <ele>2751.33</ele>
      </trkpt>
      <trkpt lon="7.29288644809274" lat="45.5811922067607">
        <ele>2748.26</ele>
      </trkpt>
      <trkpt lon="7.29294325553994" lat="45.5813014267256">
        <ele>2746.88</ele>
      </trkpt>
      <trkpt lon="7.29302347483581" lat="45.5813993883001">
        <ele>2745.64</ele>
      </trkpt>
      <trkpt lon="7.29312017617532" lat="45.5814399874788">
        <ele>2744.82</ele>
      </trkpt>
      <trkpt lon="7.29325390332154" lat="45.581481139807">
        <ele>2742.9</ele>
      </trkpt>
      <trkpt lon="7.29346076446484" lat="45.5815708218413">
        <ele>2740.75</ele>
      </trkpt>
      <trkpt lon="7.29355914657293" lat="45.5816024458103">
        <ele>2740</ele>
      </trkpt>
      <trkpt lon="7.29387169728203" lat="45.5816349274259">
        <ele>2737</ele>
      </trkpt>
      <trkpt lon="7.29398851933701" lat="45.5816333424038">
        <ele>2736</ele>
      </trkpt>
      <trkpt lon="7.29410664184718" lat="45.5816099957353">
        <ele>2735</ele>
      </trkpt>
      <trkpt lon="7.29427667628208" lat="45.5816036222179">
        <ele>2733.87</ele>
      </trkpt>
      <trkpt lon="7.2943693646137" lat="45.5815947478902">
        <ele>2732.93</ele>
      </trkpt>
      <trkpt lon="7.29452144823411" lat="45.5816097108475">
        <ele>2730.87</ele>
      </trkpt>
      <trkpt lon="7.29459419735538" lat="45.5815947750634">
        <ele>2730</ele>
      </trkpt>
      <trkpt lon="7.29469524480406" lat="45.5815553278246">
        <ele>2728.78</ele>
      </trkpt>
      <trkpt lon="7.29481009767338" lat="45.581538320173">
        <ele>2727.93</ele>
      </trkpt>
      <trkpt lon="7.29492043736512" lat="45.5814799308804">
        <ele>2726.33</ele>
      </trkpt>
      <trkpt lon="7.29524758482305" lat="45.5814112767578">
        <ele>2723</ele>
      </trkpt>
      <trkpt lon="7.29539890300724" lat="45.5813625908833">
        <ele>2721.01</ele>
      </trkpt>
      <trkpt lon="7.29558450370227" lat="45.5812527565785">
        <ele>2718.16</ele>
      </trkpt>
      <trkpt lon="7.29572600225806" lat="45.581202392789">
        <ele>2717.24</ele>
      </trkpt>
      <trkpt lon="7.29616217140919" lat="45.5810000780218">
        <ele>2712.89</ele>
      </trkpt>
      <trkpt lon="7.29629891371492" lat="45.5809797954992">
        <ele>2711.15</ele>
      </trkpt>
      <trkpt lon="7.2964765704959" lat="45.5809756943348">
        <ele>2709.03</ele>
      </trkpt>
      <trkpt lon="7.29655027809659" lat="45.5809543833994">
        <ele>2708</ele>
      </trkpt>
      <trkpt lon="7.29685898805587" lat="45.5809357636914">
        <ele>2705.79</ele>
      </trkpt>
      <trkpt lon="7.29711633243381" lat="45.5809456330931">
        <ele>2703</ele>
      </trkpt>
      <trkpt lon="7.29732592098475" lat="45.5809155426941">
        <ele>2700.38</ele>
      </trkpt>
      <trkpt lon="7.29742968106739" lat="45.5809431943927">
        <ele>2699.43</ele>
      </trkpt>
      <trkpt lon="7.29744126543627" lat="45.5809034018363">
        <ele>2698.19</ele>
      </trkpt>
      <trkpt lon="7.2973838235692" lat="45.5808488999093">
        <ele>2698.05</ele>
      </trkpt>
      <trkpt lon="7.29732559133403" lat="45.5807272379507">
        <ele>2695.53</ele>
      </trkpt>
      <trkpt lon="7.29734671172548" lat="45.5807027097595">
        <ele>2695</ele>
      </trkpt>
      <trkpt lon="7.29739725428353" lat="45.5807141744254">
        <ele>2694.62</ele>
      </trkpt>
      <trkpt lon="7.29745102142855" lat="45.5807503508556">
        <ele>2693.91</ele>
      </trkpt>
      <trkpt lon="7.29751974559622" lat="45.580728512081">
        <ele>2692.05</ele>
      </trkpt>
      <trkpt lon="7.29762150861427" lat="45.5807458690567">
        <ele>2690.06</ele>
      </trkpt>
      <trkpt lon="7.29769955771874" lat="45.5807377640513">
        <ele>2688.02</ele>
      </trkpt>
      <trkpt lon="7.29772780298146" lat="45.5807278335186">
        <ele>2687.93</ele>
      </trkpt>
      <trkpt lon="7.29776426779893" lat="45.5807215364902">
        <ele>2686.93</ele>
      </trkpt>
      <trkpt lon="7.29779679922207" lat="45.5807139199462">
        <ele>2686.1</ele>
      </trkpt>
      <trkpt lon="7.29781479679239" lat="45.5807164368501">
        <ele>2685.55</ele>
      </trkpt>
      <trkpt lon="7.2978367554701" lat="45.5807236066872">
        <ele>2685</ele>
      </trkpt>
      <trkpt lon="7.29785135292223" lat="45.5807283236136">
        <ele>2685</ele>
      </trkpt>
      <trkpt lon="7.29787514230299" lat="45.580730029442">
        <ele>2684.36</ele>
      </trkpt>
      <trkpt lon="7.29789532612022" lat="45.5807280795879">
        <ele>2684.04</ele>
      </trkpt>
      <trkpt lon="7.29791931007492" lat="45.5807233963684">
        <ele>2683.46</ele>
      </trkpt>
      <trkpt lon="7.29794983862374" lat="45.5807184493167">
        <ele>2683</ele>
      </trkpt>
      <trkpt lon="7.29796528614728" lat="45.5807204800726">
        <ele>2682.67</ele>
      </trkpt>
      <trkpt lon="7.2979825892227" lat="45.5807247886816">
        <ele>2681.99</ele>
      </trkpt>
      <trkpt lon="7.29799120896079" lat="45.5807195164099">
        <ele>2681.67</ele>
      </trkpt>
      <trkpt lon="7.29800160111314" lat="45.5807064411812">
        <ele>2681.28</ele>
      </trkpt>
      <trkpt lon="7.29800199557326" lat="45.5807060856205">
        <ele>2681.26</ele>
      </trkpt>
      <trkpt lon="7.29801124039728" lat="45.5806971327067">
        <ele>2680.91</ele>
      </trkpt>
      <trkpt lon="7.29802624081407" lat="45.580692766075">
        <ele>2680.33</ele>
      </trkpt>
      <trkpt lon="7.29804100496115" lat="45.5806962274159">
        <ele>2679.8</ele>
      </trkpt>
      <trkpt lon="7.29804917448131" lat="45.580701569296">
        <ele>2679.71</ele>
      </trkpt>
      <trkpt lon="7.29805872734734" lat="45.580707830657">
        <ele>2679.85</ele>
      </trkpt>
      <trkpt lon="7.29807139689143" lat="45.5807170226775">
        <ele>2679.54</ele>
      </trkpt>
      <trkpt lon="7.29808545264566" lat="45.5807227229568">
        <ele>2678.98</ele>
      </trkpt>
      <trkpt lon="7.29810291694157" lat="45.5807216314314">
        <ele>2678.3</ele>
      </trkpt>
      <trkpt lon="7.29811504528697" lat="45.5807063311634">
        <ele>2677.85</ele>
      </trkpt>
      <trkpt lon="7.298118095588" lat="45.5806944058927">
        <ele>2677.75</ele>
      </trkpt>
      <trkpt lon="7.29812232656912" lat="45.5806774555069">
        <ele>2677.06</ele>
      </trkpt>
      <trkpt lon="7.29813142718539" lat="45.5806562606168">
        <ele>2676.91</ele>
      </trkpt>
      <trkpt lon="7.29814633351022" lat="45.5806337990843">
        <ele>2675.37</ele>
      </trkpt>
      <trkpt lon="7.2981982264769" lat="45.580625932721">
        <ele>2673.12</ele>
      </trkpt>
      <trkpt lon="7.29824320785212" lat="45.580634791712">
        <ele>2671.93</ele>
      </trkpt>
      <trkpt lon="7.29826059701405" lat="45.5806404531336">
        <ele>2671.25</ele>
      </trkpt>
      <trkpt lon="7.298374946354" lat="45.5806612380951">
        <ele>2669</ele>
      </trkpt>
      <trkpt lon="7.29839146329061" lat="45.5806660744875">
        <ele>2669.03</ele>
      </trkpt>
      <trkpt lon="7.29844482527167" lat="45.5806818115104">
        <ele>2668.02</ele>
      </trkpt>
      <trkpt lon="7.29848197869148" lat="45.5806909148763">
        <ele>2667.31</ele>
      </trkpt>
      <trkpt lon="7.2985177990487" lat="45.5806846983992">
        <ele>2666.17</ele>
      </trkpt>
      <trkpt lon="7.29853990243332" lat="45.5806786373491">
        <ele>2665.31</ele>
      </trkpt>
      <trkpt lon="7.29857469760064" lat="45.5806809571881">
        <ele>2664.87</ele>
      </trkpt>
      <trkpt lon="7.29861900949916" lat="45.5806907078617">
        <ele>2663.55</ele>
      </trkpt>
      <trkpt lon="7.29864783218011" lat="45.580699777813">
        <ele>2663.07</ele>
      </trkpt>
      <trkpt lon="7.29871560023526" lat="45.5807052869398">
        <ele>2661.52</ele>
      </trkpt>
      <trkpt lon="7.29875049268867" lat="45.5807044567005">
        <ele>2660.15</ele>
      </trkpt>
      <trkpt lon="7.29876043184352" lat="45.5807020845146">
        <ele>2660</ele>
      </trkpt>
      <trkpt lon="7.29878442977914" lat="45.5806927206218">
        <ele>2659.75</ele>
      </trkpt>
      <trkpt lon="7.29882058883683" lat="45.5806965016219">
        <ele>2658.34</ele>
      </trkpt>
      <trkpt lon="7.2988578534407" lat="45.5807020076761">
        <ele>2657.75</ele>
      </trkpt>
      <trkpt lon="7.29889276249061" lat="45.5807047775276">
        <ele>2656.99</ele>
      </trkpt>
      <trkpt lon="7.29892996872284" lat="45.5807121725177">
        <ele>2656.06</ele>
      </trkpt>
      <trkpt lon="7.29897985561939" lat="45.5807283067392">
        <ele>2655.09</ele>
      </trkpt>
      <trkpt lon="7.29899845587302" lat="45.5807363237874">
        <ele>2654.77</ele>
      </trkpt>
      <trkpt lon="7.29901046158259" lat="45.5807419934905">
        <ele>2654.83</ele>
      </trkpt>
      <trkpt lon="7.29905333462437" lat="45.580748482957">
        <ele>2653.42</ele>
      </trkpt>
      <trkpt lon="7.29911770255954" lat="45.5807562837753">
        <ele>2651.89</ele>
      </trkpt>
      <trkpt lon="7.29916228686441" lat="45.5807569453339">
        <ele>2650.94</ele>
      </trkpt>
      <trkpt lon="7.29920593206408" lat="45.5807675876901">
        <ele>2649.43</ele>
      </trkpt>
      <trkpt lon="7.2992226490509" lat="45.5807700879146">
        <ele>2649.19</ele>
      </trkpt>
      <trkpt lon="7.29930370617692" lat="45.5807812862019">
        <ele>2646.93</ele>
      </trkpt>
      <trkpt lon="7.29936078212787" lat="45.5807970760397">
        <ele>2645.76</ele>
      </trkpt>
      <trkpt lon="7.29938330751994" lat="45.5808024513927">
        <ele>2645.27</ele>
      </trkpt>
      <trkpt lon="7.29941173590832" lat="45.5808033266894">
        <ele>2645</ele>
      </trkpt>
      <trkpt lon="7.29943284501379" lat="45.5807877098335">
        <ele>2644.05</ele>
      </trkpt>
      <trkpt lon="7.29944982050719" lat="45.5807816598453">
        <ele>2643.55</ele>
      </trkpt>
      <trkpt lon="7.29947377936255" lat="45.5807820184191">
        <ele>2643</ele>
      </trkpt>
      <trkpt lon="7.29948659075286" lat="45.5807822074365">
        <ele>2643</ele>
      </trkpt>
      <trkpt lon="7.29952770299964" lat="45.5807705797633">
        <ele>2641.7</ele>
      </trkpt>
      <trkpt lon="7.29954593406005" lat="45.5807653603636">
        <ele>2640.99</ele>
      </trkpt>
      <trkpt lon="7.29958731829513" lat="45.5807659774456">
        <ele>2640.15</ele>
      </trkpt>
      <trkpt lon="7.29962653287806" lat="45.5807747502676">
        <ele>2639.86</ele>
      </trkpt>
      <trkpt lon="7.2996651308796" lat="45.5807784757343">
        <ele>2639.13</ele>
      </trkpt>
      <trkpt lon="7.29968652856806" lat="45.5807787953935">
        <ele>2638.47</ele>
      </trkpt>
      <trkpt lon="7.29969485652734" lat="45.5807789176993">
        <ele>2638.14</ele>
      </trkpt>
      <trkpt lon="7.29970010941959" lat="45.5807789955298">
        <ele>2638</ele>
      </trkpt>
      <trkpt lon="7.29973397701999" lat="45.5807695095071">
        <ele>2637.55</ele>
      </trkpt>
      <trkpt lon="7.29975143339156" lat="45.5807475369004">
        <ele>2636.63</ele>
      </trkpt>
      <trkpt lon="7.29978586206239" lat="45.5807407592847">
        <ele>2635.72</ele>
      </trkpt>
      <trkpt lon="7.29982127381111" lat="45.580748126479">
        <ele>2635.15</ele>
      </trkpt>
      <trkpt lon="7.29982878219164" lat="45.5807541794817">
        <ele>2635</ele>
      </trkpt>
      <trkpt lon="7.29986204146487" lat="45.5807436934279">
        <ele>2634.23</ele>
      </trkpt>
      <trkpt lon="7.29988306987725" lat="45.5807350045235">
        <ele>2633.71</ele>
      </trkpt>
      <trkpt lon="7.29989952599594" lat="45.5807248099814">
        <ele>2633.06</ele>
      </trkpt>
      <trkpt lon="7.29994802709867" lat="45.5807231909648">
        <ele>2632.13</ele>
      </trkpt>
      <trkpt lon="7.30000002805367" lat="45.5807330556044">
        <ele>2631.29</ele>
      </trkpt>
      <trkpt lon="7.30001480609877" lat="45.5807360669341">
        <ele>2631</ele>
      </trkpt>
      <trkpt lon="7.30004996253684" lat="45.580730647693">
        <ele>2630.35</ele>
      </trkpt>
      <trkpt lon="7.30007488239908" lat="45.580737409215">
        <ele>2629.88</ele>
      </trkpt>
      <trkpt lon="7.30008261584799" lat="45.5807402260273">
        <ele>2629.97</ele>
      </trkpt>
      <trkpt lon="7.30013684246523" lat="45.5807188010119">
        <ele>2628</ele>
      </trkpt>
      <trkpt lon="7.30020390532338" lat="45.5807052179846">
        <ele>2626.95</ele>
      </trkpt>
      <trkpt lon="7.30025549530825" lat="45.5807074240942">
        <ele>2626.35</ele>
      </trkpt>
      <trkpt lon="7.30029692401697" lat="45.5807066022515">
        <ele>2625.92</ele>
      </trkpt>
      <trkpt lon="7.30032746646383" lat="45.5807012051885">
        <ele>2625.33</ele>
      </trkpt>
      <trkpt lon="7.30036638126244" lat="45.5806986332775">
        <ele>2624.44</ele>
      </trkpt>
      <trkpt lon="7.30039198450108" lat="45.5807039669925">
        <ele>2624.02</ele>
      </trkpt>
      <trkpt lon="7.30040427087114" lat="45.5807045976827">
        <ele>2623.88</ele>
      </trkpt>
      <trkpt lon="7.30041440468276" lat="45.5806916085647">
        <ele>2623.17</ele>
      </trkpt>
      <trkpt lon="7.30043273025142" lat="45.5806832390866">
        <ele>2623</ele>
      </trkpt>
      <trkpt lon="7.30046046414498" lat="45.5806859033105">
        <ele>2622.78</ele>
      </trkpt>
      <trkpt lon="7.30047405889447" lat="45.5806856562134">
        <ele>2622.52</ele>
      </trkpt>
      <trkpt lon="7.30050515963392" lat="45.5806829675574">
        <ele>2622</ele>
      </trkpt>
      <trkpt lon="7.30050644299521" lat="45.5806829870147">
        <ele>2622</ele>
      </trkpt>
      <trkpt lon="7.30058425305056" lat="45.5806827933171">
        <ele>2620.72</ele>
      </trkpt>
      <trkpt lon="7.30064557101807" lat="45.5806855078668">
        <ele>2619.16</ele>
      </trkpt>
      <trkpt lon="7.30067081045695" lat="45.5806858831201">
        <ele>2618.18</ele>
      </trkpt>
      <trkpt lon="7.30068080806633" lat="45.5806773913363">
        <ele>2618</ele>
      </trkpt>
      <trkpt lon="7.30071877077894" lat="45.5806384407225">
        <ele>2616.36</ele>
      </trkpt>
      <trkpt lon="7.30077446632943" lat="45.5806447608642">
        <ele>2615.26</ele>
      </trkpt>
      <trkpt lon="7.30082305351693" lat="45.5806445835514">
        <ele>2614.32</ele>
      </trkpt>
      <trkpt lon="7.30084344867213" lat="45.580631294525">
        <ele>2614</ele>
      </trkpt>
      <trkpt lon="7.30085969075619" lat="45.5806282973843">
        <ele>2613.89</ele>
      </trkpt>
      <trkpt lon="7.30090663331178" lat="45.5806358341386">
        <ele>2613.02</ele>
      </trkpt>
      <trkpt lon="7.30092527256273" lat="45.5806383621602">
        <ele>2612.73</ele>
      </trkpt>
      <trkpt lon="7.30096839880227" lat="45.5806237038745">
        <ele>2611.76</ele>
      </trkpt>
      <trkpt lon="7.30100613030527" lat="45.5806178735367">
        <ele>2611.07</ele>
      </trkpt>
      <trkpt lon="7.3010468395874" lat="45.5806153294215">
        <ele>2610.14</ele>
      </trkpt>
      <trkpt lon="7.30110052409059" lat="45.5806161271825">
        <ele>2609.62</ele>
      </trkpt>
      <trkpt lon="7.30114806663276" lat="45.5806250250881">
        <ele>2608.88</ele>
      </trkpt>
      <trkpt lon="7.30119101733765" lat="45.5806374563715">
        <ele>2608.32</ele>
      </trkpt>
      <trkpt lon="7.30124754889406" lat="45.5806500877912">
        <ele>2608</ele>
      </trkpt>
      <trkpt lon="7.3013007331465" lat="45.5806631191887">
        <ele>2607</ele>
      </trkpt>
      <trkpt lon="7.30139789909977" lat="45.5806672674541">
        <ele>2605.69</ele>
      </trkpt>
      <trkpt lon="7.30148524231353" lat="45.5806867465661">
        <ele>2604.34</ele>
      </trkpt>
      <trkpt lon="7.30156105202369" lat="45.5807019171249">
        <ele>2603.27</ele>
      </trkpt>
      <trkpt lon="7.30165681206109" lat="45.5807228713554">
        <ele>2602.48</ele>
      </trkpt>
      <trkpt lon="7.30175714734098" lat="45.5807366060038">
        <ele>2601</ele>
      </trkpt>
      <trkpt lon="7.3018315652819" lat="45.5807554433081">
        <ele>2600</ele>
      </trkpt>
      <trkpt lon="7.30196337883331" lat="45.5807794562973">
        <ele>2598.38</ele>
      </trkpt>
      <trkpt lon="7.30212532344347" lat="45.5808117475637">
        <ele>2597.07</ele>
      </trkpt>
      <trkpt lon="7.30223237009541" lat="45.5808197293544">
        <ele>2596</ele>
      </trkpt>
      <trkpt lon="7.3023384919582" lat="45.5808159080612">
        <ele>2594.3</ele>
      </trkpt>
      <trkpt lon="7.30240184059795" lat="45.5808149586494">
        <ele>2593.6</ele>
      </trkpt>
      <trkpt lon="7.30242843844916" lat="45.5808128338529">
        <ele>2593.06</ele>
      </trkpt>
      <trkpt lon="7.30246218652494" lat="45.580807306262">
        <ele>2593</ele>
      </trkpt>
      <trkpt lon="7.30249357912617" lat="45.5807949895886">
        <ele>2592.95</ele>
      </trkpt>
      <trkpt lon="7.30251196921117" lat="45.5807546693068">
        <ele>2591.83</ele>
      </trkpt>
      <trkpt lon="7.30252404499457" lat="45.5807282965373">
        <ele>2591</ele>
      </trkpt>
      <trkpt lon="7.30261807909307" lat="45.5806534538951">
        <ele>2589.01</ele>
      </trkpt>
      <trkpt lon="7.30293631771033" lat="45.5804589020721">
        <ele>2584</ele>
      </trkpt>
      <trkpt lon="7.30313431825426" lat="45.5803707545438">
        <ele>2582</ele>
      </trkpt>
      <trkpt lon="7.30325076514108" lat="45.5803773447236">
        <ele>2581</ele>
      </trkpt>
      <trkpt lon="7.30334687836082" lat="45.5803780512255">
        <ele>2581</ele>
      </trkpt>
      <trkpt lon="7.3033834035801" lat="45.580408027333">
        <ele>2581</ele>
      </trkpt>
      <trkpt lon="7.30338436947953" lat="45.5804482755777">
        <ele>2581</ele>
      </trkpt>
      <trkpt lon="7.30340806663089" lat="45.5804786015701">
        <ele>2581</ele>
      </trkpt>
      <trkpt lon="7.30360199229616" lat="45.5805214461888">
        <ele>2581</ele>
      </trkpt>
      <trkpt lon="7.30375017293101" lat="45.5805426398206">
        <ele>2581</ele>
      </trkpt>
      <trkpt lon="7.30377526504925" lat="45.5805478735281">
        <ele>2581</ele>
      </trkpt>
      <trkpt lon="7.30381916572552" lat="45.5805628382179">
        <ele>2581.02</ele>
      </trkpt>
      <trkpt lon="7.30391468435034" lat="45.5805705560016">
        <ele>2581.38</ele>
      </trkpt>
      <trkpt lon="7.30403862310769" lat="45.5805751878711">
        <ele>2583</ele>
      </trkpt>
      <trkpt lon="7.30407763510953" lat="45.5805736965438">
        <ele>2583.24</ele>
      </trkpt>
      <trkpt lon="7.30417259864108" lat="45.5805571942681">
        <ele>2584</ele>
      </trkpt>
    </trkseg>
  </trk>
</gpx>
