<?xml version="1.0" encoding="UTF-8"?>
<gpx xmlns="http://www.topografix.com/GPX/1/1" creator="INVA x RAVdA" version="1.1" xmlns:xsi="http://www.w3.org/2001/XMLSchema-instance" xsi:schemaLocation="http://www.topografix.com/GPX/1/1 http://www.topografix.com/GPX/1/1/gpx.xsd">
  <trk>
    <name>RAVDA - Catasto Sentieri</name>
    <desc>Percorso personalizzato</desc>
    <trkseg>
      <trkpt lon="7.61922980034815" lat="45.6220444813933">
        <ele>1409.3</ele>
      </trkpt>
      <trkpt lon="7.61934481201082" lat="45.6220047370495">
        <ele>1406.95</ele>
      </trkpt>
      <trkpt lon="7.61940858854894" lat="45.6219984875042">
        <ele>1405.47</ele>
      </trkpt>
      <trkpt lon="7.61949067328873" lat="45.6220198221652">
        <ele>1403.25</ele>
      </trkpt>
      <trkpt lon="7.61972506381525" lat="45.6220602782169">
        <ele>1400.06</ele>
      </trkpt>
      <trkpt lon="7.61986246132219" lat="45.6220596878552">
        <ele>1398.51</ele>
      </trkpt>
      <trkpt lon="7.61992047961473" lat="45.6220423879755">
        <ele>1397</ele>
      </trkpt>
      <trkpt lon="7.61996802538653" lat="45.6220284686361">
        <ele>1396.58</ele>
      </trkpt>
      <trkpt lon="7.62001216835139" lat="45.6220121714261">
        <ele>1395.98</ele>
      </trkpt>
      <trkpt lon="7.62006748071106" lat="45.6220111302645">
        <ele>1395</ele>
      </trkpt>
      <trkpt lon="7.62010645110302" lat="45.6220069194213">
        <ele>1395</ele>
      </trkpt>
      <trkpt lon="7.62014910796805" lat="45.6219883526953">
        <ele>1394.56</ele>
      </trkpt>
      <trkpt lon="7.62018166731174" lat="45.6219736248582">
        <ele>1394</ele>
      </trkpt>
      <trkpt lon="7.62022654627745" lat="45.6219638167081">
        <ele>1394</ele>
      </trkpt>
      <trkpt lon="7.62038764778369" lat="45.6219275978961">
        <ele>1393.37</ele>
      </trkpt>
      <trkpt lon="7.6204984147963" lat="45.6218935619891">
        <ele>1393</ele>
      </trkpt>
      <trkpt lon="7.62057818918911" lat="45.6218731039051">
        <ele>1392</ele>
      </trkpt>
      <trkpt lon="7.62067318353111" lat="45.6218440985292">
        <ele>1390.32</ele>
      </trkpt>
      <trkpt lon="7.62097000347448" lat="45.6217292290336">
        <ele>1385.33</ele>
      </trkpt>
      <trkpt lon="7.6211631941918" lat="45.6217130193688">
        <ele>1382</ele>
      </trkpt>
      <trkpt lon="7.62141336345935" lat="45.6217220692228">
        <ele>1381</ele>
      </trkpt>
      <trkpt lon="7.62149874628062" lat="45.6217031195642">
        <ele>1381</ele>
      </trkpt>
      <trkpt lon="7.62160068347968" lat="45.6216210018018">
        <ele>1381</ele>
      </trkpt>
      <trkpt lon="7.62172439253995" lat="45.6215821686756">
        <ele>1381</ele>
      </trkpt>
      <trkpt lon="7.62185113300202" lat="45.6215034095697">
        <ele>1381</ele>
      </trkpt>
      <trkpt lon="7.62199974500084" lat="45.6214846799685">
        <ele>1381</ele>
      </trkpt>
      <trkpt lon="7.62215932745425" lat="45.621426660591">
        <ele>1383.99</ele>
      </trkpt>
      <trkpt lon="7.62221322691432" lat="45.621373304205">
        <ele>1385.74</ele>
      </trkpt>
      <trkpt lon="7.62221322691432" lat="45.621373304205">
        <ele>1385.74</ele>
      </trkpt>
      <trkpt lon="7.62270488710894" lat="45.6214103765312">
        <ele>1383</ele>
      </trkpt>
      <trkpt lon="7.62330757862899" lat="45.6213919901894">
        <ele>1375.44</ele>
      </trkpt>
      <trkpt lon="7.62375860974622" lat="45.6213070562646">
        <ele>1350.57</ele>
      </trkpt>
      <trkpt lon="7.62402258748421" lat="45.6210400298309">
        <ele>1340.63</ele>
      </trkpt>
      <trkpt lon="7.62427867366815" lat="45.6210430240331">
        <ele>1322.43</ele>
      </trkpt>
      <trkpt lon="7.62453058956262" lat="45.6212269783232">
        <ele>1313.18</ele>
      </trkpt>
      <trkpt lon="7.62501461073106" lat="45.6211200219366">
        <ele>1298.94</ele>
      </trkpt>
      <trkpt lon="7.62523466249671" lat="45.6212800086483">
        <ele>1285.24</ele>
      </trkpt>
      <trkpt lon="7.62558565221993" lat="45.6213520082835">
        <ele>1273</ele>
      </trkpt>
      <trkpt lon="7.62603765368128" lat="45.6212220732307">
        <ele>1269</ele>
      </trkpt>
      <trkpt lon="7.62638668006607" lat="45.6214060201201">
        <ele>1257.04</ele>
      </trkpt>
      <trkpt lon="7.62697472121073" lat="45.6209630451307">
        <ele>1255.52</ele>
      </trkpt>
      <trkpt lon="7.62758672894658" lat="45.6208360144658">
        <ele>1254.34</ele>
      </trkpt>
      <trkpt lon="7.62867373120326" lat="45.6209610419543">
        <ele>1242.45</ele>
      </trkpt>
      <trkpt lon="7.62979673730324" lat="45.6209300547351">
        <ele>1230.38</ele>
      </trkpt>
      <trkpt lon="7.63057073793433" lat="45.6207820917634">
        <ele>1225.22</ele>
      </trkpt>
      <trkpt lon="7.63153375208168" lat="45.6207260384848">
        <ele>1211</ele>
      </trkpt>
      <trkpt lon="7.63221683055011" lat="45.6203290877925">
        <ele>1209.54</ele>
      </trkpt>
      <trkpt lon="7.63246185144209" lat="45.6202490325673">
        <ele>1208</ele>
      </trkpt>
      <trkpt lon="7.63312575948988" lat="45.619880290737">
        <ele>1206</ele>
      </trkpt>
      <trkpt lon="7.63312575948988" lat="45.619880290737">
        <ele>1206</ele>
      </trkpt>
      <trkpt lon="7.633165901529" lat="45.6197644798628">
        <ele>1206.89</ele>
      </trkpt>
      <trkpt lon="7.6332217792772" lat="45.619687200669">
        <ele>1207</ele>
      </trkpt>
      <trkpt lon="7.6334865283728" lat="45.619465344828">
        <ele>1209.94</ele>
      </trkpt>
      <trkpt lon="7.63402330385627" lat="45.6191972376529">
        <ele>1213</ele>
      </trkpt>
      <trkpt lon="7.6347417479231" lat="45.6188952952563">
        <ele>1216</ele>
      </trkpt>
      <trkpt lon="7.63516324680784" lat="45.6187203143272">
        <ele>1218</ele>
      </trkpt>
      <trkpt lon="7.63537052961049" lat="45.618556273284">
        <ele>1219</ele>
      </trkpt>
      <trkpt lon="7.63562018561393" lat="45.6183903075991">
        <ele>1220</ele>
      </trkpt>
      <trkpt lon="7.63602265400403" lat="45.6181905230827">
        <ele>1223</ele>
      </trkpt>
      <trkpt lon="7.63611142306033" lat="45.6181690817267">
        <ele>1223</ele>
      </trkpt>
      <trkpt lon="7.63611142306033" lat="45.6181690817267">
        <ele>1223</ele>
      </trkpt>
      <trkpt lon="7.63615491148399" lat="45.6181000220661">
        <ele>1223.65</ele>
      </trkpt>
      <trkpt lon="7.63638540560581" lat="45.6179517399773">
        <ele>1229.28</ele>
      </trkpt>
      <trkpt lon="7.63647703206554" lat="45.6178387907811">
        <ele>1231.86</ele>
      </trkpt>
      <trkpt lon="7.63659156012199" lat="45.6176700403949">
        <ele>1234.23</ele>
      </trkpt>
      <trkpt lon="7.63667710585034" lat="45.617559180082">
        <ele>1235.51</ele>
      </trkpt>
      <trkpt lon="7.63690205868036" lat="45.6173853556281">
        <ele>1236.96</ele>
      </trkpt>
      <trkpt lon="7.63701538296538" lat="45.6172661870387">
        <ele>1239.65</ele>
      </trkpt>
      <trkpt lon="7.63713063414738" lat="45.6171943835534">
        <ele>1240.27</ele>
      </trkpt>
      <trkpt lon="7.63737325616944" lat="45.6170536239934">
        <ele>1245.05</ele>
      </trkpt>
      <trkpt lon="7.63774245456491" lat="45.6167016797576">
        <ele>1253.68</ele>
      </trkpt>
      <trkpt lon="7.63780967953165" lat="45.6166374954481">
        <ele>1254.46</ele>
      </trkpt>
      <trkpt lon="7.63783317617028" lat="45.6165517268401">
        <ele>1257.57</ele>
      </trkpt>
      <trkpt lon="7.63777621203687" lat="45.616499383304">
        <ele>1259.74</ele>
      </trkpt>
      <trkpt lon="7.63761213460686" lat="45.6164371190442">
        <ele>1260.62</ele>
      </trkpt>
      <trkpt lon="7.63751764128302" lat="45.616414478676">
        <ele>1261.87</ele>
      </trkpt>
      <trkpt lon="7.63739178270747" lat="45.6162835436038">
        <ele>1265.06</ele>
      </trkpt>
      <trkpt lon="7.63736405574012" lat="45.6162103970451">
        <ele>1266.05</ele>
      </trkpt>
      <trkpt lon="7.63733975834724" lat="45.6161914741115">
        <ele>1267.94</ele>
      </trkpt>
      <trkpt lon="7.63738177395098" lat="45.6161513818353">
        <ele>1266.52</ele>
      </trkpt>
      <trkpt lon="7.63737283252829" lat="45.6161286839538">
        <ele>1267.34</ele>
      </trkpt>
      <trkpt lon="7.63731284254395" lat="45.6161165358486">
        <ele>1269.14</ele>
      </trkpt>
      <trkpt lon="7.63722951212055" lat="45.616157305523">
        <ele>1272.35</ele>
      </trkpt>
      <trkpt lon="7.63718946408664" lat="45.6161533189266">
        <ele>1274.82</ele>
      </trkpt>
      <trkpt lon="7.63716477779103" lat="45.6161346626626">
        <ele>1275.89</ele>
      </trkpt>
      <trkpt lon="7.63712974284931" lat="45.616034782025">
        <ele>1277</ele>
      </trkpt>
      <trkpt lon="7.6370973730585" lat="45.6160156756759">
        <ele>1278.45</ele>
      </trkpt>
      <trkpt lon="7.63708021241446" lat="45.6159721744121">
        <ele>1279.34</ele>
      </trkpt>
      <trkpt lon="7.6370663883672" lat="45.6159075643136">
        <ele>1280.94</ele>
      </trkpt>
      <trkpt lon="7.63708375896561" lat="45.6158681662628">
        <ele>1281.21</ele>
      </trkpt>
      <trkpt lon="7.63702413409962" lat="45.6157933776897">
        <ele>1284</ele>
      </trkpt>
      <trkpt lon="7.63704547700402" lat="45.6157542074606">
        <ele>1285.02</ele>
      </trkpt>
      <trkpt lon="7.63697329549607" lat="45.6155783689917">
        <ele>1290.65</ele>
      </trkpt>
      <trkpt lon="7.63696190967176" lat="45.6155506904053">
        <ele>1291.09</ele>
      </trkpt>
      <trkpt lon="7.63699667486197" lat="45.6153810781207">
        <ele>1295.11</ele>
      </trkpt>
      <trkpt lon="7.63704166051973" lat="45.6151706315693">
        <ele>1298</ele>
      </trkpt>
      <trkpt lon="7.63701383120577" lat="45.6150752511146">
        <ele>1298.77</ele>
      </trkpt>
      <trkpt lon="7.63696355890365" lat="45.6150220853999">
        <ele>1298.86</ele>
      </trkpt>
      <trkpt lon="7.63681115982053" lat="45.6149439375178">
        <ele>1301.8</ele>
      </trkpt>
      <trkpt lon="7.63675998492261" lat="45.6148804104215">
        <ele>1301.85</ele>
      </trkpt>
      <trkpt lon="7.63669614413435" lat="45.6147626373887">
        <ele>1304</ele>
      </trkpt>
      <trkpt lon="7.63662402749586" lat="45.6145365726518">
        <ele>1305</ele>
      </trkpt>
      <trkpt lon="7.63655702133648" lat="45.6144912180848">
        <ele>1307</ele>
      </trkpt>
      <trkpt lon="7.63649737412317" lat="45.6144228185619">
        <ele>1309.52</ele>
      </trkpt>
      <trkpt lon="7.63637654242149" lat="45.6143439681874">
        <ele>1311</ele>
      </trkpt>
      <trkpt lon="7.6363643627337" lat="45.61428558604">
        <ele>1310</ele>
      </trkpt>
      <trkpt lon="7.63628540907026" lat="45.614241078602">
        <ele>1310.98</ele>
      </trkpt>
      <trkpt lon="7.63620058101654" lat="45.6141586062595">
        <ele>1312.34</ele>
      </trkpt>
      <trkpt lon="7.63617599809934" lat="45.6141092603324">
        <ele>1313</ele>
      </trkpt>
      <trkpt lon="7.63618033789438" lat="45.6140677259915">
        <ele>1313</ele>
      </trkpt>
      <trkpt lon="7.63609332161963" lat="45.6139485054775">
        <ele>1314.72</ele>
      </trkpt>
      <trkpt lon="7.63580041092617" lat="45.6137359139611">
        <ele>1320</ele>
      </trkpt>
      <trkpt lon="7.63578285828912" lat="45.613708701994">
        <ele>1320.06</ele>
      </trkpt>
      <trkpt lon="7.63568540079388" lat="45.6135547027234">
        <ele>1322</ele>
      </trkpt>
      <trkpt lon="7.63562202767401" lat="45.6133860784107">
        <ele>1324</ele>
      </trkpt>
      <trkpt lon="7.635623907004" lat="45.6133086014715">
        <ele>1325.58</ele>
      </trkpt>
      <trkpt lon="7.63557625990872" lat="45.6132478161452">
        <ele>1326</ele>
      </trkpt>
      <trkpt lon="7.63552830144456" lat="45.6131998978075">
        <ele>1327</ele>
      </trkpt>
      <trkpt lon="7.63543579587073" lat="45.6130954637255">
        <ele>1328.16</ele>
      </trkpt>
      <trkpt lon="7.63523676080822" lat="45.6129574416611">
        <ele>1333.17</ele>
      </trkpt>
      <trkpt lon="7.63511983540958" lat="45.6128447015793">
        <ele>1337.54</ele>
      </trkpt>
      <trkpt lon="7.6350115100016" lat="45.6127422368397">
        <ele>1339.04</ele>
      </trkpt>
      <trkpt lon="7.63496600438139" lat="45.6126937185105">
        <ele>1341</ele>
      </trkpt>
      <trkpt lon="7.63476699083625" lat="45.6125918779158">
        <ele>1343.83</ele>
      </trkpt>
      <trkpt lon="7.63476699083625" lat="45.6125918779158">
        <ele>1343.83</ele>
      </trkpt>
      <trkpt lon="7.63460001213727" lat="45.612448928257">
        <ele>1344.36</ele>
      </trkpt>
      <trkpt lon="7.63415003172774" lat="45.6119288746884">
        <ele>1347.79</ele>
      </trkpt>
      <trkpt lon="7.63355241663622" lat="45.6115948105117">
        <ele>1357</ele>
      </trkpt>
      <trkpt lon="7.63327295981667" lat="45.6114838161357">
        <ele>1360.73</ele>
      </trkpt>
      <trkpt lon="7.63327295981667" lat="45.6114838161357">
        <ele>1360.73</ele>
      </trkpt>
      <trkpt lon="7.63314281559219" lat="45.6114667783446">
        <ele>1362.1</ele>
      </trkpt>
      <trkpt lon="7.63312346548289" lat="45.6114503444103">
        <ele>1362.44</ele>
      </trkpt>
      <trkpt lon="7.63299249938841" lat="45.6114143033535">
        <ele>1364</ele>
      </trkpt>
      <trkpt lon="7.63293825724407" lat="45.6113770213354">
        <ele>1365</ele>
      </trkpt>
      <trkpt lon="7.63284338314608" lat="45.6113651729028">
        <ele>1366</ele>
      </trkpt>
      <trkpt lon="7.6327825682982" lat="45.6113450940339">
        <ele>1367.23</ele>
      </trkpt>
      <trkpt lon="7.63273424842203" lat="45.6113122010724">
        <ele>1368.17</ele>
      </trkpt>
      <trkpt lon="7.63262205799106" lat="45.6112635126542">
        <ele>1370</ele>
      </trkpt>
      <trkpt lon="7.63258865473198" lat="45.6112501536627">
        <ele>1369.98</ele>
      </trkpt>
      <trkpt lon="7.63236938724139" lat="45.6111851499153">
        <ele>1373.65</ele>
      </trkpt>
      <trkpt lon="7.63218660641262" lat="45.6111334579656">
        <ele>1376.53</ele>
      </trkpt>
      <trkpt lon="7.63185286295975" lat="45.6109874260722">
        <ele>1381.94</ele>
      </trkpt>
      <trkpt lon="7.63135204493698" lat="45.6107715213653">
        <ele>1389.56</ele>
      </trkpt>
      <trkpt lon="7.63103992373234" lat="45.6106487902682">
        <ele>1396.91</ele>
      </trkpt>
      <trkpt lon="7.63072998210298" lat="45.6105788271915">
        <ele>1403.7</ele>
      </trkpt>
      <trkpt lon="7.63065998488701" lat="45.610498780053">
        <ele>1402.29</ele>
      </trkpt>
      <trkpt lon="7.63003996848875" lat="45.6103487703103">
        <ele>1414.18</ele>
      </trkpt>
      <trkpt lon="7.62965992842186" lat="45.6101188275198">
        <ele>1422.3</ele>
      </trkpt>
      <trkpt lon="7.62916990818567" lat="45.6100287872067">
        <ele>1434.53</ele>
      </trkpt>
      <trkpt lon="7.62881998862348" lat="45.6097787719763">
        <ele>1443.11</ele>
      </trkpt>
      <trkpt lon="7.62871997344094" lat="45.6095887301049">
        <ele>1450</ele>
      </trkpt>
      <trkpt lon="7.6281999872364" lat="45.6094287516266">
        <ele>1456.74</ele>
      </trkpt>
      <trkpt lon="7.62762820760992" lat="45.6092998289909">
        <ele>1464</ele>
      </trkpt>
      <trkpt lon="7.62762820760992" lat="45.6092998289909">
        <ele>1464</ele>
      </trkpt>
      <trkpt lon="7.62750004145108" lat="45.6092702964587">
        <ele>1465.18</ele>
      </trkpt>
      <trkpt lon="7.62722985512132" lat="45.6092587685729">
        <ele>1469.61</ele>
      </trkpt>
      <trkpt lon="7.62703995246551" lat="45.6091787175053">
        <ele>1469.51</ele>
      </trkpt>
      <trkpt lon="7.62699990688857" lat="45.6090487138373">
        <ele>1470.09</ele>
      </trkpt>
      <trkpt lon="7.62679988714563" lat="45.6089787101485">
        <ele>1469</ele>
      </trkpt>
      <trkpt lon="7.62644986884709" lat="45.6089487588086">
        <ele>1471.99</ele>
      </trkpt>
      <trkpt lon="7.62641994118569" lat="45.6089087047318">
        <ele>1470</ele>
      </trkpt>
      <trkpt lon="7.62609991005541" lat="45.6088586809507">
        <ele>1475.39</ele>
      </trkpt>
      <trkpt lon="7.62600575041334" lat="45.6086760893239">
        <ele>1480</ele>
      </trkpt>
      <trkpt lon="7.62587985823943" lat="45.6085587323733">
        <ele>1481.02</ele>
      </trkpt>
      <trkpt lon="7.62560386598996" lat="45.6085592825145">
        <ele>1481.98</ele>
      </trkpt>
      <trkpt lon="7.62542995078456" lat="45.6084287469922">
        <ele>1483.48</ele>
      </trkpt>
      <trkpt lon="7.62484844181992" lat="45.6082263362959">
        <ele>1488</ele>
      </trkpt>
      <trkpt lon="7.62484844181992" lat="45.6082263362959">
        <ele>1488</ele>
      </trkpt>
      <trkpt lon="7.62479297467174" lat="45.6080453784154">
        <ele>1489</ele>
      </trkpt>
      <trkpt lon="7.62473663603502" lat="45.6079682814829">
        <ele>1490.43</ele>
      </trkpt>
      <trkpt lon="7.62465125246318" lat="45.6078832757384">
        <ele>1492</ele>
      </trkpt>
      <trkpt lon="7.62446213078926" lat="45.6077822574822">
        <ele>1494.04</ele>
      </trkpt>
      <trkpt lon="7.62426603608897" lat="45.6077145483335">
        <ele>1497</ele>
      </trkpt>
      <trkpt lon="7.62381876082723" lat="45.6075035775992">
        <ele>1502.68</ele>
      </trkpt>
      <trkpt lon="7.62367411111367" lat="45.607466641944">
        <ele>1504</ele>
      </trkpt>
      <trkpt lon="7.62359199690375" lat="45.6073895947653">
        <ele>1504.34</ele>
      </trkpt>
      <trkpt lon="7.62358631134679" lat="45.6073546938293">
        <ele>1504.59</ele>
      </trkpt>
      <trkpt lon="7.62356120597328" lat="45.6073167648526">
        <ele>1505</ele>
      </trkpt>
      <trkpt lon="7.62351422206934" lat="45.6072925276782">
        <ele>1506</ele>
      </trkpt>
      <trkpt lon="7.62345698547302" lat="45.6072522344443">
        <ele>1507</ele>
      </trkpt>
      <trkpt lon="7.62343178279617" lat="45.6072183555689">
        <ele>1508</ele>
      </trkpt>
      <trkpt lon="7.62340472159423" lat="45.6071921963151">
        <ele>1508.83</ele>
      </trkpt>
      <trkpt lon="7.6233729628984" lat="45.6071746233441">
        <ele>1509</ele>
      </trkpt>
      <trkpt lon="7.62332912871279" lat="45.6071684227666">
        <ele>1509.8</ele>
      </trkpt>
      <trkpt lon="7.62329608655192" lat="45.6071561443614">
        <ele>1510.1</ele>
      </trkpt>
      <trkpt lon="7.62311541587091" lat="45.6070138223656">
        <ele>1510.81</ele>
      </trkpt>
      <trkpt lon="7.6226398630651" lat="45.6067586724664">
        <ele>1513.06</ele>
      </trkpt>
      <trkpt lon="7.62260041551688" lat="45.6067304713754">
        <ele>1513.22</ele>
      </trkpt>
      <trkpt lon="7.62258283094259" lat="45.6066316103767">
        <ele>1510.11</ele>
      </trkpt>
      <trkpt lon="7.62255705524817" lat="45.6064953844669">
        <ele>1514.37</ele>
      </trkpt>
      <trkpt lon="7.62270989244725" lat="45.6063286400573">
        <ele>1514</ele>
      </trkpt>
      <trkpt lon="7.62256650620455" lat="45.6061720958383">
        <ele>1515.34</ele>
      </trkpt>
      <trkpt lon="7.62212991003036" lat="45.6054786158006">
        <ele>1529.73</ele>
      </trkpt>
      <trkpt lon="7.62207937988086" lat="45.6054002383362">
        <ele>1530.37</ele>
      </trkpt>
      <trkpt lon="7.62207557290231" lat="45.6051838995035">
        <ele>1537</ele>
      </trkpt>
      <trkpt lon="7.62197987853304" lat="45.6049285560257">
        <ele>1543.15</ele>
      </trkpt>
      <trkpt lon="7.62185988576071" lat="45.6048486222994">
        <ele>1545.7</ele>
      </trkpt>
      <trkpt lon="7.62174511397088" lat="45.6048382348238">
        <ele>1545.37</ele>
      </trkpt>
      <trkpt lon="7.62162975516005" lat="45.6047313532394">
        <ele>1547.64</ele>
      </trkpt>
      <trkpt lon="7.62144522132163" lat="45.6046896115243">
        <ele>1546.54</ele>
      </trkpt>
      <trkpt lon="7.62143519113356" lat="45.6046593356635">
        <ele>1546.96</ele>
      </trkpt>
      <trkpt lon="7.62182516079712" lat="45.6039521576633">
        <ele>1580.24</ele>
      </trkpt>
      <trkpt lon="7.62172791691518" lat="45.6038125476488">
        <ele>1586.16</ele>
      </trkpt>
      <trkpt lon="7.62148261989191" lat="45.6036654832465">
        <ele>1581.28</ele>
      </trkpt>
      <trkpt lon="7.62157991395052" lat="45.6033685461279">
        <ele>1600.08</ele>
      </trkpt>
      <trkpt lon="7.6213298902042" lat="45.6033045004431">
        <ele>1601.67</ele>
      </trkpt>
      <trkpt lon="7.62128989177131" lat="45.6031785441009">
        <ele>1605.97</ele>
      </trkpt>
      <trkpt lon="7.62138990403043" lat="45.6029485170312">
        <ele>1620.97</ele>
      </trkpt>
      <trkpt lon="7.62119193869989" lat="45.6026544965955">
        <ele>1644.26</ele>
      </trkpt>
      <trkpt lon="7.62078790140658" lat="45.6023975028935">
        <ele>1662.69</ele>
      </trkpt>
      <trkpt lon="7.6205099554007" lat="45.6020185351007">
        <ele>1682</ele>
      </trkpt>
      <trkpt lon="7.62037991338135" lat="45.601888522236">
        <ele>1681.28</ele>
      </trkpt>
      <trkpt lon="7.62023785611461" lat="45.601814527337">
        <ele>1682.15</ele>
      </trkpt>
      <trkpt lon="7.62009730923006" lat="45.6016371298418">
        <ele>1677.99</ele>
      </trkpt>
      <trkpt lon="7.61995420842473" lat="45.6016579928832">
        <ele>1678.19</ele>
      </trkpt>
      <trkpt lon="7.61988502895922" lat="45.6016657979715">
        <ele>1679.06</ele>
      </trkpt>
      <trkpt lon="7.61980992762909" lat="45.6016485107027">
        <ele>1681.06</ele>
      </trkpt>
      <trkpt lon="7.6195666824485" lat="45.60126672095">
        <ele>1694</ele>
      </trkpt>
      <trkpt lon="7.61939691354281" lat="45.6011882506719">
        <ele>1697.31</ele>
      </trkpt>
      <trkpt lon="7.6192098981774" lat="45.6009084890352">
        <ele>1711.79</ele>
      </trkpt>
      <trkpt lon="7.61850984940189" lat="45.6006184749907">
        <ele>1719.45</ele>
      </trkpt>
      <trkpt lon="7.61852992260619" lat="45.6004484181125">
        <ele>1734.35</ele>
      </trkpt>
      <trkpt lon="7.61828990533916" lat="45.6003483938379">
        <ele>1732.9</ele>
      </trkpt>
      <trkpt lon="7.61819986717973" lat="45.6002084199951">
        <ele>1740</ele>
      </trkpt>
      <trkpt lon="7.61819005288675" lat="45.6000754470995">
        <ele>1738.41</ele>
      </trkpt>
      <trkpt lon="7.61804994391839" lat="45.5999484592148">
        <ele>1734.44</ele>
      </trkpt>
      <trkpt lon="7.61809904971644" lat="45.5998494127415">
        <ele>1738.4</ele>
      </trkpt>
      <trkpt lon="7.61815143013382" lat="45.599773627998">
        <ele>1738</ele>
      </trkpt>
      <trkpt lon="7.61823073275593" lat="45.5997294026431">
        <ele>1738.11</ele>
      </trkpt>
      <trkpt lon="7.61843984375089" lat="45.5996884591732">
        <ele>1739</ele>
      </trkpt>
      <trkpt lon="7.61850861391177" lat="45.5995874878402">
        <ele>1739</ele>
      </trkpt>
      <trkpt lon="7.61851699208478" lat="45.5994342146069">
        <ele>1740.27</ele>
      </trkpt>
      <trkpt lon="7.618533319415" lat="45.5993332399924">
        <ele>1739.76</ele>
      </trkpt>
      <trkpt lon="7.61859047228563" lat="45.5992510329104">
        <ele>1740.06</ele>
      </trkpt>
      <trkpt lon="7.61859047228563" lat="45.5992510329104">
        <ele>1740.06</ele>
      </trkpt>
      <trkpt lon="7.61856186151523" lat="45.5990584249956">
        <ele>1742.38</ele>
      </trkpt>
      <trkpt lon="7.61850015511639" lat="45.5987463359691">
        <ele>1745</ele>
      </trkpt>
      <trkpt lon="7.61837998705682" lat="45.5985384017883">
        <ele>1746</ele>
      </trkpt>
      <trkpt lon="7.61828408819413" lat="45.5983708133035">
        <ele>1748</ele>
      </trkpt>
      <trkpt lon="7.61814992824485" lat="45.5981583872084">
        <ele>1753.85</ele>
      </trkpt>
      <trkpt lon="7.61795989000983" lat="45.5979083818504">
        <ele>1765.6</ele>
      </trkpt>
      <trkpt lon="7.61793464983232" lat="45.5978032150644">
        <ele>1773.28</ele>
      </trkpt>
      <trkpt lon="7.61797700429614" lat="45.5977649339492">
        <ele>1776.52</ele>
      </trkpt>
      <trkpt lon="7.61812734257556" lat="45.5978248980177">
        <ele>1783.93</ele>
      </trkpt>
      <trkpt lon="7.61815712154748" lat="45.5977975365019">
        <ele>1784.59</ele>
      </trkpt>
      <trkpt lon="7.61815999479225" lat="45.5977483352875">
        <ele>1786.27</ele>
      </trkpt>
      <trkpt lon="7.617972456356" lat="45.5975114997304">
        <ele>1792.1</ele>
      </trkpt>
      <trkpt lon="7.6178944559837" lat="45.5972992130672">
        <ele>1793.34</ele>
      </trkpt>
      <trkpt lon="7.6178918305424" lat="45.5971763182732">
        <ele>1793.13</ele>
      </trkpt>
      <trkpt lon="7.61830000832313" lat="45.596928329822">
        <ele>1803.44</ele>
      </trkpt>
      <trkpt lon="7.61832766453374" lat="45.5967836597692">
        <ele>1808.51</ele>
      </trkpt>
      <trkpt lon="7.61840996621866" lat="45.596648379367">
        <ele>1815.03</ele>
      </trkpt>
      <trkpt lon="7.61848209636786" lat="45.5966088373949">
        <ele>1816.11</ele>
      </trkpt>
      <trkpt lon="7.61848209636786" lat="45.5966088373949">
        <ele>1816.11</ele>
      </trkpt>
      <trkpt lon="7.6188612728062" lat="45.5965392559463">
        <ele>1823</ele>
      </trkpt>
      <trkpt lon="7.6190616020931" lat="45.5965474386321">
        <ele>1823.06</ele>
      </trkpt>
      <trkpt lon="7.61915499299072" lat="45.5965507285008">
        <ele>1824.18</ele>
      </trkpt>
      <trkpt lon="7.61921122166651" lat="45.5965686906053">
        <ele>1825.07</ele>
      </trkpt>
      <trkpt lon="7.61927089783141" lat="45.5965768830518">
        <ele>1826.46</ele>
      </trkpt>
      <trkpt lon="7.61933741646215" lat="45.596551855281">
        <ele>1827.46</ele>
      </trkpt>
      <trkpt lon="7.61940308006405" lat="45.5964988212395">
        <ele>1828.12</ele>
      </trkpt>
      <trkpt lon="7.61948056698607" lat="45.5964029084515">
        <ele>1828.63</ele>
      </trkpt>
      <trkpt lon="7.61952660256679" lat="45.5963400073058">
        <ele>1827.68</ele>
      </trkpt>
      <trkpt lon="7.61957847701903" lat="45.5962846480733">
        <ele>1827</ele>
      </trkpt>
      <trkpt lon="7.61959495725447" lat="45.5961772871882">
        <ele>1827</ele>
      </trkpt>
      <trkpt lon="7.6195974036976" lat="45.596077495804">
        <ele>1828</ele>
      </trkpt>
      <trkpt lon="7.61960795342438" lat="45.5959609707418">
        <ele>1828</ele>
      </trkpt>
      <trkpt lon="7.61962922702752" lat="45.59591433088">
        <ele>1827.18</ele>
      </trkpt>
      <trkpt lon="7.61962402231347" lat="45.5958652129235">
        <ele>1826.73</ele>
      </trkpt>
      <trkpt lon="7.6196255970448" lat="45.5957382291779">
        <ele>1825.96</ele>
      </trkpt>
      <trkpt lon="7.6196520491918" lat="45.5956581690778">
        <ele>1824.87</ele>
      </trkpt>
      <trkpt lon="7.61967199247666" lat="45.595597834413">
        <ele>1824.5</ele>
      </trkpt>
      <trkpt lon="7.61967640319194" lat="45.5954806064965">
        <ele>1822.6</ele>
      </trkpt>
      <trkpt lon="7.61939742290788" lat="45.5942934266309">
        <ele>1828</ele>
      </trkpt>
      <trkpt lon="7.61935276887771" lat="45.594164261831">
        <ele>1829</ele>
      </trkpt>
      <trkpt lon="7.61932147423883" lat="45.5941385914382">
        <ele>1829</ele>
      </trkpt>
      <trkpt lon="7.61926908514296" lat="45.5940895341414">
        <ele>1829.24</ele>
      </trkpt>
      <trkpt lon="7.61925160497865" lat="45.5940495385197">
        <ele>1829.67</ele>
      </trkpt>
      <trkpt lon="7.61922388046065" lat="45.5939932146097">
        <ele>1829.53</ele>
      </trkpt>
      <trkpt lon="7.61920064204698" lat="45.5939423492138">
        <ele>1829.43</ele>
      </trkpt>
      <trkpt lon="7.61917849229363" lat="45.5939044563781">
        <ele>1829.95</ele>
      </trkpt>
      <trkpt lon="7.61916267883433" lat="45.5938643913262">
        <ele>1830</ele>
      </trkpt>
      <trkpt lon="7.61912681766875" lat="45.5938263344658">
        <ele>1830.59</ele>
      </trkpt>
      <trkpt lon="7.61911342328616" lat="45.5938079005386">
        <ele>1830.05</ele>
      </trkpt>
      <trkpt lon="7.61910190689091" lat="45.5937808497453">
        <ele>1829.72</ele>
      </trkpt>
      <trkpt lon="7.61909492396543" lat="45.5937519600602">
        <ele>1829.46</ele>
      </trkpt>
      <trkpt lon="7.61904378477076" lat="45.5937093973838">
        <ele>1830</ele>
      </trkpt>
      <trkpt lon="7.61901354831135" lat="45.5936928300086">
        <ele>1830.48</ele>
      </trkpt>
      <trkpt lon="7.61900030950877" lat="45.593673318278">
        <ele>1830.51</ele>
      </trkpt>
      <trkpt lon="7.6189917932215" lat="45.5936441424598">
        <ele>1831</ele>
      </trkpt>
      <trkpt lon="7.61896847984826" lat="45.5935911158977">
        <ele>1831.02</ele>
      </trkpt>
      <trkpt lon="7.61894304486558" lat="45.5935042190158">
        <ele>1832</ele>
      </trkpt>
      <trkpt lon="7.61892898737567" lat="45.5934449118285">
        <ele>1833</ele>
      </trkpt>
      <trkpt lon="7.61884400305812" lat="45.5932560340232">
        <ele>1835</ele>
      </trkpt>
      <trkpt lon="7.61882849869296" lat="45.5931772679976">
        <ele>1835.33</ele>
      </trkpt>
      <trkpt lon="7.61879331708239" lat="45.5930487588609">
        <ele>1836</ele>
      </trkpt>
      <trkpt lon="7.61874201786378" lat="45.5929502086589">
        <ele>1836.55</ele>
      </trkpt>
      <trkpt lon="7.61870739659983" lat="45.5928615783118">
        <ele>1838</ele>
      </trkpt>
      <trkpt lon="7.61868667724575" lat="45.5928333357334">
        <ele>1838</ele>
      </trkpt>
      <trkpt lon="7.61867709464013" lat="45.5927850649787">
        <ele>1838</ele>
      </trkpt>
      <trkpt lon="7.61860905620717" lat="45.5926841506674">
        <ele>1838</ele>
      </trkpt>
      <trkpt lon="7.61855993522275" lat="45.5925646527355">
        <ele>1839</ele>
      </trkpt>
      <trkpt lon="7.61851723013401" lat="45.5924920393818">
        <ele>1840</ele>
      </trkpt>
      <trkpt lon="7.61844689348995" lat="45.5922966782204">
        <ele>1843</ele>
      </trkpt>
      <trkpt lon="7.61841816381331" lat="45.5922188315355">
        <ele>1843.97</ele>
      </trkpt>
      <trkpt lon="7.6183995393898" lat="45.5921680217411">
        <ele>1844.92</ele>
      </trkpt>
      <trkpt lon="7.61837444801036" lat="45.5921246926288">
        <ele>1844</ele>
      </trkpt>
      <trkpt lon="7.61832651999908" lat="45.5920820772043">
        <ele>1844</ele>
      </trkpt>
      <trkpt lon="7.61831295871115" lat="45.592075704691">
        <ele>1844</ele>
      </trkpt>
      <trkpt lon="7.6182826445126" lat="45.5920570650406">
        <ele>1844.86</ele>
      </trkpt>
      <trkpt lon="7.61825786995405" lat="45.5920061801852">
        <ele>1845.64</ele>
      </trkpt>
      <trkpt lon="7.61825240093311" lat="45.5919782099824">
        <ele>1845.94</ele>
      </trkpt>
      <trkpt lon="7.61825326552655" lat="45.5919430285473">
        <ele>1846</ele>
      </trkpt>
      <trkpt lon="7.61825957812471" lat="45.5918738851963">
        <ele>1847.9</ele>
      </trkpt>
      <trkpt lon="7.6182810520967" lat="45.5918085281975">
        <ele>1847.89</ele>
      </trkpt>
      <trkpt lon="7.61827786138749" lat="45.5917557435014">
        <ele>1848.6</ele>
      </trkpt>
      <trkpt lon="7.61831348313431" lat="45.5916781363294">
        <ele>1851.93</ele>
      </trkpt>
      <trkpt lon="7.61836381866348" lat="45.5916227604152">
        <ele>1854</ele>
      </trkpt>
      <trkpt lon="7.61838070078381" lat="45.5915616673689">
        <ele>1855.63</ele>
      </trkpt>
      <trkpt lon="7.61843288938394" lat="45.5914933522571">
        <ele>1857.49</ele>
      </trkpt>
      <trkpt lon="7.61850647834703" lat="45.591430784718">
        <ele>1859.8</ele>
      </trkpt>
      <trkpt lon="7.61852005187552" lat="45.5913791918797">
        <ele>1861.67</ele>
      </trkpt>
      <trkpt lon="7.61841563696031" lat="45.590885125631">
        <ele>1870.09</ele>
      </trkpt>
      <trkpt lon="7.61855482369589" lat="45.5905838388088">
        <ele>1875.02</ele>
      </trkpt>
      <trkpt lon="7.61831006917755" lat="45.5901091355906">
        <ele>1879.83</ele>
      </trkpt>
      <trkpt lon="7.61817007780741" lat="45.5896492031958">
        <ele>1887</ele>
      </trkpt>
      <trkpt lon="7.61790013618885" lat="45.5893391816696">
        <ele>1889</ele>
      </trkpt>
      <trkpt lon="7.61786052552466" lat="45.5892711073493">
        <ele>1890</ele>
      </trkpt>
      <trkpt lon="7.61785592509686" lat="45.5891452180173">
        <ele>1890.7</ele>
      </trkpt>
      <trkpt lon="7.6178850389002" lat="45.5890401684238">
        <ele>1891.11</ele>
      </trkpt>
      <trkpt lon="7.6178850389002" lat="45.5890401684238">
        <ele>1891.11</ele>
      </trkpt>
      <trkpt lon="7.61777010201174" lat="45.588949126134">
        <ele>1888.86</ele>
      </trkpt>
      <trkpt lon="7.61773812002494" lat="45.5887009417866">
        <ele>1885</ele>
      </trkpt>
      <trkpt lon="7.61768924255902" lat="45.5886292422859">
        <ele>1884.94</ele>
      </trkpt>
      <trkpt lon="7.61768010960892" lat="45.5885991608836">
        <ele>1884.62</ele>
      </trkpt>
      <trkpt lon="7.61771004647743" lat="45.5883091510754">
        <ele>1888.06</ele>
      </trkpt>
      <trkpt lon="7.61756010796233" lat="45.5881191253964">
        <ele>1885.15</ele>
      </trkpt>
      <trkpt lon="7.61747161864709" lat="45.5877549542467">
        <ele>1891.23</ele>
      </trkpt>
      <trkpt lon="7.61758235136905" lat="45.5874846457116">
        <ele>1892.28</ele>
      </trkpt>
      <trkpt lon="7.61758743352628" lat="45.5874081993871">
        <ele>1893.78</ele>
      </trkpt>
      <trkpt lon="7.61758048396096" lat="45.5873779624463">
        <ele>1894.11</ele>
      </trkpt>
      <trkpt lon="7.61760052176897" lat="45.5873136665719">
        <ele>1895</ele>
      </trkpt>
      <trkpt lon="7.6176032891353" lat="45.5871382705063">
        <ele>1896.77</ele>
      </trkpt>
      <trkpt lon="7.61758712670945" lat="45.5870447346577">
        <ele>1898.04</ele>
      </trkpt>
      <trkpt lon="7.61757677515062" lat="45.5869703521259">
        <ele>1899</ele>
      </trkpt>
      <trkpt lon="7.61757690147343" lat="45.586902575417">
        <ele>1899.86</ele>
      </trkpt>
      <trkpt lon="7.61761143466464" lat="45.5868065927713">
        <ele>1901.05</ele>
      </trkpt>
      <trkpt lon="7.6177093030074" lat="45.5866894157544">
        <ele>1904.48</ele>
      </trkpt>
      <trkpt lon="7.61773825475268" lat="45.5866327896036">
        <ele>1904.1</ele>
      </trkpt>
      <trkpt lon="7.61773448003095" lat="45.5866142002094">
        <ele>1904.32</ele>
      </trkpt>
      <trkpt lon="7.61765009273149" lat="45.5865790651794">
        <ele>1905.73</ele>
      </trkpt>
      <trkpt lon="7.6176301787391" lat="45.5864190581733">
        <ele>1913.61</ele>
      </trkpt>
      <trkpt lon="7.617890136598" lat="45.5861690960291">
        <ele>1920.68</ele>
      </trkpt>
      <trkpt lon="7.61802791175917" lat="45.5857472672644">
        <ele>1931</ele>
      </trkpt>
      <trkpt lon="7.6179994804625" lat="45.5856102885354">
        <ele>1933.95</ele>
      </trkpt>
      <trkpt lon="7.61798938877109" lat="45.5854574206928">
        <ele>1936.43</ele>
      </trkpt>
      <trkpt lon="7.61800243131136" lat="45.5854274228389">
        <ele>1937.66</ele>
      </trkpt>
      <trkpt lon="7.61797991736814" lat="45.585404558157">
        <ele>1937.8</ele>
      </trkpt>
      <trkpt lon="7.61797287996014" lat="45.5853204948574">
        <ele>1938.38</ele>
      </trkpt>
      <trkpt lon="7.61797730334874" lat="45.5852656407381">
        <ele>1938</ele>
      </trkpt>
      <trkpt lon="7.6178978347941" lat="45.585129394871">
        <ele>1939.43</ele>
      </trkpt>
      <trkpt lon="7.61784837195769" lat="45.585018986055">
        <ele>1941</ele>
      </trkpt>
      <trkpt lon="7.61784016299937" lat="45.5848990829511">
        <ele>1944</ele>
      </trkpt>
      <trkpt lon="7.61787019489867" lat="45.5845790112753">
        <ele>1950.98</ele>
      </trkpt>
      <trkpt lon="7.61792024995499" lat="45.5845190407985">
        <ele>1953.22</ele>
      </trkpt>
      <trkpt lon="7.61795187867994" lat="45.5843637955188">
        <ele>1956.71</ele>
      </trkpt>
      <trkpt lon="7.61797364177797" lat="45.5842865604458">
        <ele>1959</ele>
      </trkpt>
      <trkpt lon="7.61795053246436" lat="45.5841679183419">
        <ele>1962.41</ele>
      </trkpt>
      <trkpt lon="7.61789016877159" lat="45.5840890602173">
        <ele>1964.25</ele>
      </trkpt>
      <trkpt lon="7.61769016939712" lat="45.5838290295147">
        <ele>1970</ele>
      </trkpt>
      <trkpt lon="7.61786023998182" lat="45.5836789718063">
        <ele>1985.9</ele>
      </trkpt>
      <trkpt lon="7.61797020436219" lat="45.5837790420533">
        <ele>1981.36</ele>
      </trkpt>
      <trkpt lon="7.61820019240997" lat="45.5837990169875">
        <ele>1993.32</ele>
      </trkpt>
      <trkpt lon="7.61828016445995" lat="45.5838989952776">
        <ele>1993.11</ele>
      </trkpt>
      <trkpt lon="7.61854020175857" lat="45.5838490354026">
        <ele>2007.34</ele>
      </trkpt>
      <trkpt lon="7.61872017519628" lat="45.5838490537976">
        <ele>2011.11</ele>
      </trkpt>
      <trkpt lon="7.61878801602154" lat="45.5838269205571">
        <ele>2013.81</ele>
      </trkpt>
      <trkpt lon="7.61886024019573" lat="45.5838089819091">
        <ele>2016.26</ele>
      </trkpt>
      <trkpt lon="7.61893030508828" lat="45.5838372832957">
        <ele>2018.34</ele>
      </trkpt>
      <trkpt lon="7.61898719810043" lat="45.5838330198455">
        <ele>2019.17</ele>
      </trkpt>
      <trkpt lon="7.61898719810043" lat="45.5838330198455">
        <ele>2019.17</ele>
      </trkpt>
      <trkpt lon="7.61903922773387" lat="45.5837970138811">
        <ele>2020.79</ele>
      </trkpt>
      <trkpt lon="7.61904023679038" lat="45.5837610240939">
        <ele>2022.12</ele>
      </trkpt>
      <trkpt lon="7.6191039171791" lat="45.5836995064866">
        <ele>2025.01</ele>
      </trkpt>
      <trkpt lon="7.61946282076528" lat="45.5834963714741">
        <ele>2035.78</ele>
      </trkpt>
      <trkpt lon="7.61986023332354" lat="45.5830189910238">
        <ele>2050</ele>
      </trkpt>
      <trkpt lon="7.62000752701651" lat="45.5829401237815">
        <ele>2051.53</ele>
      </trkpt>
      <trkpt lon="7.62008827622716" lat="45.5829300270798">
        <ele>2052</ele>
      </trkpt>
      <trkpt lon="7.62015310582612" lat="45.5829103772064">
        <ele>2053.04</ele>
      </trkpt>
      <trkpt lon="7.62023893824508" lat="45.5829124947505">
        <ele>2054.08</ele>
      </trkpt>
      <trkpt lon="7.62029634566914" lat="45.5828819556423">
        <ele>2054.88</ele>
      </trkpt>
      <trkpt lon="7.62031391880118" lat="45.5828552551374">
        <ele>2056.38</ele>
      </trkpt>
      <trkpt lon="7.62032033056482" lat="45.5828290489823">
        <ele>2057.52</ele>
      </trkpt>
      <trkpt lon="7.62036567772409" lat="45.5827412972039">
        <ele>2059.92</ele>
      </trkpt>
      <trkpt lon="7.62050546007969" lat="45.5826654883">
        <ele>2061.71</ele>
      </trkpt>
      <trkpt lon="7.62060561809714" lat="45.5826531945069">
        <ele>2063.47</ele>
      </trkpt>
      <trkpt lon="7.62094024040141" lat="45.5821743328611">
        <ele>2067.69</ele>
      </trkpt>
      <trkpt lon="7.62149763219612" lat="45.5813762847463">
        <ele>2084.72</ele>
      </trkpt>
      <trkpt lon="7.62156610368712" lat="45.5813492069428">
        <ele>2086</ele>
      </trkpt>
      <trkpt lon="7.62159035876029" lat="45.5812589493432">
        <ele>2085.69</ele>
      </trkpt>
      <trkpt lon="7.62180779784676" lat="45.5810685910729">
        <ele>2090.97</ele>
      </trkpt>
      <trkpt lon="7.62185411361114" lat="45.5810250459746">
        <ele>2092.06</ele>
      </trkpt>
      <trkpt lon="7.62188358523242" lat="45.580946822062">
        <ele>2094.81</ele>
      </trkpt>
      <trkpt lon="7.62188320806315" lat="45.580915135148">
        <ele>2094.76</ele>
      </trkpt>
      <trkpt lon="7.62188444271328" lat="45.5808489029335">
        <ele>2094.75</ele>
      </trkpt>
      <trkpt lon="7.62190749999113" lat="45.580786715475">
        <ele>2096.58</ele>
      </trkpt>
      <trkpt lon="7.62191510141442" lat="45.5807222694778">
        <ele>2098.64</ele>
      </trkpt>
      <trkpt lon="7.62191678612525" lat="45.5806534316464">
        <ele>2099.82</ele>
      </trkpt>
      <trkpt lon="7.62189649211488" lat="45.5806080025278">
        <ele>2100.27</ele>
      </trkpt>
      <trkpt lon="7.62188641188297" lat="45.5805798878329">
        <ele>2101.4</ele>
      </trkpt>
      <trkpt lon="7.62186465957033" lat="45.5805312002848">
        <ele>2102.35</ele>
      </trkpt>
      <trkpt lon="7.62183500969568" lat="45.5804909656519">
        <ele>2104.08</ele>
      </trkpt>
      <trkpt lon="7.62180232645607" lat="45.5804488976103">
        <ele>2105.21</ele>
      </trkpt>
      <trkpt lon="7.62176546013299" lat="45.5803892263067">
        <ele>2107</ele>
      </trkpt>
      <trkpt lon="7.6216901734361" lat="45.5803335019561">
        <ele>2108.39</ele>
      </trkpt>
      <trkpt lon="7.62163829863944" lat="45.5802639274809">
        <ele>2110.8</ele>
      </trkpt>
      <trkpt lon="7.62161295488441" lat="45.5801996256156">
        <ele>2111.54</ele>
      </trkpt>
      <trkpt lon="7.62157548251061" lat="45.5801646993749">
        <ele>2111.73</ele>
      </trkpt>
      <trkpt lon="7.62155885171436" lat="45.5801581073823">
        <ele>2112.08</ele>
      </trkpt>
      <trkpt lon="7.62155802726219" lat="45.5801290260852">
        <ele>2114.66</ele>
      </trkpt>
      <trkpt lon="7.62154802765073" lat="45.5800976696427">
        <ele>2114.91</ele>
      </trkpt>
      <trkpt lon="7.62151545839187" lat="45.5800510125976">
        <ele>2114.55</ele>
      </trkpt>
      <trkpt lon="7.62146490845605" lat="45.5799900966868">
        <ele>2116.31</ele>
      </trkpt>
      <trkpt lon="7.62141977482223" lat="45.5799540870119">
        <ele>2117.05</ele>
      </trkpt>
      <trkpt lon="7.62136323043479" lat="45.5798867069917">
        <ele>2118.48</ele>
      </trkpt>
      <trkpt lon="7.62132161389701" lat="45.579832649673">
        <ele>2119.78</ele>
      </trkpt>
      <trkpt lon="7.62126931653239" lat="45.5797803534074">
        <ele>2121.56</ele>
      </trkpt>
      <trkpt lon="7.621199707363" lat="45.5797439573767">
        <ele>2121.8</ele>
      </trkpt>
      <trkpt lon="7.62109865095031" lat="45.5796727990561">
        <ele>2124.69</ele>
      </trkpt>
      <trkpt lon="7.62106109785093" lat="45.5796465146992">
        <ele>2126.12</ele>
      </trkpt>
      <trkpt lon="7.62098859092262" lat="45.5796343859195">
        <ele>2126.84</ele>
      </trkpt>
      <trkpt lon="7.62094001525564" lat="45.5796132793652">
        <ele>2128.27</ele>
      </trkpt>
      <trkpt lon="7.62086019518903" lat="45.5795542576658">
        <ele>2131.51</ele>
      </trkpt>
      <trkpt lon="7.62078175547873" lat="45.5795070446107">
        <ele>2134.31</ele>
      </trkpt>
      <trkpt lon="7.62067989397467" lat="45.5794111245467">
        <ele>2135.62</ele>
      </trkpt>
      <trkpt lon="7.62063956059516" lat="45.5793675230597">
        <ele>2137.49</ele>
      </trkpt>
      <trkpt lon="7.62058353217258" lat="45.5793367828576">
        <ele>2139.45</ele>
      </trkpt>
      <trkpt lon="7.62055934853961" lat="45.5793246100962">
        <ele>2140</ele>
      </trkpt>
      <trkpt lon="7.62053960158648" lat="45.5792882784346">
        <ele>2141.74</ele>
      </trkpt>
      <trkpt lon="7.6205452414157" lat="45.5792464024325">
        <ele>2143</ele>
      </trkpt>
      <trkpt lon="7.62052476680378" lat="45.5792031289222">
        <ele>2144.4</ele>
      </trkpt>
      <trkpt lon="7.62054342137359" lat="45.5791323356489">
        <ele>2147.55</ele>
      </trkpt>
      <trkpt lon="7.62052567432246" lat="45.5791033180799">
        <ele>2149</ele>
      </trkpt>
      <trkpt lon="7.62052797775877" lat="45.5790721145372">
        <ele>2150.67</ele>
      </trkpt>
      <trkpt lon="7.62053186738141" lat="45.5790388554023">
        <ele>2151.53</ele>
      </trkpt>
      <trkpt lon="7.62048716465425" lat="45.5789853008445">
        <ele>2154.47</ele>
      </trkpt>
      <trkpt lon="7.620471362311" lat="45.5789449663421">
        <ele>2156.14</ele>
      </trkpt>
      <trkpt lon="7.62048601338086" lat="45.5789067071844">
        <ele>2157.55</ele>
      </trkpt>
      <trkpt lon="7.62051040612968" lat="45.5788789206065">
        <ele>2158</ele>
      </trkpt>
      <trkpt lon="7.62055283441603" lat="45.578758459642">
        <ele>2160.02</ele>
      </trkpt>
      <trkpt lon="7.62064912143489" lat="45.5786788835591">
        <ele>2163</ele>
      </trkpt>
      <trkpt lon="7.62073626326364" lat="45.5786271886473">
        <ele>2165.53</ele>
      </trkpt>
      <trkpt lon="7.62079058728469" lat="45.5785967022887">
        <ele>2167.26</ele>
      </trkpt>
      <trkpt lon="7.62084762218554" lat="45.578581188556">
        <ele>2169.3</ele>
      </trkpt>
      <trkpt lon="7.62087527277154" lat="45.5785826027459">
        <ele>2170.31</ele>
      </trkpt>
      <trkpt lon="7.62090414823727" lat="45.5785915921388">
        <ele>2170.97</ele>
      </trkpt>
      <trkpt lon="7.62091783185" lat="45.578592836746">
        <ele>2171.45</ele>
      </trkpt>
      <trkpt lon="7.6209705362246" lat="45.5785708811425">
        <ele>2173.57</ele>
      </trkpt>
      <trkpt lon="7.6210106162857" lat="45.5784992686098">
        <ele>2179.72</ele>
      </trkpt>
      <trkpt lon="7.62100963059277" lat="45.5784766624746">
        <ele>2181.15</ele>
      </trkpt>
      <trkpt lon="7.62099287479547" lat="45.5784699815897">
        <ele>2181.87</ele>
      </trkpt>
      <trkpt lon="7.62098297794294" lat="45.5784397085089">
        <ele>2184.22</ele>
      </trkpt>
      <trkpt lon="7.62098237518174" lat="45.5784381695754">
        <ele>2184.39</ele>
      </trkpt>
      <trkpt lon="7.62097573647301" lat="45.5784213468651">
        <ele>2186.15</ele>
      </trkpt>
      <trkpt lon="7.62093049997676" lat="45.5783895678515">
        <ele>2189.67</ele>
      </trkpt>
      <trkpt lon="7.62086107706796" lat="45.5783457049677">
        <ele>2192.25</ele>
      </trkpt>
      <trkpt lon="7.62082519921565" lat="45.5783086370216">
        <ele>2195</ele>
      </trkpt>
      <trkpt lon="7.62081188257027" lat="45.5782923642611">
        <ele>2195.62</ele>
      </trkpt>
      <trkpt lon="7.62084159049503" lat="45.5782045151082">
        <ele>2197.54</ele>
      </trkpt>
      <trkpt lon="7.62085001338398" lat="45.5781798645673">
        <ele>2198.15</ele>
      </trkpt>
      <trkpt lon="7.62084264135209" lat="45.5781616834824">
        <ele>2198.71</ele>
      </trkpt>
      <trkpt lon="7.62081598592274" lat="45.57812481563">
        <ele>2200.26</ele>
      </trkpt>
      <trkpt lon="7.62087425516689" lat="45.5780588228581">
        <ele>2201.52</ele>
      </trkpt>
      <trkpt lon="7.62087076987631" lat="45.5780126966612">
        <ele>2203</ele>
      </trkpt>
      <trkpt lon="7.62085704856706" lat="45.5779501532853">
        <ele>2204.02</ele>
      </trkpt>
      <trkpt lon="7.62085510498053" lat="45.5779038632102">
        <ele>2205</ele>
      </trkpt>
      <trkpt lon="7.62082937818853" lat="45.5778238942795">
        <ele>2206</ele>
      </trkpt>
      <trkpt lon="7.62081528991193" lat="45.5777763790569">
        <ele>2206</ele>
      </trkpt>
      <trkpt lon="7.62079348477825" lat="45.5777298498963">
        <ele>2207</ele>
      </trkpt>
      <trkpt lon="7.62079936101276" lat="45.5776731262998">
        <ele>2208.39</ele>
      </trkpt>
      <trkpt lon="7.6208104071469" lat="45.577598910645">
        <ele>2210.26</ele>
      </trkpt>
      <trkpt lon="7.62084276818271" lat="45.577496961162">
        <ele>2210</ele>
      </trkpt>
      <trkpt lon="7.6208353270605" lat="45.5774605073933">
        <ele>2209.59</ele>
      </trkpt>
      <trkpt lon="7.62084410043897" lat="45.5774111062315">
        <ele>2207.98</ele>
      </trkpt>
      <trkpt lon="7.62087794696674" lat="45.5773426576078">
        <ele>2205.16</ele>
      </trkpt>
      <trkpt lon="7.62090336761924" lat="45.5773095709062">
        <ele>2204.26</ele>
      </trkpt>
      <trkpt lon="7.62093710748536" lat="45.5772978264894">
        <ele>2204.89</ele>
      </trkpt>
      <trkpt lon="7.62099605641517" lat="45.5772772959819">
        <ele>2204.99</ele>
      </trkpt>
      <trkpt lon="7.62104448874527" lat="45.5772413372065">
        <ele>2205.53</ele>
      </trkpt>
      <trkpt lon="7.62106020891149" lat="45.577222175763">
        <ele>2205.31</ele>
      </trkpt>
      <trkpt lon="7.62107342072964" lat="45.5772009114646">
        <ele>2205.62</ele>
      </trkpt>
      <trkpt lon="7.62110651695007" lat="45.5771473965436">
        <ele>2204.88</ele>
      </trkpt>
      <trkpt lon="7.62115494928195" lat="45.5771113460993">
        <ele>2205</ele>
      </trkpt>
      <trkpt lon="7.62120799848518" lat="45.577070042789">
        <ele>2205.66</ele>
      </trkpt>
      <trkpt lon="7.62128877889484" lat="45.577026911921">
        <ele>2208.06</ele>
      </trkpt>
      <trkpt lon="7.6213840290613" lat="45.5769842284254">
        <ele>2210.3</ele>
      </trkpt>
      <trkpt lon="7.62145659498477" lat="45.5769624202385">
        <ele>2213.03</ele>
      </trkpt>
      <trkpt lon="7.62160761008041" lat="45.5769298597558">
        <ele>2218.72</ele>
      </trkpt>
      <trkpt lon="7.62166661430596" lat="45.5769227406982">
        <ele>2220.74</ele>
      </trkpt>
      <trkpt lon="7.62177831436231" lat="45.5769044663094">
        <ele>2229.89</ele>
      </trkpt>
      <trkpt lon="7.62188071981747" lat="45.5768836501007">
        <ele>2235.17</ele>
      </trkpt>
      <trkpt lon="7.62193258801001" lat="45.576864383446">
        <ele>2237.26</ele>
      </trkpt>
      <trkpt lon="7.62197888102932" lat="45.5768476612464">
        <ele>2238.01</ele>
      </trkpt>
      <trkpt lon="7.62200923764901" lat="45.576827594365">
        <ele>2238.08</ele>
      </trkpt>
      <trkpt lon="7.62201966600085" lat="45.5768099884654">
        <ele>2236.83</ele>
      </trkpt>
      <trkpt lon="7.62200042162623" lat="45.5767844626369">
        <ele>2234.65</ele>
      </trkpt>
      <trkpt lon="7.62197932984166" lat="45.5767664758697">
        <ele>2232.5</ele>
      </trkpt>
      <trkpt lon="7.6219774832516" lat="45.5767318916464">
        <ele>2229.16</ele>
      </trkpt>
      <trkpt lon="7.62198054194292" lat="45.5767169857442">
        <ele>2227.6</ele>
      </trkpt>
      <trkpt lon="7.6220950570712" lat="45.5766411377082">
        <ele>2226.18</ele>
      </trkpt>
      <trkpt lon="7.62209300784257" lat="45.5765991699633">
        <ele>2226.18</ele>
      </trkpt>
      <trkpt lon="7.62206945805962" lat="45.5765611715567">
        <ele>2228.06</ele>
      </trkpt>
      <trkpt lon="7.62201140532654" lat="45.5764926942724">
        <ele>2228.51</ele>
      </trkpt>
      <trkpt lon="7.62201404793069" lat="45.5764475403811">
        <ele>2230.38</ele>
      </trkpt>
      <trkpt lon="7.62204970738325" lat="45.5764306875205">
        <ele>2232.96</ele>
      </trkpt>
      <trkpt lon="7.62210045315018" lat="45.5764205905308">
        <ele>2235.02</ele>
      </trkpt>
      <trkpt lon="7.62214854353457" lat="45.5763985765483">
        <ele>2236.8</ele>
      </trkpt>
      <trkpt lon="7.62218944527163" lat="45.5763559564215">
        <ele>2237.69</ele>
      </trkpt>
      <trkpt lon="7.62227495531402" lat="45.5763656297085">
        <ele>2242.64</ele>
      </trkpt>
      <trkpt lon="7.62234527062045" lat="45.576372958346">
        <ele>2245.37</ele>
      </trkpt>
      <trkpt lon="7.62236398513046" lat="45.5763623804811">
        <ele>2245.72</ele>
      </trkpt>
      <trkpt lon="7.62241306131117" lat="45.5763576641665">
        <ele>2247.08</ele>
      </trkpt>
      <trkpt lon="7.62243147340813" lat="45.576328002484">
        <ele>2248.86</ele>
      </trkpt>
      <trkpt lon="7.62247859643539" lat="45.5763403615814">
        <ele>2249.9</ele>
      </trkpt>
      <trkpt lon="7.62253223090417" lat="45.5763431677225">
        <ele>2251.71</ele>
      </trkpt>
      <trkpt lon="7.62259029598367" lat="45.5763481906288">
        <ele>2253.99</ele>
      </trkpt>
      <trkpt lon="7.62265329197932" lat="45.5763403077013">
        <ele>2255.44</ele>
      </trkpt>
      <trkpt lon="7.62271805754053" lat="45.5763282191292">
        <ele>2258.95</ele>
      </trkpt>
      <trkpt lon="7.62276135333318" lat="45.5763083079315">
        <ele>2259.89</ele>
      </trkpt>
      <trkpt lon="7.62279109329365" lat="45.5762871549056">
        <ele>2260</ele>
      </trkpt>
      <trkpt lon="7.6228239640256" lat="45.5762584767201">
        <ele>2261</ele>
      </trkpt>
      <trkpt lon="7.62287328206931" lat="45.5762439490493">
        <ele>2261.93</ele>
      </trkpt>
      <trkpt lon="7.62292063296164" lat="45.5762520830422">
        <ele>2262.07</ele>
      </trkpt>
      <trkpt lon="7.62295234719117" lat="45.5762707365949">
        <ele>2263</ele>
      </trkpt>
      <trkpt lon="7.62299678425686" lat="45.576272350951">
        <ele>2263.8</ele>
      </trkpt>
      <trkpt lon="7.62303655451135" lat="45.576276070871">
        <ele>2264.54</ele>
      </trkpt>
      <trkpt lon="7.62308059691363" lat="45.5762884854958">
        <ele>2265</ele>
      </trkpt>
      <trkpt lon="7.62317865455015" lat="45.5762933560043">
        <ele>2265.81</ele>
      </trkpt>
      <trkpt lon="7.6231910716821" lat="45.5762836058775">
        <ele>2266</ele>
      </trkpt>
      <trkpt lon="7.62322047257986" lat="45.5762709975084">
        <ele>2266.08</ele>
      </trkpt>
      <trkpt lon="7.62327139894842" lat="45.5762587393547">
        <ele>2266.89</ele>
      </trkpt>
      <trkpt lon="7.62330369420698" lat="45.5762537284272">
        <ele>2267.75</ele>
      </trkpt>
      <trkpt lon="7.62332567015013" lat="45.5762303224923">
        <ele>2269.38</ele>
      </trkpt>
      <trkpt lon="7.62332319835542" lat="45.5762055385101">
        <ele>2271.23</ele>
      </trkpt>
      <trkpt lon="7.62330858187064" lat="45.5761795293805">
        <ele>2272.22</ele>
      </trkpt>
      <trkpt lon="7.62330721653516" lat="45.5761095748253">
        <ele>2273.75</ele>
      </trkpt>
      <trkpt lon="7.62328972647455" lat="45.5760071137399">
        <ele>2275</ele>
      </trkpt>
      <trkpt lon="7.62329138060774" lat="45.5759393564913">
        <ele>2276.52</ele>
      </trkpt>
      <trkpt lon="7.62331933544446" lat="45.5758654354508">
        <ele>2278.99</ele>
      </trkpt>
      <trkpt lon="7.62337545693735" lat="45.5758241655041">
        <ele>2282.12</ele>
      </trkpt>
      <trkpt lon="7.62341058550382" lat="45.5758236908293">
        <ele>2283.49</ele>
      </trkpt>
      <trkpt lon="7.62341840790128" lat="45.5758236047911">
        <ele>2283.79</ele>
      </trkpt>
      <trkpt lon="7.62345280243164" lat="45.5758584032212">
        <ele>2285.16</ele>
      </trkpt>
      <trkpt lon="7.62347398883974" lat="45.5758672980933">
        <ele>2286</ele>
      </trkpt>
      <trkpt lon="7.62357493971589" lat="45.5759373730518">
        <ele>2290.01</ele>
      </trkpt>
      <trkpt lon="7.62358038093616" lat="45.5759665127279">
        <ele>2290</ele>
      </trkpt>
      <trkpt lon="7.62358086622061" lat="45.5760095415956">
        <ele>2289</ele>
      </trkpt>
      <trkpt lon="7.62360319390171" lat="45.5760399647994">
        <ele>2289.03</ele>
      </trkpt>
      <trkpt lon="7.62362286918651" lat="45.5760477624072">
        <ele>2289</ele>
      </trkpt>
      <trkpt lon="7.62365041979133" lat="45.5760480960133">
        <ele>2290.06</ele>
      </trkpt>
      <trkpt lon="7.62365840899405" lat="45.5760410792464">
        <ele>2290.5</ele>
      </trkpt>
      <trkpt lon="7.62366142022204" lat="45.5760385069882">
        <ele>2290.76</ele>
      </trkpt>
      <trkpt lon="7.62370465753289" lat="45.5760261570917">
        <ele>2292.01</ele>
      </trkpt>
      <trkpt lon="7.62373315335795" lat="45.5759877063955">
        <ele>2292.81</ele>
      </trkpt>
      <trkpt lon="7.62375777190524" lat="45.5759191437914">
        <ele>2294.87</ele>
      </trkpt>
      <trkpt lon="7.6238059651537" lat="45.5758928130343">
        <ele>2295</ele>
      </trkpt>
      <trkpt lon="7.62385522481904" lat="45.5758805326419">
        <ele>2295.2</ele>
      </trkpt>
      <trkpt lon="7.62385689430188" lat="45.5758804632117">
        <ele>2295.2</ele>
      </trkpt>
      <trkpt lon="7.6238591166079" lat="45.5758786909661">
        <ele>2295.33</ele>
      </trkpt>
      <trkpt lon="7.62392329619232" lat="45.575859032753">
        <ele>2297.23</ele>
      </trkpt>
      <trkpt lon="7.62396089438714" lat="45.5758519246012">
        <ele>2298</ele>
      </trkpt>
      <trkpt lon="7.62399160614099" lat="45.5758539138351">
        <ele>2298.18</ele>
      </trkpt>
      <trkpt lon="7.62402422327324" lat="45.5758671783716">
        <ele>2299.02</ele>
      </trkpt>
      <trkpt lon="7.62405332114477" lat="45.5758669897572">
        <ele>2299.63</ele>
      </trkpt>
      <trkpt lon="7.62409565833076" lat="45.5758600288769">
        <ele>2300.5</ele>
      </trkpt>
      <trkpt lon="7.62416691268341" lat="45.5758603462355">
        <ele>2302.01</ele>
      </trkpt>
      <trkpt lon="7.62422517792502" lat="45.5758572689394">
        <ele>2303.43</ele>
      </trkpt>
      <trkpt lon="7.62430814657089" lat="45.5758501667788">
        <ele>2306.71</ele>
      </trkpt>
      <trkpt lon="7.62436240882075" lat="45.575853520162">
        <ele>2307.7</ele>
      </trkpt>
      <trkpt lon="7.62441964049618" lat="45.5758612292391">
        <ele>2308.9</ele>
      </trkpt>
      <trkpt lon="7.62446373561613" lat="45.5758767939437">
        <ele>2307.31</ele>
      </trkpt>
      <trkpt lon="7.62452212534725" lat="45.5759000895362">
        <ele>2306.07</ele>
      </trkpt>
      <trkpt lon="7.62455106187293" lat="45.5759117789976">
        <ele>2304.83</ele>
      </trkpt>
      <trkpt lon="7.62462581056981" lat="45.5759212299534">
        <ele>2304.35</ele>
      </trkpt>
      <trkpt lon="7.6246592055057" lat="45.5759340528196">
        <ele>2303.83</ele>
      </trkpt>
      <trkpt lon="7.62470208357669" lat="45.5759678735286">
        <ele>2304.01</ele>
      </trkpt>
      <trkpt lon="7.6247415396832" lat="45.5759845493279">
        <ele>2306.11</ele>
      </trkpt>
      <trkpt lon="7.62478726269026" lat="45.5759963528422">
        <ele>2308.97</ele>
      </trkpt>
      <trkpt lon="7.62481656330029" lat="45.5759984142866">
        <ele>2310.21</ele>
      </trkpt>
      <trkpt lon="7.62484309475189" lat="45.5759826224763">
        <ele>2310.95</ele>
      </trkpt>
      <trkpt lon="7.62494799269227" lat="45.5759225886356">
        <ele>2314.56</ele>
      </trkpt>
      <trkpt lon="7.62505172918249" lat="45.575878652412">
        <ele>2317.46</ele>
      </trkpt>
      <trkpt lon="7.62518702761339" lat="45.5758280746572">
        <ele>2321.58</ele>
      </trkpt>
      <trkpt lon="7.62531752846624" lat="45.5757903110684">
        <ele>2325.84</ele>
      </trkpt>
      <trkpt lon="7.62541125021884" lat="45.5757785672273">
        <ele>2328.49</ele>
      </trkpt>
      <trkpt lon="7.62547682931552" lat="45.5757855680333">
        <ele>2329.5</ele>
      </trkpt>
      <trkpt lon="7.62591057537519" lat="45.5757689162208">
        <ele>2338.19</ele>
      </trkpt>
      <trkpt lon="7.62615049950605" lat="45.5756589296385">
        <ele>2335.22</ele>
      </trkpt>
      <trkpt lon="7.62642430747036" lat="45.575704616752">
        <ele>2342.94</ele>
      </trkpt>
      <trkpt lon="7.6264298465054" lat="45.5757034223306">
        <ele>2343.04</ele>
      </trkpt>
      <trkpt lon="7.62645549739439" lat="45.575686988829">
        <ele>2343.14</ele>
      </trkpt>
      <trkpt lon="7.62648588737965" lat="45.5756653024626">
        <ele>2343.37</ele>
      </trkpt>
      <trkpt lon="7.6265291914112" lat="45.5756502524987">
        <ele>2344.22</ele>
      </trkpt>
      <trkpt lon="7.62655005584225" lat="45.5756461831518">
        <ele>2344.79</ele>
      </trkpt>
      <trkpt lon="7.62660356592671" lat="45.5756172134903">
        <ele>2345.29</ele>
      </trkpt>
      <trkpt lon="7.62663463640894" lat="45.575599313337">
        <ele>2346.05</ele>
      </trkpt>
      <trkpt lon="7.62667741840649" lat="45.5755739964425">
        <ele>2347.11</ele>
      </trkpt>
      <trkpt lon="7.6267260919899" lat="45.575559549323">
        <ele>2348.03</ele>
      </trkpt>
      <trkpt lon="7.62675773455098" lat="45.575549668822">
        <ele>2348.39</ele>
      </trkpt>
      <trkpt lon="7.62680090915046" lat="45.5754767396192">
        <ele>2348.17</ele>
      </trkpt>
      <trkpt lon="7.62682391588203" lat="45.5754425417553">
        <ele>2348.65</ele>
      </trkpt>
      <trkpt lon="7.62686047267986" lat="45.5754203887696">
        <ele>2349.68</ele>
      </trkpt>
      <trkpt lon="7.62690242127325" lat="45.5753977608237">
        <ele>2350.97</ele>
      </trkpt>
      <trkpt lon="7.62692910017099" lat="45.57537062984">
        <ele>2351.32</ele>
      </trkpt>
      <trkpt lon="7.62695035947382" lat="45.5753450516211">
        <ele>2351.12</ele>
      </trkpt>
      <trkpt lon="7.62696849912707" lat="45.5753264568818">
        <ele>2351.82</ele>
      </trkpt>
      <trkpt lon="7.62697940781549" lat="45.5753206485067">
        <ele>2352</ele>
      </trkpt>
      <trkpt lon="7.62699402769478" lat="45.5753149735039">
        <ele>2352</ele>
      </trkpt>
      <trkpt lon="7.62703993696427" lat="45.5753192157181">
        <ele>2353.59</ele>
      </trkpt>
      <trkpt lon="7.62707156562393" lat="45.5753099630105">
        <ele>2353.99</ele>
      </trkpt>
      <trkpt lon="7.62708538813908" lat="45.5753106714944">
        <ele>2354.35</ele>
      </trkpt>
      <trkpt lon="7.62711267741867" lat="45.5753217109236">
        <ele>2355.43</ele>
      </trkpt>
      <trkpt lon="7.62715562869278" lat="45.5753052136976">
        <ele>2356.67</ele>
      </trkpt>
      <trkpt lon="7.62719312453672" lat="45.5752760522108">
        <ele>2356.52</ele>
      </trkpt>
      <trkpt lon="7.62721667554603" lat="45.5752510406949">
        <ele>2357.42</ele>
      </trkpt>
      <trkpt lon="7.62723371223086" lat="45.5752409850493">
        <ele>2358</ele>
      </trkpt>
      <trkpt lon="7.62725224047848" lat="45.5752379684844">
        <ele>2358</ele>
      </trkpt>
      <trkpt lon="7.62727057700268" lat="45.5752376492078">
        <ele>2358.51</ele>
      </trkpt>
      <trkpt lon="7.62728622756527" lat="45.5752265851901">
        <ele>2359.11</ele>
      </trkpt>
      <trkpt lon="7.62730324757257" lat="45.5752170684468">
        <ele>2359.5</ele>
      </trkpt>
      <trkpt lon="7.62746426259198" lat="45.5751998306685">
        <ele>2362.59</ele>
      </trkpt>
      <trkpt lon="7.62749039371602" lat="45.5752004142673">
        <ele>2363.05</ele>
      </trkpt>
      <trkpt lon="7.62780960774623" lat="45.5751289127498">
        <ele>2371.67</ele>
      </trkpt>
      <trkpt lon="7.62808964026974" lat="45.5749188629175">
        <ele>2377.07</ele>
      </trkpt>
      <trkpt lon="7.6283095885679" lat="45.5748288849813">
        <ele>2383.86</ele>
      </trkpt>
      <trkpt lon="7.62861218447543" lat="45.5748132569357">
        <ele>2391.15</ele>
      </trkpt>
      <trkpt lon="7.62873832742474" lat="45.5748911878896">
        <ele>2396.44</ele>
      </trkpt>
      <trkpt lon="7.62881365643783" lat="45.5749136058446">
        <ele>2399.4</ele>
      </trkpt>
      <trkpt lon="7.62888404958705" lat="45.5749176899565">
        <ele>2402.15</ele>
      </trkpt>
      <trkpt lon="7.62902344430729" lat="45.574919724679">
        <ele>2408.6</ele>
      </trkpt>
      <trkpt lon="7.62922961931548" lat="45.574868914265">
        <ele>2418.59</ele>
      </trkpt>
      <trkpt lon="7.62932085784851" lat="45.5748484951812">
        <ele>2423.13</ele>
      </trkpt>
      <trkpt lon="7.62954960505968" lat="45.5745389062351">
        <ele>2435.28</ele>
      </trkpt>
      <trkpt lon="7.62976971305735" lat="45.5743788987564">
        <ele>2442.64</ele>
      </trkpt>
      <trkpt lon="7.62986967102657" lat="45.5743688466844">
        <ele>2446.16</ele>
      </trkpt>
      <trkpt lon="7.63001966626865" lat="45.5744989097375">
        <ele>2454.11</ele>
      </trkpt>
      <trkpt lon="7.63031963417797" lat="45.5743488616097">
        <ele>2468.39</ele>
      </trkpt>
      <trkpt lon="7.63060965016655" lat="45.5744289358569">
        <ele>2481.01</ele>
      </trkpt>
      <trkpt lon="7.63077968146919" lat="45.574298931432">
        <ele>2489.03</ele>
      </trkpt>
      <trkpt lon="7.63109971810073" lat="45.5742088877879">
        <ele>2501.21</ele>
      </trkpt>
      <trkpt lon="7.63116420287802" lat="45.5742082189454">
        <ele>2503.46</ele>
      </trkpt>
      <trkpt lon="7.63131969184283" lat="45.5742388850999">
        <ele>2509.16</ele>
      </trkpt>
      <trkpt lon="7.63160972244562" lat="45.5741389409181">
        <ele>2519.74</ele>
      </trkpt>
      <trkpt lon="7.63188975199682" lat="45.5739388718929">
        <ele>2527.78</ele>
      </trkpt>
      <trkpt lon="7.63231965631676" lat="45.5737788525382">
        <ele>2534.47</ele>
      </trkpt>
      <trkpt lon="7.63246072350982" lat="45.5737699203333">
        <ele>2536.93</ele>
      </trkpt>
      <trkpt lon="7.63246072350982" lat="45.5737699203333">
        <ele>2536.93</ele>
      </trkpt>
      <trkpt lon="7.63271772707755" lat="45.5737369025224">
        <ele>2540.48</ele>
      </trkpt>
      <trkpt lon="7.63287173117539" lat="45.5737019336739">
        <ele>2541.33</ele>
      </trkpt>
      <trkpt lon="7.63297592494605" lat="45.5737126321658">
        <ele>2544</ele>
      </trkpt>
      <trkpt lon="7.63297592494605" lat="45.5737126321658">
        <ele>2544</ele>
      </trkpt>
      <trkpt lon="7.6331797407112" lat="45.5737058895071">
        <ele>2545.5</ele>
      </trkpt>
      <trkpt lon="7.63323172865737" lat="45.5736708669005">
        <ele>2543.61</ele>
      </trkpt>
      <trkpt lon="7.63338573203548" lat="45.5736728906516">
        <ele>2545.74</ele>
      </trkpt>
      <trkpt lon="7.63343774500145" lat="45.5736368791314">
        <ele>2542.32</ele>
      </trkpt>
      <trkpt lon="7.63348772594526" lat="45.5736739305454">
        <ele>2544.15</ele>
      </trkpt>
      <trkpt lon="7.63348672522279" lat="45.5737099231103">
        <ele>2546.24</ele>
      </trkpt>
      <trkpt lon="7.63364072860096" lat="45.5737119440835">
        <ele>2540.24</ele>
      </trkpt>
      <trkpt lon="7.63374174886791" lat="45.5737848913371">
        <ele>2543.13</ele>
      </trkpt>
      <trkpt lon="7.63384376429992" lat="45.573821934917">
        <ele>2540.45</ele>
      </trkpt>
      <trkpt lon="7.63389475152363" lat="45.5738229048752">
        <ele>2535.41</ele>
      </trkpt>
      <trkpt lon="7.63393709118286" lat="45.573831602723">
        <ele>2534.1</ele>
      </trkpt>
      <trkpt lon="7.63393999676896" lat="45.5738333472394">
        <ele>2533.95</ele>
      </trkpt>
      <trkpt lon="7.63395993276266" lat="45.5738621203786">
        <ele>2537.78</ele>
      </trkpt>
      <trkpt lon="7.63397483826905" lat="45.5738816487919">
        <ele>2540.77</ele>
      </trkpt>
      <trkpt lon="7.63401355271559" lat="45.5738971439986">
        <ele>2540.17</ele>
      </trkpt>
      <trkpt lon="7.63406833422187" lat="45.5739107615344">
        <ele>2532.67</ele>
      </trkpt>
      <trkpt lon="7.63412620181426" lat="45.5739291847766">
        <ele>2528.47</ele>
      </trkpt>
      <trkpt lon="7.63417407196138" lat="45.5739476690355">
        <ele>2527.56</ele>
      </trkpt>
      <trkpt lon="7.63436482149492" lat="45.5740464400237">
        <ele>2519.57</ele>
      </trkpt>
      <trkpt lon="7.63442427269705" lat="45.5740524629683">
        <ele>2517.49</ele>
      </trkpt>
      <trkpt lon="7.63445859277777" lat="45.5740589051268">
        <ele>2515.84</ele>
      </trkpt>
      <trkpt lon="7.63447719577845" lat="45.5740686666626">
        <ele>2515.34</ele>
      </trkpt>
      <trkpt lon="7.63451809917073" lat="45.5740837368796">
        <ele>2517.24</ele>
      </trkpt>
      <trkpt lon="7.63455470261568" lat="45.5740911957523">
        <ele>2515.16</ele>
      </trkpt>
      <trkpt lon="7.63461228663908" lat="45.574121408178">
        <ele>2512.36</ele>
      </trkpt>
      <trkpt lon="7.6346799154729" lat="45.5741442677368">
        <ele>2509.31</ele>
      </trkpt>
      <trkpt lon="7.6347157133148" lat="45.5741532488624">
        <ele>2508.92</ele>
      </trkpt>
      <trkpt lon="7.63476694734942" lat="45.5741756415855">
        <ele>2507.62</ele>
      </trkpt>
      <trkpt lon="7.63481488432052" lat="45.5741861173097">
        <ele>2505.37</ele>
      </trkpt>
      <trkpt lon="7.63485607951723" lat="45.5741944401371">
        <ele>2504.98</ele>
      </trkpt>
      <trkpt lon="7.63491079461114" lat="45.5741949128963">
        <ele>2500.76</ele>
      </trkpt>
      <trkpt lon="7.6349495451976" lat="45.5742089691782">
        <ele>2499.45</ele>
      </trkpt>
      <trkpt lon="7.63497133457025" lat="45.5742089582759">
        <ele>2498.59</ele>
      </trkpt>
      <trkpt lon="7.6349992687254" lat="45.5741985805045">
        <ele>2496.97</ele>
      </trkpt>
      <trkpt lon="7.63504475892665" lat="45.5741830138817">
        <ele>2495.2</ele>
      </trkpt>
      <trkpt lon="7.63508141797217" lat="45.5741882226982">
        <ele>2493.77</ele>
      </trkpt>
      <trkpt lon="7.63513116621327" lat="45.5741925982859">
        <ele>2491.26</ele>
      </trkpt>
      <trkpt lon="7.63518710917144" lat="45.5741900265357">
        <ele>2488.64</ele>
      </trkpt>
      <trkpt lon="7.63524599653369" lat="45.574192888284">
        <ele>2486.34</ele>
      </trkpt>
      <trkpt lon="7.63528352512505" lat="45.574193877558">
        <ele>2484.94</ele>
      </trkpt>
      <trkpt lon="7.63532699534545" lat="45.5742035782198">
        <ele>2485</ele>
      </trkpt>
      <trkpt lon="7.63536445721618" lat="45.5742072647833">
        <ele>2484.18</ele>
      </trkpt>
      <trkpt lon="7.63539121056042" lat="45.5742086650754">
        <ele>2484.24</ele>
      </trkpt>
      <trkpt lon="7.63546050959862" lat="45.5741943709354">
        <ele>2483.43</ele>
      </trkpt>
      <trkpt lon="7.63559230195773" lat="45.574166332604">
        <ele>2483.76</ele>
      </trkpt>
      <trkpt lon="7.63566688714783" lat="45.5741559719473">
        <ele>2483.13</ele>
      </trkpt>
      <trkpt lon="7.63570604928702" lat="45.5741477998947">
        <ele>2482.46</ele>
      </trkpt>
      <trkpt lon="7.63581672978775" lat="45.5741340894999">
        <ele>2478.95</ele>
      </trkpt>
      <trkpt lon="7.63590864840984" lat="45.5741384293802">
        <ele>2476.55</ele>
      </trkpt>
      <trkpt lon="7.63604269520077" lat="45.5741707231477">
        <ele>2472.49</ele>
      </trkpt>
      <trkpt lon="7.63612885794308" lat="45.5741851632275">
        <ele>2469.77</ele>
      </trkpt>
      <trkpt lon="7.63619182830277" lat="45.5742099477902">
        <ele>2468.31</ele>
      </trkpt>
      <trkpt lon="7.6362893710082" lat="45.5742678196303">
        <ele>2468.04</ele>
      </trkpt>
      <trkpt lon="7.63639584526039" lat="45.5742849321947">
        <ele>2464.22</ele>
      </trkpt>
      <trkpt lon="7.63664884871493" lat="45.5743959652006">
        <ele>2466.16</ele>
      </trkpt>
      <trkpt lon="7.63690375013566" lat="45.5744709250927">
        <ele>2459.22</ele>
      </trkpt>
      <trkpt lon="7.63705475968031" lat="45.5745809182048">
        <ele>2454.58</ele>
      </trkpt>
      <trkpt lon="7.63725677868899" lat="45.5746909812526">
        <ele>2448.23</ele>
      </trkpt>
      <trkpt lon="7.63733692999037" lat="45.5747155187517">
        <ele>2446.39</ele>
      </trkpt>
      <trkpt lon="7.63738296930537" lat="45.5747461338546">
        <ele>2445.88</ele>
      </trkpt>
      <trkpt lon="7.6374129944832" lat="45.5747712431093">
        <ele>2445.26</ele>
      </trkpt>
      <trkpt lon="7.63745800269996" lat="45.5748285755428">
        <ele>2444.07</ele>
      </trkpt>
      <trkpt lon="7.63750985864128" lat="45.5748678992544">
        <ele>2441.85</ele>
      </trkpt>
      <trkpt lon="7.63752021687633" lat="45.5748847664459">
        <ele>2441.97</ele>
      </trkpt>
      <trkpt lon="7.63753585292284" lat="45.5749059226851">
        <ele>2441.9</ele>
      </trkpt>
      <trkpt lon="7.63759123708542" lat="45.5749264765128">
        <ele>2440.16</ele>
      </trkpt>
      <trkpt lon="7.63765430752791" lat="45.5749471220831">
        <ele>2439.45</ele>
      </trkpt>
      <trkpt lon="7.63775452815936" lat="45.5750004327227">
        <ele>2439.38</ele>
      </trkpt>
      <trkpt lon="7.63781658160991" lat="45.5750366370091">
        <ele>2439.8</ele>
      </trkpt>
      <trkpt lon="7.63792950881673" lat="45.5750520245919">
        <ele>2436.1</ele>
      </trkpt>
      <trkpt lon="7.63796800363547" lat="45.5750766978058">
        <ele>2435.07</ele>
      </trkpt>
      <trkpt lon="7.63800625071873" lat="45.5751274688979">
        <ele>2434.33</ele>
      </trkpt>
      <trkpt lon="7.6380605040085" lat="45.5751630397601">
        <ele>2433.12</ele>
      </trkpt>
      <trkpt lon="7.63815361064562" lat="45.5752136558191">
        <ele>2433.19</ele>
      </trkpt>
      <trkpt lon="7.63829240702798" lat="45.5752723752986">
        <ele>2431.89</ele>
      </trkpt>
      <trkpt lon="7.6383522467179" lat="45.5752994626671">
        <ele>2430.99</ele>
      </trkpt>
      <trkpt lon="7.63840667237203" lat="45.5753279250184">
        <ele>2430.37</ele>
      </trkpt>
      <trkpt lon="7.63843446999462" lat="45.5753390561214">
        <ele>2429.04</ele>
      </trkpt>
      <trkpt lon="7.63857378666462" lat="45.5753550300833">
        <ele>2428.24</ele>
      </trkpt>
      <trkpt lon="7.63862579685292" lat="45.5753190157851">
        <ele>2424.65</ele>
      </trkpt>
      <trkpt lon="7.63877880784262" lat="45.5753570237675">
        <ele>2421.21</ele>
      </trkpt>
      <trkpt lon="7.6388818323327" lat="45.5753579803358">
        <ele>2416.91</ele>
      </trkpt>
      <trkpt lon="7.6388818323327" lat="45.5753579803358">
        <ele>2416.91</ele>
      </trkpt>
      <trkpt lon="7.63888380114404" lat="45.5752499915197">
        <ele>2411.78</ele>
      </trkpt>
      <trkpt lon="7.63883378684493" lat="45.575214023466">
        <ele>2410.22</ele>
      </trkpt>
      <trkpt lon="7.63884995409085" lat="45.5752026927797">
        <ele>2409.17</ele>
      </trkpt>
      <trkpt lon="7.63895222054963" lat="45.5751872600384">
        <ele>2404.07</ele>
      </trkpt>
      <trkpt lon="7.63903959190237" lat="45.5751888414722">
        <ele>2400.69</ele>
      </trkpt>
      <trkpt lon="7.63910367923183" lat="45.5751993256849">
        <ele>2399.53</ele>
      </trkpt>
      <trkpt lon="7.63917206640531" lat="45.5752227324871">
        <ele>2398.3</ele>
      </trkpt>
      <trkpt lon="7.63919646132242" lat="45.5752262661436">
        <ele>2397.69</ele>
      </trkpt>
      <trkpt lon="7.63920808387349" lat="45.5752226217188">
        <ele>2396.88</ele>
      </trkpt>
      <trkpt lon="7.63926190471003" lat="45.5752124636456">
        <ele>2394.28</ele>
      </trkpt>
      <trkpt lon="7.63943314184786" lat="45.5752122513944">
        <ele>2390.31</ele>
      </trkpt>
      <trkpt lon="7.63948216232684" lat="45.5752149963785">
        <ele>2389.43</ele>
      </trkpt>
      <trkpt lon="7.63953685764853" lat="45.5752323001175">
        <ele>2388.33</ele>
      </trkpt>
      <trkpt lon="7.63957691641159" lat="45.5752559094307">
        <ele>2387.78</ele>
      </trkpt>
      <trkpt lon="7.63961118922891" lat="45.5752644183075">
        <ele>2388.1</ele>
      </trkpt>
      <trkpt lon="7.63963850353031" lat="45.5752743743763">
        <ele>2388.24</ele>
      </trkpt>
      <trkpt lon="7.63969800178604" lat="45.5752891253192">
        <ele>2388.67</ele>
      </trkpt>
      <trkpt lon="7.63977257770416" lat="45.5753270075459">
        <ele>2389.15</ele>
      </trkpt>
      <trkpt lon="7.63980932797718" lat="45.5753548974908">
        <ele>2389.98</ele>
      </trkpt>
      <trkpt lon="7.63984055064521" lat="45.5753676008886">
        <ele>2389.67</ele>
      </trkpt>
      <trkpt lon="7.6399020210001" lat="45.5753909270668">
        <ele>2389.9</ele>
      </trkpt>
      <trkpt lon="7.6399630221402" lat="45.5754019140404">
        <ele>2390.41</ele>
      </trkpt>
      <trkpt lon="7.64002202626635" lat="45.5753999173339">
        <ele>2389.66</ele>
      </trkpt>
      <trkpt lon="7.64009055584165" lat="45.5753857009662">
        <ele>2390.03</ele>
      </trkpt>
      <trkpt lon="7.64019291126316" lat="45.5753665764659">
        <ele>2389.38</ele>
      </trkpt>
      <trkpt lon="7.64025044030437" lat="45.5753672631464">
        <ele>2388.77</ele>
      </trkpt>
      <trkpt lon="7.64032445835675" lat="45.5753804753009">
        <ele>2388.18</ele>
      </trkpt>
      <trkpt lon="7.64038430082463" lat="45.5754075598916">
        <ele>2387.28</ele>
      </trkpt>
      <trkpt lon="7.64040928171871" lat="45.5754186576335">
        <ele>2387</ele>
      </trkpt>
      <trkpt lon="7.64045291040214" lat="45.5754218775777">
        <ele>2385.34</ele>
      </trkpt>
      <trkpt lon="7.64050768356637" lat="45.5754359423469">
        <ele>2383.97</ele>
      </trkpt>
      <trkpt lon="7.640644646852" lat="45.5754804170051">
        <ele>2382.62</ele>
      </trkpt>
      <trkpt lon="7.6407388260818" lat="45.575513221514">
        <ele>2381.16</ele>
      </trkpt>
      <trkpt lon="7.64079736315285" lat="45.5755306586266">
        <ele>2381.15</ele>
      </trkpt>
      <trkpt lon="7.64082345267779" lat="45.5755277282474">
        <ele>2380.34</ele>
      </trkpt>
      <trkpt lon="7.64084832844476" lat="45.5755166837631">
        <ele>2378.45</ele>
      </trkpt>
      <trkpt lon="7.64089268777336" lat="45.575516131397">
        <ele>2377.46</ele>
      </trkpt>
      <trkpt lon="7.64092867744214" lat="45.5755171012112">
        <ele>2377.37</ele>
      </trkpt>
      <trkpt lon="7.64096473660949" lat="45.5755153681802">
        <ele>2376.28</ele>
      </trkpt>
      <trkpt lon="7.64102534071827" lat="45.5755160910021">
        <ele>2375.28</ele>
      </trkpt>
      <trkpt lon="7.64107753088826" lat="45.5755097802326">
        <ele>2374.51</ele>
      </trkpt>
      <trkpt lon="7.64114352751242" lat="45.5754730299388">
        <ele>2369.73</ele>
      </trkpt>
      <trkpt lon="7.64120834322407" lat="45.5754532800626">
        <ele>2368.06</ele>
      </trkpt>
      <trkpt lon="7.6412992316763" lat="45.5754366305147">
        <ele>2365.1</ele>
      </trkpt>
      <trkpt lon="7.6413673331195" lat="45.5754401395899">
        <ele>2363.76</ele>
      </trkpt>
      <trkpt lon="7.64141052873329" lat="45.5754293119535">
        <ele>2362.13</ele>
      </trkpt>
      <trkpt lon="7.64150552530443" lat="45.5754283711746">
        <ele>2360.9</ele>
      </trkpt>
      <trkpt lon="7.64157349886369" lat="45.5754371914937">
        <ele>2359.99</ele>
      </trkpt>
      <trkpt lon="7.64161947207463" lat="45.5754388169758">
        <ele>2359.7</ele>
      </trkpt>
      <trkpt lon="7.64169235431493" lat="45.5754353648102">
        <ele>2358.22</ele>
      </trkpt>
      <trkpt lon="7.64183825481163" lat="45.5754334994964">
        <ele>2356.02</ele>
      </trkpt>
      <trkpt lon="7.64185384689255" lat="45.575429994002">
        <ele>2355.62</ele>
      </trkpt>
      <trkpt lon="7.64194324636017" lat="45.5754165667433">
        <ele>2353.92</ele>
      </trkpt>
      <trkpt lon="7.64206305197767" lat="45.5754072787696">
        <ele>2350.97</ele>
      </trkpt>
      <trkpt lon="7.64216073224754" lat="45.5753906181755">
        <ele>2347.3</ele>
      </trkpt>
      <trkpt lon="7.64221715327613" lat="45.5753735571754">
        <ele>2345.03</ele>
      </trkpt>
      <trkpt lon="7.64225792651997" lat="45.5753675601931">
        <ele>2343.79</ele>
      </trkpt>
      <trkpt lon="7.64228559110927" lat="45.5753631186798">
        <ele>2342.81</ele>
      </trkpt>
      <trkpt lon="7.64232959510568" lat="45.5753506798994">
        <ele>2341.17</ele>
      </trkpt>
      <trkpt lon="7.64239348566923" lat="45.575337488513">
        <ele>2338.92</ele>
      </trkpt>
      <trkpt lon="7.64246929841389" lat="45.5753400115263">
        <ele>2337.09</ele>
      </trkpt>
      <trkpt lon="7.64249222112909" lat="45.5753408228778">
        <ele>2336.68</ele>
      </trkpt>
      <trkpt lon="7.64254293065496" lat="45.5753373760551">
        <ele>2335.34</ele>
      </trkpt>
      <trkpt lon="7.64260699049335" lat="45.5753330960063">
        <ele>2333.87</ele>
      </trkpt>
      <trkpt lon="7.64267394222476" lat="45.5753204796637">
        <ele>2331.28</ele>
      </trkpt>
      <trkpt lon="7.64278607886849" lat="45.5752782491189">
        <ele>2325.94</ele>
      </trkpt>
      <trkpt lon="7.64281912979404" lat="45.5752683797426">
        <ele>2324.39</ele>
      </trkpt>
      <trkpt lon="7.64286237544921" lat="45.57525548261">
        <ele>2323.02</ele>
      </trkpt>
      <trkpt lon="7.64296531962906" lat="45.5752437444127">
        <ele>2319.52</ele>
      </trkpt>
      <trkpt lon="7.6430474020505" lat="45.5752414784764">
        <ele>2317.55</ele>
      </trkpt>
      <trkpt lon="7.64314045936627" lat="45.5752571658761">
        <ele>2316.49</ele>
      </trkpt>
      <trkpt lon="7.64325022243821" lat="45.5752816008788">
        <ele>2314.7</ele>
      </trkpt>
      <trkpt lon="7.64328455919842" lat="45.5752874096881">
        <ele>2314.93</ele>
      </trkpt>
      <trkpt lon="7.64329286811173" lat="45.5752670759216">
        <ele>2313.22</ele>
      </trkpt>
      <trkpt lon="7.6434856808859" lat="45.5751159906273">
        <ele>2299.29</ele>
      </trkpt>
      <trkpt lon="7.64360595490513" lat="45.5750180476441">
        <ele>2291.77</ele>
      </trkpt>
      <trkpt lon="7.64381098091965" lat="45.5750570255943">
        <ele>2290.2</ele>
      </trkpt>
      <trkpt lon="7.6438681512258" lat="45.5750779572264">
        <ele>2290.07</ele>
      </trkpt>
      <trkpt lon="7.64390114922883" lat="45.5750754685913">
        <ele>2289.73</ele>
      </trkpt>
      <trkpt lon="7.64397740678498" lat="45.5750596328124">
        <ele>2286.74</ele>
      </trkpt>
      <trkpt lon="7.64403114422173" lat="45.5750527998223">
        <ele>2285.31</ele>
      </trkpt>
      <trkpt lon="7.64403976954777" lat="45.5750458802861">
        <ele>2284.52</ele>
      </trkpt>
      <trkpt lon="7.64405495924127" lat="45.5750218492701">
        <ele>2282.66</ele>
      </trkpt>
      <trkpt lon="7.64406816818514" lat="45.5750055350964">
        <ele>2281.08</ele>
      </trkpt>
      <trkpt lon="7.64407701859319" lat="45.5749946571292">
        <ele>2280.17</ele>
      </trkpt>
      <trkpt lon="7.64411546739353" lat="45.5749574010028">
        <ele>2276.11</ele>
      </trkpt>
      <trkpt lon="7.64413737106041" lat="45.5749366868016">
        <ele>2273.88</ele>
      </trkpt>
      <trkpt lon="7.64416214407013" lat="45.5749244700644">
        <ele>2272.23</ele>
      </trkpt>
      <trkpt lon="7.64416914984959" lat="45.5749209533763">
        <ele>2271.56</ele>
      </trkpt>
      <trkpt lon="7.64421242330417" lat="45.5749069756611">
        <ele>2270.07</ele>
      </trkpt>
      <trkpt lon="7.64426791918817" lat="45.5748962925907">
        <ele>2267.29</ele>
      </trkpt>
      <trkpt lon="7.64432706787763" lat="45.5748883540691">
        <ele>2264.6</ele>
      </trkpt>
      <trkpt lon="7.64437757734137" lat="45.574887873986">
        <ele>2262.48</ele>
      </trkpt>
      <trkpt lon="7.64443787008021" lat="45.5749015499094">
        <ele>2260.84</ele>
      </trkpt>
      <trkpt lon="7.64447271775441" lat="45.5749180756606">
        <ele>2260.36</ele>
      </trkpt>
      <trkpt lon="7.64451161568391" lat="45.5749260984584">
        <ele>2259.25</ele>
      </trkpt>
      <trkpt lon="7.64451991028252" lat="45.5749276374657">
        <ele>2259</ele>
      </trkpt>
      <trkpt lon="7.64458297290132" lat="45.5749220851529">
        <ele>2256.32</ele>
      </trkpt>
      <trkpt lon="7.64463495529203" lat="45.5748870569903">
        <ele>2253.22</ele>
      </trkpt>
      <trkpt lon="7.64469093503569" lat="45.574707072432">
        <ele>2244.17</ele>
      </trkpt>
      <trkpt lon="7.64474404037362" lat="45.5746360544835">
        <ele>2241</ele>
      </trkpt>
      <trkpt lon="7.64479797768612" lat="45.5744930375047">
        <ele>2239.6</ele>
      </trkpt>
      <trkpt lon="7.64516094749889" lat="45.5743170532148">
        <ele>2236.08</ele>
      </trkpt>
      <trkpt lon="7.64541698297954" lat="45.5743560038759">
        <ele>2229.08</ele>
      </trkpt>
      <trkpt lon="7.64551798450111" lat="45.574393028001">
        <ele>2227</ele>
      </trkpt>
      <trkpt lon="7.64577500959105" lat="45.5743960749881">
        <ele>2221.52</ele>
      </trkpt>
      <trkpt lon="7.64577302481342" lat="45.5744680601181">
        <ele>2222.32</ele>
      </trkpt>
      <trkpt lon="7.64582400925962" lat="45.5744690245204">
        <ele>2221.34</ele>
      </trkpt>
      <trkpt lon="7.64613006181585" lat="45.5745440293485">
        <ele>2218.78</ele>
      </trkpt>
      <trkpt lon="7.6462850631395" lat="45.5745100438672">
        <ele>2215.79</ele>
      </trkpt>
      <trkpt lon="7.64633704275235" lat="45.5744750157046">
        <ele>2213.88</ele>
      </trkpt>
      <trkpt lon="7.64654007081823" lat="45.5745490695203">
        <ele>2213.78</ele>
      </trkpt>
      <trkpt lon="7.64689897037351" lat="45.5745530508416">
        <ele>2207.17</ele>
      </trkpt>
      <trkpt lon="7.64695207015573" lat="45.574482032893">
        <ele>2204.87</ele>
      </trkpt>
      <trkpt lon="7.64715904070057" lat="45.5743760210935">
        <ele>2204</ele>
      </trkpt>
      <trkpt lon="7.647519029848" lat="45.5743450932114">
        <ele>2205.19</ele>
      </trkpt>
      <trkpt lon="7.64772404824902" lat="45.5743470702281">
        <ele>2205.62</ele>
      </trkpt>
      <trkpt lon="7.64787706201741" lat="45.574385064321">
        <ele>2203.08</ele>
      </trkpt>
      <trkpt lon="7.64792997963808" lat="45.5743964040036">
        <ele>2201.74</ele>
      </trkpt>
      <trkpt lon="7.64798441630767" lat="45.574429810924">
        <ele>2200.13</ele>
      </trkpt>
      <trkpt lon="7.64801317778793" lat="45.5744436532158">
        <ele>2200</ele>
      </trkpt>
      <trkpt lon="7.6480211362033" lat="45.5744485173037">
        <ele>2199.77</ele>
      </trkpt>
      <trkpt lon="7.64803881693712" lat="45.5744595288622">
        <ele>2199.17</ele>
      </trkpt>
      <trkpt lon="7.64809224290062" lat="45.5744709602186">
        <ele>2198.11</ele>
      </trkpt>
      <trkpt lon="7.64814180497609" lat="45.5744779386479">
        <ele>2196.2</ele>
      </trkpt>
      <trkpt lon="7.64820840641806" lat="45.5744798060006">
        <ele>2194.44</ele>
      </trkpt>
      <trkpt lon="7.64829600851913" lat="45.5744717538601">
        <ele>2191.98</ele>
      </trkpt>
      <trkpt lon="7.64834428476514" lat="45.5744627846526">
        <ele>2191.2</ele>
      </trkpt>
      <trkpt lon="7.6483859969536" lat="45.5744549959674">
        <ele>2191</ele>
      </trkpt>
      <trkpt lon="7.64845897927864" lat="45.5744473075847">
        <ele>2190.69</ele>
      </trkpt>
      <trkpt lon="7.64850271082632" lat="45.5744462051986">
        <ele>2190.16</ele>
      </trkpt>
      <trkpt lon="7.64857019849337" lat="45.5744432252153">
        <ele>2189.13</ele>
      </trkpt>
      <trkpt lon="7.64863904159872" lat="45.5744478204361">
        <ele>2187.7</ele>
      </trkpt>
      <trkpt lon="7.64870327071386" lat="45.5744523600557">
        <ele>2187</ele>
      </trkpt>
      <trkpt lon="7.64877404689212" lat="45.5744725501328">
        <ele>2185.3</ele>
      </trkpt>
      <trkpt lon="7.64881379212561" lat="45.5744773395238">
        <ele>2184.7</ele>
      </trkpt>
      <trkpt lon="7.6489100051331" lat="45.5744896379792">
        <ele>2183.08</ele>
      </trkpt>
      <trkpt lon="7.64898958713565" lat="45.5745060613791">
        <ele>2181.22</ele>
      </trkpt>
      <trkpt lon="7.64908235306227" lat="45.574507159519">
        <ele>2180.21</ele>
      </trkpt>
      <trkpt lon="7.64912131524632" lat="45.5744964596229">
        <ele>2180</ele>
      </trkpt>
      <trkpt lon="7.64917923350038" lat="45.5744809431204">
        <ele>2180</ele>
      </trkpt>
      <trkpt lon="7.64922675963893" lat="45.5744766434679">
        <ele>2179.66</ele>
      </trkpt>
      <trkpt lon="7.64925747139315" lat="45.5744786271459">
        <ele>2178.95</ele>
      </trkpt>
      <trkpt lon="7.649396978046" lat="45.5744386024746">
        <ele>2177.23</ele>
      </trkpt>
      <trkpt lon="7.64944945137189" lat="45.5744417419461">
        <ele>2176.09</ele>
      </trkpt>
      <trkpt lon="7.64950924720162" lat="45.5744387591111">
        <ele>2175.3</ele>
      </trkpt>
      <trkpt lon="7.64956986531543" lat="45.5744335345608">
        <ele>2175</ele>
      </trkpt>
      <trkpt lon="7.6496092413169" lat="45.5744269819955">
        <ele>2174.78</ele>
      </trkpt>
      <trkpt lon="7.64965453691219" lat="45.5744195044637">
        <ele>2174</ele>
      </trkpt>
      <trkpt lon="7.64970764656972" lat="45.5744120325624">
        <ele>2172.09</ele>
      </trkpt>
      <trkpt lon="7.64976478093929" lat="45.5744239584114">
        <ele>2170.72</ele>
      </trkpt>
      <trkpt lon="7.64981197892516" lat="45.5744385592324">
        <ele>2169.87</ele>
      </trkpt>
      <trkpt lon="7.64982659025572" lat="45.5744439511753">
        <ele>2169.29</ele>
      </trkpt>
      <trkpt lon="7.64985441567614" lat="45.5744540905868">
        <ele>2168.19</ele>
      </trkpt>
      <trkpt lon="7.64989158007674" lat="45.5744701941273">
        <ele>2166.73</ele>
      </trkpt>
      <trkpt lon="7.64991004438175" lat="45.5744698720741">
        <ele>2166.01</ele>
      </trkpt>
      <trkpt lon="7.64994308964667" lat="45.5744654000561">
        <ele>2164.83</ele>
      </trkpt>
      <trkpt lon="7.6499603011691" lat="45.5744638946277">
        <ele>2164.25</ele>
      </trkpt>
      <trkpt lon="7.65000371053827" lat="45.5744601782837">
        <ele>2163.64</ele>
      </trkpt>
      <trkpt lon="7.65004503083792" lat="45.5744633648716">
        <ele>2162.28</ele>
      </trkpt>
      <trkpt lon="7.65014135998418" lat="45.5745029390161">
        <ele>2159.14</ele>
      </trkpt>
      <trkpt lon="7.65021185259189" lat="45.57453500439">
        <ele>2157.41</ele>
      </trkpt>
      <trkpt lon="7.65021592446409" lat="45.5745576466669">
        <ele>2156.15</ele>
      </trkpt>
      <trkpt lon="7.65021272644862" lat="45.5745947809062">
        <ele>2153.25</ele>
      </trkpt>
      <trkpt lon="7.65020346169967" lat="45.5746284261104">
        <ele>2152.22</ele>
      </trkpt>
      <trkpt lon="7.65020143903911" lat="45.5746486543791">
        <ele>2151.09</ele>
      </trkpt>
      <trkpt lon="7.65021649188491" lat="45.5746623354241">
        <ele>2150.34</ele>
      </trkpt>
      <trkpt lon="7.65020908299146" lat="45.5746826775328">
        <ele>2149.2</ele>
      </trkpt>
      <trkpt lon="7.65018819621142" lat="45.5746932331543">
        <ele>2148.98</ele>
      </trkpt>
      <trkpt lon="7.65018801550656" lat="45.5747007027854">
        <ele>2148.96</ele>
      </trkpt>
      <trkpt lon="7.65021309092084" lat="45.5747080198772">
        <ele>2147.99</ele>
      </trkpt>
      <trkpt lon="7.65028460104565" lat="45.5746975230762">
        <ele>2147.08</ele>
      </trkpt>
      <trkpt lon="7.65035976109134" lat="45.5746952598512">
        <ele>2145.16</ele>
      </trkpt>
      <trkpt lon="7.65045673584295" lat="45.5746758852928">
        <ele>2143.87</ele>
      </trkpt>
      <trkpt lon="7.65055366889381" lat="45.5746582163325">
        <ele>2141.72</ele>
      </trkpt>
      <trkpt lon="7.6506247397629" lat="45.5746660783237">
        <ele>2139.94</ele>
      </trkpt>
      <trkpt lon="7.65066075723132" lat="45.5746659619996">
        <ele>2138.54</ele>
      </trkpt>
      <trkpt lon="7.65073985354984" lat="45.5746598764938">
        <ele>2136.46</ele>
      </trkpt>
      <trkpt lon="7.6508199611995" lat="45.574643632408">
        <ele>2134.85</ele>
      </trkpt>
      <trkpt lon="7.65087224033585" lat="45.5746334465415">
        <ele>2133.57</ele>
      </trkpt>
      <trkpt lon="7.65091709997846" lat="45.5746173271208">
        <ele>2133.18</ele>
      </trkpt>
      <trkpt lon="7.6509908934658" lat="45.5746079359251">
        <ele>2131.72</ele>
      </trkpt>
      <trkpt lon="7.65108515671942" lat="45.5746053589866">
        <ele>2129.04</ele>
      </trkpt>
      <trkpt lon="7.65115441065266" lat="45.5746249879238">
        <ele>2127.32</ele>
      </trkpt>
      <trkpt lon="7.65121938420765" lat="45.5746306164669">
        <ele>2125.19</ele>
      </trkpt>
      <trkpt lon="7.65129891019131" lat="45.5746708015767">
        <ele>2122.79</ele>
      </trkpt>
      <trkpt lon="7.65131839642765" lat="45.5746866021622">
        <ele>2122.86</ele>
      </trkpt>
      <trkpt lon="7.65137577256201" lat="45.5746937612265">
        <ele>2120.62</ele>
      </trkpt>
      <trkpt lon="7.65142069284622" lat="45.5747018507504">
        <ele>2119.86</ele>
      </trkpt>
      <trkpt lon="7.65147290793466" lat="45.5746997678654">
        <ele>2117.83</ele>
      </trkpt>
      <trkpt lon="7.65157021011417" lat="45.5746987576622">
        <ele>2113.83</ele>
      </trkpt>
      <trkpt lon="7.65162302230145" lat="45.5747036999601">
        <ele>2111</ele>
      </trkpt>
      <trkpt lon="7.65167530678861" lat="45.5747040476927">
        <ele>2109.02</ele>
      </trkpt>
      <trkpt lon="7.65171490488596" lat="45.5747042452997">
        <ele>2108.38</ele>
      </trkpt>
      <trkpt lon="7.65176390291497" lat="45.5747186850229">
        <ele>2106.8</ele>
      </trkpt>
      <trkpt lon="7.65197019355787" lat="45.5747211203965">
        <ele>2099.18</ele>
      </trkpt>
      <trkpt lon="7.65196907616641" lat="45.5747571101825">
        <ele>2098.41</ele>
      </trkpt>
      <trkpt lon="7.65205673056863" lat="45.5747736281067">
        <ele>2094.34</ele>
      </trkpt>
      <trkpt lon="7.65213129063449" lat="45.5747696453881">
        <ele>2091.66</ele>
      </trkpt>
      <trkpt lon="7.6522506681204" lat="45.5747780773015">
        <ele>2089</ele>
      </trkpt>
      <trkpt lon="7.6522985244647" lat="45.5747921420042">
        <ele>2089</ele>
      </trkpt>
      <trkpt lon="7.6523678923839" lat="45.5748069124867">
        <ele>2088.95</ele>
      </trkpt>
      <trkpt lon="7.65239972893183" lat="45.5748207881421">
        <ele>2088</ele>
      </trkpt>
      <trkpt lon="7.65242459851468" lat="45.5748420555838">
        <ele>2088.35</ele>
      </trkpt>
      <trkpt lon="7.65245505119816" lat="45.5748816596527">
        <ele>2088</ele>
      </trkpt>
      <trkpt lon="7.65255233884956" lat="45.574913500278">
        <ele>2088</ele>
      </trkpt>
      <trkpt lon="7.65268245213982" lat="45.5749499580013">
        <ele>2086.99</ele>
      </trkpt>
      <trkpt lon="7.65274642548382" lat="45.5749652951129">
        <ele>2086.15</ele>
      </trkpt>
      <trkpt lon="7.65284811080069" lat="45.5749793658877">
        <ele>2084.42</ele>
      </trkpt>
      <trkpt lon="7.65296892413873" lat="45.5750027537477">
        <ele>2082</ele>
      </trkpt>
      <trkpt lon="7.65306489249531" lat="45.5750253969061">
        <ele>2079.44</ele>
      </trkpt>
      <trkpt lon="7.65309010628859" lat="45.5750590896645">
        <ele>2078.78</ele>
      </trkpt>
      <trkpt lon="7.65308812428722" lat="45.5751311636858">
        <ele>2076.3</ele>
      </trkpt>
      <trkpt lon="7.65319111336643" lat="45.5750961026782">
        <ele>2073.62</ele>
      </trkpt>
      <trkpt lon="7.65319114877801" lat="45.5751321091424">
        <ele>2071.58</ele>
      </trkpt>
      <trkpt lon="7.65324117140946" lat="45.5751681605316">
        <ele>2069.54</ele>
      </trkpt>
      <trkpt lon="7.65329215863369" lat="45.5751691221561">
        <ele>2067.62</ele>
      </trkpt>
      <trkpt lon="7.65333737937791" lat="45.5751539055394">
        <ele>2066.74</ele>
      </trkpt>
      <trkpt lon="7.65336441597972" lat="45.5751595337185">
        <ele>2065.52</ele>
      </trkpt>
      <trkpt lon="7.65344506181946" lat="45.575179837782">
        <ele>2061.15</ele>
      </trkpt>
      <trkpt lon="7.65347275132716" lat="45.5751796241533">
        <ele>2060.27</ele>
      </trkpt>
      <trkpt lon="7.65355244762575" lat="45.5751752525853">
        <ele>2057.54</ele>
      </trkpt>
      <trkpt lon="7.65361662999925" lat="45.5751550360243">
        <ele>2056.16</ele>
      </trkpt>
      <trkpt lon="7.65371191014335" lat="45.575142117168">
        <ele>2053.98</ele>
      </trkpt>
      <trkpt lon="7.65374158564823" lat="45.5751500287633">
        <ele>2052.51</ele>
      </trkpt>
      <trkpt lon="7.65379169808083" lat="45.5751392789728">
        <ele>2051.18</ele>
      </trkpt>
      <trkpt lon="7.65386247714046" lat="45.575154155027">
        <ele>2049.18</ele>
      </trkpt>
      <trkpt lon="7.65392709258547" lat="45.5751478943778">
        <ele>2047.67</ele>
      </trkpt>
      <trkpt lon="7.65403510895242" lat="45.5751437675321">
        <ele>2044.45</ele>
      </trkpt>
      <trkpt lon="7.65411609942105" lat="45.5751549824807">
        <ele>2042.28</ele>
      </trkpt>
      <trkpt lon="7.65418903170493" lat="45.5751493608163">
        <ele>2039.44</ele>
      </trkpt>
      <trkpt lon="7.65421432674708" lat="45.5751474999009">
        <ele>2038.46</ele>
      </trkpt>
      <trkpt lon="7.65423121320819" lat="45.5751487778729">
        <ele>2038</ele>
      </trkpt>
      <trkpt lon="7.6542694507248" lat="45.5751201552954">
        <ele>2037.19</ele>
      </trkpt>
      <trkpt lon="7.65430092092364" lat="45.5751172860805">
        <ele>2036.11</ele>
      </trkpt>
      <trkpt lon="7.65432814625916" lat="45.5751311089125">
        <ele>2035.03</ele>
      </trkpt>
      <trkpt lon="7.6543529631262" lat="45.5751491318274">
        <ele>2034.06</ele>
      </trkpt>
      <trkpt lon="7.65437106601808" lat="45.5751639268187">
        <ele>2033.07</ele>
      </trkpt>
      <trkpt lon="7.65440762497776" lat="45.5751734496319">
        <ele>2031.9</ele>
      </trkpt>
      <trkpt lon="7.65443724488388" lat="45.5751835196144">
        <ele>2030.73</ele>
      </trkpt>
      <trkpt lon="7.65446767873001" lat="45.5751918895619">
        <ele>2029.53</ele>
      </trkpt>
      <trkpt lon="7.65449582643411" lat="45.5751992400174">
        <ele>2028.25</ele>
      </trkpt>
      <trkpt lon="7.65453444635059" lat="45.5752190492208">
        <ele>2026.9</ele>
      </trkpt>
      <trkpt lon="7.65457229124836" lat="45.5752389361966">
        <ele>2025.75</ele>
      </trkpt>
      <trkpt lon="7.6545905275833" lat="45.5752482421619">
        <ele>2024.89</ele>
      </trkpt>
      <trkpt lon="7.6546279301307" lat="45.5753027772296">
        <ele>2022.84</ele>
      </trkpt>
      <trkpt lon="7.65463069608434" lat="45.5753425949273">
        <ele>2020.49</ele>
      </trkpt>
      <trkpt lon="7.65462078461366" lat="45.5753497700132">
        <ele>2020.47</ele>
      </trkpt>
      <trkpt lon="7.65458009424963" lat="45.5753791731424">
        <ele>2020.34</ele>
      </trkpt>
      <trkpt lon="7.65455970736676" lat="45.5753955844719">
        <ele>2020.34</ele>
      </trkpt>
      <trkpt lon="7.65457811606952" lat="45.575397601366">
        <ele>2020.01</ele>
      </trkpt>
      <trkpt lon="7.65460497227808" lat="45.5753946793277">
        <ele>2018.46</ele>
      </trkpt>
      <trkpt lon="7.65463428977795" lat="45.5753853015946">
        <ele>2017.92</ele>
      </trkpt>
      <trkpt lon="7.65466600184657" lat="45.5753722654588">
        <ele>2016.63</ele>
      </trkpt>
      <trkpt lon="7.65470238072819" lat="45.5753570320902">
        <ele>2014.98</ele>
      </trkpt>
      <trkpt lon="7.65471815639866" lat="45.5753405651595">
        <ele>2014.63</ele>
      </trkpt>
      <trkpt lon="7.65473819587487" lat="45.5753332401669">
        <ele>2013.88</ele>
      </trkpt>
      <trkpt lon="7.65477964683803" lat="45.5753310293976">
        <ele>2012.28</ele>
      </trkpt>
      <trkpt lon="7.65481139782795" lat="45.5753163709991">
        <ele>2011.01</ele>
      </trkpt>
      <trkpt lon="7.65484139582479" lat="45.575310782257">
        <ele>2009.84</ele>
      </trkpt>
      <trkpt lon="7.65485743775983" lat="45.5753152936357">
        <ele>2009.22</ele>
      </trkpt>
      <trkpt lon="7.65486257378424" lat="45.5753256133898">
        <ele>2008.55</ele>
      </trkpt>
      <trkpt lon="7.65487737096567" lat="45.5753446001218">
        <ele>2007.41</ele>
      </trkpt>
      <trkpt lon="7.65489803801283" lat="45.5753486254216">
        <ele>2006.6</ele>
      </trkpt>
      <trkpt lon="7.65491336341257" lat="45.5753455643802">
        <ele>2006</ele>
      </trkpt>
      <trkpt lon="7.65492808605276" lat="45.5753408782921">
        <ele>2005.59</ele>
      </trkpt>
      <trkpt lon="7.65495437852643" lat="45.5753293949213">
        <ele>2004.77</ele>
      </trkpt>
      <trkpt lon="7.65498355424092" lat="45.5753259590034">
        <ele>2004.11</ele>
      </trkpt>
      <trkpt lon="7.65499797106851" lat="45.5753341399036">
        <ele>2003.72</ele>
      </trkpt>
      <trkpt lon="7.6550006207801" lat="45.5753519931572">
        <ele>2002.76</ele>
      </trkpt>
      <trkpt lon="7.65500267061685" lat="45.5753627267809">
        <ele>2002.51</ele>
      </trkpt>
      <trkpt lon="7.65501469019931" lat="45.5753693492855">
        <ele>2002.03</ele>
      </trkpt>
      <trkpt lon="7.6550379214018" lat="45.5753626021159">
        <ele>2001.13</ele>
      </trkpt>
      <trkpt lon="7.65504581340812" lat="45.5753541464228">
        <ele>2000.91</ele>
      </trkpt>
      <trkpt lon="7.65507605327651" lat="45.5753382990908">
        <ele>2000.65</ele>
      </trkpt>
      <trkpt lon="7.65513308540892" lat="45.5753223186792">
        <ele>1997.91</ele>
      </trkpt>
      <trkpt lon="7.65521390073021" lat="45.5753409115901">
        <ele>1994.29</ele>
      </trkpt>
      <trkpt lon="7.65523212049088" lat="45.5753454479904">
        <ele>1993.57</ele>
      </trkpt>
      <trkpt lon="7.65526412940317" lat="45.5753522151348">
        <ele>1991.85</ele>
      </trkpt>
      <trkpt lon="7.65529017712414" lat="45.5753563015989">
        <ele>1990.33</ele>
      </trkpt>
      <trkpt lon="7.65530606347921" lat="45.5753618907811">
        <ele>1989.67</ele>
      </trkpt>
      <trkpt lon="7.65531960798142" lat="45.575374380115">
        <ele>1989.13</ele>
      </trkpt>
      <trkpt lon="7.65531910478296" lat="45.5753954361969">
        <ele>1988.22</ele>
      </trkpt>
      <trkpt lon="7.65531618477367" lat="45.5754211451507">
        <ele>1987.44</ele>
      </trkpt>
      <trkpt lon="7.65531954000381" lat="45.5754417068127">
        <ele>1986.53</ele>
      </trkpt>
      <trkpt lon="7.65534264001939" lat="45.5754672715681">
        <ele>1985.14</ele>
      </trkpt>
      <trkpt lon="7.65536466816731" lat="45.5754733830447">
        <ele>1984.28</ele>
      </trkpt>
      <trkpt lon="7.65539067696704" lat="45.5754790889936">
        <ele>1983.26</ele>
      </trkpt>
      <trkpt lon="7.6554000573313" lat="45.5754996312685">
        <ele>1982.75</ele>
      </trkpt>
      <trkpt lon="7.65538516705089" lat="45.5755541825017">
        <ele>1981.4</ele>
      </trkpt>
      <trkpt lon="7.65543424381841" lat="45.5756621412514">
        <ele>1982.31</ele>
      </trkpt>
      <trkpt lon="7.65553413906053" lat="45.575735146829">
        <ele>1980.19</ele>
      </trkpt>
      <trkpt lon="7.65568815077404" lat="45.5757371400233">
        <ele>1972.74</ele>
      </trkpt>
      <trkpt lon="7.65588217183122" lat="45.5757328528873">
        <ele>1962.26</ele>
      </trkpt>
      <trkpt lon="7.65598949647447" lat="45.5757308733113">
        <ele>1958.9</ele>
      </trkpt>
      <trkpt lon="7.65604397824801" lat="45.5757304349339">
        <ele>1956.89</ele>
      </trkpt>
      <trkpt lon="7.65609011270523" lat="45.5757253074693">
        <ele>1955.61</ele>
      </trkpt>
      <trkpt lon="7.65614596135056" lat="45.5757158827673">
        <ele>1953.3</ele>
      </trkpt>
      <trkpt lon="7.65616227284981" lat="45.5757145440011">
        <ele>1953.16</ele>
      </trkpt>
      <trkpt lon="7.65615795900617" lat="45.5757072937768">
        <ele>1952.81</ele>
      </trkpt>
      <trkpt lon="7.65614169528867" lat="45.5756799179302">
        <ele>1951.3</ele>
      </trkpt>
      <trkpt lon="7.65620444108015" lat="45.5756822769249">
        <ele>1949.72</ele>
      </trkpt>
      <trkpt lon="7.65621478325761" lat="45.575667818326">
        <ele>1948.55</ele>
      </trkpt>
      <trkpt lon="7.65620609461724" lat="45.5756451232257">
        <ele>1947.63</ele>
      </trkpt>
      <trkpt lon="7.65620888395952" lat="45.575624994967">
        <ele>1946.41</ele>
      </trkpt>
      <trkpt lon="7.65622915963961" lat="45.5756131698631">
        <ele>1945.54</ele>
      </trkpt>
      <trkpt lon="7.65631942823702" lat="45.575616931935">
        <ele>1942.59</ele>
      </trkpt>
      <trkpt lon="7.65635697628943" lat="45.5756171045217">
        <ele>1941.29</ele>
      </trkpt>
      <trkpt lon="7.65634970702663" lat="45.575599467896">
        <ele>1940.7</ele>
      </trkpt>
      <trkpt lon="7.65634109900659" lat="45.5755735338259">
        <ele>1939.36</ele>
      </trkpt>
      <trkpt lon="7.65636749423926" lat="45.5755631338167">
        <ele>1938.67</ele>
      </trkpt>
      <trkpt lon="7.65640571444993" lat="45.5755673620678">
        <ele>1937.46</ele>
      </trkpt>
      <trkpt lon="7.65646714928533" lat="45.5755602541444">
        <ele>1935.44</ele>
      </trkpt>
      <trkpt lon="7.65651321198443" lat="45.5755311816306">
        <ele>1932.22</ele>
      </trkpt>
      <trkpt lon="7.65656621384213" lat="45.5754961618111">
        <ele>1928.82</ele>
      </trkpt>
      <trkpt lon="7.65675905471526" lat="45.5754714269258">
        <ele>1922.32</ele>
      </trkpt>
      <trkpt lon="7.65683590774118" lat="45.5754035648399">
        <ele>1916.97</ele>
      </trkpt>
      <trkpt lon="7.65694974241006" lat="45.5753220027632">
        <ele>1908.42</ele>
      </trkpt>
      <trkpt lon="7.65701160527773" lat="45.5753022973039">
        <ele>1906.76</ele>
      </trkpt>
      <trkpt lon="7.65710037387367" lat="45.575304423209">
        <ele>1904.95</ele>
      </trkpt>
      <trkpt lon="7.65721418352097" lat="45.5752239417149">
        <ele>1899.28</ele>
      </trkpt>
      <trkpt lon="7.65725592917496" lat="45.5752094000818">
        <ele>1898.74</ele>
      </trkpt>
      <trkpt lon="7.65727484118299" lat="45.5751848690888">
        <ele>1896.07</ele>
      </trkpt>
      <trkpt lon="7.65733785664544" lat="45.5751758889111">
        <ele>1894.05</ele>
      </trkpt>
      <trkpt lon="7.65742998099499" lat="45.5751716619104">
        <ele>1891.22</ele>
      </trkpt>
      <trkpt lon="7.65749745754053" lat="45.5751692152736">
        <ele>1889.07</ele>
      </trkpt>
      <trkpt lon="7.65759959056062" lat="45.5751590743308">
        <ele>1884.8</ele>
      </trkpt>
      <trkpt lon="7.65761102694927" lat="45.5751578577431">
        <ele>1884.28</ele>
      </trkpt>
      <trkpt lon="7.65775325208626" lat="45.5751703316442">
        <ele>1879.32</ele>
      </trkpt>
      <trkpt lon="7.6577316249011" lat="45.5751151717119">
        <ele>1877.14</ele>
      </trkpt>
      <trkpt lon="7.65771724751818" lat="45.575078456759">
        <ele>1875.62</ele>
      </trkpt>
      <trkpt lon="7.65769874832653" lat="45.5750157744448">
        <ele>1872.05</ele>
      </trkpt>
      <trkpt lon="7.65767504843777" lat="45.5749830011685">
        <ele>1870.84</ele>
      </trkpt>
      <trkpt lon="7.65767058457161" lat="45.5749767370788">
        <ele>1870.84</ele>
      </trkpt>
      <trkpt lon="7.65765300434223" lat="45.5749398970919">
        <ele>1868.82</ele>
      </trkpt>
      <trkpt lon="7.65765282767037" lat="45.574882828984">
        <ele>1866.02</ele>
      </trkpt>
      <trkpt lon="7.65767760613786" lat="45.574875648485">
        <ele>1865.23</ele>
      </trkpt>
      <trkpt lon="7.65779299505196" lat="45.5748632353897">
        <ele>1860.88</ele>
      </trkpt>
      <trkpt lon="7.65782203464543" lat="45.574860155035">
        <ele>1859.67</ele>
      </trkpt>
      <trkpt lon="7.65788679475868" lat="45.5748425552122">
        <ele>1857.31</ele>
      </trkpt>
      <trkpt lon="7.65794222124783" lat="45.5748292526305">
        <ele>1855.28</ele>
      </trkpt>
      <trkpt lon="7.65796710535896" lat="45.5748176636879">
        <ele>1854.5</ele>
      </trkpt>
      <trkpt lon="7.65800190702333" lat="45.5747718073094">
        <ele>1851.65</ele>
      </trkpt>
      <trkpt lon="7.65804685573547" lat="45.5747465043245">
        <ele>1849.46</ele>
      </trkpt>
      <trkpt lon="7.65808831782055" lat="45.5747437518749">
        <ele>1848.02</ele>
      </trkpt>
      <trkpt lon="7.65809846601847" lat="45.5747051648878">
        <ele>1846.35</ele>
      </trkpt>
      <trkpt lon="7.65811891684587" lat="45.5746859645996">
        <ele>1845.36</ele>
      </trkpt>
      <trkpt lon="7.65816820772623" lat="45.5746398277974">
        <ele>1842.69</ele>
      </trkpt>
      <trkpt lon="7.65824677645521" lat="45.574623469805">
        <ele>1839.64</ele>
      </trkpt>
      <trkpt lon="7.65831066083508" lat="45.574642582011">
        <ele>1838.39</ele>
      </trkpt>
      <trkpt lon="7.6583822383092" lat="45.5745970676605">
        <ele>1834.38</ele>
      </trkpt>
      <trkpt lon="7.65842672541876" lat="45.5745965097398">
        <ele>1832.87</ele>
      </trkpt>
      <trkpt lon="7.6585152867639" lat="45.5745427342327">
        <ele>1828.68</ele>
      </trkpt>
      <trkpt lon="7.65859195793493" lat="45.5745414738252">
        <ele>1826.25</ele>
      </trkpt>
      <trkpt lon="7.65869943548543" lat="45.5745330135315">
        <ele>1823.06</ele>
      </trkpt>
      <trkpt lon="7.65888284191654" lat="45.5745545213887">
        <ele>1818.89</ele>
      </trkpt>
      <trkpt lon="7.65899018109147" lat="45.5745195076461">
        <ele>1815.73</ele>
      </trkpt>
      <trkpt lon="7.65905604087185" lat="45.5745202805195">
        <ele>1814.16</ele>
      </trkpt>
      <trkpt lon="7.65909468366064" lat="45.5745066916585">
        <ele>1813.74</ele>
      </trkpt>
      <trkpt lon="7.65916941011346" lat="45.5745172898648">
        <ele>1811.93</ele>
      </trkpt>
      <trkpt lon="7.65924515954437" lat="45.5744901871298">
        <ele>1809.85</ele>
      </trkpt>
      <trkpt lon="7.65940952455916" lat="45.574477085598">
        <ele>1806.15</ele>
      </trkpt>
      <trkpt lon="7.65951538534446" lat="45.5744718475923">
        <ele>1804</ele>
      </trkpt>
      <trkpt lon="7.65954290815041" lat="45.5744732506694">
        <ele>1803.21</ele>
      </trkpt>
      <trkpt lon="7.65969246156241" lat="45.5744685242068">
        <ele>1799.38</ele>
      </trkpt>
      <trkpt lon="7.65985126467356" lat="45.5744898290451">
        <ele>1796.16</ele>
      </trkpt>
      <trkpt lon="7.6602122582351" lat="45.574518816572">
        <ele>1791.06</ele>
      </trkpt>
      <trkpt lon="7.66035156399145" lat="45.5745246819449">
        <ele>1788.62</ele>
      </trkpt>
      <trkpt lon="7.6604333878645" lat="45.5745332023891">
        <ele>1785.89</ele>
      </trkpt>
      <trkpt lon="7.6605872690199" lat="45.5745351872483">
        <ele>1780.22</ele>
      </trkpt>
      <trkpt lon="7.66063939032195" lat="45.5744991646173">
        <ele>1776.87</ele>
      </trkpt>
      <trkpt lon="7.66094933255889" lat="45.5743951455215">
        <ele>1770</ele>
      </trkpt>
      <trkpt lon="7.66094907678763" lat="45.5744059457915">
        <ele>1770</ele>
      </trkpt>
      <trkpt lon="7.66096053552153" lat="45.5743984290451">
        <ele>1770</ele>
      </trkpt>
      <trkpt lon="7.66106037825303" lat="45.5744576564968">
        <ele>1769</ele>
      </trkpt>
      <trkpt lon="7.66120178766315" lat="45.5745637244175">
        <ele>1768</ele>
      </trkpt>
      <trkpt lon="7.66143347936225" lat="45.5746837241112">
        <ele>1766</ele>
      </trkpt>
      <trkpt lon="7.66162063123412" lat="45.5748011288678">
        <ele>1765</ele>
      </trkpt>
      <trkpt lon="7.66182534665094" lat="45.5749562736338">
        <ele>1762.83</ele>
      </trkpt>
      <trkpt lon="7.66213154632702" lat="45.575036820269">
        <ele>1757.7</ele>
      </trkpt>
      <trkpt lon="7.66232944008066" lat="45.5751554307147">
        <ele>1756</ele>
      </trkpt>
      <trkpt lon="7.66253920318602" lat="45.5752923611808">
        <ele>1755</ele>
      </trkpt>
      <trkpt lon="7.66267382418654" lat="45.5753660365527">
        <ele>1754.54</ele>
      </trkpt>
      <trkpt lon="7.66284120965941" lat="45.5754471152034">
        <ele>1753.63</ele>
      </trkpt>
      <trkpt lon="7.66304366736206" lat="45.5755678479686">
        <ele>1752</ele>
      </trkpt>
      <trkpt lon="7.66311919742089" lat="45.575679623735">
        <ele>1750.69</ele>
      </trkpt>
      <trkpt lon="7.66316589497957" lat="45.5757156362025">
        <ele>1750.2</ele>
      </trkpt>
      <trkpt lon="7.66321566215348" lat="45.5757463707885">
        <ele>1750.29</ele>
      </trkpt>
      <trkpt lon="7.66325805153447" lat="45.5757694606664">
        <ele>1750.05</ele>
      </trkpt>
      <trkpt lon="7.66330341311903" lat="45.5757969034604">
        <ele>1750.14</ele>
      </trkpt>
      <trkpt lon="7.66338007820072" lat="45.5758230937453">
        <ele>1750</ele>
      </trkpt>
      <trkpt lon="7.6635217195107" lat="45.5758603043758">
        <ele>1749</ele>
      </trkpt>
      <trkpt lon="7.66361700662872" lat="45.5759173150612">
        <ele>1748</ele>
      </trkpt>
      <trkpt lon="7.66365663116041" lat="45.5759866366345">
        <ele>1747</ele>
      </trkpt>
      <trkpt lon="7.6638064773696" lat="45.576066967876">
        <ele>1745.08</ele>
      </trkpt>
      <trkpt lon="7.66388456665465" lat="45.5761357509157">
        <ele>1744.7</ele>
      </trkpt>
      <trkpt lon="7.66395281192661" lat="45.5761711135734">
        <ele>1744.6</ele>
      </trkpt>
      <trkpt lon="7.66398884895919" lat="45.5761648720949">
        <ele>1744</ele>
      </trkpt>
      <trkpt lon="7.66405447799009" lat="45.5761753618779">
        <ele>1743</ele>
      </trkpt>
      <trkpt lon="7.66410450371307" lat="45.5761952989717">
        <ele>1742.74</ele>
      </trkpt>
      <trkpt lon="7.66424364139565" lat="45.5762733439417">
        <ele>1739.17</ele>
      </trkpt>
      <trkpt lon="7.66434686788861" lat="45.5763144265237">
        <ele>1738</ele>
      </trkpt>
      <trkpt lon="7.66443804358469" lat="45.5763827291213">
        <ele>1736.51</ele>
      </trkpt>
      <trkpt lon="7.66449711658167" lat="45.576410333162">
        <ele>1736</ele>
      </trkpt>
      <trkpt lon="7.66452120846441" lat="45.5764267282511">
        <ele>1736</ele>
      </trkpt>
      <trkpt lon="7.66456944216628" lat="45.5764628462916">
        <ele>1736</ele>
      </trkpt>
      <trkpt lon="7.66468577111936" lat="45.5765352242332">
        <ele>1735</ele>
      </trkpt>
      <trkpt lon="7.66477142446137" lat="45.5766040017898">
        <ele>1735</ele>
      </trkpt>
      <trkpt lon="7.66480725780847" lat="45.5766442059255">
        <ele>1735</ele>
      </trkpt>
      <trkpt lon="7.66482368554994" lat="45.5766648288256">
        <ele>1735</ele>
      </trkpt>
      <trkpt lon="7.66487340545859" lat="45.5766977245768">
        <ele>1734</ele>
      </trkpt>
      <trkpt lon="7.6649505479838" lat="45.5767416514248">
        <ele>1734.38</ele>
      </trkpt>
      <trkpt lon="7.66497100321347" lat="45.5767817637441">
        <ele>1734</ele>
      </trkpt>
      <trkpt lon="7.66503041732274" lat="45.5768382657394">
        <ele>1733.95</ele>
      </trkpt>
      <trkpt lon="7.66503041732274" lat="45.5768382657394">
        <ele>1733.95</ele>
      </trkpt>
      <trkpt lon="7.6651403384301" lat="45.5768782539136">
        <ele>1732.99</ele>
      </trkpt>
      <trkpt lon="7.66517577763392" lat="45.5769025215324">
        <ele>1732</ele>
      </trkpt>
      <trkpt lon="7.66520062585718" lat="45.577022255347">
        <ele>1732</ele>
      </trkpt>
      <trkpt lon="7.66521227163919" lat="45.5771096104403">
        <ele>1731.67</ele>
      </trkpt>
      <trkpt lon="7.66521231302668" lat="45.5771240135819">
        <ele>1731.59</ele>
      </trkpt>
      <trkpt lon="7.66526036187184" lat="45.5772382558138">
        <ele>1731</ele>
      </trkpt>
      <trkpt lon="7.66532033425845" lat="45.5772982745699">
        <ele>1731</ele>
      </trkpt>
      <trkpt lon="7.66549037756145" lat="45.5774082734203">
        <ele>1731</ele>
      </trkpt>
      <trkpt lon="7.66551130221259" lat="45.5774501024541">
        <ele>1731.18</ele>
      </trkpt>
      <trkpt lon="7.66574033038855" lat="45.5775482765719">
        <ele>1728.94</ele>
      </trkpt>
      <trkpt lon="7.66596038016226" lat="45.5776683122663">
        <ele>1728.94</ele>
      </trkpt>
      <trkpt lon="7.66620044660342" lat="45.5776683256801">
        <ele>1726.21</ele>
      </trkpt>
      <trkpt lon="7.66628200090566" lat="45.5776830490559">
        <ele>1725.33</ele>
      </trkpt>
      <trkpt lon="7.66637955864197" lat="45.5776822971948">
        <ele>1723.47</ele>
      </trkpt>
      <trkpt lon="7.66655062587196" lat="45.5777058077619">
        <ele>1721.84</ele>
      </trkpt>
      <trkpt lon="7.66663135511057" lat="45.5777228617442">
        <ele>1720</ele>
      </trkpt>
      <trkpt lon="7.66673840173951" lat="45.5777327519092">
        <ele>1720</ele>
      </trkpt>
      <trkpt lon="7.6668569118196" lat="45.5777782403045">
        <ele>1719</ele>
      </trkpt>
      <trkpt lon="7.66696522643477" lat="45.5778645629657">
        <ele>1718.71</ele>
      </trkpt>
      <trkpt lon="7.66702141492707" lat="45.5779491100821">
        <ele>1718</ele>
      </trkpt>
      <trkpt lon="7.66705063941759" lat="45.5780086757541">
        <ele>1718.05</ele>
      </trkpt>
      <trkpt lon="7.66705364927677" lat="45.578076488605">
        <ele>1717.92</ele>
      </trkpt>
      <trkpt lon="7.66706138306694" lat="45.5782046641354">
        <ele>1715.76</ele>
      </trkpt>
      <trkpt lon="7.66704573496343" lat="45.5782321146779">
        <ele>1715.02</ele>
      </trkpt>
      <trkpt lon="7.6670214002621" lat="45.5782746738517">
        <ele>1715.33</ele>
      </trkpt>
      <trkpt lon="7.66704947226451" lat="45.5783180279925">
        <ele>1714.82</ele>
      </trkpt>
      <trkpt lon="7.667072053024" lat="45.5783333230394">
        <ele>1714.54</ele>
      </trkpt>
      <trkpt lon="7.66713840917841" lat="45.578378291477">
        <ele>1713.29</ele>
      </trkpt>
      <trkpt lon="7.66717393671122" lat="45.5784314514923">
        <ele>1712</ele>
      </trkpt>
      <trkpt lon="7.66720490307469" lat="45.5784823975192">
        <ele>1711</ele>
      </trkpt>
      <trkpt lon="7.66725965818117" lat="45.5785680057598">
        <ele>1709</ele>
      </trkpt>
      <trkpt lon="7.6672933159553" lat="45.5786351883333">
        <ele>1708.01</ele>
      </trkpt>
      <trkpt lon="7.66734769648245" lat="45.5786987376804">
        <ele>1707.83</ele>
      </trkpt>
      <trkpt lon="7.6673802796111" lat="45.5787464641971">
        <ele>1708.51</ele>
      </trkpt>
      <trkpt lon="7.66742579688078" lat="45.5787674262736">
        <ele>1706.85</ele>
      </trkpt>
      <trkpt lon="7.66752454838064" lat="45.5788030531196">
        <ele>1704.22</ele>
      </trkpt>
      <trkpt lon="7.6676113275632" lat="45.5788298990736">
        <ele>1703.25</ele>
      </trkpt>
      <trkpt lon="7.66767040312634" lat="45.5788683922781">
        <ele>1702</ele>
      </trkpt>
      <trkpt lon="7.66779044829234" lat="45.578968351507">
        <ele>1699.44</ele>
      </trkpt>
      <trkpt lon="7.66787973613472" lat="45.5789812749116">
        <ele>1695.82</ele>
      </trkpt>
      <trkpt lon="7.66795813249116" lat="45.5789724698857">
        <ele>1692.28</ele>
      </trkpt>
      <trkpt lon="7.66801954765282" lat="45.5789771455927">
        <ele>1690.1</ele>
      </trkpt>
      <trkpt lon="7.66804219256696" lat="45.5789788486306">
        <ele>1688.87</ele>
      </trkpt>
      <trkpt lon="7.66815329715814" lat="45.5790124588775">
        <ele>1685.65</ele>
      </trkpt>
      <trkpt lon="7.66820337837501" lat="45.5790356349426">
        <ele>1684.14</ele>
      </trkpt>
      <trkpt lon="7.6682490764563" lat="45.5790436383605">
        <ele>1683.53</ele>
      </trkpt>
      <trkpt lon="7.66831166099708" lat="45.5790530086416">
        <ele>1682</ele>
      </trkpt>
      <trkpt lon="7.66838918995537" lat="45.5790808267537">
        <ele>1681.22</ele>
      </trkpt>
      <trkpt lon="7.66855743876604" lat="45.5791912505978">
        <ele>1678.18</ele>
      </trkpt>
      <trkpt lon="7.6686710095775" lat="45.5792506309631">
        <ele>1674.19</ele>
      </trkpt>
      <trkpt lon="7.66873867668461" lat="45.5793052441011">
        <ele>1672</ele>
      </trkpt>
      <trkpt lon="7.66879299379236" lat="45.5793445817257">
        <ele>1670</ele>
      </trkpt>
      <trkpt lon="7.66881039629969" lat="45.5793783577448">
        <ele>1670</ele>
      </trkpt>
      <trkpt lon="7.66885037657508" lat="45.5794384124213">
        <ele>1668.53</ele>
      </trkpt>
      <trkpt lon="7.66894045815825" lat="45.5794884256583">
        <ele>1666.97</ele>
      </trkpt>
      <trkpt lon="7.6691444342106" lat="45.5795243785216">
        <ele>1661.99</ele>
      </trkpt>
      <trkpt lon="7.66921038404092" lat="45.5796084034964">
        <ele>1659</ele>
      </trkpt>
      <trkpt lon="7.66918040145745" lat="45.5796784438651">
        <ele>1657</ele>
      </trkpt>
      <trkpt lon="7.66922047379198" lat="45.5797184230359">
        <ele>1655.84</ele>
      </trkpt>
      <trkpt lon="7.6692603608442" lat="45.5798584047283">
        <ele>1656.15</ele>
      </trkpt>
      <trkpt lon="7.66934039698139" lat="45.5799484466568">
        <ele>1654.99</ele>
      </trkpt>
      <trkpt lon="7.66947047112071" lat="45.5799983880532">
        <ele>1653.35</ele>
      </trkpt>
      <trkpt lon="7.66958039383861" lat="45.5800984082979">
        <ele>1652.44</ele>
      </trkpt>
      <trkpt lon="7.66964135809237" lat="45.58014925461">
        <ele>1651.02</ele>
      </trkpt>
      <trkpt lon="7.66967452782647" lat="45.5801722332857">
        <ele>1650.76</ele>
      </trkpt>
      <trkpt lon="7.66970620868098" lat="45.5801930341144">
        <ele>1650.45</ele>
      </trkpt>
      <trkpt lon="7.66975644290835" lat="45.5802044209945">
        <ele>1648.48</ele>
      </trkpt>
      <trkpt lon="7.66979392669796" lat="45.5802237579531">
        <ele>1648</ele>
      </trkpt>
      <trkpt lon="7.66983044866733" lat="45.5802784596836">
        <ele>1646.53</ele>
      </trkpt>
      <trkpt lon="7.66989511341207" lat="45.5803082860564">
        <ele>1645.45</ele>
      </trkpt>
      <trkpt lon="7.66996151351657" lat="45.5803787273595">
        <ele>1644.32</ele>
      </trkpt>
      <trkpt lon="7.66999294127261" lat="45.5804157285945">
        <ele>1644.41</ele>
      </trkpt>
      <trkpt lon="7.67006832534208" lat="45.5804639499787">
        <ele>1642.07</ele>
      </trkpt>
      <trkpt lon="7.67013130884662" lat="45.5805270605086">
        <ele>1641.56</ele>
      </trkpt>
      <trkpt lon="7.67021039790887" lat="45.5806084494319">
        <ele>1639.4</ele>
      </trkpt>
      <trkpt lon="7.67031995854175" lat="45.5806153062111">
        <ele>1636.12</ele>
      </trkpt>
      <trkpt lon="7.67033964761658" lat="45.5806282261704">
        <ele>1635.34</ele>
      </trkpt>
      <trkpt lon="7.67036173502327" lat="45.5807296567195">
        <ele>1632.17</ele>
      </trkpt>
      <trkpt lon="7.67035501647239" lat="45.5808188672395">
        <ele>1630.57</ele>
      </trkpt>
      <trkpt lon="7.67036002397395" lat="45.5808673518443">
        <ele>1628.33</ele>
      </trkpt>
      <trkpt lon="7.67037806858398" lat="45.5808794412113">
        <ele>1627.66</ele>
      </trkpt>
      <trkpt lon="7.67040041612757" lat="45.5808884333192">
        <ele>1627</ele>
      </trkpt>
      <trkpt lon="7.67084181153998" lat="45.5807713373752">
        <ele>1615.62</ele>
      </trkpt>
      <trkpt lon="7.67089017984571" lat="45.580742287106">
        <ele>1614</ele>
      </trkpt>
      <trkpt lon="7.67093764481989" lat="45.5807406791872">
        <ele>1613</ele>
      </trkpt>
      <trkpt lon="7.67095291109564" lat="45.5807782108363">
        <ele>1612.28</ele>
      </trkpt>
      <trkpt lon="7.67095017949622" lat="45.5808287648635">
        <ele>1611.34</ele>
      </trkpt>
      <trkpt lon="7.67095774066849" lat="45.5808342539634">
        <ele>1611.04</ele>
      </trkpt>
      <trkpt lon="7.67098045775744" lat="45.5808384792879">
        <ele>1610.15</ele>
      </trkpt>
      <trkpt lon="7.67113043053334" lat="45.5808384223914">
        <ele>1606.3</ele>
      </trkpt>
      <trkpt lon="7.67139047977991" lat="45.5808884344805">
        <ele>1598.11</ele>
      </trkpt>
      <trkpt lon="7.67140467676278" lat="45.580916952003">
        <ele>1597.37</ele>
      </trkpt>
      <trkpt lon="7.67137670839778" lat="45.5809723420214">
        <ele>1596</ele>
      </trkpt>
      <trkpt lon="7.6713567595029" lat="45.5810355684255">
        <ele>1596</ele>
      </trkpt>
      <trkpt lon="7.67137048675094" lat="45.5810784807511">
        <ele>1595</ele>
      </trkpt>
      <trkpt lon="7.67163042235612" lat="45.5812584655635">
        <ele>1585.28</ele>
      </trkpt>
      <trkpt lon="7.67168043438274" lat="45.5812684968518">
        <ele>1583.45</ele>
      </trkpt>
      <trkpt lon="7.67182041829668" lat="45.581398479252">
        <ele>1576.87</ele>
      </trkpt>
      <trkpt lon="7.67186049735282" lat="45.5813785124659">
        <ele>1575.33</ele>
      </trkpt>
      <trkpt lon="7.67199040404301" lat="45.5814685020936">
        <ele>1571.17</ele>
      </trkpt>
      <trkpt lon="7.67203041190426" lat="45.5815384570204">
        <ele>1568.81</ele>
      </trkpt>
      <trkpt lon="7.67209050393249" lat="45.5815884810812">
        <ele>1567.14</ele>
      </trkpt>
      <trkpt lon="7.67213046656934" lat="45.5816984870182">
        <ele>1564.88</ele>
      </trkpt>
      <trkpt lon="7.67224046603965" lat="45.581708496659">
        <ele>1561.42</ele>
      </trkpt>
      <trkpt lon="7.67225386832779" lat="45.5817489755868">
        <ele>1560.65</ele>
      </trkpt>
      <trkpt lon="7.67235904712379" lat="45.5818167171938">
        <ele>1557.47</ele>
      </trkpt>
      <trkpt lon="7.67252393664541" lat="45.5819724588164">
        <ele>1553.9</ele>
      </trkpt>
      <trkpt lon="7.67262130085207" lat="45.5820672926988">
        <ele>1552.43</ele>
      </trkpt>
      <trkpt lon="7.67267529546281" lat="45.5821203945566">
        <ele>1552.28</ele>
      </trkpt>
      <trkpt lon="7.67271196435307" lat="45.5821907577951">
        <ele>1553.58</ele>
      </trkpt>
      <trkpt lon="7.67272073083255" lat="45.5822103917079">
        <ele>1554.31</ele>
      </trkpt>
      <trkpt lon="7.67280016258966" lat="45.5822393098661">
        <ele>1552.61</ele>
      </trkpt>
      <trkpt lon="7.67283718283564" lat="45.5822403685812">
        <ele>1551.83</ele>
      </trkpt>
      <trkpt lon="7.6729313064371" lat="45.5822769259619">
        <ele>1552.59</ele>
      </trkpt>
      <trkpt lon="7.67299185152094" lat="45.582313183013">
        <ele>1552.17</ele>
      </trkpt>
      <trkpt lon="7.67310199301428" lat="45.5824478569123">
        <ele>1551.16</ele>
      </trkpt>
      <trkpt lon="7.67312039263269" lat="45.5824884858919">
        <ele>1551.16</ele>
      </trkpt>
      <trkpt lon="7.673149052856" lat="45.582566857589">
        <ele>1548.97</ele>
      </trkpt>
      <trkpt lon="7.67319039165747" lat="45.5826185537344">
        <ele>1547.31</ele>
      </trkpt>
      <trkpt lon="7.67322044496408" lat="45.5827684994734">
        <ele>1546.98</ele>
      </trkpt>
      <trkpt lon="7.67329046996279" lat="45.5828485216088">
        <ele>1545.2</ele>
      </trkpt>
      <trkpt lon="7.67346046009896" lat="45.5829784904078">
        <ele>1539.94</ele>
      </trkpt>
      <trkpt lon="7.67359050129148" lat="45.5830085340798">
        <ele>1535.37</ele>
      </trkpt>
      <trkpt lon="7.67371041331588" lat="45.5830984958333">
        <ele>1530.58</ele>
      </trkpt>
      <trkpt lon="7.67374608744573" lat="45.5831839677769">
        <ele>1529.12</ele>
      </trkpt>
      <trkpt lon="7.67377664297792" lat="45.5832200578696">
        <ele>1527.89</ele>
      </trkpt>
      <trkpt lon="7.67386079566581" lat="45.5833207667738">
        <ele>1524.51</ele>
      </trkpt>
      <trkpt lon="7.67389083088786" lat="45.5834007718587">
        <ele>1523.54</ele>
      </trkpt>
      <trkpt lon="7.67399612795277" lat="45.5835290899957">
        <ele>1517.04</ele>
      </trkpt>
      <trkpt lon="7.67404048378076" lat="45.58370854495">
        <ele>1512.43</ele>
      </trkpt>
      <trkpt lon="7.67399043672291" lat="45.583928577801">
        <ele>1525.72</ele>
      </trkpt>
      <trkpt lon="7.67401050047515" lat="45.5839585120822">
        <ele>1526.15</ele>
      </trkpt>
      <trkpt lon="7.67435049258089" lat="45.5840385173618">
        <ele>1497.75</ele>
      </trkpt>
      <trkpt lon="7.67460042815748" lat="45.5842085657169">
        <ele>1495.85</ele>
      </trkpt>
      <trkpt lon="7.67476047001663" lat="45.5842385957874">
        <ele>1490.38</ele>
      </trkpt>
      <trkpt lon="7.67483039598656" lat="45.5842685722145">
        <ele>1486.82</ele>
      </trkpt>
      <trkpt lon="7.6748003957641" lat="45.5843885666219">
        <ele>1482.93</ele>
      </trkpt>
      <trkpt lon="7.67483049823722" lat="45.5844386015067">
        <ele>1480.67</ele>
      </trkpt>
      <trkpt lon="7.6748804072913" lat="45.5844585330439">
        <ele>1478.46</ele>
      </trkpt>
      <trkpt lon="7.67489040078943" lat="45.5845185957668">
        <ele>1475.62</ele>
      </trkpt>
      <trkpt lon="7.67493050348588" lat="45.584568566857">
        <ele>1472.5</ele>
      </trkpt>
      <trkpt lon="7.67495047795682" lat="45.5846185738662">
        <ele>1471.61</ele>
      </trkpt>
      <trkpt lon="7.67492041442709" lat="45.5847085925165">
        <ele>1472.6</ele>
      </trkpt>
      <trkpt lon="7.67500042200863" lat="45.5848385965649">
        <ele>1469.22</ele>
      </trkpt>
      <trkpt lon="7.67491047517714" lat="45.584858615652">
        <ele>1468.85</ele>
      </trkpt>
      <trkpt lon="7.67488045687186" lat="45.5849085832919">
        <ele>1464.64</ele>
      </trkpt>
      <trkpt lon="7.6749903950892" lat="45.5850686356079">
        <ele>1450.33</ele>
      </trkpt>
      <trkpt lon="7.67496020036363" lat="45.5851914189729">
        <ele>1446.84</ele>
      </trkpt>
      <trkpt lon="7.67510337257311" lat="45.5853555467105">
        <ele>1428.36</ele>
      </trkpt>
      <trkpt lon="7.67520462792626" lat="45.5854815647511">
        <ele>1419.27</ele>
      </trkpt>
      <trkpt lon="7.6753104942783" lat="45.5856186164476">
        <ele>1413.68</ele>
      </trkpt>
      <trkpt lon="7.67531042747101" lat="45.5857685730096">
        <ele>1422.72</ele>
      </trkpt>
      <trkpt lon="7.67525049383299" lat="45.5858586080407">
        <ele>1422.34</ele>
      </trkpt>
      <trkpt lon="7.67532037735625" lat="45.5859286354783">
        <ele>1418.47</ele>
      </trkpt>
      <trkpt lon="7.67532046269186" lat="45.5859686003767">
        <ele>1413.19</ele>
      </trkpt>
      <trkpt lon="7.67523040849808" lat="45.5859385737553">
        <ele>1415.29</ele>
      </trkpt>
      <trkpt lon="7.67508611474917" lat="45.5860236689637">
        <ele>1411.1</ele>
      </trkpt>
      <trkpt lon="7.67512928835389" lat="45.5861446918768">
        <ele>1407.7</ele>
      </trkpt>
      <trkpt lon="7.67499093922385" lat="45.5862276065317">
        <ele>1410.82</ele>
      </trkpt>
      <trkpt lon="7.67502284677212" lat="45.586304394887">
        <ele>1399.9</ele>
      </trkpt>
      <trkpt lon="7.67532559593388" lat="45.5866931492693">
        <ele>1499.7</ele>
      </trkpt>
      <trkpt lon="7.67564102537066" lat="45.5869680064542">
        <ele>1481.38</ele>
      </trkpt>
      <trkpt lon="7.67582013611137" lat="45.5870487518766">
        <ele>1427.25</ele>
      </trkpt>
      <trkpt lon="7.67588004421917" lat="45.5871287461369">
        <ele>1430.63</ele>
      </trkpt>
      <trkpt lon="7.67596048403229" lat="45.5874586635693">
        <ele>1388.93</ele>
      </trkpt>
      <trkpt lon="7.67597288096677" lat="45.5874876088632">
        <ele>1396.26</ele>
      </trkpt>
      <trkpt lon="7.67601041789085" lat="45.5874886759168">
        <ele>1384.76</ele>
      </trkpt>
      <trkpt lon="7.67602328957412" lat="45.5873882846173">
        <ele>1382.63</ele>
      </trkpt>
      <trkpt lon="7.67608870375703" lat="45.5873050636996">
        <ele>1380.96</ele>
      </trkpt>
      <trkpt lon="7.67616528079353" lat="45.5871450131718">
        <ele>1374.12</ele>
      </trkpt>
      <trkpt lon="7.67626039872318" lat="45.5871886901865">
        <ele>1369.57</ele>
      </trkpt>
      <trkpt lon="7.67631041791732" lat="45.5872586674325">
        <ele>1368.77</ele>
      </trkpt>
      <trkpt lon="7.67639155612316" lat="45.5871008308933">
        <ele>1359.93</ele>
      </trkpt>
      <trkpt lon="7.67651853518504" lat="45.5871798007709">
        <ele>1353.59</ele>
      </trkpt>
      <trkpt lon="7.67663043296935" lat="45.5872786682285">
        <ele>1347.71</ele>
      </trkpt>
      <trkpt lon="7.67668049460854" lat="45.5873086805772">
        <ele>1343.75</ele>
      </trkpt>
      <trkpt lon="7.67664049694196" lat="45.5874286498885">
        <ele>1345.89</ele>
      </trkpt>
      <trkpt lon="7.67671047135647" lat="45.5875386422249">
        <ele>1342.21</ele>
      </trkpt>
      <trkpt lon="7.67677040265883" lat="45.5875686796689">
        <ele>1340.79</ele>
      </trkpt>
      <trkpt lon="7.67688039326628" lat="45.5877487130459">
        <ele>1332.35</ele>
      </trkpt>
      <trkpt lon="7.6768604164613" lat="45.5878186896206">
        <ele>1331.22</ele>
      </trkpt>
      <trkpt lon="7.67687041829454" lat="45.5878786634527">
        <ele>1327.92</ele>
      </trkpt>
      <trkpt lon="7.67703040723571" lat="45.5880586445301">
        <ele>1324.08</ele>
      </trkpt>
      <trkpt lon="7.6771104022885" lat="45.5881187079245">
        <ele>1319.36</ele>
      </trkpt>
      <trkpt lon="7.67716048639971" lat="45.5882786957766">
        <ele>1317.66</ele>
      </trkpt>
      <trkpt lon="7.67723039750702" lat="45.5883587123558">
        <ele>1313.43</ele>
      </trkpt>
      <trkpt lon="7.67723048445242" lat="45.5884587148809">
        <ele>1311.37</ele>
      </trkpt>
      <trkpt lon="7.67727048139657" lat="45.5885186751114">
        <ele>1310.55</ele>
      </trkpt>
      <trkpt lon="7.6774303861684" lat="45.5885987453328">
        <ele>1307.58</ele>
      </trkpt>
      <trkpt lon="7.67750044986423" lat="45.5886886649412">
        <ele>1305.63</ele>
      </trkpt>
      <trkpt lon="7.67754049247315" lat="45.5888287355277">
        <ele>1302.94</ele>
      </trkpt>
      <trkpt lon="7.67806167177958" lat="45.5893452146746">
        <ele>1289.14</ele>
      </trkpt>
      <trkpt lon="7.67814047468254" lat="45.5894287536503">
        <ele>1285.21</ele>
      </trkpt>
      <trkpt lon="7.67790042959744" lat="45.5897587430119">
        <ele>1272.83</ele>
      </trkpt>
      <trkpt lon="7.67768039498726" lat="45.5898587156477">
        <ele>1272.03</ele>
      </trkpt>
      <trkpt lon="7.677630398265" lat="45.5899187139051">
        <ele>1269.1</ele>
      </trkpt>
      <trkpt lon="7.67766044020871" lat="45.5899387730329">
        <ele>1266.82</ele>
      </trkpt>
      <trkpt lon="7.67762037762482" lat="45.5899687345161">
        <ele>1266.88</ele>
      </trkpt>
      <trkpt lon="7.67767042162508" lat="45.5900487009037">
        <ele>1264.81</ele>
      </trkpt>
      <trkpt lon="7.67779039553776" lat="45.590098786652">
        <ele>1265.26</ele>
      </trkpt>
      <trkpt lon="7.67804036956258" lat="45.5901487541995">
        <ele>1263.92</ele>
      </trkpt>
      <trkpt lon="7.67832040800293" lat="45.5903487563786">
        <ele>1262.68</ele>
      </trkpt>
      <trkpt lon="7.67858036183091" lat="45.5904487947303">
        <ele>1264.16</ele>
      </trkpt>
      <trkpt lon="7.67871035916346" lat="45.5904487681986">
        <ele>1263.91</ele>
      </trkpt>
      <trkpt lon="7.67883042235759" lat="45.5904787812188">
        <ele>1263.08</ele>
      </trkpt>
      <trkpt lon="7.67880044810869" lat="45.5905487299194">
        <ele>1261.55</ele>
      </trkpt>
      <trkpt lon="7.67893041060327" lat="45.5907687783876">
        <ele>1258.67</ele>
      </trkpt>
      <trkpt lon="7.67886046232361" lat="45.591028817615">
        <ele>1253.65</ele>
      </trkpt>
      <trkpt lon="7.67888159440716" lat="45.5911171811595">
        <ele>1254.54</ele>
      </trkpt>
      <trkpt lon="7.67909281873838" lat="45.5913927123635">
        <ele>1250.07</ele>
      </trkpt>
      <trkpt lon="7.6793303879482" lat="45.5918187753983">
        <ele>1241.26</ele>
      </trkpt>
      <trkpt lon="7.67952037658215" lat="45.592048788583">
        <ele>1237.65</ele>
      </trkpt>
      <trkpt lon="7.6795503832461" lat="45.5921688474574">
        <ele>1234.99</ele>
      </trkpt>
      <trkpt lon="7.67966039329986" lat="45.5923487891665">
        <ele>1228.04</ele>
      </trkpt>
      <trkpt lon="7.67966040529602" lat="45.5925888452274">
        <ele>1227.7</ele>
      </trkpt>
      <trkpt lon="7.67989038273496" lat="45.5928688211683">
        <ele>1217.74</ele>
      </trkpt>
      <trkpt lon="7.67992040864924" lat="45.5929988747398">
        <ele>1218.31</ele>
      </trkpt>
      <trkpt lon="7.67990043900926" lat="45.5931288861642">
        <ele>1213.77</ele>
      </trkpt>
      <trkpt lon="7.67992033970091" lat="45.5932588201912">
        <ele>1210.14</ele>
      </trkpt>
      <trkpt lon="7.68014042105899" lat="45.5934688359377">
        <ele>1206.57</ele>
      </trkpt>
      <trkpt lon="7.68013042522477" lat="45.5935288484682">
        <ele>1206.37</ele>
      </trkpt>
      <trkpt lon="7.68008036680654" lat="45.5936188197042">
        <ele>1204.85</ele>
      </trkpt>
      <trkpt lon="7.68014033446965" lat="45.5937788298749">
        <ele>1198.01</ele>
      </trkpt>
      <trkpt lon="7.68028041243961" lat="45.5939288738956">
        <ele>1194.58</ele>
      </trkpt>
      <trkpt lon="7.68033033582446" lat="45.5940688751315">
        <ele>1192.38</ele>
      </trkpt>
      <trkpt lon="7.68042034659951" lat="45.5941889068032">
        <ele>1190.72</ele>
      </trkpt>
      <trkpt lon="7.68046043998849" lat="45.5942889208241">
        <ele>1187.13</ele>
      </trkpt>
      <trkpt lon="7.68054411724534" lat="45.5944112219368">
        <ele>1188.72</ele>
      </trkpt>
      <trkpt lon="7.68071483691128" lat="45.5944519884923">
        <ele>1185.16</ele>
      </trkpt>
      <trkpt lon="7.68077993641624" lat="45.5945517499689">
        <ele>1187.03</ele>
      </trkpt>
      <trkpt lon="7.68079044670227" lat="45.5947489022699">
        <ele>1180.64</ele>
      </trkpt>
      <trkpt lon="7.68083044311548" lat="45.5949788890162">
        <ele>1177.01</ele>
      </trkpt>
      <trkpt lon="7.68093043925082" lat="45.5951489026014">
        <ele>1174.66</ele>
      </trkpt>
      <trkpt lon="7.68110044249698" lat="45.5953189140802">
        <ele>1169.01</ele>
      </trkpt>
      <trkpt lon="7.681500411734" lat="45.5959289360974">
        <ele>1160.02</ele>
      </trkpt>
      <trkpt lon="7.68199033408439" lat="45.5963389150374">
        <ele>1156.79</ele>
      </trkpt>
      <trkpt lon="7.68203036416631" lat="45.596408953301">
        <ele>1156.81</ele>
      </trkpt>
      <trkpt lon="7.6820703837742" lat="45.5965889832309">
        <ele>1155.18</ele>
      </trkpt>
      <trkpt lon="7.68212035793943" lat="45.5966889306785">
        <ele>1152.74</ele>
      </trkpt>
      <trkpt lon="7.68232040707553" lat="45.5968189636584">
        <ele>1147.85</ele>
      </trkpt>
      <trkpt lon="7.682750346369" lat="45.5972890018735">
        <ele>1138.48</ele>
      </trkpt>
      <trkpt lon="7.6829604084494" lat="45.5974790059084">
        <ele>1133.98</ele>
      </trkpt>
      <trkpt lon="7.68311044439191" lat="45.5976589535582">
        <ele>1131.92</ele>
      </trkpt>
      <trkpt lon="7.68338735542927" lat="45.5978361356883">
        <ele>1126.51</ele>
      </trkpt>
    </trkseg>
  </trk>
</gpx>
