<?xml version="1.0" encoding="UTF-8"?>
<gpx xmlns="http://www.topografix.com/GPX/1/1" creator="INVA x RAVdA" version="1.1" xmlns:xsi="http://www.w3.org/2001/XMLSchema-instance" xsi:schemaLocation="http://www.topografix.com/GPX/1/1 http://www.topografix.com/GPX/1/1/gpx.xsd">
  <trk>
    <name>RAVDA - Catasto Sentieri</name>
    <desc>Percorso personalizzato</desc>
    <trkseg>
      <trkpt lon="7.06018025434062" lat="45.5888532843057">
        <ele>2366</ele>
      </trkpt>
      <trkpt lon="7.06017281609933" lat="45.5886710657632">
        <ele>2367</ele>
      </trkpt>
      <trkpt lon="7.06018761419179" lat="45.5886434152116">
        <ele>2367.57</ele>
      </trkpt>
      <trkpt lon="7.06021577355909" lat="45.588622378845">
        <ele>2367.86</ele>
      </trkpt>
      <trkpt lon="7.06026993882383" lat="45.5886130374694">
        <ele>2369.42</ele>
      </trkpt>
      <trkpt lon="7.06054420885111" lat="45.5886077955562">
        <ele>2374.73</ele>
      </trkpt>
      <trkpt lon="7.06055944572672" lat="45.5885860034895">
        <ele>2375.25</ele>
      </trkpt>
      <trkpt lon="7.06054666813125" lat="45.5885624722183">
        <ele>2376.49</ele>
      </trkpt>
      <trkpt lon="7.06045542886789" lat="45.588479552581">
        <ele>2378.1</ele>
      </trkpt>
      <trkpt lon="7.06046122455479" lat="45.5884229456585">
        <ele>2379</ele>
      </trkpt>
      <trkpt lon="7.06053909121246" lat="45.588369361734">
        <ele>2380</ele>
      </trkpt>
      <trkpt lon="7.06097804101411" lat="45.5881646608493">
        <ele>2387</ele>
      </trkpt>
      <trkpt lon="7.06114104135207" lat="45.5880475372649">
        <ele>2389</ele>
      </trkpt>
      <trkpt lon="7.06139517446337" lat="45.5879196254053">
        <ele>2394</ele>
      </trkpt>
      <trkpt lon="7.06146832765826" lat="45.5878391379808">
        <ele>2395.4</ele>
      </trkpt>
      <trkpt lon="7.06150453017121" lat="45.5877519916969">
        <ele>2396.44</ele>
      </trkpt>
      <trkpt lon="7.06192682626153" lat="45.5874350322726">
        <ele>2407.47</ele>
      </trkpt>
      <trkpt lon="7.0619711565404" lat="45.5873575668665">
        <ele>2409.54</ele>
      </trkpt>
      <trkpt lon="7.06199829542713" lat="45.5872469532379">
        <ele>2412</ele>
      </trkpt>
      <trkpt lon="7.06198361949041" lat="45.5871370725551">
        <ele>2414.13</ele>
      </trkpt>
      <trkpt lon="7.0619995321446" lat="45.586935450974">
        <ele>2417.43</ele>
      </trkpt>
      <trkpt lon="7.06203120990155" lat="45.5868308542075">
        <ele>2420</ele>
      </trkpt>
      <trkpt lon="7.06204419954164" lat="45.586807223184">
        <ele>2420.41</ele>
      </trkpt>
      <trkpt lon="7.06206806681949" lat="45.5868028566392">
        <ele>2420.91</ele>
      </trkpt>
      <trkpt lon="7.06210208696743" lat="45.586805145916">
        <ele>2421.6</ele>
      </trkpt>
      <trkpt lon="7.0623614289982" lat="45.5869353794858">
        <ele>2425.36</ele>
      </trkpt>
      <trkpt lon="7.06250051296663" lat="45.5870585339323">
        <ele>2429</ele>
      </trkpt>
      <trkpt lon="7.06257065574735" lat="45.5870803379393">
        <ele>2429.79</ele>
      </trkpt>
      <trkpt lon="7.06275007889213" lat="45.5870929205531">
        <ele>2431.15</ele>
      </trkpt>
      <trkpt lon="7.06282696038518" lat="45.5871312194846">
        <ele>2431.97</ele>
      </trkpt>
      <trkpt lon="7.06283918933029" lat="45.5872266581139">
        <ele>2432.39</ele>
      </trkpt>
      <trkpt lon="7.06297942740097" lat="45.5875659457834">
        <ele>2435.04</ele>
      </trkpt>
      <trkpt lon="7.06327169667343" lat="45.5877601951714">
        <ele>2439.97</ele>
      </trkpt>
      <trkpt lon="7.06338805395464" lat="45.5878025834779">
        <ele>2441</ele>
      </trkpt>
      <trkpt lon="7.06371901303611" lat="45.5878522990521">
        <ele>2444</ele>
      </trkpt>
      <trkpt lon="7.06462530608326" lat="45.5882306756974">
        <ele>2453</ele>
      </trkpt>
      <trkpt lon="7.06469259512218" lat="45.5882982447162">
        <ele>2453.1</ele>
      </trkpt>
      <trkpt lon="7.0648124383863" lat="45.5883510416516">
        <ele>2454</ele>
      </trkpt>
      <trkpt lon="7.06505853997245" lat="45.5884044453836">
        <ele>2455</ele>
      </trkpt>
      <trkpt lon="7.06527803990956" lat="45.5885118585486">
        <ele>2457.24</ele>
      </trkpt>
      <trkpt lon="7.0657137970792" lat="45.5886347214238">
        <ele>2460</ele>
      </trkpt>
      <trkpt lon="7.06575991693284" lat="45.5886654782004">
        <ele>2460</ele>
      </trkpt>
      <trkpt lon="7.06577499932383" lat="45.5887301799737">
        <ele>2461</ele>
      </trkpt>
      <trkpt lon="7.06582248006819" lat="45.5887736481942">
        <ele>2462</ele>
      </trkpt>
      <trkpt lon="7.06596866780358" lat="45.5888545238692">
        <ele>2463</ele>
      </trkpt>
      <trkpt lon="7.06618067375624" lat="45.5889302111638">
        <ele>2465</ele>
      </trkpt>
      <trkpt lon="7.06641103641745" lat="45.5889678671248">
        <ele>2468.03</ele>
      </trkpt>
      <trkpt lon="7.06673141598927" lat="45.5889526781865">
        <ele>2473.51</ele>
      </trkpt>
      <trkpt lon="7.06709295684816" lat="45.5889745516908">
        <ele>2475</ele>
      </trkpt>
      <trkpt lon="7.06721626685603" lat="45.5890273153257">
        <ele>2475.03</ele>
      </trkpt>
      <trkpt lon="7.06728821150015" lat="45.5890975705684">
        <ele>2477</ele>
      </trkpt>
      <trkpt lon="7.06741066039778" lat="45.5891493286141">
        <ele>2478.17</ele>
      </trkpt>
      <trkpt lon="7.06751239190853" lat="45.5892145062406">
        <ele>2480.05</ele>
      </trkpt>
      <trkpt lon="7.06794124733194" lat="45.5892773008717">
        <ele>2488.03</ele>
      </trkpt>
      <trkpt lon="7.0684618716505" lat="45.5893294933494">
        <ele>2496</ele>
      </trkpt>
      <trkpt lon="7.06891867734139" lat="45.5892688990382">
        <ele>2500</ele>
      </trkpt>
      <trkpt lon="7.06899571499461" lat="45.5892766833151">
        <ele>2501</ele>
      </trkpt>
      <trkpt lon="7.06947572616445" lat="45.5892459149791">
        <ele>2504</ele>
      </trkpt>
      <trkpt lon="7.06985123940367" lat="45.5892753943657">
        <ele>2506.22</ele>
      </trkpt>
      <trkpt lon="7.07003544637267" lat="45.5892684265342">
        <ele>2507</ele>
      </trkpt>
      <trkpt lon="7.07011116234053" lat="45.5892474739646">
        <ele>2507.87</ele>
      </trkpt>
      <trkpt lon="7.07025336255987" lat="45.5892541977363">
        <ele>2508</ele>
      </trkpt>
      <trkpt lon="7.07035941791294" lat="45.5892419484579">
        <ele>2508.4</ele>
      </trkpt>
      <trkpt lon="7.07053611707896" lat="45.589199660221">
        <ele>2510.62</ele>
      </trkpt>
      <trkpt lon="7.07084454915075" lat="45.5891852489638">
        <ele>2512.55</ele>
      </trkpt>
      <trkpt lon="7.07113755118698" lat="45.5891271892371">
        <ele>2514.58</ele>
      </trkpt>
      <trkpt lon="7.07122345578779" lat="45.5891306207129">
        <ele>2515.94</ele>
      </trkpt>
      <trkpt lon="7.07146609283634" lat="45.589072071596">
        <ele>2517.33</ele>
      </trkpt>
      <trkpt lon="7.07158954306589" lat="45.5890573252014">
        <ele>2518.07</ele>
      </trkpt>
      <trkpt lon="7.07166804540914" lat="45.5890260668441">
        <ele>2519</ele>
      </trkpt>
      <trkpt lon="7.07200295032498" lat="45.5890096696828">
        <ele>2521.1</ele>
      </trkpt>
      <trkpt lon="7.07219020697742" lat="45.5890221912598">
        <ele>2523</ele>
      </trkpt>
      <trkpt lon="7.07246437761044" lat="45.5889861346813">
        <ele>2524</ele>
      </trkpt>
      <trkpt lon="7.07263797113598" lat="45.5889446908798">
        <ele>2524.32</ele>
      </trkpt>
      <trkpt lon="7.07287222104803" lat="45.5889288427552">
        <ele>2526</ele>
      </trkpt>
      <trkpt lon="7.07302944764791" lat="45.5888822597768">
        <ele>2526.02</ele>
      </trkpt>
      <trkpt lon="7.07321804954857" lat="45.5888554692672">
        <ele>2527.92</ele>
      </trkpt>
      <trkpt lon="7.07330440486115" lat="45.5888232609622">
        <ele>2527.69</ele>
      </trkpt>
      <trkpt lon="7.07377109770777" lat="45.5887206934689">
        <ele>2528.65</ele>
      </trkpt>
      <trkpt lon="7.07397164674055" lat="45.5887118340817">
        <ele>2530.1</ele>
      </trkpt>
      <trkpt lon="7.07406212430443" lat="45.588682756451">
        <ele>2530</ele>
      </trkpt>
      <trkpt lon="7.07443243227313" lat="45.5886919713883">
        <ele>2532</ele>
      </trkpt>
      <trkpt lon="7.07450377276699" lat="45.5886902025919">
        <ele>2532.14</ele>
      </trkpt>
      <trkpt lon="7.07452776197207" lat="45.5887009586507">
        <ele>2533</ele>
      </trkpt>
      <trkpt lon="7.07454220378341" lat="45.5887097534565">
        <ele>2533</ele>
      </trkpt>
      <trkpt lon="7.07460981296731" lat="45.588742127149">
        <ele>2534</ele>
      </trkpt>
      <trkpt lon="7.07466049729478" lat="45.5887482916849">
        <ele>2534</ele>
      </trkpt>
      <trkpt lon="7.07475933127597" lat="45.5886847910475">
        <ele>2534.25</ele>
      </trkpt>
      <trkpt lon="7.07487674203571" lat="45.5886928007219">
        <ele>2535</ele>
      </trkpt>
      <trkpt lon="7.07545664908597" lat="45.5885597307826">
        <ele>2538</ele>
      </trkpt>
      <trkpt lon="7.07567297354415" lat="45.588546904782">
        <ele>2538</ele>
      </trkpt>
      <trkpt lon="7.07592751918459" lat="45.5884885446742">
        <ele>2539</ele>
      </trkpt>
      <trkpt lon="7.07606941529192" lat="45.5884216277022">
        <ele>2540</ele>
      </trkpt>
      <trkpt lon="7.07631406399534" lat="45.5883377196337">
        <ele>2542</ele>
      </trkpt>
      <trkpt lon="7.07658132967321" lat="45.5882634620273">
        <ele>2545</ele>
      </trkpt>
      <trkpt lon="7.07665382341471" lat="45.5882391204522">
        <ele>2545.54</ele>
      </trkpt>
      <trkpt lon="7.07672971148815" lat="45.5882242874825">
        <ele>2546.49</ele>
      </trkpt>
      <trkpt lon="7.07679864368689" lat="45.5882178879906">
        <ele>2547.17</ele>
      </trkpt>
      <trkpt lon="7.07696850138215" lat="45.5881580103559">
        <ele>2548.89</ele>
      </trkpt>
      <trkpt lon="7.07702454436827" lat="45.5881536441234">
        <ele>2549.93</ele>
      </trkpt>
      <trkpt lon="7.07716007558743" lat="45.588130364298">
        <ele>2551</ele>
      </trkpt>
      <trkpt lon="7.07728250950607" lat="45.5880964201884">
        <ele>2551</ele>
      </trkpt>
      <trkpt lon="7.07741352724001" lat="45.5880475924545">
        <ele>2552</ele>
      </trkpt>
      <trkpt lon="7.07753417552984" lat="45.5879871559948">
        <ele>2553</ele>
      </trkpt>
      <trkpt lon="7.07764421812634" lat="45.5879218609766">
        <ele>2553.75</ele>
      </trkpt>
      <trkpt lon="7.07768308617971" lat="45.5878948801199">
        <ele>2554</ele>
      </trkpt>
      <trkpt lon="7.07774033800034" lat="45.5878664105152">
        <ele>2554</ele>
      </trkpt>
      <trkpt lon="7.07782136515739" lat="45.5878474330467">
        <ele>2555</ele>
      </trkpt>
      <trkpt lon="7.07788162263419" lat="45.5878172134273">
        <ele>2555.87</ele>
      </trkpt>
      <trkpt lon="7.07791993502066" lat="45.5877952660251">
        <ele>2556</ele>
      </trkpt>
      <trkpt lon="7.07796676114564" lat="45.5877904746924">
        <ele>2557</ele>
      </trkpt>
      <trkpt lon="7.07799286995463" lat="45.58779550285">
        <ele>2557.18</ele>
      </trkpt>
      <trkpt lon="7.07808663082383" lat="45.5877715198237">
        <ele>2558.81</ele>
      </trkpt>
      <trkpt lon="7.07816175251176" lat="45.5877415503548">
        <ele>2559.7</ele>
      </trkpt>
      <trkpt lon="7.07822693512725" lat="45.5877097918556">
        <ele>2560.1</ele>
      </trkpt>
      <trkpt lon="7.07826400021128" lat="45.5876905250642">
        <ele>2560.61</ele>
      </trkpt>
      <trkpt lon="7.07830734298592" lat="45.587682703066">
        <ele>2561</ele>
      </trkpt>
      <trkpt lon="7.07839975656655" lat="45.5876605839623">
        <ele>2562</ele>
      </trkpt>
      <trkpt lon="7.07845562203866" lat="45.5876426229418">
        <ele>2563</ele>
      </trkpt>
      <trkpt lon="7.07848714531643" lat="45.5876242505636">
        <ele>2563.13</ele>
      </trkpt>
      <trkpt lon="7.07853942760084" lat="45.5875948864438">
        <ele>2564</ele>
      </trkpt>
      <trkpt lon="7.07857127322119" lat="45.5875707611462">
        <ele>2564</ele>
      </trkpt>
      <trkpt lon="7.07858770429957" lat="45.5875625749888">
        <ele>2564.07</ele>
      </trkpt>
      <trkpt lon="7.07859981315411" lat="45.5875496386699">
        <ele>2564.52</ele>
      </trkpt>
      <trkpt lon="7.07871746105459" lat="45.5875056220383">
        <ele>2566.04</ele>
      </trkpt>
      <trkpt lon="7.07885461721333" lat="45.5874872284626">
        <ele>2568</ele>
      </trkpt>
      <trkpt lon="7.07895144847789" lat="45.5874183776712">
        <ele>2569</ele>
      </trkpt>
      <trkpt lon="7.07915628237794" lat="45.5873364053759">
        <ele>2572</ele>
      </trkpt>
      <trkpt lon="7.07925575167243" lat="45.5873141335591">
        <ele>2573</ele>
      </trkpt>
      <trkpt lon="7.07927732183254" lat="45.5873018973496">
        <ele>2573.66</ele>
      </trkpt>
      <trkpt lon="7.07931548883483" lat="45.5871864253722">
        <ele>2574</ele>
      </trkpt>
      <trkpt lon="7.07935460448077" lat="45.5871409079407">
        <ele>2575.05</ele>
      </trkpt>
      <trkpt lon="7.07940646429105" lat="45.5871238663489">
        <ele>2576.42</ele>
      </trkpt>
      <trkpt lon="7.07949711651857" lat="45.5871120697098">
        <ele>2578</ele>
      </trkpt>
      <trkpt lon="7.07952447292764" lat="45.5870993002098">
        <ele>2579</ele>
      </trkpt>
      <trkpt lon="7.07960096684806" lat="45.5870703418908">
        <ele>2580.69</ele>
      </trkpt>
      <trkpt lon="7.07968505232148" lat="45.5870556451151">
        <ele>2581.87</ele>
      </trkpt>
      <trkpt lon="7.07976247105636" lat="45.5870371454013">
        <ele>2583</ele>
      </trkpt>
      <trkpt lon="7.07983980084729" lat="45.5870213429767">
        <ele>2584</ele>
      </trkpt>
      <trkpt lon="7.07987634617616" lat="45.5870172765625">
        <ele>2584.6</ele>
      </trkpt>
      <trkpt lon="7.07999956908941" lat="45.5869788434587">
        <ele>2586.82</ele>
      </trkpt>
      <trkpt lon="7.08004813418356" lat="45.586971918756">
        <ele>2587</ele>
      </trkpt>
      <trkpt lon="7.08016411808644" lat="45.5869315633114">
        <ele>2588.5</ele>
      </trkpt>
      <trkpt lon="7.08017414076512" lat="45.5869195825519">
        <ele>2589</ele>
      </trkpt>
      <trkpt lon="7.08027796052072" lat="45.5868787519773">
        <ele>2590.54</ele>
      </trkpt>
      <trkpt lon="7.08032402281652" lat="45.5868700744283">
        <ele>2591.01</ele>
      </trkpt>
      <trkpt lon="7.08038091038415" lat="45.586859691386">
        <ele>2591</ele>
      </trkpt>
      <trkpt lon="7.08049766901145" lat="45.5868342002116">
        <ele>2592.22</ele>
      </trkpt>
      <trkpt lon="7.08055484556818" lat="45.5868190503856">
        <ele>2593.02</ele>
      </trkpt>
      <trkpt lon="7.08066150917781" lat="45.5868113901171">
        <ele>2593.64</ele>
      </trkpt>
      <trkpt lon="7.08074043633545" lat="45.5867900347905">
        <ele>2594.9</ele>
      </trkpt>
      <trkpt lon="7.08078694890146" lat="45.5867681346913">
        <ele>2595.16</ele>
      </trkpt>
      <trkpt lon="7.08086308983269" lat="45.5867495210734">
        <ele>2596.19</ele>
      </trkpt>
      <trkpt lon="7.08090101302589" lat="45.5867425990451">
        <ele>2596.69</ele>
      </trkpt>
      <trkpt lon="7.08093031897405" lat="45.5867554218742">
        <ele>2596</ele>
      </trkpt>
      <trkpt lon="7.08093284348834" lat="45.5867829170345">
        <ele>2595.5</ele>
      </trkpt>
      <trkpt lon="7.08098904950049" lat="45.5868225657991">
        <ele>2596</ele>
      </trkpt>
      <trkpt lon="7.08123228777409" lat="45.5868435742435">
        <ele>2599.26</ele>
      </trkpt>
      <trkpt lon="7.08130685583585" lat="45.5868560808372">
        <ele>2600.38</ele>
      </trkpt>
      <trkpt lon="7.08138109292206" lat="45.5868895518437">
        <ele>2602.15</ele>
      </trkpt>
      <trkpt lon="7.08149517027477" lat="45.5868975892641">
        <ele>2604.21</ele>
      </trkpt>
      <trkpt lon="7.08142969448189" lat="45.5870057607929">
        <ele>2605.54</ele>
      </trkpt>
      <trkpt lon="7.08145989926765" lat="45.5870786351406">
        <ele>2608.21</ele>
      </trkpt>
      <trkpt lon="7.08144208884354" lat="45.5871649260264">
        <ele>2610.24</ele>
      </trkpt>
      <trkpt lon="7.08146770013246" lat="45.5871845295457">
        <ele>2611.93</ele>
      </trkpt>
      <trkpt lon="7.0819535849886" lat="45.5870860290067">
        <ele>2618.29</ele>
      </trkpt>
      <trkpt lon="7.08195333087458" lat="45.5871536223705">
        <ele>2620.96</ele>
      </trkpt>
      <trkpt lon="7.08200092067829" lat="45.5871603618907">
        <ele>2622.15</ele>
      </trkpt>
      <trkpt lon="7.08208199742191" lat="45.5871624432854">
        <ele>2623.53</ele>
      </trkpt>
      <trkpt lon="7.08222126740571" lat="45.5871496609823">
        <ele>2625.69</ele>
      </trkpt>
      <trkpt lon="7.08234814254696" lat="45.5871432426078">
        <ele>2628.4</ele>
      </trkpt>
      <trkpt lon="7.08246047867021" lat="45.5871271266261">
        <ele>2630.22</ele>
      </trkpt>
      <trkpt lon="7.08251211334629" lat="45.5871166518638">
        <ele>2630.59</ele>
      </trkpt>
      <trkpt lon="7.082575762154" lat="45.5871072800236">
        <ele>2631.02</ele>
      </trkpt>
      <trkpt lon="7.08263668310535" lat="45.5870988498473">
        <ele>2632.68</ele>
      </trkpt>
      <trkpt lon="7.08270401238005" lat="45.5870980921484">
        <ele>2634.38</ele>
      </trkpt>
      <trkpt lon="7.08277294457898" lat="45.5870916871007">
        <ele>2634.96</ele>
      </trkpt>
      <trkpt lon="7.08282150118725" lat="45.5870925042592">
        <ele>2636.51</ele>
      </trkpt>
      <trkpt lon="7.08291067549173" lat="45.5870864383054">
        <ele>2637.58</ele>
      </trkpt>
      <trkpt lon="7.08299174689942" lat="45.5870773583083">
        <ele>2639.16</ele>
      </trkpt>
      <trkpt lon="7.08309085223518" lat="45.5870582310114">
        <ele>2640.62</ele>
      </trkpt>
      <trkpt lon="7.08318034902934" lat="45.5870389397282">
        <ele>2640.98</ele>
      </trkpt>
      <trkpt lon="7.08334613880938" lat="45.587037941312">
        <ele>2643.86</ele>
      </trkpt>
      <trkpt lon="7.08349165590994" lat="45.5870375038243">
        <ele>2646.28</ele>
      </trkpt>
      <trkpt lon="7.08359559436668" lat="45.5870345686481">
        <ele>2648.02</ele>
      </trkpt>
      <trkpt lon="7.08369191355047" lat="45.5870144024091">
        <ele>2648.89</ele>
      </trkpt>
      <trkpt lon="7.08377766595011" lat="45.5869883886983">
        <ele>2650.73</ele>
      </trkpt>
      <trkpt lon="7.08395876547098" lat="45.5869330112856">
        <ele>2653.72</ele>
      </trkpt>
      <trkpt lon="7.0841458654799" lat="45.5868595501431">
        <ele>2656.71</ele>
      </trkpt>
      <trkpt lon="7.08424151833697" lat="45.5868213695557">
        <ele>2658.18</ele>
      </trkpt>
      <trkpt lon="7.0843733579763" lat="45.5867895589242">
        <ele>2659.38</ele>
      </trkpt>
      <trkpt lon="7.08447544417505" lat="45.586758148014">
        <ele>2660.94</ele>
      </trkpt>
      <trkpt lon="7.08463729737469" lat="45.5866354770557">
        <ele>2662.79</ele>
      </trkpt>
      <trkpt lon="7.08479351901073" lat="45.5865577182833">
        <ele>2667.78</ele>
      </trkpt>
      <trkpt lon="7.08492841244555" lat="45.5864776203561">
        <ele>2670.93</ele>
      </trkpt>
      <trkpt lon="7.08507345582042" lat="45.5864119173338">
        <ele>2674.03</ele>
      </trkpt>
      <trkpt lon="7.08516827010351" lat="45.5863568002014">
        <ele>2675.12</ele>
      </trkpt>
      <trkpt lon="7.08530103492772" lat="45.5863166310353">
        <ele>2677.81</ele>
      </trkpt>
      <trkpt lon="7.08538505669886" lat="45.5862923867966">
        <ele>2679.06</ele>
      </trkpt>
      <trkpt lon="7.08541617140059" lat="45.5862858869351">
        <ele>2679.44</ele>
      </trkpt>
      <trkpt lon="7.08541998813405" lat="45.5862867619942">
        <ele>2679.63</ele>
      </trkpt>
      <trkpt lon="7.08550073712653" lat="45.5862871266758">
        <ele>2681.73</ele>
      </trkpt>
      <trkpt lon="7.08565012992432" lat="45.5862556051108">
        <ele>2683.62</ele>
      </trkpt>
      <trkpt lon="7.08576342495989" lat="45.5862111495368">
        <ele>2684.41</ele>
      </trkpt>
      <trkpt lon="7.08583168527643" lat="45.5861867301408">
        <ele>2685.78</ele>
      </trkpt>
      <trkpt lon="7.08588610625517" lat="45.5861696413503">
        <ele>2686.98</ele>
      </trkpt>
      <trkpt lon="7.08593376869734" lat="45.5861553192305">
        <ele>2688.72</ele>
      </trkpt>
      <trkpt lon="7.08599225918931" lat="45.5861392860616">
        <ele>2689.98</ele>
      </trkpt>
      <trkpt lon="7.08607403372492" lat="45.5861132056439">
        <ele>2691.66</ele>
      </trkpt>
      <trkpt lon="7.08609693494436" lat="45.5860768632856">
        <ele>2691.47</ele>
      </trkpt>
      <trkpt lon="7.08618856846823" lat="45.5860285351819">
        <ele>2691.49</ele>
      </trkpt>
      <trkpt lon="7.08627864850211" lat="45.5860146523736">
        <ele>2694.98</ele>
      </trkpt>
      <trkpt lon="7.08631828609456" lat="45.585983721425">
        <ele>2695.11</ele>
      </trkpt>
      <trkpt lon="7.08637268754339" lat="45.5859709521874">
        <ele>2696.59</ele>
      </trkpt>
      <trkpt lon="7.08640981625906" lat="45.5859648246158">
        <ele>2698.01</ele>
      </trkpt>
      <trkpt lon="7.08642486947486" lat="45.5859594051812">
        <ele>2698.27</ele>
      </trkpt>
      <trkpt lon="7.08644598154688" lat="45.5859341964189">
        <ele>2698.81</ele>
      </trkpt>
      <trkpt lon="7.08647000777473" lat="45.585898684648">
        <ele>2699.07</ele>
      </trkpt>
      <trkpt lon="7.08649486702089" lat="45.5858801094222">
        <ele>2699.29</ele>
      </trkpt>
      <trkpt lon="7.08656767213906" lat="45.5858426258529">
        <ele>2701.03</ele>
      </trkpt>
      <trkpt lon="7.08660819307689" lat="45.5858120699223">
        <ele>2701.27</ele>
      </trkpt>
      <trkpt lon="7.08700008808758" lat="45.58565706705">
        <ele>2708.21</ele>
      </trkpt>
      <trkpt lon="7.08719529615577" lat="45.5854654641267">
        <ele>2715.01</ele>
      </trkpt>
      <trkpt lon="7.08738519722995" lat="45.5851998759584">
        <ele>2722.04</ele>
      </trkpt>
      <trkpt lon="7.08763983772858" lat="45.5849794756655">
        <ele>2727.71</ele>
      </trkpt>
      <trkpt lon="7.0878995904111" lat="45.5847102825288">
        <ele>2736.48</ele>
      </trkpt>
      <trkpt lon="7.08793381998334" lat="45.5846573898644">
        <ele>2737.68</ele>
      </trkpt>
      <trkpt lon="7.08804719051301" lat="45.584587908662">
        <ele>2739.07</ele>
      </trkpt>
      <trkpt lon="7.08816761201395" lat="45.5844769625966">
        <ele>2742.32</ele>
      </trkpt>
      <trkpt lon="7.08820258603438" lat="45.5844247116222">
        <ele>2742.9</ele>
      </trkpt>
      <trkpt lon="7.08846235457764" lat="45.5841964750711">
        <ele>2749.75</ele>
      </trkpt>
      <trkpt lon="7.08855514691162" lat="45.5841252102908">
        <ele>2753.27</ele>
      </trkpt>
      <trkpt lon="7.08857136655735" lat="45.5842742669736">
        <ele>2755.11</ele>
      </trkpt>
      <trkpt lon="7.08859044970571" lat="45.5843050095984">
        <ele>2756.56</ele>
      </trkpt>
      <trkpt lon="7.08877664555652" lat="45.5841595188582">
        <ele>2762.96</ele>
      </trkpt>
      <trkpt lon="7.08883472339945" lat="45.5840800229786">
        <ele>2766.12</ele>
      </trkpt>
      <trkpt lon="7.08892042110859" lat="45.584009988716">
        <ele>2768.37</ele>
      </trkpt>
      <trkpt lon="7.08896883840011" lat="45.5841735377422">
        <ele>2771.48</ele>
      </trkpt>
      <trkpt lon="7.08907927296609" lat="45.5843755688934">
        <ele>2777.05</ele>
      </trkpt>
      <trkpt lon="7.08912295865675" lat="45.5843046508675">
        <ele>2778.81</ele>
      </trkpt>
      <trkpt lon="7.08944289745295" lat="45.5839614842328">
        <ele>2788.28</ele>
      </trkpt>
      <trkpt lon="7.08952650191043" lat="45.5838284983671">
        <ele>2789.31</ele>
      </trkpt>
      <trkpt lon="7.08955430196562" lat="45.5837156402438">
        <ele>2791.59</ele>
      </trkpt>
      <trkpt lon="7.08950840040147" lat="45.5836026286238">
        <ele>2791.56</ele>
      </trkpt>
      <trkpt lon="7.0894824452804" lat="45.5835515187536">
        <ele>2792.62</ele>
      </trkpt>
      <trkpt lon="7.08941314174742" lat="45.5835123754303">
        <ele>2790.98</ele>
      </trkpt>
      <trkpt lon="7.0894604338281" lat="45.5834030842526">
        <ele>2795.8</ele>
      </trkpt>
      <trkpt lon="7.08940602545223" lat="45.5833443878045">
        <ele>2796.43</ele>
      </trkpt>
      <trkpt lon="7.08938254118778" lat="45.5832242817792">
        <ele>2800.36</ele>
      </trkpt>
      <trkpt lon="7.08923128398719" lat="45.5829975329441">
        <ele>2803.63</ele>
      </trkpt>
      <trkpt lon="7.08932961626918" lat="45.5830197927912">
        <ele>2806.36</ele>
      </trkpt>
      <trkpt lon="7.08949658449617" lat="45.5831272665577">
        <ele>2809.52</ele>
      </trkpt>
      <trkpt lon="7.08953198265775" lat="45.5831191278077">
        <ele>2812.05</ele>
      </trkpt>
      <trkpt lon="7.08951148017584" lat="45.5830811599875">
        <ele>2812.76</ele>
      </trkpt>
      <trkpt lon="7.08952485338591" lat="45.5830459203424">
        <ele>2816.67</ele>
      </trkpt>
      <trkpt lon="7.08942847150711" lat="45.5828641981719">
        <ele>2819.74</ele>
      </trkpt>
      <trkpt lon="7.08935057993702" lat="45.5827721645467">
        <ele>2821.62</ele>
      </trkpt>
      <trkpt lon="7.08933247267242" lat="45.5826976013853">
        <ele>2825.47</ele>
      </trkpt>
      <trkpt lon="7.08942507466608" lat="45.5826998717854">
        <ele>2828.51</ele>
      </trkpt>
      <trkpt lon="7.08948454645745" lat="45.5826471321476">
        <ele>2834.67</ele>
      </trkpt>
      <trkpt lon="7.08958002009802" lat="45.5826818506135">
        <ele>2836.68</ele>
      </trkpt>
      <trkpt lon="7.08964994930524" lat="45.5826874319879">
        <ele>2840.07</ele>
      </trkpt>
      <trkpt lon="7.08964994930524" lat="45.5826874319879">
        <ele>2840.07</ele>
      </trkpt>
      <trkpt lon="7.08973392713042" lat="45.5826378009994">
        <ele>2839.78</ele>
      </trkpt>
      <trkpt lon="7.08993483172396" lat="45.5826290999521">
        <ele>2831.73</ele>
      </trkpt>
      <trkpt lon="7.08987520043513" lat="45.5825996597445">
        <ele>2832.08</ele>
      </trkpt>
      <trkpt lon="7.08987602359978" lat="45.5825526891272">
        <ele>2829.49</ele>
      </trkpt>
      <trkpt lon="7.08999373087331" lat="45.5825970524957">
        <ele>2826.77</ele>
      </trkpt>
      <trkpt lon="7.08995133459517" lat="45.5825016524637">
        <ele>2822.72</ele>
      </trkpt>
      <trkpt lon="7.09007378100912" lat="45.5825385351346">
        <ele>2818.52</ele>
      </trkpt>
      <trkpt lon="7.09004306165847" lat="45.582499406075">
        <ele>2816.95</ele>
      </trkpt>
      <trkpt lon="7.09005484606387" lat="45.5824581079288">
        <ele>2814.66</ele>
      </trkpt>
      <trkpt lon="7.09021335395996" lat="45.582516474823">
        <ele>2809.97</ele>
      </trkpt>
      <trkpt lon="7.09024884339695" lat="45.5825283199096">
        <ele>2809.4</ele>
      </trkpt>
      <trkpt lon="7.09026357734733" lat="45.5825134446786">
        <ele>2807.89</ele>
      </trkpt>
      <trkpt lon="7.09021861059837" lat="45.5824673264162">
        <ele>2806.18</ele>
      </trkpt>
      <trkpt lon="7.09019532774674" lat="45.5824168026979">
        <ele>2805.38</ele>
      </trkpt>
      <trkpt lon="7.09043966550308" lat="45.5824653535114">
        <ele>2796.25</ele>
      </trkpt>
      <trkpt lon="7.09038717705955" lat="45.5823840065126">
        <ele>2793.67</ele>
      </trkpt>
      <trkpt lon="7.09040642494001" lat="45.5823720869552">
        <ele>2791.78</ele>
      </trkpt>
      <trkpt lon="7.09048345418431" lat="45.5823837268841">
        <ele>2788.72</ele>
      </trkpt>
      <trkpt lon="7.09053815859463" lat="45.5823619574231">
        <ele>2784.71</ele>
      </trkpt>
      <trkpt lon="7.09065448289274" lat="45.5823865869488">
        <ele>2780.4</ele>
      </trkpt>
      <trkpt lon="7.09064054557738" lat="45.5822910316334">
        <ele>2775.55</ele>
      </trkpt>
      <trkpt lon="7.09078057701369" lat="45.5824029163605">
        <ele>2773.49</ele>
      </trkpt>
      <trkpt lon="7.09076120440453" lat="45.5822597459064">
        <ele>2767.26</ele>
      </trkpt>
      <trkpt lon="7.0909407506202" lat="45.5823705809905">
        <ele>2761.1</ele>
      </trkpt>
      <trkpt lon="7.09087445768026" lat="45.5822199654496">
        <ele>2758.41</ele>
      </trkpt>
      <trkpt lon="7.09098187574446" lat="45.5822691066162">
        <ele>2754.48</ele>
      </trkpt>
      <trkpt lon="7.09103907575557" lat="45.5823325282101">
        <ele>2753.32</ele>
      </trkpt>
      <trkpt lon="7.09113118841763" lat="45.582356751935">
        <ele>2749.84</ele>
      </trkpt>
      <trkpt lon="7.09121657237318" lat="45.5824206460364">
        <ele>2747.86</ele>
      </trkpt>
      <trkpt lon="7.09126515799334" lat="45.5824999457237">
        <ele>2747.16</ele>
      </trkpt>
      <trkpt lon="7.09131393343631" lat="45.5825319970028">
        <ele>2744.95</ele>
      </trkpt>
      <trkpt lon="7.0913985836158" lat="45.5826175694199">
        <ele>2743.29</ele>
      </trkpt>
      <trkpt lon="7.09138884322393" lat="45.582541889645">
        <ele>2740.79</ele>
      </trkpt>
      <trkpt lon="7.09138274061438" lat="45.5823853495391">
        <ele>2737.11</ele>
      </trkpt>
      <trkpt lon="7.09128550490052" lat="45.58211522236">
        <ele>2731.88</ele>
      </trkpt>
      <trkpt lon="7.09129060837168" lat="45.5820856938894">
        <ele>2732.48</ele>
      </trkpt>
      <trkpt lon="7.09137509769099" lat="45.5820171679863">
        <ele>2728.04</ele>
      </trkpt>
      <trkpt lon="7.0914205138682" lat="45.5819516806695">
        <ele>2724.84</ele>
      </trkpt>
      <trkpt lon="7.09143999048249" lat="45.5818914293437">
        <ele>2722.33</ele>
      </trkpt>
      <trkpt lon="7.09144338563288" lat="45.5818593507924">
        <ele>2721.37</ele>
      </trkpt>
      <trkpt lon="7.0914460139529" lat="45.5818347335324">
        <ele>2721</ele>
      </trkpt>
      <trkpt lon="7.09145213199911" lat="45.5817714681123">
        <ele>2719.78</ele>
      </trkpt>
      <trkpt lon="7.09145328547137" lat="45.5817374644909">
        <ele>2719.14</ele>
      </trkpt>
      <trkpt lon="7.09147013346985" lat="45.5817168613586">
        <ele>2717.42</ele>
      </trkpt>
      <trkpt lon="7.09149306452263" lat="45.581717244924">
        <ele>2716.31</ele>
      </trkpt>
      <trkpt lon="7.09150177259665" lat="45.5817401650292">
        <ele>2716.48</ele>
      </trkpt>
      <trkpt lon="7.0915028641754" lat="45.5817458540717">
        <ele>2716.68</ele>
      </trkpt>
      <trkpt lon="7.09152819714595" lat="45.5817926304934">
        <ele>2715.69</ele>
      </trkpt>
      <trkpt lon="7.09155157765055" lat="45.5818213758874">
        <ele>2713.92</ele>
      </trkpt>
      <trkpt lon="7.09160249726749" lat="45.5818695720376">
        <ele>2711.69</ele>
      </trkpt>
      <trkpt lon="7.09165675269773" lat="45.5819366353611">
        <ele>2709.64</ele>
      </trkpt>
      <trkpt lon="7.09166127481611" lat="45.5819469717759">
        <ele>2709.45</ele>
      </trkpt>
      <trkpt lon="7.0916806435045" lat="45.5820070623634">
        <ele>2708.23</ele>
      </trkpt>
      <trkpt lon="7.09169239832837" lat="45.5820573970763">
        <ele>2707.18</ele>
      </trkpt>
      <trkpt lon="7.09169988982099" lat="45.582074622582">
        <ele>2706.77</ele>
      </trkpt>
      <trkpt lon="7.09178831849247" lat="45.5821281275629">
        <ele>2704.1</ele>
      </trkpt>
      <trkpt lon="7.09183059666632" lat="45.5821552953228">
        <ele>2702.89</ele>
      </trkpt>
      <trkpt lon="7.09186095806384" lat="45.5821747044386">
        <ele>2702.73</ele>
      </trkpt>
      <trkpt lon="7.09187421657303" lat="45.5821805991599">
        <ele>2702.52</ele>
      </trkpt>
      <trkpt lon="7.09187235868298" lat="45.5821559929677">
        <ele>2701.26</ele>
      </trkpt>
      <trkpt lon="7.0918571144287" lat="45.5821292754814">
        <ele>2700.42</ele>
      </trkpt>
      <trkpt lon="7.09185269552252" lat="45.5820969774044">
        <ele>2699.58</ele>
      </trkpt>
      <trkpt lon="7.09184776512036" lat="45.5820836659107">
        <ele>2699.31</ele>
      </trkpt>
      <trkpt lon="7.09183005149742" lat="45.5820503343454">
        <ele>2699.09</ele>
      </trkpt>
      <trkpt lon="7.09183620207889" lat="45.5820276643906">
        <ele>2698.52</ele>
      </trkpt>
      <trkpt lon="7.09186852020967" lat="45.5819894109647">
        <ele>2696.31</ele>
      </trkpt>
      <trkpt lon="7.09187870417296" lat="45.5819687883228">
        <ele>2695.88</ele>
      </trkpt>
      <trkpt lon="7.09191694782368" lat="45.5819107400123">
        <ele>2693.52</ele>
      </trkpt>
      <trkpt lon="7.09194695779425" lat="45.5818611057223">
        <ele>2691.42</ele>
      </trkpt>
      <trkpt lon="7.09196508711986" lat="45.5818027238749">
        <ele>2689.79</ele>
      </trkpt>
      <trkpt lon="7.09197853815543" lat="45.581765142505">
        <ele>2688.82</ele>
      </trkpt>
      <trkpt lon="7.0919809416371" lat="45.5817320583633">
        <ele>2687.44</ele>
      </trkpt>
      <trkpt lon="7.09197892254028" lat="45.5817121328427">
        <ele>2687.37</ele>
      </trkpt>
      <trkpt lon="7.09198065331933" lat="45.5817027104004">
        <ele>2687.32</ele>
      </trkpt>
      <trkpt lon="7.09198757021035" lat="45.5816990464865">
        <ele>2686.88</ele>
      </trkpt>
      <trkpt lon="7.09201162341582" lat="45.5817042190722">
        <ele>2685.3</ele>
      </trkpt>
      <trkpt lon="7.09203788472446" lat="45.581723558702">
        <ele>2685.06</ele>
      </trkpt>
      <trkpt lon="7.09207388453801" lat="45.5817733075243">
        <ele>2683.58</ele>
      </trkpt>
      <trkpt lon="7.09208840635605" lat="45.5818100947011">
        <ele>2682.94</ele>
      </trkpt>
      <trkpt lon="7.0921077612208" lat="45.5818668546492">
        <ele>2681.28</ele>
      </trkpt>
      <trkpt lon="7.09212924973794" lat="45.5819097864926">
        <ele>2679.49</ele>
      </trkpt>
      <trkpt lon="7.09213539949934" lat="45.5819287925856">
        <ele>2679.43</ele>
      </trkpt>
      <trkpt lon="7.09214593570786" lat="45.5819356289708">
        <ele>2679.02</ele>
      </trkpt>
      <trkpt lon="7.0921540081051" lat="45.5819357651637">
        <ele>2678.45</ele>
      </trkpt>
      <trkpt lon="7.09216886961287" lat="45.5819322318857">
        <ele>2677.54</ele>
      </trkpt>
      <trkpt lon="7.09218241711117" lat="45.5819333570454">
        <ele>2676.86</ele>
      </trkpt>
      <trkpt lon="7.09219308117462" lat="45.5819364155591">
        <ele>2676.55</ele>
      </trkpt>
      <trkpt lon="7.09220198666291" lat="45.5819497965375">
        <ele>2676.55</ele>
      </trkpt>
      <trkpt lon="7.0922059227655" lat="45.5819546328084">
        <ele>2676.36</ele>
      </trkpt>
      <trkpt lon="7.09222235384557" lat="45.5819463577597">
        <ele>2675.28</ele>
      </trkpt>
      <trkpt lon="7.09223020192696" lat="45.5819114736255">
        <ele>2673.71</ele>
      </trkpt>
      <trkpt lon="7.09223074670025" lat="45.5818953704482">
        <ele>2672.96</ele>
      </trkpt>
      <trkpt lon="7.09223275549868" lat="45.5818739810411">
        <ele>2672.51</ele>
      </trkpt>
      <trkpt lon="7.09223292497156" lat="45.5818727254556">
        <ele>2672.5</ele>
      </trkpt>
      <trkpt lon="7.0922599541537" lat="45.5818315913504">
        <ele>2671.25</ele>
      </trkpt>
      <trkpt lon="7.09228263309447" lat="45.581797857389">
        <ele>2669.82</ele>
      </trkpt>
      <trkpt lon="7.09232327655454" lat="45.581752181635">
        <ele>2667.77</ele>
      </trkpt>
      <trkpt lon="7.09235793146172" lat="45.5816827302252">
        <ele>2664.99</ele>
      </trkpt>
      <trkpt lon="7.09236055729965" lat="45.5816430820317">
        <ele>2663.79</ele>
      </trkpt>
      <trkpt lon="7.09236135778285" lat="45.5816194203334">
        <ele>2663.57</ele>
      </trkpt>
      <trkpt lon="7.09236321641683" lat="45.5816062200196">
        <ele>2663.2</ele>
      </trkpt>
      <trkpt lon="7.09238717234306" lat="45.5816141815633">
        <ele>2662.32</ele>
      </trkpt>
      <trkpt lon="7.09240667511512" lat="45.5816362906417">
        <ele>2661.78</ele>
      </trkpt>
      <trkpt lon="7.09242861593634" lat="45.581703803663">
        <ele>2659.68</ele>
      </trkpt>
      <trkpt lon="7.09243617331597" lat="45.5817607273896">
        <ele>2658.94</ele>
      </trkpt>
      <trkpt lon="7.09244085078607" lat="45.5817815974041">
        <ele>2659.26</ele>
      </trkpt>
      <trkpt lon="7.09247358156783" lat="45.5818067177976">
        <ele>2657.28</ele>
      </trkpt>
      <trkpt lon="7.092509356915" lat="45.5818290964851">
        <ele>2656.62</ele>
      </trkpt>
      <trkpt lon="7.09251016521447" lat="45.581831721559">
        <ele>2656.69</ele>
      </trkpt>
      <trkpt lon="7.09253834871261" lat="45.5818548751923">
        <ele>2656.34</ele>
      </trkpt>
      <trkpt lon="7.09256757413205" lat="45.5818662535397">
        <ele>2654.87</ele>
      </trkpt>
      <trkpt lon="7.09260762474901" lat="45.5818797042664">
        <ele>2653.92</ele>
      </trkpt>
      <trkpt lon="7.09263169463212" lat="45.5818843379498">
        <ele>2653.21</ele>
      </trkpt>
      <trkpt lon="7.09263990878239" lat="45.5818802434821">
        <ele>2652.66</ele>
      </trkpt>
      <trkpt lon="7.0926422312126" lat="45.5818722710819">
        <ele>2652.13</ele>
      </trkpt>
      <trkpt lon="7.09265414287955" lat="45.5818573486001">
        <ele>2650.84</ele>
      </trkpt>
      <trkpt lon="7.09265310410804" lat="45.5818502206331">
        <ele>2650.5</ele>
      </trkpt>
      <trkpt lon="7.09265190420423" lat="45.5818439899092">
        <ele>2650.21</ele>
      </trkpt>
      <trkpt lon="7.0926470210537" lat="45.5818292367132">
        <ele>2649.61</ele>
      </trkpt>
      <trkpt lon="7.09267388902732" lat="45.5817928721707">
        <ele>2647.56</ele>
      </trkpt>
      <trkpt lon="7.09268253955143" lat="45.581775913495">
        <ele>2646.3</ele>
      </trkpt>
      <trkpt lon="7.09268545085496" lat="45.581769391137">
        <ele>2645.82</ele>
      </trkpt>
      <trkpt lon="7.09268702087361" lat="45.5817419654628">
        <ele>2644.58</ele>
      </trkpt>
      <trkpt lon="7.09267935186858" lat="45.5817110535001">
        <ele>2643.91</ele>
      </trkpt>
      <trkpt lon="7.09267771911443" lat="45.5816797915872">
        <ele>2643.16</ele>
      </trkpt>
      <trkpt lon="7.09268329194097" lat="45.5816553132481">
        <ele>2641.97</ele>
      </trkpt>
      <trkpt lon="7.09269048121778" lat="45.5816436408022">
        <ele>2641.71</ele>
      </trkpt>
      <trkpt lon="7.09270498221763" lat="45.5816090484065">
        <ele>2640.5</ele>
      </trkpt>
      <trkpt lon="7.09271519990634" lat="45.5815685363761">
        <ele>2638.83</ele>
      </trkpt>
      <trkpt lon="7.09272653704435" lat="45.5815290299373">
        <ele>2637.28</ele>
      </trkpt>
      <trkpt lon="7.09273273246968" lat="45.5814861094739">
        <ele>2636.35</ele>
      </trkpt>
      <trkpt lon="7.09273494409455" lat="45.5814624727901">
        <ele>2635.42</ele>
      </trkpt>
      <trkpt lon="7.09274197501689" lat="45.5814516975874">
        <ele>2634.95</ele>
      </trkpt>
      <trkpt lon="7.09275158085511" lat="45.5814480781451">
        <ele>2634.58</ele>
      </trkpt>
      <trkpt lon="7.09275760320793" lat="45.5814481782061">
        <ele>2634.34</ele>
      </trkpt>
      <trkpt lon="7.09276357553128" lat="45.5814497199695">
        <ele>2634.11</ele>
      </trkpt>
      <trkpt lon="7.09277079778967" lat="45.5814559618631">
        <ele>2633.75</ele>
      </trkpt>
      <trkpt lon="7.09277456434319" lat="45.581465926039">
        <ele>2633.76</ele>
      </trkpt>
      <trkpt lon="7.0927914861956" lat="45.5815036521517">
        <ele>2632.94</ele>
      </trkpt>
      <trkpt lon="7.09281613579143" lat="45.5815517702672">
        <ele>2631.92</ele>
      </trkpt>
      <trkpt lon="7.09283166632958" lat="45.5815700292102">
        <ele>2631.56</ele>
      </trkpt>
      <trkpt lon="7.09283191355184" lat="45.5815703042195">
        <ele>2631.54</ele>
      </trkpt>
      <trkpt lon="7.09286251931585" lat="45.5815939495554">
        <ele>2630.24</ele>
      </trkpt>
      <trkpt lon="7.09289883635917" lat="45.581615436559">
        <ele>2629.95</ele>
      </trkpt>
      <trkpt lon="7.09293869804772" lat="45.5816306845513">
        <ele>2628.22</ele>
      </trkpt>
      <trkpt lon="7.0929586983415" lat="45.581638129377">
        <ele>2627.8</ele>
      </trkpt>
      <trkpt lon="7.0929679679391" lat="45.581640715643">
        <ele>2627.56</ele>
      </trkpt>
      <trkpt lon="7.09297622926655" lat="45.5816389629013">
        <ele>2627.14</ele>
      </trkpt>
      <trkpt lon="7.09298239892978" lat="45.5816347461885">
        <ele>2626.67</ele>
      </trkpt>
      <trkpt lon="7.09298462408075" lat="45.5816295627465">
        <ele>2626.3</ele>
      </trkpt>
      <trkpt lon="7.09298574382756" lat="45.5816154485136">
        <ele>2625.48</ele>
      </trkpt>
      <trkpt lon="7.09299346164805" lat="45.5815654417757">
        <ele>2623.46</ele>
      </trkpt>
      <trkpt lon="7.09299475965289" lat="45.5815271186027">
        <ele>2621.99</ele>
      </trkpt>
      <trkpt lon="7.09299557681192" lat="45.5815030096711">
        <ele>2620.99</ele>
      </trkpt>
      <trkpt lon="7.09301413372797" lat="45.5814546253015">
        <ele>2619.86</ele>
      </trkpt>
      <trkpt lon="7.09302854292986" lat="45.5814266025145">
        <ele>2618.39</ele>
      </trkpt>
      <trkpt lon="7.09304141869432" lat="45.5814021548026">
        <ele>2616.91</ele>
      </trkpt>
      <trkpt lon="7.09304399683444" lat="45.5813866238816">
        <ele>2616.38</ele>
      </trkpt>
      <trkpt lon="7.09306737537945" lat="45.5813737848968">
        <ele>2615.12</ele>
      </trkpt>
      <trkpt lon="7.09307707360893" lat="45.58133344231">
        <ele>2613.54</ele>
      </trkpt>
      <trkpt lon="7.09309090783735" lat="45.5813034278007">
        <ele>2611.98</ele>
      </trkpt>
      <trkpt lon="7.09309843620695" lat="45.5812817717738">
        <ele>2610.89</ele>
      </trkpt>
      <trkpt lon="7.09309975051572" lat="45.5812619018426">
        <ele>2610.24</ele>
      </trkpt>
      <trkpt lon="7.0930876284309" lat="45.581241356764">
        <ele>2609.52</ele>
      </trkpt>
      <trkpt lon="7.09307681742894" lat="45.5812237145489">
        <ele>2609.3</ele>
      </trkpt>
      <trkpt lon="7.09306849810695" lat="45.5812081835222">
        <ele>2610.51</ele>
      </trkpt>
      <trkpt lon="7.09306866480024" lat="45.5812070168278">
        <ele>2610.57</ele>
      </trkpt>
      <trkpt lon="7.09307351782318" lat="45.5811999861426">
        <ele>2610.6</ele>
      </trkpt>
      <trkpt lon="7.09310530470679" lat="45.581196286358">
        <ele>2608.35</ele>
      </trkpt>
      <trkpt lon="7.09311548551853" lat="45.5811946558602">
        <ele>2607.95</ele>
      </trkpt>
      <trkpt lon="7.09311588553603" lat="45.5811942141863">
        <ele>2607.97</ele>
      </trkpt>
      <trkpt lon="7.09316306239675" lat="45.5811524247045">
        <ele>2606.54</ele>
      </trkpt>
      <trkpt lon="7.09317981311417" lat="45.5811347021993">
        <ele>2606.29</ele>
      </trkpt>
      <trkpt lon="7.09322452053172" lat="45.5810900848447">
        <ele>2605.75</ele>
      </trkpt>
      <trkpt lon="7.09323563486705" lat="45.5810798291391">
        <ele>2605.91</ele>
      </trkpt>
      <trkpt lon="7.09324802978569" lat="45.5810695956688">
        <ele>2605.93</ele>
      </trkpt>
      <trkpt lon="7.09325907733958" lat="45.5810650984407">
        <ele>2605.46</ele>
      </trkpt>
      <trkpt lon="7.09326833581878" lat="45.581068043049">
        <ele>2604.85</ele>
      </trkpt>
      <trkpt lon="7.09326951904671" lat="45.581074723784">
        <ele>2604.74</ele>
      </trkpt>
      <trkpt lon="7.09327006307436" lat="45.5810965160038">
        <ele>2603.47</ele>
      </trkpt>
      <trkpt lon="7.09325309000061" lat="45.5811208053386">
        <ele>2603.16</ele>
      </trkpt>
      <trkpt lon="7.09325264250833" lat="45.5811340306668">
        <ele>2602.63</ele>
      </trkpt>
      <trkpt lon="7.09325382573631" lat="45.5811407086239">
        <ele>2602.16</ele>
      </trkpt>
      <trkpt lon="7.09325767018974" lat="45.5811445532023">
        <ele>2601.63</ele>
      </trkpt>
      <trkpt lon="7.09326862331657" lat="45.5811390670595">
        <ele>2601.2</ele>
      </trkpt>
      <trkpt lon="7.09328114601579" lat="45.5811288335904">
        <ele>2600.74</ele>
      </trkpt>
      <trkpt lon="7.09328542684305" lat="45.5811198139608">
        <ele>2600.93</ele>
      </trkpt>
      <trkpt lon="7.09329362439176" lat="45.5811123916315">
        <ele>2600.85</ele>
      </trkpt>
      <trkpt lon="7.09330667474029" lat="45.5811092777909">
        <ele>2600.53</ele>
      </trkpt>
      <trkpt lon="7.09331741384787" lat="45.5811101779177">
        <ele>2600.02</ele>
      </trkpt>
      <trkpt lon="7.09332392238257" lat="45.5811072251289">
        <ele>2599.69</ele>
      </trkpt>
      <trkpt lon="7.09332749474776" lat="45.5811039556369">
        <ele>2599.62</ele>
      </trkpt>
      <trkpt lon="7.09333065605318" lat="45.5810976166193">
        <ele>2599.73</ele>
      </trkpt>
      <trkpt lon="7.09333662296608" lat="45.5810917776415">
        <ele>2599.58</ele>
      </trkpt>
      <trkpt lon="7.09333904808778" lat="45.5810883053555">
        <ele>2599.58</ele>
      </trkpt>
      <trkpt lon="7.09334329826846" lat="45.5810838775077">
        <ele>2599.56</ele>
      </trkpt>
      <trkpt lon="7.09335001511265" lat="45.5810823692016">
        <ele>2599.13</ele>
      </trkpt>
      <trkpt lon="7.09335413187923" lat="45.5810818970074">
        <ele>2598.84</ele>
      </trkpt>
      <trkpt lon="7.09336079869221" lat="45.5810819192949">
        <ele>2598.32</ele>
      </trkpt>
      <trkpt lon="7.09336982918328" lat="45.5810953002744">
        <ele>2596.93</ele>
      </trkpt>
      <trkpt lon="7.09336944561845" lat="45.5811066366668">
        <ele>2596.93</ele>
      </trkpt>
      <trkpt lon="7.09337552867282" lat="45.5811276205867">
        <ele>2595.87</ele>
      </trkpt>
      <trkpt lon="7.09338728431684" lat="45.5811362764739">
        <ele>2595.19</ele>
      </trkpt>
      <trkpt lon="7.09341322673197" lat="45.5811272598323">
        <ele>2594.25</ele>
      </trkpt>
      <trkpt lon="7.09344752782999" lat="45.5811098291713">
        <ele>2592.51</ele>
      </trkpt>
      <trkpt lon="7.09348455130131" lat="45.5810877650869">
        <ele>2588.93</ele>
      </trkpt>
      <trkpt lon="7.09352567478714" lat="45.5810695511391">
        <ele>2585.84</ele>
      </trkpt>
      <trkpt lon="7.09356100075861" lat="45.5810596984563">
        <ele>2584.33</ele>
      </trkpt>
      <trkpt lon="7.09360689343811" lat="45.5810595655649">
        <ele>2581.81</ele>
      </trkpt>
      <trkpt lon="7.09366306947033" lat="45.5810699524821">
        <ele>2577.72</ele>
      </trkpt>
      <trkpt lon="7.09369667014399" lat="45.5810733056702">
        <ele>2576.13</ele>
      </trkpt>
      <trkpt lon="7.09371671776374" lat="45.5810755309207">
        <ele>2574.43</ele>
      </trkpt>
      <trkpt lon="7.09374315717991" lat="45.5810783118026">
        <ele>2572.5</ele>
      </trkpt>
      <trkpt lon="7.09375969913977" lat="45.5810819176093">
        <ele>2571.48</ele>
      </trkpt>
      <trkpt lon="7.09377712173977" lat="45.5810822094523">
        <ele>2570.12</ele>
      </trkpt>
      <trkpt lon="7.09380967530671" lat="45.5810785207866">
        <ele>2568.59</ele>
      </trkpt>
      <trkpt lon="7.09382540077699" lat="45.5810722124472">
        <ele>2567.38</ele>
      </trkpt>
      <trkpt lon="7.09384735428227" lat="45.5810597984592">
        <ele>2566.25</ele>
      </trkpt>
      <trkpt lon="7.09385901301719" lat="45.5810524317204">
        <ele>2565.64</ele>
      </trkpt>
      <trkpt lon="7.09387275237226" lat="45.5810441094223">
        <ele>2564.64</ele>
      </trkpt>
      <trkpt lon="7.09392415913636" lat="45.5810401987116">
        <ele>2561.49</ele>
      </trkpt>
      <trkpt lon="7.09395419893699" lat="45.5810274681274">
        <ele>2559.68</ele>
      </trkpt>
      <trkpt lon="7.09397463056782" lat="45.5809956758597">
        <ele>2558.47</ele>
      </trkpt>
      <trkpt lon="7.0940586367133" lat="45.5809184969567">
        <ele>2554.91</ele>
      </trkpt>
      <trkpt lon="7.0941937769378" lat="45.5808606273685">
        <ele>2548.2</ele>
      </trkpt>
      <trkpt lon="7.09428089390941" lat="45.5808014128361">
        <ele>2543.6</ele>
      </trkpt>
      <trkpt lon="7.09433498428645" lat="45.5807862935363">
        <ele>2540.69</ele>
      </trkpt>
      <trkpt lon="7.09436358748082" lat="45.5807971218638">
        <ele>2539.33</ele>
      </trkpt>
      <trkpt lon="7.09459846068563" lat="45.5807275946168">
        <ele>2529.49</ele>
      </trkpt>
      <trkpt lon="7.09461548071346" lat="45.5807169861819">
        <ele>2528.84</ele>
      </trkpt>
      <trkpt lon="7.09464459569943" lat="45.5806937997703">
        <ele>2528.3</ele>
      </trkpt>
      <trkpt lon="7.09466435740732" lat="45.5806855775331">
        <ele>2526.92</ele>
      </trkpt>
      <trkpt lon="7.09468743021308" lat="45.5806817332159">
        <ele>2526.33</ele>
      </trkpt>
      <trkpt lon="7.09471242806061" lat="45.5806779194736">
        <ele>2523.75</ele>
      </trkpt>
      <trkpt lon="7.09471942555677" lat="45.5806718249438">
        <ele>2523.49</ele>
      </trkpt>
      <trkpt lon="7.09475105160562" lat="45.5806538998">
        <ele>2522.43</ele>
      </trkpt>
      <trkpt lon="7.09476972706722" lat="45.58065133325">
        <ele>2521.77</ele>
      </trkpt>
      <trkpt lon="7.0947787384003" lat="45.5806501333073">
        <ele>2521.14</ele>
      </trkpt>
      <trkpt lon="7.09479641663581" lat="45.58064664728">
        <ele>2520.11</ele>
      </trkpt>
      <trkpt lon="7.09481127814358" lat="45.580643114002">
        <ele>2519.74</ele>
      </trkpt>
      <trkpt lon="7.09484692367797" lat="45.5806275972911">
        <ele>2517.93</ele>
      </trkpt>
      <trkpt lon="7.09490723119295" lat="45.5805954804021">
        <ele>2515.8</ele>
      </trkpt>
      <trkpt lon="7.09495309104137" lat="45.5805697829788">
        <ele>2514.38</ele>
      </trkpt>
      <trkpt lon="7.09496694149934" lat="45.580562002362">
        <ele>2513.76</ele>
      </trkpt>
      <trkpt lon="7.09504350213571" lat="45.5805306050932">
        <ele>2511.69</ele>
      </trkpt>
      <trkpt lon="7.09507432529549" lat="45.5805174383945">
        <ele>2511.41</ele>
      </trkpt>
      <trkpt lon="7.0950936368059" lat="45.5805187497259">
        <ele>2510.34</ele>
      </trkpt>
      <trkpt lon="7.09509642573755" lat="45.580519696999">
        <ele>2510.1</ele>
      </trkpt>
      <trkpt lon="7.09509629788263" lat="45.5805234748706">
        <ele>2509.82</ele>
      </trkpt>
      <trkpt lon="7.09508968628457" lat="45.5805408280204">
        <ele>2508.96</ele>
      </trkpt>
      <trkpt lon="7.0950790190696" lat="45.5805567616509">
        <ele>2508.97</ele>
      </trkpt>
      <trkpt lon="7.09507365747922" lat="45.5805751231716">
        <ele>2508.55</ele>
      </trkpt>
      <trkpt lon="7.09507250437891" lat="45.5805902263178">
        <ele>2507.81</ele>
      </trkpt>
      <trkpt lon="7.09507945424984" lat="45.5806045628568">
        <ele>2506.89</ele>
      </trkpt>
      <trkpt lon="7.09508990985504" lat="45.5806137381889">
        <ele>2506.47</ele>
      </trkpt>
      <trkpt lon="7.09512012994591" lat="45.5806146940616">
        <ele>2504.8</ele>
      </trkpt>
      <trkpt lon="7.09515744203439" lat="45.5806067636687">
        <ele>2503.81</ele>
      </trkpt>
      <trkpt lon="7.09544526212283" lat="45.5804724991967">
        <ele>2493.79</ele>
      </trkpt>
      <trkpt lon="7.09555517207171" lat="45.5803721699629">
        <ele>2488.76</ele>
      </trkpt>
      <trkpt lon="7.09557218851695" lat="45.5805436549946">
        <ele>2484.25</ele>
      </trkpt>
      <trkpt lon="7.09562894019387" lat="45.5805219188876">
        <ele>2481.1</ele>
      </trkpt>
      <trkpt lon="7.09577628212099" lat="45.5803911586964">
        <ele>2474.98</ele>
      </trkpt>
      <trkpt lon="7.09580334991826" lat="45.5803639777202">
        <ele>2473.81</ele>
      </trkpt>
      <trkpt lon="7.09581049119966" lat="45.5803915507048">
        <ele>2472.66</ele>
      </trkpt>
      <trkpt lon="7.095833024416" lat="45.5804227100401">
        <ele>2470.74</ele>
      </trkpt>
      <trkpt lon="7.09599203371611" lat="45.5802691021655">
        <ele>2462.65</ele>
      </trkpt>
      <trkpt lon="7.09601689725518" lat="45.5803147035531">
        <ele>2461.65</ele>
      </trkpt>
      <trkpt lon="7.09601978475464" lat="45.5803885582155">
        <ele>2460.5</ele>
      </trkpt>
      <trkpt lon="7.09604678795327" lat="45.5803973809215">
        <ele>2459</ele>
      </trkpt>
      <trkpt lon="7.09614488974836" lat="45.5802747121227">
        <ele>2453.77</ele>
      </trkpt>
      <trkpt lon="7.09617247804971" lat="45.5801942520343">
        <ele>2451.59</ele>
      </trkpt>
      <trkpt lon="7.09619149839005" lat="45.5801699960535">
        <ele>2451.08</ele>
      </trkpt>
      <trkpt lon="7.09625689016437" lat="45.5802376928342">
        <ele>2447.27</ele>
      </trkpt>
      <trkpt lon="7.09630196809093" lat="45.5802805693494">
        <ele>2445.64</ele>
      </trkpt>
      <trkpt lon="7.09633369623269" lat="45.5802975700845">
        <ele>2445.32</ele>
      </trkpt>
      <trkpt lon="7.09636999697205" lat="45.5803006066241">
        <ele>2443.95</ele>
      </trkpt>
      <trkpt lon="7.09637560832233" lat="45.5801535335368">
        <ele>2441.86</ele>
      </trkpt>
      <trkpt lon="7.09640225589927" lat="45.5801653202027">
        <ele>2439.8</ele>
      </trkpt>
      <trkpt lon="7.09644097838395" lat="45.5801953074433">
        <ele>2437.49</ele>
      </trkpt>
      <trkpt lon="7.0964558184039" lat="45.5801544204483">
        <ele>2437.1</ele>
      </trkpt>
      <trkpt lon="7.09657762020763" lat="45.580199025529">
        <ele>2432.25</ele>
      </trkpt>
      <trkpt lon="7.09658283530753" lat="45.5801433047344">
        <ele>2430.13</ele>
      </trkpt>
      <trkpt lon="7.09660198109503" lat="45.580096459298">
        <ele>2428.09</ele>
      </trkpt>
      <trkpt lon="7.09670793002155" lat="45.5801283805728">
        <ele>2425.2</ele>
      </trkpt>
      <trkpt lon="7.09677887298583" lat="45.5801418038206">
        <ele>2423.09</ele>
      </trkpt>
      <trkpt lon="7.09680279300213" lat="45.580139501217">
        <ele>2422.2</ele>
      </trkpt>
      <trkpt lon="7.09680847430422" lat="45.5801079115891">
        <ele>2420.98</ele>
      </trkpt>
      <trkpt lon="7.09683230319549" lat="45.5800779749566">
        <ele>2418.5</ele>
      </trkpt>
      <trkpt lon="7.0968622929667" lat="45.580066683297">
        <ele>2416.69</ele>
      </trkpt>
      <trkpt lon="7.09690696906476" lat="45.5800608585839">
        <ele>2415.27</ele>
      </trkpt>
      <trkpt lon="7.0969613313813" lat="45.5800604146557">
        <ele>2414.19</ele>
      </trkpt>
      <trkpt lon="7.09699158482757" lat="45.5800602871682">
        <ele>2413.18</ele>
      </trkpt>
      <trkpt lon="7.09700357965252" lat="45.5800543676913">
        <ele>2412.82</ele>
      </trkpt>
      <trkpt lon="7.09700594663081" lat="45.580041175716">
        <ele>2412.09</ele>
      </trkpt>
      <trkpt lon="7.097007674632" lat="45.5800317532736">
        <ele>2411.56</ele>
      </trkpt>
      <trkpt lon="7.09701131099907" lat="45.5800228114175">
        <ele>2411.06</ele>
      </trkpt>
      <trkpt lon="7.09702005287298" lat="45.5800220587056">
        <ele>2410.97</ele>
      </trkpt>
      <trkpt lon="7.09703356701777" lat="45.5800241727787">
        <ele>2410.55</ele>
      </trkpt>
      <trkpt lon="7.09704782553279" lat="45.5800308925304">
        <ele>2410.34</ele>
      </trkpt>
      <trkpt lon="7.09705337838318" lat="45.5800334148699">
        <ele>2410.26</ele>
      </trkpt>
      <trkpt lon="7.09707197031315" lat="45.5800408346812">
        <ele>2409.91</ele>
      </trkpt>
      <trkpt lon="7.09708346776519" lat="45.5800420181558">
        <ele>2409.52</ele>
      </trkpt>
      <trkpt lon="7.09708825678628" lat="45.580040657057">
        <ele>2409.26</ele>
      </trkpt>
      <trkpt lon="7.09709300975038" lat="45.5800365042209">
        <ele>2408.84</ele>
      </trkpt>
      <trkpt lon="7.09708873485421" lat="45.5800264428154">
        <ele>2408.47</ele>
      </trkpt>
      <trkpt lon="7.09708698769501" lat="45.5800212843354">
        <ele>2408.32</ele>
      </trkpt>
      <trkpt lon="7.09708200733957" lat="45.5800055394468">
        <ele>2408.02</ele>
      </trkpt>
      <trkpt lon="7.09707893249605" lat="45.5799941446861">
        <ele>2407.22</ele>
      </trkpt>
      <trkpt lon="7.09708725782528" lat="45.5799867251359">
        <ele>2406.37</ele>
      </trkpt>
      <trkpt lon="7.09710215261225" lat="45.5799859808172">
        <ele>2405.92</ele>
      </trkpt>
      <trkpt lon="7.09711214442122" lat="45.5799899282356">
        <ele>2406.2</ele>
      </trkpt>
      <trkpt lon="7.09712325282366" lat="45.5799988452342">
        <ele>2406.59</ele>
      </trkpt>
      <trkpt lon="7.09715846739298" lat="45.5800036623636">
        <ele>2405.44</ele>
      </trkpt>
      <trkpt lon="7.0971757651426" lat="45.5799962095663">
        <ele>2404.35</ele>
      </trkpt>
      <trkpt lon="7.09717590959902" lat="45.5799957623342">
        <ele>2404.32</ele>
      </trkpt>
      <trkpt lon="7.09716755128985" lat="45.5799851814316">
        <ele>2404.08</ele>
      </trkpt>
      <trkpt lon="7.09717473786317" lat="45.579969728335">
        <ele>2402.95</ele>
      </trkpt>
      <trkpt lon="7.09718769100505" lat="45.5799657144709">
        <ele>2402.36</ele>
      </trkpt>
      <trkpt lon="7.09719831059654" lat="45.5799701230181">
        <ele>2402.07</ele>
      </trkpt>
      <trkpt lon="7.09722311380949" lat="45.5799757567336">
        <ele>2402.25</ele>
      </trkpt>
      <trkpt lon="7.09725854540082" lat="45.5799627539727">
        <ele>2400.36</ele>
      </trkpt>
      <trkpt lon="7.09727382375248" lat="45.5799506788173">
        <ele>2399.65</ele>
      </trkpt>
      <trkpt lon="7.09728757978343" lat="45.579941906508">
        <ele>2398.51</ele>
      </trkpt>
      <trkpt lon="7.09730245511487" lat="45.5799417038695">
        <ele>2398.3</ele>
      </trkpt>
      <trkpt lon="7.09731901367801" lat="45.5799485514245">
        <ele>2398.05</ele>
      </trkpt>
      <trkpt lon="7.09733026939265" lat="45.5799530599803">
        <ele>2397.84</ele>
      </trkpt>
      <trkpt lon="7.09734322531417" lat="45.5799489544472">
        <ele>2397.1</ele>
      </trkpt>
      <trkpt lon="7.09736914827388" lat="45.57994047393">
        <ele>2395.6</ele>
      </trkpt>
      <trkpt lon="7.09738322634807" lat="45.5799411601949">
        <ele>2395.18</ele>
      </trkpt>
      <trkpt lon="7.09739387373566" lat="45.5799446687197">
        <ele>2395.36</ele>
      </trkpt>
      <trkpt lon="7.09741059343115" lat="45.5799506162537">
        <ele>2395.5</ele>
      </trkpt>
      <trkpt lon="7.09741991305999" lat="45.5799516719262">
        <ele>2395.18</ele>
      </trkpt>
      <trkpt lon="7.09742402704693" lat="45.5799512914009">
        <ele>2395</ele>
      </trkpt>
      <trkpt lon="7.0974360272824" lat="45.5799527498874">
        <ele>2394.6</ele>
      </trkpt>
      <trkpt lon="7.09743607453222" lat="45.5799513998539">
        <ele>2394.52</ele>
      </trkpt>
      <trkpt lon="7.09744069678734" lat="45.5799548999867">
        <ele>2394.53</ele>
      </trkpt>
      <trkpt lon="7.0974612942898" lat="45.5799637031856">
        <ele>2393.82</ele>
      </trkpt>
      <trkpt lon="7.09747685855339" lat="45.57996207274">
        <ele>2393.22</ele>
      </trkpt>
      <trkpt lon="7.09748990897631" lat="45.5799551782489">
        <ele>2392.62</ele>
      </trkpt>
      <trkpt lon="7.09749349531392" lat="45.5799476780951">
        <ele>2392.26</ele>
      </trkpt>
      <trkpt lon="7.0974945038834" lat="45.5799368028315">
        <ele>2391.84</ele>
      </trkpt>
      <trkpt lon="7.09749205119054" lat="45.5799297415191">
        <ele>2391.44</ele>
      </trkpt>
      <trkpt lon="7.09749094571372" lat="45.5799245024878">
        <ele>2391.15</ele>
      </trkpt>
      <trkpt lon="7.09749453205132" lat="45.579917002334">
        <ele>2390.89</ele>
      </trkpt>
      <trkpt lon="7.09749480984757" lat="45.5799163745431">
        <ele>2390.87</ele>
      </trkpt>
      <trkpt lon="7.09749971853525" lat="45.5799038548316">
        <ele>2390.4</ele>
      </trkpt>
      <trkpt lon="7.09749859923476" lat="45.5798952851608">
        <ele>2389.98</ele>
      </trkpt>
      <trkpt lon="7.09749959105392" lat="45.5798886433368">
        <ele>2389.59</ele>
      </trkpt>
      <trkpt lon="7.09750506622756" lat="45.5798859433221">
        <ele>2389.22</ele>
      </trkpt>
      <trkpt lon="7.09751177751253" lat="45.579884615576">
        <ele>2388.88</ele>
      </trkpt>
      <trkpt lon="7.09752247492958" lat="45.5798866823984">
        <ele>2388.56</ele>
      </trkpt>
      <trkpt lon="7.09752775554296" lat="45.5798896519687">
        <ele>2388.51</ele>
      </trkpt>
      <trkpt lon="7.0975291666847" lat="45.5798896742052">
        <ele>2388.46</ele>
      </trkpt>
      <trkpt lon="7.09753872805094" lat="45.5798874047965">
        <ele>2387.96</ele>
      </trkpt>
      <trkpt lon="7.09754430050556" lat="45.5798818269325">
        <ele>2387.51</ele>
      </trkpt>
      <trkpt lon="7.09754835063947" lat="45.5798795519146">
        <ele>2387.33</ele>
      </trkpt>
      <trkpt lon="7.09756117592645" lat="45.579879315922">
        <ele>2387.02</ele>
      </trkpt>
      <trkpt lon="7.0975697760474" lat="45.5798827910928">
        <ele>2386.7</ele>
      </trkpt>
      <trkpt lon="7.09758111229281" lat="45.5798886496834">
        <ele>2386.33</ele>
      </trkpt>
      <trkpt lon="7.09759225960801" lat="45.5798963972085">
        <ele>2386.4</ele>
      </trkpt>
      <trkpt lon="7.09759290406822" lat="45.5798963166572">
        <ele>2386.39</ele>
      </trkpt>
      <trkpt lon="7.09760265428849" lat="45.5798960306334">
        <ele>2386.19</ele>
      </trkpt>
      <trkpt lon="7.09763509667642" lat="45.579895669828">
        <ele>2385.14</ele>
      </trkpt>
      <trkpt lon="7.09764540526871" lat="45.5798940421093">
        <ele>2384.74</ele>
      </trkpt>
      <trkpt lon="7.09765562514196" lat="45.5798836808368">
        <ele>2384.08</ele>
      </trkpt>
      <trkpt lon="7.09765917294045" lat="45.5798583580124">
        <ele>2382.57</ele>
      </trkpt>
      <trkpt lon="7.09766263690799" lat="45.5798582358207">
        <ele>2382.43</ele>
      </trkpt>
      <trkpt lon="7.09767754288775" lat="45.5798533525092">
        <ele>2381.56</ele>
      </trkpt>
      <trkpt lon="7.09769495151539" lat="45.5798578722362">
        <ele>2381.11</ele>
      </trkpt>
      <trkpt lon="7.0977115712264" lat="45.5798629197465">
        <ele>2380.72</ele>
      </trkpt>
      <trkpt lon="7.09772987446661" lat="45.579859894848">
        <ele>2380.34</ele>
      </trkpt>
      <trkpt lon="7.09773812197039" lat="45.5798548114669">
        <ele>2380.05</ele>
      </trkpt>
      <trkpt lon="7.09773398882717" lat="45.5798405221787">
        <ele>2379.52</ele>
      </trkpt>
      <trkpt lon="7.09772823893449" lat="45.5798286329351">
        <ele>2379.2</ele>
      </trkpt>
      <trkpt lon="7.09772854189588" lat="45.5798196382675">
        <ele>2378.7</ele>
      </trkpt>
      <trkpt lon="7.09772870310437" lat="45.5798148687047">
        <ele>2378.5</ele>
      </trkpt>
      <trkpt lon="7.09773856743025" lat="45.5798036935195">
        <ele>2378.05</ele>
      </trkpt>
      <trkpt lon="7.09775081503848" lat="45.5797977768229">
        <ele>2377.62</ele>
      </trkpt>
      <trkpt lon="7.09776300142272" lat="45.5797975297127">
        <ele>2377.12</ele>
      </trkpt>
      <trkpt lon="7.0977764655363" lat="45.5798011743794">
        <ele>2376.74</ele>
      </trkpt>
      <trkpt lon="7.09778700737847" lat="45.5798040495539">
        <ele>2376.33</ele>
      </trkpt>
      <trkpt lon="7.09780031313933" lat="45.5798085025727">
        <ele>2375.89</ele>
      </trkpt>
      <trkpt lon="7.0978132051316" lat="45.5798063776443">
        <ele>2375.51</ele>
      </trkpt>
      <trkpt lon="7.09782681385216" lat="45.5798019221088">
        <ele>2374.81</ele>
      </trkpt>
      <trkpt lon="7.09782987246606" lat="45.5797910829771">
        <ele>2374.67</ele>
      </trkpt>
      <trkpt lon="7.09783051174242" lat="45.5797721019506">
        <ele>2374.05</ele>
      </trkpt>
      <trkpt lon="7.09782462302686" lat="45.5797567015063">
        <ele>2373.45</ele>
      </trkpt>
      <trkpt lon="7.09782652891236" lat="45.5797420622679">
        <ele>2372.58</ele>
      </trkpt>
      <trkpt lon="7.09783413473557" lat="45.5797369677691">
        <ele>2372</ele>
      </trkpt>
      <trkpt lon="7.09785097958252" lat="45.5797353567809">
        <ele>2371.29</ele>
      </trkpt>
      <trkpt lon="7.09786558530604" lat="45.5797431626744">
        <ele>2371.25</ele>
      </trkpt>
      <trkpt lon="7.09787545203794" lat="45.5797508879643">
        <ele>2371.15</ele>
      </trkpt>
      <trkpt lon="7.09788197987941" lat="45.5797549547965">
        <ele>2371.26</ele>
      </trkpt>
      <trkpt lon="7.09789807742588" lat="45.5797564855467">
        <ele>2371.03</ele>
      </trkpt>
      <trkpt lon="7.0979211502317" lat="45.5797526384516">
        <ele>2370.16</ele>
      </trkpt>
      <trkpt lon="7.09793221731544" lat="45.5797438216707">
        <ele>2369.45</ele>
      </trkpt>
      <trkpt lon="7.09793660368989" lat="45.5797353437223">
        <ele>2368.82</ele>
      </trkpt>
      <trkpt lon="7.09793754833191" lat="45.5797263573945">
        <ele>2368.3</ele>
      </trkpt>
      <trkpt lon="7.09793775401233" lat="45.579720240576">
        <ele>2367.95</ele>
      </trkpt>
      <trkpt lon="7.09795565738373" lat="45.5797100988281">
        <ele>2366.98</ele>
      </trkpt>
      <trkpt lon="7.09796920217684" lat="45.5797075322283">
        <ele>2366.78</ele>
      </trkpt>
      <trkpt lon="7.09798132748758" lat="45.5797053045121">
        <ele>2366.41</ele>
      </trkpt>
      <trkpt lon="7.09799154165285" lat="45.5797026851009">
        <ele>2365.85</ele>
      </trkpt>
      <trkpt lon="7.09800031688034" lat="45.5797009406977">
        <ele>2365.41</ele>
      </trkpt>
      <trkpt lon="7.09800001429258" lat="45.5796909432213">
        <ele>2365.12</ele>
      </trkpt>
      <trkpt lon="7.09799540037797" lat="45.579687087524">
        <ele>2365.18</ele>
      </trkpt>
      <trkpt lon="7.09799101152318" lat="45.5796804428699">
        <ele>2365.07</ele>
      </trkpt>
      <trkpt lon="7.09799046719796" lat="45.5796737732526">
        <ele>2364.77</ele>
      </trkpt>
      <trkpt lon="7.09799055336053" lat="45.5796712537456">
        <ele>2364.63</ele>
      </trkpt>
      <trkpt lon="7.09799765925432" lat="45.5796620119155">
        <ele>2364.1</ele>
      </trkpt>
      <trkpt lon="7.09801456802873" lat="45.5796585119916">
        <ele>2363.54</ele>
      </trkpt>
      <trkpt lon="7.09804222417517" lat="45.5796594233939">
        <ele>2362.49</ele>
      </trkpt>
      <trkpt lon="7.09805582162852" lat="45.5796628902796">
        <ele>2362.13</ele>
      </trkpt>
      <trkpt lon="7.09806217729354" lat="45.5796644376024">
        <ele>2362.18</ele>
      </trkpt>
      <trkpt lon="7.0980928138548" lat="45.5796758381862">
        <ele>2362.45</ele>
      </trkpt>
      <trkpt lon="7.09809928084766" lat="45.5796664935695">
        <ele>2362.09</ele>
      </trkpt>
      <trkpt lon="7.09810502840876" lat="45.5796556989095">
        <ele>2361.66</ele>
      </trkpt>
      <trkpt lon="7.09810086198639" lat="45.5796386178841">
        <ele>2360.51</ele>
      </trkpt>
      <trkpt lon="7.09809698981123" lat="45.5796318926775">
        <ele>2359.99</ele>
      </trkpt>
      <trkpt lon="7.09809533722959" lat="45.5796200729199">
        <ele>2359.37</ele>
      </trkpt>
      <trkpt lon="7.09809849034487" lat="45.5796064448301">
        <ele>2358.92</ele>
      </trkpt>
      <trkpt lon="7.09809930149838" lat="45.5796051975844">
        <ele>2358.86</ele>
      </trkpt>
      <trkpt lon="7.09816098943593" lat="45.5795813836952">
        <ele>2356.49</ele>
      </trkpt>
      <trkpt lon="7.098161369998" lat="45.5795814781457">
        <ele>2356.49</ele>
      </trkpt>
      <trkpt lon="7.0981951596763" lat="45.5795791617486">
        <ele>2355.8</ele>
      </trkpt>
      <trkpt lon="7.09820470166143" lat="45.5795736505915">
        <ele>2355.34</ele>
      </trkpt>
      <trkpt lon="7.0982180383681" lat="45.579558300335">
        <ele>2354.14</ele>
      </trkpt>
      <trkpt lon="7.098223322133" lat="45.5795422749834">
        <ele>2353.74</ele>
      </trkpt>
      <trkpt lon="7.09824426466282" lat="45.579521833006">
        <ele>2352.88</ele>
      </trkpt>
      <trkpt lon="7.09827224052096" lat="45.5795095163011">
        <ele>2351.38</ele>
      </trkpt>
      <trkpt lon="7.09828056585024" lat="45.579502093973">
        <ele>2350.98</ele>
      </trkpt>
      <trkpt lon="7.09828900235855" lat="45.5794913437846">
        <ele>2350.46</ele>
      </trkpt>
      <trkpt lon="7.09830070827065" lat="45.5794863187718">
        <ele>2349.78</ele>
      </trkpt>
      <trkpt lon="7.09831009460478" lat="45.5794854855086">
        <ele>2349.36</ele>
      </trkpt>
      <trkpt lon="7.09832495603818" lat="45.5794857328812">
        <ele>2349.01</ele>
      </trkpt>
      <trkpt lon="7.09834043736683" lat="45.579463757479">
        <ele>2348.78</ele>
      </trkpt>
      <trkpt lon="7.09833866601453" lat="45.5794175535225">
        <ele>2346.46</ele>
      </trkpt>
      <trkpt lon="7.0983647029329" lat="45.5794056534759">
        <ele>2345.68</ele>
      </trkpt>
      <trkpt lon="7.09842223534166" lat="45.5793758282842">
        <ele>2343.82</ele>
      </trkpt>
      <trkpt lon="7.09845971735102" lat="45.5793438695111">
        <ele>2342</ele>
      </trkpt>
      <trkpt lon="7.098467915199" lat="45.5793212329104">
        <ele>2340.74</ele>
      </trkpt>
      <trkpt lon="7.09845642127197" lat="45.5792820679255">
        <ele>2338.57</ele>
      </trkpt>
      <trkpt lon="7.09848047207332" lat="45.5792682455891">
        <ele>2337.77</ele>
      </trkpt>
      <trkpt lon="7.09846183048574" lat="45.5792433642272">
        <ele>2337</ele>
      </trkpt>
      <trkpt lon="7.09849274581709" lat="45.5792046329979">
        <ele>2335.24</ele>
      </trkpt>
      <trkpt lon="7.09850677979471" lat="45.5791875854832">
        <ele>2334.28</ele>
      </trkpt>
      <trkpt lon="7.0985411309239" lat="45.5791686242287">
        <ele>2332.85</ele>
      </trkpt>
      <trkpt lon="7.09855150396599" lat="45.5791385541289">
        <ele>2331.51</ele>
      </trkpt>
      <trkpt lon="7.09852440679005" lat="45.5791058780447">
        <ele>2330.73</ele>
      </trkpt>
      <trkpt lon="7.09851706831747" lat="45.579076502235">
        <ele>2329.83</ele>
      </trkpt>
      <trkpt lon="7.09859509042774" lat="45.5790282962245">
        <ele>2327.35</ele>
      </trkpt>
      <trkpt lon="7.09866017269744" lat="45.5790139881628">
        <ele>2325.5</ele>
      </trkpt>
      <trkpt lon="7.09868784551976" lat="45.5790144495539">
        <ele>2325.5</ele>
      </trkpt>
      <trkpt lon="7.09870473483864" lat="45.57901149131">
        <ele>2325.31</ele>
      </trkpt>
      <trkpt lon="7.09872038248521" lat="45.5790074302486">
        <ele>2325.08</ele>
      </trkpt>
      <trkpt lon="7.09872781320188" lat="45.5790075553239">
        <ele>2325.08</ele>
      </trkpt>
      <trkpt lon="7.09873994685324" lat="45.5790049664876">
        <ele>2324.94</ele>
      </trkpt>
      <trkpt lon="7.09875027775501" lat="45.5789989275471">
        <ele>2324.58</ele>
      </trkpt>
      <trkpt lon="7.0987534002964" lat="45.5789861967018">
        <ele>2323.96</ele>
      </trkpt>
      <trkpt lon="7.09875184221609" lat="45.578971590764">
        <ele>2323.8</ele>
      </trkpt>
      <trkpt lon="7.09876263450813" lat="45.5789518764842">
        <ele>2323</ele>
      </trkpt>
      <trkpt lon="7.09877087923407" lat="45.578946793103">
        <ele>2323</ele>
      </trkpt>
      <trkpt lon="7.09878662138197" lat="45.5789399458614">
        <ele>2322.61</ele>
      </trkpt>
      <trkpt lon="7.09878807977527" lat="45.5789385291733">
        <ele>2322.53</ele>
      </trkpt>
      <trkpt lon="7.09879878868434" lat="45.5789212455093">
        <ele>2322.01</ele>
      </trkpt>
      <trkpt lon="7.09880190844789" lat="45.578908514664">
        <ele>2321.51</ele>
      </trkpt>
      <trkpt lon="7.09881100331264" lat="45.578897325582">
        <ele>2320.87</ele>
      </trkpt>
      <trkpt lon="7.0988254149222" lat="45.5788881143792">
        <ele>2320.35</ele>
      </trkpt>
      <trkpt lon="7.09883811272787" lat="45.5788726641139">
        <ele>2319.77</ele>
      </trkpt>
      <trkpt lon="7.09885026598345" lat="45.5788619750742">
        <ele>2319.08</ele>
      </trkpt>
      <trkpt lon="7.09895836012881" lat="45.5788569343294">
        <ele>2318.94</ele>
      </trkpt>
      <trkpt lon="7.09902455643727" lat="45.5788362538961">
        <ele>2316.28</ele>
      </trkpt>
      <trkpt lon="7.09913713528273" lat="45.5787667504632">
        <ele>2313</ele>
      </trkpt>
      <trkpt lon="7.09918815615413" lat="45.5787513061254">
        <ele>2312.03</ele>
      </trkpt>
      <trkpt lon="7.09919571757972" lat="45.5787437810096">
        <ele>2311.99</ele>
      </trkpt>
      <trkpt lon="7.09920287072507" lat="45.5787331002549">
        <ele>2311.39</ele>
      </trkpt>
      <trkpt lon="7.09919787639717" lat="45.5787215860281">
        <ele>2311</ele>
      </trkpt>
      <trkpt lon="7.09918952920643" lat="45.5787106440054">
        <ele>2311</ele>
      </trkpt>
      <trkpt lon="7.09919281017835" lat="45.578693149153">
        <ele>2310.18</ele>
      </trkpt>
      <trkpt lon="7.09919924944947" lat="45.5786809239081">
        <ele>2309.86</ele>
      </trkpt>
      <trkpt lon="7.09920497755508" lat="45.5786706681503">
        <ele>2309.47</ele>
      </trkpt>
      <trkpt lon="7.09923860361895" lat="45.5786542152851">
        <ele>2308.2</ele>
      </trkpt>
      <trkpt lon="7.09926813500437" lat="45.578645076453">
        <ele>2307.44</ele>
      </trkpt>
      <trkpt lon="7.09929838897297" lat="45.5786183955202">
        <ele>2305.93</ele>
      </trkpt>
      <trkpt lon="7.09934730458305" lat="45.5785856368378">
        <ele>2304.13</ele>
      </trkpt>
      <trkpt lon="7.09938179190775" lat="45.5785625365917">
        <ele>2302.94</ele>
      </trkpt>
      <trkpt lon="7.09946996373346" lat="45.5785401535509">
        <ele>2301.15</ele>
      </trkpt>
      <trkpt lon="7.0995320596538" lat="45.5785346151252">
        <ele>2300</ele>
      </trkpt>
      <trkpt lon="7.09955329620776" lat="45.5785358681404">
        <ele>2300</ele>
      </trkpt>
      <trkpt lon="7.09957218283643" lat="45.5785306931936">
        <ele>2299.3</ele>
      </trkpt>
      <trkpt lon="7.09958851678604" lat="45.578517643024">
        <ele>2298.75</ele>
      </trkpt>
      <trkpt lon="7.09962441847996" lat="45.5784717061063">
        <ele>2296.69</ele>
      </trkpt>
      <trkpt lon="7.09966230306335" lat="45.5784505531643">
        <ele>2295.97</ele>
      </trkpt>
      <trkpt lon="7.0997127619598" lat="45.5784783960203">
        <ele>2295.77</ele>
      </trkpt>
      <trkpt lon="7.09974878497742" lat="45.5784782741445">
        <ele>2295.4</ele>
      </trkpt>
      <trkpt lon="7.09977882808172" lat="45.5784388095549">
        <ele>2293.51</ele>
      </trkpt>
      <trkpt lon="7.09983894021668" lat="45.5784540327429">
        <ele>2293.28</ele>
      </trkpt>
      <trkpt lon="7.09995038961875" lat="45.5783267222903">
        <ele>2288.11</ele>
      </trkpt>
      <trkpt lon="7.09999828306059" lat="45.5782900746114">
        <ele>2286.11</ele>
      </trkpt>
      <trkpt lon="7.10026012377742" lat="45.5780665243094">
        <ele>2277.06</ele>
      </trkpt>
      <trkpt lon="7.10031621935515" lat="45.5780716888723">
        <ele>2275.97</ele>
      </trkpt>
      <trkpt lon="7.10044440649002" lat="45.5780218833081">
        <ele>2273.01</ele>
      </trkpt>
      <trkpt lon="7.10052431826127" lat="45.5779365347155">
        <ele>2270.01</ele>
      </trkpt>
      <trkpt lon="7.10059223197831" lat="45.5778800561768">
        <ele>2268.12</ele>
      </trkpt>
      <trkpt lon="7.10064409698134" lat="45.5778814594929">
        <ele>2266.85</ele>
      </trkpt>
      <trkpt lon="7.10071072996629" lat="45.5778325227979">
        <ele>2264.87</ele>
      </trkpt>
      <trkpt lon="7.10086472091831" lat="45.5777587529928">
        <ele>2260</ele>
      </trkpt>
      <trkpt lon="7.10085847725554" lat="45.5777120239798">
        <ele>2259.37</ele>
      </trkpt>
      <trkpt lon="7.10097533092453" lat="45.577656270934">
        <ele>2258.78</ele>
      </trkpt>
      <trkpt lon="7.10121223751045" lat="45.5775865825912">
        <ele>2252.63</ele>
      </trkpt>
      <trkpt lon="7.10121749040216" lat="45.5775866687554">
        <ele>2252.43</ele>
      </trkpt>
      <trkpt lon="7.10124255210459" lat="45.577584655059">
        <ele>2252</ele>
      </trkpt>
      <trkpt lon="7.10126760561867" lat="45.5775752606214">
        <ele>2252</ele>
      </trkpt>
      <trkpt lon="7.10126916121857" lat="45.5775747467347">
        <ele>2252</ele>
      </trkpt>
      <trkpt lon="7.10130177878909" lat="45.5775652995914">
        <ele>2251.17</ele>
      </trkpt>
      <trkpt lon="7.10137407219888" lat="45.5775575889877">
        <ele>2249.36</ele>
      </trkpt>
      <trkpt lon="7.10141733986053" lat="45.5775554282419">
        <ele>2248.63</ele>
      </trkpt>
      <trkpt lon="7.10143663462073" lat="45.5775609702351">
        <ele>2247.91</ele>
      </trkpt>
      <trkpt lon="7.10145669884209" lat="45.577566523347">
        <ele>2247.13</ele>
      </trkpt>
      <trkpt lon="7.10148176061887" lat="45.577560729">
        <ele>2247</ele>
      </trkpt>
      <trkpt lon="7.10152009472686" lat="45.5775642489048">
        <ele>2246.45</ele>
      </trkpt>
      <trkpt lon="7.10154773427184" lat="45.5775618268898">
        <ele>2246</ele>
      </trkpt>
      <trkpt lon="7.10158838525436" lat="45.5775573716165">
        <ele>2245.87</ele>
      </trkpt>
      <trkpt lon="7.10164845051135" lat="45.577555041585">
        <ele>2243.66</ele>
      </trkpt>
      <trkpt lon="7.1017217576762" lat="45.5775552700796">
        <ele>2242.51</ele>
      </trkpt>
      <trkpt lon="7.10174202757795" lat="45.5775547063731">
        <ele>2242.01</ele>
      </trkpt>
      <trkpt lon="7.10183522145161" lat="45.5775468043006">
        <ele>2240</ele>
      </trkpt>
      <trkpt lon="7.10190831767784" lat="45.5775380270112">
        <ele>2239</ele>
      </trkpt>
      <trkpt lon="7.10197593872863" lat="45.5775320414055">
        <ele>2238</ele>
      </trkpt>
      <trkpt lon="7.10201098953482" lat="45.577530283368">
        <ele>2237.99</ele>
      </trkpt>
      <trkpt lon="7.10204341532125" lat="45.577526591923">
        <ele>2237.22</ele>
      </trkpt>
      <trkpt lon="7.10208432479321" lat="45.5775144892378">
        <ele>2235.71</ele>
      </trkpt>
      <trkpt lon="7.10213701777791" lat="45.5775064534358">
        <ele>2234.54</ele>
      </trkpt>
      <trkpt lon="7.10218191623406" lat="45.5774939702242">
        <ele>2233.82</ele>
      </trkpt>
      <trkpt lon="7.10221720599985" lat="45.5774888843275">
        <ele>2234</ele>
      </trkpt>
      <trkpt lon="7.10227029043841" lat="45.5774921071456">
        <ele>2233.49</ele>
      </trkpt>
      <trkpt lon="7.10232125294153" lat="45.5774783739614">
        <ele>2232</ele>
      </trkpt>
      <trkpt lon="7.10233952560785" lat="45.5774762463074">
        <ele>2231.81</ele>
      </trkpt>
      <trkpt lon="7.10239774890692" lat="45.5774866638006">
        <ele>2230.9</ele>
      </trkpt>
      <trkpt lon="7.10243810248546" lat="45.5774911170818">
        <ele>2229.94</ele>
      </trkpt>
      <trkpt lon="7.10256452781776" lat="45.577474495668">
        <ele>2227.39</ele>
      </trkpt>
      <trkpt lon="7.10266950820866" lat="45.5774591379668">
        <ele>2225</ele>
      </trkpt>
      <trkpt lon="7.10276368834411" lat="45.5774446801835">
        <ele>2224</ele>
      </trkpt>
      <trkpt lon="7.10280886159383" lat="45.5774430000239">
        <ele>2223.54</ele>
      </trkpt>
      <trkpt lon="7.10283494816804" lat="45.5774486531968">
        <ele>2222.67</ele>
      </trkpt>
      <trkpt lon="7.10285890409443" lat="45.5774566119626">
        <ele>2222</ele>
      </trkpt>
      <trkpt lon="7.10287685434388" lat="45.5774640206562">
        <ele>2222</ele>
      </trkpt>
      <trkpt lon="7.10290026586887" lat="45.5774691821242">
        <ele>2221.94</ele>
      </trkpt>
      <trkpt lon="7.10292851096308" lat="45.5774677601402">
        <ele>2221</ele>
      </trkpt>
      <trkpt lon="7.10298754856879" lat="45.5774578493526">
        <ele>2220.98</ele>
      </trkpt>
      <trkpt lon="7.10303062452248" lat="45.5774575747635">
        <ele>2219.87</ele>
      </trkpt>
      <trkpt lon="7.10305280271572" lat="45.5774612750716">
        <ele>2219</ele>
      </trkpt>
      <trkpt lon="7.1030867810251" lat="45.5774722784555">
        <ele>2216.9</ele>
      </trkpt>
      <trkpt lon="7.10312756271648" lat="45.5774601757691">
        <ele>2216.9</ele>
      </trkpt>
      <trkpt lon="7.10316242211388" lat="45.5774450923947">
        <ele>2216.56</ele>
      </trkpt>
      <trkpt lon="7.10322397363465" lat="45.5774366650021">
        <ele>2214.78</ele>
      </trkpt>
      <trkpt lon="7.1032494018524" lat="45.5774427570685">
        <ele>2214.33</ele>
      </trkpt>
      <trkpt lon="7.1032712132312" lat="45.5774535603294">
        <ele>2213.49</ele>
      </trkpt>
      <trkpt lon="7.10330045247449" lat="45.5774682693161">
        <ele>2213</ele>
      </trkpt>
      <trkpt lon="7.10332657240221" lat="45.5774729335756">
        <ele>2212.71</ele>
      </trkpt>
      <trkpt lon="7.1033511060818" lat="45.5774827896169">
        <ele>2212.3</ele>
      </trkpt>
      <trkpt lon="7.10337818688124" lat="45.5775007014409">
        <ele>2211.31</ele>
      </trkpt>
      <trkpt lon="7.1034041456005" lat="45.5775101352631">
        <ele>2211.13</ele>
      </trkpt>
      <trkpt lon="7.10343021557318" lat="45.5775124577966">
        <ele>2210.75</ele>
      </trkpt>
      <trkpt lon="7.10346374157823" lat="45.5774988827805">
        <ele>2209.89</ele>
      </trkpt>
      <trkpt lon="7.10348546994941" lat="45.5774930328442">
        <ele>2209.55</ele>
      </trkpt>
      <trkpt lon="7.10354095704968" lat="45.5775048475683">
        <ele>2207.91</ele>
      </trkpt>
      <trkpt lon="7.10360917486131" lat="45.5775229903527">
        <ele>2206.92</ele>
      </trkpt>
      <trkpt lon="7.10364116705361" lat="45.5775320742247">
        <ele>2205.96</ele>
      </trkpt>
      <trkpt lon="7.10366480371457" lat="45.5775305744162">
        <ele>2205.04</ele>
      </trkpt>
      <trkpt lon="7.10369312663423" lat="45.5775268162631">
        <ele>2203.92</ele>
      </trkpt>
      <trkpt lon="7.10372460792921" lat="45.5775244581759">
        <ele>2202.66</ele>
      </trkpt>
      <trkpt lon="7.10374448314609" lat="45.5775356780951">
        <ele>2201.95</ele>
      </trkpt>
      <trkpt lon="7.10375260812931" lat="45.5775456256462">
        <ele>2201.46</ele>
      </trkpt>
      <trkpt lon="7.10376264088181" lat="45.5775863878793">
        <ele>2201</ele>
      </trkpt>
      <trkpt lon="7.10376718538413" lat="45.5775885324218">
        <ele>2201</ele>
      </trkpt>
      <trkpt lon="7.10381001944993" lat="45.5775992358841">
        <ele>2201.91</ele>
      </trkpt>
      <trkpt lon="7.10388194875055" lat="45.5776023199926">
        <ele>2202.12</ele>
      </trkpt>
      <trkpt lon="7.10395089763636" lat="45.5775949121418">
        <ele>2200.95</ele>
      </trkpt>
      <trkpt lon="7.10398761251627" lat="45.5775856205976">
        <ele>2200.23</ele>
      </trkpt>
      <trkpt lon="7.10407311515312" lat="45.5775472565737">
        <ele>2198.02</ele>
      </trkpt>
      <trkpt lon="7.10411828043934" lat="45.5775267648299">
        <ele>2197.84</ele>
      </trkpt>
      <trkpt lon="7.10417451521537" lat="45.5775163567804">
        <ele>2197.87</ele>
      </trkpt>
      <trkpt lon="7.10422194418998" lat="45.5775085931563">
        <ele>2197.65</ele>
      </trkpt>
      <trkpt lon="7.10424957817756" lat="45.5775062600324">
        <ele>2197.58</ele>
      </trkpt>
      <trkpt lon="7.10427701196776" lat="45.5775137382642">
        <ele>2197.97</ele>
      </trkpt>
      <trkpt lon="7.10429717069052" lat="45.5775165024181">
        <ele>2197.39</ele>
      </trkpt>
      <trkpt lon="7.10435307808886" lat="45.5774853855115">
        <ele>2195.4</ele>
      </trkpt>
      <trkpt lon="7.10443384414014" lat="45.577465844137">
        <ele>2194.17</ele>
      </trkpt>
      <trkpt lon="7.10447119792278" lat="45.5774565637104">
        <ele>2193.61</ele>
      </trkpt>
      <trkpt lon="7.10454081898874" lat="45.5774520476055">
        <ele>2192.32</ele>
      </trkpt>
      <trkpt lon="7.10463269103822" lat="45.5774224310854">
        <ele>2191.24</ele>
      </trkpt>
      <trkpt lon="7.10466271130904" lat="45.5774140172761">
        <ele>2191</ele>
      </trkpt>
      <trkpt lon="7.10466336410807" lat="45.5774136672737">
        <ele>2191</ele>
      </trkpt>
      <trkpt lon="7.10466732529977" lat="45.5774140034316">
        <ele>2191</ele>
      </trkpt>
      <trkpt lon="7.10472318800307" lat="45.5773955785103">
        <ele>2190</ele>
      </trkpt>
      <trkpt lon="7.10474854988727" lat="45.5773846590373">
        <ele>2189.97</ele>
      </trkpt>
      <trkpt lon="7.10476594506836" lat="45.5773666754207">
        <ele>2189.1</ele>
      </trkpt>
      <trkpt lon="7.10477576492408" lat="45.5773567558221">
        <ele>2189</ele>
      </trkpt>
      <trkpt lon="7.10482068884644" lat="45.5773205970155">
        <ele>2188.22</ele>
      </trkpt>
      <trkpt lon="7.10485902055021" lat="45.5773051219983">
        <ele>2187</ele>
      </trkpt>
      <trkpt lon="7.10491264420628" lat="45.577292241639">
        <ele>2186.06</ele>
      </trkpt>
      <trkpt lon="7.10497505142696" lat="45.5772774335387">
        <ele>2185.05</ele>
      </trkpt>
      <trkpt lon="7.10503022519806" lat="45.5772604392022">
        <ele>2184</ele>
      </trkpt>
      <trkpt lon="7.10507327929199" lat="45.5772417113712">
        <ele>2183</ele>
      </trkpt>
      <trkpt lon="7.10510768323373" lat="45.577221038963">
        <ele>2182</ele>
      </trkpt>
      <trkpt lon="7.10516686544641" lat="45.5772030279732">
        <ele>2181.77</ele>
      </trkpt>
      <trkpt lon="7.10521640283546" lat="45.5771935004364">
        <ele>2181</ele>
      </trkpt>
      <trkpt lon="7.10525838998826" lat="45.5771875340269">
        <ele>2180.96</ele>
      </trkpt>
      <trkpt lon="7.10527986264786" lat="45.5771893315026">
        <ele>2180.97</ele>
      </trkpt>
      <trkpt lon="7.10529052393353" lat="45.5771923900162">
        <ele>2180.82</ele>
      </trkpt>
      <trkpt lon="7.10530658812482" lat="45.5771949957931">
        <ele>2180.29</ele>
      </trkpt>
      <trkpt lon="7.10532282464473" lat="45.5771923847738">
        <ele>2179.97</ele>
      </trkpt>
      <trkpt lon="7.10534187789064" lat="45.5771899098964">
        <ele>2180</ele>
      </trkpt>
      <trkpt lon="7.1053850455679" lat="45.5771868463492">
        <ele>2179.08</ele>
      </trkpt>
      <trkpt lon="7.10543391866425" lat="45.5771971081923">
        <ele>2178.46</ele>
      </trkpt>
      <trkpt lon="7.10549158366398" lat="45.577205175621">
        <ele>2177.43</ele>
      </trkpt>
      <trkpt lon="7.10564323093368" lat="45.5772312749701">
        <ele>2175</ele>
      </trkpt>
      <trkpt lon="7.10572699362786" lat="45.5772445455605">
        <ele>2173.31</ele>
      </trkpt>
      <trkpt lon="7.10582371224357" lat="45.5772537106179">
        <ele>2171.18</ele>
      </trkpt>
      <trkpt lon="7.10586635219711" lat="45.5772473080927">
        <ele>2170.67</ele>
      </trkpt>
      <trkpt lon="7.10590226704198" lat="45.5772389026742">
        <ele>2170.11</ele>
      </trkpt>
      <trkpt lon="7.10591375074831" lat="45.5772327915208">
        <ele>2170</ele>
      </trkpt>
      <trkpt lon="7.10609309164277" lat="45.5770490830866">
        <ele>2164.46</ele>
      </trkpt>
      <trkpt lon="7.10622009833467" lat="45.5769922328893">
        <ele>2162.05</ele>
      </trkpt>
      <trkpt lon="7.10625618024633" lat="45.5769636686323">
        <ele>2160.82</ele>
      </trkpt>
      <trkpt lon="7.10627679765758" lat="45.5769488879051">
        <ele>2160.93</ele>
      </trkpt>
      <trkpt lon="7.10633189638283" lat="45.5769341408466">
        <ele>2160</ele>
      </trkpt>
      <trkpt lon="7.10635875842882" lat="45.5769166740014">
        <ele>2159.66</ele>
      </trkpt>
      <trkpt lon="7.10638695379282" lat="45.5769014794484">
        <ele>2159</ele>
      </trkpt>
      <trkpt lon="7.10640999609907" lat="45.576894751725">
        <ele>2158.62</ele>
      </trkpt>
      <trkpt lon="7.10642543250785" lat="45.5768968963731">
        <ele>2158.73</ele>
      </trkpt>
      <trkpt lon="7.10643313816678" lat="45.576900265977">
        <ele>2158.79</ele>
      </trkpt>
      <trkpt lon="7.10643315191437" lat="45.5769074661581">
        <ele>2158.6</ele>
      </trkpt>
      <trkpt lon="7.10642517920235" lat="45.576923447038">
        <ele>2158.12</ele>
      </trkpt>
      <trkpt lon="7.10640976457908" lat="45.5769435335046">
        <ele>2157.91</ele>
      </trkpt>
      <trkpt lon="7.10639488053348" lat="45.5769630894074">
        <ele>2157.57</ele>
      </trkpt>
      <trkpt lon="7.10639063861549" lat="45.5769711201237">
        <ele>2157.12</ele>
      </trkpt>
      <trkpt lon="7.10639247742216" lat="45.5769773591872">
        <ele>2156.85</ele>
      </trkpt>
      <trkpt lon="7.1063999941527" lat="45.5769825260567">
        <ele>2156.52</ele>
      </trkpt>
      <trkpt lon="7.10641043044949" lat="45.5769847678809">
        <ele>2156.03</ele>
      </trkpt>
      <trkpt lon="7.10642124182516" lat="45.5769834179518">
        <ele>2155.69</ele>
      </trkpt>
      <trkpt lon="7.10643835627995" lat="45.5769738012094">
        <ele>2155.59</ele>
      </trkpt>
      <trkpt lon="7.10644980107354" lat="45.5769688595295">
        <ele>2155.43</ele>
      </trkpt>
      <trkpt lon="7.10645531508557" lat="45.5769687706919">
        <ele>2155.23</ele>
      </trkpt>
      <trkpt lon="7.10645870400722" lat="45.576970898556">
        <ele>2154.97</ele>
      </trkpt>
      <trkpt lon="7.10645910117083" lat="45.576974323646">
        <ele>2154.76</ele>
      </trkpt>
      <trkpt lon="7.10645353419931" lat="45.5769835932694">
        <ele>2154.45</ele>
      </trkpt>
      <trkpt lon="7.10643979762211" lat="45.5769919155676">
        <ele>2154.5</ele>
      </trkpt>
      <trkpt lon="7.10643840015181" lat="45.5770029658319">
        <ele>2153.92</ele>
      </trkpt>
      <trkpt lon="7.1064438862191" lat="45.5770113355399">
        <ele>2153.31</ele>
      </trkpt>
      <trkpt lon="7.10645276684157" lat="45.5770178746793">
        <ele>2152.95</ele>
      </trkpt>
      <trkpt lon="7.10646375873247" lat="45.5770187775864">
        <ele>2152.52</ele>
      </trkpt>
      <trkpt lon="7.10648085087605" lat="45.5770136609569">
        <ele>2151.86</ele>
      </trkpt>
      <trkpt lon="7.10649673462828" lat="45.577010141578">
        <ele>2151.26</ele>
      </trkpt>
      <trkpt lon="7.1065167071279" lat="45.5770183947569">
        <ele>2150.79</ele>
      </trkpt>
      <trkpt lon="7.10652710458804" lat="45.5770179365129">
        <ele>2150.66</ele>
      </trkpt>
      <trkpt lon="7.10653838569274" lat="45.5770026417934">
        <ele>2150.63</ele>
      </trkpt>
      <trkpt lon="7.10659335693837" lat="45.5769725915712">
        <ele>2149.75</ele>
      </trkpt>
      <trkpt lon="7.10661978516369" lat="45.5769794197769">
        <ele>2148.42</ele>
      </trkpt>
      <trkpt lon="7.10665509325917" lat="45.5770310408614">
        <ele>2147</ele>
      </trkpt>
      <trkpt lon="7.10679357096352" lat="45.5770485482001">
        <ele>2145.81</ele>
      </trkpt>
      <trkpt lon="7.10700181524003" lat="45.57700771586">
        <ele>2140.35</ele>
      </trkpt>
      <trkpt lon="7.10709372567837" lat="45.5770035694249">
        <ele>2138.96</ele>
      </trkpt>
      <trkpt lon="7.10728719078037" lat="45.5770172160887">
        <ele>2134.01</ele>
      </trkpt>
      <trkpt lon="7.10734989495539" lat="45.5770163638977">
        <ele>2132.46</ele>
      </trkpt>
      <trkpt lon="7.1073820880177" lat="45.5769814355541">
        <ele>2130.28</ele>
      </trkpt>
      <trkpt lon="7.10739961300839" lat="45.5770015278958">
        <ele>2130.65</ele>
      </trkpt>
      <trkpt lon="7.10742947733084" lat="45.5770129145828">
        <ele>2130.1</ele>
      </trkpt>
      <trkpt lon="7.10745718951743" lat="45.5769892503678">
        <ele>2128.71</ele>
      </trkpt>
      <trkpt lon="7.10761719802491" lat="45.5770182748714">
        <ele>2124.7</ele>
      </trkpt>
      <trkpt lon="7.10769720483256" lat="45.5770441735206">
        <ele>2122.37</ele>
      </trkpt>
      <trkpt lon="7.10775354958754" lat="45.5770914613669">
        <ele>2122</ele>
      </trkpt>
      <trkpt lon="7.10784059565801" lat="45.5771062264712">
        <ele>2119.71</ele>
      </trkpt>
      <trkpt lon="7.10792727679265" lat="45.5771738206777">
        <ele>2118.79</ele>
      </trkpt>
      <trkpt lon="7.10807298238739" lat="45.5771936975905">
        <ele>2117.21</ele>
      </trkpt>
      <trkpt lon="7.10831655346628" lat="45.5772420178341">
        <ele>2114.16</ele>
      </trkpt>
      <trkpt lon="7.10895617853442" lat="45.5772483797527">
        <ele>2106.91</ele>
      </trkpt>
      <trkpt lon="7.10934541404169" lat="45.5772910984904">
        <ele>2102.7</ele>
      </trkpt>
      <trkpt lon="7.10950901835151" lat="45.5772551047277">
        <ele>2098.2</ele>
      </trkpt>
      <trkpt lon="7.10962623223171" lat="45.5772455222903">
        <ele>2096</ele>
      </trkpt>
      <trkpt lon="7.10978801028064" lat="45.5772716022926">
        <ele>2094.23</ele>
      </trkpt>
      <trkpt lon="7.10993832791327" lat="45.5772495198619">
        <ele>2091.08</ele>
      </trkpt>
      <trkpt lon="7.11009860249693" lat="45.577308878464">
        <ele>2088.58</ele>
      </trkpt>
      <trkpt lon="7.11033241035872" lat="45.5773121169239">
        <ele>2083.2</ele>
      </trkpt>
      <trkpt lon="7.11065282250694" lat="45.5773356011772">
        <ele>2078.35</ele>
      </trkpt>
      <trkpt lon="7.11089324302052" lat="45.5774091553578">
        <ele>2081.07</ele>
      </trkpt>
      <trkpt lon="7.11099091957465" lat="45.5774394848453">
        <ele>2082.66</ele>
      </trkpt>
      <trkpt lon="7.11113704118688" lat="45.5774928487149">
        <ele>2085.29</ele>
      </trkpt>
      <trkpt lon="7.11124589330205" lat="45.5775071612415">
        <ele>2084.25</ele>
      </trkpt>
      <trkpt lon="7.11131651242279" lat="45.577461432999">
        <ele>2082.95</ele>
      </trkpt>
      <trkpt lon="7.11136425390138" lat="45.5773831926062">
        <ele>2079.22</ele>
      </trkpt>
      <trkpt lon="7.11139604672322" lat="45.5773600451104">
        <ele>2078.18</ele>
      </trkpt>
      <trkpt lon="7.1114586091436" lat="45.5773635124709">
        <ele>2078.01</ele>
      </trkpt>
      <trkpt lon="7.11156231639122" lat="45.5773935808992">
        <ele>2077.23</ele>
      </trkpt>
      <trkpt lon="7.11163201730846" lat="45.5774249768088">
        <ele>2076.55</ele>
      </trkpt>
      <trkpt lon="7.11169363734086" lat="45.5774640700558">
        <ele>2077.35</ele>
      </trkpt>
      <trkpt lon="7.11173991328631" lat="45.5774678039318">
        <ele>2077</ele>
      </trkpt>
      <trkpt lon="7.11181447091228" lat="45.5774459957733">
        <ele>2075.44</ele>
      </trkpt>
      <trkpt lon="7.11189430892344" lat="45.5774387630324">
        <ele>2073.9</ele>
      </trkpt>
      <trkpt lon="7.11196338806871" lat="45.5774465666762">
        <ele>2074.16</ele>
      </trkpt>
      <trkpt lon="7.11207666366855" lat="45.5774016333118">
        <ele>2073.56</ele>
      </trkpt>
      <trkpt lon="7.11235961220933" lat="45.5773688685653">
        <ele>2072.49</ele>
      </trkpt>
      <trkpt lon="7.11246047553502" lat="45.5773691834403">
        <ele>2072.41</ele>
      </trkpt>
      <trkpt lon="7.11251230958921" lat="45.5773905622581">
        <ele>2072.55</ele>
      </trkpt>
      <trkpt lon="7.11259376119324" lat="45.5774001910679">
        <ele>2072.02</ele>
      </trkpt>
      <trkpt lon="7.11275077343527" lat="45.5773772225686">
        <ele>2071.21</ele>
      </trkpt>
      <trkpt lon="7.11287189930274" lat="45.5773274697147">
        <ele>2072.34</ele>
      </trkpt>
      <trkpt lon="7.11293276474739" lat="45.5773165033626">
        <ele>2072.05</ele>
      </trkpt>
      <trkpt lon="7.11307750120984" lat="45.5773194353954">
        <ele>2074.08</ele>
      </trkpt>
      <trkpt lon="7.11312296592747" lat="45.5773281971677">
        <ele>2073.7</ele>
      </trkpt>
      <trkpt lon="7.11315613578525" lat="45.577344317339">
        <ele>2075.37</ele>
      </trkpt>
      <trkpt lon="7.11328290352145" lat="45.577290606107">
        <ele>2075.14</ele>
      </trkpt>
      <trkpt lon="7.11334557772452" lat="45.5772600476132">
        <ele>2074.33</ele>
      </trkpt>
      <trkpt lon="7.11341229409964" lat="45.5772083136263">
        <ele>2072.52</ele>
      </trkpt>
      <trkpt lon="7.11350410816004" lat="45.577161132775">
        <ele>2072.2</ele>
      </trkpt>
      <trkpt lon="7.11363686091866" lat="45.5770282223877">
        <ele>2066.39</ele>
      </trkpt>
      <trkpt lon="7.11368419854871" lat="45.5770039805707">
        <ele>2065</ele>
      </trkpt>
      <trkpt lon="7.11374786404349" lat="45.5769936003716">
        <ele>2063.51</ele>
      </trkpt>
      <trkpt lon="7.11381289110365" lat="45.5769616418654">
        <ele>2061.53</ele>
      </trkpt>
      <trkpt lon="7.11389383797314" lat="45.5769289529397">
        <ele>2058.92</ele>
      </trkpt>
      <trkpt lon="7.11390969964072" lat="45.5769184139397">
        <ele>2058.22</ele>
      </trkpt>
      <trkpt lon="7.11392592782185" lat="45.5769160723715">
        <ele>2057.89</ele>
      </trkpt>
      <trkpt lon="7.11394350870218" lat="45.5769192420661">
        <ele>2057.87</ele>
      </trkpt>
      <trkpt lon="7.11395612282396" lat="45.5769215228013">
        <ele>2057.48</ele>
      </trkpt>
      <trkpt lon="7.11397643449251" lat="45.5769159173018">
        <ele>2056.49</ele>
      </trkpt>
      <trkpt lon="7.11399440712765" lat="45.5769150424541">
        <ele>2055.97</ele>
      </trkpt>
      <trkpt lon="7.11401584921344" lat="45.5769177371742">
        <ele>2055.91</ele>
      </trkpt>
      <trkpt lon="7.11406486413729" lat="45.5769199877061">
        <ele>2054.13</ele>
      </trkpt>
      <trkpt lon="7.11408083675734" lat="45.5769176405798">
        <ele>2053.92</ele>
      </trkpt>
      <trkpt lon="7.11408788706426" lat="45.5769099265653">
        <ele>2053.55</ele>
      </trkpt>
      <trkpt lon="7.11408677054506" lat="45.5769011763345">
        <ele>2053.22</ele>
      </trkpt>
      <trkpt lon="7.11407988723229" lat="45.57689242327">
        <ele>2053.02</ele>
      </trkpt>
      <trkpt lon="7.1140716455886" lat="45.5768820257064">
        <ele>2052.8</ele>
      </trkpt>
      <trkpt lon="7.11406138161689" lat="45.5768747448683">
        <ele>2052.48</ele>
      </trkpt>
      <trkpt lon="7.11405723998602" lat="45.5768682863325">
        <ele>2052.12</ele>
      </trkpt>
      <trkpt lon="7.11406244585453" lat="45.5768582000183">
        <ele>2052</ele>
      </trkpt>
      <trkpt lon="7.11406806285718" lat="45.5768474025791">
        <ele>2051.95</ele>
      </trkpt>
      <trkpt lon="7.11408346636382" lat="45.5768275827858">
        <ele>2050.36</ele>
      </trkpt>
      <trkpt lon="7.11409188356703" lat="45.5768097213072">
        <ele>2049.06</ele>
      </trkpt>
      <trkpt lon="7.11408795858455" lat="45.5768044350252">
        <ele>2048.93</ele>
      </trkpt>
      <trkpt lon="7.11408236126389" lat="45.5768031738281">
        <ele>2049.08</ele>
      </trkpt>
      <trkpt lon="7.11407065550041" lat="45.5768006403176">
        <ele>2049.35</ele>
      </trkpt>
      <trkpt lon="7.11404822174595" lat="45.5767969372291">
        <ele>2049.17</ele>
      </trkpt>
      <trkpt lon="7.11402866023347" lat="45.5767954453353">
        <ele>2049.1</ele>
      </trkpt>
      <trkpt lon="7.114001129086" lat="45.5767947200501">
        <ele>2049.09</ele>
      </trkpt>
      <trkpt lon="7.11398009265302" lat="45.5767875335543">
        <ele>2048.28</ele>
      </trkpt>
      <trkpt lon="7.11396017852328" lat="45.5767774831086">
        <ele>2048</ele>
      </trkpt>
      <trkpt lon="7.1139463506013" lat="45.5767693327696">
        <ele>2047.45</ele>
      </trkpt>
      <trkpt lon="7.11394310906607" lat="45.57675901859">
        <ele>2046.37</ele>
      </trkpt>
      <trkpt lon="7.11394206188306" lat="45.5767558518335">
        <ele>2046.11</ele>
      </trkpt>
      <trkpt lon="7.11395769300607" lat="45.5767444961441">
        <ele>2045.33</ele>
      </trkpt>
      <trkpt lon="7.11399152483" lat="45.5767178735807">
        <ele>2043.82</ele>
      </trkpt>
      <trkpt lon="7.11401157560476" lat="45.576700923349">
        <ele>2042.86</ele>
      </trkpt>
      <trkpt lon="7.11403456810829" lat="45.5766841092604">
        <ele>2041.91</ele>
      </trkpt>
      <trkpt lon="7.11405505202934" lat="45.5766771565065">
        <ele>2041.33</ele>
      </trkpt>
      <trkpt lon="7.11406894403099" lat="45.5766756760484">
        <ele>2040.7</ele>
      </trkpt>
      <trkpt lon="7.11409957525988" lat="45.5766757319024">
        <ele>2040.39</ele>
      </trkpt>
      <trkpt lon="7.11411961191184" lat="45.5766706625248">
        <ele>2040.08</ele>
      </trkpt>
      <trkpt lon="7.11413388732949" lat="45.5766654069756">
        <ele>2039.55</ele>
      </trkpt>
      <trkpt lon="7.11414219320502" lat="45.5766584346586">
        <ele>2038.84</ele>
      </trkpt>
      <trkpt lon="7.11414232661912" lat="45.5766544762271">
        <ele>2038.62</ele>
      </trkpt>
      <trkpt lon="7.11413547936516" lat="45.5766484232307">
        <ele>2038.57</ele>
      </trkpt>
      <trkpt lon="7.1141352321429" lat="45.5766481482214">
        <ele>2038.56</ele>
      </trkpt>
      <trkpt lon="7.11412640710896" lat="45.5766399923752">
        <ele>2038.38</ele>
      </trkpt>
      <trkpt lon="7.11412416272734" lat="45.5766342838766">
        <ele>2038.06</ele>
      </trkpt>
      <trkpt lon="7.11412395171432" lat="45.5766290587432">
        <ele>2037.77</ele>
      </trkpt>
      <trkpt lon="7.11412860747174" lat="45.5766240058836">
        <ele>2037.48</ele>
      </trkpt>
      <trkpt lon="7.11412927138918" lat="45.5766232975389">
        <ele>2037.44</ele>
      </trkpt>
      <trkpt lon="7.11413938549393" lat="45.5766236448679">
        <ele>2037.07</ele>
      </trkpt>
      <trkpt lon="7.11417409442624" lat="45.5766320481935">
        <ele>2036.81</ele>
      </trkpt>
      <trkpt lon="7.11419601142499" lat="45.5766397013762">
        <ele>2036.56</ele>
      </trkpt>
      <trkpt lon="7.11421341727323" lat="45.5766443072163">
        <ele>2036.23</ele>
      </trkpt>
      <trkpt lon="7.11422522865472" lat="45.5766437823177">
        <ele>2035.73</ele>
      </trkpt>
      <trkpt lon="7.11423142333617" lat="45.5766386655825">
        <ele>2035.2</ele>
      </trkpt>
      <trkpt lon="7.11423209852248" lat="45.5766299459254">
        <ele>2034.7</ele>
      </trkpt>
      <trkpt lon="7.11422704853151" lat="45.5766238318338">
        <ele>2034.57</ele>
      </trkpt>
      <trkpt lon="7.11420827616224" lat="45.5766102896447">
        <ele>2034.59</ele>
      </trkpt>
      <trkpt lon="7.11419927617229" lat="45.5765997004023">
        <ele>2034.07</ele>
      </trkpt>
      <trkpt lon="7.11418276208268" lat="45.5765914167006">
        <ele>2033.62</ele>
      </trkpt>
      <trkpt lon="7.11417490377885" lat="45.5765811163654">
        <ele>2033.32</ele>
      </trkpt>
      <trkpt lon="7.11416952047741" lat="45.5765734661209">
        <ele>2032.96</ele>
      </trkpt>
      <trkpt lon="7.1141537036588" lat="45.5765634823832">
        <ele>2032.32</ele>
      </trkpt>
      <trkpt lon="7.11414342857038" lat="45.5765564737741">
        <ele>2032.26</ele>
      </trkpt>
      <trkpt lon="7.11412955339503" lat="45.5765498540287">
        <ele>2032.36</ele>
      </trkpt>
      <trkpt lon="7.11411324205577" lat="45.5765431925919">
        <ele>2032.01</ele>
      </trkpt>
      <trkpt lon="7.114087636104" lat="45.5765346699072">
        <ele>2031.12</ele>
      </trkpt>
      <trkpt lon="7.11408521661595" lat="45.5765341782047">
        <ele>2031.07</ele>
      </trkpt>
      <trkpt lon="7.11407167212367" lat="45.5765214444199">
        <ele>2030.23</ele>
      </trkpt>
      <trkpt lon="7.1140515163309" lat="45.5765109384048">
        <ele>2030.28</ele>
      </trkpt>
      <trkpt lon="7.1140372327992" lat="45.5765050325623">
        <ele>2029.96</ele>
      </trkpt>
      <trkpt lon="7.11401817414445" lat="45.5765000378074">
        <ele>2029.7</ele>
      </trkpt>
      <trkpt lon="7.1140068739595" lat="45.576496790394">
        <ele>2029.53</ele>
      </trkpt>
      <trkpt lon="7.11399817107258" lat="45.5764925957597">
        <ele>2029.3</ele>
      </trkpt>
      <trkpt lon="7.11399499331436" lat="45.5764880428367">
        <ele>2029.06</ele>
      </trkpt>
      <trkpt lon="7.11399525458508" lat="45.5764802176425">
        <ele>2028.62</ele>
      </trkpt>
      <trkpt lon="7.11399805193171" lat="45.5764770231449">
        <ele>2028.44</ele>
      </trkpt>
      <trkpt lon="7.11400068258506" lat="45.5764749953416">
        <ele>2028.33</ele>
      </trkpt>
      <trkpt lon="7.11403775308849" lat="45.5764626481685">
        <ele>2027.6</ele>
      </trkpt>
      <trkpt lon="7.11407793201221" lat="45.5764493593352">
        <ele>2026.03</ele>
      </trkpt>
      <trkpt lon="7.11408000707139" lat="45.5764486732269">
        <ele>2025.91</ele>
      </trkpt>
      <trkpt lon="7.11411586092074" lat="45.5764343232139">
        <ele>2024.95</ele>
      </trkpt>
      <trkpt lon="7.11413850035562" lat="45.576431906706">
        <ele>2024.52</ele>
      </trkpt>
      <trkpt lon="7.11415118396412" lat="45.5764321151675">
        <ele>2024.12</ele>
      </trkpt>
      <trkpt lon="7.11417590672265" lat="45.5764325237509">
        <ele>2023.69</ele>
      </trkpt>
      <trkpt lon="7.11420877407042" lat="45.5764346880129">
        <ele>2023.03</ele>
      </trkpt>
      <trkpt lon="7.11422829389232" lat="45.5764373493802">
        <ele>2022.41</ele>
      </trkpt>
      <trkpt lon="7.11424205803729" lat="45.5764397384626">
        <ele>2021.99</ele>
      </trkpt>
      <trkpt lon="7.11425812501003" lat="45.5764421636794">
        <ele>2021.48</ele>
      </trkpt>
      <trkpt lon="7.11426724466647" lat="45.5764415943091">
        <ele>2021.22</ele>
      </trkpt>
      <trkpt lon="7.11427564211335" lat="45.5764395721174">
        <ele>2021.11</ele>
      </trkpt>
      <trkpt lon="7.11428284228367" lat="45.5764389721722">
        <ele>2021.07</ele>
      </trkpt>
      <trkpt lon="7.1143018315279" lat="45.5764421641032">
        <ele>2020.73</ele>
      </trkpt>
      <trkpt lon="7.11432282371543" lat="45.5764391808984">
        <ele>2020.04</ele>
      </trkpt>
      <trkpt lon="7.11435023835125" lat="45.5764318920922">
        <ele>2018.85</ele>
      </trkpt>
      <trkpt lon="7.11437379440895" lat="45.5764327312306">
        <ele>2018.09</ele>
      </trkpt>
      <trkpt lon="7.11437554997957" lat="45.5764339312777">
        <ele>2018.15</ele>
      </trkpt>
      <trkpt lon="7.11441258923129" lat="45.5764569544379">
        <ele>2018.12</ele>
      </trkpt>
      <trkpt lon="7.11443112820021" lat="45.5764736439261">
        <ele>2018.36</ele>
      </trkpt>
      <trkpt lon="7.11443940049572" lat="45.5764791802566">
        <ele>2018.24</ele>
      </trkpt>
      <trkpt lon="7.11445163413161" lat="45.5764774914439">
        <ele>2017.67</ele>
      </trkpt>
      <trkpt lon="7.1144615844731" lat="45.5764712663839">
        <ele>2017.01</ele>
      </trkpt>
      <trkpt lon="7.11445902097991" lat="45.5764482713365">
        <ele>2015.95</ele>
      </trkpt>
      <trkpt lon="7.1144496544782" lat="45.5764293929934">
        <ele>2015.14</ele>
      </trkpt>
      <trkpt lon="7.1143933013115" lat="45.5763860691356">
        <ele>2015</ele>
      </trkpt>
      <trkpt lon="7.11438019589992" lat="45.5763640712333">
        <ele>2013.73</ele>
      </trkpt>
      <trkpt lon="7.11437932367297" lat="45.5763633350952">
        <ele>2013.68</ele>
      </trkpt>
      <trkpt lon="7.11435342910746" lat="45.5763404953811">
        <ele>2013.33</ele>
      </trkpt>
      <trkpt lon="7.11434902921202" lat="45.5763302506364">
        <ele>2012.96</ele>
      </trkpt>
      <trkpt lon="7.11435348507482" lat="45.5763196143011">
        <ele>2012.37</ele>
      </trkpt>
      <trkpt lon="7.11436389936129" lat="45.5763110558537">
        <ele>2011.8</ele>
      </trkpt>
      <trkpt lon="7.11438007751307" lat="45.5763101504322">
        <ele>2011.27</ele>
      </trkpt>
      <trkpt lon="7.11439827505922" lat="45.5763140534846">
        <ele>2010.94</ele>
      </trkpt>
      <trkpt lon="7.11449897672523" lat="45.5763420884992">
        <ele>2008.94</ele>
      </trkpt>
      <trkpt lon="7.11457728309813" lat="45.5763882070845">
        <ele>2007</ele>
      </trkpt>
      <trkpt lon="7.11459624154187" lat="45.5764038215498">
        <ele>2007.06</ele>
      </trkpt>
      <trkpt lon="7.1146126031371" lat="45.57639752155">
        <ele>2006.15</ele>
      </trkpt>
      <trkpt lon="7.11461567565074" lat="45.5763861407382">
        <ele>2005.62</ele>
      </trkpt>
      <trkpt lon="7.11459823975605" lat="45.576355609246">
        <ele>2006.06</ele>
      </trkpt>
      <trkpt lon="7.11459926485263" lat="45.5763518452725">
        <ele>2005.96</ele>
      </trkpt>
      <trkpt lon="7.11460808733175" lat="45.5763486591668">
        <ele>2005.12</ele>
      </trkpt>
      <trkpt lon="7.11464322385109" lat="45.576367243308">
        <ele>2004.04</ele>
      </trkpt>
      <trkpt lon="7.11466199884959" lat="45.5763883440205">
        <ele>2004.01</ele>
      </trkpt>
      <trkpt lon="7.11468115456053" lat="45.5764018917691">
        <ele>2003.17</ele>
      </trkpt>
      <trkpt lon="7.11470520776626" lat="45.5764070615767">
        <ele>2001.72</ele>
      </trkpt>
      <trkpt lon="7.11471337188712" lat="45.5764044060336">
        <ele>2001.26</ele>
      </trkpt>
      <trkpt lon="7.11471479692866" lat="45.5764038893677">
        <ele>2001.17</ele>
      </trkpt>
      <trkpt lon="7.11474323974154" lat="45.5763774445343">
        <ele>1998.6</ele>
      </trkpt>
      <trkpt lon="7.11475229614837" lat="45.5763442910109">
        <ele>1997.48</ele>
      </trkpt>
      <trkpt lon="7.11473675840551" lat="45.5762686056243">
        <ele>1995.95</ele>
      </trkpt>
      <trkpt lon="7.11471622040196" lat="45.5762005787151">
        <ele>1993.09</ele>
      </trkpt>
      <trkpt lon="7.11469294867839" lat="45.5761491577523">
        <ele>1991.44</ele>
      </trkpt>
      <trkpt lon="7.11464324565066" lat="45.5761062117463">
        <ele>1989.97</ele>
      </trkpt>
      <trkpt lon="7.11458757277642" lat="45.5760770299174">
        <ele>1989.2</ele>
      </trkpt>
      <trkpt lon="7.11454050272856" lat="45.5760550094629">
        <ele>1988.2</ele>
      </trkpt>
      <trkpt lon="7.11453911660151" lat="45.5760542677642">
        <ele>1988.22</ele>
      </trkpt>
      <trkpt lon="7.11452133304523" lat="45.5760456923762">
        <ele>1988</ele>
      </trkpt>
      <trkpt lon="7.11451018302635" lat="45.5760341669783">
        <ele>1987.31</ele>
      </trkpt>
      <trkpt lon="7.11453616713748" lat="45.5760237058562">
        <ele>1985.74</ele>
      </trkpt>
      <trkpt lon="7.11458113192746" lat="45.5760282286281">
        <ele>1985.95</ele>
      </trkpt>
      <trkpt lon="7.1145998211386" lat="45.5760327678123">
        <ele>1985.54</ele>
      </trkpt>
      <trkpt lon="7.11466451143084" lat="45.5760338351331">
        <ele>1984.13</ele>
      </trkpt>
      <trkpt lon="7.11472231540595" lat="45.5760376691234">
        <ele>1983</ele>
      </trkpt>
      <trkpt lon="7.11474617164712" lat="45.5760295135941">
        <ele>1981.54</ele>
      </trkpt>
      <trkpt lon="7.11476969435132" lat="45.5760313416459">
        <ele>1980.97</ele>
      </trkpt>
      <trkpt lon="7.11478770852837" lat="45.576036858626">
        <ele>1981.26</ele>
      </trkpt>
      <trkpt lon="7.11482128982303" lat="45.5760368728409">
        <ele>1980.06</ele>
      </trkpt>
      <trkpt lon="7.11489068575341" lat="45.5760390096786">
        <ele>1978.36</ele>
      </trkpt>
      <trkpt lon="7.11492488919885" lat="45.5760433545639">
        <ele>1977.86</ele>
      </trkpt>
      <trkpt lon="7.11495829809059" lat="45.5760523662255">
        <ele>1977.38</ele>
      </trkpt>
      <trkpt lon="7.11498719868923" lat="45.5760542832206">
        <ele>1976.33</ele>
      </trkpt>
      <trkpt lon="7.11504634717509" lat="45.5760562505103">
        <ele>1974.1</ele>
      </trkpt>
      <trkpt lon="7.11506980595186" lat="45.5760599674979">
        <ele>1974.01</ele>
      </trkpt>
      <trkpt lon="7.11509415333057" lat="45.5760792737749">
        <ele>1974.03</ele>
      </trkpt>
      <trkpt lon="7.11511571455724" lat="45.5760975411098">
        <ele>1973.55</ele>
      </trkpt>
      <trkpt lon="7.1151404812586" lat="45.5761235114473">
        <ele>1973.02</ele>
      </trkpt>
      <trkpt lon="7.11517716661347" lat="45.5762030554693">
        <ele>1970.67</ele>
      </trkpt>
      <trkpt lon="7.11530210071307" lat="45.5764452655473">
        <ele>1963.24</ele>
      </trkpt>
      <trkpt lon="7.11533784953475" lat="45.5765452267402">
        <ele>1958.92</ele>
      </trkpt>
      <trkpt lon="7.11536739654309" lat="45.5765891920208">
        <ele>1956.5</ele>
      </trkpt>
      <trkpt lon="7.11540638547788" lat="45.5766305184378">
        <ele>1954.17</ele>
      </trkpt>
      <trkpt lon="7.11548510899731" lat="45.5766527003143">
        <ele>1953.68</ele>
      </trkpt>
      <trkpt lon="7.11553302910968" lat="45.5766723929407">
        <ele>1952.95</ele>
      </trkpt>
      <trkpt lon="7.11556227120539" lat="45.576683318499">
        <ele>1952.49</ele>
      </trkpt>
      <trkpt lon="7.11563319749456" lat="45.5766971778685">
        <ele>1951.41</ele>
      </trkpt>
      <trkpt lon="7.11570750954703" lat="45.5767325183664">
        <ele>1948.66</ele>
      </trkpt>
      <trkpt lon="7.11573855671715" lat="45.5767699362747">
        <ele>1948.18</ele>
      </trkpt>
      <trkpt lon="7.11577925712758" lat="45.5767946400682">
        <ele>1947.86</ele>
      </trkpt>
      <trkpt lon="7.11578271831555" lat="45.5767946067676">
        <ele>1947.72</ele>
      </trkpt>
      <trkpt lon="7.11578284053686" lat="45.5767947901067">
        <ele>1947.73</ele>
      </trkpt>
      <trkpt lon="7.11581748831961" lat="45.5768050823681">
        <ele>1946.9</ele>
      </trkpt>
      <trkpt lon="7.11583862481494" lat="45.5768092104546">
        <ele>1946.28</ele>
      </trkpt>
      <trkpt lon="7.11585798906018" lat="45.576812771843">
        <ele>1945.97</ele>
      </trkpt>
      <trkpt lon="7.11587972554377" lat="45.5768181694117">
        <ele>1945.44</ele>
      </trkpt>
      <trkpt lon="7.11589182576557" lat="45.5768204390305">
        <ele>1944.77</ele>
      </trkpt>
      <trkpt lon="7.11590045646053" lat="45.576823014179">
        <ele>1944.56</ele>
      </trkpt>
      <trkpt lon="7.11597518791349" lat="45.5768610603045">
        <ele>1942.65</ele>
      </trkpt>
      <trkpt lon="7.11598262967257" lat="45.5768646938013">
        <ele>1942.55</ele>
      </trkpt>
      <trkpt lon="7.11601894400946" lat="45.5768825751586">
        <ele>1942.02</ele>
      </trkpt>
      <trkpt lon="7.11604953061598" lat="45.5768916312384">
        <ele>1940.33</ele>
      </trkpt>
      <trkpt lon="7.11608787268616" lat="45.5769140460625">
        <ele>1939.24</ele>
      </trkpt>
      <trkpt lon="7.11612052278214" lat="45.5769457277311">
        <ele>1939.34</ele>
      </trkpt>
      <trkpt lon="7.11614557298934" lat="45.5769632423032">
        <ele>1938.29</ele>
      </trkpt>
      <trkpt lon="7.1161571090534" lat="45.5769785539111">
        <ele>1938.19</ele>
      </trkpt>
      <trkpt lon="7.11617226713858" lat="45.5770081492466">
        <ele>1937.79</ele>
      </trkpt>
      <trkpt lon="7.1161987924167" lat="45.5770237082283">
        <ele>1937.54</ele>
      </trkpt>
      <trkpt lon="7.11621533159717" lat="45.5770274001481">
        <ele>1937.08</ele>
      </trkpt>
      <trkpt lon="7.11625497678843" lat="45.5770338145827">
        <ele>1936.3</ele>
      </trkpt>
      <trkpt lon="7.11627466893714" lat="45.5770313508228">
        <ele>1935.93</ele>
      </trkpt>
      <trkpt lon="7.11627888027943" lat="45.57702430902">
        <ele>1935.22</ele>
      </trkpt>
      <trkpt lon="7.11627336379045" lat="45.5770090946951">
        <ele>1933.9</ele>
      </trkpt>
      <trkpt lon="7.11625580544781" lat="45.5769899051535">
        <ele>1933.43</ele>
      </trkpt>
      <trkpt lon="7.11623289483078" lat="45.5769391203213">
        <ele>1932.56</ele>
      </trkpt>
      <trkpt lon="7.11623253372598" lat="45.5769383952996">
        <ele>1932.55</ele>
      </trkpt>
      <trkpt lon="7.11621325091411" lat="45.5768902800142">
        <ele>1931.49</ele>
      </trkpt>
      <trkpt lon="7.11620257332944" lat="45.5768685015854">
        <ele>1930.97</ele>
      </trkpt>
      <trkpt lon="7.1161976206955" lat="45.5768556401029">
        <ele>1930.48</ele>
      </trkpt>
      <trkpt lon="7.11620587931953" lat="45.5768501039327">
        <ele>1929.84</ele>
      </trkpt>
      <trkpt lon="7.11622724357985" lat="45.5768551375997">
        <ele>1929.2</ele>
      </trkpt>
      <trkpt lon="7.11624899651277" lat="45.5768716076691">
        <ele>1928.29</ele>
      </trkpt>
      <trkpt lon="7.11627121331807" lat="45.5768894361105">
        <ele>1928.36</ele>
      </trkpt>
      <trkpt lon="7.1162902912018" lat="45.5769054116971">
        <ele>1927.76</ele>
      </trkpt>
      <trkpt lon="7.11631023034626" lat="45.5769147426806">
        <ele>1927.18</ele>
      </trkpt>
      <trkpt lon="7.11633016956686" lat="45.5769202013445">
        <ele>1926.68</ele>
      </trkpt>
      <trkpt lon="7.11635081154149" lat="45.5769276545098">
        <ele>1926.58</ele>
      </trkpt>
      <trkpt lon="7.116371567473" lat="45.576931777037">
        <ele>1926.18</ele>
      </trkpt>
      <trkpt lon="7.1164164683356" lat="45.5769381887446">
        <ele>1925.05</ele>
      </trkpt>
      <trkpt lon="7.11651799783107" lat="45.5769645265024">
        <ele>1923.29</ele>
      </trkpt>
      <trkpt lon="7.11659752694487" lat="45.5769856389154">
        <ele>1921.56</ele>
      </trkpt>
      <trkpt lon="7.11665838622865" lat="45.5770054538925">
        <ele>1920.56</ele>
      </trkpt>
      <trkpt lon="7.1167325624644" lat="45.5770256717867">
        <ele>1919.33</ele>
      </trkpt>
      <trkpt lon="7.11671217890476" lat="45.5770143546379">
        <ele>1919.39</ele>
      </trkpt>
      <trkpt lon="7.11673755701543" lat="45.5770258440617">
        <ele>1919.14</ele>
      </trkpt>
      <trkpt lon="7.11678343301955" lat="45.5770261500698">
        <ele>1918.33</ele>
      </trkpt>
      <trkpt lon="7.11679436669276" lat="45.5770211083824">
        <ele>1917.62</ele>
      </trkpt>
      <trkpt lon="7.11679144750176" lat="45.5770049496146">
        <ele>1916.34</ele>
      </trkpt>
      <trkpt lon="7.11672989673276" lat="45.5769751316014">
        <ele>1915.7</ele>
      </trkpt>
      <trkpt lon="7.11666887654149" lat="45.5769447802467">
        <ele>1915.99</ele>
      </trkpt>
      <trkpt lon="7.11665309863554" lat="45.5769336298134">
        <ele>1915.83</ele>
      </trkpt>
      <trkpt lon="7.11664225150366" lat="45.5769168876207">
        <ele>1915.04</ele>
      </trkpt>
      <trkpt lon="7.11662261847882" lat="45.5768792114832">
        <ele>1912.78</ele>
      </trkpt>
      <trkpt lon="7.11660637407312" lat="45.5768590497077">
        <ele>1912.33</ele>
      </trkpt>
      <trkpt lon="7.11658447412895" lat="45.5768316849185">
        <ele>1910.73</ele>
      </trkpt>
      <trkpt lon="7.11654472685142" lat="45.5767899862626">
        <ele>1910.05</ele>
      </trkpt>
      <trkpt lon="7.1165186716049" lat="45.5767450904369">
        <ele>1908.66</ele>
      </trkpt>
      <trkpt lon="7.11650661946469" lat="45.5766991669433">
        <ele>1906.64</ele>
      </trkpt>
      <trkpt lon="7.11648877836843" lat="45.5766501766498">
        <ele>1904.7</ele>
      </trkpt>
      <trkpt lon="7.11648865614707" lat="45.5766499960886">
        <ele>1904.7</ele>
      </trkpt>
      <trkpt lon="7.1164749352766" lat="45.576565879952">
        <ele>1900.26</ele>
      </trkpt>
      <trkpt lon="7.11643870710399" lat="45.5765453901967">
        <ele>1901.02</ele>
      </trkpt>
      <trkpt lon="7.1164156100373" lat="45.5765116141237">
        <ele>1900.07</ele>
      </trkpt>
      <trkpt lon="7.11637568525073" lat="45.5764560484508">
        <ele>1898.32</ele>
      </trkpt>
      <trkpt lon="7.11631414920802" lat="45.5763836571454">
        <ele>1896.21</ele>
      </trkpt>
      <trkpt lon="7.11628732404726" lat="45.5763617924467">
        <ele>1896.1</ele>
      </trkpt>
      <trkpt lon="7.11625671851091" lat="45.5763265412638">
        <ele>1894.81</ele>
      </trkpt>
      <trkpt lon="7.11624336865839" lat="45.57630409057">
        <ele>1893.72</ele>
      </trkpt>
      <trkpt lon="7.11623529708933" lat="45.576261831096">
        <ele>1891.89</ele>
      </trkpt>
      <trkpt lon="7.11621743338097" lat="45.576232644078">
        <ele>1891.89</ele>
      </trkpt>
      <trkpt lon="7.11620933912374" lat="45.5762140574211">
        <ele>1891.52</ele>
      </trkpt>
      <trkpt lon="7.11620795337192" lat="45.5761942319093">
        <ele>1890.62</ele>
      </trkpt>
      <trkpt lon="7.11622472031912" lat="45.5761987405186">
        <ele>1889.63</ele>
      </trkpt>
      <trkpt lon="7.11624634269366" lat="45.5762152078089">
        <ele>1888.78</ele>
      </trkpt>
      <trkpt lon="7.11625644004645" lat="45.5762198746908">
        <ele>1888.68</ele>
      </trkpt>
      <trkpt lon="7.1162787764439" lat="45.5762303251701">
        <ele>1888.31</ele>
      </trkpt>
      <trkpt lon="7.11630374604779" lat="45.576250178689">
        <ele>1888.39</ele>
      </trkpt>
      <trkpt lon="7.11631745993688" lat="45.5762655264301">
        <ele>1888.18</ele>
      </trkpt>
      <trkpt lon="7.11635603833743" lat="45.5762770548717">
        <ele>1886.76</ele>
      </trkpt>
      <trkpt lon="7.11643209229086" lat="45.5763024312471">
        <ele>1885.61</ele>
      </trkpt>
      <trkpt lon="7.11649616283679" lat="45.5763181600416">
        <ele>1884.39</ele>
      </trkpt>
      <trkpt lon="7.11660344507733" lat="45.5763526036144">
        <ele>1881.98</ele>
      </trkpt>
      <trkpt lon="7.11667815181647" lat="45.5763760688175">
        <ele>1879.6</ele>
      </trkpt>
      <trkpt lon="7.11674333610028" lat="45.576400725625">
        <ele>1878.69</ele>
      </trkpt>
      <trkpt lon="7.11676374181889" lat="45.5764152845222">
        <ele>1878.49</ele>
      </trkpt>
      <trkpt lon="7.1167855777613" lat="45.5764483188977">
        <ele>1879.34</ele>
      </trkpt>
      <trkpt lon="7.11680438092933" lat="45.5764495274437">
        <ele>1878.26</ele>
      </trkpt>
      <trkpt lon="7.11685492929416" lat="45.5764480223405">
        <ele>1877.12</ele>
      </trkpt>
      <trkpt lon="7.11687300739866" lat="45.5764516503848">
        <ele>1876.59</ele>
      </trkpt>
      <trkpt lon="7.11692707772059" lat="45.5764675735316">
        <ele>1875.3</ele>
      </trkpt>
      <trkpt lon="7.11696552826628" lat="45.5764828798447">
        <ele>1874.59</ele>
      </trkpt>
      <trkpt lon="7.11699036761088" lat="45.5764875190911">
        <ele>1873.54</ele>
      </trkpt>
      <trkpt lon="7.11701284005161" lat="45.5765015724401">
        <ele>1873.71</ele>
      </trkpt>
      <trkpt lon="7.1170245178686" lat="45.5765126561653">
        <ele>1873.34</ele>
      </trkpt>
      <trkpt lon="7.1170374928705" lat="45.5765270899873">
        <ele>1873.11</ele>
      </trkpt>
      <trkpt lon="7.11705057349211" lat="45.5765383792868">
        <ele>1873.2</ele>
      </trkpt>
      <trkpt lon="7.11706408763706" lat="45.576540490582">
        <ele>1872.78</ele>
      </trkpt>
      <trkpt lon="7.11707322126588" lat="45.5765356905499">
        <ele>1872.15</ele>
      </trkpt>
      <trkpt lon="7.11707821318949" lat="45.5765282126326">
        <ele>1871.55</ele>
      </trkpt>
      <trkpt lon="7.11707596617869" lat="45.5765149428327">
        <ele>1870.97</ele>
      </trkpt>
      <trkpt lon="7.11706273291221" lat="45.5764967228019">
        <ele>1870.99</ele>
      </trkpt>
      <trkpt lon="7.11704793848659" lat="45.5764791972179">
        <ele>1870.18</ele>
      </trkpt>
      <trkpt lon="7.11703900235152" lat="45.5764704080214">
        <ele>1870.47</ele>
      </trkpt>
      <trkpt lon="7.1170277189928" lat="45.5764590631824">
        <ele>1870.71</ele>
      </trkpt>
      <trkpt lon="7.11701268305456" lat="45.5764334318367">
        <ele>1870.03</ele>
      </trkpt>
      <trkpt lon="7.11700733633931" lat="45.5764016587639">
        <ele>1868.51</ele>
      </trkpt>
      <trkpt lon="7.1169968811126" lat="45.5763732246144">
        <ele>1867.39</ele>
      </trkpt>
      <trkpt lon="7.11696815404951" lat="45.5763047031688">
        <ele>1864.82</ele>
      </trkpt>
      <trkpt lon="7.11693780970953" lat="45.5762654074423">
        <ele>1862.99</ele>
      </trkpt>
      <trkpt lon="7.11690791526781" lat="45.5762317896406">
        <ele>1863.15</ele>
      </trkpt>
      <trkpt lon="7.11688484967757" lat="45.5761512096135">
        <ele>1858.82</ele>
      </trkpt>
      <trkpt lon="7.11686880006204" lat="45.5761136807367">
        <ele>1857.42</ele>
      </trkpt>
      <trkpt lon="7.1168293747518" lat="45.5760853074189">
        <ele>1857.46</ele>
      </trkpt>
      <trkpt lon="7.11679971934395" lat="45.5760445838854">
        <ele>1855.44</ele>
      </trkpt>
      <trkpt lon="7.11678066932882" lat="45.5760240192949">
        <ele>1854.99</ele>
      </trkpt>
      <trkpt lon="7.11675214403564" lat="45.5760069852567">
        <ele>1854.29</ele>
      </trkpt>
      <trkpt lon="7.11668926919178" lat="45.5759286298996">
        <ele>1852.05</ele>
      </trkpt>
      <trkpt lon="7.11687088903047" lat="45.5759706910513">
        <ele>1848.58</ele>
      </trkpt>
      <trkpt lon="7.11693992648357" lat="45.5759797502818">
        <ele>1846.32</ele>
      </trkpt>
      <trkpt lon="7.11699080237319" lat="45.5759914788477">
        <ele>1845.72</ele>
      </trkpt>
      <trkpt lon="7.11701748901193" lat="45.5759945291832">
        <ele>1845.03</ele>
      </trkpt>
      <trkpt lon="7.11702135299704" lat="45.5759939625397">
        <ele>1844.84</ele>
      </trkpt>
      <trkpt lon="7.11700198356948" lat="45.575971411785">
        <ele>1843.99</ele>
      </trkpt>
      <trkpt lon="7.11697498675971" lat="45.5759201991247">
        <ele>1841.69</ele>
      </trkpt>
      <trkpt lon="7.11693226425126" lat="45.5758869117626">
        <ele>1839.97</ele>
      </trkpt>
      <trkpt lon="7.11687310509994" lat="45.5758622633471">
        <ele>1840.61</ele>
      </trkpt>
      <trkpt lon="7.11685735761569" lat="45.5758579547527">
        <ele>1841.01</ele>
      </trkpt>
      <trkpt lon="7.11673772372922" lat="45.5757521092653">
        <ele>1833.66</ele>
      </trkpt>
      <trkpt lon="7.11679275913249" lat="45.5757084614795">
        <ele>1830.37</ele>
      </trkpt>
      <trkpt lon="7.11667833245884" lat="45.575665439844">
        <ele>1828.71</ele>
      </trkpt>
      <trkpt lon="7.11670570630666" lat="45.5756134138016">
        <ele>1824.78</ele>
      </trkpt>
      <trkpt lon="7.1166320996356" lat="45.5755877179975">
        <ele>1823.62</ele>
      </trkpt>
      <trkpt lon="7.11662198868739" lat="45.5755681090732">
        <ele>1822.55</ele>
      </trkpt>
      <trkpt lon="7.11676830336551" lat="45.5755505406059">
        <ele>1819.13</ele>
      </trkpt>
      <trkpt lon="7.11675955893666" lat="45.5755399541438">
        <ele>1818.52</ele>
      </trkpt>
      <trkpt lon="7.11674193351008" lat="45.5755419123555">
        <ele>1818.96</ele>
      </trkpt>
      <trkpt lon="7.11672738052099" lat="45.5755363620749">
        <ele>1818.39</ele>
      </trkpt>
      <trkpt lon="7.11671323333517" lat="45.5755186670484">
        <ele>1817.17</ele>
      </trkpt>
      <trkpt lon="7.11670576408262" lat="45.5755005415203">
        <ele>1815.7</ele>
      </trkpt>
      <trkpt lon="7.11668639472938" lat="45.5754742101151">
        <ele>1814.09</ele>
      </trkpt>
      <trkpt lon="7.11664415817628" lat="45.5754493896372">
        <ele>1812.93</ele>
      </trkpt>
      <trkpt lon="7.11662367185254" lat="45.5754372613558">
        <ele>1812.52</ele>
      </trkpt>
      <trkpt lon="7.11659239638816" lat="45.5754258552103">
        <ele>1812.5</ele>
      </trkpt>
      <trkpt lon="7.11656969047101" lat="45.5754188187021">
        <ele>1812.3</ele>
      </trkpt>
      <trkpt lon="7.11655516257269" lat="45.5754086794175">
        <ele>1811.5</ele>
      </trkpt>
      <trkpt lon="7.11654872938471" lat="45.575394081766">
        <ele>1810.21</ele>
      </trkpt>
      <trkpt lon="7.1165697748361" lat="45.5753664340528">
        <ele>1808.83</ele>
      </trkpt>
      <trkpt lon="7.11656965817397" lat="45.5753660729315">
        <ele>1808.82</ele>
      </trkpt>
      <trkpt lon="7.11658223623879" lat="45.5753655591516">
        <ele>1808.3</ele>
      </trkpt>
      <trkpt lon="7.11661377612867" lat="45.5753499673989">
        <ele>1806.86</ele>
      </trkpt>
      <trkpt lon="7.11661581550773" lat="45.5753273196271">
        <ele>1805.87</ele>
      </trkpt>
      <trkpt lon="7.11661651037604" lat="45.5753065385559">
        <ele>1804.71</ele>
      </trkpt>
      <trkpt lon="7.11661695231245" lat="45.5752933132277">
        <ele>1803.98</ele>
      </trkpt>
      <trkpt lon="7.11660150516386" lat="45.5752722681045">
        <ele>1803.45</ele>
      </trkpt>
      <trkpt lon="7.11658196618736" lat="45.575254842477">
        <ele>1803.18</ele>
      </trkpt>
      <trkpt lon="7.11659201125848" lat="45.5752342170559">
        <ele>1801.77</ele>
      </trkpt>
      <trkpt lon="7.11657838939202" lat="45.5752008660854">
        <ele>1799.63</ele>
      </trkpt>
      <trkpt lon="7.11652463074715" lat="45.5751565061157">
        <ele>1798.65</ele>
      </trkpt>
      <trkpt lon="7.11646120789406" lat="45.575117565633">
        <ele>1797.67</ele>
      </trkpt>
      <trkpt lon="7.11641933822968" lat="45.5750818615517">
        <ele>1796.72</ele>
      </trkpt>
      <trkpt lon="7.11637221304443" lat="45.5750385072272">
        <ele>1795.93</ele>
      </trkpt>
      <trkpt lon="7.11634853784581" lat="45.575022095474">
        <ele>1795.98</ele>
      </trkpt>
      <trkpt lon="7.11634163800758" lat="45.5750061394504">
        <ele>1795.4</ele>
      </trkpt>
      <trkpt lon="7.11633722421402" lat="45.5749963474948">
        <ele>1795.04</ele>
      </trkpt>
      <trkpt lon="7.11633129118024" lat="45.5749744663317">
        <ele>1795.09</ele>
      </trkpt>
      <trkpt lon="7.11634696978125" lat="45.5749501519836">
        <ele>1793.68</ele>
      </trkpt>
      <trkpt lon="7.11638084847978" lat="45.574941260422">
        <ele>1792.31</ele>
      </trkpt>
      <trkpt lon="7.11641018778217" lat="45.5749530860037">
        <ele>1790.87</ele>
      </trkpt>
      <trkpt lon="7.11642825198862" lat="45.5749571640592">
        <ele>1790.28</ele>
      </trkpt>
      <trkpt lon="7.1164461856367" lat="45.5749612393355">
        <ele>1789.78</ele>
      </trkpt>
      <trkpt lon="7.11647955839711" lat="45.5749712399105">
        <ele>1788.99</ele>
      </trkpt>
      <trkpt lon="7.11650293138648" lat="45.5749583953698">
        <ele>1787.36</ele>
      </trkpt>
      <trkpt lon="7.1164970290027" lat="45.5749317446426">
        <ele>1786.74</ele>
      </trkpt>
      <trkpt lon="7.11648906853643" lat="45.5748900296279">
        <ele>1785.21</ele>
      </trkpt>
      <trkpt lon="7.11648623266512" lat="45.5747333645512">
        <ele>1782.69</ele>
      </trkpt>
      <trkpt lon="7.11645485278613" lat="45.5746638069429">
        <ele>1783.84</ele>
      </trkpt>
      <trkpt lon="7.11642537248466" lat="45.5746178666134">
        <ele>1783.99</ele>
      </trkpt>
      <trkpt lon="7.11641935689612" lat="45.5745562900072">
        <ele>1782.36</ele>
      </trkpt>
      <trkpt lon="7.11642741314672" lat="45.5745299588679">
        <ele>1782</ele>
      </trkpt>
      <trkpt lon="7.11645491747845" lat="45.5744817190331">
        <ele>1780.08</ele>
      </trkpt>
      <trkpt lon="7.11651219140504" lat="45.5744591690216">
        <ele>1778.87</ele>
      </trkpt>
      <trkpt lon="7.11653478697141" lat="45.5744274073312">
        <ele>1778.03</ele>
      </trkpt>
      <trkpt lon="7.11657059454952" lat="45.5743646311004">
        <ele>1776.71</ele>
      </trkpt>
      <trkpt lon="7.11657701752507" lat="45.5743335053802">
        <ele>1776.5</ele>
      </trkpt>
      <trkpt lon="7.11658483301684" lat="45.5742607258488">
        <ele>1776.29</ele>
      </trkpt>
      <trkpt lon="7.11657747569536" lat="45.5742010159432">
        <ele>1775.88</ele>
      </trkpt>
      <trkpt lon="7.11660435487373" lat="45.5741598762809">
        <ele>1774.66</ele>
      </trkpt>
      <trkpt lon="7.11661538380212" lat="45.5741137002271">
        <ele>1774.05</ele>
      </trkpt>
      <trkpt lon="7.11661878512338" lat="45.5740503014442">
        <ele>1773.24</ele>
      </trkpt>
      <trkpt lon="7.11661003333603" lat="45.573990119291">
        <ele>1772.66</ele>
      </trkpt>
      <trkpt lon="7.11660313109687" lat="45.5739549905633">
        <ele>1772</ele>
      </trkpt>
      <trkpt lon="7.11659273393751" lat="45.5739401484228">
        <ele>1772</ele>
      </trkpt>
      <trkpt lon="7.11658772007967" lat="45.5739329537489">
        <ele>1771.75</ele>
      </trkpt>
      <trkpt lon="7.11659939865046" lat="45.5739056948436">
        <ele>1771</ele>
      </trkpt>
      <trkpt lon="7.11663124706435" lat="45.5738807473031">
        <ele>1769.79</ele>
      </trkpt>
      <trkpt lon="7.11666525632303" lat="45.5738717668515">
        <ele>1768.76</ele>
      </trkpt>
      <trkpt lon="7.11670588792637" lat="45.573863975383">
        <ele>1767.82</ele>
      </trkpt>
      <trkpt lon="7.11674117498878" lat="45.5738551060578">
        <ele>1767</ele>
      </trkpt>
      <trkpt lon="7.11681551364331" lat="45.5738089861748">
        <ele>1765</ele>
      </trkpt>
      <trkpt lon="7.11693320897975" lat="45.5737541303816">
        <ele>1763</ele>
      </trkpt>
      <trkpt lon="7.11697152964477" lat="45.5737349608268">
        <ele>1762</ele>
      </trkpt>
      <trkpt lon="7.11701830619924" lat="45.5737082772763">
        <ele>1761</ele>
      </trkpt>
      <trkpt lon="7.1170756162589" lat="45.5736846494603">
        <ele>1760</ele>
      </trkpt>
      <trkpt lon="7.11722612050058" lat="45.5736374469553">
        <ele>1758</ele>
      </trkpt>
      <trkpt lon="7.11731859254743" lat="45.5736086360166">
        <ele>1756</ele>
      </trkpt>
      <trkpt lon="7.11739683950682" lat="45.573568341318">
        <ele>1755</ele>
      </trkpt>
      <trkpt lon="7.11750733166676" lat="45.5735256996508">
        <ele>1753.26</ele>
      </trkpt>
      <trkpt lon="7.11758651177628" lat="45.5734957691107">
        <ele>1751.64</ele>
      </trkpt>
      <trkpt lon="7.1176055009444" lat="45.5735028333612">
        <ele>1751.43</ele>
      </trkpt>
      <trkpt lon="7.11761161224118" lat="45.5735002333551">
        <ele>1751.18</ele>
      </trkpt>
      <trkpt lon="7.11765771856692" lat="45.5735126952265">
        <ele>1750.24</ele>
      </trkpt>
      <trkpt lon="7.11772269582584" lat="45.5734705614641">
        <ele>1749</ele>
      </trkpt>
      <trkpt lon="7.11782475500923" lat="45.5734003245771">
        <ele>1747.05</ele>
      </trkpt>
      <trkpt lon="7.11788238192819" lat="45.5733672520823">
        <ele>1746.84</ele>
      </trkpt>
      <trkpt lon="7.11794010350249" lat="45.5733235570992">
        <ele>1745.64</ele>
      </trkpt>
      <trkpt lon="7.11797357670034" lat="45.5733114182297">
        <ele>1745</ele>
      </trkpt>
      <trkpt lon="7.11800507257298" lat="45.5732740425956">
        <ele>1744.69</ele>
      </trkpt>
      <trkpt lon="7.11800507257298" lat="45.5732740425956">
        <ele>1744.69</ele>
      </trkpt>
      <trkpt lon="7.11802087543186" lat="45.5731463089826">
        <ele>1744</ele>
      </trkpt>
      <trkpt lon="7.11814520086093" lat="45.5729811171469">
        <ele>1741</ele>
      </trkpt>
      <trkpt lon="7.11820611506817" lat="45.5728918404935">
        <ele>1739.83</ele>
      </trkpt>
      <trkpt lon="7.11827892893735" lat="45.5726917778375">
        <ele>1737</ele>
      </trkpt>
      <trkpt lon="7.11834283611117" lat="45.5725397218574">
        <ele>1734</ele>
      </trkpt>
      <trkpt lon="7.11837756045079" lat="45.5724708982419">
        <ele>1733</ele>
      </trkpt>
      <trkpt lon="7.11841398792899" lat="45.5723856270074">
        <ele>1732</ele>
      </trkpt>
      <trkpt lon="7.11844960966248" lat="45.5723090754286">
        <ele>1731</ele>
      </trkpt>
      <trkpt lon="7.11844960966248" lat="45.5723090754286">
        <ele>1731</ele>
      </trkpt>
      <trkpt lon="7.11850057315132" lat="45.5722451965394">
        <ele>1729.24</ele>
      </trkpt>
      <trkpt lon="7.1185587782781" lat="45.5721908901832">
        <ele>1728</ele>
      </trkpt>
      <trkpt lon="7.1187999970496" lat="45.5720713700733">
        <ele>1725.31</ele>
      </trkpt>
      <trkpt lon="7.11908122888657" lat="45.5718972406455">
        <ele>1723</ele>
      </trkpt>
      <trkpt lon="7.11920282494975" lat="45.5718097729592">
        <ele>1722</ele>
      </trkpt>
      <trkpt lon="7.11920282494975" lat="45.5718097729592">
        <ele>1722</ele>
      </trkpt>
      <trkpt lon="7.11905868615567" lat="45.5716434896046">
        <ele>1723</ele>
      </trkpt>
      <trkpt lon="7.11905831393241" lat="45.5716431257029">
        <ele>1723</ele>
      </trkpt>
      <trkpt lon="7.11896200037264" lat="45.5715184938588">
        <ele>1722.52</ele>
      </trkpt>
      <trkpt lon="7.11858567610964" lat="45.5710594508949">
        <ele>1723</ele>
      </trkpt>
      <trkpt lon="7.11849208477452" lat="45.5709377441508">
        <ele>1723</ele>
      </trkpt>
      <trkpt lon="7.11832935517894" lat="45.5707066173197">
        <ele>1723</ele>
      </trkpt>
      <trkpt lon="7.1181421036253" lat="45.5704345808893">
        <ele>1723</ele>
      </trkpt>
      <trkpt lon="7.11799970267663" lat="45.5701820037163">
        <ele>1723</ele>
      </trkpt>
      <trkpt lon="7.11796743141731" lat="45.5700968623747">
        <ele>1722.87</ele>
      </trkpt>
      <trkpt lon="7.11794288287148" lat="45.5699953762527">
        <ele>1722.68</ele>
      </trkpt>
      <trkpt lon="7.11795114594477" lat="45.5697634649488">
        <ele>1722.87</ele>
      </trkpt>
      <trkpt lon="7.11795706103222" lat="45.5697091080845">
        <ele>1723</ele>
      </trkpt>
      <trkpt lon="7.11794778670495" lat="45.5696644902066">
        <ele>1723</ele>
      </trkpt>
      <trkpt lon="7.11801019949196" lat="45.5696491348702">
        <ele>1722.84</ele>
      </trkpt>
      <trkpt lon="7.11808461244015" lat="45.5696390214486">
        <ele>1722.12</ele>
      </trkpt>
      <trkpt lon="7.11826625257645" lat="45.5696376926207">
        <ele>1722</ele>
      </trkpt>
      <trkpt lon="7.11844435369929" lat="45.5696387388181">
        <ele>1722</ele>
      </trkpt>
      <trkpt lon="7.11848679947137" lat="45.5696187359491">
        <ele>1722</ele>
      </trkpt>
      <trkpt lon="7.11851015638984" lat="45.5695755545348">
        <ele>1723</ele>
      </trkpt>
      <trkpt lon="7.11852937927277" lat="45.5694221341987">
        <ele>1724</ele>
      </trkpt>
      <trkpt lon="7.11849383628274" lat="45.5693083143269">
        <ele>1724</ele>
      </trkpt>
      <trkpt lon="7.11849001354907" lat="45.5691887168397">
        <ele>1725</ele>
      </trkpt>
      <trkpt lon="7.11854352882302" lat="45.5690368524308">
        <ele>1724</ele>
      </trkpt>
      <trkpt lon="7.1187657886299" lat="45.5689281796323">
        <ele>1723.16</ele>
      </trkpt>
      <trkpt lon="7.11918054886312" lat="45.5687307786923">
        <ele>1722</ele>
      </trkpt>
    </trkseg>
  </trk>
</gpx>
