<?xml version="1.0" encoding="UTF-8"?>
<gpx xmlns="http://www.topografix.com/GPX/1/1" creator="INVA x RAVdA" version="1.1" xmlns:xsi="http://www.w3.org/2001/XMLSchema-instance" xsi:schemaLocation="http://www.topografix.com/GPX/1/1 http://www.topografix.com/GPX/1/1/gpx.xsd">
  <trk>
    <name>RAVDA - Catasto Sentieri</name>
    <desc>Percorso personalizzato</desc>
    <trkseg>
      <trkpt lon="7.82572219126966" lat="45.7795809123933">
        <ele>1386</ele>
      </trkpt>
      <trkpt lon="7.82573375559232" lat="45.7801390711615">
        <ele>1387.75</ele>
      </trkpt>
      <trkpt lon="7.82598624684281" lat="45.7801646186784">
        <ele>1387.19</ele>
      </trkpt>
      <trkpt lon="7.82594810454962" lat="45.7805784371835">
        <ele>1387</ele>
      </trkpt>
      <trkpt lon="7.82595323136007" lat="45.7807754255822">
        <ele>1387</ele>
      </trkpt>
      <trkpt lon="7.82597062189528" lat="45.7809947702235">
        <ele>1387.88</ele>
      </trkpt>
      <trkpt lon="7.82601533808823" lat="45.7812116956209">
        <ele>1388</ele>
      </trkpt>
      <trkpt lon="7.82597508095048" lat="45.781530086676">
        <ele>1389</ele>
      </trkpt>
      <trkpt lon="7.82586443854913" lat="45.7820085061314">
        <ele>1390</ele>
      </trkpt>
      <trkpt lon="7.82560981340648" lat="45.7822925609227">
        <ele>1391.72</ele>
      </trkpt>
      <trkpt lon="7.82550744945793" lat="45.7824624309334">
        <ele>1390.94</ele>
      </trkpt>
      <trkpt lon="7.82533673682975" lat="45.7834792801918">
        <ele>1391</ele>
      </trkpt>
      <trkpt lon="7.82498888124186" lat="45.7845018695648">
        <ele>1393</ele>
      </trkpt>
      <trkpt lon="7.82494913062922" lat="45.7847713010455">
        <ele>1394</ele>
      </trkpt>
      <trkpt lon="7.82494268750709" lat="45.7849799618536">
        <ele>1393.97</ele>
      </trkpt>
      <trkpt lon="7.82496741649993" lat="45.7852296240051">
        <ele>1394</ele>
      </trkpt>
      <trkpt lon="7.82515293665288" lat="45.7856884041363">
        <ele>1394</ele>
      </trkpt>
      <trkpt lon="7.8253741876952" lat="45.7865960571546">
        <ele>1395</ele>
      </trkpt>
      <trkpt lon="7.82546883768317" lat="45.7872714502655">
        <ele>1398.29</ele>
      </trkpt>
      <trkpt lon="7.82559616644721" lat="45.7882165700054">
        <ele>1399.02</ele>
      </trkpt>
      <trkpt lon="7.82556737637401" lat="45.7885276054298">
        <ele>1400.14</ele>
      </trkpt>
      <trkpt lon="7.82543509203221" lat="45.7888534207935">
        <ele>1400.13</ele>
      </trkpt>
      <trkpt lon="7.82520250465457" lat="45.789219786228">
        <ele>1400</ele>
      </trkpt>
      <trkpt lon="7.82505376814442" lat="45.7894957473863">
        <ele>1401</ele>
      </trkpt>
      <trkpt lon="7.82489905996848" lat="45.7898782139782">
        <ele>1402.21</ele>
      </trkpt>
      <trkpt lon="7.82478409763297" lat="45.7905181486216">
        <ele>1403</ele>
      </trkpt>
      <trkpt lon="7.82462266113809" lat="45.7909205267677">
        <ele>1403</ele>
      </trkpt>
      <trkpt lon="7.82457540680989" lat="45.7910874527891">
        <ele>1403.68</ele>
      </trkpt>
      <trkpt lon="7.82452304808785" lat="45.791472681545">
        <ele>1404</ele>
      </trkpt>
      <trkpt lon="7.82433496038481" lat="45.7919062880091">
        <ele>1405.99</ele>
      </trkpt>
      <trkpt lon="7.8243361257644" lat="45.7919732647266">
        <ele>1405.89</ele>
      </trkpt>
      <trkpt lon="7.82426739984858" lat="45.7922250260367">
        <ele>1405</ele>
      </trkpt>
      <trkpt lon="7.82414510786978" lat="45.7926683111567">
        <ele>1405.43</ele>
      </trkpt>
      <trkpt lon="7.82399916102387" lat="45.7930495166906">
        <ele>1407</ele>
      </trkpt>
      <trkpt lon="7.82398191622951" lat="45.7933310598091">
        <ele>1408</ele>
      </trkpt>
      <trkpt lon="7.82387924209587" lat="45.7934532230475">
        <ele>1408.93</ele>
      </trkpt>
      <trkpt lon="7.82376863473214" lat="45.7935610802898">
        <ele>1409</ele>
      </trkpt>
      <trkpt lon="7.82370963262636" lat="45.7936012474137">
        <ele>1410</ele>
      </trkpt>
      <trkpt lon="7.82370963262636" lat="45.7936012474137">
        <ele>1410</ele>
      </trkpt>
      <trkpt lon="7.82247955790611" lat="45.7936020745215">
        <ele>1407</ele>
      </trkpt>
      <trkpt lon="7.82247242776439" lat="45.793714510651">
        <ele>1408</ele>
      </trkpt>
      <trkpt lon="7.82229192587846" lat="45.7941716816779">
        <ele>1409</ele>
      </trkpt>
      <trkpt lon="7.82220979217685" lat="45.794521862034">
        <ele>1411</ele>
      </trkpt>
      <trkpt lon="7.82219293545336" lat="45.7948455312299">
        <ele>1412</ele>
      </trkpt>
      <trkpt lon="7.8221926536702" lat="45.7949078133696">
        <ele>1412</ele>
      </trkpt>
      <trkpt lon="7.82218214516212" lat="45.7957546654014">
        <ele>1414</ele>
      </trkpt>
      <trkpt lon="7.82226972513924" lat="45.7960255898115">
        <ele>1415</ele>
      </trkpt>
      <trkpt lon="7.82236261237803" lat="45.796215559432">
        <ele>1415.03</ele>
      </trkpt>
      <trkpt lon="7.82232412503354" lat="45.7962346039924">
        <ele>1415.33</ele>
      </trkpt>
      <trkpt lon="7.82231216862197" lat="45.7962646324206">
        <ele>1415.97</ele>
      </trkpt>
      <trkpt lon="7.82233309502732" lat="45.7963584572343">
        <ele>1416</ele>
      </trkpt>
      <trkpt lon="7.82246817807027" lat="45.7969520903232">
        <ele>1421</ele>
      </trkpt>
      <trkpt lon="7.82236599742057" lat="45.7971237603837">
        <ele>1422</ele>
      </trkpt>
      <trkpt lon="7.82225080619601" lat="45.7972532625782">
        <ele>1424</ele>
      </trkpt>
      <trkpt lon="7.82225080619601" lat="45.7972532625782">
        <ele>1424</ele>
      </trkpt>
      <trkpt lon="7.82219139815305" lat="45.7973124135154">
        <ele>1424</ele>
      </trkpt>
      <trkpt lon="7.82193598740263" lat="45.7974279584533">
        <ele>1424.85</ele>
      </trkpt>
      <trkpt lon="7.82145176378422" lat="45.7975140504451">
        <ele>1431.4</ele>
      </trkpt>
      <trkpt lon="7.82141817040111" lat="45.7975632985998">
        <ele>1433</ele>
      </trkpt>
      <trkpt lon="7.8214214248672" lat="45.7976225556966">
        <ele>1434.95</ele>
      </trkpt>
      <trkpt lon="7.821457148704" lat="45.7977225613654">
        <ele>1437.09</ele>
      </trkpt>
      <trkpt lon="7.82128702314586" lat="45.7976988452397">
        <ele>1442.04</ele>
      </trkpt>
      <trkpt lon="7.8210030407304" lat="45.7977534300167">
        <ele>1452.28</ele>
      </trkpt>
      <trkpt lon="7.82105594096777" lat="45.7978015900849">
        <ele>1452.1</ele>
      </trkpt>
      <trkpt lon="7.82107675989522" lat="45.7978516665607">
        <ele>1453.91</ele>
      </trkpt>
      <trkpt lon="7.82104194566721" lat="45.7979709275989">
        <ele>1458.51</ele>
      </trkpt>
      <trkpt lon="7.82102821726246" lat="45.797987255661">
        <ele>1459.22</ele>
      </trkpt>
      <trkpt lon="7.82098884317716" lat="45.7978957640629">
        <ele>1460.04</ele>
      </trkpt>
      <trkpt lon="7.82094385368763" lat="45.7978751381056">
        <ele>1460.97</ele>
      </trkpt>
      <trkpt lon="7.82092068081642" lat="45.7978818297205">
        <ele>1462.27</ele>
      </trkpt>
      <trkpt lon="7.82093943580396" lat="45.7979321561828">
        <ele>1463.43</ele>
      </trkpt>
      <trkpt lon="7.82093000150445" lat="45.7979706709626">
        <ele>1464.91</ele>
      </trkpt>
      <trkpt lon="7.82095183238796" lat="45.7979788186019">
        <ele>1463.97</ele>
      </trkpt>
      <trkpt lon="7.82094123452508" lat="45.7979994106916">
        <ele>1464.62</ele>
      </trkpt>
      <trkpt lon="7.82071016553363" lat="45.7981379731162">
        <ele>1473.75</ele>
      </trkpt>
      <trkpt lon="7.82071954823086" lat="45.7981810937495">
        <ele>1474.13</ele>
      </trkpt>
      <trkpt lon="7.8205753013086" lat="45.7982847338951">
        <ele>1479.89</ele>
      </trkpt>
      <trkpt lon="7.82062187710327" lat="45.7982972735505">
        <ele>1479.89</ele>
      </trkpt>
      <trkpt lon="7.82067412585654" lat="45.7982787319127">
        <ele>1477.03</ele>
      </trkpt>
      <trkpt lon="7.82070466800874" lat="45.7982887685727">
        <ele>1475.31</ele>
      </trkpt>
      <trkpt lon="7.82067963079074" lat="45.7983166829326">
        <ele>1477.72</ele>
      </trkpt>
      <trkpt lon="7.82072645042798" lat="45.7983601872682">
        <ele>1476.89</ele>
      </trkpt>
      <trkpt lon="7.82066338983871" lat="45.7984033710969">
        <ele>1481.1</ele>
      </trkpt>
      <trkpt lon="7.82070123672669" lat="45.7984635257707">
        <ele>1481.91</ele>
      </trkpt>
      <trkpt lon="7.82066986358742" lat="45.798474542417">
        <ele>1483.74</ele>
      </trkpt>
      <trkpt lon="7.82066067348525" lat="45.7985259325272">
        <ele>1486.2</ele>
      </trkpt>
      <trkpt lon="7.82060801807111" lat="45.7986003644742">
        <ele>1490.82</ele>
      </trkpt>
      <trkpt lon="7.8205932514624" lat="45.7985805888286">
        <ele>1490.57</ele>
      </trkpt>
      <trkpt lon="7.82061468085855" lat="45.7985224875537">
        <ele>1486.54</ele>
      </trkpt>
      <trkpt lon="7.82059125314996" lat="45.79849227267">
        <ele>1486.41</ele>
      </trkpt>
      <trkpt lon="7.8205033653137" lat="45.7984801131835">
        <ele>1493.5</ele>
      </trkpt>
      <trkpt lon="7.82046490987236" lat="45.798430483772">
        <ele>1497.07</ele>
      </trkpt>
      <trkpt lon="7.82031215851087" lat="45.7984675193611">
        <ele>1506.47</ele>
      </trkpt>
      <trkpt lon="7.82017258371478" lat="45.7985813764786">
        <ele>1508.66</ele>
      </trkpt>
      <trkpt lon="7.82019788166573" lat="45.7984314173445">
        <ele>1510.17</ele>
      </trkpt>
      <trkpt lon="7.82012814158057" lat="45.7984129662051">
        <ele>1515.55</ele>
      </trkpt>
      <trkpt lon="7.82003986702617" lat="45.7984313158256">
        <ele>1521.66</ele>
      </trkpt>
      <trkpt lon="7.82008445491184" lat="45.7983916319089">
        <ele>1522.95</ele>
      </trkpt>
      <trkpt lon="7.82004107917216" lat="45.7983799339724">
        <ele>1526.81</ele>
      </trkpt>
      <trkpt lon="7.81993800670423" lat="45.7984166728084">
        <ele>1526.61</ele>
      </trkpt>
      <trkpt lon="7.81988644653912" lat="45.7984513315301">
        <ele>1525.56</ele>
      </trkpt>
      <trkpt lon="7.81985287211455" lat="45.7983837489302">
        <ele>1530.72</ele>
      </trkpt>
      <trkpt lon="7.81977953437265" lat="45.798383353772">
        <ele>1534.51</ele>
      </trkpt>
      <trkpt lon="7.8199353899117" lat="45.7982784859287">
        <ele>1536.06</ele>
      </trkpt>
      <trkpt lon="7.81991667941029" lat="45.7982260871917">
        <ele>1537.01</ele>
      </trkpt>
      <trkpt lon="7.81971009648862" lat="45.7982530247846">
        <ele>1543.02</ele>
      </trkpt>
      <trkpt lon="7.81970270544036" lat="45.7982130764735">
        <ele>1545.48</ele>
      </trkpt>
      <trkpt lon="7.81974581545545" lat="45.7981764398425">
        <ele>1546.5</ele>
      </trkpt>
      <trkpt lon="7.81978167356675" lat="45.7980869823515">
        <ele>1548.27</ele>
      </trkpt>
      <trkpt lon="7.81978050321812" lat="45.7979901243167">
        <ele>1550.68</ele>
      </trkpt>
      <trkpt lon="7.81967526477532" lat="45.7979891260591">
        <ele>1555</ele>
      </trkpt>
      <trkpt lon="7.8196129293999" lat="45.7980222346379">
        <ele>1556.37</ele>
      </trkpt>
      <trkpt lon="7.81956939783466" lat="45.7980241259351">
        <ele>1558.11</ele>
      </trkpt>
      <trkpt lon="7.81963184526637" lat="45.7979429550215">
        <ele>1556.61</ele>
      </trkpt>
      <trkpt lon="7.8195686249695" lat="45.7979144009095">
        <ele>1560.28</ele>
      </trkpt>
      <trkpt lon="7.81942793133809" lat="45.7979959321925">
        <ele>1563.85</ele>
      </trkpt>
      <trkpt lon="7.81941243951737" lat="45.7979861401276">
        <ele>1564.79</ele>
      </trkpt>
      <trkpt lon="7.81943380448476" lat="45.7979554895516">
        <ele>1564.2</ele>
      </trkpt>
      <trkpt lon="7.81936512882227" lat="45.7979110377599">
        <ele>1568.07</ele>
      </trkpt>
      <trkpt lon="7.81929392647268" lat="45.7979497241735">
        <ele>1569.93</ele>
      </trkpt>
      <trkpt lon="7.81925373954599" lat="45.7979455292366">
        <ele>1572.5</ele>
      </trkpt>
      <trkpt lon="7.81917357566183" lat="45.7978539733566">
        <ele>1574.68</ele>
      </trkpt>
      <trkpt lon="7.81920957787295" lat="45.7977822496522">
        <ele>1575.34</ele>
      </trkpt>
      <trkpt lon="7.81915958694254" lat="45.7976877662094">
        <ele>1578.37</ele>
      </trkpt>
      <trkpt lon="7.81900301811946" lat="45.797619362964">
        <ele>1586.01</ele>
      </trkpt>
      <trkpt lon="7.81898183638969" lat="45.7975134767293">
        <ele>1586.95</ele>
      </trkpt>
      <trkpt lon="7.81895573896573" lat="45.7974940343168">
        <ele>1587.87</ele>
      </trkpt>
      <trkpt lon="7.81878116009719" lat="45.7974924103779">
        <ele>1593.41</ele>
      </trkpt>
      <trkpt lon="7.81874063443653" lat="45.7974799318933">
        <ele>1594.46</ele>
      </trkpt>
      <trkpt lon="7.81867136471902" lat="45.7974149490172">
        <ele>1594.55</ele>
      </trkpt>
      <trkpt lon="7.81866259323821" lat="45.7973671560486">
        <ele>1591.29</ele>
      </trkpt>
      <trkpt lon="7.81864240935037" lat="45.797372436545">
        <ele>1592.37</ele>
      </trkpt>
      <trkpt lon="7.81866913526864" lat="45.7973560613842">
        <ele>1590.14</ele>
      </trkpt>
      <trkpt lon="7.81860691727039" lat="45.7973530801556">
        <ele>1592.07</ele>
      </trkpt>
      <trkpt lon="7.81856071948973" lat="45.7973289290969">
        <ele>1592.21</ele>
      </trkpt>
      <trkpt lon="7.8185257184677" lat="45.7973411679618">
        <ele>1595.24</ele>
      </trkpt>
      <trkpt lon="7.81849465542077" lat="45.7974044831659">
        <ele>1601.66</ele>
      </trkpt>
      <trkpt lon="7.81846292746312" lat="45.7973775127298">
        <ele>1602.41</ele>
      </trkpt>
      <trkpt lon="7.81841158754889" lat="45.7973713093012">
        <ele>1604.41</ele>
      </trkpt>
      <trkpt lon="7.81832223550541" lat="45.7973737168385">
        <ele>1610.22</ele>
      </trkpt>
      <trkpt lon="7.81825551970877" lat="45.7973949889625">
        <ele>1615.86</ele>
      </trkpt>
      <trkpt lon="7.81822773044301" lat="45.79738254949">
        <ele>1616.73</ele>
      </trkpt>
      <trkpt lon="7.81822106424662" lat="45.7973509791771">
        <ele>1615.3</ele>
      </trkpt>
      <trkpt lon="7.81817261925929" lat="45.7973234752337">
        <ele>1618.22</ele>
      </trkpt>
      <trkpt lon="7.81810743126193" lat="45.7973453918332">
        <ele>1620.98</ele>
      </trkpt>
      <trkpt lon="7.8180881415929" lat="45.7973631948795">
        <ele>1622.26</ele>
      </trkpt>
      <trkpt lon="7.81811089462021" lat="45.7973763898785">
        <ele>1621.37</ele>
      </trkpt>
      <trkpt lon="7.8181041384949" lat="45.7973977431355">
        <ele>1621.98</ele>
      </trkpt>
      <trkpt lon="7.81806000115776" lat="45.797409976357">
        <ele>1624.09</ele>
      </trkpt>
      <trkpt lon="7.81802042338292" lat="45.7973647442691">
        <ele>1625.48</ele>
      </trkpt>
      <trkpt lon="7.81796830578666" lat="45.7973527740196">
        <ele>1626.87</ele>
      </trkpt>
      <trkpt lon="7.81795183537737" lat="45.7973832051925">
        <ele>1628.35</ele>
      </trkpt>
      <trkpt lon="7.81797772450926" lat="45.7974003058766">
        <ele>1628.1</ele>
      </trkpt>
      <trkpt lon="7.81798477682533" lat="45.797431878971">
        <ele>1629.56</ele>
      </trkpt>
      <trkpt lon="7.81796044257725" lat="45.797450798664">
        <ele>1631.49</ele>
      </trkpt>
      <trkpt lon="7.81794877413758" lat="45.7975279032945">
        <ele>1634.23</ele>
      </trkpt>
      <trkpt lon="7.81790889257905" lat="45.7975336113906">
        <ele>1636.2</ele>
      </trkpt>
      <trkpt lon="7.817810927058" lat="45.7975052375053">
        <ele>1638.51</ele>
      </trkpt>
      <trkpt lon="7.81778458459811" lat="45.7975156736295">
        <ele>1640.04</ele>
      </trkpt>
      <trkpt lon="7.81779851720185" lat="45.7975687417821">
        <ele>1641.39</ele>
      </trkpt>
      <trkpt lon="7.81766197512771" lat="45.7975756100912">
        <ele>1647.32</ele>
      </trkpt>
      <trkpt lon="7.81769549092806" lat="45.7976579541777">
        <ele>1646.56</ele>
      </trkpt>
      <trkpt lon="7.81761877093444" lat="45.7975985658171">
        <ele>1650.05</ele>
      </trkpt>
      <trkpt lon="7.81748832432064" lat="45.7975605830419">
        <ele>1650.17</ele>
      </trkpt>
      <trkpt lon="7.81746590057729" lat="45.79747097221">
        <ele>1646.58</ele>
      </trkpt>
      <trkpt lon="7.81743630281276" lat="45.7974649078826">
        <ele>1645.75</ele>
      </trkpt>
      <trkpt lon="7.81736853359718" lat="45.7975176696878">
        <ele>1652.6</ele>
      </trkpt>
      <trkpt lon="7.81741298090833" lat="45.7975637629555">
        <ele>1653.64</ele>
      </trkpt>
      <trkpt lon="7.81734221326112" lat="45.7975331476074">
        <ele>1654.55</ele>
      </trkpt>
      <trkpt lon="7.81729488698918" lat="45.7975440890987">
        <ele>1657.86</ele>
      </trkpt>
      <trkpt lon="7.81729250330119" lat="45.797559456134">
        <ele>1658.83</ele>
      </trkpt>
      <trkpt lon="7.81739942163046" lat="45.79759647477">
        <ele>1660.23</ele>
      </trkpt>
      <trkpt lon="7.81742620208331" lat="45.7976322148265">
        <ele>1663.6</ele>
      </trkpt>
      <trkpt lon="7.81741373479289" lat="45.7976498151554">
        <ele>1664.82</ele>
      </trkpt>
      <trkpt lon="7.81732709393119" lat="45.7976517088166">
        <ele>1666.52</ele>
      </trkpt>
      <trkpt lon="7.81727632086385" lat="45.7976369635092">
        <ele>1666.77</ele>
      </trkpt>
      <trkpt lon="7.81718729353283" lat="45.7976544019881">
        <ele>1669.15</ele>
      </trkpt>
      <trkpt lon="7.81707438456317" lat="45.7976998576183">
        <ele>1672.74</ele>
      </trkpt>
      <trkpt lon="7.81711101276168" lat="45.7977201279308">
        <ele>1673.84</ele>
      </trkpt>
      <trkpt lon="7.81721924828988" lat="45.7977315098151">
        <ele>1675.3</ele>
      </trkpt>
      <trkpt lon="7.81724779168203" lat="45.7978176706178">
        <ele>1678.1</ele>
      </trkpt>
      <trkpt lon="7.81721170471021" lat="45.79782044812">
        <ele>1679.91</ele>
      </trkpt>
      <trkpt lon="7.81717916824957" lat="45.7978012084286">
        <ele>1680.53</ele>
      </trkpt>
      <trkpt lon="7.81716601177246" lat="45.7978332063399">
        <ele>1681.81</ele>
      </trkpt>
      <trkpt lon="7.81712398842396" lat="45.7978427617357">
        <ele>1683.77</ele>
      </trkpt>
      <trkpt lon="7.81713090414211" lat="45.7978989965683">
        <ele>1685.79</ele>
      </trkpt>
      <trkpt lon="7.81703941359924" lat="45.7980207293477">
        <ele>1693.48</ele>
      </trkpt>
      <trkpt lon="7.81683814023569" lat="45.7979912822214">
        <ele>1701.07</ele>
      </trkpt>
      <trkpt lon="7.8168298286281" lat="45.7980071269898">
        <ele>1701.95</ele>
      </trkpt>
      <trkpt lon="7.8168660786891" lat="45.7980453060883">
        <ele>1702.24</ele>
      </trkpt>
      <trkpt lon="7.81684133607745" lat="45.7980653008048">
        <ele>1704.42</ele>
      </trkpt>
      <trkpt lon="7.81680293588587" lat="45.7980313301262">
        <ele>1704.27</ele>
      </trkpt>
      <trkpt lon="7.81660620869057" lat="45.7980607956558">
        <ele>1709.02</ele>
      </trkpt>
      <trkpt lon="7.8165932360823" lat="45.7980657012118">
        <ele>1709.26</ele>
      </trkpt>
      <trkpt lon="7.81662312785638" lat="45.7980942716712">
        <ele>1710.45</ele>
      </trkpt>
      <trkpt lon="7.81668654822459" lat="45.7981194118093">
        <ele>1711.03</ele>
      </trkpt>
      <trkpt lon="7.81668297559137" lat="45.7981362955385">
        <ele>1711.44</ele>
      </trkpt>
      <trkpt lon="7.81648462884868" lat="45.798169163917">
        <ele>1717.15</ele>
      </trkpt>
      <trkpt lon="7.81650329982997" lat="45.7982536940279">
        <ele>1720.85</ele>
      </trkpt>
      <trkpt lon="7.81648437936111" lat="45.798284369628">
        <ele>1723.38</ele>
      </trkpt>
      <trkpt lon="7.81649839839914" lat="45.7983210568085">
        <ele>1724.83</ele>
      </trkpt>
      <trkpt lon="7.81654194338564" lat="45.7983430188971">
        <ele>1724.31</ele>
      </trkpt>
      <trkpt lon="7.81653785951699" lat="45.7983656583237">
        <ele>1726.07</ele>
      </trkpt>
      <trkpt lon="7.81641847377903" lat="45.7983522707257">
        <ele>1730.05</ele>
      </trkpt>
      <trkpt lon="7.81638069290435" lat="45.7983255085701">
        <ele>1729.72</ele>
      </trkpt>
      <trkpt lon="7.81630092192348" lat="45.7983129797075">
        <ele>1732.25</ele>
      </trkpt>
      <trkpt lon="7.81631048777261" lat="45.7983655533612">
        <ele>1734.68</ele>
      </trkpt>
      <trkpt lon="7.81592356692122" lat="45.7982798169078">
        <ele>1742.38</ele>
      </trkpt>
      <trkpt lon="7.8158740154464" lat="45.79829856691">
        <ele>1744.69</ele>
      </trkpt>
      <trkpt lon="7.81588650148436" lat="45.7983165174872">
        <ele>1745.68</ele>
      </trkpt>
      <trkpt lon="7.81586533694685" lat="45.7983254786236">
        <ele>1746.19</ele>
      </trkpt>
      <trkpt lon="7.81572230253102" lat="45.7983593670033">
        <ele>1752.06</ele>
      </trkpt>
      <trkpt lon="7.8157153349774" lat="45.7983966484419">
        <ele>1753.84</ele>
      </trkpt>
      <trkpt lon="7.81579705244025" lat="45.798590740283">
        <ele>1761.28</ele>
      </trkpt>
      <trkpt lon="7.81580898942533" lat="45.7987013904393">
        <ele>1766.83</ele>
      </trkpt>
      <trkpt lon="7.81583161443183" lat="45.7987268274157">
        <ele>1767.42</ele>
      </trkpt>
      <trkpt lon="7.81599794130958" lat="45.7988205369554">
        <ele>1770.61</ele>
      </trkpt>
      <trkpt lon="7.81605059214851" lat="45.7988377351211">
        <ele>1771.54</ele>
      </trkpt>
      <trkpt lon="7.81620460644852" lat="45.798850581371">
        <ele>1773.81</ele>
      </trkpt>
      <trkpt lon="7.81620514441711" lat="45.798898110365">
        <ele>1775</ele>
      </trkpt>
      <trkpt lon="7.81627950526761" lat="45.7989960885753">
        <ele>1778.21</ele>
      </trkpt>
      <trkpt lon="7.81625749548477" lat="45.7990449146083">
        <ele>1779</ele>
      </trkpt>
      <trkpt lon="7.81619805165994" lat="45.7990872317828">
        <ele>1780</ele>
      </trkpt>
      <trkpt lon="7.81621044220787" lat="45.7991583753813">
        <ele>1780</ele>
      </trkpt>
      <trkpt lon="7.81621044220787" lat="45.7991583753813">
        <ele>1780</ele>
      </trkpt>
      <trkpt lon="7.81618956564221" lat="45.79921441272">
        <ele>1780</ele>
      </trkpt>
      <trkpt lon="7.81601123040062" lat="45.7992501869201">
        <ele>1782</ele>
      </trkpt>
      <trkpt lon="7.81603706551232" lat="45.7993305586605">
        <ele>1782</ele>
      </trkpt>
      <trkpt lon="7.81603980743436" lat="45.7994622675986">
        <ele>1784.03</ele>
      </trkpt>
      <trkpt lon="7.8160767041368" lat="45.7995307863654">
        <ele>1784.67</ele>
      </trkpt>
      <trkpt lon="7.81609676087663" lat="45.7996348614322">
        <ele>1787.62</ele>
      </trkpt>
      <trkpt lon="7.81613092741333" lat="45.7996803990316">
        <ele>1788</ele>
      </trkpt>
      <trkpt lon="7.81612314229919" lat="45.7997623121554">
        <ele>1789</ele>
      </trkpt>
      <trkpt lon="7.81603811252772" lat="45.7997671031281">
        <ele>1790.99</ele>
      </trkpt>
      <trkpt lon="7.81584112374225" lat="45.7998206831585">
        <ele>1796.15</ele>
      </trkpt>
      <trkpt lon="7.81574789394109" lat="45.7998176488531">
        <ele>1798.18</ele>
      </trkpt>
      <trkpt lon="7.81561961767845" lat="45.79987752137">
        <ele>1805.12</ele>
      </trkpt>
      <trkpt lon="7.81545892531116" lat="45.7997302271854">
        <ele>1810.22</ele>
      </trkpt>
      <trkpt lon="7.8154251080318" lat="45.7997229461198">
        <ele>1810.81</ele>
      </trkpt>
      <trkpt lon="7.81542191500377" lat="45.7997887060982">
        <ele>1812.63</ele>
      </trkpt>
      <trkpt lon="7.81548870348374" lat="45.7998856147643">
        <ele>1812.18</ele>
      </trkpt>
      <trkpt lon="7.81546951065408" lat="45.7999230405338">
        <ele>1811.91</ele>
      </trkpt>
      <trkpt lon="7.81547301488705" lat="45.7999944507205">
        <ele>1812.71</ele>
      </trkpt>
      <trkpt lon="7.81544681097122" lat="45.8000226206313">
        <ele>1813.71</ele>
      </trkpt>
      <trkpt lon="7.8154626375526" lat="45.8001016311299">
        <ele>1815.03</ele>
      </trkpt>
      <trkpt lon="7.81543591707872" lat="45.8001236758797">
        <ele>1816.38</ele>
      </trkpt>
      <trkpt lon="7.8154478129522" lat="45.8002059753133">
        <ele>1818.42</ele>
      </trkpt>
      <trkpt lon="7.81538850354247" lat="45.8001932994211">
        <ele>1820.06</ele>
      </trkpt>
      <trkpt lon="7.81533751420103" lat="45.8001582980398">
        <ele>1821.84</ele>
      </trkpt>
      <trkpt lon="7.81527580116573" lat="45.8001861009338">
        <ele>1824.91</ele>
      </trkpt>
      <trkpt lon="7.81526950333268" lat="45.8002100653729">
        <ele>1825.45</ele>
      </trkpt>
      <trkpt lon="7.81522713835228" lat="45.8002174568213">
        <ele>1827.06</ele>
      </trkpt>
      <trkpt lon="7.8152194483679" lat="45.8002645412807">
        <ele>1827.34</ele>
      </trkpt>
      <trkpt lon="7.8152191583708" lat="45.8003207010424">
        <ele>1828.13</ele>
      </trkpt>
      <trkpt lon="7.81515746483712" lat="45.8004872046933">
        <ele>1832.86</ele>
      </trkpt>
      <trkpt lon="7.81516672230006" lat="45.8005421145148">
        <ele>1833.78</ele>
      </trkpt>
      <trkpt lon="7.81515389526449" lat="45.8006312666636">
        <ele>1836.41</ele>
      </trkpt>
      <trkpt lon="7.81516152328548" lat="45.8007691480283">
        <ele>1839.24</ele>
      </trkpt>
      <trkpt lon="7.81511497568988" lat="45.800876761435">
        <ele>1842.83</ele>
      </trkpt>
      <trkpt lon="7.8150405579604" lat="45.8009877774388">
        <ele>1846.26</ele>
      </trkpt>
      <trkpt lon="7.81499847948061" lat="45.8009756406146">
        <ele>1847.34</ele>
      </trkpt>
      <trkpt lon="7.81487056578864" lat="45.8011031120798">
        <ele>1854.28</ele>
      </trkpt>
      <trkpt lon="7.81483022884102" lat="45.8010998143864">
        <ele>1855.78</ele>
      </trkpt>
      <trkpt lon="7.81479274173581" lat="45.8011077947855">
        <ele>1857.23</ele>
      </trkpt>
      <trkpt lon="7.8148091774656" lat="45.8011459486934">
        <ele>1857.27</ele>
      </trkpt>
      <trkpt lon="7.81478957083497" lat="45.8011784187771">
        <ele>1858.3</ele>
      </trkpt>
      <trkpt lon="7.81474039761948" lat="45.8011730487239">
        <ele>1859.23</ele>
      </trkpt>
      <trkpt lon="7.81467761615084" lat="45.8011480947076">
        <ele>1861.45</ele>
      </trkpt>
      <trkpt lon="7.81464916272549" lat="45.8011487000055">
        <ele>1861.94</ele>
      </trkpt>
      <trkpt lon="7.81464645396846" lat="45.8011672115624">
        <ele>1862.65</ele>
      </trkpt>
      <trkpt lon="7.81460301983952" lat="45.8011583025852">
        <ele>1864.16</ele>
      </trkpt>
      <trkpt lon="7.81458152117901" lat="45.8012071314009">
        <ele>1865.36</ele>
      </trkpt>
      <trkpt lon="7.81454160613807" lat="45.8012203980226">
        <ele>1866.89</ele>
      </trkpt>
      <trkpt lon="7.81455486612121" lat="45.8012929916665">
        <ele>1867.32</ele>
      </trkpt>
      <trkpt lon="7.81449888494802" lat="45.8014023078039">
        <ele>1870.41</ele>
      </trkpt>
      <trkpt lon="7.81446130041001" lat="45.8014209106951">
        <ele>1871.85</ele>
      </trkpt>
      <trkpt lon="7.81443172298407" lat="45.8015108793706">
        <ele>1873.92</ele>
      </trkpt>
      <trkpt lon="7.814343498007" lat="45.8015508267641">
        <ele>1876.32</ele>
      </trkpt>
      <trkpt lon="7.81428475087932" lat="45.8016206918696">
        <ele>1879.09</ele>
      </trkpt>
      <trkpt lon="7.81426272092034" lat="45.8017067799632">
        <ele>1883.28</ele>
      </trkpt>
      <trkpt lon="7.81432216998317" lat="45.8018222445874">
        <ele>1886.3</ele>
      </trkpt>
      <trkpt lon="7.81438316785472" lat="45.8018586099885">
        <ele>1885.99</ele>
      </trkpt>
      <trkpt lon="7.81442264760139" lat="45.8019447958972">
        <ele>1890.08</ele>
      </trkpt>
      <trkpt lon="7.81449335395587" lat="45.8019845920345">
        <ele>1891.39</ele>
      </trkpt>
      <trkpt lon="7.81455217329503" lat="45.8020569388872">
        <ele>1892.8</ele>
      </trkpt>
      <trkpt lon="7.81453099449917" lat="45.8020847116139">
        <ele>1894.39</ele>
      </trkpt>
      <trkpt lon="7.81437033832012" lat="45.8020751237165">
        <ele>1897.35</ele>
      </trkpt>
      <trkpt lon="7.81442710376944" lat="45.8022018108233">
        <ele>1901.53</ele>
      </trkpt>
      <trkpt lon="7.81440131401822" lat="45.8022163942807">
        <ele>1902.61</ele>
      </trkpt>
      <trkpt lon="7.8144014704743" lat="45.8023122522807">
        <ele>1905.5</ele>
      </trkpt>
      <trkpt lon="7.81426191901476" lat="45.802369307951">
        <ele>1909.62</ele>
      </trkpt>
      <trkpt lon="7.81411799364509" lat="45.8023658342588">
        <ele>1912.41</ele>
      </trkpt>
      <trkpt lon="7.81410807532134" lat="45.8024389971393">
        <ele>1914.74</ele>
      </trkpt>
      <trkpt lon="7.81408772449289" lat="45.8024580474295">
        <ele>1915.51</ele>
      </trkpt>
      <trkpt lon="7.81407243107662" lat="45.802529804667">
        <ele>1917.82</ele>
      </trkpt>
      <trkpt lon="7.81381337551992" lat="45.8025180241026">
        <ele>1926.03</ele>
      </trkpt>
      <trkpt lon="7.81386034557671" lat="45.8026818731736">
        <ele>1929.16</ele>
      </trkpt>
      <trkpt lon="7.81385069286238" lat="45.8028092207709">
        <ele>1931.43</ele>
      </trkpt>
      <trkpt lon="7.81386735082965" lat="45.8029884171644">
        <ele>1935.63</ele>
      </trkpt>
      <trkpt lon="7.81389518617067" lat="45.8030593609062">
        <ele>1936.8</ele>
      </trkpt>
      <trkpt lon="7.81393552772557" lat="45.8031109931649">
        <ele>1938.03</ele>
      </trkpt>
      <trkpt lon="7.81392961299401" lat="45.8031472051421">
        <ele>1939.24</ele>
      </trkpt>
      <trkpt lon="7.8139570270236" lat="45.8031712504625">
        <ele>1940.48</ele>
      </trkpt>
      <trkpt lon="7.81402400758559" lat="45.8032471919297">
        <ele>1941.33</ele>
      </trkpt>
      <trkpt lon="7.8141669904322" lat="45.8034348091948">
        <ele>1944</ele>
      </trkpt>
      <trkpt lon="7.81414846927612" lat="45.8035009523694">
        <ele>1945.78</ele>
      </trkpt>
      <trkpt lon="7.81416622586208" lat="45.8036102247692">
        <ele>1948.38</ele>
      </trkpt>
      <trkpt lon="7.81415608343724" lat="45.8037788817481">
        <ele>1953</ele>
      </trkpt>
      <trkpt lon="7.8141168733946" lat="45.8041044757812">
        <ele>1961.25</ele>
      </trkpt>
      <trkpt lon="7.81374367844304" lat="45.8044131939563">
        <ele>1972.7</ele>
      </trkpt>
      <trkpt lon="7.81360303245631" lat="45.8044732080248">
        <ele>1976.67</ele>
      </trkpt>
      <trkpt lon="7.81329680972375" lat="45.8044336651889">
        <ele>1982.01</ele>
      </trkpt>
      <trkpt lon="7.813153099046" lat="45.8043895099064">
        <ele>1984.38</ele>
      </trkpt>
      <trkpt lon="7.81309132313935" lat="45.804365375365">
        <ele>1984.8</ele>
      </trkpt>
      <trkpt lon="7.8129899392288" lat="45.8042793555328">
        <ele>1989.27</ele>
      </trkpt>
      <trkpt lon="7.81283022330702" lat="45.8042011020054">
        <ele>1992.61</ele>
      </trkpt>
      <trkpt lon="7.8126422529594" lat="45.804174666194">
        <ele>1994</ele>
      </trkpt>
      <trkpt lon="7.81258019043192" lat="45.8041761823036">
        <ele>1994.6</ele>
      </trkpt>
      <trkpt lon="7.8123401367367" lat="45.8042327314407">
        <ele>1996.56</ele>
      </trkpt>
      <trkpt lon="7.81228665817418" lat="45.8042118331726">
        <ele>1997.76</ele>
      </trkpt>
      <trkpt lon="7.81228665817418" lat="45.8042118331726">
        <ele>1997.76</ele>
      </trkpt>
      <trkpt lon="7.81224014343041" lat="45.8042024380422">
        <ele>1998.89</ele>
      </trkpt>
      <trkpt lon="7.81215319963051" lat="45.8042121568998">
        <ele>2000.22</ele>
      </trkpt>
      <trkpt lon="7.81207553299611" lat="45.8042636407998">
        <ele>2001.8</ele>
      </trkpt>
      <trkpt lon="7.81195603835907" lat="45.8042789594877">
        <ele>2004.83</ele>
      </trkpt>
      <trkpt lon="7.81190352221958" lat="45.804333857605">
        <ele>2004.96</ele>
      </trkpt>
      <trkpt lon="7.81170942920693" lat="45.8043230193546">
        <ele>2012.38</ele>
      </trkpt>
      <trkpt lon="7.81158038905932" lat="45.8043818001697">
        <ele>2016.34</ele>
      </trkpt>
      <trkpt lon="7.81156091482162" lat="45.8044623353687">
        <ele>2018.03</ele>
      </trkpt>
      <trkpt lon="7.81157684404305" lat="45.804548457161">
        <ele>2019.34</ele>
      </trkpt>
      <trkpt lon="7.81156769145067" lat="45.8046701407301">
        <ele>2023.24</ele>
      </trkpt>
      <trkpt lon="7.81161552550504" lat="45.8048294091374">
        <ele>2027.18</ele>
      </trkpt>
      <trkpt lon="7.81161313844562" lat="45.8048750158324">
        <ele>2028.82</ele>
      </trkpt>
      <trkpt lon="7.81148513964319" lat="45.804951360994">
        <ele>2034</ele>
      </trkpt>
      <trkpt lon="7.81142536372611" lat="45.8049300376546">
        <ele>2035.59</ele>
      </trkpt>
      <trkpt lon="7.81105834373693" lat="45.8046814916858">
        <ele>2042.37</ele>
      </trkpt>
      <trkpt lon="7.81084649893717" lat="45.8044584117445">
        <ele>2047.79</ele>
      </trkpt>
      <trkpt lon="7.81082581080197" lat="45.8043964516335">
        <ele>2049.65</ele>
      </trkpt>
      <trkpt lon="7.81078789901054" lat="45.8043879566086">
        <ele>2051.24</ele>
      </trkpt>
      <trkpt lon="7.81075799646987" lat="45.804341830146">
        <ele>2052.33</ele>
      </trkpt>
      <trkpt lon="7.81076369154731" lat="45.8043160573215">
        <ele>2052.13</ele>
      </trkpt>
      <trkpt lon="7.81071126834826" lat="45.8043061510103">
        <ele>2054.17</ele>
      </trkpt>
      <trkpt lon="7.81062330095821" lat="45.8042428624418">
        <ele>2058.64</ele>
      </trkpt>
      <trkpt lon="7.81056051535768" lat="45.804145362132">
        <ele>2062.16</ele>
      </trkpt>
      <trkpt lon="7.81052820617665" lat="45.8041517758742">
        <ele>2063.41</ele>
      </trkpt>
      <trkpt lon="7.81046481147809" lat="45.8042341023639">
        <ele>2065.81</ele>
      </trkpt>
      <trkpt lon="7.81032243532337" lat="45.8042724019734">
        <ele>2073.05</ele>
      </trkpt>
      <trkpt lon="7.81023746021858" lat="45.804322549658">
        <ele>2077.15</ele>
      </trkpt>
      <trkpt lon="7.81020965911917" lat="45.8043469222345">
        <ele>2078.96</ele>
      </trkpt>
      <trkpt lon="7.81016081919681" lat="45.8043439828019">
        <ele>2079.82</ele>
      </trkpt>
      <trkpt lon="7.81012689265446" lat="45.8043839529394">
        <ele>2082.87</ele>
      </trkpt>
      <trkpt lon="7.81013724997009" lat="45.8044476046611">
        <ele>2085.68</ele>
      </trkpt>
      <trkpt lon="7.81024969654347" lat="45.8044671367938">
        <ele>2085.59</ele>
      </trkpt>
      <trkpt lon="7.81036607251769" lat="45.8045499844668">
        <ele>2087.2</ele>
      </trkpt>
      <trkpt lon="7.81042566250492" lat="45.8045618575637">
        <ele>2087.77</ele>
      </trkpt>
      <trkpt lon="7.81043346783762" lat="45.8045820998212">
        <ele>2088</ele>
      </trkpt>
      <trkpt lon="7.81038271908572" lat="45.8046022720704">
        <ele>2089.03</ele>
      </trkpt>
      <trkpt lon="7.81020650737966" lat="45.8045735252018">
        <ele>2091.1</ele>
      </trkpt>
      <trkpt lon="7.8101345778859" lat="45.8045790774307">
        <ele>2092.31</ele>
      </trkpt>
      <trkpt lon="7.8100414109719" lat="45.8046271610952">
        <ele>2094.58</ele>
      </trkpt>
      <trkpt lon="7.80994748353408" lat="45.8046444523009">
        <ele>2095.72</ele>
      </trkpt>
      <trkpt lon="7.80982090445313" lat="45.8047082999354">
        <ele>2098.43</ele>
      </trkpt>
      <trkpt lon="7.80975870834749" lat="45.8047221413578">
        <ele>2099.84</ele>
      </trkpt>
      <trkpt lon="7.80970150860666" lat="45.8047853618645">
        <ele>2101</ele>
      </trkpt>
      <trkpt lon="7.80945287627454" lat="45.8048759256749">
        <ele>2106.59</ele>
      </trkpt>
      <trkpt lon="7.80930308167264" lat="45.8049965050879">
        <ele>2108.5</ele>
      </trkpt>
      <trkpt lon="7.80903032191889" lat="45.8050414536152">
        <ele>2110.68</ele>
      </trkpt>
      <trkpt lon="7.80891699034813" lat="45.8051057069427">
        <ele>2110.37</ele>
      </trkpt>
      <trkpt lon="7.80893621534975" lat="45.8051275104608">
        <ele>2108.95</ele>
      </trkpt>
      <trkpt lon="7.8088512745611" lat="45.8051276152036">
        <ele>2110.57</ele>
      </trkpt>
      <trkpt lon="7.80866775828356" lat="45.8051819537158">
        <ele>2109.6</ele>
      </trkpt>
      <trkpt lon="7.80843138696379" lat="45.8051499672982">
        <ele>2115.44</ele>
      </trkpt>
      <trkpt lon="7.80832099237999" lat="45.8051729362683">
        <ele>2115.38</ele>
      </trkpt>
      <trkpt lon="7.80815218710817" lat="45.8052493921521">
        <ele>2118.54</ele>
      </trkpt>
      <trkpt lon="7.80810333535373" lat="45.8052831758775">
        <ele>2119.69</ele>
      </trkpt>
      <trkpt lon="7.80810487817367" lat="45.8053677058245">
        <ele>2123.43</ele>
      </trkpt>
      <trkpt lon="7.80807443315333" lat="45.8055039284486">
        <ele>2127.29</ele>
      </trkpt>
      <trkpt lon="7.80791998914801" lat="45.8055888124628">
        <ele>2129.88</ele>
      </trkpt>
      <trkpt lon="7.80770656696019" lat="45.8056271808364">
        <ele>2132.9</ele>
      </trkpt>
      <trkpt lon="7.80749857352189" lat="45.8056222176021">
        <ele>2134.63</ele>
      </trkpt>
      <trkpt lon="7.80736011902792" lat="45.8056935875365">
        <ele>2135.26</ele>
      </trkpt>
      <trkpt lon="7.80697719511332" lat="45.8057685246594">
        <ele>2138</ele>
      </trkpt>
      <trkpt lon="7.80691797580556" lat="45.8058356813581">
        <ele>2140.16</ele>
      </trkpt>
      <trkpt lon="7.80685926045793" lat="45.8058431698742">
        <ele>2141.01</ele>
      </trkpt>
      <trkpt lon="7.80683604565061" lat="45.8058635396149">
        <ele>2142.07</ele>
      </trkpt>
      <trkpt lon="7.80688865383064" lat="45.805931233512">
        <ele>2143.34</ele>
      </trkpt>
      <trkpt lon="7.80678296752009" lat="45.8059626221863">
        <ele>2145.82</ele>
      </trkpt>
      <trkpt lon="7.8067789752881" lat="45.8059868810996">
        <ele>2146.03</ele>
      </trkpt>
      <trkpt lon="7.80672960200651" lat="45.8059846555689">
        <ele>2146.97</ele>
      </trkpt>
      <trkpt lon="7.80662818697046" lat="45.8060691928611">
        <ele>2149.81</ele>
      </trkpt>
      <trkpt lon="7.80652987923345" lat="45.8060684363425">
        <ele>2152.12</ele>
      </trkpt>
      <trkpt lon="7.80647857464165" lat="45.8061024617172">
        <ele>2154.13</ele>
      </trkpt>
      <trkpt lon="7.80646026770214" lat="45.8061521350298">
        <ele>2155.8</ele>
      </trkpt>
      <trkpt lon="7.80641407246834" lat="45.8061397703822">
        <ele>2156.9</ele>
      </trkpt>
      <trkpt lon="7.80631051037733" lat="45.8060718148783">
        <ele>2159.72</ele>
      </trkpt>
      <trkpt lon="7.80626573172495" lat="45.8060654059517">
        <ele>2160.7</ele>
      </trkpt>
      <trkpt lon="7.80626091696988" lat="45.8061040568906">
        <ele>2161.86</ele>
      </trkpt>
      <trkpt lon="7.80630807475184" lat="45.8061858260941">
        <ele>2162.69</ele>
      </trkpt>
      <trkpt lon="7.80629598116395" lat="45.8062699447886">
        <ele>2165.17</ele>
      </trkpt>
      <trkpt lon="7.8062624332309" lat="45.8062679749719">
        <ele>2166.98</ele>
      </trkpt>
      <trkpt lon="7.80617512165513" lat="45.8061922666485">
        <ele>2167.84</ele>
      </trkpt>
      <trkpt lon="7.80610763736144" lat="45.8061643819566">
        <ele>2169.79</ele>
      </trkpt>
      <trkpt lon="7.80608722111025" lat="45.8061199750733">
        <ele>2170.32</ele>
      </trkpt>
      <trkpt lon="7.80605067573497" lat="45.8061258026487">
        <ele>2171.78</ele>
      </trkpt>
      <trkpt lon="7.80605634945259" lat="45.8061975961997">
        <ele>2173.63</ele>
      </trkpt>
      <trkpt lon="7.80603128698467" lat="45.8062381969939">
        <ele>2175.84</ele>
      </trkpt>
      <trkpt lon="7.80605378616656" lat="45.8063054878139">
        <ele>2176.93</ele>
      </trkpt>
      <trkpt lon="7.80601267432029" lat="45.8062961482923">
        <ele>2178.74</ele>
      </trkpt>
      <trkpt lon="7.80597229117424" lat="45.8062406409343">
        <ele>2178.68</ele>
      </trkpt>
      <trkpt lon="7.80591516224845" lat="45.8062341041082">
        <ele>2180.47</ele>
      </trkpt>
      <trkpt lon="7.80584707821889" lat="45.8061920801612">
        <ele>2181.99</ele>
      </trkpt>
      <trkpt lon="7.80576873483219" lat="45.806190540481">
        <ele>2184.58</ele>
      </trkpt>
      <trkpt lon="7.80578647486698" lat="45.8062938738406">
        <ele>2188.58</ele>
      </trkpt>
      <trkpt lon="7.80584188645385" lat="45.8063327059178">
        <ele>2187.68</ele>
      </trkpt>
      <trkpt lon="7.80577117649174" lat="45.8063352053027">
        <ele>2189.41</ele>
      </trkpt>
      <trkpt lon="7.80564398442758" lat="45.8064937275665">
        <ele>2196</ele>
      </trkpt>
      <trkpt lon="7.80559743632159" lat="45.8064857713613">
        <ele>2195.53</ele>
      </trkpt>
      <trkpt lon="7.80549065796807" lat="45.8063935679861">
        <ele>2198</ele>
      </trkpt>
      <trkpt lon="7.80544707370002" lat="45.8063915814059">
        <ele>2198.96</ele>
      </trkpt>
      <trkpt lon="7.80536159487871" lat="45.8064889747343">
        <ele>2202.05</ele>
      </trkpt>
      <trkpt lon="7.80526849712799" lat="45.8065514559886">
        <ele>2203.72</ele>
      </trkpt>
      <trkpt lon="7.8050570520994" lat="45.8066235891306">
        <ele>2205.93</ele>
      </trkpt>
      <trkpt lon="7.804998574805" lat="45.8066739231854">
        <ele>2206.79</ele>
      </trkpt>
      <trkpt lon="7.8047821483191" lat="45.8067863267504">
        <ele>2210.86</ele>
      </trkpt>
      <trkpt lon="7.80447107546334" lat="45.8068890986056">
        <ele>2218.23</ele>
      </trkpt>
      <trkpt lon="7.80436668789715" lat="45.8069859334049">
        <ele>2219</ele>
      </trkpt>
      <trkpt lon="7.80431595861129" lat="45.8070050250712">
        <ele>2219.4</ele>
      </trkpt>
      <trkpt lon="7.80424667925055" lat="45.8070068188962">
        <ele>2221.09</ele>
      </trkpt>
      <trkpt lon="7.80417786604911" lat="45.8070349911758">
        <ele>2223.74</ele>
      </trkpt>
      <trkpt lon="7.80406856416328" lat="45.8070066644045">
        <ele>2227.01</ele>
      </trkpt>
      <trkpt lon="7.8040271433391" lat="45.807029811819">
        <ele>2228.25</ele>
      </trkpt>
      <trkpt lon="7.80398735768342" lat="45.8071028410762">
        <ele>2230.06</ele>
      </trkpt>
      <trkpt lon="7.8039815305156" lat="45.8072066464439">
        <ele>2232.1</ele>
      </trkpt>
      <trkpt lon="7.80389412635788" lat="45.8071774698611">
        <ele>2233.65</ele>
      </trkpt>
      <trkpt lon="7.80380874490707" lat="45.8071259038382">
        <ele>2235</ele>
      </trkpt>
      <trkpt lon="7.80363979429322" lat="45.807106401719">
        <ele>2238.04</ele>
      </trkpt>
      <trkpt lon="7.80352666475554" lat="45.8072088143544">
        <ele>2242</ele>
      </trkpt>
      <trkpt lon="7.803492959585" lat="45.8072923494933">
        <ele>2243.14</ele>
      </trkpt>
      <trkpt lon="7.80341803401702" lat="45.8073775203892">
        <ele>2246</ele>
      </trkpt>
      <trkpt lon="7.80331564981531" lat="45.8074467433929">
        <ele>2249.14</ele>
      </trkpt>
      <trkpt lon="7.80326602641517" lat="45.807450273562">
        <ele>2250</ele>
      </trkpt>
      <trkpt lon="7.80318637879254" lat="45.8075215329469">
        <ele>2253.38</ele>
      </trkpt>
      <trkpt lon="7.80313744155931" lat="45.807523001959">
        <ele>2254.5</ele>
      </trkpt>
      <trkpt lon="7.80311165725597" lat="45.8075430716674">
        <ele>2255.62</ele>
      </trkpt>
      <trkpt lon="7.80311005551548" lat="45.8076299127544">
        <ele>2259.33</ele>
      </trkpt>
      <trkpt lon="7.80315367462856" lat="45.8076964343132">
        <ele>2261.12</ele>
      </trkpt>
      <trkpt lon="7.80311072600871" lat="45.8077187539142">
        <ele>2262.24</ele>
      </trkpt>
      <trkpt lon="7.80308261546294" lat="45.8077994668127">
        <ele>2264.58</ele>
      </trkpt>
      <trkpt lon="7.80303590597731" lat="45.8078050081721">
        <ele>2265.1</ele>
      </trkpt>
      <trkpt lon="7.80300768817895" lat="45.8078305446632">
        <ele>2266.54</ele>
      </trkpt>
      <trkpt lon="7.80280054241309" lat="45.8078036197659">
        <ele>2270.28</ele>
      </trkpt>
      <trkpt lon="7.80277956381051" lat="45.8078217616936">
        <ele>2271.3</ele>
      </trkpt>
      <trkpt lon="7.80261007599408" lat="45.8078572498598">
        <ele>2275.36</ele>
      </trkpt>
      <trkpt lon="7.80253984159557" lat="45.8078315818645">
        <ele>2276.7</ele>
      </trkpt>
      <trkpt lon="7.80241288847279" lat="45.8078461810178">
        <ele>2279.95</ele>
      </trkpt>
      <trkpt lon="7.80235876716778" lat="45.8078793674552">
        <ele>2281</ele>
      </trkpt>
      <trkpt lon="7.80227694894278" lat="45.8078656385419">
        <ele>2282.9</ele>
      </trkpt>
      <trkpt lon="7.8022310463558" lat="45.8078036809664">
        <ele>2283.74</ele>
      </trkpt>
      <trkpt lon="7.80216537635714" lat="45.8077571791506">
        <ele>2285.32</ele>
      </trkpt>
      <trkpt lon="7.80215875209746" lat="45.8077119279336">
        <ele>2286.27</ele>
      </trkpt>
      <trkpt lon="7.80226226525394" lat="45.807584034001">
        <ele>2288.88</ele>
      </trkpt>
      <trkpt lon="7.80223584322963" lat="45.8075438827239">
        <ele>2290</ele>
      </trkpt>
      <trkpt lon="7.80217064738095" lat="45.807541220919">
        <ele>2291.95</ele>
      </trkpt>
      <trkpt lon="7.80197263071367" lat="45.8075989093771">
        <ele>2293.57</ele>
      </trkpt>
      <trkpt lon="7.80178089318784" lat="45.8077357776915">
        <ele>2296.35</ele>
      </trkpt>
      <trkpt lon="7.80177640628656" lat="45.8077709229886">
        <ele>2297.03</ele>
      </trkpt>
      <trkpt lon="7.80175632226308" lat="45.8077832231093">
        <ele>2297.8</ele>
      </trkpt>
      <trkpt lon="7.80163999686887" lat="45.8078124255146">
        <ele>2299</ele>
      </trkpt>
      <trkpt lon="7.80138973045335" lat="45.8077978282952">
        <ele>2301.22</ele>
      </trkpt>
      <trkpt lon="7.80130271969584" lat="45.8078222975279">
        <ele>2301.64</ele>
      </trkpt>
      <trkpt lon="7.80120623815518" lat="45.807904182022">
        <ele>2302.21</ele>
      </trkpt>
      <trkpt lon="7.80112947551287" lat="45.807894825491">
        <ele>2304.31</ele>
      </trkpt>
      <trkpt lon="7.80111475498637" lat="45.8079331929942">
        <ele>2304</ele>
      </trkpt>
      <trkpt lon="7.80107014233296" lat="45.8079609877188">
        <ele>2305.71</ele>
      </trkpt>
      <trkpt lon="7.80103331851838" lat="45.8081416919712">
        <ele>2308.98</ele>
      </trkpt>
      <trkpt lon="7.80099419229185" lat="45.8081596448309">
        <ele>2310.49</ele>
      </trkpt>
      <trkpt lon="7.80094517028155" lat="45.8080930648854">
        <ele>2312.2</ele>
      </trkpt>
      <trkpt lon="7.80091169334256" lat="45.8081537383327">
        <ele>2313.7</ele>
      </trkpt>
      <trkpt lon="7.8008732923212" lat="45.808162065954">
        <ele>2315</ele>
      </trkpt>
      <trkpt lon="7.80082585927738" lat="45.8080933415246">
        <ele>2316.08</ele>
      </trkpt>
      <trkpt lon="7.80077444151856" lat="45.8080904631798">
        <ele>2318.08</ele>
      </trkpt>
      <trkpt lon="7.80073314741651" lat="45.8081675258587">
        <ele>2319.62</ele>
      </trkpt>
      <trkpt lon="7.8007381395931" lat="45.8082887262181">
        <ele>2320.33</ele>
      </trkpt>
      <trkpt lon="7.80072770436961" lat="45.8083731310471">
        <ele>2322.67</ele>
      </trkpt>
      <trkpt lon="7.80070483941978" lat="45.808401153764">
        <ele>2323.37</ele>
      </trkpt>
      <trkpt lon="7.80067894958146" lat="45.8084200539972">
        <ele>2324.39</ele>
      </trkpt>
      <trkpt lon="7.80062631832748" lat="45.8083957389832">
        <ele>2325.26</ele>
      </trkpt>
      <trkpt lon="7.8005957284399" lat="45.80841180021">
        <ele>2326</ele>
      </trkpt>
      <trkpt lon="7.80049970483802" lat="45.8085142991229">
        <ele>2327.41</ele>
      </trkpt>
      <trkpt lon="7.80039278326734" lat="45.8085009338667">
        <ele>2330.57</ele>
      </trkpt>
      <trkpt lon="7.80032207839625" lat="45.8085271032993">
        <ele>2332.3</ele>
      </trkpt>
      <trkpt lon="7.80022772439056" lat="45.808623771524">
        <ele>2334.18</ele>
      </trkpt>
      <trkpt lon="7.80016326784126" lat="45.8087425322656">
        <ele>2337.28</ele>
      </trkpt>
      <trkpt lon="7.8001276168083" lat="45.8087545794526">
        <ele>2339.1</ele>
      </trkpt>
      <trkpt lon="7.8000955736072" lat="45.8087962746521">
        <ele>2339.87</ele>
      </trkpt>
      <trkpt lon="7.7999854201" lat="45.8088495721752">
        <ele>2342.08</ele>
      </trkpt>
      <trkpt lon="7.79993866820289" lat="45.8088930033889">
        <ele>2340.95</ele>
      </trkpt>
      <trkpt lon="7.79963983814363" lat="45.8089521492495">
        <ele>2345.96</ele>
      </trkpt>
      <trkpt lon="7.79944439235062" lat="45.8090814145566">
        <ele>2348.94</ele>
      </trkpt>
      <trkpt lon="7.79942906441016" lat="45.8092137427824">
        <ele>2350.24</ele>
      </trkpt>
      <trkpt lon="7.79940327987351" lat="45.8092456933493">
        <ele>2351.61</ele>
      </trkpt>
      <trkpt lon="7.79952890298345" lat="45.8094849006529">
        <ele>2354.71</ele>
      </trkpt>
      <trkpt lon="7.79953096284658" lat="45.8095508079082">
        <ele>2357</ele>
      </trkpt>
      <trkpt lon="7.79957232699896" lat="45.8095844536074">
        <ele>2356.54</ele>
      </trkpt>
      <trkpt lon="7.79961834021159" lat="45.809671253484">
        <ele>2356.68</ele>
      </trkpt>
      <trkpt lon="7.79959971956682" lat="45.8097112015457">
        <ele>2357.37</ele>
      </trkpt>
      <trkpt lon="7.79948964657626" lat="45.8097665685668">
        <ele>2359.9</ele>
      </trkpt>
      <trkpt lon="7.79944195248263" lat="45.8098359115431">
        <ele>2361</ele>
      </trkpt>
      <trkpt lon="7.79938607864551" lat="45.8098545864826">
        <ele>2362</ele>
      </trkpt>
      <trkpt lon="7.79934792437468" lat="45.8098872175036">
        <ele>2363</ele>
      </trkpt>
      <trkpt lon="7.79931006039674" lat="45.8099901475415">
        <ele>2364.87</ele>
      </trkpt>
      <trkpt lon="7.79923882482755" lat="45.8100229699164">
        <ele>2366.08</ele>
      </trkpt>
      <trkpt lon="7.79907918204787" lat="45.8101809640775">
        <ele>2369</ele>
      </trkpt>
      <trkpt lon="7.79898099849386" lat="45.8102219641799">
        <ele>2371.15</ele>
      </trkpt>
      <trkpt lon="7.7987998307944" lat="45.8103513796281">
        <ele>2375.78</ele>
      </trkpt>
      <trkpt lon="7.79871615911803" lat="45.8103698515177">
        <ele>2377.03</ele>
      </trkpt>
      <trkpt lon="7.79864716601974" lat="45.8103642646017">
        <ele>2378</ele>
      </trkpt>
      <trkpt lon="7.79837237117906" lat="45.8104962042152">
        <ele>2382.39</ele>
      </trkpt>
      <trkpt lon="7.79830918201515" lat="45.8105797862946">
        <ele>2383.97</ele>
      </trkpt>
      <trkpt lon="7.79825927768393" lat="45.8106021224959">
        <ele>2385.27</ele>
      </trkpt>
      <trkpt lon="7.79803078913163" lat="45.8108908887739">
        <ele>2391.33</ele>
      </trkpt>
      <trkpt lon="7.7980017653798" lat="45.810935767417">
        <ele>2392.03</ele>
      </trkpt>
      <trkpt lon="7.79800053840856" lat="45.8110347615954">
        <ele>2394.58</ele>
      </trkpt>
      <trkpt lon="7.79809798370856" lat="45.8112435206304">
        <ele>2398.05</ele>
      </trkpt>
      <trkpt lon="7.79822189853337" lat="45.8114783000275">
        <ele>2402</ele>
      </trkpt>
      <trkpt lon="7.79828945304147" lat="45.811467039278">
        <ele>2400.89</ele>
      </trkpt>
      <trkpt lon="7.79839083269202" lat="45.8114870074272">
        <ele>2400</ele>
      </trkpt>
      <trkpt lon="7.79845079673108" lat="45.8115475817693">
        <ele>2400.38</ele>
      </trkpt>
      <trkpt lon="7.79844592880255" lat="45.8116063054418">
        <ele>2401.71</ele>
      </trkpt>
      <trkpt lon="7.79847549793649" lat="45.8116557597642">
        <ele>2402.76</ele>
      </trkpt>
      <trkpt lon="7.79847530929734" lat="45.8117842880388">
        <ele>2405.3</ele>
      </trkpt>
      <trkpt lon="7.79855081089547" lat="45.8119302619295">
        <ele>2407</ele>
      </trkpt>
      <trkpt lon="7.79849788257301" lat="45.8120392419772">
        <ele>2408</ele>
      </trkpt>
      <trkpt lon="7.7983137613372" lat="45.8122039082958">
        <ele>2410.16</ele>
      </trkpt>
      <trkpt lon="7.79823611140475" lat="45.8122535838165">
        <ele>2411</ele>
      </trkpt>
      <trkpt lon="7.7981066575991" lat="45.8123001059816">
        <ele>2410.36</ele>
      </trkpt>
      <trkpt lon="7.79790866076875" lat="45.8123378050414">
        <ele>2410.98</ele>
      </trkpt>
      <trkpt lon="7.79786665665824" lat="45.8123578857055">
        <ele>2410.92</ele>
      </trkpt>
      <trkpt lon="7.797819387496" lat="45.812431192676">
        <ele>2411.26</ele>
      </trkpt>
      <trkpt lon="7.79777486938087" lat="45.8124543067266">
        <ele>2412</ele>
      </trkpt>
      <trkpt lon="7.79777486938087" lat="45.8124543067266">
        <ele>2412</ele>
      </trkpt>
      <trkpt lon="7.79775199590015" lat="45.8123509177602">
        <ele>2413.95</ele>
      </trkpt>
      <trkpt lon="7.79765159039803" lat="45.8123754229763">
        <ele>2416.83</ele>
      </trkpt>
      <trkpt lon="7.7975619121748" lat="45.8122960839814">
        <ele>2420</ele>
      </trkpt>
      <trkpt lon="7.79743048026839" lat="45.8123568037117">
        <ele>2422.8</ele>
      </trkpt>
      <trkpt lon="7.79739697995813" lat="45.8123344917101">
        <ele>2423</ele>
      </trkpt>
      <trkpt lon="7.79737678891213" lat="45.8122799151249">
        <ele>2424</ele>
      </trkpt>
      <trkpt lon="7.79732726862617" lat="45.8122664309723">
        <ele>2424.7</ele>
      </trkpt>
      <trkpt lon="7.79726393014986" lat="45.8123148177087">
        <ele>2426.93</ele>
      </trkpt>
      <trkpt lon="7.79705616574205" lat="45.8123877870182">
        <ele>2430.96</ele>
      </trkpt>
      <trkpt lon="7.79693962811309" lat="45.8124739547624">
        <ele>2434.4</ele>
      </trkpt>
      <trkpt lon="7.79683828065128" lat="45.8125123103225">
        <ele>2437.3</ele>
      </trkpt>
      <trkpt lon="7.79677083896697" lat="45.8125779363479">
        <ele>2439.87</ele>
      </trkpt>
      <trkpt lon="7.79667409275593" lat="45.8125578349064">
        <ele>2442</ele>
      </trkpt>
      <trkpt lon="7.79642625671846" lat="45.8125550435664">
        <ele>2445.27</ele>
      </trkpt>
      <trkpt lon="7.7963310680639" lat="45.8125762737491">
        <ele>2447.18</ele>
      </trkpt>
      <trkpt lon="7.79623406386204" lat="45.8125384385197">
        <ele>2448.75</ele>
      </trkpt>
      <trkpt lon="7.79620924435256" lat="45.8125135154238">
        <ele>2449</ele>
      </trkpt>
      <trkpt lon="7.79605432657884" lat="45.8125351033753">
        <ele>2452.74</ele>
      </trkpt>
      <trkpt lon="7.79601494017395" lat="45.8125052577918">
        <ele>2454</ele>
      </trkpt>
      <trkpt lon="7.79595517248319" lat="45.8124894151473">
        <ele>2455.36</ele>
      </trkpt>
      <trkpt lon="7.79590065046036" lat="45.8125586858341">
        <ele>2457.69</ele>
      </trkpt>
      <trkpt lon="7.79571710746843" lat="45.8125588229639">
        <ele>2461.82</ele>
      </trkpt>
      <trkpt lon="7.795671139171" lat="45.8125895705285">
        <ele>2463</ele>
      </trkpt>
      <trkpt lon="7.795493944286" lat="45.8125518789771">
        <ele>2466.66</ele>
      </trkpt>
      <trkpt lon="7.79529037276551" lat="45.8125674635306">
        <ele>2468.12</ele>
      </trkpt>
      <trkpt lon="7.79513766014544" lat="45.812612027089">
        <ele>2469</ele>
      </trkpt>
      <trkpt lon="7.7949346132919" lat="45.8126451676506">
        <ele>2470.86</ele>
      </trkpt>
      <trkpt lon="7.79436421836827" lat="45.8128693845554">
        <ele>2476.62</ele>
      </trkpt>
      <trkpt lon="7.79396092428634" lat="45.8132408151512">
        <ele>2484.73</ele>
      </trkpt>
      <trkpt lon="7.79393116965153" lat="45.8133015247464">
        <ele>2486.5</ele>
      </trkpt>
      <trkpt lon="7.79390598149275" lat="45.8133771347654">
        <ele>2488.54</ele>
      </trkpt>
      <trkpt lon="7.79393206638873" lat="45.8134686762385">
        <ele>2489.57</ele>
      </trkpt>
      <trkpt lon="7.79389543283748" lat="45.8135795370462">
        <ele>2493.08</ele>
      </trkpt>
      <trkpt lon="7.79389695586128" lat="45.8136818896701">
        <ele>2496.61</ele>
      </trkpt>
      <trkpt lon="7.79387822482574" lat="45.8136850229035">
        <ele>2497.21</ele>
      </trkpt>
      <trkpt lon="7.79382662494123" lat="45.8137618827007">
        <ele>2500.77</ele>
      </trkpt>
      <trkpt lon="7.79387032410352" lat="45.8138542410304">
        <ele>2503.29</ele>
      </trkpt>
      <trkpt lon="7.79384943412828" lat="45.8138857916341">
        <ele>2504.65</ele>
      </trkpt>
      <trkpt lon="7.79394945358907" lat="45.8139987260294">
        <ele>2505.71</ele>
      </trkpt>
      <trkpt lon="7.79388957037875" lat="45.8140657799415">
        <ele>2507.71</ele>
      </trkpt>
      <trkpt lon="7.79381941266408" lat="45.8140959105914">
        <ele>2510.33</ele>
      </trkpt>
      <trkpt lon="7.79384136470796" lat="45.8141582457247">
        <ele>2510.87</ele>
      </trkpt>
      <trkpt lon="7.79383326579145" lat="45.8142352976113">
        <ele>2511.11</ele>
      </trkpt>
      <trkpt lon="7.79375148959731" lat="45.8143445107213">
        <ele>2512</ele>
      </trkpt>
      <trkpt lon="7.79369163732331" lat="45.8143922113626">
        <ele>2513</ele>
      </trkpt>
      <trkpt lon="7.79359342535834" lat="45.8146068297798">
        <ele>2515.77</ele>
      </trkpt>
      <trkpt lon="7.79359208835137" lat="45.8146509197799">
        <ele>2516.02</ele>
      </trkpt>
      <trkpt lon="7.7935461699878" lat="45.8146850868767">
        <ele>2517.36</ele>
      </trkpt>
      <trkpt lon="7.7936221703003" lat="45.8148970430103">
        <ele>2522.93</ele>
      </trkpt>
      <trkpt lon="7.79357133630858" lat="45.8148727446804">
        <ele>2524.12</ele>
      </trkpt>
      <trkpt lon="7.79353939355659" lat="45.8148916698561">
        <ele>2526.67</ele>
      </trkpt>
      <trkpt lon="7.79350207661955" lat="45.8150044140387">
        <ele>2532.41</ele>
      </trkpt>
      <trkpt lon="7.79344515333195" lat="45.8149939104465">
        <ele>2534.04</ele>
      </trkpt>
      <trkpt lon="7.79342643526272" lat="45.8150440282111">
        <ele>2534.73</ele>
      </trkpt>
      <trkpt lon="7.79338410389226" lat="45.8150373693015">
        <ele>2536.37</ele>
      </trkpt>
      <trkpt lon="7.79334932915153" lat="45.8149846176226">
        <ele>2537.55</ele>
      </trkpt>
      <trkpt lon="7.79330378151168" lat="45.8149540747398">
        <ele>2538.56</ele>
      </trkpt>
      <trkpt lon="7.79327525858389" lat="45.8149575551102">
        <ele>2539.66</ele>
      </trkpt>
      <trkpt lon="7.79323795707237" lat="45.81499208341">
        <ele>2541.08</ele>
      </trkpt>
      <trkpt lon="7.79312765751144" lat="45.8149856988546">
        <ele>2544.37</ele>
      </trkpt>
      <trkpt lon="7.79305415062465" lat="45.8151112902394">
        <ele>2550.07</ele>
      </trkpt>
      <trkpt lon="7.7930096831453" lat="45.8151020895778">
        <ele>2550.52</ele>
      </trkpt>
      <trkpt lon="7.79295810620819" lat="45.8151420484345">
        <ele>2552.69</ele>
      </trkpt>
      <trkpt lon="7.792759105793" lat="45.8152196901694">
        <ele>2557.13</ele>
      </trkpt>
      <trkpt lon="7.79277174056786" lat="45.8153020896137">
        <ele>2560</ele>
      </trkpt>
      <trkpt lon="7.79275593096527" lat="45.815348726762">
        <ele>2561.15</ele>
      </trkpt>
      <trkpt lon="7.792688831275" lat="45.8153980607087">
        <ele>2563</ele>
      </trkpt>
      <trkpt lon="7.79245779752998" lat="45.8154390900914">
        <ele>2567</ele>
      </trkpt>
      <trkpt lon="7.79236334380588" lat="45.8155212579458">
        <ele>2570</ele>
      </trkpt>
      <trkpt lon="7.79216124225943" lat="45.8156529621403">
        <ele>2574</ele>
      </trkpt>
      <trkpt lon="7.79191954683669" lat="45.8157107112913">
        <ele>2578</ele>
      </trkpt>
      <trkpt lon="7.7916947886708" lat="45.8157293957201">
        <ele>2582</ele>
      </trkpt>
      <trkpt lon="7.79163201716174" lat="45.8157631126436">
        <ele>2583</ele>
      </trkpt>
      <trkpt lon="7.79151995324158" lat="45.8157786675194">
        <ele>2584.16</ele>
      </trkpt>
      <trkpt lon="7.79127392811887" lat="45.8159293467758">
        <ele>2589.25</ele>
      </trkpt>
      <trkpt lon="7.79121023724397" lat="45.8159580163395">
        <ele>2590.05</ele>
      </trkpt>
      <trkpt lon="7.79109152854316" lat="45.8159831297285">
        <ele>2592</ele>
      </trkpt>
      <trkpt lon="7.79106232986847" lat="45.8160238638199">
        <ele>2593</ele>
      </trkpt>
      <trkpt lon="7.79097707201578" lat="45.816043844066">
        <ele>2594.95</ele>
      </trkpt>
      <trkpt lon="7.79083614304115" lat="45.8162273140567">
        <ele>2600.08</ele>
      </trkpt>
      <trkpt lon="7.79072773571588" lat="45.8163355241077">
        <ele>2604</ele>
      </trkpt>
      <trkpt lon="7.79063942906711" lat="45.8165735571062">
        <ele>2611.18</ele>
      </trkpt>
      <trkpt lon="7.79058062116327" lat="45.8166262189951">
        <ele>2613</ele>
      </trkpt>
      <trkpt lon="7.79049832934979" lat="45.8166815112811">
        <ele>2614.69</ele>
      </trkpt>
      <trkpt lon="7.79013655948943" lat="45.8168568817221">
        <ele>2621</ele>
      </trkpt>
      <trkpt lon="7.78994240669887" lat="45.8170609406155">
        <ele>2627.07</ele>
      </trkpt>
      <trkpt lon="7.78994032456066" lat="45.8171391342558">
        <ele>2630</ele>
      </trkpt>
      <trkpt lon="7.78982991285361" lat="45.8171853093726">
        <ele>2632.63</ele>
      </trkpt>
      <trkpt lon="7.78972921577746" lat="45.8172047616792">
        <ele>2634.6</ele>
      </trkpt>
      <trkpt lon="7.78965549030385" lat="45.8172864269421">
        <ele>2638.24</ele>
      </trkpt>
      <trkpt lon="7.78956332921292" lat="45.8173219936304">
        <ele>2640.68</ele>
      </trkpt>
      <trkpt lon="7.78954363640845" lat="45.8173575165691">
        <ele>2642</ele>
      </trkpt>
      <trkpt lon="7.78948364292774" lat="45.8173816332745">
        <ele>2644</ele>
      </trkpt>
      <trkpt lon="7.78946907764493" lat="45.8174360234102">
        <ele>2646.1</ele>
      </trkpt>
      <trkpt lon="7.78948288585064" lat="45.817458221331">
        <ele>2647.4</ele>
      </trkpt>
      <trkpt lon="7.78954416163918" lat="45.8174877615616">
        <ele>2648.02</ele>
      </trkpt>
      <trkpt lon="7.78949289552469" lat="45.8175427513602">
        <ele>2651.47</ele>
      </trkpt>
      <trkpt lon="7.78945440112641" lat="45.8176380200861">
        <ele>2656.41</ele>
      </trkpt>
      <trkpt lon="7.78946709256115" lat="45.8176642569881">
        <ele>2657.86</ele>
      </trkpt>
      <trkpt lon="7.78942742127497" lat="45.8177128911804">
        <ele>2660.58</ele>
      </trkpt>
      <trkpt lon="7.7894782485367" lat="45.8177969549231">
        <ele>2666.23</ele>
      </trkpt>
      <trkpt lon="7.78948347208738" lat="45.817876665339">
        <ele>2670.65</ele>
      </trkpt>
      <trkpt lon="7.78944924007573" lat="45.8179118547963">
        <ele>2673.25</ele>
      </trkpt>
      <trkpt lon="7.78939224959486" lat="45.8179280824404">
        <ele>2673.56</ele>
      </trkpt>
      <trkpt lon="7.78939779370402" lat="45.817951452534">
        <ele>2675.75</ele>
      </trkpt>
      <trkpt lon="7.7893577811344" lat="45.8179801917713">
        <ele>2677.47</ele>
      </trkpt>
      <trkpt lon="7.78930170433983" lat="45.8180077697136">
        <ele>2679.04</ele>
      </trkpt>
      <trkpt lon="7.78924105562858" lat="45.8180145970829">
        <ele>2680.25</ele>
      </trkpt>
      <trkpt lon="7.7892901778522" lat="45.8180703823104">
        <ele>2683.05</ele>
      </trkpt>
      <trkpt lon="7.78920953409483" lat="45.8180850985777">
        <ele>2684.39</ele>
      </trkpt>
      <trkpt lon="7.78921124214591" lat="45.8181014073433">
        <ele>2685.29</ele>
      </trkpt>
      <trkpt lon="7.7892498400986" lat="45.8181081162184">
        <ele>2685.64</ele>
      </trkpt>
      <trkpt lon="7.78919622726515" lat="45.8181348191621">
        <ele>2687.23</ele>
      </trkpt>
      <trkpt lon="7.78914236513349" lat="45.8181255184076">
        <ele>2687.85</ele>
      </trkpt>
      <trkpt lon="7.78912056437162" lat="45.8181395074437">
        <ele>2688.66</ele>
      </trkpt>
      <trkpt lon="7.7891166525444" lat="45.8181715082221">
        <ele>2690.24</ele>
      </trkpt>
      <trkpt lon="7.78906562530454" lat="45.8182274924928">
        <ele>2694.12</ele>
      </trkpt>
      <trkpt lon="7.78900284314729" lat="45.8182376282593">
        <ele>2694.98</ele>
      </trkpt>
      <trkpt lon="7.78896706677195" lat="45.8182669508855">
        <ele>2697.64</ele>
      </trkpt>
      <trkpt lon="7.78887785898921" lat="45.8182788753326">
        <ele>2698.35</ele>
      </trkpt>
      <trkpt lon="7.788881038998" lat="45.8183103206094">
        <ele>2700.09</ele>
      </trkpt>
      <trkpt lon="7.78891224483394" lat="45.8183315325611">
        <ele>2701.25</ele>
      </trkpt>
      <trkpt lon="7.7888409345581" lat="45.8183493184408">
        <ele>2702.28</ele>
      </trkpt>
      <trkpt lon="7.78888319524992" lat="45.8184187122827">
        <ele>2706.79</ele>
      </trkpt>
      <trkpt lon="7.78877687030318" lat="45.8184364867146">
        <ele>2707.69</ele>
      </trkpt>
      <trkpt lon="7.7887379772859" lat="45.8184610064107">
        <ele>2708.55</ele>
      </trkpt>
      <trkpt lon="7.7886992755275" lat="45.8185064988655">
        <ele>2711.1</ele>
      </trkpt>
      <trkpt lon="7.7887097447775" lat="45.818528299522">
        <ele>2712.61</ele>
      </trkpt>
      <trkpt lon="7.78868101622067" lat="45.8185352855353">
        <ele>2713.34</ele>
      </trkpt>
      <trkpt lon="7.78857302270997" lat="45.8186477290316">
        <ele>2720.02</ele>
      </trkpt>
      <trkpt lon="7.7883261012979" lat="45.8187498764866">
        <ele>2725.73</ele>
      </trkpt>
      <trkpt lon="7.78829849750242" lat="45.818770287853">
        <ele>2726.99</ele>
      </trkpt>
      <trkpt lon="7.78831328600948" lat="45.8188065361415">
        <ele>2729.99</ele>
      </trkpt>
      <trkpt lon="7.78821363283314" lat="45.8188548919728">
        <ele>2732.74</ele>
      </trkpt>
      <trkpt lon="7.78814084086367" lat="45.8189289153832">
        <ele>2737.1</ele>
      </trkpt>
      <trkpt lon="7.78802297889263" lat="45.8189800488882">
        <ele>2741.66</ele>
      </trkpt>
      <trkpt lon="7.78803556479244" lat="45.8190051135371">
        <ele>2743.19</ele>
      </trkpt>
      <trkpt lon="7.78791852800766" lat="45.8190477051656">
        <ele>2746.62</ele>
      </trkpt>
      <trkpt lon="7.78789261002107" lat="45.8190854142114">
        <ele>2749.54</ele>
      </trkpt>
      <trkpt lon="7.78779500699972" lat="45.8191282115874">
        <ele>2753.18</ele>
      </trkpt>
      <trkpt lon="7.78778463134745" lat="45.8191496120334">
        <ele>2754.78</ele>
      </trkpt>
      <trkpt lon="7.78781110388674" lat="45.8191635737548">
        <ele>2755.25</ele>
      </trkpt>
      <trkpt lon="7.7876186897688" lat="45.8192392071683">
        <ele>2763.35</ele>
      </trkpt>
      <trkpt lon="7.78762040303243" lat="45.8192729774903">
        <ele>2766.01</ele>
      </trkpt>
      <trkpt lon="7.78766300327843" lat="45.8193088927042">
        <ele>2767.29</ele>
      </trkpt>
      <trkpt lon="7.78763416593843" lat="45.8193386487414">
        <ele>2769.09</ele>
      </trkpt>
      <trkpt lon="7.78759010056321" lat="45.8193641934139">
        <ele>2771.28</ele>
      </trkpt>
      <trkpt lon="7.78749534843615" lat="45.8193647175171">
        <ele>2773.47</ele>
      </trkpt>
      <trkpt lon="7.78737873067003" lat="45.8194294541587">
        <ele>2777</ele>
      </trkpt>
      <trkpt lon="7.78734411879819" lat="45.8194288176989">
        <ele>2776.96</ele>
      </trkpt>
      <trkpt lon="7.7873215539059" lat="45.8194542292412">
        <ele>2776</ele>
      </trkpt>
      <trkpt lon="7.7873215539059" lat="45.8194542292412">
        <ele>2776</ele>
      </trkpt>
      <trkpt lon="7.78729227194182" lat="45.8194926216055">
        <ele>2775</ele>
      </trkpt>
      <trkpt lon="7.78718654940247" lat="45.8195299298746">
        <ele>2771.73</ele>
      </trkpt>
      <trkpt lon="7.7871134532271" lat="45.8195349154107">
        <ele>2769.84</ele>
      </trkpt>
      <trkpt lon="7.7870570611065" lat="45.8194939027121">
        <ele>2768.65</ele>
      </trkpt>
      <trkpt lon="7.7870303323092" lat="45.8195154002257">
        <ele>2767.11</ele>
      </trkpt>
      <trkpt lon="7.78706502086396" lat="45.8195718436648">
        <ele>2767.99</ele>
      </trkpt>
      <trkpt lon="7.78702208858893" lat="45.8196105414614">
        <ele>2766.35</ele>
      </trkpt>
      <trkpt lon="7.78688868650321" lat="45.8195650195748">
        <ele>2762.13</ele>
      </trkpt>
      <trkpt lon="7.78686464942151" lat="45.8195870865732">
        <ele>2761.22</ele>
      </trkpt>
      <trkpt lon="7.78676668925091" lat="45.8195692157321">
        <ele>2758.4</ele>
      </trkpt>
      <trkpt lon="7.78672899085482" lat="45.8195860963559">
        <ele>2757.95</ele>
      </trkpt>
      <trkpt lon="7.78668340961767" lat="45.8195689621478">
        <ele>2756.42</ele>
      </trkpt>
      <trkpt lon="7.78655421221135" lat="45.8195728110049">
        <ele>2752.15</ele>
      </trkpt>
      <trkpt lon="7.78651070533749" lat="45.8195904388142">
        <ele>2750.48</ele>
      </trkpt>
      <trkpt lon="7.78643572617979" lat="45.8195754210444">
        <ele>2748.55</ele>
      </trkpt>
      <trkpt lon="7.78629482539536" lat="45.819596517451">
        <ele>2743.94</ele>
      </trkpt>
      <trkpt lon="7.78609153772761" lat="45.8195859846741">
        <ele>2736.58</ele>
      </trkpt>
      <trkpt lon="7.78598195179396" lat="45.8195937310412">
        <ele>2732.94</ele>
      </trkpt>
      <trkpt lon="7.78594170880866" lat="45.8196150867547">
        <ele>2731.39</ele>
      </trkpt>
      <trkpt lon="7.78584568178077" lat="45.8196091162355">
        <ele>2728.64</ele>
      </trkpt>
      <trkpt lon="7.78577596800027" lat="45.8196657086755">
        <ele>2725.78</ele>
      </trkpt>
      <trkpt lon="7.78571920597789" lat="45.8196475521117">
        <ele>2723.78</ele>
      </trkpt>
      <trkpt lon="7.78564049837979" lat="45.8196620183912">
        <ele>2720.97</ele>
      </trkpt>
      <trkpt lon="7.78556320122372" lat="45.8197121383711">
        <ele>2718</ele>
      </trkpt>
      <trkpt lon="7.78546389965571" lat="45.8196790421288">
        <ele>2715.76</ele>
      </trkpt>
      <trkpt lon="7.78516126430503" lat="45.8197203763867">
        <ele>2707.17</ele>
      </trkpt>
      <trkpt lon="7.785114001773" lat="45.819738956962">
        <ele>2706.24</ele>
      </trkpt>
      <trkpt lon="7.78499218246174" lat="45.8197350501366">
        <ele>2703</ele>
      </trkpt>
      <trkpt lon="7.78478928359149" lat="45.8195882527777">
        <ele>2698.81</ele>
      </trkpt>
      <trkpt lon="7.78466230119327" lat="45.8195376669347">
        <ele>2696.91</ele>
      </trkpt>
      <trkpt lon="7.78453692941999" lat="45.819513654007">
        <ele>2695.75</ele>
      </trkpt>
      <trkpt lon="7.78442854065381" lat="45.8195255504913">
        <ele>2694.54</ele>
      </trkpt>
      <trkpt lon="7.7843180980244" lat="45.8195903510826">
        <ele>2693</ele>
      </trkpt>
      <trkpt lon="7.78420427495668" lat="45.819786702218">
        <ele>2690.06</ele>
      </trkpt>
      <trkpt lon="7.78419269552894" lat="45.819857503912">
        <ele>2689</ele>
      </trkpt>
      <trkpt lon="7.78416737230947" lat="45.8198794653398">
        <ele>2688.7</ele>
      </trkpt>
      <trkpt lon="7.78416737230947" lat="45.8198794653398">
        <ele>2688.7</ele>
      </trkpt>
      <trkpt lon="7.78410349504511" lat="45.8199220797017">
        <ele>2687.67</ele>
      </trkpt>
      <trkpt lon="7.78405408689458" lat="45.8199979672732">
        <ele>2686.4</ele>
      </trkpt>
      <trkpt lon="7.78399702123166" lat="45.8200233729283">
        <ele>2685.21</ele>
      </trkpt>
      <trkpt lon="7.78385318521316" lat="45.8201378605769">
        <ele>2683.42</ele>
      </trkpt>
      <trkpt lon="7.78375085481001" lat="45.8201551322565">
        <ele>2682</ele>
      </trkpt>
      <trkpt lon="7.78364286270528" lat="45.8201960155948">
        <ele>2681</ele>
      </trkpt>
      <trkpt lon="7.78364286270528" lat="45.8201960155948">
        <ele>2681</ele>
      </trkpt>
      <trkpt lon="7.78345663450118" lat="45.8202887189473">
        <ele>2678.64</ele>
      </trkpt>
      <trkpt lon="7.78335619322329" lat="45.8202961098375">
        <ele>2676.37</ele>
      </trkpt>
      <trkpt lon="7.78319104347215" lat="45.8203784159052">
        <ele>2672.54</ele>
      </trkpt>
      <trkpt lon="7.7829580036198" lat="45.8204452375925">
        <ele>2668.21</ele>
      </trkpt>
      <trkpt lon="7.78284456934765" lat="45.820505415815">
        <ele>2666.45</ele>
      </trkpt>
      <trkpt lon="7.78267966496614" lat="45.8205409206917">
        <ele>2662.83</ele>
      </trkpt>
      <trkpt lon="7.78234515708433" lat="45.8205617485647">
        <ele>2654.53</ele>
      </trkpt>
      <trkpt lon="7.78223075386464" lat="45.8205955399939">
        <ele>2651.17</ele>
      </trkpt>
      <trkpt lon="7.78209705450874" lat="45.8206934828736">
        <ele>2649.46</ele>
      </trkpt>
      <trkpt lon="7.78200646292885" lat="45.8207274384246">
        <ele>2646.19</ele>
      </trkpt>
      <trkpt lon="7.7819021697191" lat="45.820828753895">
        <ele>2643.52</ele>
      </trkpt>
      <trkpt lon="7.78172303683461" lat="45.8208849869412">
        <ele>2641</ele>
      </trkpt>
      <trkpt lon="7.78166175362635" lat="45.8209503074625">
        <ele>2639.01</ele>
      </trkpt>
      <trkpt lon="7.78151844704053" lat="45.820981181873">
        <ele>2637</ele>
      </trkpt>
      <trkpt lon="7.78146186539032" lat="45.8209725672208">
        <ele>2636.34</ele>
      </trkpt>
      <trkpt lon="7.78128230004909" lat="45.8209837046686">
        <ele>2633.58</ele>
      </trkpt>
      <trkpt lon="7.78101962352123" lat="45.8209042167848">
        <ele>2628.3</ele>
      </trkpt>
      <trkpt lon="7.78078493157459" lat="45.8209343847437">
        <ele>2625.35</ele>
      </trkpt>
      <trkpt lon="7.7806347417921" lat="45.8210918234264">
        <ele>2621</ele>
      </trkpt>
      <trkpt lon="7.78021933761115" lat="45.8212564180768">
        <ele>2613.65</ele>
      </trkpt>
      <trkpt lon="7.77998170696003" lat="45.8212738634608">
        <ele>2610</ele>
      </trkpt>
      <trkpt lon="7.77979243661281" lat="45.8212460109322">
        <ele>2604.93</ele>
      </trkpt>
      <trkpt lon="7.77978389436618" lat="45.821265811355">
        <ele>2604.61</ele>
      </trkpt>
      <trkpt lon="7.7796458131986" lat="45.8212813465356">
        <ele>2600.76</ele>
      </trkpt>
      <trkpt lon="7.7796139757603" lat="45.8213126886956">
        <ele>2602.78</ele>
      </trkpt>
      <trkpt lon="7.77947952478988" lat="45.8213505855924">
        <ele>2599</ele>
      </trkpt>
      <trkpt lon="7.77938373560212" lat="45.8213982553321">
        <ele>2598.05</ele>
      </trkpt>
      <trkpt lon="7.77930130304916" lat="45.8214061936314">
        <ele>2596.99</ele>
      </trkpt>
      <trkpt lon="7.77915350436481" lat="45.8214539378732">
        <ele>2595.48</ele>
      </trkpt>
      <trkpt lon="7.77902636035878" lat="45.8214284582242">
        <ele>2593.81</ele>
      </trkpt>
      <trkpt lon="7.77884526617793" lat="45.8213505572757">
        <ele>2591</ele>
      </trkpt>
      <trkpt lon="7.77881718486303" lat="45.8213572766216">
        <ele>2591.31</ele>
      </trkpt>
      <trkpt lon="7.77852301612416" lat="45.8212697076735">
        <ele>2586.62</ele>
      </trkpt>
      <trkpt lon="7.77846229501017" lat="45.8211443094482">
        <ele>2582.75</ele>
      </trkpt>
      <trkpt lon="7.77839163788936" lat="45.8211436448635">
        <ele>2581</ele>
      </trkpt>
      <trkpt lon="7.77835241297314" lat="45.8210948015745">
        <ele>2579.87</ele>
      </trkpt>
      <trkpt lon="7.77831840640682" lat="45.8211075793514">
        <ele>2578.12</ele>
      </trkpt>
      <trkpt lon="7.77829490048857" lat="45.8210993178038">
        <ele>2576.74</ele>
      </trkpt>
      <trkpt lon="7.77828980679117" lat="45.8210555194158">
        <ele>2575.67</ele>
      </trkpt>
      <trkpt lon="7.778228128894" lat="45.8209914949685">
        <ele>2571.28</ele>
      </trkpt>
      <trkpt lon="7.77817403599502" lat="45.8209927167021">
        <ele>2567.71</ele>
      </trkpt>
      <trkpt lon="7.77803213915729" lat="45.8209532171094">
        <ele>2559.52</ele>
      </trkpt>
      <trkpt lon="7.77795240005716" lat="45.8208733393065">
        <ele>2553.95</ele>
      </trkpt>
      <trkpt lon="7.77796943994753" lat="45.8208417497759">
        <ele>2553.13</ele>
      </trkpt>
      <trkpt lon="7.77795110974529" lat="45.8208029402769">
        <ele>2551.03</ele>
      </trkpt>
      <trkpt lon="7.77789594201362" lat="45.8207944284187">
        <ele>2548.89</ele>
      </trkpt>
      <trkpt lon="7.7778480544873" lat="45.8208120089624">
        <ele>2547.06</ele>
      </trkpt>
      <trkpt lon="7.77780378730818" lat="45.820787771808">
        <ele>2545.3</ele>
      </trkpt>
      <trkpt lon="7.77780378730818" lat="45.820787771808">
        <ele>2545.3</ele>
      </trkpt>
      <trkpt lon="7.77773897747357" lat="45.8207904990326">
        <ele>2543.32</ele>
      </trkpt>
      <trkpt lon="7.77766271391606" lat="45.8208282964859">
        <ele>2538.76</ele>
      </trkpt>
      <trkpt lon="7.77766540795132" lat="45.8208521776762">
        <ele>2538.04</ele>
      </trkpt>
      <trkpt lon="7.77759117287986" lat="45.8208562437333">
        <ele>2534.92</ele>
      </trkpt>
      <trkpt lon="7.77753364162805" lat="45.8208262840833">
        <ele>2533.26</ele>
      </trkpt>
      <trkpt lon="7.77749049886519" lat="45.8208330255074">
        <ele>2531.2</ele>
      </trkpt>
      <trkpt lon="7.77733021529555" lat="45.8208042176772">
        <ele>2525.88</ele>
      </trkpt>
      <trkpt lon="7.77731851458382" lat="45.820827132038">
        <ele>2524.22</ele>
      </trkpt>
      <trkpt lon="7.77727102742548" lat="45.8208264454531">
        <ele>2521.9</ele>
      </trkpt>
      <trkpt lon="7.77726920433501" lat="45.8208685492869">
        <ele>2520.52</ele>
      </trkpt>
      <trkpt lon="7.77723059282949" lat="45.8208447344198">
        <ele>2519.31</ele>
      </trkpt>
      <trkpt lon="7.77720147827166" lat="45.8208456813865">
        <ele>2517.91</ele>
      </trkpt>
      <trkpt lon="7.77713690847227" lat="45.8207903571332">
        <ele>2515.89</ele>
      </trkpt>
      <trkpt lon="7.77713650173134" lat="45.8208502058775">
        <ele>2513.36</ele>
      </trkpt>
      <trkpt lon="7.77706300588534" lat="45.8208379881932">
        <ele>2509.35</ele>
      </trkpt>
      <trkpt lon="7.77704883217837" lat="45.8208974229058">
        <ele>2507.07</ele>
      </trkpt>
      <trkpt lon="7.77699099196191" lat="45.8208992335074">
        <ele>2503.83</ele>
      </trkpt>
      <trkpt lon="7.77696928005904" lat="45.8209148420301">
        <ele>2502.17</ele>
      </trkpt>
      <trkpt lon="7.77696578482611" lat="45.8209509873626">
        <ele>2500.05</ele>
      </trkpt>
      <trkpt lon="7.77689653721976" lat="45.8208918324111">
        <ele>2499.21</ele>
      </trkpt>
      <trkpt lon="7.77690272706646" lat="45.8208501341851">
        <ele>2499.63</ele>
      </trkpt>
      <trkpt lon="7.77673136407065" lat="45.8207512744624">
        <ele>2491.73</ele>
      </trkpt>
      <trkpt lon="7.77649624313742" lat="45.8207011431473">
        <ele>2487.2</ele>
      </trkpt>
      <trkpt lon="7.77629587517603" lat="45.8206806351437">
        <ele>2480.2</ele>
      </trkpt>
      <trkpt lon="7.77626296093566" lat="45.8206611121074">
        <ele>2480.19</ele>
      </trkpt>
      <trkpt lon="7.77621607653134" lat="45.8206623200211">
        <ele>2478.8</ele>
      </trkpt>
      <trkpt lon="7.77603730694054" lat="45.8206079308055">
        <ele>2473.38</ele>
      </trkpt>
      <trkpt lon="7.77588236231789" lat="45.8205822397728">
        <ele>2468.49</ele>
      </trkpt>
      <trkpt lon="7.7757104420968" lat="45.820567704417">
        <ele>2462.8</ele>
      </trkpt>
      <trkpt lon="7.77569667200267" lat="45.820585110284">
        <ele>2462.21</ele>
      </trkpt>
      <trkpt lon="7.77567846054523" lat="45.8205820350306">
        <ele>2461.53</ele>
      </trkpt>
      <trkpt lon="7.77556967905642" lat="45.8205058931551">
        <ele>2458.28</ele>
      </trkpt>
      <trkpt lon="7.77539315945533" lat="45.8204545873731">
        <ele>2452.39</ele>
      </trkpt>
      <trkpt lon="7.77531534214603" lat="45.8203988490931">
        <ele>2450.31</ele>
      </trkpt>
      <trkpt lon="7.77526409955963" lat="45.8203874094202">
        <ele>2449.63</ele>
      </trkpt>
      <trkpt lon="7.77523357038991" lat="45.820423535048">
        <ele>2448</ele>
      </trkpt>
      <trkpt lon="7.77515726095198" lat="45.8203930140921">
        <ele>2446.25</ele>
      </trkpt>
      <trkpt lon="7.77509782887447" lat="45.8204029082178">
        <ele>2444.43</ele>
      </trkpt>
      <trkpt lon="7.77495917448837" lat="45.8203271660654">
        <ele>2442</ele>
      </trkpt>
      <trkpt lon="7.77489644920976" lat="45.8202700584511">
        <ele>2439.94</ele>
      </trkpt>
      <trkpt lon="7.77487178771221" lat="45.820261694112">
        <ele>2438.97</ele>
      </trkpt>
      <trkpt lon="7.774840178262" lat="45.820282597119">
        <ele>2437.76</ele>
      </trkpt>
      <trkpt lon="7.77471092096106" lat="45.8202245082849">
        <ele>2434.12</ele>
      </trkpt>
      <trkpt lon="7.77452162894197" lat="45.8201686522641">
        <ele>2430.45</ele>
      </trkpt>
      <trkpt lon="7.77444898005756" lat="45.8201706627284">
        <ele>2427.47</ele>
      </trkpt>
      <trkpt lon="7.77442894689662" lat="45.8201391256207">
        <ele>2426.58</ele>
      </trkpt>
      <trkpt lon="7.77430797836551" lat="45.8200965150386">
        <ele>2422.87</ele>
      </trkpt>
      <trkpt lon="7.77427116435026" lat="45.8200611082266">
        <ele>2421.47</ele>
      </trkpt>
      <trkpt lon="7.7742370939521" lat="45.8200709137048">
        <ele>2420.07</ele>
      </trkpt>
      <trkpt lon="7.77411455592059" lat="45.8200293670237">
        <ele>2416.78</ele>
      </trkpt>
      <trkpt lon="7.77407331016201" lat="45.8200493560259">
        <ele>2414.77</ele>
      </trkpt>
      <trkpt lon="7.77393226225548" lat="45.8200652134083">
        <ele>2410.18</ele>
      </trkpt>
      <trkpt lon="7.77384390328517" lat="45.8199972108254">
        <ele>2408.82</ele>
      </trkpt>
      <trkpt lon="7.77370185155229" lat="45.8199239492592">
        <ele>2404.24</ele>
      </trkpt>
      <trkpt lon="7.7736526424345" lat="45.8199079400449">
        <ele>2402.45</ele>
      </trkpt>
      <trkpt lon="7.77358971604933" lat="45.8199069060806">
        <ele>2400.02</ele>
      </trkpt>
      <trkpt lon="7.77358314332787" lat="45.8199248370302">
        <ele>2399.63</ele>
      </trkpt>
      <trkpt lon="7.77353224816429" lat="45.8199035887771">
        <ele>2398.3</ele>
      </trkpt>
      <trkpt lon="7.7734738134178" lat="45.8199090828002">
        <ele>2396.98</ele>
      </trkpt>
      <trkpt lon="7.77334261220311" lat="45.8199631162505">
        <ele>2392.28</ele>
      </trkpt>
      <trkpt lon="7.77332674747144" lat="45.8199879667317">
        <ele>2391.35</ele>
      </trkpt>
      <trkpt lon="7.77327327423947" lat="45.8199785743117">
        <ele>2389.99</ele>
      </trkpt>
      <trkpt lon="7.77326132329929" lat="45.820012827848">
        <ele>2388.27</ele>
      </trkpt>
      <trkpt lon="7.77315903425817" lat="45.8200456610356">
        <ele>2385.26</ele>
      </trkpt>
      <trkpt lon="7.77311713964609" lat="45.8201479076845">
        <ele>2380.85</ele>
      </trkpt>
      <trkpt lon="7.77308042491128" lat="45.8201492240319">
        <ele>2380.11</ele>
      </trkpt>
      <trkpt lon="7.7730726686941" lat="45.8201740718131">
        <ele>2379</ele>
      </trkpt>
      <trkpt lon="7.77304610127335" lat="45.8201822467663">
        <ele>2377.53</ele>
      </trkpt>
      <trkpt lon="7.7729899416568" lat="45.8201837157086">
        <ele>2376.81</ele>
      </trkpt>
      <trkpt lon="7.77301498000988" lat="45.8202394284808">
        <ele>2374.33</ele>
      </trkpt>
      <trkpt lon="7.77300863759435" lat="45.8202703208741">
        <ele>2372.61</ele>
      </trkpt>
      <trkpt lon="7.77295905834813" lat="45.8202886903106">
        <ele>2371.27</ele>
      </trkpt>
      <trkpt lon="7.77293251236281" lat="45.8203369190629">
        <ele>2368.48</ele>
      </trkpt>
      <trkpt lon="7.77293647296003" lat="45.8203675643268">
        <ele>2366.17</ele>
      </trkpt>
      <trkpt lon="7.77296770382444" lat="45.8203873401311">
        <ele>2366.09</ele>
      </trkpt>
      <trkpt lon="7.77288582953957" lat="45.8203992424256">
        <ele>2363.38</ele>
      </trkpt>
      <trkpt lon="7.77287030099721" lat="45.8204204955961">
        <ele>2362.19</ele>
      </trkpt>
      <trkpt lon="7.77288262867796" lat="45.820439440642">
        <ele>2360.29</ele>
      </trkpt>
      <trkpt lon="7.77292294059248" lat="45.8204443744885">
        <ele>2359.9</ele>
      </trkpt>
      <trkpt lon="7.77290760377588" lat="45.8204628387008">
        <ele>2358.72</ele>
      </trkpt>
      <trkpt lon="7.77296863745113" lat="45.8205147989454">
        <ele>2355.28</ele>
      </trkpt>
      <trkpt lon="7.77284738985177" lat="45.8205375289155">
        <ele>2352.35</ele>
      </trkpt>
      <trkpt lon="7.77273123756859" lat="45.820521699618">
        <ele>2350.54</ele>
      </trkpt>
      <trkpt lon="7.77269513659475" lat="45.8205302217106">
        <ele>2348.65</ele>
      </trkpt>
      <trkpt lon="7.77270556658139" lat="45.8205710172955">
        <ele>2346.8</ele>
      </trkpt>
      <trkpt lon="7.77256882286593" lat="45.8205198646773">
        <ele>2343.23</ele>
      </trkpt>
      <trkpt lon="7.77239346698556" lat="45.8207610885872">
        <ele>2337.99</ele>
      </trkpt>
      <trkpt lon="7.77200818098116" lat="45.8210244443777">
        <ele>2326.05</ele>
      </trkpt>
      <trkpt lon="7.77192005476577" lat="45.8211274544907">
        <ele>2323.02</ele>
      </trkpt>
      <trkpt lon="7.77182987366237" lat="45.8213354811505">
        <ele>2317</ele>
      </trkpt>
      <trkpt lon="7.77175002811317" lat="45.8214422692172">
        <ele>2313.76</ele>
      </trkpt>
      <trkpt lon="7.7717422891681" lat="45.8215776448169">
        <ele>2310.13</ele>
      </trkpt>
      <trkpt lon="7.7715843632307" lat="45.8217285082572">
        <ele>2307.76</ele>
      </trkpt>
      <trkpt lon="7.77151857033313" lat="45.8218576775852">
        <ele>2306</ele>
      </trkpt>
      <trkpt lon="7.77132592687423" lat="45.8220125769059">
        <ele>2303.61</ele>
      </trkpt>
      <trkpt lon="7.77124953554148" lat="45.8220500993508">
        <ele>2302.56</ele>
      </trkpt>
      <trkpt lon="7.77122544506334" lat="45.822103572705">
        <ele>2302</ele>
      </trkpt>
      <trkpt lon="7.77114924256351" lat="45.8221441563409">
        <ele>2301</ele>
      </trkpt>
      <trkpt lon="7.77110250158595" lat="45.8221972989134">
        <ele>2300</ele>
      </trkpt>
      <trkpt lon="7.77096573587963" lat="45.8222756607084">
        <ele>2298.97</ele>
      </trkpt>
      <trkpt lon="7.77089697206344" lat="45.8223351365642">
        <ele>2297.65</ele>
      </trkpt>
      <trkpt lon="7.77088459828822" lat="45.82240007699">
        <ele>2296.93</ele>
      </trkpt>
      <trkpt lon="7.77073581318979" lat="45.8226034196341">
        <ele>2293</ele>
      </trkpt>
      <trkpt lon="7.77073251547878" lat="45.8226245368076">
        <ele>2292.89</ele>
      </trkpt>
      <trkpt lon="7.77078621657839" lat="45.8226296152309">
        <ele>2291.46</ele>
      </trkpt>
      <trkpt lon="7.77080481799122" lat="45.8227201816079">
        <ele>2289.29</ele>
      </trkpt>
      <trkpt lon="7.7707848143763" lat="45.8227400374775">
        <ele>2289</ele>
      </trkpt>
      <trkpt lon="7.77079374969774" lat="45.822790358291">
        <ele>2289.74</ele>
      </trkpt>
      <trkpt lon="7.77067172767907" lat="45.822923963303">
        <ele>2288.11</ele>
      </trkpt>
      <trkpt lon="7.77065212537156" lat="45.8230190683175">
        <ele>2288</ele>
      </trkpt>
      <trkpt lon="7.77050302330049" lat="45.8230963105209">
        <ele>2287.58</ele>
      </trkpt>
      <trkpt lon="7.77050214182302" lat="45.8231422033494">
        <ele>2286.71</ele>
      </trkpt>
      <trkpt lon="7.77044253123303" lat="45.8231892650877">
        <ele>2286.43</ele>
      </trkpt>
      <trkpt lon="7.77040588763914" lat="45.8232456633959">
        <ele>2286.29</ele>
      </trkpt>
      <trkpt lon="7.77028342770914" lat="45.823329042123">
        <ele>2287.96</ele>
      </trkpt>
      <trkpt lon="7.77014902146583" lat="45.8233526164325">
        <ele>2286.32</ele>
      </trkpt>
      <trkpt lon="7.7693005659103" lat="45.8236603022358">
        <ele>2286.92</ele>
      </trkpt>
      <trkpt lon="7.76872830370053" lat="45.8237724940416">
        <ele>2283.5</ele>
      </trkpt>
      <trkpt lon="7.76856102213875" lat="45.8237749202737">
        <ele>2281.96</ele>
      </trkpt>
      <trkpt lon="7.76798630952805" lat="45.823904723616">
        <ele>2279.93</ele>
      </trkpt>
      <trkpt lon="7.76773350915405" lat="45.8240604084898">
        <ele>2279</ele>
      </trkpt>
      <trkpt lon="7.76752497504033" lat="45.8242870455982">
        <ele>2273.06</ele>
      </trkpt>
      <trkpt lon="7.76741449293897" lat="45.8243814386101">
        <ele>2271.85</ele>
      </trkpt>
      <trkpt lon="7.76705598323438" lat="45.8244677568102">
        <ele>2265.12</ele>
      </trkpt>
      <trkpt lon="7.76693740176607" lat="45.8245207514664">
        <ele>2264.06</ele>
      </trkpt>
      <trkpt lon="7.76681054287135" lat="45.8245464731253">
        <ele>2263</ele>
      </trkpt>
      <trkpt lon="7.76673332335489" lat="45.8246036932868">
        <ele>2262</ele>
      </trkpt>
      <trkpt lon="7.76650903140577" lat="45.8246458255389">
        <ele>2258.94</ele>
      </trkpt>
      <trkpt lon="7.76628979446924" lat="45.8247213142457">
        <ele>2256.82</ele>
      </trkpt>
      <trkpt lon="7.76611367073913" lat="45.8247392130094">
        <ele>2254.91</ele>
      </trkpt>
      <trkpt lon="7.7658091278748" lat="45.8247367350193">
        <ele>2252</ele>
      </trkpt>
      <trkpt lon="7.76559896258513" lat="45.8247105212198">
        <ele>2250.3</ele>
      </trkpt>
      <trkpt lon="7.76547773758378" lat="45.8247141618143">
        <ele>2248.69</ele>
      </trkpt>
      <trkpt lon="7.76502967395057" lat="45.8247572919411">
        <ele>2241.23</ele>
      </trkpt>
      <trkpt lon="7.76490517591839" lat="45.8247983390134">
        <ele>2239.58</ele>
      </trkpt>
      <trkpt lon="7.76478299506252" lat="45.8248160994032">
        <ele>2236.02</ele>
      </trkpt>
      <trkpt lon="7.7647527536454" lat="45.8247690590241">
        <ele>2234.81</ele>
      </trkpt>
      <trkpt lon="7.76459862205442" lat="45.824787913579">
        <ele>2230.32</ele>
      </trkpt>
      <trkpt lon="7.76442465771079" lat="45.8247547110604">
        <ele>2226.02</ele>
      </trkpt>
      <trkpt lon="7.76427164601381" lat="45.8247519761867">
        <ele>2224</ele>
      </trkpt>
      <trkpt lon="7.76426615113988" lat="45.8247675765317">
        <ele>2223.96</ele>
      </trkpt>
      <trkpt lon="7.76433853230904" lat="45.8248185840836">
        <ele>2221.52</ele>
      </trkpt>
      <trkpt lon="7.76435851591717" lat="45.8249685714337">
        <ele>2215.66</ele>
      </trkpt>
      <trkpt lon="7.7641385401092" lat="45.8250423350893">
        <ele>2209.97</ele>
      </trkpt>
      <trkpt lon="7.76407163564429" lat="45.8250521430297">
        <ele>2208.97</ele>
      </trkpt>
      <trkpt lon="7.76409694297383" lat="45.824990672261">
        <ele>2205.47</ele>
      </trkpt>
      <trkpt lon="7.76380588348479" lat="45.8250013836256">
        <ele>2195.4</ele>
      </trkpt>
      <trkpt lon="7.76365267903197" lat="45.8250538196013">
        <ele>2191.56</ele>
      </trkpt>
      <trkpt lon="7.76357884874838" lat="45.8250973950029">
        <ele>2188.99</ele>
      </trkpt>
      <trkpt lon="7.76352724033968" lat="45.825183871712">
        <ele>2187.57</ele>
      </trkpt>
      <trkpt lon="7.76337077546466" lat="45.8251975705575">
        <ele>2182.87</ele>
      </trkpt>
      <trkpt lon="7.76323871999396" lat="45.8251845300668">
        <ele>2180.74</ele>
      </trkpt>
      <trkpt lon="7.76312555624151" lat="45.8251903235713">
        <ele>2179.21</ele>
      </trkpt>
      <trkpt lon="7.76295368249588" lat="45.8252138447414">
        <ele>2174.35</ele>
      </trkpt>
      <trkpt lon="7.7628442654892" lat="45.8252481223416">
        <ele>2174.1</ele>
      </trkpt>
      <trkpt lon="7.76280067312016" lat="45.8252343299042">
        <ele>2171.65</ele>
      </trkpt>
      <trkpt lon="7.76269946528862" lat="45.8252351233961">
        <ele>2169.03</ele>
      </trkpt>
      <trkpt lon="7.76246532782621" lat="45.8253204344323">
        <ele>2167.58</ele>
      </trkpt>
      <trkpt lon="7.76209724021213" lat="45.8254025829891">
        <ele>2165.24</ele>
      </trkpt>
      <trkpt lon="7.76209724021213" lat="45.8254025829891">
        <ele>2165.24</ele>
      </trkpt>
      <trkpt lon="7.76200042994791" lat="45.8253908234254">
        <ele>2164</ele>
      </trkpt>
      <trkpt lon="7.76196218707774" lat="45.8254085901775">
        <ele>2163.99</ele>
      </trkpt>
      <trkpt lon="7.76173086050676" lat="45.8257907671442">
        <ele>2158.32</ele>
      </trkpt>
      <trkpt lon="7.76175006734974" lat="45.8258883642621">
        <ele>2157.27</ele>
      </trkpt>
      <trkpt lon="7.7618788147118" lat="45.8260274690468">
        <ele>2156.27</ele>
      </trkpt>
      <trkpt lon="7.76181029557538" lat="45.8260752390509">
        <ele>2158.37</ele>
      </trkpt>
      <trkpt lon="7.76171296261361" lat="45.8260870550833">
        <ele>2154.85</ele>
      </trkpt>
      <trkpt lon="7.76169542806759" lat="45.8261288059794">
        <ele>2153.94</ele>
      </trkpt>
      <trkpt lon="7.76154572836277" lat="45.8262262820263">
        <ele>2150.18</ele>
      </trkpt>
      <trkpt lon="7.7613726904742" lat="45.8262613979252">
        <ele>2145.99</ele>
      </trkpt>
      <trkpt lon="7.76116263705003" lat="45.8264794542446">
        <ele>2142.85</ele>
      </trkpt>
      <trkpt lon="7.76102014107887" lat="45.8265365043298">
        <ele>2139.36</ele>
      </trkpt>
      <trkpt lon="7.76095863048565" lat="45.8265815604431">
        <ele>2138</ele>
      </trkpt>
      <trkpt lon="7.76083222688414" lat="45.826621140793">
        <ele>2135</ele>
      </trkpt>
      <trkpt lon="7.76078154245264" lat="45.8266194208175">
        <ele>2133.51</ele>
      </trkpt>
      <trkpt lon="7.76071020104213" lat="45.8266666213354">
        <ele>2132.48</ele>
      </trkpt>
      <trkpt lon="7.76063213514139" lat="45.8266802653774">
        <ele>2130.94</ele>
      </trkpt>
      <trkpt lon="7.76054331814253" lat="45.8267375354286">
        <ele>2129.14</ele>
      </trkpt>
      <trkpt lon="7.76017867118218" lat="45.8267338484961">
        <ele>2120.12</ele>
      </trkpt>
      <trkpt lon="7.76004241753267" lat="45.8267646840839">
        <ele>2117.97</ele>
      </trkpt>
      <trkpt lon="7.75996486876677" lat="45.8267551108721">
        <ele>2116.56</ele>
      </trkpt>
      <trkpt lon="7.75992548433389" lat="45.826766294112">
        <ele>2116</ele>
      </trkpt>
      <trkpt lon="7.75989033088121" lat="45.8267606908535">
        <ele>2114.68</ele>
      </trkpt>
      <trkpt lon="7.75984312221344" lat="45.8267240866884">
        <ele>2112.8</ele>
      </trkpt>
      <trkpt lon="7.7597296412793" lat="45.8267557086262">
        <ele>2112</ele>
      </trkpt>
      <trkpt lon="7.75953922614032" lat="45.8267442787266">
        <ele>2109.13</ele>
      </trkpt>
      <trkpt lon="7.7593877641451" lat="45.8267584748549">
        <ele>2107.14</ele>
      </trkpt>
      <trkpt lon="7.75935677981482" lat="45.8267739805081">
        <ele>2107.7</ele>
      </trkpt>
      <trkpt lon="7.75905147214979" lat="45.8268170175597">
        <ele>2104.44</ele>
      </trkpt>
      <trkpt lon="7.7583567956585" lat="45.8268101912635">
        <ele>2098.64</ele>
      </trkpt>
      <trkpt lon="7.75767134971679" lat="45.8269553883772">
        <ele>2092.99</ele>
      </trkpt>
      <trkpt lon="7.75753901355187" lat="45.8269490897222">
        <ele>2091.05</ele>
      </trkpt>
      <trkpt lon="7.75726755975889" lat="45.8269749377719">
        <ele>2088.29</ele>
      </trkpt>
      <trkpt lon="7.75716083237691" lat="45.8269748589661">
        <ele>2089.35</ele>
      </trkpt>
      <trkpt lon="7.75709496507831" lat="45.8269321989117">
        <ele>2087.02</ele>
      </trkpt>
      <trkpt lon="7.75700125222719" lat="45.8269142586645">
        <ele>2087.47</ele>
      </trkpt>
      <trkpt lon="7.75690753461351" lat="45.8268559951667">
        <ele>2085</ele>
      </trkpt>
      <trkpt lon="7.75654252122516" lat="45.8268397801332">
        <ele>2080.79</ele>
      </trkpt>
      <trkpt lon="7.75632421190322" lat="45.8269246218648">
        <ele>2077.36</ele>
      </trkpt>
      <trkpt lon="7.7562486287394" lat="45.8269714112203">
        <ele>2076.14</ele>
      </trkpt>
      <trkpt lon="7.75609116098163" lat="45.8269893184965">
        <ele>2075</ele>
      </trkpt>
      <trkpt lon="7.75569368494635" lat="45.82701433198">
        <ele>2074.43</ele>
      </trkpt>
      <trkpt lon="7.75550064112911" lat="45.82704571148">
        <ele>2076</ele>
      </trkpt>
      <trkpt lon="7.75503698929593" lat="45.8270361595569">
        <ele>2073.04</ele>
      </trkpt>
      <trkpt lon="7.75477879804961" lat="45.8270040923682">
        <ele>2072.63</ele>
      </trkpt>
      <trkpt lon="7.7545036494245" lat="45.8270454657781">
        <ele>2070.88</ele>
      </trkpt>
      <trkpt lon="7.75441646355376" lat="45.8270754795942">
        <ele>2070.36</ele>
      </trkpt>
      <trkpt lon="7.75441646355376" lat="45.8270754795942">
        <ele>2070.36</ele>
      </trkpt>
      <trkpt lon="7.75379887969218" lat="45.8272484864022">
        <ele>2066.69</ele>
      </trkpt>
      <trkpt lon="7.75297614131276" lat="45.8274182605997">
        <ele>2056.23</ele>
      </trkpt>
      <trkpt lon="7.7526227520862" lat="45.8274578748792">
        <ele>2049.1</ele>
      </trkpt>
      <trkpt lon="7.75225046717203" lat="45.8276804464203">
        <ele>2046</ele>
      </trkpt>
      <trkpt lon="7.7521373783223" lat="45.827832490877">
        <ele>2047.52</ele>
      </trkpt>
      <trkpt lon="7.75197145537258" lat="45.8279635287345">
        <ele>2046.17</ele>
      </trkpt>
      <trkpt lon="7.75183445473794" lat="45.8279814723194">
        <ele>2044</ele>
      </trkpt>
      <trkpt lon="7.75172236667871" lat="45.8280944657899">
        <ele>2042</ele>
      </trkpt>
      <trkpt lon="7.75151044102274" lat="45.8281696434473">
        <ele>2038</ele>
      </trkpt>
      <trkpt lon="7.75151044102274" lat="45.8281696434473">
        <ele>2038</ele>
      </trkpt>
      <trkpt lon="7.75127974910128" lat="45.8282031254166">
        <ele>2033.59</ele>
      </trkpt>
      <trkpt lon="7.75121973050698" lat="45.8282329811565">
        <ele>2032.87</ele>
      </trkpt>
      <trkpt lon="7.75121219416719" lat="45.8282360506067">
        <ele>2032.92</ele>
      </trkpt>
      <trkpt lon="7.75120403282956" lat="45.8282383005856">
        <ele>2032.67</ele>
      </trkpt>
      <trkpt lon="7.75108619638374" lat="45.8282627528541">
        <ele>2030.06</ele>
      </trkpt>
      <trkpt lon="7.75102183004431" lat="45.8283142535486">
        <ele>2029.08</ele>
      </trkpt>
      <trkpt lon="7.75098903075805" lat="45.8283819410705">
        <ele>2029.48</ele>
      </trkpt>
      <trkpt lon="7.75097971350286" lat="45.828401280363">
        <ele>2029.4</ele>
      </trkpt>
      <trkpt lon="7.75097531327098" lat="45.8284080721605">
        <ele>2029.59</ele>
      </trkpt>
      <trkpt lon="7.75096899912382" lat="45.828414033363">
        <ele>2029.69</ele>
      </trkpt>
      <trkpt lon="7.75096129051905" lat="45.8284190806398">
        <ele>2029.67</ele>
      </trkpt>
      <trkpt lon="7.75095219301776" lat="45.828422938984">
        <ele>2029.55</ele>
      </trkpt>
      <trkpt lon="7.75094222330144" lat="45.8284254417298">
        <ele>2029.31</ele>
      </trkpt>
      <trkpt lon="7.75077185501073" lat="45.8284558019771">
        <ele>2024.5</ele>
      </trkpt>
      <trkpt lon="7.74984374770206" lat="45.8286209805995">
        <ele>2012.32</ele>
      </trkpt>
      <trkpt lon="7.74962413846849" lat="45.8286998527216">
        <ele>2010.74</ele>
      </trkpt>
      <trkpt lon="7.7496176605085" lat="45.8287017610413">
        <ele>2010.86</ele>
      </trkpt>
      <trkpt lon="7.74917734019366" lat="45.8288109790374">
        <ele>2007.08</ele>
      </trkpt>
      <trkpt lon="7.74916609823939" lat="45.82881283731">
        <ele>2006.98</ele>
      </trkpt>
      <trkpt lon="7.74887957745261" lat="45.828838232425">
        <ele>2002.74</ele>
      </trkpt>
      <trkpt lon="7.74875556865524" lat="45.8288622540675">
        <ele>2000.34</ele>
      </trkpt>
      <trkpt lon="7.7481834528649" lat="45.8290154774741">
        <ele>1989.98</ele>
      </trkpt>
      <trkpt lon="7.74806062575351" lat="45.8291245707418">
        <ele>1989.6</ele>
      </trkpt>
      <trkpt lon="7.74805120874757" lat="45.829131126374">
        <ele>1989.59</ele>
      </trkpt>
      <trkpt lon="7.74765503182058" lat="45.8293441502195">
        <ele>1983.48</ele>
      </trkpt>
      <trkpt lon="7.74765034833943" lat="45.8293463474527">
        <ele>1983.43</ele>
      </trkpt>
      <trkpt lon="7.74743441669404" lat="45.8294390282956">
        <ele>1979.26</ele>
      </trkpt>
      <trkpt lon="7.74727947447705" lat="45.8295735080131">
        <ele>1977.81</ele>
      </trkpt>
      <trkpt lon="7.74727227421335" lat="45.8295787386328">
        <ele>1978</ele>
      </trkpt>
      <trkpt lon="7.74726368783087" lat="45.8295827858757">
        <ele>1977.76</ele>
      </trkpt>
      <trkpt lon="7.74707082094748" lat="45.8296572664762">
        <ele>1973.65</ele>
      </trkpt>
      <trkpt lon="7.74691110962681" lat="45.8297690122347">
        <ele>1970.84</ele>
      </trkpt>
      <trkpt lon="7.74653346821311" lat="45.8300334459028">
        <ele>1967</ele>
      </trkpt>
      <trkpt lon="7.74652434013071" lat="45.8300385681678">
        <ele>1967</ele>
      </trkpt>
      <trkpt lon="7.74651396205084" lat="45.8300421431592">
        <ele>1967.21</ele>
      </trkpt>
      <trkpt lon="7.74650258675856" lat="45.8300440875439">
        <ele>1967.32</ele>
      </trkpt>
      <trkpt lon="7.74634558019695" lat="45.8300582058387">
        <ele>1968</ele>
      </trkpt>
      <trkpt lon="7.74625379704314" lat="45.8300860917784">
        <ele>1967</ele>
      </trkpt>
      <trkpt lon="7.7459338332703" lat="45.8302817631363">
        <ele>1964</ele>
      </trkpt>
      <trkpt lon="7.74592731917003" lat="45.8302851131591">
        <ele>1964</ele>
      </trkpt>
      <trkpt lon="7.74550281985483" lat="45.8304744139049">
        <ele>1960</ele>
      </trkpt>
      <trkpt lon="7.74550125869503" lat="45.8304751166856">
        <ele>1960</ele>
      </trkpt>
      <trkpt lon="7.74536363784086" lat="45.8305317501399">
        <ele>1958</ele>
      </trkpt>
      <trkpt lon="7.74535637374172" lat="45.830534191799">
        <ele>1958</ele>
      </trkpt>
      <trkpt lon="7.74534873742631" lat="45.830535908436">
        <ele>1958</ele>
      </trkpt>
      <trkpt lon="7.74486348891779" lat="45.8306152724606">
        <ele>1952.45</ele>
      </trkpt>
      <trkpt lon="7.74451606298303" lat="45.8306920099657">
        <ele>1948.49</ele>
      </trkpt>
      <trkpt lon="7.74451101840752" lat="45.8306929460522">
        <ele>1948.35</ele>
      </trkpt>
      <trkpt lon="7.74382074538418" lat="45.8307973254097">
        <ele>1944.09</ele>
      </trkpt>
      <trkpt lon="7.74382074538418" lat="45.8307973254097">
        <ele>1944.09</ele>
      </trkpt>
      <trkpt lon="7.74370278683933" lat="45.8308153802914">
        <ele>1944</ele>
      </trkpt>
      <trkpt lon="7.7434236104509" lat="45.8308514618603">
        <ele>1935.73</ele>
      </trkpt>
      <trkpt lon="7.74337419525496" lat="45.8308618088712">
        <ele>1933.94</ele>
      </trkpt>
      <trkpt lon="7.74325864506488" lat="45.8308815082624">
        <ele>1931.35</ele>
      </trkpt>
      <trkpt lon="7.74308133463373" lat="45.8309280716338">
        <ele>1928.76</ele>
      </trkpt>
      <trkpt lon="7.74291508266001" lat="45.8309808769373">
        <ele>1925.2</ele>
      </trkpt>
      <trkpt lon="7.74258931346665" lat="45.8310219331849">
        <ele>1920</ele>
      </trkpt>
      <trkpt lon="7.74252501330104" lat="45.8310985428537">
        <ele>1919.05</ele>
      </trkpt>
      <trkpt lon="7.74229575143067" lat="45.8311592921983">
        <ele>1917</ele>
      </trkpt>
      <trkpt lon="7.74204866535112" lat="45.8311596314975">
        <ele>1916</ele>
      </trkpt>
      <trkpt lon="7.74168489976393" lat="45.8311154824289">
        <ele>1914.35</ele>
      </trkpt>
      <trkpt lon="7.74168489976393" lat="45.8311154824289">
        <ele>1914.35</ele>
      </trkpt>
      <trkpt lon="7.74153554109341" lat="45.831104297374">
        <ele>1913</ele>
      </trkpt>
      <trkpt lon="7.74131713682761" lat="45.8312144008594">
        <ele>1909.12</ele>
      </trkpt>
      <trkpt lon="7.7410854094251" lat="45.8313558550162">
        <ele>1905.88</ele>
      </trkpt>
      <trkpt lon="7.7402047686358" lat="45.8315824134362">
        <ele>1893.86</ele>
      </trkpt>
      <trkpt lon="7.73951568075369" lat="45.8318785838069">
        <ele>1888</ele>
      </trkpt>
      <trkpt lon="7.73951568075369" lat="45.8318785838069">
        <ele>1888</ele>
      </trkpt>
      <trkpt lon="7.7393271691822" lat="45.8319703815573">
        <ele>1887</ele>
      </trkpt>
      <trkpt lon="7.73932007731994" lat="45.8321134129147">
        <ele>1888</ele>
      </trkpt>
      <trkpt lon="7.73943945020303" lat="45.8322152666604">
        <ele>1887</ele>
      </trkpt>
      <trkpt lon="7.73968413424174" lat="45.8323158910243">
        <ele>1886.86</ele>
      </trkpt>
      <trkpt lon="7.73982226617764" lat="45.8324024723387">
        <ele>1889</ele>
      </trkpt>
      <trkpt lon="7.73993761927414" lat="45.8325171513728">
        <ele>1892.95</ele>
      </trkpt>
      <trkpt lon="7.73991118705722" lat="45.8327127116618">
        <ele>1899.59</ele>
      </trkpt>
      <trkpt lon="7.74004365932994" lat="45.8327193047706">
        <ele>1903</ele>
      </trkpt>
      <trkpt lon="7.74012918683055" lat="45.8326892853831">
        <ele>1904.57</ele>
      </trkpt>
      <trkpt lon="7.7399820862423" lat="45.83283455434">
        <ele>1909.32</ele>
      </trkpt>
      <trkpt lon="7.73976822543884" lat="45.832999695384">
        <ele>1914.42</ele>
      </trkpt>
      <trkpt lon="7.73966161458338" lat="45.8331480203639">
        <ele>1918.93</ele>
      </trkpt>
      <trkpt lon="7.7397000033362" lat="45.8331984859091">
        <ele>1922</ele>
      </trkpt>
      <trkpt lon="7.73980504575426" lat="45.8332794806517">
        <ele>1925.44</ele>
      </trkpt>
    </trkseg>
  </trk>
</gpx>
