<?xml version="1.0" encoding="UTF-8"?>
<gpx xmlns="http://www.topografix.com/GPX/1/1" creator="INVA x RAVdA" version="1.1" xmlns:xsi="http://www.w3.org/2001/XMLSchema-instance" xsi:schemaLocation="http://www.topografix.com/GPX/1/1 http://www.topografix.com/GPX/1/1/gpx.xsd">
  <trk>
    <name>RAVDA - Catasto Sentieri</name>
    <desc>Percorso personalizzato</desc>
    <trkseg>
      <trkpt lon="7.35610404784565" lat="45.6082558630749">
        <ele>1543</ele>
      </trkpt>
      <trkpt lon="7.35621466508962" lat="45.6082094796403">
        <ele>1543</ele>
      </trkpt>
      <trkpt lon="7.356333387655" lat="45.6081841857045">
        <ele>1543.56</ele>
      </trkpt>
      <trkpt lon="7.35669040464813" lat="45.6081451298336">
        <ele>1544</ele>
      </trkpt>
      <trkpt lon="7.35692587748194" lat="45.6080961308719">
        <ele>1545</ele>
      </trkpt>
      <trkpt lon="7.35719071398998" lat="45.6080912110827">
        <ele>1544.29</ele>
      </trkpt>
      <trkpt lon="7.35739625723184" lat="45.6081010077587">
        <ele>1544</ele>
      </trkpt>
      <trkpt lon="7.35760013385534" lat="45.6081064598646">
        <ele>1544</ele>
      </trkpt>
      <trkpt lon="7.35767038269755" lat="45.6081030604572">
        <ele>1544</ele>
      </trkpt>
      <trkpt lon="7.35774538738085" lat="45.6080904580859">
        <ele>1544</ele>
      </trkpt>
      <trkpt lon="7.35783995686532" lat="45.6080533830642">
        <ele>1543</ele>
      </trkpt>
      <trkpt lon="7.35831961564095" lat="45.6078633356819">
        <ele>1542</ele>
      </trkpt>
      <trkpt lon="7.35875367266951" lat="45.6077109776983">
        <ele>1541</ele>
      </trkpt>
      <trkpt lon="7.35891019917677" lat="45.6076689420386">
        <ele>1540.03</ele>
      </trkpt>
      <trkpt lon="7.35897611756122" lat="45.6076556673404">
        <ele>1540</ele>
      </trkpt>
      <trkpt lon="7.35906899776" lat="45.6076369316537">
        <ele>1540</ele>
      </trkpt>
      <trkpt lon="7.35928652532906" lat="45.6076095441745">
        <ele>1540</ele>
      </trkpt>
      <trkpt lon="7.35928652532906" lat="45.6076095441745">
        <ele>1540</ele>
      </trkpt>
      <trkpt lon="7.35932556832792" lat="45.6075856217261">
        <ele>1540</ele>
      </trkpt>
      <trkpt lon="7.35946292727381" lat="45.6075676114871">
        <ele>1542.72</ele>
      </trkpt>
      <trkpt lon="7.35973352510196" lat="45.6075585360931">
        <ele>1544</ele>
      </trkpt>
      <trkpt lon="7.36022221182905" lat="45.6075115479599">
        <ele>1543.75</ele>
      </trkpt>
      <trkpt lon="7.36056067974256" lat="45.6074046151985">
        <ele>1545</ele>
      </trkpt>
      <trkpt lon="7.36076505723458" lat="45.6073663245396">
        <ele>1546</ele>
      </trkpt>
      <trkpt lon="7.36094642315542" lat="45.6073255447069">
        <ele>1547</ele>
      </trkpt>
      <trkpt lon="7.36156889369201" lat="45.6074052221697">
        <ele>1542.46</ele>
      </trkpt>
      <trkpt lon="7.36174965798574" lat="45.6074467916295">
        <ele>1540.29</ele>
      </trkpt>
      <trkpt lon="7.36185979600048" lat="45.6074739322659">
        <ele>1539</ele>
      </trkpt>
      <trkpt lon="7.36190388002813" lat="45.6074882469413">
        <ele>1539</ele>
      </trkpt>
      <trkpt lon="7.36190388002813" lat="45.6074882469413">
        <ele>1539</ele>
      </trkpt>
      <trkpt lon="7.36194170898637" lat="45.607470696864">
        <ele>1539.24</ele>
      </trkpt>
      <trkpt lon="7.3620342001997" lat="45.6074564529534">
        <ele>1540.21</ele>
      </trkpt>
      <trkpt lon="7.36213500547112" lat="45.6074429563641">
        <ele>1541.83</ele>
      </trkpt>
      <trkpt lon="7.36237357500776" lat="45.6074239665219">
        <ele>1544.35</ele>
      </trkpt>
      <trkpt lon="7.36259459981575" lat="45.6073996819323">
        <ele>1547</ele>
      </trkpt>
      <trkpt lon="7.36282913858546" lat="45.6073869310973">
        <ele>1549</ele>
      </trkpt>
      <trkpt lon="7.36314628535459" lat="45.6073426913771">
        <ele>1552</ele>
      </trkpt>
      <trkpt lon="7.36391273915252" lat="45.6071633053649">
        <ele>1554</ele>
      </trkpt>
      <trkpt lon="7.36413986501105" lat="45.6070923002119">
        <ele>1555</ele>
      </trkpt>
      <trkpt lon="7.36429334694591" lat="45.6070533646008">
        <ele>1555</ele>
      </trkpt>
      <trkpt lon="7.36446875141061" lat="45.607023471096">
        <ele>1556.24</ele>
      </trkpt>
      <trkpt lon="7.36511036335759" lat="45.6069961154891">
        <ele>1558.34</ele>
      </trkpt>
      <trkpt lon="7.36563645297471" lat="45.6069856425259">
        <ele>1560.27</ele>
      </trkpt>
      <trkpt lon="7.36644218876829" lat="45.6070606271944">
        <ele>1562.56</ele>
      </trkpt>
      <trkpt lon="7.3666721432601" lat="45.6070909190668">
        <ele>1563</ele>
      </trkpt>
      <trkpt lon="7.36722334696216" lat="45.6070987995863">
        <ele>1564.81</ele>
      </trkpt>
      <trkpt lon="7.36748323313937" lat="45.6071052161457">
        <ele>1562.3</ele>
      </trkpt>
      <trkpt lon="7.36796921746349" lat="45.6070361024278">
        <ele>1565</ele>
      </trkpt>
      <trkpt lon="7.36817651453487" lat="45.6069942394845">
        <ele>1565.85</ele>
      </trkpt>
      <trkpt lon="7.36846073134403" lat="45.6068824588543">
        <ele>1566</ele>
      </trkpt>
      <trkpt lon="7.3688447448244" lat="45.6067696708287">
        <ele>1567</ele>
      </trkpt>
      <trkpt lon="7.36896471800843" lat="45.6067142289223">
        <ele>1568</ele>
      </trkpt>
      <trkpt lon="7.36940785206717" lat="45.6064685297831">
        <ele>1570.79</ele>
      </trkpt>
      <trkpt lon="7.36950529483155" lat="45.6063807201766">
        <ele>1570.04</ele>
      </trkpt>
      <trkpt lon="7.36979587659799" lat="45.6062215911918">
        <ele>1568.02</ele>
      </trkpt>
      <trkpt lon="7.36994630240631" lat="45.6060665804025">
        <ele>1569</ele>
      </trkpt>
      <trkpt lon="7.37003994320746" lat="45.6059329029362">
        <ele>1569</ele>
      </trkpt>
      <trkpt lon="7.37018954673827" lat="45.605638005279">
        <ele>1569</ele>
      </trkpt>
      <trkpt lon="7.37021935298847" lat="45.6054944158356">
        <ele>1569.06</ele>
      </trkpt>
      <trkpt lon="7.37032919643586" lat="45.6052439550261">
        <ele>1569</ele>
      </trkpt>
      <trkpt lon="7.37055258001687" lat="45.6050581219418">
        <ele>1569.81</ele>
      </trkpt>
      <trkpt lon="7.37188347494869" lat="45.604267014844">
        <ele>1570.19</ele>
      </trkpt>
      <trkpt lon="7.37216690598025" lat="45.6041373004207">
        <ele>1571</ele>
      </trkpt>
      <trkpt lon="7.37250655217759" lat="45.6040058670522">
        <ele>1571.19</ele>
      </trkpt>
      <trkpt lon="7.37289254614022" lat="45.6038990347512">
        <ele>1572</ele>
      </trkpt>
      <trkpt lon="7.37331108585753" lat="45.6037620603377">
        <ele>1572</ele>
      </trkpt>
      <trkpt lon="7.37370123637633" lat="45.6036088407962">
        <ele>1573</ele>
      </trkpt>
      <trkpt lon="7.37407618755594" lat="45.6034047253805">
        <ele>1574.69</ele>
      </trkpt>
      <trkpt lon="7.37447730147228" lat="45.603147156092">
        <ele>1576</ele>
      </trkpt>
      <trkpt lon="7.37469271126189" lat="45.6030323997226">
        <ele>1577</ele>
      </trkpt>
      <trkpt lon="7.37520830477527" lat="45.6028112019003">
        <ele>1577</ele>
      </trkpt>
      <trkpt lon="7.3754690745781" lat="45.6026618950976">
        <ele>1578</ele>
      </trkpt>
      <trkpt lon="7.37564294760691" lat="45.6025334046477">
        <ele>1580.12</ele>
      </trkpt>
      <trkpt lon="7.37571201664047" lat="45.6024905514562">
        <ele>1581.41</ele>
      </trkpt>
      <trkpt lon="7.375799097048" lat="45.6024546152796">
        <ele>1582.03</ele>
      </trkpt>
      <trkpt lon="7.37624597056225" lat="45.6023259552378">
        <ele>1581.92</ele>
      </trkpt>
      <trkpt lon="7.37700983721299" lat="45.602054722439">
        <ele>1584.55</ele>
      </trkpt>
      <trkpt lon="7.37716270528115" lat="45.6020139589977">
        <ele>1583.25</ele>
      </trkpt>
      <trkpt lon="7.37734137680336" lat="45.601967804003">
        <ele>1583.43</ele>
      </trkpt>
      <trkpt lon="7.37751101823042" lat="45.6018879452936">
        <ele>1583.85</ele>
      </trkpt>
      <trkpt lon="7.37765495401478" lat="45.6017835079389">
        <ele>1583.89</ele>
      </trkpt>
      <trkpt lon="7.37780610422107" lat="45.6016600007287">
        <ele>1584.5</ele>
      </trkpt>
      <trkpt lon="7.37788793713536" lat="45.6014901444589">
        <ele>1585.75</ele>
      </trkpt>
      <trkpt lon="7.37787311680011" lat="45.6013770609098">
        <ele>1585.18</ele>
      </trkpt>
      <trkpt lon="7.37765570956928" lat="45.6006497543675">
        <ele>1587</ele>
      </trkpt>
      <trkpt lon="7.37765778324698" lat="45.6005777775732">
        <ele>1587</ele>
      </trkpt>
      <trkpt lon="7.37765778324698" lat="45.6005777775732">
        <ele>1587</ele>
      </trkpt>
      <trkpt lon="7.37767816113906" lat="45.6003112766079">
        <ele>1588</ele>
      </trkpt>
      <trkpt lon="7.37772254104971" lat="45.6001106442012">
        <ele>1588.75</ele>
      </trkpt>
      <trkpt lon="7.37777795896914" lat="45.5999674161258">
        <ele>1588.38</ele>
      </trkpt>
      <trkpt lon="7.37783368699642" lat="45.5998757671312">
        <ele>1588.68</ele>
      </trkpt>
      <trkpt lon="7.37789927956157" lat="45.5997621176773">
        <ele>1588.06</ele>
      </trkpt>
      <trkpt lon="7.37808088179503" lat="45.5995694645738">
        <ele>1588</ele>
      </trkpt>
      <trkpt lon="7.3785821000219" lat="45.5992047518844">
        <ele>1587.19</ele>
      </trkpt>
      <trkpt lon="7.37888440617955" lat="45.5989480149971">
        <ele>1588</ele>
      </trkpt>
      <trkpt lon="7.37905439551644" lat="45.5988334137488">
        <ele>1588.62</ele>
      </trkpt>
      <trkpt lon="7.37918463865959" lat="45.598763254904">
        <ele>1589</ele>
      </trkpt>
      <trkpt lon="7.3793339287112" lat="45.5987306305222">
        <ele>1589</ele>
      </trkpt>
      <trkpt lon="7.37943707521252" lat="45.598742084584">
        <ele>1589.57</ele>
      </trkpt>
      <trkpt lon="7.37943707521252" lat="45.598742084584">
        <ele>1589.57</ele>
      </trkpt>
      <trkpt lon="7.3794920718133" lat="45.5988359347024">
        <ele>1590</ele>
      </trkpt>
      <trkpt lon="7.37970345194581" lat="45.5990962738595">
        <ele>1588.15</ele>
      </trkpt>
      <trkpt lon="7.37976080897254" lat="45.5990859241521">
        <ele>1590.79</ele>
      </trkpt>
      <trkpt lon="7.38026252441834" lat="45.5988637872832">
        <ele>1588.88</ele>
      </trkpt>
      <trkpt lon="7.38034078285506" lat="45.5989468956887">
        <ele>1592</ele>
      </trkpt>
      <trkpt lon="7.38034078285506" lat="45.5989468956887">
        <ele>1592</ele>
      </trkpt>
      <trkpt lon="7.38073956444169" lat="45.5987772119264">
        <ele>1592.68</ele>
      </trkpt>
      <trkpt lon="7.3811138751859" lat="45.5986512818085">
        <ele>1593</ele>
      </trkpt>
      <trkpt lon="7.38156904228032" lat="45.5985760954164">
        <ele>1593</ele>
      </trkpt>
      <trkpt lon="7.38181907602616" lat="45.5985537167094">
        <ele>1594</ele>
      </trkpt>
      <trkpt lon="7.38208877690878" lat="45.5985295437024">
        <ele>1594</ele>
      </trkpt>
      <trkpt lon="7.38242607991639" lat="45.5984732038703">
        <ele>1595</ele>
      </trkpt>
      <trkpt lon="7.38393257335558" lat="45.5982400736409">
        <ele>1598</ele>
      </trkpt>
      <trkpt lon="7.38418661077755" lat="45.5981763411522">
        <ele>1598</ele>
      </trkpt>
      <trkpt lon="7.38440539786321" lat="45.5980899660861">
        <ele>1599</ele>
      </trkpt>
      <trkpt lon="7.3852893532696" lat="45.5975354967504">
        <ele>1601</ele>
      </trkpt>
      <trkpt lon="7.38540842133445" lat="45.5974567098023">
        <ele>1601</ele>
      </trkpt>
      <trkpt lon="7.38593616863945" lat="45.5971973805799">
        <ele>1601</ele>
      </trkpt>
      <trkpt lon="7.38796949234081" lat="45.5964393227572">
        <ele>1605</ele>
      </trkpt>
      <trkpt lon="7.38811817173351" lat="45.5963829144365">
        <ele>1605</ele>
      </trkpt>
      <trkpt lon="7.38831559145669" lat="45.5963079338957">
        <ele>1606</ele>
      </trkpt>
      <trkpt lon="7.38831559145669" lat="45.5963079338957">
        <ele>1606</ele>
      </trkpt>
      <trkpt lon="7.38933933253633" lat="45.5959337121179">
        <ele>1608</ele>
      </trkpt>
      <trkpt lon="7.38999252972255" lat="45.5956802731428">
        <ele>1609</ele>
      </trkpt>
      <trkpt lon="7.39069052706275" lat="45.5954695884551">
        <ele>1610</ele>
      </trkpt>
      <trkpt lon="7.39069052706275" lat="45.5954695884551">
        <ele>1610</ele>
      </trkpt>
      <trkpt lon="7.39084163349346" lat="45.5954537145127">
        <ele>1610</ele>
      </trkpt>
      <trkpt lon="7.39100627978182" lat="45.5954036481725">
        <ele>1611</ele>
      </trkpt>
      <trkpt lon="7.39111103871439" lat="45.5953494978183">
        <ele>1611</ele>
      </trkpt>
      <trkpt lon="7.39128445330209" lat="45.5952259269323">
        <ele>1611.48</ele>
      </trkpt>
      <trkpt lon="7.39174593322223" lat="45.5949283738847">
        <ele>1612</ele>
      </trkpt>
      <trkpt lon="7.39186813438566" lat="45.5948651068023">
        <ele>1612</ele>
      </trkpt>
      <trkpt lon="7.39186813438566" lat="45.5948651068023">
        <ele>1612</ele>
      </trkpt>
      <trkpt lon="7.39201454109601" lat="45.5948296350984">
        <ele>1613</ele>
      </trkpt>
      <trkpt lon="7.39208794841179" lat="45.5948226578528">
        <ele>1613.53</ele>
      </trkpt>
      <trkpt lon="7.39216071378089" lat="45.594829261499">
        <ele>1614.37</ele>
      </trkpt>
      <trkpt lon="7.39223851469455" lat="45.5948705021777">
        <ele>1615.76</ele>
      </trkpt>
      <trkpt lon="7.39229779085896" lat="45.5948779973829">
        <ele>1616.23</ele>
      </trkpt>
      <trkpt lon="7.39247285725232" lat="45.5949478786106">
        <ele>1626.59</ele>
      </trkpt>
      <trkpt lon="7.39252981148557" lat="45.594937878908">
        <ele>1627.24</ele>
      </trkpt>
      <trkpt lon="7.3927397038793" lat="45.5949960073977">
        <ele>1635.14</ele>
      </trkpt>
      <trkpt lon="7.39283197343701" lat="45.5949525710819">
        <ele>1635.73</ele>
      </trkpt>
      <trkpt lon="7.39287778960039" lat="45.5948881393444">
        <ele>1636.54</ele>
      </trkpt>
      <trkpt lon="7.39306229157463" lat="45.5949957771703">
        <ele>1643.05</ele>
      </trkpt>
      <trkpt lon="7.39314303196113" lat="45.5950105060981">
        <ele>1645.71</ele>
      </trkpt>
      <trkpt lon="7.39320037880647" lat="45.5950945698811">
        <ele>1647.57</ele>
      </trkpt>
      <trkpt lon="7.39323822106012" lat="45.5951073455681">
        <ele>1648.83</ele>
      </trkpt>
      <trkpt lon="7.39332969896868" lat="45.5952040433321">
        <ele>1653.43</ele>
      </trkpt>
      <trkpt lon="7.39336968379032" lat="45.5951731901624">
        <ele>1652.69</ele>
      </trkpt>
      <trkpt lon="7.3933897783037" lat="45.5951923769509">
        <ele>1653.74</ele>
      </trkpt>
      <trkpt lon="7.39339668435193" lat="45.5951750099132">
        <ele>1652.77</ele>
      </trkpt>
      <trkpt lon="7.39345258576505" lat="45.5951659852249">
        <ele>1652.23</ele>
      </trkpt>
      <trkpt lon="7.39346991569891" lat="45.5950754108871">
        <ele>1650</ele>
      </trkpt>
      <trkpt lon="7.39349851104106" lat="45.5950618608214">
        <ele>1650.33</ele>
      </trkpt>
      <trkpt lon="7.39354664512455" lat="45.5950779311352">
        <ele>1651.69</ele>
      </trkpt>
      <trkpt lon="7.3935122656956" lat="45.5951234402839">
        <ele>1651.89</ele>
      </trkpt>
      <trkpt lon="7.39366986033437" lat="45.5951496896879">
        <ele>1656.64</ele>
      </trkpt>
      <trkpt lon="7.39366802675839" lat="45.5951600149304">
        <ele>1656.87</ele>
      </trkpt>
      <trkpt lon="7.39364611247889" lat="45.5951552062645">
        <ele>1656.13</ele>
      </trkpt>
      <trkpt lon="7.39359797950304" lat="45.595224468657">
        <ele>1657.31</ele>
      </trkpt>
      <trkpt lon="7.39371427856586" lat="45.5954037826315">
        <ele>1665.69</ele>
      </trkpt>
      <trkpt lon="7.39371754592529" lat="45.5955140021077">
        <ele>1669.35</ele>
      </trkpt>
      <trkpt lon="7.39369344345914" lat="45.5956127626977">
        <ele>1674</ele>
      </trkpt>
      <trkpt lon="7.39398745359431" lat="45.5957110485665">
        <ele>1676</ele>
      </trkpt>
      <trkpt lon="7.39406473027882" lat="45.5957123160105">
        <ele>1677</ele>
      </trkpt>
      <trkpt lon="7.39427438744795" lat="45.5957248933499">
        <ele>1680.3</ele>
      </trkpt>
      <trkpt lon="7.39438767854385" lat="45.5957401670499">
        <ele>1682.23</ele>
      </trkpt>
      <trkpt lon="7.39450045383915" lat="45.5957106090594">
        <ele>1684.59</ele>
      </trkpt>
      <trkpt lon="7.39458253803891" lat="45.5957591082958">
        <ele>1685.89</ele>
      </trkpt>
      <trkpt lon="7.39468467028814" lat="45.595787998898">
        <ele>1687</ele>
      </trkpt>
      <trkpt lon="7.39487866007493" lat="45.5958194376727">
        <ele>1689</ele>
      </trkpt>
      <trkpt lon="7.39497718937085" lat="45.5958532255858">
        <ele>1690.27</ele>
      </trkpt>
      <trkpt lon="7.39504259011949" lat="45.5958888882267">
        <ele>1691.8</ele>
      </trkpt>
      <trkpt lon="7.39514798698788" lat="45.5958841585685">
        <ele>1693</ele>
      </trkpt>
      <trkpt lon="7.39520194606128" lat="45.5959073291175">
        <ele>1693.04</ele>
      </trkpt>
      <trkpt lon="7.39521000575406" lat="45.5959889034735">
        <ele>1695</ele>
      </trkpt>
      <trkpt lon="7.39521000575406" lat="45.5959889034735">
        <ele>1695</ele>
      </trkpt>
      <trkpt lon="7.39520820222517" lat="45.5960252404831">
        <ele>1695.32</ele>
      </trkpt>
      <trkpt lon="7.39521751315736" lat="45.5960449049574">
        <ele>1695.98</ele>
      </trkpt>
      <trkpt lon="7.3952419548929" lat="45.5960690085785">
        <ele>1696.91</ele>
      </trkpt>
      <trkpt lon="7.39529449196844" lat="45.5960791093398">
        <ele>1698.97</ele>
      </trkpt>
      <trkpt lon="7.3953098530487" lat="45.5960980460764">
        <ele>1699.33</ele>
      </trkpt>
      <trkpt lon="7.39531362764313" lat="45.5961230328537">
        <ele>1699.98</ele>
      </trkpt>
      <trkpt lon="7.39529364013174" lat="45.5961719866726">
        <ele>1702.03</ele>
      </trkpt>
      <trkpt lon="7.39527655291448" lat="45.5962091902232">
        <ele>1702.85</ele>
      </trkpt>
      <trkpt lon="7.39526669124084" lat="45.596226785016">
        <ele>1703.04</ele>
      </trkpt>
      <trkpt lon="7.39526641864978" lat="45.5962453215917">
        <ele>1703.78</ele>
      </trkpt>
      <trkpt lon="7.39528034921895" lat="45.5962603693276">
        <ele>1704</ele>
      </trkpt>
      <trkpt lon="7.39530261356956" lat="45.5962619418042">
        <ele>1704.49</ele>
      </trkpt>
      <trkpt lon="7.39540335501323" lat="45.5962452673557">
        <ele>1707.05</ele>
      </trkpt>
      <trkpt lon="7.39544806457346" lat="45.596233111925">
        <ele>1708.08</ele>
      </trkpt>
      <trkpt lon="7.39545855089777" lat="45.5962340703837">
        <ele>1708.53</ele>
      </trkpt>
      <trkpt lon="7.39551034163153" lat="45.5961983449828">
        <ele>1708.49</ele>
      </trkpt>
      <trkpt lon="7.39552425309413" lat="45.5961961089495">
        <ele>1708.83</ele>
      </trkpt>
      <trkpt lon="7.39555171752132" lat="45.5961996454147">
        <ele>1709</ele>
      </trkpt>
      <trkpt lon="7.39556715087466" lat="45.5962160654218">
        <ele>1709.68</ele>
      </trkpt>
      <trkpt lon="7.3955666338426" lat="45.596234149206">
        <ele>1709.98</ele>
      </trkpt>
      <trkpt lon="7.39555921398061" lat="45.596247096683">
        <ele>1710.94</ele>
      </trkpt>
      <trkpt lon="7.39553561032079" lat="45.5962654858077">
        <ele>1711.54</ele>
      </trkpt>
      <trkpt lon="7.39553345985272" lat="45.5962869696618">
        <ele>1712</ele>
      </trkpt>
      <trkpt lon="7.39553940671156" lat="45.5963122564676">
        <ele>1712.21</ele>
      </trkpt>
      <trkpt lon="7.39554956180543" lat="45.5963473213383">
        <ele>1713.21</ele>
      </trkpt>
      <trkpt lon="7.39557785371667" lat="45.5963667998799">
        <ele>1714.34</ele>
      </trkpt>
      <trkpt lon="7.39561798524753" lat="45.5963623251542">
        <ele>1715.01</ele>
      </trkpt>
      <trkpt lon="7.39568832305377" lat="45.5963552117645">
        <ele>1716.83</ele>
      </trkpt>
      <trkpt lon="7.39574101014851" lat="45.5963645013957">
        <ele>1717.71</ele>
      </trkpt>
      <trkpt lon="7.39581897524021" lat="45.5963911611531">
        <ele>1719</ele>
      </trkpt>
      <trkpt lon="7.39589102630155" lat="45.5964183653115">
        <ele>1720.61</ele>
      </trkpt>
      <trkpt lon="7.39597511624519" lat="45.5964595116042">
        <ele>1721.93</ele>
      </trkpt>
      <trkpt lon="7.39604553682637" lat="45.596481021159">
        <ele>1722.18</ele>
      </trkpt>
      <trkpt lon="7.39608254855046" lat="45.596491532892">
        <ele>1722.8</ele>
      </trkpt>
      <trkpt lon="7.39610432931406" lat="45.5965055195658">
        <ele>1723.01</ele>
      </trkpt>
      <trkpt lon="7.39612313759493" lat="45.5965294564616">
        <ele>1723.97</ele>
      </trkpt>
      <trkpt lon="7.39613607371909" lat="45.5965434097159">
        <ele>1724.3</ele>
      </trkpt>
      <trkpt lon="7.39613693482435" lat="45.5965446819785">
        <ele>1724.34</ele>
      </trkpt>
      <trkpt lon="7.39616770199223" lat="45.5965538463951">
        <ele>1725.55</ele>
      </trkpt>
      <trkpt lon="7.39617721862371" lat="45.5965663995811">
        <ele>1725.93</ele>
      </trkpt>
      <trkpt lon="7.39617682667891" lat="45.596580166591">
        <ele>1726.59</ele>
      </trkpt>
      <trkpt lon="7.39617664877568" lat="45.5965863750791">
        <ele>1726.93</ele>
      </trkpt>
      <trkpt lon="7.39618719894626" lat="45.5965895835951">
        <ele>1727.35</ele>
      </trkpt>
      <trkpt lon="7.39619622965155" lat="45.5965921393022">
        <ele>1727.71</ele>
      </trkpt>
      <trkpt lon="7.39625971206253" lat="45.5965690893335">
        <ele>1729.1</ele>
      </trkpt>
      <trkpt lon="7.39626667353011" lat="45.5965587446955">
        <ele>1728.21</ele>
      </trkpt>
      <trkpt lon="7.39627761286405" lat="45.5965483695395">
        <ele>1727.64</ele>
      </trkpt>
      <trkpt lon="7.39630408840544" lat="45.596550630963">
        <ele>1728.78</ele>
      </trkpt>
      <trkpt lon="7.39630992433927" lat="45.5965662841916">
        <ele>1730.58</ele>
      </trkpt>
      <trkpt lon="7.39632048223201" lat="45.5966007268283">
        <ele>1731.56</ele>
      </trkpt>
      <trkpt lon="7.39632939018737" lat="45.5966301054325">
        <ele>1732.94</ele>
      </trkpt>
      <trkpt lon="7.39633649584884" lat="45.5966327250115">
        <ele>1733</ele>
      </trkpt>
      <trkpt lon="7.39639796069116" lat="45.5966534789052">
        <ele>1734</ele>
      </trkpt>
      <trkpt lon="7.39644736988366" lat="45.5966654241274">
        <ele>1734.18</ele>
      </trkpt>
      <trkpt lon="7.39646109761952" lat="45.5966830802604">
        <ele>1735.15</ele>
      </trkpt>
      <trkpt lon="7.39645441377373" lat="45.5967017084432">
        <ele>1736</ele>
      </trkpt>
      <trkpt lon="7.39644142977797" lat="45.5967208782456">
        <ele>1736</ele>
      </trkpt>
      <trkpt lon="7.3964395929802" lat="45.5967538846154">
        <ele>1737.1</ele>
      </trkpt>
      <trkpt lon="7.39644584256881" lat="45.596781965939">
        <ele>1738.23</ele>
      </trkpt>
      <trkpt lon="7.39644547008123" lat="45.5967951023777">
        <ele>1738.6</ele>
      </trkpt>
      <trkpt lon="7.39642819159127" lat="45.5968119609693">
        <ele>1739.33</ele>
      </trkpt>
      <trkpt lon="7.39639434856338" lat="45.5968432586539">
        <ele>1740.74</ele>
      </trkpt>
      <trkpt lon="7.39638002534468" lat="45.5968779816132">
        <ele>1741.23</ele>
      </trkpt>
      <trkpt lon="7.39639842769466" lat="45.5969206356436">
        <ele>1742.97</ele>
      </trkpt>
      <trkpt lon="7.3964076525421" lat="45.5969388556363">
        <ele>1743.6</ele>
      </trkpt>
      <trkpt lon="7.39644611962096" lat="45.5969612704612">
        <ele>1744.95</ele>
      </trkpt>
      <trkpt lon="7.39647595071722" lat="45.5969673597913">
        <ele>1745.93</ele>
      </trkpt>
      <trkpt lon="7.39651275126926" lat="45.5969807465948">
        <ele>1746.64</ele>
      </trkpt>
      <trkpt lon="7.3965448041377" lat="45.597012339367">
        <ele>1748.29</ele>
      </trkpt>
      <trkpt lon="7.39658040158789" lat="45.5970409237642">
        <ele>1750</ele>
      </trkpt>
      <trkpt lon="7.39662316037969" lat="45.5970658248043">
        <ele>1750.91</ele>
      </trkpt>
      <trkpt lon="7.39667388593991" lat="45.5970945315727">
        <ele>1751.84</ele>
      </trkpt>
      <trkpt lon="7.39670174456299" lat="45.5971112128175">
        <ele>1752.74</ele>
      </trkpt>
      <trkpt lon="7.3967174002967" lat="45.5971198048517">
        <ele>1753.21</ele>
      </trkpt>
      <trkpt lon="7.39697634417131" lat="45.5971577333055">
        <ele>1755</ele>
      </trkpt>
      <trkpt lon="7.39708981272844" lat="45.5971893879756">
        <ele>1756.79</ele>
      </trkpt>
      <trkpt lon="7.39721753430422" lat="45.5972248456569">
        <ele>1758.15</ele>
      </trkpt>
      <trkpt lon="7.39746740595232" lat="45.5972527432147">
        <ele>1760.01</ele>
      </trkpt>
      <trkpt lon="7.39760268690573" lat="45.5972433915061">
        <ele>1761.55</ele>
      </trkpt>
      <trkpt lon="7.39770792210472" lat="45.5972670097832">
        <ele>1766.02</ele>
      </trkpt>
      <trkpt lon="7.39773562307455" lat="45.5972487679239">
        <ele>1766.04</ele>
      </trkpt>
      <trkpt lon="7.39776362902177" lat="45.5972604101541">
        <ele>1767.57</ele>
      </trkpt>
      <trkpt lon="7.39775747279964" lat="45.597287508">
        <ele>1768.07</ele>
      </trkpt>
      <trkpt lon="7.39779588150345" lat="45.5973119895431">
        <ele>1770.04</ele>
      </trkpt>
      <trkpt lon="7.39792727398343" lat="45.5972770177068">
        <ele>1772</ele>
      </trkpt>
      <trkpt lon="7.39800130638715" lat="45.597266265372">
        <ele>1773</ele>
      </trkpt>
      <trkpt lon="7.39819390810298" lat="45.5971124411302">
        <ele>1777.18</ele>
      </trkpt>
      <trkpt lon="7.39821800192696" lat="45.5971713734036">
        <ele>1779.19</ele>
      </trkpt>
      <trkpt lon="7.39834859361822" lat="45.5970338711973">
        <ele>1785.85</ele>
      </trkpt>
      <trkpt lon="7.39841133705556" lat="45.5970143185319">
        <ele>1786</ele>
      </trkpt>
      <trkpt lon="7.39846790768128" lat="45.5970179025012">
        <ele>1787.61</ele>
      </trkpt>
      <trkpt lon="7.39849753691677" lat="45.5969769128649">
        <ele>1788.09</ele>
      </trkpt>
      <trkpt lon="7.39849101345844" lat="45.5968907717418">
        <ele>1789.53</ele>
      </trkpt>
      <trkpt lon="7.39876360586666" lat="45.5968771323606">
        <ele>1801.28</ele>
      </trkpt>
      <trkpt lon="7.39901141013049" lat="45.5967974382975">
        <ele>1807.72</ele>
      </trkpt>
      <trkpt lon="7.39923403827886" lat="45.596746280822">
        <ele>1812.34</ele>
      </trkpt>
      <trkpt lon="7.39936593649808" lat="45.5967024948794">
        <ele>1814.98</ele>
      </trkpt>
      <trkpt lon="7.39948394209531" lat="45.5966918179707">
        <ele>1817.01</ele>
      </trkpt>
      <trkpt lon="7.39959122795578" lat="45.5966839604741">
        <ele>1818.81</ele>
      </trkpt>
      <trkpt lon="7.39965759067531" lat="45.5966767887112">
        <ele>1819</ele>
      </trkpt>
      <trkpt lon="7.39973404777266" lat="45.5966844313079">
        <ele>1820.77</ele>
      </trkpt>
      <trkpt lon="7.39983296773146" lat="45.5966280308404">
        <ele>1821</ele>
      </trkpt>
      <trkpt lon="7.39992223996837" lat="45.5965862556485">
        <ele>1821</ele>
      </trkpt>
      <trkpt lon="7.39998690011249" lat="45.5965668196711">
        <ele>1821</ele>
      </trkpt>
      <trkpt lon="7.40007522462904" lat="45.5965494256401">
        <ele>1820.91</ele>
      </trkpt>
      <trkpt lon="7.40017449117462" lat="45.5965258843375">
        <ele>1820</ele>
      </trkpt>
      <trkpt lon="7.40027449651606" lat="45.5965079320718">
        <ele>1820.29</ele>
      </trkpt>
      <trkpt lon="7.40033735374787" lat="45.59649333231">
        <ele>1820.62</ele>
      </trkpt>
      <trkpt lon="7.40038214939296" lat="45.5964826185831">
        <ele>1821</ele>
      </trkpt>
      <trkpt lon="7.40046715449124" lat="45.596460135503">
        <ele>1821.64</ele>
      </trkpt>
      <trkpt lon="7.40052541719235" lat="45.596444749566">
        <ele>1822</ele>
      </trkpt>
      <trkpt lon="7.40061261374972" lat="45.5964353501701">
        <ele>1822.32</ele>
      </trkpt>
      <trkpt lon="7.40068661001871" lat="45.596425764531">
        <ele>1823</ele>
      </trkpt>
      <trkpt lon="7.40074421696324" lat="45.5964199093835">
        <ele>1823.17</ele>
      </trkpt>
      <trkpt lon="7.40086580283493" lat="45.5964276440845">
        <ele>1824.33</ele>
      </trkpt>
      <trkpt lon="7.40094333229954" lat="45.5964290893131">
        <ele>1823.26</ele>
      </trkpt>
      <trkpt lon="7.40101329475068" lat="45.5964397013665">
        <ele>1822.05</ele>
      </trkpt>
      <trkpt lon="7.40121097886785" lat="45.5964811709851">
        <ele>1820.23</ele>
      </trkpt>
      <trkpt lon="7.40141605773898" lat="45.5965151849315">
        <ele>1818.96</ele>
      </trkpt>
      <trkpt lon="7.40161362501781" lat="45.5965652964334">
        <ele>1818.6</ele>
      </trkpt>
      <trkpt lon="7.40169867675277" lat="45.5965727863314">
        <ele>1817.94</ele>
      </trkpt>
      <trkpt lon="7.40179990681625" lat="45.5965704233593">
        <ele>1817.74</ele>
      </trkpt>
      <trkpt lon="7.40189742829453" lat="45.5965767383479">
        <ele>1817.01</ele>
      </trkpt>
      <trkpt lon="7.40206176192792" lat="45.5966052323178">
        <ele>1817.22</ele>
      </trkpt>
      <trkpt lon="7.40214473842378" lat="45.5966225946668">
        <ele>1816.47</ele>
      </trkpt>
      <trkpt lon="7.4021868139274" lat="45.5966444234006">
        <ele>1816.34</ele>
      </trkpt>
      <trkpt lon="7.40224482035923" lat="45.5966652189287">
        <ele>1815.99</ele>
      </trkpt>
      <trkpt lon="7.40232202423901" lat="45.5966961815649">
        <ele>1815.61</ele>
      </trkpt>
      <trkpt lon="7.40246364320193" lat="45.5967389367862">
        <ele>1815.16</ele>
      </trkpt>
      <trkpt lon="7.40255063083313" lat="45.5967595964793">
        <ele>1814.66</ele>
      </trkpt>
      <trkpt lon="7.4026223739581" lat="45.5967661806705">
        <ele>1813.97</ele>
      </trkpt>
      <trkpt lon="7.40268169181689" lat="45.5967723202863">
        <ele>1813.45</ele>
      </trkpt>
      <trkpt lon="7.40273286213627" lat="45.596785457222">
        <ele>1813.17</ele>
      </trkpt>
      <trkpt lon="7.40275337630252" lat="45.5967944743138">
        <ele>1813.16</ele>
      </trkpt>
      <trkpt lon="7.40277863501688" lat="45.5968035581198">
        <ele>1812.95</ele>
      </trkpt>
      <trkpt lon="7.40281195779101" lat="45.5968130253464">
        <ele>1812.46</ele>
      </trkpt>
      <trkpt lon="7.4028261219453" lat="45.5968154755448">
        <ele>1812.55</ele>
      </trkpt>
      <trkpt lon="7.40285190029864" lat="45.5968152063422">
        <ele>1812.02</ele>
      </trkpt>
      <trkpt lon="7.40287863435703" lat="45.5968083786502">
        <ele>1811.12</ele>
      </trkpt>
      <trkpt lon="7.40291454357888" lat="45.596803570542">
        <ele>1810.66</ele>
      </trkpt>
      <trkpt lon="7.40293431625777" lat="45.5968025873745">
        <ele>1809.98</ele>
      </trkpt>
      <trkpt lon="7.40297373383327" lat="45.5968007071518">
        <ele>1809.08</ele>
      </trkpt>
      <trkpt lon="7.40301588196406" lat="45.5968019270335">
        <ele>1808.34</ele>
      </trkpt>
      <trkpt lon="7.40307411947091" lat="45.5967964413457">
        <ele>1807.3</ele>
      </trkpt>
      <trkpt lon="7.40310118387716" lat="45.5968006000449">
        <ele>1807.31</ele>
      </trkpt>
      <trkpt lon="7.4031809603948" lat="45.5968132344661">
        <ele>1806.15</ele>
      </trkpt>
      <trkpt lon="7.40320977211781" lat="45.5968145375546">
        <ele>1806.2</ele>
      </trkpt>
      <trkpt lon="7.40326205650013" lat="45.5968200409754">
        <ele>1806.47</ele>
      </trkpt>
      <trkpt lon="7.40328851814185" lat="45.5968228413012">
        <ele>1806.06</ele>
      </trkpt>
      <trkpt lon="7.403357941851" lat="45.5968253420338">
        <ele>1805.69</ele>
      </trkpt>
      <trkpt lon="7.40341814036215" lat="45.5968275315584">
        <ele>1804.76</ele>
      </trkpt>
      <trkpt lon="7.40346886366971" lat="45.5968294126506">
        <ele>1804.83</ele>
      </trkpt>
      <trkpt lon="7.40355800464021" lat="45.596823816147">
        <ele>1805.44</ele>
      </trkpt>
      <trkpt lon="7.40359613598661" lat="45.5968265110272">
        <ele>1805.03</ele>
      </trkpt>
      <trkpt lon="7.40360121940109" lat="45.5968281111165">
        <ele>1804.92</ele>
      </trkpt>
      <trkpt lon="7.40361557796183" lat="45.5968327224823">
        <ele>1804.89</ele>
      </trkpt>
      <trkpt lon="7.40363810899203" lat="45.596833939397">
        <ele>1804.95</ele>
      </trkpt>
      <trkpt lon="7.40367327646237" lat="45.596832628592">
        <ele>1804.84</ele>
      </trkpt>
      <trkpt lon="7.40371854422378" lat="45.5968278622418">
        <ele>1804.71</ele>
      </trkpt>
      <trkpt lon="7.40378567362513" lat="45.5968207877109">
        <ele>1806.02</ele>
      </trkpt>
      <trkpt lon="7.40380962413607" lat="45.5968217546329">
        <ele>1806.25</ele>
      </trkpt>
      <trkpt lon="7.40383431344286" lat="45.5968283105918">
        <ele>1807.39</ele>
      </trkpt>
      <trkpt lon="7.40386329159839" lat="45.596841766766">
        <ele>1808.41</ele>
      </trkpt>
      <trkpt lon="7.40387999190164" lat="45.5968451503457">
        <ele>1808.76</ele>
      </trkpt>
      <trkpt lon="7.40402734787448" lat="45.5968484685172">
        <ele>1809.45</ele>
      </trkpt>
      <trkpt lon="7.40412903866821" lat="45.5968660921644">
        <ele>1809.99</ele>
      </trkpt>
      <trkpt lon="7.40432854201805" lat="45.5969204537921">
        <ele>1809.37</ele>
      </trkpt>
      <trkpt lon="7.40438473172955" lat="45.5969419409867">
        <ele>1810.37</ele>
      </trkpt>
      <trkpt lon="7.40446874149862" lat="45.5969635478972">
        <ele>1810.5</ele>
      </trkpt>
      <trkpt lon="7.40453355659937" lat="45.5969748960305">
        <ele>1811.33</ele>
      </trkpt>
      <trkpt lon="7.40472222130445" lat="45.5970045319304">
        <ele>1813.58</ele>
      </trkpt>
      <trkpt lon="7.40481710047185" lat="45.5970407837593">
        <ele>1814.32</ele>
      </trkpt>
      <trkpt lon="7.40497714283131" lat="45.5970443687265">
        <ele>1815.85</ele>
      </trkpt>
      <trkpt lon="7.40502442710272" lat="45.5970498887661">
        <ele>1816.86</ele>
      </trkpt>
      <trkpt lon="7.40500858450508" lat="45.5970795504721">
        <ele>1817.47</ele>
      </trkpt>
      <trkpt lon="7.40481801862408" lat="45.5971078521254">
        <ele>1818.24</ele>
      </trkpt>
      <trkpt lon="7.40477256461706" lat="45.5971192797529">
        <ele>1819.24</ele>
      </trkpt>
      <trkpt lon="7.40472445233314" lat="45.5971248183174">
        <ele>1820.36</ele>
      </trkpt>
      <trkpt lon="7.40468094587454" lat="45.5971217789323">
        <ele>1821.1</ele>
      </trkpt>
      <trkpt lon="7.40463221988386" lat="45.5971173172388">
        <ele>1821.92</ele>
      </trkpt>
      <trkpt lon="7.40459951368584" lat="45.5971131723744">
        <ele>1822.44</ele>
      </trkpt>
      <trkpt lon="7.40458322703567" lat="45.5971223057809">
        <ele>1823.72</ele>
      </trkpt>
      <trkpt lon="7.40458381016331" lat="45.5971334755126">
        <ele>1823.94</ele>
      </trkpt>
      <trkpt lon="7.40461088820337" lat="45.5971506845408">
        <ele>1824.32</ele>
      </trkpt>
      <trkpt lon="7.40466618623049" lat="45.5971720689465">
        <ele>1823.95</ele>
      </trkpt>
      <trkpt lon="7.4046978755687" lat="45.5971849334653">
        <ele>1823.73</ele>
      </trkpt>
      <trkpt lon="7.4047689372109" lat="45.597238129936">
        <ele>1824.65</ele>
      </trkpt>
      <trkpt lon="7.40481320972935" lat="45.5972730423542">
        <ele>1825.43</ele>
      </trkpt>
      <trkpt lon="7.40485270191718" lat="45.597291057078">
        <ele>1825.4</ele>
      </trkpt>
      <trkpt lon="7.40487997731762" lat="45.5973014298248">
        <ele>1825.95</ele>
      </trkpt>
      <trkpt lon="7.40489168576234" lat="45.5973089745723">
        <ele>1826.15</ele>
      </trkpt>
      <trkpt lon="7.40491394984534" lat="45.5973242251715">
        <ele>1826.19</ele>
      </trkpt>
      <trkpt lon="7.40492968341324" lat="45.5973300254694">
        <ele>1826.5</ele>
      </trkpt>
      <trkpt lon="7.40502309663943" lat="45.597327551308">
        <ele>1826.29</ele>
      </trkpt>
      <trkpt lon="7.40508820944104" lat="45.5973147793918">
        <ele>1825.53</ele>
      </trkpt>
      <trkpt lon="7.4051455749005" lat="45.597299376779">
        <ele>1824.63</ele>
      </trkpt>
      <trkpt lon="7.40519424260593" lat="45.5973013161861">
        <ele>1824.7</ele>
      </trkpt>
      <trkpt lon="7.40524867172097" lat="45.5972945165396">
        <ele>1824.28</ele>
      </trkpt>
      <trkpt lon="7.40529280891804" lat="45.5972889223798">
        <ele>1823.94</ele>
      </trkpt>
      <trkpt lon="7.4054368733585" lat="45.5972816624751">
        <ele>1823.52</ele>
      </trkpt>
      <trkpt lon="7.40550244428858" lat="45.5972798769513">
        <ele>1824.27</ele>
      </trkpt>
      <trkpt lon="7.40577480668499" lat="45.5972382257503">
        <ele>1824.71</ele>
      </trkpt>
      <trkpt lon="7.40582227173081" lat="45.5972327677372">
        <ele>1824.88</ele>
      </trkpt>
      <trkpt lon="7.40588086738165" lat="45.5972373656404">
        <ele>1824.61</ele>
      </trkpt>
      <trkpt lon="7.40592396252468" lat="45.5972503886065">
        <ele>1825.31</ele>
      </trkpt>
      <trkpt lon="7.40600818866933" lat="45.5972871181224">
        <ele>1826.28</ele>
      </trkpt>
      <trkpt lon="7.40609123063744" lat="45.5973655959015">
        <ele>1828.25</ele>
      </trkpt>
      <trkpt lon="7.40610750841689" lat="45.5973839131869">
        <ele>1829</ele>
      </trkpt>
      <trkpt lon="7.40612320844992" lat="45.5973999748543">
        <ele>1829</ele>
      </trkpt>
      <trkpt lon="7.40614552821823" lat="45.5974086586218">
        <ele>1829</ele>
      </trkpt>
      <trkpt lon="7.40638277282671" lat="45.5973846047479">
        <ele>1831.89</ele>
      </trkpt>
      <trkpt lon="7.40642490427824" lat="45.597386452423">
        <ele>1832</ele>
      </trkpt>
      <trkpt lon="7.40647071607331" lat="45.597403294956">
        <ele>1833</ele>
      </trkpt>
      <trkpt lon="7.40653394768821" lat="45.5974206487811">
        <ele>1833.22</ele>
      </trkpt>
      <trkpt lon="7.40656142870336" lat="45.5974282325706">
        <ele>1833.69</ele>
      </trkpt>
      <trkpt lon="7.40660145182481" lat="45.5974275301611">
        <ele>1834</ele>
      </trkpt>
      <trkpt lon="7.40668065094848" lat="45.5974199057327">
        <ele>1834.14</ele>
      </trkpt>
      <trkpt lon="7.40678415083397" lat="45.5974008256943">
        <ele>1835</ele>
      </trkpt>
      <trkpt lon="7.40689504852251" lat="45.5973604285232">
        <ele>1835</ele>
      </trkpt>
      <trkpt lon="7.40692238803698" lat="45.5973593704269">
        <ele>1835</ele>
      </trkpt>
      <trkpt lon="7.40701980988503" lat="45.5973466877134">
        <ele>1835.5</ele>
      </trkpt>
      <trkpt lon="7.40711052591473" lat="45.5973398523048">
        <ele>1835.36</ele>
      </trkpt>
      <trkpt lon="7.40723264496808" lat="45.5973559566662">
        <ele>1836.15</ele>
      </trkpt>
      <trkpt lon="7.40732958547502" lat="45.5973828721685">
        <ele>1837</ele>
      </trkpt>
      <trkpt lon="7.40743299856587" lat="45.5973986235628">
        <ele>1837</ele>
      </trkpt>
      <trkpt lon="7.40750116375403" lat="45.5974092967115">
        <ele>1836.49</ele>
      </trkpt>
      <trkpt lon="7.40752452531047" lat="45.5974129525845">
        <ele>1836.06</ele>
      </trkpt>
      <trkpt lon="7.40757170143826" lat="45.5974086584868">
        <ele>1836</ele>
      </trkpt>
      <trkpt lon="7.40761385261475" lat="45.5973961946902">
        <ele>1836.08</ele>
      </trkpt>
      <trkpt lon="7.40764108980896" lat="45.5973716415561">
        <ele>1836</ele>
      </trkpt>
      <trkpt lon="7.40768916935775" lat="45.597335499442">
        <ele>1836</ele>
      </trkpt>
      <trkpt lon="7.40774922107336" lat="45.5973157245227">
        <ele>1835.52</ele>
      </trkpt>
      <trkpt lon="7.40778583304266" lat="45.5973132637026">
        <ele>1835.19</ele>
      </trkpt>
      <trkpt lon="7.40786804572481" lat="45.5973259314814">
        <ele>1834.32</ele>
      </trkpt>
      <trkpt lon="7.40794704165945" lat="45.5973390936862">
        <ele>1832.23</ele>
      </trkpt>
      <trkpt lon="7.40800157300505" lat="45.5973603753041">
        <ele>1830.89</ele>
      </trkpt>
      <trkpt lon="7.408081543038" lat="45.5974207164852">
        <ele>1829.99</ele>
      </trkpt>
      <trkpt lon="7.40814382441726" lat="45.5974490400221">
        <ele>1829.62</ele>
      </trkpt>
      <trkpt lon="7.40827399865448" lat="45.5974932479474">
        <ele>1828.96</ele>
      </trkpt>
      <trkpt lon="7.40835215536841" lat="45.5975224188809">
        <ele>1828.53</ele>
      </trkpt>
      <trkpt lon="7.40849430221452" lat="45.5975604045426">
        <ele>1828.18</ele>
      </trkpt>
      <trkpt lon="7.40865405503443" lat="45.5975969236704">
        <ele>1828.44</ele>
      </trkpt>
      <trkpt lon="7.40878999641836" lat="45.5976231228641">
        <ele>1829</ele>
      </trkpt>
      <trkpt lon="7.40888732609233" lat="45.5976362685785">
        <ele>1829.34</ele>
      </trkpt>
      <trkpt lon="7.4089786446189" lat="45.5976444724437">
        <ele>1829.83</ele>
      </trkpt>
      <trkpt lon="7.40915734577088" lat="45.5976457019758">
        <ele>1829.76</ele>
      </trkpt>
      <trkpt lon="7.40934301664117" lat="45.5976408175321">
        <ele>1830.34</ele>
      </trkpt>
      <trkpt lon="7.40943927456977" lat="45.5976283848136">
        <ele>1830.58</ele>
      </trkpt>
      <trkpt lon="7.40951702641328" lat="45.5976220881824">
        <ele>1830.48</ele>
      </trkpt>
      <trkpt lon="7.40961184835789" lat="45.5976015358009">
        <ele>1829.95</ele>
      </trkpt>
      <trkpt lon="7.40969653656454" lat="45.5975902029986">
        <ele>1830</ele>
      </trkpt>
      <trkpt lon="7.40979620555546" lat="45.5975841204731">
        <ele>1829.85</ele>
      </trkpt>
      <trkpt lon="7.40988478805914" lat="45.5975847241203">
        <ele>1829.81</ele>
      </trkpt>
      <trkpt lon="7.40995673392962" lat="45.5975931972499">
        <ele>1829.23</ele>
      </trkpt>
      <trkpt lon="7.41002126575979" lat="45.5976010258473">
        <ele>1829</ele>
      </trkpt>
      <trkpt lon="7.41004847740568" lat="45.5976044650853">
        <ele>1829</ele>
      </trkpt>
      <trkpt lon="7.41004847740568" lat="45.5976044650853">
        <ele>1829</ele>
      </trkpt>
      <trkpt lon="7.4100913701559" lat="45.5975975903257">
        <ele>1829</ele>
      </trkpt>
      <trkpt lon="7.41016342479188" lat="45.5975841017916">
        <ele>1829</ele>
      </trkpt>
      <trkpt lon="7.41031950371524" lat="45.5975600832468">
        <ele>1829</ele>
      </trkpt>
      <trkpt lon="7.41049768585015" lat="45.5975388899863">
        <ele>1829</ele>
      </trkpt>
      <trkpt lon="7.4106404060391" lat="45.5975202631153">
        <ele>1829.65</ele>
      </trkpt>
      <trkpt lon="7.4108030433652" lat="45.5975001141757">
        <ele>1829.4</ele>
      </trkpt>
      <trkpt lon="7.41096260015472" lat="45.5974755123163">
        <ele>1829.91</ele>
      </trkpt>
      <trkpt lon="7.41121634536916" lat="45.5974391666248">
        <ele>1829</ele>
      </trkpt>
      <trkpt lon="7.41173827802162" lat="45.5973543472973">
        <ele>1829.36</ele>
      </trkpt>
      <trkpt lon="7.4118763372319" lat="45.5973236839667">
        <ele>1828.77</ele>
      </trkpt>
      <trkpt lon="7.41198940709876" lat="45.5972879924907">
        <ele>1827.94</ele>
      </trkpt>
      <trkpt lon="7.41210894623799" lat="45.5972684098164">
        <ele>1828.03</ele>
      </trkpt>
      <trkpt lon="7.41213562748054" lat="45.5972634710603">
        <ele>1827.46</ele>
      </trkpt>
      <trkpt lon="7.412176875768" lat="45.5972556740392">
        <ele>1827.52</ele>
      </trkpt>
      <trkpt lon="7.41224056882133" lat="45.5972568302381">
        <ele>1828.43</ele>
      </trkpt>
      <trkpt lon="7.4123401459905" lat="45.5972585729089">
        <ele>1827.59</ele>
      </trkpt>
      <trkpt lon="7.41240127796835" lat="45.5972550122975">
        <ele>1826.1</ele>
      </trkpt>
      <trkpt lon="7.41249451346958" lat="45.5972496491725">
        <ele>1825.73</ele>
      </trkpt>
      <trkpt lon="7.41250929159673" lat="45.5972485048417">
        <ele>1826.52</ele>
      </trkpt>
      <trkpt lon="7.41255053423519" lat="45.5972454773853">
        <ele>1826.26</ele>
      </trkpt>
      <trkpt lon="7.41257071545018" lat="45.5972345967501">
        <ele>1826.51</ele>
      </trkpt>
      <trkpt lon="7.41256788642673" lat="45.5971530974461">
        <ele>1825.82</ele>
      </trkpt>
      <trkpt lon="7.41260015933667" lat="45.5971544450135">
        <ele>1825.98</ele>
      </trkpt>
      <trkpt lon="7.4126055534622" lat="45.5971768428523">
        <ele>1825</ele>
      </trkpt>
      <trkpt lon="7.41264527116416" lat="45.5971688458115">
        <ele>1824.54</ele>
      </trkpt>
      <trkpt lon="7.41277453675234" lat="45.5970862116415">
        <ele>1827.45</ele>
      </trkpt>
      <trkpt lon="7.41285862991163" lat="45.5971050212599">
        <ele>1825</ele>
      </trkpt>
      <trkpt lon="7.41295473593452" lat="45.597047851301">
        <ele>1830.5</ele>
      </trkpt>
      <trkpt lon="7.41295075026115" lat="45.5970209728072">
        <ele>1834.17</ele>
      </trkpt>
      <trkpt lon="7.41296335961502" lat="45.5969830747512">
        <ele>1836.99</ele>
      </trkpt>
      <trkpt lon="7.41300576662045" lat="45.5969569300566">
        <ele>1838.48</ele>
      </trkpt>
      <trkpt lon="7.41310792459177" lat="45.5969489891748">
        <ele>1839</ele>
      </trkpt>
      <trkpt lon="7.41320662684748" lat="45.5969453205897">
        <ele>1839.27</ele>
      </trkpt>
      <trkpt lon="7.41336883644826" lat="45.5969220104551">
        <ele>1840.52</ele>
      </trkpt>
      <trkpt lon="7.41358706977213" lat="45.5968853477463">
        <ele>1842.9</ele>
      </trkpt>
      <trkpt lon="7.41366298561427" lat="45.5968713703482">
        <ele>1843.73</ele>
      </trkpt>
      <trkpt lon="7.41377483040684" lat="45.5968380900321">
        <ele>1844.67</ele>
      </trkpt>
      <trkpt lon="7.41402047874533" lat="45.5967748963633">
        <ele>1847.37</ele>
      </trkpt>
      <trkpt lon="7.41407143295372" lat="45.5967594020196">
        <ele>1847.3</ele>
      </trkpt>
      <trkpt lon="7.41414956240207" lat="45.5967623750701">
        <ele>1847.16</ele>
      </trkpt>
      <trkpt lon="7.41420744714663" lat="45.5967557087935">
        <ele>1846.58</ele>
      </trkpt>
      <trkpt lon="7.41425666793627" lat="45.5967426200493">
        <ele>1847</ele>
      </trkpt>
      <trkpt lon="7.41431657510574" lat="45.5967278813665">
        <ele>1847.21</ele>
      </trkpt>
      <trkpt lon="7.41437936580547" lat="45.5967063397623">
        <ele>1848</ele>
      </trkpt>
      <trkpt lon="7.41448821856663" lat="45.5966883181353">
        <ele>1848.54</ele>
      </trkpt>
      <trkpt lon="7.41457168483618" lat="45.596661034919">
        <ele>1849.12</ele>
      </trkpt>
      <trkpt lon="7.41461573154822" lat="45.5965949503445">
        <ele>1851</ele>
      </trkpt>
      <trkpt lon="7.41464726072834" lat="45.5965589330739">
        <ele>1851.17</ele>
      </trkpt>
      <trkpt lon="7.41464726072834" lat="45.5965589330739">
        <ele>1851.17</ele>
      </trkpt>
      <trkpt lon="7.4146994848457" lat="45.5965211326246">
        <ele>1852</ele>
      </trkpt>
      <trkpt lon="7.41471803505033" lat="45.5965316525131">
        <ele>1852</ele>
      </trkpt>
      <trkpt lon="7.41473299395189" lat="45.5965195273517">
        <ele>1852.49</ele>
      </trkpt>
      <trkpt lon="7.41474059225591" lat="45.5964728290255">
        <ele>1852.74</ele>
      </trkpt>
      <trkpt lon="7.41480118925397" lat="45.5964108419361">
        <ele>1854.04</ele>
      </trkpt>
      <trkpt lon="7.41485984910884" lat="45.5963994144359">
        <ele>1855.31</ele>
      </trkpt>
      <trkpt lon="7.41494797778186" lat="45.5963113491768">
        <ele>1857.65</ele>
      </trkpt>
      <trkpt lon="7.41500011726082" lat="45.5963401559612">
        <ele>1858.72</ele>
      </trkpt>
      <trkpt lon="7.41505688362839" lat="45.5962776660444">
        <ele>1860</ele>
      </trkpt>
      <trkpt lon="7.41507147066586" lat="45.5962468154074">
        <ele>1860.71</ele>
      </trkpt>
      <trkpt lon="7.41517905387557" lat="45.5962328272032">
        <ele>1863.57</ele>
      </trkpt>
      <trkpt lon="7.41521466637782" lat="45.5962019989917">
        <ele>1864.82</ele>
      </trkpt>
      <trkpt lon="7.41524475401474" lat="45.5961580398403">
        <ele>1865.05</ele>
      </trkpt>
      <trkpt lon="7.41523893287514" lat="45.5960961215567">
        <ele>1865.01</ele>
      </trkpt>
      <trkpt lon="7.41528977498666" lat="45.5959889054553">
        <ele>1868.01</ele>
      </trkpt>
      <trkpt lon="7.4153282669011" lat="45.5960197732712">
        <ele>1868.05</ele>
      </trkpt>
      <trkpt lon="7.41540947230775" lat="45.5959772452044">
        <ele>1870.21</ele>
      </trkpt>
      <trkpt lon="7.41549498001562" lat="45.5959639401379">
        <ele>1871.82</ele>
      </trkpt>
      <trkpt lon="7.41553272793074" lat="45.5959712156853">
        <ele>1872</ele>
      </trkpt>
      <trkpt lon="7.41559435050305" lat="45.5960230148074">
        <ele>1873</ele>
      </trkpt>
      <trkpt lon="7.41561129291334" lat="45.5960041672734">
        <ele>1873.11</ele>
      </trkpt>
      <trkpt lon="7.41562143723606" lat="45.5960218622618">
        <ele>1873.59</ele>
      </trkpt>
      <trkpt lon="7.41579914888108" lat="45.5960535786636">
        <ele>1881.39</ele>
      </trkpt>
      <trkpt lon="7.41582444731481" lat="45.5960202669567">
        <ele>1878.48</ele>
      </trkpt>
      <trkpt lon="7.41587126520898" lat="45.5960104754947">
        <ele>1879.46</ele>
      </trkpt>
      <trkpt lon="7.41590242198964" lat="45.5959830945493">
        <ele>1878.1</ele>
      </trkpt>
      <trkpt lon="7.41592196815384" lat="45.5959172986347">
        <ele>1878</ele>
      </trkpt>
      <trkpt lon="7.41594279571943" lat="45.5959516997027">
        <ele>1878.02</ele>
      </trkpt>
      <trkpt lon="7.41602414667149" lat="45.5959950432464">
        <ele>1887.42</ele>
      </trkpt>
      <trkpt lon="7.41607396986995" lat="45.5960014938894">
        <ele>1889.02</ele>
      </trkpt>
      <trkpt lon="7.41609946844717" lat="45.5959610736719">
        <ele>1884.33</ele>
      </trkpt>
      <trkpt lon="7.41616343876671" lat="45.5959886944294">
        <ele>1890</ele>
      </trkpt>
      <trkpt lon="7.41621079279956" lat="45.5959781001744">
        <ele>1891.21</ele>
      </trkpt>
      <trkpt lon="7.41635359405325" lat="45.5959335448726">
        <ele>1891.09</ele>
      </trkpt>
      <trkpt lon="7.41637122736445" lat="45.5958126364392">
        <ele>1883.86</ele>
      </trkpt>
      <trkpt lon="7.41633964984217" lat="45.595763862683">
        <ele>1884.32</ele>
      </trkpt>
      <trkpt lon="7.41634765094684" lat="45.595716447676">
        <ele>1885.98</ele>
      </trkpt>
      <trkpt lon="7.4164067263399" lat="45.5957631716457">
        <ele>1885.38</ele>
      </trkpt>
      <trkpt lon="7.41645211703789" lat="45.5957220377131">
        <ele>1886</ele>
      </trkpt>
      <trkpt lon="7.4165539378572" lat="45.5957669231596">
        <ele>1885</ele>
      </trkpt>
      <trkpt lon="7.41659497541638" lat="45.5957393200817">
        <ele>1886</ele>
      </trkpt>
      <trkpt lon="7.41663079183744" lat="45.5957923828757">
        <ele>1886.03</ele>
      </trkpt>
      <trkpt lon="7.416646694792" lat="45.5958013332547">
        <ele>1886.53</ele>
      </trkpt>
      <trkpt lon="7.41667243727483" lat="45.5957887304074">
        <ele>1886.26</ele>
      </trkpt>
      <trkpt lon="7.41667419472915" lat="45.5958356482737">
        <ele>1889.59</ele>
      </trkpt>
      <trkpt lon="7.41672485294578" lat="45.5958989086902">
        <ele>1895.38</ele>
      </trkpt>
      <trkpt lon="7.41677769623936" lat="45.5958755169433">
        <ele>1895.62</ele>
      </trkpt>
      <trkpt lon="7.41691571797839" lat="45.5959143359193">
        <ele>1898</ele>
      </trkpt>
      <trkpt lon="7.41697480547253" lat="45.5959104725028">
        <ele>1898.67</ele>
      </trkpt>
      <trkpt lon="7.41710730441608" lat="45.5959723475622">
        <ele>1894.66</ele>
      </trkpt>
      <trkpt lon="7.41720319873161" lat="45.5959454116967">
        <ele>1895.62</ele>
      </trkpt>
      <trkpt lon="7.41733341456237" lat="45.5958514466946">
        <ele>1901.44</ele>
      </trkpt>
      <trkpt lon="7.4174120447296" lat="45.595818243838">
        <ele>1905.05</ele>
      </trkpt>
      <trkpt lon="7.41747036249305" lat="45.595828141872">
        <ele>1901.75</ele>
      </trkpt>
      <trkpt lon="7.41747208730536" lat="45.5958396866241">
        <ele>1900.41</ele>
      </trkpt>
      <trkpt lon="7.41758056560254" lat="45.5957938448477">
        <ele>1902.48</ele>
      </trkpt>
      <trkpt lon="7.41769533248762" lat="45.5957705009214">
        <ele>1903.57</ele>
      </trkpt>
      <trkpt lon="7.41774340272031" lat="45.5957845795175">
        <ele>1898.74</ele>
      </trkpt>
      <trkpt lon="7.4177682092248" lat="45.595764132019">
        <ele>1901.2</ele>
      </trkpt>
      <trkpt lon="7.4178045457304" lat="45.5957850662304">
        <ele>1897.81</ele>
      </trkpt>
      <trkpt lon="7.41790748455272" lat="45.5957629111088">
        <ele>1896.89</ele>
      </trkpt>
      <trkpt lon="7.41794861573261" lat="45.595777520207">
        <ele>1894.72</ele>
      </trkpt>
      <trkpt lon="7.41809623972779" lat="45.5957118783089">
        <ele>1894.69</ele>
      </trkpt>
      <trkpt lon="7.41817646485858" lat="45.5956539442887">
        <ele>1898.71</ele>
      </trkpt>
      <trkpt lon="7.41819999840518" lat="45.5956696615784">
        <ele>1897.74</ele>
      </trkpt>
      <trkpt lon="7.41837339932406" lat="45.5956768328755">
        <ele>1896.72</ele>
      </trkpt>
      <trkpt lon="7.41845630561051" lat="45.595733246208">
        <ele>1892.76</ele>
      </trkpt>
      <trkpt lon="7.41858215279677" lat="45.5957354391433">
        <ele>1892.53</ele>
      </trkpt>
      <trkpt lon="7.41862593104889" lat="45.5957607096468">
        <ele>1890.25</ele>
      </trkpt>
      <trkpt lon="7.4186850938634" lat="45.5957405569314">
        <ele>1890.08</ele>
      </trkpt>
      <trkpt lon="7.41873018291724" lat="45.5957831251059">
        <ele>1883.61</ele>
      </trkpt>
      <trkpt lon="7.41875000725176" lat="45.5958395656087">
        <ele>1879.57</ele>
      </trkpt>
      <trkpt lon="7.41900080823626" lat="45.5957889417506">
        <ele>1881.97</ele>
      </trkpt>
      <trkpt lon="7.41943834314293" lat="45.5957774456792">
        <ele>1884.95</ele>
      </trkpt>
      <trkpt lon="7.41967367445491" lat="45.5955789901675">
        <ele>1901.29</ele>
      </trkpt>
      <trkpt lon="7.41973291994955" lat="45.5955923216303">
        <ele>1899.21</ele>
      </trkpt>
      <trkpt lon="7.41978938835052" lat="45.5955675409945">
        <ele>1900.8</ele>
      </trkpt>
      <trkpt lon="7.41993753037707" lat="45.5955747203815">
        <ele>1899.94</ele>
      </trkpt>
      <trkpt lon="7.41995245601144" lat="45.5955591756891">
        <ele>1900.95</ele>
      </trkpt>
      <trkpt lon="7.41990802127805" lat="45.5954384861072">
        <ele>1910.04</ele>
      </trkpt>
      <trkpt lon="7.41996445551737" lat="45.5954560093153">
        <ele>1908.21</ele>
      </trkpt>
      <trkpt lon="7.41999425773588" lat="45.5953763131492">
        <ele>1914.32</ele>
      </trkpt>
      <trkpt lon="7.42001768887578" lat="45.5953729466235">
        <ele>1914.45</ele>
      </trkpt>
      <trkpt lon="7.42004528906352" lat="45.5953945696569">
        <ele>1912.69</ele>
      </trkpt>
      <trkpt lon="7.42017894106816" lat="45.5953012797049">
        <ele>1918.97</ele>
      </trkpt>
      <trkpt lon="7.42019891756479" lat="45.5952473702052">
        <ele>1922.98</ele>
      </trkpt>
      <trkpt lon="7.42023894580022" lat="45.5952692544761">
        <ele>1921.76</ele>
      </trkpt>
      <trkpt lon="7.42029678866955" lat="45.5952732051334">
        <ele>1922.62</ele>
      </trkpt>
      <trkpt lon="7.42036606047678" lat="45.5952307797318">
        <ele>1929.56</ele>
      </trkpt>
      <trkpt lon="7.42041027460912" lat="45.5951263497478">
        <ele>1942.46</ele>
      </trkpt>
      <trkpt lon="7.42047028839659" lat="45.595057420811">
        <ele>1947.36</ele>
      </trkpt>
      <trkpt lon="7.42052523347216" lat="45.5949453101814">
        <ele>1951.3</ele>
      </trkpt>
      <trkpt lon="7.42058495377295" lat="45.5949690891343">
        <ele>1956.01</ele>
      </trkpt>
      <trkpt lon="7.42064220526558" lat="45.5949575477287">
        <ele>1959.9</ele>
      </trkpt>
      <trkpt lon="7.42071457527304" lat="45.5948686295183">
        <ele>1961.51</ele>
      </trkpt>
      <trkpt lon="7.42069929848368" lat="45.5948008193283">
        <ele>1958.23</ele>
      </trkpt>
      <trkpt lon="7.42076113778572" lat="45.594849651711">
        <ele>1963.24</ele>
      </trkpt>
      <trkpt lon="7.42080216987907" lat="45.5948174540727">
        <ele>1965.09</ele>
      </trkpt>
      <trkpt lon="7.42078811216109" lat="45.59477009441">
        <ele>1962.47</ele>
      </trkpt>
      <trkpt lon="7.42090332703884" lat="45.5947078717301">
        <ele>1968.97</ele>
      </trkpt>
      <trkpt lon="7.42092294360256" lat="45.594735325389">
        <ele>1971.86</ele>
      </trkpt>
      <trkpt lon="7.42093862462237" lat="45.5947293309447">
        <ele>1972.71</ele>
      </trkpt>
      <trkpt lon="7.42099556620726" lat="45.5945139149524">
        <ele>1972</ele>
      </trkpt>
      <trkpt lon="7.42107422757866" lat="45.594447586261">
        <ele>1975.55</ele>
      </trkpt>
      <trkpt lon="7.42122964949473" lat="45.59435504376">
        <ele>1979</ele>
      </trkpt>
      <trkpt lon="7.42141115123702" lat="45.594329289305">
        <ele>1981.61</ele>
      </trkpt>
      <trkpt lon="7.42161027213808" lat="45.5943380720016">
        <ele>1981.7</ele>
      </trkpt>
      <trkpt lon="7.42173900662199" lat="45.594282874629">
        <ele>1979</ele>
      </trkpt>
      <trkpt lon="7.42178958098842" lat="45.59423046824">
        <ele>1978.83</ele>
      </trkpt>
      <trkpt lon="7.42193047370348" lat="45.5941942492409">
        <ele>1977</ele>
      </trkpt>
      <trkpt lon="7.42205314324336" lat="45.5941861335522">
        <ele>1975.74</ele>
      </trkpt>
      <trkpt lon="7.42208001019619" lat="45.5942018980975">
        <ele>1975</ele>
      </trkpt>
      <trkpt lon="7.42228112939848" lat="45.5941577794798">
        <ele>1973.66</ele>
      </trkpt>
      <trkpt lon="7.42236129113716" lat="45.5940743698167">
        <ele>1972</ele>
      </trkpt>
      <trkpt lon="7.42237459508428" lat="45.5940296382619">
        <ele>1972.23</ele>
      </trkpt>
      <trkpt lon="7.422471470667" lat="45.5939674292944">
        <ele>1971.61</ele>
      </trkpt>
      <trkpt lon="7.4226457619241" lat="45.5939015182021">
        <ele>1969.8</ele>
      </trkpt>
      <trkpt lon="7.42287621258185" lat="45.5938445745438">
        <ele>1968.84</ele>
      </trkpt>
      <trkpt lon="7.42287621258185" lat="45.5938445745438">
        <ele>1968.84</ele>
      </trkpt>
      <trkpt lon="7.42305497632971" lat="45.5937699938316">
        <ele>1970</ele>
      </trkpt>
      <trkpt lon="7.42315295808722" lat="45.5936773757749">
        <ele>1970</ele>
      </trkpt>
      <trkpt lon="7.4233089664511" lat="45.5935682773066">
        <ele>1971</ele>
      </trkpt>
      <trkpt lon="7.42347312719701" lat="45.5934886352149">
        <ele>1972.19</ele>
      </trkpt>
      <trkpt lon="7.42361007154723" lat="45.5935063675376">
        <ele>1971.31</ele>
      </trkpt>
      <trkpt lon="7.42380838990112" lat="45.5936444784863">
        <ele>1970.21</ele>
      </trkpt>
      <trkpt lon="7.42390625535705" lat="45.5936750829789">
        <ele>1972.28</ele>
      </trkpt>
      <trkpt lon="7.42396300676126" lat="45.5936674972237">
        <ele>1974.2</ele>
      </trkpt>
      <trkpt lon="7.42406775576441" lat="45.5936949544811">
        <ele>1974.18</ele>
      </trkpt>
      <trkpt lon="7.42415664942876" lat="45.5936933914098">
        <ele>1975.28</ele>
      </trkpt>
      <trkpt lon="7.42421691268285" lat="45.5936520076142">
        <ele>1977.75</ele>
      </trkpt>
      <trkpt lon="7.42426401331101" lat="45.5936731808242">
        <ele>1977.12</ele>
      </trkpt>
      <trkpt lon="7.42432102852367" lat="45.5936700062938">
        <ele>1977.53</ele>
      </trkpt>
      <trkpt lon="7.42442440817217" lat="45.5936913244944">
        <ele>1976</ele>
      </trkpt>
      <trkpt lon="7.42458192299931" lat="45.5936795451603">
        <ele>1987.87</ele>
      </trkpt>
      <trkpt lon="7.42490075647041" lat="45.5936071658538">
        <ele>1993.45</ele>
      </trkpt>
      <trkpt lon="7.42520897108698" lat="45.593634636184">
        <ele>1991.41</ele>
      </trkpt>
      <trkpt lon="7.42543947133406" lat="45.5935987513903">
        <ele>1994</ele>
      </trkpt>
      <trkpt lon="7.42582323208894" lat="45.5934830688403">
        <ele>1997.77</ele>
      </trkpt>
      <trkpt lon="7.42603546638976" lat="45.593389682421">
        <ele>2000</ele>
      </trkpt>
      <trkpt lon="7.42620709533696" lat="45.5933820561054">
        <ele>2002</ele>
      </trkpt>
      <trkpt lon="7.42653518458899" lat="45.5933086296393">
        <ele>2005.65</ele>
      </trkpt>
      <trkpt lon="7.42664554247776" lat="45.593314200288">
        <ele>2007.38</ele>
      </trkpt>
      <trkpt lon="7.42688949086437" lat="45.5932466314918">
        <ele>2010</ele>
      </trkpt>
      <trkpt lon="7.42696255609167" lat="45.593260871444">
        <ele>2010.85</ele>
      </trkpt>
      <trkpt lon="7.42702816226464" lat="45.5933035370407">
        <ele>2011</ele>
      </trkpt>
      <trkpt lon="7.42712183096834" lat="45.5933053685454">
        <ele>2012.1</ele>
      </trkpt>
      <trkpt lon="7.42723884939211" lat="45.5933479346352">
        <ele>2014.11</ele>
      </trkpt>
      <trkpt lon="7.42735228243442" lat="45.5933491357589">
        <ele>2015</ele>
      </trkpt>
      <trkpt lon="7.42752688422519" lat="45.5933131059781">
        <ele>2016</ele>
      </trkpt>
      <trkpt lon="7.42760366638" lat="45.5933182151804">
        <ele>2017.82</ele>
      </trkpt>
      <trkpt lon="7.42770985791245" lat="45.5933032047145">
        <ele>2017.7</ele>
      </trkpt>
      <trkpt lon="7.42777839954076" lat="45.5932406899105">
        <ele>2016.91</ele>
      </trkpt>
      <trkpt lon="7.4277656668849" lat="45.5931916413291">
        <ele>2017</ele>
      </trkpt>
      <trkpt lon="7.42760614290578" lat="45.5931009652836">
        <ele>2023.11</ele>
      </trkpt>
      <trkpt lon="7.42751341358851" lat="45.5930747553957">
        <ele>2024.27</ele>
      </trkpt>
      <trkpt lon="7.42758501270686" lat="45.5930588195731">
        <ele>2024.51</ele>
      </trkpt>
      <trkpt lon="7.42769602752108" lat="45.5929950884811">
        <ele>2027.84</ele>
      </trkpt>
      <trkpt lon="7.42785896427016" lat="45.5930048041855">
        <ele>2026.96</ele>
      </trkpt>
      <trkpt lon="7.42779160001941" lat="45.5929470798589">
        <ele>2029.58</ele>
      </trkpt>
      <trkpt lon="7.42777425624316" lat="45.5928932866691">
        <ele>2032.56</ele>
      </trkpt>
      <trkpt lon="7.42782325465623" lat="45.5928878397819">
        <ele>2033</ele>
      </trkpt>
      <trkpt lon="7.42792074250945" lat="45.5929090745902">
        <ele>2032.79</ele>
      </trkpt>
      <trkpt lon="7.42802521748206" lat="45.5928866583655">
        <ele>2037</ele>
      </trkpt>
      <trkpt lon="7.42797011458224" lat="45.5928305453088">
        <ele>2038.74</ele>
      </trkpt>
      <trkpt lon="7.42797684864897" lat="45.592800664065">
        <ele>2040.63</ele>
      </trkpt>
      <trkpt lon="7.42810826338804" lat="45.5927638588484">
        <ele>2045</ele>
      </trkpt>
      <trkpt lon="7.42818408445654" lat="45.5927666124264">
        <ele>2047</ele>
      </trkpt>
      <trkpt lon="7.42822078475186" lat="45.5927930412241">
        <ele>2046.46</ele>
      </trkpt>
      <trkpt lon="7.42830657241451" lat="45.5928107813871">
        <ele>2047.33</ele>
      </trkpt>
      <trkpt lon="7.4285524287203" lat="45.5927665493086">
        <ele>2047.19</ele>
      </trkpt>
      <trkpt lon="7.42864132184791" lat="45.5927924369291">
        <ele>2043.64</ele>
      </trkpt>
      <trkpt lon="7.42911453232466" lat="45.5926501601262">
        <ele>2054.17</ele>
      </trkpt>
      <trkpt lon="7.42918592699726" lat="45.5925772423096">
        <ele>2057.03</ele>
      </trkpt>
      <trkpt lon="7.42932981488956" lat="45.5925069447024">
        <ele>2058</ele>
      </trkpt>
      <trkpt lon="7.42941405161867" lat="45.5924286240956">
        <ele>2059</ele>
      </trkpt>
      <trkpt lon="7.4295195986011" lat="45.5924182831857">
        <ele>2059</ele>
      </trkpt>
      <trkpt lon="7.42967672552033" lat="45.5923559081279">
        <ele>2059.86</ele>
      </trkpt>
      <trkpt lon="7.42990223983099" lat="45.5923054534742">
        <ele>2060</ele>
      </trkpt>
      <trkpt lon="7.43001520193285" lat="45.5922405779277">
        <ele>2061</ele>
      </trkpt>
      <trkpt lon="7.43010975649759" lat="45.5921141534301">
        <ele>2062.87</ele>
      </trkpt>
      <trkpt lon="7.43009080717459" lat="45.5920580879454">
        <ele>2065</ele>
      </trkpt>
      <trkpt lon="7.43011160075677" lat="45.5919836640476">
        <ele>2067.87</ele>
      </trkpt>
      <trkpt lon="7.43019707816399" lat="45.5919572975402">
        <ele>2067.4</ele>
      </trkpt>
      <trkpt lon="7.43023618243736" lat="45.591925069327">
        <ele>2068.22</ele>
      </trkpt>
      <trkpt lon="7.4304430377762" lat="45.5918861481175">
        <ele>2071.58</ele>
      </trkpt>
      <trkpt lon="7.43069697078325" lat="45.5919061094015">
        <ele>2073.63</ele>
      </trkpt>
      <trkpt lon="7.43075864769484" lat="45.5918781537357">
        <ele>2075</ele>
      </trkpt>
      <trkpt lon="7.43081046660497" lat="45.5918220694882">
        <ele>2076.24</ele>
      </trkpt>
      <trkpt lon="7.43089274152351" lat="45.5917772941526">
        <ele>2077.45</ele>
      </trkpt>
      <trkpt lon="7.43107052248738" lat="45.5918155607195">
        <ele>2077.94</ele>
      </trkpt>
      <trkpt lon="7.43109367807215" lat="45.5918402726767">
        <ele>2077</ele>
      </trkpt>
      <trkpt lon="7.4311686097871" lat="45.5918657851531">
        <ele>2077.59</ele>
      </trkpt>
      <trkpt lon="7.43126424334198" lat="45.5919626885174">
        <ele>2079.12</ele>
      </trkpt>
      <trkpt lon="7.43125366483482" lat="45.5919880168317">
        <ele>2078</ele>
      </trkpt>
      <trkpt lon="7.43129855409963" lat="45.5920195958381">
        <ele>2079.61</ele>
      </trkpt>
      <trkpt lon="7.43141726702453" lat="45.5920611924752">
        <ele>2078.84</ele>
      </trkpt>
      <trkpt lon="7.4315149421024" lat="45.592167754436">
        <ele>2079.73</ele>
      </trkpt>
      <trkpt lon="7.43169620873267" lat="45.5922327105982">
        <ele>2092</ele>
      </trkpt>
      <trkpt lon="7.43187234549965" lat="45.5922564601168">
        <ele>2096.01</ele>
      </trkpt>
      <trkpt lon="7.43187878536181" lat="45.5922139757746">
        <ele>2097.45</ele>
      </trkpt>
      <trkpt lon="7.43183574376936" lat="45.5920194121221">
        <ele>2101.85</ele>
      </trkpt>
      <trkpt lon="7.4319755616922" lat="45.5921134130614">
        <ele>2102.19</ele>
      </trkpt>
      <trkpt lon="7.43205726038553" lat="45.5921306448387">
        <ele>2102.19</ele>
      </trkpt>
      <trkpt lon="7.43207343593803" lat="45.5921206975217">
        <ele>2102.76</ele>
      </trkpt>
      <trkpt lon="7.4320680783148" lat="45.592078318624">
        <ele>2105.11</ele>
      </trkpt>
      <trkpt lon="7.4320031418911" lat="45.592020810993">
        <ele>2106.25</ele>
      </trkpt>
      <trkpt lon="7.43202622592096" lat="45.5920113165317">
        <ele>2106.8</ele>
      </trkpt>
      <trkpt lon="7.43214381169125" lat="45.5920197706559">
        <ele>2107.41</ele>
      </trkpt>
      <trkpt lon="7.43269700277934" lat="45.5919651690557">
        <ele>2112.87</ele>
      </trkpt>
      <trkpt lon="7.43288501264198" lat="45.5918156309873">
        <ele>2116.32</ele>
      </trkpt>
      <trkpt lon="7.4330366065453" lat="45.5917307608646">
        <ele>2115.93</ele>
      </trkpt>
      <trkpt lon="7.43304551556969" lat="45.5917055019805">
        <ele>2116.17</ele>
      </trkpt>
      <trkpt lon="7.43299026740185" lat="45.5916913316464">
        <ele>2119.08</ele>
      </trkpt>
      <trkpt lon="7.43285381991093" lat="45.5916926998102">
        <ele>2121.01</ele>
      </trkpt>
      <trkpt lon="7.43298752009443" lat="45.5915505169594">
        <ele>2125.13</ele>
      </trkpt>
      <trkpt lon="7.43317514894603" lat="45.5914238377968">
        <ele>2126.26</ele>
      </trkpt>
      <trkpt lon="7.43328375621198" lat="45.5913172250451">
        <ele>2128.05</ele>
      </trkpt>
      <trkpt lon="7.43332132183379" lat="45.5912711159116">
        <ele>2128.9</ele>
      </trkpt>
      <trkpt lon="7.43340517002797" lat="45.5911742448336">
        <ele>2129.05</ele>
      </trkpt>
      <trkpt lon="7.43349738850776" lat="45.5910438257683">
        <ele>2131</ele>
      </trkpt>
      <trkpt lon="7.43352279518192" lat="45.5910153725182">
        <ele>2130.81</ele>
      </trkpt>
      <trkpt lon="7.43354489337653" lat="45.5909906526637">
        <ele>2130.97</ele>
      </trkpt>
      <trkpt lon="7.4336572815059" lat="45.5908725702149">
        <ele>2133.1</ele>
      </trkpt>
      <trkpt lon="7.43370388411569" lat="45.5907918408515">
        <ele>2135.14</ele>
      </trkpt>
      <trkpt lon="7.43372922183491" lat="45.5907382730788">
        <ele>2137.01</ele>
      </trkpt>
      <trkpt lon="7.43375645420191" lat="45.5906764495607">
        <ele>2137.01</ele>
      </trkpt>
      <trkpt lon="7.43378979007676" lat="45.5905841947789">
        <ele>2138</ele>
      </trkpt>
      <trkpt lon="7.43385920348505" lat="45.5905452722446">
        <ele>2138.95</ele>
      </trkpt>
      <trkpt lon="7.43395570766977" lat="45.5904404733109">
        <ele>2140.25</ele>
      </trkpt>
      <trkpt lon="7.43405444832596" lat="45.5903197739981">
        <ele>2140.17</ele>
      </trkpt>
      <trkpt lon="7.43411759816946" lat="45.5902571841402">
        <ele>2140.11</ele>
      </trkpt>
      <trkpt lon="7.43418334477637" lat="45.5902210005285">
        <ele>2139.11</ele>
      </trkpt>
      <trkpt lon="7.43425026050302" lat="45.5902027479355">
        <ele>2139</ele>
      </trkpt>
      <trkpt lon="7.43428723394012" lat="45.5901824616694">
        <ele>2138.83</ele>
      </trkpt>
      <trkpt lon="7.43439842990147" lat="45.5900886659325">
        <ele>2136</ele>
      </trkpt>
      <trkpt lon="7.43440487613579" lat="45.5900044138711">
        <ele>2134.43</ele>
      </trkpt>
      <trkpt lon="7.43444018878971" lat="45.589965474341">
        <ele>2133.1</ele>
      </trkpt>
      <trkpt lon="7.43448553224316" lat="45.5899254098793">
        <ele>2133</ele>
      </trkpt>
      <trkpt lon="7.43450384186721" lat="45.5898801172475">
        <ele>2133</ele>
      </trkpt>
      <trkpt lon="7.43450917017327" lat="45.5898591278809">
        <ele>2133</ele>
      </trkpt>
      <trkpt lon="7.43450917017327" lat="45.5898591278809">
        <ele>2133</ele>
      </trkpt>
      <trkpt lon="7.4346177774425" lat="45.5897523345693">
        <ele>2132</ele>
      </trkpt>
      <trkpt lon="7.43469033254387" lat="45.5897156148985">
        <ele>2131</ele>
      </trkpt>
      <trkpt lon="7.43473747595041" lat="45.5896799866771">
        <ele>2130.93</ele>
      </trkpt>
      <trkpt lon="7.43479788654245" lat="45.5896328388487">
        <ele>2130.01</ele>
      </trkpt>
      <trkpt lon="7.43489475567711" lat="45.589616256031">
        <ele>2129.76</ele>
      </trkpt>
      <trkpt lon="7.43520035606993" lat="45.5895158508899">
        <ele>2127.78</ele>
      </trkpt>
      <trkpt lon="7.43545113683335" lat="45.5893628494503">
        <ele>2124.17</ele>
      </trkpt>
      <trkpt lon="7.43578912806554" lat="45.5891993402531">
        <ele>2123.28</ele>
      </trkpt>
      <trkpt lon="7.43600324672971" lat="45.5890553775769">
        <ele>2122</ele>
      </trkpt>
      <trkpt lon="7.4360390260288" lat="45.5890180630924">
        <ele>2122</ele>
      </trkpt>
      <trkpt lon="7.43604994394597" lat="45.5889664563413">
        <ele>2121.4</ele>
      </trkpt>
      <trkpt lon="7.4360793509979" lat="45.5889232027568">
        <ele>2121</ele>
      </trkpt>
      <trkpt lon="7.43610786582695" lat="45.5889073915219">
        <ele>2120.2</ele>
      </trkpt>
      <trkpt lon="7.43642467430364" lat="45.5888324315746">
        <ele>2124</ele>
      </trkpt>
      <trkpt lon="7.4364522330618" lat="45.5888418987454">
        <ele>2124</ele>
      </trkpt>
      <trkpt lon="7.43648266961484" lat="45.5888537493374">
        <ele>2124</ele>
      </trkpt>
      <trkpt lon="7.43651178881438" lat="45.5888992424313">
        <ele>2124.54</ele>
      </trkpt>
      <trkpt lon="7.43650572259511" lat="45.5890115813154">
        <ele>2125.52</ele>
      </trkpt>
      <trkpt lon="7.43653931168697" lat="45.5890392240024">
        <ele>2126</ele>
      </trkpt>
      <trkpt lon="7.43661810192195" lat="45.5890595641633">
        <ele>2126.22</ele>
      </trkpt>
      <trkpt lon="7.43671834553043" lat="45.5890737182638">
        <ele>2127</ele>
      </trkpt>
      <trkpt lon="7.43685398975456" lat="45.5890964562552">
        <ele>2128.04</ele>
      </trkpt>
      <trkpt lon="7.43691388249312" lat="45.5891094293815">
        <ele>2128</ele>
      </trkpt>
      <trkpt lon="7.43704080922481" lat="45.5891645403271">
        <ele>2127.75</ele>
      </trkpt>
      <trkpt lon="7.43733662798899" lat="45.5892500481107">
        <ele>2129.79</ele>
      </trkpt>
      <trkpt lon="7.43726483023629" lat="45.5893379940799">
        <ele>2130.72</ele>
      </trkpt>
      <trkpt lon="7.43723900317767" lat="45.5894140596371">
        <ele>2132.44</ele>
      </trkpt>
      <trkpt lon="7.43719840013787" lat="45.5895235870065">
        <ele>2134</ele>
      </trkpt>
      <trkpt lon="7.43714427740377" lat="45.5896305891819">
        <ele>2135</ele>
      </trkpt>
      <trkpt lon="7.43708289424269" lat="45.5896943763092">
        <ele>2136.65</ele>
      </trkpt>
      <trkpt lon="7.43702523922244" lat="45.5897438131108">
        <ele>2138.44</ele>
      </trkpt>
      <trkpt lon="7.43695226993098" lat="45.5897954692651">
        <ele>2140.05</ele>
      </trkpt>
      <trkpt lon="7.43690437032767" lat="45.5898630399511">
        <ele>2142.05</ele>
      </trkpt>
      <trkpt lon="7.4368365985128" lat="45.5899075681981">
        <ele>2143.36</ele>
      </trkpt>
      <trkpt lon="7.43673502885289" lat="45.5899456931803">
        <ele>2142.18</ele>
      </trkpt>
      <trkpt lon="7.43667983546564" lat="45.5899712210696">
        <ele>2143.84</ele>
      </trkpt>
      <trkpt lon="7.43665340654869" lat="45.5899995715295">
        <ele>2144.95</ele>
      </trkpt>
      <trkpt lon="7.43660463499264" lat="45.5900523696125">
        <ele>2146.37</ele>
      </trkpt>
      <trkpt lon="7.43659842612236" lat="45.5900728061789">
        <ele>2147.23</ele>
      </trkpt>
      <trkpt lon="7.43654819571539" lat="45.5901504270957">
        <ele>2150.58</ele>
      </trkpt>
      <trkpt lon="7.43657239774653" lat="45.5902160150932">
        <ele>2152.34</ele>
      </trkpt>
      <trkpt lon="7.43656089401505" lat="45.590251774217">
        <ele>2153.93</ele>
      </trkpt>
      <trkpt lon="7.43662653130787" lat="45.5902656335322">
        <ele>2156.23</ele>
      </trkpt>
      <trkpt lon="7.43658294825789" lat="45.5903438850846">
        <ele>2157.1</ele>
      </trkpt>
      <trkpt lon="7.4366275433131" lat="45.590363127666">
        <ele>2158.64</ele>
      </trkpt>
      <trkpt lon="7.4366275433131" lat="45.590363127666">
        <ele>2158.64</ele>
      </trkpt>
      <trkpt lon="7.43668903398283" lat="45.5903416471616">
        <ele>2159.02</ele>
      </trkpt>
      <trkpt lon="7.43669856568301" lat="45.5902938904942">
        <ele>2160</ele>
      </trkpt>
      <trkpt lon="7.43675425574901" lat="45.5902967244357">
        <ele>2161</ele>
      </trkpt>
      <trkpt lon="7.43678205877042" lat="45.5903157362939">
        <ele>2161.4</ele>
      </trkpt>
      <trkpt lon="7.43678137188934" lat="45.5903543428159">
        <ele>2162.34</ele>
      </trkpt>
      <trkpt lon="7.4368855602767" lat="45.5903558577471">
        <ele>2163.86</ele>
      </trkpt>
      <trkpt lon="7.43698232744369" lat="45.5904398107957">
        <ele>2168.69</ele>
      </trkpt>
      <trkpt lon="7.43701825872853" lat="45.5904431834492">
        <ele>2169.29</ele>
      </trkpt>
      <trkpt lon="7.43700877787593" lat="45.5904476445814">
        <ele>2169.55</ele>
      </trkpt>
      <trkpt lon="7.43701635027253" lat="45.5904472974234">
        <ele>2169.53</ele>
      </trkpt>
      <trkpt lon="7.43696182349433" lat="45.5904765254124">
        <ele>2171.03</ele>
      </trkpt>
      <trkpt lon="7.4368957433127" lat="45.5905246759893">
        <ele>2172.91</ele>
      </trkpt>
      <trkpt lon="7.43680070138676" lat="45.5905724290548">
        <ele>2173.5</ele>
      </trkpt>
      <trkpt lon="7.43673335479229" lat="45.5906061625894">
        <ele>2173.16</ele>
      </trkpt>
      <trkpt lon="7.43668121154388" lat="45.5906280404161">
        <ele>2173.64</ele>
      </trkpt>
      <trkpt lon="7.4366063921749" lat="45.5906815632664">
        <ele>2177.85</ele>
      </trkpt>
      <trkpt lon="7.43659331419741" lat="45.5906769741358">
        <ele>2177.32</ele>
      </trkpt>
      <trkpt lon="7.43655652377382" lat="45.5907138247101">
        <ele>2179.92</ele>
      </trkpt>
      <trkpt lon="7.43658190891424" lat="45.5907922102639">
        <ele>2182.01</ele>
      </trkpt>
      <trkpt lon="7.43665798016446" lat="45.5907859608395">
        <ele>2181.9</ele>
      </trkpt>
      <trkpt lon="7.43675981641424" lat="45.5907520692999">
        <ele>2183.73</ele>
      </trkpt>
      <trkpt lon="7.43684033039258" lat="45.5906965575655">
        <ele>2182.8</ele>
      </trkpt>
      <trkpt lon="7.43687546523146" lat="45.5906593236322">
        <ele>2183.37</ele>
      </trkpt>
      <trkpt lon="7.43691428309884" lat="45.5906418513437">
        <ele>2184.05</ele>
      </trkpt>
      <trkpt lon="7.43695622857653" lat="45.590636484946">
        <ele>2184.08</ele>
      </trkpt>
      <trkpt lon="7.43700142128934" lat="45.5906341353223">
        <ele>2184.47</ele>
      </trkpt>
      <trkpt lon="7.43705727249468" lat="45.5906357081224">
        <ele>2185</ele>
      </trkpt>
      <trkpt lon="7.43709233980489" lat="45.5906424891868">
        <ele>2186</ele>
      </trkpt>
      <trkpt lon="7.43709863403503" lat="45.5906605758145">
        <ele>2186</ele>
      </trkpt>
      <trkpt lon="7.43707934153651" lat="45.5906812844839">
        <ele>2186.29</ele>
      </trkpt>
      <trkpt lon="7.43701615609664" lat="45.5907175042323">
        <ele>2186.1</ele>
      </trkpt>
      <trkpt lon="7.43695448725098" lat="45.5907591463543">
        <ele>2186.91</ele>
      </trkpt>
      <trkpt lon="7.43691274406453" lat="45.5907896272759">
        <ele>2187.62</ele>
      </trkpt>
      <trkpt lon="7.43687714572257" lat="45.5908066023607">
        <ele>2188.5</ele>
      </trkpt>
      <trkpt lon="7.43683004141334" lat="45.5908316108705">
        <ele>2188.06</ele>
      </trkpt>
      <trkpt lon="7.43680048470296" lat="45.5908572195645">
        <ele>2188.42</ele>
      </trkpt>
      <trkpt lon="7.43668745004997" lat="45.590938839977">
        <ele>2188.05</ele>
      </trkpt>
      <trkpt lon="7.43663437315209" lat="45.5909758292867">
        <ele>2188.27</ele>
      </trkpt>
      <trkpt lon="7.43659132741629" lat="45.5909931515307">
        <ele>2188.17</ele>
      </trkpt>
      <trkpt lon="7.43655267911501" lat="45.5910045931133">
        <ele>2188.35</ele>
      </trkpt>
      <trkpt lon="7.43650121108898" lat="45.591015859568">
        <ele>2188.5</ele>
      </trkpt>
      <trkpt lon="7.43645187677024" lat="45.5910104145108">
        <ele>2188.62</ele>
      </trkpt>
      <trkpt lon="7.43643584881626" lat="45.5910012835707">
        <ele>2188.78</ele>
      </trkpt>
      <trkpt lon="7.43639075115882" lat="45.5909724935215">
        <ele>2189</ele>
      </trkpt>
      <trkpt lon="7.43636884809045" lat="45.5909625625045">
        <ele>2189.8</ele>
      </trkpt>
      <trkpt lon="7.43634552508903" lat="45.5909760153966">
        <ele>2190</ele>
      </trkpt>
      <trkpt lon="7.43634019418288" lat="45.5909879128674">
        <ele>2190.06</ele>
      </trkpt>
      <trkpt lon="7.43633553831437" lat="45.5909986492042">
        <ele>2190.67</ele>
      </trkpt>
      <trkpt lon="7.43633379323519" lat="45.5910291388448">
        <ele>2191</ele>
      </trkpt>
      <trkpt lon="7.43633697590072" lat="45.5910668981606">
        <ele>2191.43</ele>
      </trkpt>
      <trkpt lon="7.43633601409107" lat="45.5911015379134">
        <ele>2192</ele>
      </trkpt>
      <trkpt lon="7.43633103567825" lat="45.5911283829865">
        <ele>2192.89</ele>
      </trkpt>
      <trkpt lon="7.43632731040848" lat="45.5911379637476">
        <ele>2193</ele>
      </trkpt>
      <trkpt lon="7.4363029811221" lat="45.5911875842084">
        <ele>2194</ele>
      </trkpt>
      <trkpt lon="7.43627186010845" lat="45.5912326155991">
        <ele>2194.8</ele>
      </trkpt>
      <trkpt lon="7.43622581955827" lat="45.5912654687613">
        <ele>2195.6</ele>
      </trkpt>
      <trkpt lon="7.43620409654434" lat="45.5912813717306">
        <ele>2196</ele>
      </trkpt>
      <trkpt lon="7.4360288682981" lat="45.5913911255862">
        <ele>2198.29</ele>
      </trkpt>
      <trkpt lon="7.43593488986186" lat="45.5914604958735">
        <ele>2199</ele>
      </trkpt>
      <trkpt lon="7.43585499254775" lat="45.591516827079">
        <ele>2199.24</ele>
      </trkpt>
      <trkpt lon="7.43579669046702" lat="45.5915572525361">
        <ele>2199.06</ele>
      </trkpt>
      <trkpt lon="7.43572516244941" lat="45.5916306231406">
        <ele>2199.2</ele>
      </trkpt>
      <trkpt lon="7.43566898501562" lat="45.5916915102451">
        <ele>2198.8</ele>
      </trkpt>
      <trkpt lon="7.43559591009578" lat="45.5917467637114">
        <ele>2197.02</ele>
      </trkpt>
      <trkpt lon="7.43555817795497" lat="45.5917851309816">
        <ele>2197</ele>
      </trkpt>
      <trkpt lon="7.4355319404835" lat="45.5918250067338">
        <ele>2195.82</ele>
      </trkpt>
      <trkpt lon="7.43553087796936" lat="45.5918955612798">
        <ele>2193.95</ele>
      </trkpt>
      <trkpt lon="7.43550455638133" lat="45.5919753991498">
        <ele>2193.59</ele>
      </trkpt>
      <trkpt lon="7.4354386475562" lat="45.592068014738">
        <ele>2193.12</ele>
      </trkpt>
      <trkpt lon="7.43539676312464" lat="45.5922188375806">
        <ele>2192.65</ele>
      </trkpt>
      <trkpt lon="7.43541975980597" lat="45.5922725308224">
        <ele>2195.74</ele>
      </trkpt>
      <trkpt lon="7.43557986116459" lat="45.5923842657375">
        <ele>2195.97</ele>
      </trkpt>
      <trkpt lon="7.435624732395" lat="45.59248577984">
        <ele>2196.97</ele>
      </trkpt>
      <trkpt lon="7.43559214222505" lat="45.5925144080253">
        <ele>2196.77</ele>
      </trkpt>
      <trkpt lon="7.43559147695236" lat="45.5925844264506">
        <ele>2198.64</ele>
      </trkpt>
      <trkpt lon="7.43559749067582" lat="45.5927417554745">
        <ele>2203.1</ele>
      </trkpt>
      <trkpt lon="7.43559104272528" lat="45.5929137653039">
        <ele>2205.98</ele>
      </trkpt>
      <trkpt lon="7.43560647354474" lat="45.5930597941337">
        <ele>2207</ele>
      </trkpt>
      <trkpt lon="7.43560519438729" lat="45.5931289041969">
        <ele>2208.43</ele>
      </trkpt>
      <trkpt lon="7.435638890896" lat="45.5932035341807">
        <ele>2210</ele>
      </trkpt>
      <trkpt lon="7.43567514633258" lat="45.5932506551624">
        <ele>2210</ele>
      </trkpt>
      <trkpt lon="7.43571862732315" lat="45.593277622928">
        <ele>2210</ele>
      </trkpt>
      <trkpt lon="7.43576753355026" lat="45.5932986350401">
        <ele>2209.96</ele>
      </trkpt>
      <trkpt lon="7.43582769520415" lat="45.5933389727479">
        <ele>2210</ele>
      </trkpt>
      <trkpt lon="7.43593120145637" lat="45.5934205008006">
        <ele>2210</ele>
      </trkpt>
      <trkpt lon="7.43604453271052" lat="45.5935130514482">
        <ele>2211.39</ele>
      </trkpt>
      <trkpt lon="7.43612021146539" lat="45.5935487419661">
        <ele>2211.5</ele>
      </trkpt>
      <trkpt lon="7.4362778199056" lat="45.5935796137078">
        <ele>2211.09</ele>
      </trkpt>
      <trkpt lon="7.4363411965184" lat="45.5935688696033">
        <ele>2211.41</ele>
      </trkpt>
      <trkpt lon="7.43643155190363" lat="45.5935377946907">
        <ele>2213.44</ele>
      </trkpt>
      <trkpt lon="7.43652634497947" lat="45.5935730242702">
        <ele>2214.47</ele>
      </trkpt>
      <trkpt lon="7.43666634224738" lat="45.5935870926407">
        <ele>2214.8</ele>
      </trkpt>
      <trkpt lon="7.43675413547466" lat="45.5936066550911">
        <ele>2214.79</ele>
      </trkpt>
      <trkpt lon="7.43680829486367" lat="45.5936139696863">
        <ele>2215.53</ele>
      </trkpt>
      <trkpt lon="7.43684756242416" lat="45.593612706144">
        <ele>2216.74</ele>
      </trkpt>
      <trkpt lon="7.43688032180118" lat="45.5935964116045">
        <ele>2218</ele>
      </trkpt>
      <trkpt lon="7.43690046428312" lat="45.5935775168779">
        <ele>2218.88</ele>
      </trkpt>
      <trkpt lon="7.43692321518894" lat="45.5935569443563">
        <ele>2219.21</ele>
      </trkpt>
      <trkpt lon="7.43693962962504" lat="45.5935475387218">
        <ele>2219.41</ele>
      </trkpt>
      <trkpt lon="7.4369948612932" lat="45.5935531560624">
        <ele>2220.88</ele>
      </trkpt>
      <trkpt lon="7.43702372852247" lat="45.5935570592168">
        <ele>2222.15</ele>
      </trkpt>
      <trkpt lon="7.43704739549542" lat="45.5935681847253">
        <ele>2222.87</ele>
      </trkpt>
      <trkpt lon="7.43707107313616" lat="45.5936019941391">
        <ele>2223.73</ele>
      </trkpt>
      <trkpt lon="7.43707853944864" lat="45.5936285587697">
        <ele>2224.05</ele>
      </trkpt>
      <trkpt lon="7.43708748011576" lat="45.5936897965107">
        <ele>2224.93</ele>
      </trkpt>
      <trkpt lon="7.43704879369248" lat="45.5938040295731">
        <ele>2226</ele>
      </trkpt>
      <trkpt lon="7.43699114260476" lat="45.5939364573559">
        <ele>2226.25</ele>
      </trkpt>
      <trkpt lon="7.43697674969412" lat="45.5939837834103">
        <ele>2226.19</ele>
      </trkpt>
      <trkpt lon="7.43696619862208" lat="45.5940266649452">
        <ele>2227</ele>
      </trkpt>
      <trkpt lon="7.43697633925729" lat="45.594090891662">
        <ele>2227.27</ele>
      </trkpt>
      <trkpt lon="7.43698993059283" lat="45.5941232092744">
        <ele>2227</ele>
      </trkpt>
      <trkpt lon="7.43701436397639" lat="45.5941482962534">
        <ele>2227</ele>
      </trkpt>
      <trkpt lon="7.43702251366703" lat="45.5941733414078">
        <ele>2227</ele>
      </trkpt>
      <trkpt lon="7.43701983834807" lat="45.5941866250502">
        <ele>2227</ele>
      </trkpt>
      <trkpt lon="7.43701228746833" lat="45.5942230675628">
        <ele>2226.82</ele>
      </trkpt>
      <trkpt lon="7.43695931306345" lat="45.5942747266879">
        <ele>2226.82</ele>
      </trkpt>
      <trkpt lon="7.43687397374512" lat="45.5943421470095">
        <ele>2226.55</ele>
      </trkpt>
      <trkpt lon="7.43673685128862" lat="45.5944830270173">
        <ele>2226.95</ele>
      </trkpt>
      <trkpt lon="7.43665088929623" lat="45.5945728478977">
        <ele>2226.98</ele>
      </trkpt>
      <trkpt lon="7.43655864159202" lat="45.59463513469">
        <ele>2226.79</ele>
      </trkpt>
      <trkpt lon="7.43647489948158" lat="45.5947050939799">
        <ele>2227.85</ele>
      </trkpt>
      <trkpt lon="7.43644146434521" lat="45.5947594533614">
        <ele>2228.15</ele>
      </trkpt>
      <trkpt lon="7.43642957987372" lat="45.5948042043751">
        <ele>2228.73</ele>
      </trkpt>
      <trkpt lon="7.43642610639269" lat="45.5948646447542">
        <ele>2228</ele>
      </trkpt>
      <trkpt lon="7.43647431193039" lat="45.5949201188395">
        <ele>2228.6</ele>
      </trkpt>
      <trkpt lon="7.43659120471314" lat="45.5949953496405">
        <ele>2227.51</ele>
      </trkpt>
      <trkpt lon="7.43668100287449" lat="45.5950489629687">
        <ele>2226</ele>
      </trkpt>
      <trkpt lon="7.43687754895873" lat="45.5951875683572">
        <ele>2224.61</ele>
      </trkpt>
      <trkpt lon="7.43704525499876" lat="45.5952105649977">
        <ele>2227.16</ele>
      </trkpt>
      <trkpt lon="7.43714236470566" lat="45.5952502391561">
        <ele>2228.77</ele>
      </trkpt>
      <trkpt lon="7.43742275082369" lat="45.5952831482436">
        <ele>2233.3</ele>
      </trkpt>
      <trkpt lon="7.43753185861191" lat="45.5952924717524">
        <ele>2235.96</ele>
      </trkpt>
      <trkpt lon="7.4376480469521" lat="45.5953099927583">
        <ele>2237.97</ele>
      </trkpt>
      <trkpt lon="7.43778562705709" lat="45.5953467088988">
        <ele>2240</ele>
      </trkpt>
      <trkpt lon="7.43799925589938" lat="45.595392025989">
        <ele>2242.31</ele>
      </trkpt>
      <trkpt lon="7.43812848348049" lat="45.5954063053722">
        <ele>2243.85</ele>
      </trkpt>
      <trkpt lon="7.43829997558255" lat="45.5954361022206">
        <ele>2245.57</ele>
      </trkpt>
      <trkpt lon="7.43857673085458" lat="45.5954797615441">
        <ele>2248.3</ele>
      </trkpt>
      <trkpt lon="7.43871677268435" lat="45.5954878853208">
        <ele>2250.76</ele>
      </trkpt>
      <trkpt lon="7.43892824442588" lat="45.595467734073">
        <ele>2253.94</ele>
      </trkpt>
      <trkpt lon="7.43907530081717" lat="45.5954494016947">
        <ele>2254.85</ele>
      </trkpt>
      <trkpt lon="7.43920158147428" lat="45.5954450972476">
        <ele>2256.03</ele>
      </trkpt>
      <trkpt lon="7.43932742848232" lat="45.5954564487466">
        <ele>2257</ele>
      </trkpt>
      <trkpt lon="7.43935414819249" lat="45.5954731049796">
        <ele>2257.04</ele>
      </trkpt>
      <trkpt lon="7.43940055440731" lat="45.5954919197901">
        <ele>2258</ele>
      </trkpt>
      <trkpt lon="7.43953673261395" lat="45.5954820819656">
        <ele>2259.89</ele>
      </trkpt>
      <trkpt lon="7.43970587590037" lat="45.595448657753">
        <ele>2261</ele>
      </trkpt>
      <trkpt lon="7.4398032752472" lat="45.595450258732">
        <ele>2262</ele>
      </trkpt>
      <trkpt lon="7.4399408163447" lat="45.5954930028018">
        <ele>2263.4</ele>
      </trkpt>
      <trkpt lon="7.43997525901101" lat="45.5954808694945">
        <ele>2264</ele>
      </trkpt>
      <trkpt lon="7.43995006208789" lat="45.5954370514803">
        <ele>2265.37</ele>
      </trkpt>
      <trkpt lon="7.43984993103768" lat="45.5953490038511">
        <ele>2266.34</ele>
      </trkpt>
      <trkpt lon="7.43956817378122" lat="45.5952591044248">
        <ele>2269.19</ele>
      </trkpt>
      <trkpt lon="7.43923362029746" lat="45.5952006191706">
        <ele>2272.12</ele>
      </trkpt>
      <trkpt lon="7.43893532783217" lat="45.5950458651722">
        <ele>2276.85</ele>
      </trkpt>
      <trkpt lon="7.43889844138442" lat="45.595021328087">
        <ele>2277.82</ele>
      </trkpt>
      <trkpt lon="7.43890717528364" lat="45.595002274913">
        <ele>2278.5</ele>
      </trkpt>
      <trkpt lon="7.43902254152801" lat="45.595012404058">
        <ele>2279.41</ele>
      </trkpt>
      <trkpt lon="7.43909512898707" lat="45.5950256356467">
        <ele>2279.98</ele>
      </trkpt>
      <trkpt lon="7.43915508565477" lat="45.5950366281683">
        <ele>2280.17</ele>
      </trkpt>
      <trkpt lon="7.43916495809644" lat="45.59503658104">
        <ele>2280.18</ele>
      </trkpt>
      <trkpt lon="7.43937899620347" lat="45.595034735834">
        <ele>2282.44</ele>
      </trkpt>
      <trkpt lon="7.43948394866921" lat="45.5950274394393">
        <ele>2282.93</ele>
      </trkpt>
      <trkpt lon="7.43962831288262" lat="45.5950322020617">
        <ele>2284</ele>
      </trkpt>
      <trkpt lon="7.44016040667009" lat="45.5949578330924">
        <ele>2290.42</ele>
      </trkpt>
      <trkpt lon="7.44068051878304" lat="45.5949271289973">
        <ele>2295.81</ele>
      </trkpt>
      <trkpt lon="7.44099302277748" lat="45.5949345460847">
        <ele>2297.87</ele>
      </trkpt>
      <trkpt lon="7.44124405377918" lat="45.5949117812633">
        <ele>2300</ele>
      </trkpt>
      <trkpt lon="7.44137735123542" lat="45.5949086491356">
        <ele>2301.8</ele>
      </trkpt>
      <trkpt lon="7.44146958646432" lat="45.5949161196572">
        <ele>2303.01</ele>
      </trkpt>
      <trkpt lon="7.44153261783687" lat="45.5949456904546">
        <ele>2303.02</ele>
      </trkpt>
      <trkpt lon="7.44158341843735" lat="45.594972488842">
        <ele>2304</ele>
      </trkpt>
      <trkpt lon="7.44167251439372" lat="45.5949960264051">
        <ele>2306</ele>
      </trkpt>
      <trkpt lon="7.44177617165294" lat="45.5950262420547">
        <ele>2308</ele>
      </trkpt>
      <trkpt lon="7.44200859549901" lat="45.5950642480304">
        <ele>2311.46</ele>
      </trkpt>
      <trkpt lon="7.44211933134553" lat="45.5950610767954">
        <ele>2312</ele>
      </trkpt>
      <trkpt lon="7.44250116867565" lat="45.595004809612">
        <ele>2313.34</ele>
      </trkpt>
      <trkpt lon="7.44268898224087" lat="45.5949498544808">
        <ele>2314.66</ele>
      </trkpt>
      <trkpt lon="7.44294092725551" lat="45.5949217867566">
        <ele>2315.87</ele>
      </trkpt>
      <trkpt lon="7.44310106153484" lat="45.5949126269577">
        <ele>2317</ele>
      </trkpt>
      <trkpt lon="7.44343457504053" lat="45.5948835988842">
        <ele>2318.01</ele>
      </trkpt>
      <trkpt lon="7.44358852619273" lat="45.5948568941389">
        <ele>2320.51</ele>
      </trkpt>
      <trkpt lon="7.44376255220494" lat="45.5948600764516">
        <ele>2321.35</ele>
      </trkpt>
      <trkpt lon="7.44394049520359" lat="45.5948513390572">
        <ele>2323.09</ele>
      </trkpt>
      <trkpt lon="7.44411683005547" lat="45.5948312402497">
        <ele>2325.18</ele>
      </trkpt>
      <trkpt lon="7.44425057783849" lat="45.5948119104956">
        <ele>2326</ele>
      </trkpt>
      <trkpt lon="7.4443786336122" lat="45.5948036615216">
        <ele>2327.06</ele>
      </trkpt>
      <trkpt lon="7.44444970743806" lat="45.5948021093896">
        <ele>2328.1</ele>
      </trkpt>
      <trkpt lon="7.44457913543934" lat="45.5947951410166">
        <ele>2329</ele>
      </trkpt>
      <trkpt lon="7.44465427636049" lat="45.5947762718206">
        <ele>2330</ele>
      </trkpt>
      <trkpt lon="7.44469526621973" lat="45.5947730499121">
        <ele>2331</ele>
      </trkpt>
      <trkpt lon="7.4447340558355" lat="45.5947797893447">
        <ele>2331.37</ele>
      </trkpt>
      <trkpt lon="7.4447690757044" lat="45.5947977290233">
        <ele>2331.65</ele>
      </trkpt>
      <trkpt lon="7.44481780384042" lat="45.5948345748662">
        <ele>2332</ele>
      </trkpt>
      <trkpt lon="7.44488041537047" lat="45.5948840350499">
        <ele>2332</ele>
      </trkpt>
      <trkpt lon="7.44493273247386" lat="45.5949209309286">
        <ele>2331.98</ele>
      </trkpt>
      <trkpt lon="7.44503220077915" lat="45.594949738169">
        <ele>2332.45</ele>
      </trkpt>
      <trkpt lon="7.44514753931594" lat="45.5949562588892">
        <ele>2333.17</ele>
      </trkpt>
      <trkpt lon="7.44521436813997" lat="45.5949784100917">
        <ele>2333.99</ele>
      </trkpt>
      <trkpt lon="7.44527090253901" lat="45.594987910876">
        <ele>2334.37</ele>
      </trkpt>
      <trkpt lon="7.44534825920208" lat="45.5950188485125">
        <ele>2335</ele>
      </trkpt>
      <trkpt lon="7.44549700819045" lat="45.5950969296922">
        <ele>2336.41</ele>
      </trkpt>
      <trkpt lon="7.44562979416034" lat="45.5951124202511">
        <ele>2336.73</ele>
      </trkpt>
      <trkpt lon="7.44585410445626" lat="45.595123933814">
        <ele>2337.39</ele>
      </trkpt>
      <trkpt lon="7.44616279987657" lat="45.5951393844003">
        <ele>2341.51</ele>
      </trkpt>
      <trkpt lon="7.44642357212512" lat="45.5951491427147">
        <ele>2343.42</ele>
      </trkpt>
      <trkpt lon="7.44650682121735" lat="45.5951477545929">
        <ele>2344.56</ele>
      </trkpt>
      <trkpt lon="7.44699196591628" lat="45.5951157390161">
        <ele>2347</ele>
      </trkpt>
      <trkpt lon="7.44707288133205" lat="45.5951292595811">
        <ele>2347.01</ele>
      </trkpt>
      <trkpt lon="7.4471722250923" lat="45.5951346606745">
        <ele>2348.02</ele>
      </trkpt>
      <trkpt lon="7.44765898204196" lat="45.5951882639384">
        <ele>2354.18</ele>
      </trkpt>
      <trkpt lon="7.44803113218252" lat="45.5951762199984">
        <ele>2357.13</ele>
      </trkpt>
      <trkpt lon="7.44936481439996" lat="45.595180563514">
        <ele>2355.31</ele>
      </trkpt>
      <trkpt lon="7.44966465811643" lat="45.5951310790444">
        <ele>2355.68</ele>
      </trkpt>
      <trkpt lon="7.44990574486028" lat="45.5950875441585">
        <ele>2355.47</ele>
      </trkpt>
      <trkpt lon="7.45008015179948" lat="45.5950721787849">
        <ele>2353.46</ele>
      </trkpt>
      <trkpt lon="7.45044624258493" lat="45.5949634656824">
        <ele>2352.89</ele>
      </trkpt>
      <trkpt lon="7.45102189447331" lat="45.5949503931214">
        <ele>2351.93</ele>
      </trkpt>
      <trkpt lon="7.45128447332764" lat="45.5949084973728">
        <ele>2350</ele>
      </trkpt>
      <trkpt lon="7.45148913065936" lat="45.5949073132037">
        <ele>2354</ele>
      </trkpt>
      <trkpt lon="7.45195419585504" lat="45.5947987649477">
        <ele>2360.19</ele>
      </trkpt>
      <trkpt lon="7.45260031324974" lat="45.5947827679917">
        <ele>2361.72</ele>
      </trkpt>
      <trkpt lon="7.45286152138224" lat="45.5948046682827">
        <ele>2359.68</ele>
      </trkpt>
      <trkpt lon="7.45339086184921" lat="45.5947550415758">
        <ele>2357.56</ele>
      </trkpt>
      <trkpt lon="7.45466552060596" lat="45.5947560038805">
        <ele>2353.63</ele>
      </trkpt>
      <trkpt lon="7.45535237850125" lat="45.5947037286242">
        <ele>2352.89</ele>
      </trkpt>
      <trkpt lon="7.45535237850125" lat="45.5947037286242">
        <ele>2352.89</ele>
      </trkpt>
      <trkpt lon="7.4558519537672" lat="45.5946875330288">
        <ele>2350</ele>
      </trkpt>
      <trkpt lon="7.45597233734862" lat="45.5946690865012">
        <ele>2351.28</ele>
      </trkpt>
      <trkpt lon="7.45605630846461" lat="45.5946786819966">
        <ele>2351.81</ele>
      </trkpt>
      <trkpt lon="7.45596404037028" lat="45.5947893172305">
        <ele>2353.71</ele>
      </trkpt>
      <trkpt lon="7.456016699662" lat="45.5947999318943">
        <ele>2355</ele>
      </trkpt>
      <trkpt lon="7.45612366918249" lat="45.5947750934097">
        <ele>2356</ele>
      </trkpt>
      <trkpt lon="7.4563709689031" lat="45.5947852766045">
        <ele>2359.33</ele>
      </trkpt>
      <trkpt lon="7.45732595941355" lat="45.5946471434329">
        <ele>2362.27</ele>
      </trkpt>
      <trkpt lon="7.45766830690369" lat="45.5945948815244">
        <ele>2362.25</ele>
      </trkpt>
      <trkpt lon="7.45790259664503" lat="45.594532429429">
        <ele>2360.75</ele>
      </trkpt>
      <trkpt lon="7.45817634456782" lat="45.5945224429255">
        <ele>2358</ele>
      </trkpt>
      <trkpt lon="7.45836143624095" lat="45.5945896575144">
        <ele>2356</ele>
      </trkpt>
      <trkpt lon="7.45859222227463" lat="45.5945708120403">
        <ele>2356.23</ele>
      </trkpt>
      <trkpt lon="7.45867098766499" lat="45.5945832158896">
        <ele>2357</ele>
      </trkpt>
      <trkpt lon="7.45893709207884" lat="45.5948009406094">
        <ele>2358</ele>
      </trkpt>
      <trkpt lon="7.45930913283334" lat="45.5949848099405">
        <ele>2359</ele>
      </trkpt>
      <trkpt lon="7.45945526031245" lat="45.5950235039905">
        <ele>2359.81</ele>
      </trkpt>
      <trkpt lon="7.45964299590211" lat="45.5951207276949">
        <ele>2360.38</ele>
      </trkpt>
      <trkpt lon="7.45976979565388" lat="45.5951349487194">
        <ele>2361.75</ele>
      </trkpt>
      <trkpt lon="7.45996523306944" lat="45.5951474842515">
        <ele>2364.3</ele>
      </trkpt>
      <trkpt lon="7.4603017222147" lat="45.5950891943566">
        <ele>2368</ele>
      </trkpt>
      <trkpt lon="7.46063681921955" lat="45.5950535661307">
        <ele>2372</ele>
      </trkpt>
      <trkpt lon="7.46094180372613" lat="45.5950547968774">
        <ele>2372.57</ele>
      </trkpt>
      <trkpt lon="7.46127159022489" lat="45.5951243184739">
        <ele>2372.97</ele>
      </trkpt>
      <trkpt lon="7.46144903044335" lat="45.5951151866196">
        <ele>2373.76</ele>
      </trkpt>
      <trkpt lon="7.4617368326113" lat="45.5950460654269">
        <ele>2376</ele>
      </trkpt>
      <trkpt lon="7.46188393357795" lat="45.5950211328819">
        <ele>2377.68</ele>
      </trkpt>
      <trkpt lon="7.46211379475547" lat="45.5949938955204">
        <ele>2380</ele>
      </trkpt>
      <trkpt lon="7.46251947716598" lat="45.5949322117618">
        <ele>2380.57</ele>
      </trkpt>
      <trkpt lon="7.46265525795147" lat="45.5949321491793">
        <ele>2381</ele>
      </trkpt>
      <trkpt lon="7.46274002058286" lat="45.5949503921224">
        <ele>2382</ele>
      </trkpt>
      <trkpt lon="7.46309562713358" lat="45.5950180944771">
        <ele>2385.1</ele>
      </trkpt>
      <trkpt lon="7.46329037710215" lat="45.5950982122621">
        <ele>2387.56</ele>
      </trkpt>
      <trkpt lon="7.46332882137442" lat="45.5951505750639">
        <ele>2388.15</ele>
      </trkpt>
      <trkpt lon="7.46348117385458" lat="45.5951962804617">
        <ele>2389.06</ele>
      </trkpt>
      <trkpt lon="7.46364824914478" lat="45.5952285912191">
        <ele>2390.95</ele>
      </trkpt>
      <trkpt lon="7.46391986316588" lat="45.5952452970344">
        <ele>2391.22</ele>
      </trkpt>
      <trkpt lon="7.46447948655677" lat="45.5952510220137">
        <ele>2397</ele>
      </trkpt>
      <trkpt lon="7.46468232466073" lat="45.5952367374962">
        <ele>2398</ele>
      </trkpt>
      <trkpt lon="7.46480778618959" lat="45.5952153798328">
        <ele>2397.69</ele>
      </trkpt>
      <trkpt lon="7.46506618462365" lat="45.595161878195">
        <ele>2397.71</ele>
      </trkpt>
      <trkpt lon="7.46516166253432" lat="45.5951211253093">
        <ele>2397.05</ele>
      </trkpt>
      <trkpt lon="7.46527028068214" lat="45.5950262739638">
        <ele>2397.12</ele>
      </trkpt>
      <trkpt lon="7.46531191934912" lat="45.5949426750347">
        <ele>2397</ele>
      </trkpt>
      <trkpt lon="7.46534587155383" lat="45.5948683345984">
        <ele>2397</ele>
      </trkpt>
      <trkpt lon="7.46538448936981" lat="45.594853281813">
        <ele>2397</ele>
      </trkpt>
      <trkpt lon="7.46554201058962" lat="45.594798781956">
        <ele>2397</ele>
      </trkpt>
      <trkpt lon="7.46556037035904" lat="45.5947461030268">
        <ele>2397.37</ele>
      </trkpt>
      <trkpt lon="7.46565740479516" lat="45.5946574850603">
        <ele>2398.5</ele>
      </trkpt>
      <trkpt lon="7.46602181148431" lat="45.5945859617668">
        <ele>2401</ele>
      </trkpt>
      <trkpt lon="7.46663816034817" lat="45.5946317716363">
        <ele>2405.2</ele>
      </trkpt>
      <trkpt lon="7.46673331210124" lat="45.5946498813428">
        <ele>2405.61</ele>
      </trkpt>
      <trkpt lon="7.46682085012951" lat="45.5946509683244">
        <ele>2406</ele>
      </trkpt>
      <trkpt lon="7.46694563939865" lat="45.5946307690171">
        <ele>2406</ele>
      </trkpt>
      <trkpt lon="7.46714995026561" lat="45.5945904866359">
        <ele>2408</ele>
      </trkpt>
      <trkpt lon="7.46729969170954" lat="45.5944872771424">
        <ele>2409</ele>
      </trkpt>
      <trkpt lon="7.46736395778043" lat="45.5944484434489">
        <ele>2409.06</ele>
      </trkpt>
      <trkpt lon="7.46743656543131" lat="45.5944234962969">
        <ele>2410</ele>
      </trkpt>
      <trkpt lon="7.46820744550724" lat="45.5943265457216">
        <ele>2413.72</ele>
      </trkpt>
      <trkpt lon="7.4682890528239" lat="45.5943288993447">
        <ele>2414</ele>
      </trkpt>
      <trkpt lon="7.46836722406504" lat="45.5943255389017">
        <ele>2414.46</ele>
      </trkpt>
      <trkpt lon="7.46843272040528" lat="45.5943027445134">
        <ele>2414.99</ele>
      </trkpt>
      <trkpt lon="7.46849229205739" lat="45.594257277274">
        <ele>2415</ele>
      </trkpt>
      <trkpt lon="7.46862272246018" lat="45.5941286030635">
        <ele>2415.4</ele>
      </trkpt>
      <trkpt lon="7.46862272246018" lat="45.5941286030635">
        <ele>2415.4</ele>
      </trkpt>
      <trkpt lon="7.46865230123525" lat="45.5941110862401">
        <ele>2415.76</ele>
      </trkpt>
      <trkpt lon="7.46867935479672" lat="45.5941016390402">
        <ele>2416</ele>
      </trkpt>
      <trkpt lon="7.46875119863881" lat="45.5940717278668">
        <ele>2416</ele>
      </trkpt>
      <trkpt lon="7.4688193645593" lat="45.5940450084052">
        <ele>2417</ele>
      </trkpt>
      <trkpt lon="7.46886547415838" lat="45.5940324863113">
        <ele>2417</ele>
      </trkpt>
      <trkpt lon="7.46887758835988" lat="45.5940302169263">
        <ele>2417</ele>
      </trkpt>
      <trkpt lon="7.46890195010257" lat="45.5940255031532">
        <ele>2417</ele>
      </trkpt>
      <trkpt lon="7.46892668666346" lat="45.5940305174068">
        <ele>2417</ele>
      </trkpt>
      <trkpt lon="7.4689493813354" lat="45.5940445929803">
        <ele>2417</ele>
      </trkpt>
      <trkpt lon="7.46895968956537" lat="45.5940615629519">
        <ele>2417</ele>
      </trkpt>
      <trkpt lon="7.46896036970487" lat="45.5940836246258">
        <ele>2417.29</ele>
      </trkpt>
      <trkpt lon="7.46895496364582" lat="45.5941032639579">
        <ele>2417.4</ele>
      </trkpt>
      <trkpt lon="7.46894335408399" lat="45.5941529734328">
        <ele>2418.01</ele>
      </trkpt>
      <trkpt lon="7.46893176703688" lat="45.5941877408645">
        <ele>2418.59</ele>
      </trkpt>
      <trkpt lon="7.46894316617463" lat="45.5942447813015">
        <ele>2419</ele>
      </trkpt>
      <trkpt lon="7.46896292977837" lat="45.5942817685356">
        <ele>2419</ele>
      </trkpt>
      <trkpt lon="7.46896880479962" lat="45.594287338177">
        <ele>2419</ele>
      </trkpt>
      <trkpt lon="7.46899095767868" lat="45.5943072583371">
        <ele>2419</ele>
      </trkpt>
      <trkpt lon="7.46902642760029" lat="45.5943230340765">
        <ele>2419</ele>
      </trkpt>
      <trkpt lon="7.46910146780931" lat="45.5943405130178">
        <ele>2420</ele>
      </trkpt>
      <trkpt lon="7.4691483603983" lat="45.5943464525081">
        <ele>2420</ele>
      </trkpt>
      <trkpt lon="7.46920488673199" lat="45.5943422585023">
        <ele>2420</ele>
      </trkpt>
      <trkpt lon="7.46923570698627" lat="45.5943357419681">
        <ele>2420</ele>
      </trkpt>
      <trkpt lon="7.46924542394123" lat="45.5943320003007">
        <ele>2420</ele>
      </trkpt>
      <trkpt lon="7.4692700413383" lat="45.5943225197432">
        <ele>2420</ele>
      </trkpt>
      <trkpt lon="7.46929518088284" lat="45.5943174559688">
        <ele>2420</ele>
      </trkpt>
      <trkpt lon="7.46931991753526" lat="45.5943177867709">
        <ele>2420</ele>
      </trkpt>
      <trkpt lon="7.46931991753526" lat="45.5943177867709">
        <ele>2420</ele>
      </trkpt>
      <trkpt lon="7.46943123483272" lat="45.5942695032922">
        <ele>2420.61</ele>
      </trkpt>
      <trkpt lon="7.46982126476612" lat="45.594174729659">
        <ele>2424</ele>
      </trkpt>
      <trkpt lon="7.46996451787625" lat="45.5941779088966">
        <ele>2425</ele>
      </trkpt>
      <trkpt lon="7.47005540274984" lat="45.5942020798258">
        <ele>2426</ele>
      </trkpt>
      <trkpt lon="7.47028751570692" lat="45.5942284993942">
        <ele>2427.51</ele>
      </trkpt>
      <trkpt lon="7.47055197180881" lat="45.594215929402">
        <ele>2429</ele>
      </trkpt>
      <trkpt lon="7.47074794897386" lat="45.594185072178">
        <ele>2431.33</ele>
      </trkpt>
      <trkpt lon="7.47089702752993" lat="45.5941720343962">
        <ele>2433.96</ele>
      </trkpt>
      <trkpt lon="7.4709665679036" lat="45.5941748573593">
        <ele>2434</ele>
      </trkpt>
      <trkpt lon="7.47106646179323" lat="45.5941743027519">
        <ele>2435</ele>
      </trkpt>
      <trkpt lon="7.47112256874015" lat="45.5941666836557">
        <ele>2435.51</ele>
      </trkpt>
      <trkpt lon="7.47123988856337" lat="45.5941381007315">
        <ele>2436.63</ele>
      </trkpt>
      <trkpt lon="7.47134649689682" lat="45.5941167567756">
        <ele>2437.31</ele>
      </trkpt>
      <trkpt lon="7.47142863266077" lat="45.5940854512217">
        <ele>2438</ele>
      </trkpt>
      <trkpt lon="7.47152311576409" lat="45.5940621432106">
        <ele>2439.32</ele>
      </trkpt>
      <trkpt lon="7.47155679981697" lat="45.594063493569">
        <ele>2439.93</ele>
      </trkpt>
      <trkpt lon="7.47170608982648" lat="45.5940331775757">
        <ele>2441</ele>
      </trkpt>
      <trkpt lon="7.47179633662925" lat="45.5940147640917">
        <ele>2442.12</ele>
      </trkpt>
      <trkpt lon="7.47188437539864" lat="45.5939784973584">
        <ele>2443</ele>
      </trkpt>
      <trkpt lon="7.47197670875214" lat="45.5939399500535">
        <ele>2444</ele>
      </trkpt>
      <trkpt lon="7.47204466618534" lat="45.593920875227">
        <ele>2445</ele>
      </trkpt>
      <trkpt lon="7.47216610546575" lat="45.5938963091104">
        <ele>2446</ele>
      </trkpt>
      <trkpt lon="7.47221363185757" lat="45.5938789424636">
        <ele>2447</ele>
      </trkpt>
      <trkpt lon="7.47231909340984" lat="45.5938337284503">
        <ele>2447.31</ele>
      </trkpt>
      <trkpt lon="7.47239976521595" lat="45.5938042923738">
        <ele>2449</ele>
      </trkpt>
      <trkpt lon="7.47245432508442" lat="45.5937875619219">
        <ele>2449.8</ele>
      </trkpt>
      <trkpt lon="7.47252976558906" lat="45.5937903710526">
        <ele>2450.49</ele>
      </trkpt>
      <trkpt lon="7.47257508886294" lat="45.5937879158716">
        <ele>2451.09</ele>
      </trkpt>
      <trkpt lon="7.4726117926638" lat="45.5937771548426">
        <ele>2451.67</ele>
      </trkpt>
      <trkpt lon="7.47264072929559" lat="45.5937833024985">
        <ele>2452.05</ele>
      </trkpt>
      <trkpt lon="7.47265605394502" lat="45.5938186118698">
        <ele>2453.01</ele>
      </trkpt>
      <trkpt lon="7.47283385351397" lat="45.5939000184125">
        <ele>2457</ele>
      </trkpt>
      <trkpt lon="7.4730049096359" lat="45.5939227372994">
        <ele>2460.54</ele>
      </trkpt>
      <trkpt lon="7.47304199844825" lat="45.5939686888153">
        <ele>2461</ele>
      </trkpt>
      <trkpt lon="7.47308711851426" lat="45.5939880147371">
        <ele>2461.49</ele>
      </trkpt>
      <trkpt lon="7.4732981981301" lat="45.5939910140678">
        <ele>2463</ele>
      </trkpt>
      <trkpt lon="7.47341741687109" lat="45.5940199715016">
        <ele>2464</ele>
      </trkpt>
      <trkpt lon="7.47355467107498" lat="45.59410254435">
        <ele>2464</ele>
      </trkpt>
      <trkpt lon="7.47378858842558" lat="45.5940483341247">
        <ele>2465</ele>
      </trkpt>
      <trkpt lon="7.47387840222156" lat="45.5940127202027">
        <ele>2465.39</ele>
      </trkpt>
      <trkpt lon="7.47400536894884" lat="45.5940113575022">
        <ele>2466</ele>
      </trkpt>
      <trkpt lon="7.47411511239634" lat="45.5940445982861">
        <ele>2466</ele>
      </trkpt>
      <trkpt lon="7.47417986939373" lat="45.5940442016775">
        <ele>2467</ele>
      </trkpt>
      <trkpt lon="7.47424764882542" lat="45.5940363771329">
        <ele>2467</ele>
      </trkpt>
      <trkpt lon="7.47440975791464" lat="45.5940392621002">
        <ele>2468</ele>
      </trkpt>
      <trkpt lon="7.47443704229707" lat="45.5940164951222">
        <ele>2467</ele>
      </trkpt>
      <trkpt lon="7.47443704229707" lat="45.5940164951222">
        <ele>2467</ele>
      </trkpt>
      <trkpt lon="7.47469245629925" lat="45.5940158558991">
        <ele>2466</ele>
      </trkpt>
      <trkpt lon="7.47478894969782" lat="45.5940365851288">
        <ele>2466</ele>
      </trkpt>
      <trkpt lon="7.47485014080243" lat="45.5941347048589">
        <ele>2467.96</ele>
      </trkpt>
      <trkpt lon="7.47483902873762" lat="45.594170919554">
        <ele>2468.97</ele>
      </trkpt>
      <trkpt lon="7.47464406306669" lat="45.5943254715736">
        <ele>2470.69</ele>
      </trkpt>
      <trkpt lon="7.47456082147844" lat="45.5943692746542">
        <ele>2471.19</ele>
      </trkpt>
      <trkpt lon="7.47439265213984" lat="45.5944575780392">
        <ele>2474.06</ele>
      </trkpt>
      <trkpt lon="7.47425196965106" lat="45.5945392287432">
        <ele>2475</ele>
      </trkpt>
      <trkpt lon="7.4741653890041" lat="45.594587937471">
        <ele>2475.63</ele>
      </trkpt>
      <trkpt lon="7.47407735023457" lat="45.5946242069822">
        <ele>2475.71</ele>
      </trkpt>
      <trkpt lon="7.47401979563794" lat="45.594652059908">
        <ele>2476</ele>
      </trkpt>
      <trkpt lon="7.4739694913442" lat="45.5946726293867">
        <ele>2476</ele>
      </trkpt>
      <trkpt lon="7.47394045686361" lat="45.5946984353134">
        <ele>2476</ele>
      </trkpt>
      <trkpt lon="7.47392193372421" lat="45.5947243802337">
        <ele>2476</ele>
      </trkpt>
      <trkpt lon="7.47391842231463" lat="45.5947356749291">
        <ele>2476</ele>
      </trkpt>
      <trkpt lon="7.47393946084611" lat="45.5947778095275">
        <ele>2476</ele>
      </trkpt>
      <trkpt lon="7.47408105856235" lat="45.594913005967">
        <ele>2475.38</ele>
      </trkpt>
      <trkpt lon="7.47428984498755" lat="45.5949914043991">
        <ele>2475.02</ele>
      </trkpt>
      <trkpt lon="7.4745571780461" lat="45.5950241383546">
        <ele>2476.43</ele>
      </trkpt>
      <trkpt lon="7.47470326177942" lat="45.5950270787245">
        <ele>2477.21</ele>
      </trkpt>
      <trkpt lon="7.4749812908556" lat="45.5951335840877">
        <ele>2478.66</ele>
      </trkpt>
      <trkpt lon="7.4750618805655" lat="45.595182905552">
        <ele>2478.7</ele>
      </trkpt>
      <trkpt lon="7.47519907564869" lat="45.59530570997">
        <ele>2479</ele>
      </trkpt>
      <trkpt lon="7.47525277376474" lat="45.595320827535">
        <ele>2479</ele>
      </trkpt>
      <trkpt lon="7.47566944084433" lat="45.5953454710579">
        <ele>2479</ele>
      </trkpt>
      <trkpt lon="7.47589611419266" lat="45.5954025941257">
        <ele>2479</ele>
      </trkpt>
      <trkpt lon="7.47604080957668" lat="45.5953763504129">
        <ele>2480</ele>
      </trkpt>
      <trkpt lon="7.47617573472724" lat="45.5953794129006">
        <ele>2481</ele>
      </trkpt>
      <trkpt lon="7.476257581109" lat="45.5953730329724">
        <ele>2481.31</ele>
      </trkpt>
      <trkpt lon="7.47636015245716" lat="45.5953918622127">
        <ele>2481.55</ele>
      </trkpt>
      <trkpt lon="7.47642885637276" lat="45.5954115022585">
        <ele>2482</ele>
      </trkpt>
      <trkpt lon="7.47650587110299" lat="45.5954557346712">
        <ele>2482.27</ele>
      </trkpt>
      <trkpt lon="7.47658347794203" lat="45.5954780109803">
        <ele>2482.25</ele>
      </trkpt>
      <trkpt lon="7.47670420845187" lat="45.5954750315122">
        <ele>2482.98</ele>
      </trkpt>
      <trkpt lon="7.47682999439224" lat="45.5954841801765">
        <ele>2483</ele>
      </trkpt>
      <trkpt lon="7.47696014107665" lat="45.5955170572589">
        <ele>2484</ele>
      </trkpt>
      <trkpt lon="7.47709611849168" lat="45.5955475843381">
        <ele>2485</ele>
      </trkpt>
      <trkpt lon="7.47719785597651" lat="45.5955925947863">
        <ele>2485</ele>
      </trkpt>
      <trkpt lon="7.47726930656596" lat="45.5956434134225">
        <ele>2484.31</ele>
      </trkpt>
      <trkpt lon="7.47728997602482" lat="45.5956661030826">
        <ele>2485</ele>
      </trkpt>
      <trkpt lon="7.47729709224572" lat="45.5956969817076">
        <ele>2485</ele>
      </trkpt>
      <trkpt lon="7.47728049072336" lat="45.5957560747046">
        <ele>2485</ele>
      </trkpt>
      <trkpt lon="7.47729095619795" lat="45.5958289433096">
        <ele>2485</ele>
      </trkpt>
      <trkpt lon="7.47733187813743" lat="45.5958897952383">
        <ele>2484.39</ele>
      </trkpt>
      <trkpt lon="7.47737898440391" lat="45.5959068044542">
        <ele>2484</ele>
      </trkpt>
      <trkpt lon="7.47745125819744" lat="45.5959083079659">
        <ele>2484</ele>
      </trkpt>
      <trkpt lon="7.47764116501035" lat="45.5959170516818">
        <ele>2482.12</ele>
      </trkpt>
      <trkpt lon="7.47773466664352" lat="45.5959394503693">
        <ele>2481.94</ele>
      </trkpt>
      <trkpt lon="7.47784006536888" lat="45.5959819885681">
        <ele>2482</ele>
      </trkpt>
      <trkpt lon="7.47786632945624" lat="45.5960016004267">
        <ele>2482</ele>
      </trkpt>
      <trkpt lon="7.47810678982285" lat="45.5960279367398">
        <ele>2480.76</ele>
      </trkpt>
      <trkpt lon="7.47826269920064" lat="45.5960090433203">
        <ele>2479.47</ele>
      </trkpt>
      <trkpt lon="7.4785678255698" lat="45.5960005071545">
        <ele>2477.17</ele>
      </trkpt>
      <trkpt lon="7.47921849765251" lat="45.5960343753854">
        <ele>2473.77</ele>
      </trkpt>
      <trkpt lon="7.47960152311445" lat="45.5960184120046">
        <ele>2473</ele>
      </trkpt>
      <trkpt lon="7.48092759504598" lat="45.59583047559">
        <ele>2470.36</ele>
      </trkpt>
      <trkpt lon="7.48116096142878" lat="45.5958252082598">
        <ele>2470.82</ele>
      </trkpt>
      <trkpt lon="7.48139394771732" lat="45.5957959014309">
        <ele>2469.45</ele>
      </trkpt>
      <trkpt lon="7.48158466374693" lat="45.5957603634822">
        <ele>2468.73</ele>
      </trkpt>
      <trkpt lon="7.48165778020881" lat="45.5957115601777">
        <ele>2468.5</ele>
      </trkpt>
      <trkpt lon="7.48178372181925" lat="45.5957150364781">
        <ele>2466.6</ele>
      </trkpt>
      <trkpt lon="7.48181121932155" lat="45.5957318732786">
        <ele>2466.24</ele>
      </trkpt>
      <trkpt lon="7.48181121932155" lat="45.5957318732786">
        <ele>2466.24</ele>
      </trkpt>
      <trkpt lon="7.48218573215955" lat="45.595641530162">
        <ele>2467</ele>
      </trkpt>
      <trkpt lon="7.48229173494946" lat="45.5956189056122">
        <ele>2467</ele>
      </trkpt>
      <trkpt lon="7.4823481474009" lat="45.5956142560381">
        <ele>2467</ele>
      </trkpt>
      <trkpt lon="7.48239774274106" lat="45.5956246345552">
        <ele>2467</ele>
      </trkpt>
      <trkpt lon="7.48256192049597" lat="45.5956697511627">
        <ele>2468</ele>
      </trkpt>
      <trkpt lon="7.48271771710038" lat="45.5957358182179">
        <ele>2469.86</ele>
      </trkpt>
      <trkpt lon="7.48279112349426" lat="45.5957761282746">
        <ele>2470.19</ele>
      </trkpt>
      <trkpt lon="7.48289634207645" lat="45.5959395417421">
        <ele>2472.03</ele>
      </trkpt>
      <trkpt lon="7.48292951435825" lat="45.5959740984886">
        <ele>2473</ele>
      </trkpt>
      <trkpt lon="7.48297718974768" lat="45.5960082136969">
        <ele>2473</ele>
      </trkpt>
      <trkpt lon="7.48302415424076" lat="45.5960305313786">
        <ele>2473.19</ele>
      </trkpt>
      <trkpt lon="7.48324091316418" lat="45.5961038880935">
        <ele>2474</ele>
      </trkpt>
      <trkpt lon="7.4834268331181" lat="45.5961464104005">
        <ele>2475</ele>
      </trkpt>
      <trkpt lon="7.48364571788478" lat="45.5961790188861">
        <ele>2476</ele>
      </trkpt>
      <trkpt lon="7.48370828019128" lat="45.5961887614008">
        <ele>2476</ele>
      </trkpt>
      <trkpt lon="7.48376936973337" lat="45.5962245851147">
        <ele>2476.21</ele>
      </trkpt>
      <trkpt lon="7.48381589991462" lat="45.5962964929318">
        <ele>2476</ele>
      </trkpt>
      <trkpt lon="7.4838139683812" lat="45.5963443524535">
        <ele>2476</ele>
      </trkpt>
      <trkpt lon="7.48378146566138" lat="45.5964467102775">
        <ele>2476.79</ele>
      </trkpt>
      <trkpt lon="7.48378093137021" lat="45.5964951281601">
        <ele>2477</ele>
      </trkpt>
      <trkpt lon="7.48381368880088" lat="45.5965784639106">
        <ele>2473.94</ele>
      </trkpt>
      <trkpt lon="7.48385068799813" lat="45.5966614941386">
        <ele>2477</ele>
      </trkpt>
      <trkpt lon="7.48382880809531" lat="45.5967454516009">
        <ele>2478.33</ele>
      </trkpt>
      <trkpt lon="7.48378863031291" lat="45.5968423092123">
        <ele>2480</ele>
      </trkpt>
      <trkpt lon="7.48378060915051" lat="45.5969211416788">
        <ele>2481</ele>
      </trkpt>
      <trkpt lon="7.48380956968211" lat="45.5969836324226">
        <ele>2481.89</ele>
      </trkpt>
      <trkpt lon="7.48384771446034" lat="45.5970097917829">
        <ele>2482</ele>
      </trkpt>
      <trkpt lon="7.48394867376388" lat="45.5970745888337">
        <ele>2483</ele>
      </trkpt>
      <trkpt lon="7.48403797189097" lat="45.5971295105231">
        <ele>2484</ele>
      </trkpt>
      <trkpt lon="7.48409440453392" lat="45.5972288191266">
        <ele>2485.99</ele>
      </trkpt>
      <trkpt lon="7.48412990475003" lat="45.5972580035379">
        <ele>2486</ele>
      </trkpt>
      <trkpt lon="7.48417243028876" lat="45.5972786405789">
        <ele>2486.76</ele>
      </trkpt>
      <trkpt lon="7.48421366171879" lat="45.5972806271371">
        <ele>2487</ele>
      </trkpt>
      <trkpt lon="7.48425421542128" lat="45.5972792747157">
        <ele>2487</ele>
      </trkpt>
      <trkpt lon="7.48429776116721" lat="45.5972620302557">
        <ele>2487.7</ele>
      </trkpt>
      <trkpt lon="7.48431945110948" lat="45.5972327075028">
        <ele>2487.88</ele>
      </trkpt>
      <trkpt lon="7.48433698036669" lat="45.5971768618187">
        <ele>2488</ele>
      </trkpt>
      <trkpt lon="7.48432027024924" lat="45.5971070626752">
        <ele>2488</ele>
      </trkpt>
      <trkpt lon="7.48427264795706" lat="45.5970566553898">
        <ele>2489</ele>
      </trkpt>
      <trkpt lon="7.4841784833399" lat="45.5969871777308">
        <ele>2490</ele>
      </trkpt>
      <trkpt lon="7.48415991405696" lat="45.596957860146">
        <ele>2490.44</ele>
      </trkpt>
      <trkpt lon="7.4841678343079" lat="45.5969255621855">
        <ele>2491</ele>
      </trkpt>
      <trkpt lon="7.48421644141469" lat="45.596901273152">
        <ele>2491.15</ele>
      </trkpt>
      <trkpt lon="7.48436620343976" lat="45.596882107444">
        <ele>2493</ele>
      </trkpt>
      <trkpt lon="7.48455736952531" lat="45.5968442305517">
        <ele>2495</ele>
      </trkpt>
      <trkpt lon="7.48489232569627" lat="45.5967659568028">
        <ele>2498.82</ele>
      </trkpt>
      <trkpt lon="7.48535297125222" lat="45.5966626141874">
        <ele>2502.75</ele>
      </trkpt>
      <trkpt lon="7.4865583102739" lat="45.5964584289767">
        <ele>2513</ele>
      </trkpt>
      <trkpt lon="7.48710476256777" lat="45.596391860337">
        <ele>2519</ele>
      </trkpt>
      <trkpt lon="7.4879130468864" lat="45.5962625981925">
        <ele>2527</ele>
      </trkpt>
    </trkseg>
  </trk>
</gpx>
