<?xml version="1.0" encoding="UTF-8"?>
<gpx xmlns="http://www.topografix.com/GPX/1/1" creator="INVA x RAVdA" version="1.1" xmlns:xsi="http://www.w3.org/2001/XMLSchema-instance" xsi:schemaLocation="http://www.topografix.com/GPX/1/1 http://www.topografix.com/GPX/1/1/gpx.xsd">
  <trk>
    <name>RAVDA - Catasto Sentieri</name>
    <desc>Percorso personalizzato</desc>
    <trkseg>
      <trkpt lon="7.38218971249132" lat="45.8509192695647">
        <ele>1367</ele>
      </trkpt>
      <trkpt lon="7.38209366973469" lat="45.8510066541926">
        <ele>1367</ele>
      </trkpt>
      <trkpt lon="7.3820404563704" lat="45.8510606244958">
        <ele>1366</ele>
      </trkpt>
      <trkpt lon="7.38191358154775" lat="45.8511896071065">
        <ele>1364</ele>
      </trkpt>
      <trkpt lon="7.38183740525901" lat="45.8511692669615">
        <ele>1362.47</ele>
      </trkpt>
      <trkpt lon="7.38169934681706" lat="45.8508801915957">
        <ele>1356.12</ele>
      </trkpt>
      <trkpt lon="7.38177854786036" lat="45.8506363167085">
        <ele>1355</ele>
      </trkpt>
      <trkpt lon="7.38169720340871" lat="45.8505456080548">
        <ele>1355</ele>
      </trkpt>
      <trkpt lon="7.38167317425551" lat="45.8505880200131">
        <ele>1354</ele>
      </trkpt>
      <trkpt lon="7.38166482929224" lat="45.8506048231379">
        <ele>1354</ele>
      </trkpt>
      <trkpt lon="7.38162605505855" lat="45.8506627797936">
        <ele>1354</ele>
      </trkpt>
      <trkpt lon="7.38153178785171" lat="45.8507244471172">
        <ele>1353</ele>
      </trkpt>
      <trkpt lon="7.38144911570086" lat="45.8507682779878">
        <ele>1353</ele>
      </trkpt>
      <trkpt lon="7.38133220435653" lat="45.850789124608">
        <ele>1352</ele>
      </trkpt>
      <trkpt lon="7.38119714565985" lat="45.8507962123686">
        <ele>1351.25</ele>
      </trkpt>
      <trkpt lon="7.38103274823451" lat="45.8507623793585">
        <ele>1350.45</ele>
      </trkpt>
      <trkpt lon="7.38095770285838" lat="45.8507253137985">
        <ele>1350</ele>
      </trkpt>
      <trkpt lon="7.38090016906678" lat="45.8506839955222">
        <ele>1349.16</ele>
      </trkpt>
      <trkpt lon="7.38045462324393" lat="45.8502546497162">
        <ele>1344.09</ele>
      </trkpt>
      <trkpt lon="7.38032656424495" lat="45.8501448262343">
        <ele>1342</ele>
      </trkpt>
      <trkpt lon="7.38023518884811" lat="45.850062526031">
        <ele>1343</ele>
      </trkpt>
      <trkpt lon="7.38014420234869" lat="45.8499802313871">
        <ele>1342</ele>
      </trkpt>
      <trkpt lon="7.37986478661755" lat="45.8497602536336">
        <ele>1339</ele>
      </trkpt>
      <trkpt lon="7.37968164741287" lat="45.8497111228301">
        <ele>1339.09</ele>
      </trkpt>
      <trkpt lon="7.3795240783564" lat="45.8496551532114">
        <ele>1339.18</ele>
      </trkpt>
      <trkpt lon="7.37941481800702" lat="45.8496344321806">
        <ele>1339.14</ele>
      </trkpt>
      <trkpt lon="7.37928699603761" lat="45.8496185777605">
        <ele>1339.97</ele>
      </trkpt>
      <trkpt lon="7.37928699603761" lat="45.8496185777605">
        <ele>1339.97</ele>
      </trkpt>
      <trkpt lon="7.37924659759532" lat="45.8496348361163">
        <ele>1341.27</ele>
      </trkpt>
      <trkpt lon="7.37910009999891" lat="45.8497696575742">
        <ele>1345.88</ele>
      </trkpt>
      <trkpt lon="7.3790919984697" lat="45.8499776350137">
        <ele>1351</ele>
      </trkpt>
      <trkpt lon="7.37902013096304" lat="45.8500794924665">
        <ele>1354.82</ele>
      </trkpt>
      <trkpt lon="7.37890138636368" lat="45.8502343285919">
        <ele>1359.66</ele>
      </trkpt>
      <trkpt lon="7.37878713960669" lat="45.8503629474266">
        <ele>1364.04</ele>
      </trkpt>
      <trkpt lon="7.37868142083598" lat="45.8504906052083">
        <ele>1367.26</ele>
      </trkpt>
      <trkpt lon="7.37858491082199" lat="45.8506072350207">
        <ele>1370.81</ele>
      </trkpt>
      <trkpt lon="7.37849017150231" lat="45.850662863297">
        <ele>1373.71</ele>
      </trkpt>
      <trkpt lon="7.37842059317939" lat="45.8507524204588">
        <ele>1376</ele>
      </trkpt>
      <trkpt lon="7.37838534300488" lat="45.8508617284562">
        <ele>1379.6</ele>
      </trkpt>
      <trkpt lon="7.37837059329967" lat="45.8509703366344">
        <ele>1382.15</ele>
      </trkpt>
      <trkpt lon="7.37834007777159" lat="45.8510187764611">
        <ele>1383.75</ele>
      </trkpt>
      <trkpt lon="7.37823194332268" lat="45.8512338864465">
        <ele>1390.17</ele>
      </trkpt>
      <trkpt lon="7.37813155204274" lat="45.8513819614665">
        <ele>1395.2</ele>
      </trkpt>
      <trkpt lon="7.37801989331113" lat="45.8514170084991">
        <ele>1397.32</ele>
      </trkpt>
      <trkpt lon="7.37791155509905" lat="45.8515415689545">
        <ele>1401.42</ele>
      </trkpt>
      <trkpt lon="7.37776997292443" lat="45.8516046330773">
        <ele>1406.52</ele>
      </trkpt>
      <trkpt lon="7.37764650553975" lat="45.8516425717358">
        <ele>1410.07</ele>
      </trkpt>
      <trkpt lon="7.37756749792798" lat="45.8516577408008">
        <ele>1412.34</ele>
      </trkpt>
      <trkpt lon="7.37746482844493" lat="45.8516847266042">
        <ele>1414.2</ele>
      </trkpt>
      <trkpt lon="7.37736883330096" lat="45.8517524857327">
        <ele>1417.39</ele>
      </trkpt>
      <trkpt lon="7.37738696525998" lat="45.8518420298553">
        <ele>1418.68</ele>
      </trkpt>
      <trkpt lon="7.37732568918574" lat="45.8518275677821">
        <ele>1420.19</ele>
      </trkpt>
      <trkpt lon="7.37724607881334" lat="45.8518411979133">
        <ele>1423.14</ele>
      </trkpt>
      <trkpt lon="7.37723710153004" lat="45.8519461977223">
        <ele>1426.23</ele>
      </trkpt>
      <trkpt lon="7.37716501252659" lat="45.8520112403467">
        <ele>1428.92</ele>
      </trkpt>
      <trkpt lon="7.37714999415689" lat="45.8520802391805">
        <ele>1431.77</ele>
      </trkpt>
      <trkpt lon="7.37708228241274" lat="45.8521763048595">
        <ele>1434.16</ele>
      </trkpt>
      <trkpt lon="7.37709211798214" lat="45.852214608708">
        <ele>1435.22</ele>
      </trkpt>
      <trkpt lon="7.3770860282309" lat="45.8522512429153">
        <ele>1436.71</ele>
      </trkpt>
      <trkpt lon="7.3770530678563" lat="45.852317199831">
        <ele>1439</ele>
      </trkpt>
      <trkpt lon="7.37705307531629" lat="45.852361212063">
        <ele>1440</ele>
      </trkpt>
      <trkpt lon="7.37703802976301" lat="45.8524002406889">
        <ele>1441.68</ele>
      </trkpt>
      <trkpt lon="7.37700306926412" lat="45.8526101790297">
        <ele>1449</ele>
      </trkpt>
      <trkpt lon="7.37693704297488" lat="45.8527411900594">
        <ele>1453</ele>
      </trkpt>
      <trkpt lon="7.3769120754158" lat="45.8527582069175">
        <ele>1453.85</ele>
      </trkpt>
      <trkpt lon="7.3769100349137" lat="45.8528372033539">
        <ele>1457.01</ele>
      </trkpt>
      <trkpt lon="7.37686098582788" lat="45.8528761983161">
        <ele>1458.22</ele>
      </trkpt>
      <trkpt lon="7.37688310433369" lat="45.8529482475875">
        <ele>1460</ele>
      </trkpt>
      <trkpt lon="7.37682800467745" lat="45.8530092097171">
        <ele>1462.36</ele>
      </trkpt>
      <trkpt lon="7.3768060456374" lat="45.8530202375629">
        <ele>1463</ele>
      </trkpt>
      <trkpt lon="7.37672703199634" lat="45.8531992191329">
        <ele>1469.26</ele>
      </trkpt>
      <trkpt lon="7.37668008585408" lat="45.8532322139626">
        <ele>1470.2</ele>
      </trkpt>
      <trkpt lon="7.3766920238365" lat="45.8532912461372">
        <ele>1472.4</ele>
      </trkpt>
      <trkpt lon="7.37666404140951" lat="45.8533542141363">
        <ele>1474.97</ele>
      </trkpt>
      <trkpt lon="7.37672499710872" lat="45.8534152023913">
        <ele>1477.27</ele>
      </trkpt>
      <trkpt lon="7.37671902401946" lat="45.8534522004979">
        <ele>1479</ele>
      </trkpt>
      <trkpt lon="7.37669500086658" lat="45.8534722007744">
        <ele>1479.46</ele>
      </trkpt>
      <trkpt lon="7.37666510460696" lat="45.8535301908504">
        <ele>1481.7</ele>
      </trkpt>
      <trkpt lon="7.37662403391153" lat="45.8535472492201">
        <ele>1482.68</ele>
      </trkpt>
      <trkpt lon="7.37665208032868" lat="45.8536192013243">
        <ele>1485.66</ele>
      </trkpt>
      <trkpt lon="7.37666609857636" lat="45.8536951867286">
        <ele>1488</ele>
      </trkpt>
      <trkpt lon="7.37670097883401" lat="45.8537492356654">
        <ele>1489.84</ele>
      </trkpt>
      <trkpt lon="7.37670509122672" lat="45.8538292182977">
        <ele>1492.12</ele>
      </trkpt>
      <trkpt lon="7.37674601848546" lat="45.8539011760825">
        <ele>1494.25</ele>
      </trkpt>
      <trkpt lon="7.37664800450103" lat="45.8539362343587">
        <ele>1496.14</ele>
      </trkpt>
      <trkpt lon="7.37657288336958" lat="45.8539371475428">
        <ele>1497.65</ele>
      </trkpt>
      <trkpt lon="7.3765454101589" lat="45.8539561977617">
        <ele>1498.94</ele>
      </trkpt>
      <trkpt lon="7.37650908016395" lat="45.8540272381077">
        <ele>1501.89</ele>
      </trkpt>
      <trkpt lon="7.37650807615288" lat="45.8540882479851">
        <ele>1503.96</ele>
      </trkpt>
      <trkpt lon="7.37645106857697" lat="45.8541262289554">
        <ele>1505.93</ele>
      </trkpt>
      <trkpt lon="7.3764450167756" lat="45.8542102088133">
        <ele>1508.68</ele>
      </trkpt>
      <trkpt lon="7.37638501744593" lat="45.85424922867">
        <ele>1510.92</ele>
      </trkpt>
      <trkpt lon="7.37640823254224" lat="45.854354326016">
        <ele>1514.89</ele>
      </trkpt>
      <trkpt lon="7.37639407752627" lat="45.854451242236">
        <ele>1518.81</ele>
      </trkpt>
      <trkpt lon="7.37631498035181" lat="45.8545002510509">
        <ele>1520.97</ele>
      </trkpt>
      <trkpt lon="7.37624206541886" lat="45.854611183725">
        <ele>1525.52</ele>
      </trkpt>
      <trkpt lon="7.37630199756194" lat="45.8547382236524">
        <ele>1526</ele>
      </trkpt>
      <trkpt lon="7.37623398587164" lat="45.8548312225839">
        <ele>1529.58</ele>
      </trkpt>
      <trkpt lon="7.37622201423508" lat="45.8549282582726">
        <ele>1532.71</ele>
      </trkpt>
      <trkpt lon="7.37618904923676" lat="45.8550871925564">
        <ele>1538.61</ele>
      </trkpt>
      <trkpt lon="7.37619404827627" lat="45.8551411745353">
        <ele>1539.78</ele>
      </trkpt>
      <trkpt lon="7.376098051678" lat="45.8551422402987">
        <ele>1544.2</ele>
      </trkpt>
      <trkpt lon="7.37607704512029" lat="45.8551692157821">
        <ele>1545.73</ele>
      </trkpt>
      <trkpt lon="7.37603504678571" lat="45.8551782489385">
        <ele>1548.59</ele>
      </trkpt>
      <trkpt lon="7.37600199763795" lat="45.8552382640355">
        <ele>1551.14</ele>
      </trkpt>
      <trkpt lon="7.37593501029699" lat="45.855225249166">
        <ele>1554.59</ele>
      </trkpt>
      <trkpt lon="7.37587099343933" lat="45.8551632247436">
        <ele>1557.29</ele>
      </trkpt>
      <trkpt lon="7.37574501095841" lat="45.855119222402">
        <ele>1565.1</ele>
      </trkpt>
      <trkpt lon="7.37571609743947" lat="45.8550682263785">
        <ele>1564.79</ele>
      </trkpt>
      <trkpt lon="7.37560201101648" lat="45.8549562557544">
        <ele>1573.21</ele>
      </trkpt>
      <trkpt lon="7.37559123712373" lat="45.8548884178112">
        <ele>1575.46</ele>
      </trkpt>
      <trkpt lon="7.37548904628641" lat="45.8548722052968">
        <ele>1581.35</ele>
      </trkpt>
      <trkpt lon="7.37536209561017" lat="45.8547641929822">
        <ele>1584.78</ele>
      </trkpt>
      <trkpt lon="7.37527004664057" lat="45.8547492028194">
        <ele>1589.09</ele>
      </trkpt>
      <trkpt lon="7.37522002512035" lat="45.8546578555637">
        <ele>1592.27</ele>
      </trkpt>
      <trkpt lon="7.37516602597589" lat="45.8546942587453">
        <ele>1595.38</ele>
      </trkpt>
      <trkpt lon="7.37489510470209" lat="45.8544832118558">
        <ele>1603.95</ele>
      </trkpt>
      <trkpt lon="7.37476258250294" lat="45.8544736742174">
        <ele>1609.71</ele>
      </trkpt>
      <trkpt lon="7.37455910616848" lat="45.854313179269">
        <ele>1613.18</ele>
      </trkpt>
      <trkpt lon="7.3743810408035" lat="45.8543281973701">
        <ele>1620.84</ele>
      </trkpt>
      <trkpt lon="7.37418100530898" lat="45.8542132036139">
        <ele>1621.57</ele>
      </trkpt>
      <trkpt lon="7.37402899689297" lat="45.8541871875892">
        <ele>1625.11</ele>
      </trkpt>
      <trkpt lon="7.37373901396292" lat="45.8541222164574">
        <ele>1630.9</ele>
      </trkpt>
      <trkpt lon="7.37360004178851" lat="45.8541042174298">
        <ele>1634.66</ele>
      </trkpt>
      <trkpt lon="7.37352497721811" lat="45.854054543215">
        <ele>1634.19</ele>
      </trkpt>
      <trkpt lon="7.37339509096638" lat="45.8540562058874">
        <ele>1639.99</ele>
      </trkpt>
      <trkpt lon="7.37332104793307" lat="45.8540421909239">
        <ele>1642.33</ele>
      </trkpt>
      <trkpt lon="7.3732430326302" lat="45.8538861778613">
        <ele>1641.89</ele>
      </trkpt>
      <trkpt lon="7.37317757118574" lat="45.8538297119">
        <ele>1644.39</ele>
      </trkpt>
      <trkpt lon="7.37303327907148" lat="45.8538307188605">
        <ele>1653.2</ele>
      </trkpt>
      <trkpt lon="7.37283849539635" lat="45.8537698904235">
        <ele>1655.67</ele>
      </trkpt>
      <trkpt lon="7.37267409961502" lat="45.8537932005349">
        <ele>1659.93</ele>
      </trkpt>
      <trkpt lon="7.37241999972463" lat="45.8537831894838">
        <ele>1666.22</ele>
      </trkpt>
      <trkpt lon="7.37192765723861" lat="45.8538332359863">
        <ele>1673.65</ele>
      </trkpt>
      <trkpt lon="7.37161799000202" lat="45.8539352105818">
        <ele>1683.38</ele>
      </trkpt>
      <trkpt lon="7.37131608105334" lat="45.853908223635">
        <ele>1683.35</ele>
      </trkpt>
      <trkpt lon="7.37117537049649" lat="45.8540027052328">
        <ele>1693.66</ele>
      </trkpt>
      <trkpt lon="7.37099363764146" lat="45.8540551075836">
        <ele>1690.77</ele>
      </trkpt>
      <trkpt lon="7.37088180153923" lat="45.8540694429758">
        <ele>1690.46</ele>
      </trkpt>
      <trkpt lon="7.37086247593133" lat="45.8540784402398">
        <ele>1691.49</ele>
      </trkpt>
      <trkpt lon="7.37077247413085" lat="45.8540684252235">
        <ele>1691.26</ele>
      </trkpt>
      <trkpt lon="7.37063240832087" lat="45.8540084640056">
        <ele>1689.99</ele>
      </trkpt>
      <trkpt lon="7.37059240366404" lat="45.8539184252138">
        <ele>1688.65</ele>
      </trkpt>
      <trkpt lon="7.3705700563394" lat="45.8538985772695">
        <ele>1688.48</ele>
      </trkpt>
      <trkpt lon="7.37052129444659" lat="45.853883390299">
        <ele>1689.26</ele>
      </trkpt>
      <trkpt lon="7.3704782571933" lat="45.8538927678985">
        <ele>1689.67</ele>
      </trkpt>
      <trkpt lon="7.37038422132962" lat="45.8539150064422">
        <ele>1689.1</ele>
      </trkpt>
      <trkpt lon="7.37030858047633" lat="45.8539293199624">
        <ele>1688.9</ele>
      </trkpt>
      <trkpt lon="7.37025130683728" lat="45.8539366029261">
        <ele>1689.35</ele>
      </trkpt>
      <trkpt lon="7.37020327513724" lat="45.8539405081156">
        <ele>1690.41</ele>
      </trkpt>
      <trkpt lon="7.37016696878551" lat="45.853939988306">
        <ele>1691.64</ele>
      </trkpt>
      <trkpt lon="7.3701363878648" lat="45.8539241626065">
        <ele>1692.23</ele>
      </trkpt>
      <trkpt lon="7.37011522417827" lat="45.8538902865387">
        <ele>1692.16</ele>
      </trkpt>
      <trkpt lon="7.37013065306804" lat="45.8538515357014">
        <ele>1692.21</ele>
      </trkpt>
      <trkpt lon="7.37013417879214" lat="45.8538190043516">
        <ele>1693.01</ele>
      </trkpt>
      <trkpt lon="7.37008465890854" lat="45.853785714135">
        <ele>1695.47</ele>
      </trkpt>
      <trkpt lon="7.37002938579754" lat="45.8537686353865">
        <ele>1696.82</ele>
      </trkpt>
      <trkpt lon="7.36999242386869" lat="45.8537684683573">
        <ele>1698.23</ele>
      </trkpt>
      <trkpt lon="7.36998495148081" lat="45.8537684516178">
        <ele>1698.3</ele>
      </trkpt>
      <trkpt lon="7.36998398474828" lat="45.8537706877765">
        <ele>1698.48</ele>
      </trkpt>
      <trkpt lon="7.36995490043588" lat="45.8537874629218">
        <ele>1700.3</ele>
      </trkpt>
      <trkpt lon="7.36994729669981" lat="45.8538272277496">
        <ele>1702</ele>
      </trkpt>
      <trkpt lon="7.36995181581275" lat="45.853848983903">
        <ele>1702.4</ele>
      </trkpt>
      <trkpt lon="7.36994098188093" lat="45.853867009257">
        <ele>1703.68</ele>
      </trkpt>
      <trkpt lon="7.36991610345032" lat="45.8538720563666">
        <ele>1704.91</ele>
      </trkpt>
      <trkpt lon="7.3698784775162" lat="45.8538770089058">
        <ele>1706.7</ele>
      </trkpt>
      <trkpt lon="7.36983192662217" lat="45.8538699554972">
        <ele>1708.16</ele>
      </trkpt>
      <trkpt lon="7.369752458806" lat="45.8538389372704">
        <ele>1710.1</ele>
      </trkpt>
      <trkpt lon="7.36969713010249" lat="45.8538236585672">
        <ele>1710.51</ele>
      </trkpt>
      <trkpt lon="7.36964530418216" lat="45.8538120272131">
        <ele>1710.4</ele>
      </trkpt>
      <trkpt lon="7.36961120675176" lat="45.8537843595114">
        <ele>1710.25</ele>
      </trkpt>
      <trkpt lon="7.36958233717986" lat="45.853758475239">
        <ele>1711.01</ele>
      </trkpt>
      <trkpt lon="7.36956231213203" lat="45.8537384773135">
        <ele>1712.91</ele>
      </trkpt>
      <trkpt lon="7.36962234759312" lat="45.853698471321">
        <ele>1711.7</ele>
      </trkpt>
      <trkpt lon="7.36964239089645" lat="45.8536384533202">
        <ele>1713.53</ele>
      </trkpt>
      <trkpt lon="7.36975241159466" lat="45.85355847735">
        <ele>1711.5</ele>
      </trkpt>
      <trkpt lon="7.36972243910518" lat="45.853398470207">
        <ele>1721.09</ele>
      </trkpt>
      <trkpt lon="7.36975240207405" lat="45.8533384134125">
        <ele>1721.29</ele>
      </trkpt>
      <trkpt lon="7.36974245800294" lat="45.8533084792205">
        <ele>1722.29</ele>
      </trkpt>
      <trkpt lon="7.36971248253676" lat="45.8532984203405">
        <ele>1723.93</ele>
      </trkpt>
      <trkpt lon="7.36970248965631" lat="45.8532084512858">
        <ele>1726.62</ele>
      </trkpt>
      <trkpt lon="7.36959244455259" lat="45.8532584542703">
        <ele>1731</ele>
      </trkpt>
      <trkpt lon="7.36958243341844" lat="45.8532484122509">
        <ele>1731.77</ele>
      </trkpt>
      <trkpt lon="7.36962240474179" lat="45.8531984891448">
        <ele>1731.23</ele>
      </trkpt>
      <trkpt lon="7.36959237768667" lat="45.8531284842933">
        <ele>1735.66</ele>
      </trkpt>
      <trkpt lon="7.36956249924647" lat="45.8531284201131">
        <ele>1737.48</ele>
      </trkpt>
      <trkpt lon="7.36955239108458" lat="45.853108472285">
        <ele>1738.98</ele>
      </trkpt>
      <trkpt lon="7.36958245742844" lat="45.8530184452838">
        <ele>1739.96</ele>
      </trkpt>
      <trkpt lon="7.36956250222317" lat="45.8529784690724">
        <ele>1743.98</ele>
      </trkpt>
      <trkpt lon="7.36952238506268" lat="45.852958454285">
        <ele>1747.23</ele>
      </trkpt>
      <trkpt lon="7.36952239418949" lat="45.8529184921563">
        <ele>1747.45</ele>
      </trkpt>
      <trkpt lon="7.36946239166813" lat="45.8528384312027">
        <ele>1748.37</ele>
      </trkpt>
      <trkpt lon="7.36944250630554" lat="45.8527784711497">
        <ele>1747.89</ele>
      </trkpt>
      <trkpt lon="7.36939241154327" lat="45.8527384252">
        <ele>1750.27</ele>
      </trkpt>
      <trkpt lon="7.3693624543307" lat="45.8526484420626">
        <ele>1751.19</ele>
      </trkpt>
      <trkpt lon="7.36932250126104" lat="45.8526184381336">
        <ele>1753.38</ele>
      </trkpt>
      <trkpt lon="7.36934244118749" lat="45.8525884820085">
        <ele>1752.34</ele>
      </trkpt>
      <trkpt lon="7.3693424594429" lat="45.8525084660822">
        <ele>1752.45</ele>
      </trkpt>
      <trkpt lon="7.36928238985497" lat="45.8524484750834">
        <ele>1756.19</ele>
      </trkpt>
      <trkpt lon="7.36924249472325" lat="45.8524384549971">
        <ele>1758.69</ele>
      </trkpt>
      <trkpt lon="7.36926247096177" lat="45.8523984152822">
        <ele>1757.61</ele>
      </trkpt>
      <trkpt lon="7.36923243200011" lat="45.8523684670062">
        <ele>1759.31</ele>
      </trkpt>
      <trkpt lon="7.36925240823863" lat="45.8523284272914">
        <ele>1758.96</ele>
      </trkpt>
      <trkpt lon="7.3692323950954" lat="45.8522684672372">
        <ele>1762.05</ele>
      </trkpt>
      <trkpt lon="7.36920245316159" lat="45.8522484192143">
        <ele>1764.73</ele>
      </trkpt>
      <trkpt lon="7.36922248733623" lat="45.8522284550112">
        <ele>1764.21</ele>
      </trkpt>
      <trkpt lon="7.36919241484226" lat="45.8522084931003">
        <ele>1766.7</ele>
      </trkpt>
      <trkpt lon="7.36921248532891" lat="45.8521784480853">
        <ele>1767.64</ele>
      </trkpt>
      <trkpt lon="7.36915246177254" lat="45.8521784919491">
        <ele>1770.4</ele>
      </trkpt>
      <trkpt lon="7.36912238015179" lat="45.8521984921668">
        <ele>1771.35</ele>
      </trkpt>
      <trkpt lon="7.36910245212993" lat="45.8521884889412">
        <ele>1772.75</ele>
      </trkpt>
      <trkpt lon="7.36916246040926" lat="45.8521184210719">
        <ele>1772.94</ele>
      </trkpt>
      <trkpt lon="7.36917245904421" lat="45.8520584390859">
        <ele>1776.11</ele>
      </trkpt>
      <trkpt lon="7.36915239709338" lat="45.8519383525002">
        <ele>1780.34</ele>
      </trkpt>
      <trkpt lon="7.36907244551515" lat="45.8519283931383">
        <ele>1783.87</ele>
      </trkpt>
      <trkpt lon="7.36895239205531" lat="45.8519683513255">
        <ele>1790.02</ele>
      </trkpt>
      <trkpt lon="7.36891249970143" lat="45.8519583312392">
        <ele>1790.05</ele>
      </trkpt>
      <trkpt lon="7.36886249005883" lat="45.8519683282313">
        <ele>1791.22</ele>
      </trkpt>
      <trkpt lon="7.36855238773372" lat="45.8518783923799">
        <ele>1795.47</ele>
      </trkpt>
      <trkpt lon="7.3684824381647" lat="45.851918345497">
        <ele>1801.13</ele>
      </trkpt>
      <trkpt lon="7.36831238418906" lat="45.8519283385476">
        <ele>1800.65</ele>
      </trkpt>
      <trkpt lon="7.36826247792144" lat="45.8519083653331">
        <ele>1799.34</ele>
      </trkpt>
      <trkpt lon="7.36817742644054" lat="45.8518877973183">
        <ele>1798.9</ele>
      </trkpt>
      <trkpt lon="7.36814017585774" lat="45.8518754744212">
        <ele>1798.59</ele>
      </trkpt>
      <trkpt lon="7.36806900773761" lat="45.8518690596792">
        <ele>1799.42</ele>
      </trkpt>
      <trkpt lon="7.36799081962435" lat="45.851882431484">
        <ele>1801.06</ele>
      </trkpt>
      <trkpt lon="7.36791895926499" lat="45.8519040868945">
        <ele>1804.05</ele>
      </trkpt>
      <trkpt lon="7.3678382767079" lat="45.8519146363811">
        <ele>1806.69</ele>
      </trkpt>
      <trkpt lon="7.367769578015" lat="45.8519118523109">
        <ele>1806.84</ele>
      </trkpt>
      <trkpt lon="7.36770996837451" lat="45.8519110017115">
        <ele>1806.84</ele>
      </trkpt>
      <trkpt lon="7.36765678933949" lat="45.8519148318491">
        <ele>1807.11</ele>
      </trkpt>
      <trkpt lon="7.36761772169108" lat="45.8519205732833">
        <ele>1807.45</ele>
      </trkpt>
      <trkpt lon="7.36760224920101" lat="45.8519167535916">
        <ele>1807.24</ele>
      </trkpt>
      <trkpt lon="7.36759116318807" lat="45.8518994030424">
        <ele>1807.4</ele>
      </trkpt>
      <trkpt lon="7.36756926930693" lat="45.8518465264837">
        <ele>1808.31</ele>
      </trkpt>
      <trkpt lon="7.36751235729266" lat="45.8518283421357">
        <ele>1810.95</ele>
      </trkpt>
      <trkpt lon="7.36741238066671" lat="45.8517983820704">
        <ele>1815.28</ele>
      </trkpt>
      <trkpt lon="7.36737236965909" lat="45.8517483970765">
        <ele>1813.21</ele>
      </trkpt>
      <trkpt lon="7.36736235793045" lat="45.8516283661452">
        <ele>1817.42</ele>
      </trkpt>
      <trkpt lon="7.3672823938532" lat="45.8515483772223">
        <ele>1822.79</ele>
      </trkpt>
      <trkpt lon="7.36728228075687" lat="45.8515083234235">
        <ele>1821.83</ele>
      </trkpt>
      <trkpt lon="7.36718236484676" lat="45.8514983444231">
        <ele>1828.21</ele>
      </trkpt>
      <trkpt lon="7.36715235247409" lat="45.8513883774432">
        <ele>1831.78</ele>
      </trkpt>
      <trkpt lon="7.36716229317279" lat="45.8513083255012">
        <ele>1832.44</ele>
      </trkpt>
      <trkpt lon="7.3671123896831" lat="45.8512883495088">
        <ele>1835.36</ele>
      </trkpt>
      <trkpt lon="7.36706230960339" lat="45.8512083386528">
        <ele>1838.43</ele>
      </trkpt>
      <trkpt lon="7.36704231114443" lat="45.8511083248012">
        <ele>1841.6</ele>
      </trkpt>
      <trkpt lon="7.36700855874849" lat="45.8510513202448">
        <ele>1842.98</ele>
      </trkpt>
      <trkpt lon="7.36696571972961" lat="45.8510099326646">
        <ele>1843.37</ele>
      </trkpt>
      <trkpt lon="7.36691819949507" lat="45.8509965624191">
        <ele>1843.67</ele>
      </trkpt>
      <trkpt lon="7.36688629829169" lat="45.8510214905224">
        <ele>1845.14</ele>
      </trkpt>
      <trkpt lon="7.36689679795917" lat="45.8510499913499">
        <ele>1846.97</ele>
      </trkpt>
      <trkpt lon="7.36690073950325" lat="45.8510605777687">
        <ele>1847.4</ele>
      </trkpt>
      <trkpt lon="7.36688231947444" lat="45.8510694055927">
        <ele>1848.6</ele>
      </trkpt>
      <trkpt lon="7.36682315093506" lat="45.8510975418468">
        <ele>1851.48</ele>
      </trkpt>
      <trkpt lon="7.36670216740328" lat="45.8511121021559">
        <ele>1854.47</ele>
      </trkpt>
      <trkpt lon="7.36663143473928" lat="45.8511391743819">
        <ele>1857.25</ele>
      </trkpt>
      <trkpt lon="7.36660168607327" lat="45.8511786223202">
        <ele>1860.04</ele>
      </trkpt>
      <trkpt lon="7.3666232110379" lat="45.8512044898542">
        <ele>1861.45</ele>
      </trkpt>
      <trkpt lon="7.36662931103052" lat="45.8512116873188">
        <ele>1861.85</ele>
      </trkpt>
      <trkpt lon="7.36665554986583" lat="45.8512437467228">
        <ele>1862.28</ele>
      </trkpt>
      <trkpt lon="7.36664246078958" lat="45.8513784778043">
        <ele>1863.64</ele>
      </trkpt>
      <trkpt lon="7.36662235955195" lat="45.8514183341799">
        <ele>1865.26</ele>
      </trkpt>
      <trkpt lon="7.36659233864701" lat="45.8514583182404">
        <ele>1867.26</ele>
      </trkpt>
      <trkpt lon="7.36659237277392" lat="45.8515583152314">
        <ele>1867.42</ele>
      </trkpt>
      <trkpt lon="7.36651233607448" lat="45.8514983962632">
        <ele>1872.47</ele>
      </trkpt>
      <trkpt lon="7.36647236415675" lat="45.8514383304574">
        <ele>1874.56</ele>
      </trkpt>
      <trkpt lon="7.36647237606138" lat="45.8513983683288">
        <ele>1874.4</ele>
      </trkpt>
      <trkpt lon="7.36639233301476" lat="45.8513783225981">
        <ele>1877.83</ele>
      </trkpt>
      <trkpt lon="7.36633240370672" lat="45.851388355606">
        <ele>1880.75</ele>
      </trkpt>
      <trkpt lon="7.36632236876155" lat="45.8514583267349">
        <ele>1882.95</ele>
      </trkpt>
      <trkpt lon="7.36634235749916" lat="45.8514883138033">
        <ele>1882.5</ele>
      </trkpt>
      <trkpt lon="7.36629228714083" lat="45.8514783269525">
        <ele>1885.23</ele>
      </trkpt>
      <trkpt lon="7.36628239188085" lat="45.8515083387319">
        <ele>1886.51</ele>
      </trkpt>
      <trkpt lon="7.36631236734698" lat="45.8515183976119">
        <ele>1884.89</ele>
      </trkpt>
      <trkpt lon="7.36629233317236" lat="45.851538361815">
        <ele>1885.46</ele>
      </trkpt>
      <trkpt lon="7.36623232430036" lat="45.8514983518812">
        <ele>1888.6</ele>
      </trkpt>
      <trkpt lon="7.36616759582329" lat="45.8514611530844">
        <ele>1890.08</ele>
      </trkpt>
      <trkpt lon="7.36612227816292" lat="45.8514605054064">
        <ele>1891</ele>
      </trkpt>
      <trkpt lon="7.36606494892972" lat="45.8514696773064">
        <ele>1891.77</ele>
      </trkpt>
      <trkpt lon="7.36598045521206" lat="45.8514784572666">
        <ele>1894.52</ele>
      </trkpt>
      <trkpt lon="7.36591685381744" lat="45.8514775482936">
        <ele>1896.06</ele>
      </trkpt>
      <trkpt lon="7.36586257488519" lat="45.8514749727019">
        <ele>1897.07</ele>
      </trkpt>
      <trkpt lon="7.36581552363908" lat="45.8514851002814">
        <ele>1898.69</ele>
      </trkpt>
      <trkpt lon="7.36578924779316" lat="45.8514983142521">
        <ele>1899.88</ele>
      </trkpt>
      <trkpt lon="7.36578141421482" lat="45.8515018920451">
        <ele>1900.39</ele>
      </trkpt>
      <trkpt lon="7.36575567494199" lat="45.8514924332214">
        <ele>1900.38</ele>
      </trkpt>
      <trkpt lon="7.36574049145614" lat="45.8514831272817">
        <ele>1900.46</ele>
      </trkpt>
      <trkpt lon="7.36571984105698" lat="45.851480129783">
        <ele>1901.01</ele>
      </trkpt>
      <trkpt lon="7.36569233475356" lat="45.8514870269142">
        <ele>1901.95</ele>
      </trkpt>
      <trkpt lon="7.36566152033372" lat="45.8514792958631">
        <ele>1902.79</ele>
      </trkpt>
      <trkpt lon="7.36564174554688" lat="45.8514464309457">
        <ele>1903.19</ele>
      </trkpt>
      <trkpt lon="7.36563229878393" lat="45.8514127244403">
        <ele>1903.8</ele>
      </trkpt>
      <trkpt lon="7.36559523444148" lat="45.8513941013846">
        <ele>1904.82</ele>
      </trkpt>
      <trkpt lon="7.36552491987019" lat="45.8513498023528">
        <ele>1908.23</ele>
      </trkpt>
      <trkpt lon="7.36551867907256" lat="45.8512990398887">
        <ele>1910.54</ele>
      </trkpt>
      <trkpt lon="7.36550767410648" lat="45.851257030379">
        <ele>1912.01</ele>
      </trkpt>
      <trkpt lon="7.36558234181054" lat="45.851148381114">
        <ele>1911.11</ele>
      </trkpt>
      <trkpt lon="7.36554236989282" lat="45.8510883153082">
        <ele>1915.97</ele>
      </trkpt>
      <trkpt lon="7.36559231187602" lat="45.850988313246">
        <ele>1918.79</ele>
      </trkpt>
      <trkpt lon="7.36557234972555" lat="45.8508783991428">
        <ele>1921.86</ele>
      </trkpt>
      <trkpt lon="7.36553956171851" lat="45.8507972856485">
        <ele>1925.08</ele>
      </trkpt>
      <trkpt lon="7.36546266426809" lat="45.8507227385605">
        <ele>1928.59</ele>
      </trkpt>
      <trkpt lon="7.36538243663748" lat="45.8506255547528">
        <ele>1932.18</ele>
      </trkpt>
      <trkpt lon="7.36532418072111" lat="45.8505785474357">
        <ele>1933.9</ele>
      </trkpt>
      <trkpt lon="7.3652810776271" lat="45.8505462489733">
        <ele>1935.23</ele>
      </trkpt>
      <trkpt lon="7.36523636872793" lat="45.8505247285475">
        <ele>1936.87</ele>
      </trkpt>
      <trkpt lon="7.36521128816203" lat="45.8504971859365">
        <ele>1937.38</ele>
      </trkpt>
      <trkpt lon="7.36517060750059" lat="45.8504570011856">
        <ele>1938.09</ele>
      </trkpt>
      <trkpt lon="7.36509378510356" lat="45.8503798484765">
        <ele>1940.14</ele>
      </trkpt>
      <trkpt lon="7.36504129083915" lat="45.8503120406856">
        <ele>1942.19</ele>
      </trkpt>
      <trkpt lon="7.36499244086501" lat="45.8502560776761">
        <ele>1944.15</ele>
      </trkpt>
      <trkpt lon="7.36492769588172" lat="45.8502107786729">
        <ele>1946.6</ele>
      </trkpt>
      <trkpt lon="7.36487209250474" lat="45.8501787495407">
        <ele>1948.91</ele>
      </trkpt>
      <trkpt lon="7.36485233691441" lat="45.8501583960531">
        <ele>1948.92</ele>
      </trkpt>
      <trkpt lon="7.36478238040204" lat="45.8501283223871">
        <ele>1951.06</ele>
      </trkpt>
      <trkpt lon="7.3647705303137" lat="45.8501195137146">
        <ele>1950.97</ele>
      </trkpt>
      <trkpt lon="7.36474441656334" lat="45.8500833153176">
        <ele>1951.64</ele>
      </trkpt>
      <trkpt lon="7.36472271630187" lat="45.8500722064911">
        <ele>1951.84</ele>
      </trkpt>
      <trkpt lon="7.3647096576447" lat="45.8500739091856">
        <ele>1952.33</ele>
      </trkpt>
      <trkpt lon="7.36469789346393" lat="45.8500754507775">
        <ele>1952.79</ele>
      </trkpt>
      <trkpt lon="7.36466499512556" lat="45.8500948703975">
        <ele>1954</ele>
      </trkpt>
      <trkpt lon="7.36466089209526" lat="45.8501030011203">
        <ele>1954</ele>
      </trkpt>
      <trkpt lon="7.36463486095108" lat="45.8501035286592">
        <ele>1954.2</ele>
      </trkpt>
      <trkpt lon="7.364596591082" lat="45.8500820999649">
        <ele>1955</ele>
      </trkpt>
      <trkpt lon="7.36455127342168" lat="45.8500814522869">
        <ele>1955.85</ele>
      </trkpt>
      <trkpt lon="7.36451133015922" lat="45.8501171528087">
        <ele>1957.72</ele>
      </trkpt>
      <trkpt lon="7.36448162866292" lat="45.8501593008162">
        <ele>1959.18</ele>
      </trkpt>
      <trkpt lon="7.36447608104929" lat="45.8501728122175">
        <ele>1959.89</ele>
      </trkpt>
      <trkpt lon="7.36442116825181" lat="45.8501963261728">
        <ele>1962.4</ele>
      </trkpt>
      <trkpt lon="7.36440447329481" lat="45.8502034678595">
        <ele>1963</ele>
      </trkpt>
      <trkpt lon="7.36437880047394" lat="45.8502049009805">
        <ele>1963.03</ele>
      </trkpt>
      <trkpt lon="7.36424863077274" lat="45.8502121276805">
        <ele>1966.02</ele>
      </trkpt>
      <trkpt lon="7.36416606530758" lat="45.8501991543276">
        <ele>1967.69</ele>
      </trkpt>
      <trkpt lon="7.364098824135" lat="45.8502389658006">
        <ele>1970.71</ele>
      </trkpt>
      <trkpt lon="7.36407513637183" lat="45.8502956892374">
        <ele>1973</ele>
      </trkpt>
      <trkpt lon="7.36406575370422" lat="45.8503915915883">
        <ele>1975.32</ele>
      </trkpt>
      <trkpt lon="7.36409806368887" lat="45.8504844914891">
        <ele>1977.07</ele>
      </trkpt>
      <trkpt lon="7.36409272924166" lat="45.8505346371586">
        <ele>1978.76</ele>
      </trkpt>
      <trkpt lon="7.36407219749804" lat="45.8505715156764">
        <ele>1979.67</ele>
      </trkpt>
      <trkpt lon="7.3640566324049" lat="45.8506147666268">
        <ele>1981.05</ele>
      </trkpt>
      <trkpt lon="7.36404085040632" lat="45.8506698039862">
        <ele>1983.43</ele>
      </trkpt>
      <trkpt lon="7.36402239050154" lat="45.8507283136304">
        <ele>1986.02</ele>
      </trkpt>
      <trkpt lon="7.36394836040197" lat="45.8507624471152">
        <ele>1990.11</ele>
      </trkpt>
      <trkpt lon="7.36391796215412" lat="45.8507801028257">
        <ele>1991.01</ele>
      </trkpt>
      <trkpt lon="7.36387234688989" lat="45.8507983500703">
        <ele>1992.02</ele>
      </trkpt>
      <trkpt lon="7.36378235758893" lat="45.8508583562814">
        <ele>1993</ele>
      </trkpt>
      <trkpt lon="7.36348240588708" lat="45.8508883513598">
        <ele>1997.02</ele>
      </trkpt>
      <trkpt lon="7.36337239015062" lat="45.8508583328624">
        <ele>1999.17</ele>
      </trkpt>
      <trkpt lon="7.36327233951672" lat="45.8507783242998">
        <ele>2000.15</ele>
      </trkpt>
      <trkpt lon="7.36326644774054" lat="45.8507772492153">
        <ele>2000.22</ele>
      </trkpt>
      <trkpt lon="7.36326510887408" lat="45.8507746213577">
        <ele>2000.15</ele>
      </trkpt>
      <trkpt lon="7.36316411035401" lat="45.8507269997216">
        <ele>2002.27</ele>
      </trkpt>
      <trkpt lon="7.36308365382593" lat="45.8506859728971">
        <ele>2003.76</ele>
      </trkpt>
      <trkpt lon="7.3630295945771" lat="45.8506716081184">
        <ele>2004.87</ele>
      </trkpt>
      <trkpt lon="7.36294001833134" lat="45.8506341424073">
        <ele>2006.4</ele>
      </trkpt>
      <trkpt lon="7.36286538929608" lat="45.8506139911708">
        <ele>2008.2</ele>
      </trkpt>
      <trkpt lon="7.3628164801602" lat="45.8505996986661">
        <ele>2008.91</ele>
      </trkpt>
      <trkpt lon="7.36274082341213" lat="45.8505751250848">
        <ele>2010.11</ele>
      </trkpt>
      <trkpt lon="7.3626749138142" lat="45.8505650880792">
        <ele>2011.84</ele>
      </trkpt>
      <trkpt lon="7.36259711251754" lat="45.8505433617719">
        <ele>2013.74</ele>
      </trkpt>
      <trkpt lon="7.36254082289832" lat="45.8505171744483">
        <ele>2014.54</ele>
      </trkpt>
      <trkpt lon="7.36245221868172" lat="45.8504905229108">
        <ele>2016.06</ele>
      </trkpt>
      <trkpt lon="7.36232245551711" lat="45.850448787257">
        <ele>2019.47</ele>
      </trkpt>
      <trkpt lon="7.3620977001843" lat="45.8503260375085">
        <ele>2022.11</ele>
      </trkpt>
      <trkpt lon="7.36201609658933" lat="45.8502759048854">
        <ele>2022.85</ele>
      </trkpt>
      <trkpt lon="7.36194828740537" lat="45.8502428894986">
        <ele>2023.26</ele>
      </trkpt>
      <trkpt lon="7.36194224291949" lat="45.850238214321">
        <ele>2023.29</ele>
      </trkpt>
      <trkpt lon="7.36160429472659" lat="45.8500489451149">
        <ele>2026.94</ele>
      </trkpt>
      <trkpt lon="7.36148432440461" lat="45.8499589277711">
        <ele>2027.79</ele>
      </trkpt>
      <trkpt lon="7.36110431984853" lat="45.8497632941065">
        <ele>2032.65</ele>
      </trkpt>
      <trkpt lon="7.36105427250821" lat="45.8497132506805">
        <ele>2032.7</ele>
      </trkpt>
      <trkpt lon="7.36092080650435" lat="45.8496704732976">
        <ele>2035.65</ele>
      </trkpt>
      <trkpt lon="7.36086082481597" lat="45.8496604335717">
        <ele>2037.49</ele>
      </trkpt>
      <trkpt lon="7.36069078969156" lat="45.8495604265994">
        <ele>2039.79</ele>
      </trkpt>
      <trkpt lon="7.36066077791355" lat="45.8495604457534">
        <ele>2040.1</ele>
      </trkpt>
      <trkpt lon="7.36061085557419" lat="45.8495104939977">
        <ele>2040.23</ele>
      </trkpt>
      <trkpt lon="7.36040085825351" lat="45.8494204452249">
        <ele>2043.35</ele>
      </trkpt>
      <trkpt lon="7.36025075115087" lat="45.8493304442561">
        <ele>2045.7</ele>
      </trkpt>
      <trkpt lon="7.36012083179672" lat="45.8493204788541">
        <ele>2049.34</ele>
      </trkpt>
      <trkpt lon="7.35999081680658" lat="45.849230497525">
        <ele>2051.52</ele>
      </trkpt>
      <trkpt lon="7.35992078767221" lat="45.8492204910359">
        <ele>2053.12</ele>
      </trkpt>
      <trkpt lon="7.35988229142435" lat="45.8492682724347">
        <ele>2055.92</ele>
      </trkpt>
      <trkpt lon="7.35983229924414" lat="45.8492382128515">
        <ele>2056.26</ele>
      </trkpt>
      <trkpt lon="7.35976223101996" lat="45.8492382843963">
        <ele>2058.04</ele>
      </trkpt>
      <trkpt lon="7.35951229174132" lat="45.8491182289168">
        <ele>2059.41</ele>
      </trkpt>
      <trkpt lon="7.35940220616074" lat="45.8491082775963">
        <ele>2062.23</ele>
      </trkpt>
      <trkpt lon="7.35927226795857" lat="45.8490682475397">
        <ele>2063.64</ele>
      </trkpt>
      <trkpt lon="7.35913226623825" lat="45.8489982832902">
        <ele>2064.07</ele>
      </trkpt>
      <trkpt lon="7.35906227341417" lat="45.8489782848803">
        <ele>2064.96</ele>
      </trkpt>
      <trkpt lon="7.35891222563735" lat="45.8489782917592">
        <ele>2066.97</ele>
      </trkpt>
      <trkpt lon="7.35886227254526" lat="45.8489382402553">
        <ele>2066.47</ele>
      </trkpt>
      <trkpt lon="7.35877222391887" lat="45.8489082358407">
        <ele>2067</ele>
      </trkpt>
      <trkpt lon="7.35850226792448" lat="45.8487682657712">
        <ele>2067</ele>
      </trkpt>
      <trkpt lon="7.35814230378135" lat="45.8486582372583">
        <ele>2069.98</ele>
      </trkpt>
      <trkpt lon="7.35810222848709" lat="45.8486282277724">
        <ele>2070</ele>
      </trkpt>
      <trkpt lon="7.35789229188079" lat="45.8485582461778">
        <ele>2070</ele>
      </trkpt>
      <trkpt lon="7.35786226403077" lat="45.8485282923464">
        <ele>2069.98</ele>
      </trkpt>
      <trkpt lon="7.35774219172186" lat="45.8485382664363">
        <ele>2073.24</ele>
      </trkpt>
      <trkpt lon="7.35752219298886" lat="45.8485081913156">
        <ele>2074.06</ele>
      </trkpt>
      <trkpt lon="7.35748221194274" lat="45.8484881765296">
        <ele>2073.95</ele>
      </trkpt>
      <trkpt lon="7.35738226805657" lat="45.8484881783385">
        <ele>2076.97</ele>
      </trkpt>
      <trkpt lon="7.35729218589787" lat="45.8484681630668">
        <ele>2077.88</ele>
      </trkpt>
      <trkpt lon="7.35725226001196" lat="45.8484681265677">
        <ele>2078.58</ele>
      </trkpt>
      <trkpt lon="7.35721225872591" lat="45.8484881628011">
        <ele>2080.26</ele>
      </trkpt>
      <trkpt lon="7.35712223450519" lat="45.8484881285942">
        <ele>2082.13</ele>
      </trkpt>
      <trkpt lon="7.35703218865677" lat="45.8484581214018">
        <ele>2083.53</ele>
      </trkpt>
      <trkpt lon="7.35664173045115" lat="45.8484346836865">
        <ele>2091.76</ele>
      </trkpt>
      <trkpt lon="7.35647164711052" lat="45.8483847140988">
        <ele>2091.97</ele>
      </trkpt>
      <trkpt lon="7.35644302735852" lat="45.8483681911785">
        <ele>2092.2</ele>
      </trkpt>
      <trkpt lon="7.35635307298047" lat="45.848348175908">
        <ele>2093.72</ele>
      </trkpt>
      <trkpt lon="7.35629710571763" lat="45.848315599536">
        <ele>2094.94</ele>
      </trkpt>
      <trkpt lon="7.35620715411743" lat="45.8482955842656">
        <ele>2096.16</ele>
      </trkpt>
      <trkpt lon="7.35609251797099" lat="45.8483090557194">
        <ele>2098.88</ele>
      </trkpt>
      <trkpt lon="7.35609251797099" lat="45.8483090557194">
        <ele>2098.88</ele>
      </trkpt>
      <trkpt lon="7.35596213136318" lat="45.8483281493859">
        <ele>2102.17</ele>
      </trkpt>
      <trkpt lon="7.35587208412471" lat="45.8483681661983">
        <ele>2105.82</ele>
      </trkpt>
      <trkpt lon="7.35575217590671" lat="45.8483681511466">
        <ele>2109</ele>
      </trkpt>
      <trkpt lon="7.35570212995427" lat="45.8483881317256">
        <ele>2109.98</ele>
      </trkpt>
      <trkpt lon="7.35569528795182" lat="45.8483973930062">
        <ele>2110</ele>
      </trkpt>
      <trkpt lon="7.35569006287302" lat="45.8483955179078">
        <ele>2110</ele>
      </trkpt>
      <trkpt lon="7.35560718798897" lat="45.8484368987134">
        <ele>2111.49</ele>
      </trkpt>
      <trkpt lon="7.35554179168038" lat="45.8484576486076">
        <ele>2113.7</ele>
      </trkpt>
      <trkpt lon="7.35543796983322" lat="45.848462544948">
        <ele>2116.15</ele>
      </trkpt>
      <trkpt lon="7.35533385333865" lat="45.8484773359818">
        <ele>2117.96</ele>
      </trkpt>
      <trkpt lon="7.35521029752903" lat="45.8484918490423">
        <ele>2120.78</ele>
      </trkpt>
      <trkpt lon="7.35509985605664" lat="45.8484984481396">
        <ele>2123.06</ele>
      </trkpt>
      <trkpt lon="7.35503057075604" lat="45.8485200424621">
        <ele>2124.57</ele>
      </trkpt>
      <trkpt lon="7.35495207956588" lat="45.8485481646393">
        <ele>2127.19</ele>
      </trkpt>
      <trkpt lon="7.35486212101991" lat="45.8485981733737">
        <ele>2128.7</ele>
      </trkpt>
      <trkpt lon="7.35480210163138" lat="45.8486681440176">
        <ele>2130.42</ele>
      </trkpt>
      <trkpt lon="7.35472211513136" lat="45.8487381866919">
        <ele>2131.93</ele>
      </trkpt>
      <trkpt lon="7.35470215079947" lat="45.8487381698313">
        <ele>2131.59</ele>
      </trkpt>
      <trkpt lon="7.35466212927526" lat="45.8487981654151">
        <ele>2133.47</ele>
      </trkpt>
      <trkpt lon="7.35453208075255" lat="45.8488581267919">
        <ele>2132.93</ele>
      </trkpt>
      <trkpt lon="7.35443214877044" lat="45.8489581255911">
        <ele>2131.8</ele>
      </trkpt>
      <trkpt lon="7.35436219086661" lat="45.8489981592654">
        <ele>2134.42</ele>
      </trkpt>
      <trkpt lon="7.35424211578001" lat="45.8490081305774">
        <ele>2136.63</ele>
      </trkpt>
      <trkpt lon="7.35419215851824" lat="45.8490381947473">
        <ele>2138.23</ele>
      </trkpt>
      <trkpt lon="7.35402220434788" lat="45.8490581574967">
        <ele>2141.27</ele>
      </trkpt>
      <trkpt lon="7.35383213226939" lat="45.8491181516257">
        <ele>2144.28</ele>
      </trkpt>
      <trkpt lon="7.35361218869514" lat="45.8491081409052">
        <ele>2147.91</ele>
      </trkpt>
      <trkpt lon="7.35353213513287" lat="45.8490581138554">
        <ele>2147.94</ele>
      </trkpt>
      <trkpt lon="7.35345067816164" lat="45.8490383097837">
        <ele>2148</ele>
      </trkpt>
      <trkpt lon="7.35328328271672" lat="45.8490413860169">
        <ele>2149.86</ele>
      </trkpt>
      <trkpt lon="7.35313505409055" lat="45.8490582405644">
        <ele>2150.99</ele>
      </trkpt>
      <trkpt lon="7.35304121002555" lat="45.8490740789467">
        <ele>2151.94</ele>
      </trkpt>
      <trkpt lon="7.35292210193067" lat="45.8490687609898">
        <ele>2152.74</ele>
      </trkpt>
      <trkpt lon="7.35283780001132" lat="45.8490711463443">
        <ele>2153.31</ele>
      </trkpt>
      <trkpt lon="7.35277416795194" lat="45.8490757208438">
        <ele>2154</ele>
      </trkpt>
      <trkpt lon="7.35268820463316" lat="45.8490907703935">
        <ele>2153.28</ele>
      </trkpt>
      <trkpt lon="7.35255832298273" lat="45.8491405620686">
        <ele>2155.02</ele>
      </trkpt>
      <trkpt lon="7.35250902763823" lat="45.8491307613411">
        <ele>2154.56</ele>
      </trkpt>
      <trkpt lon="7.3524287156477" lat="45.8490852288477">
        <ele>2155.23</ele>
      </trkpt>
      <trkpt lon="7.35239552665495" lat="45.8490533388252">
        <ele>2155.85</ele>
      </trkpt>
      <trkpt lon="7.3521254337543" lat="45.8489533142156">
        <ele>2162.14</ele>
      </trkpt>
      <trkpt lon="7.35199199319668" lat="45.8488881168176">
        <ele>2166.85</ele>
      </trkpt>
      <trkpt lon="7.35159202975265" lat="45.848698191438">
        <ele>2173.36</ele>
      </trkpt>
      <trkpt lon="7.35146202448628" lat="45.8486781341114">
        <ele>2175.43</ele>
      </trkpt>
      <trkpt lon="7.35140202950412" lat="45.8486381158442">
        <ele>2175.6</ele>
      </trkpt>
      <trkpt lon="7.35120208657226" lat="45.8486181300635">
        <ele>2178.52</ele>
      </trkpt>
      <trkpt lon="7.35115207693015" lat="45.8486281187218">
        <ele>2180.21</ele>
      </trkpt>
      <trkpt lon="7.35099204381217" lat="45.8485781964549">
        <ele>2181.03</ele>
      </trkpt>
      <trkpt lon="7.35083206585612" lat="45.8485481635837">
        <ele>2181.49</ele>
      </trkpt>
      <trkpt lon="7.35065202515197" lat="45.8485781459347">
        <ele>2183.77</ele>
      </trkpt>
      <trkpt lon="7.35047199774011" lat="45.8486381929401">
        <ele>2187.57</ele>
      </trkpt>
      <trkpt lon="7.3504319831618" lat="45.848628164519">
        <ele>2187.07</ele>
      </trkpt>
      <trkpt lon="7.35037201754404" lat="45.848648178336">
        <ele>2188.84</ele>
      </trkpt>
      <trkpt lon="7.3502319809037" lat="45.8486581272315">
        <ele>2189.17</ele>
      </trkpt>
      <trkpt lon="7.35005208127246" lat="45.8487181742381">
        <ele>2189.66</ele>
      </trkpt>
      <trkpt lon="7.35000204861422" lat="45.8487681250246">
        <ele>2190.97</ele>
      </trkpt>
      <trkpt lon="7.34961206376109" lat="45.8489681541134">
        <ele>2190.1</ele>
      </trkpt>
      <trkpt lon="7.3494721060894" lat="45.8490581189356">
        <ele>2189.96</ele>
      </trkpt>
      <trkpt lon="7.34944203220549" lat="45.8491081782517">
        <ele>2191.62</ele>
      </trkpt>
      <trkpt lon="7.34928208440615" lat="45.8492381772326">
        <ele>2192.87</ele>
      </trkpt>
      <trkpt lon="7.34916207221652" lat="45.84929818593">
        <ele>2190.71</ele>
      </trkpt>
      <trkpt lon="7.34911203955824" lat="45.8493481367165">
        <ele>2187.65</ele>
      </trkpt>
      <trkpt lon="7.34901208396306" lat="45.8495181539645">
        <ele>2187.42</ele>
      </trkpt>
      <trkpt lon="7.34893207583717" lat="45.8495581319843">
        <ele>2185.28</ele>
      </trkpt>
      <trkpt lon="7.34884208871765" lat="45.8496481861822">
        <ele>2186.39</ele>
      </trkpt>
      <trkpt lon="7.34879202470786" lat="45.8497381879881">
        <ele>2186.7</ele>
      </trkpt>
      <trkpt lon="7.34875203750823" lat="45.8498881914192">
        <ele>2184.94</ele>
      </trkpt>
      <trkpt lon="7.34856199003251" lat="45.8501081201755">
        <ele>2179.51</ele>
      </trkpt>
      <trkpt lon="7.34854192450647" lat="45.8501681326199">
        <ele>2180.55</ele>
      </trkpt>
      <trkpt lon="7.3484518923963" lat="45.8502856402941">
        <ele>2181.76</ele>
      </trkpt>
      <trkpt lon="7.3484518923963" lat="45.8502856402941">
        <ele>2181.76</ele>
      </trkpt>
      <trkpt lon="7.34842198850736" lat="45.8503081600219">
        <ele>2181.84</ele>
      </trkpt>
      <trkpt lon="7.34839188882929" lat="45.8503981814664">
        <ele>2183.58</ele>
      </trkpt>
      <trkpt lon="7.34841189582108" lat="45.8504881172834">
        <ele>2183.25</ele>
      </trkpt>
      <trkpt lon="7.34840200274194" lat="45.8505481881612">
        <ele>2181.2</ele>
      </trkpt>
      <trkpt lon="7.34848191324543" lat="45.8506681503236">
        <ele>2181.23</ele>
      </trkpt>
      <trkpt lon="7.34847187909347" lat="45.8506981565458">
        <ele>2179.2</ele>
      </trkpt>
      <trkpt lon="7.34852199984774" lat="45.8508281325631">
        <ele>2179.11</ele>
      </trkpt>
      <trkpt lon="7.34860190757161" lat="45.8509481836166">
        <ele>2179.14</ele>
      </trkpt>
      <trkpt lon="7.34860189784937" lat="45.8510181187303">
        <ele>2176.94</ele>
      </trkpt>
      <trkpt lon="7.34866190969533" lat="45.8511881097513">
        <ele>2176.97</ele>
      </trkpt>
      <trkpt lon="7.34862194551176" lat="45.8512981482765">
        <ele>2175.56</ele>
      </trkpt>
      <trkpt lon="7.34869192305571" lat="45.8513881762471">
        <ele>2178</ele>
      </trkpt>
      <trkpt lon="7.34869190003944" lat="45.8514281383754">
        <ele>2179.08</ele>
      </trkpt>
      <trkpt lon="7.34857193467601" lat="45.8515081309155">
        <ele>2179.74</ele>
      </trkpt>
      <trkpt lon="7.34848199359056" lat="45.8515181719657">
        <ele>2180.37</ele>
      </trkpt>
      <trkpt lon="7.34838189057432" lat="45.8515581275679">
        <ele>2181</ele>
      </trkpt>
      <trkpt lon="7.34826192521094" lat="45.85163811733">
        <ele>2182.2</ele>
      </trkpt>
      <trkpt lon="7.34834192361285" lat="45.851668166093">
        <ele>2184</ele>
      </trkpt>
      <trkpt lon="7.34830195863889" lat="45.8516781187367">
        <ele>2184.22</ele>
      </trkpt>
      <trkpt lon="7.34831196421716" lat="45.8516881635339">
        <ele>2184.91</ele>
      </trkpt>
      <trkpt lon="7.348231917003" lat="45.8517381306965">
        <ele>2185.79</ele>
      </trkpt>
      <trkpt lon="7.34825199661352" lat="45.8518081743413">
        <ele>2187.66</ele>
      </trkpt>
      <trkpt lon="7.34823195688325" lat="45.8518281357663">
        <ele>2188</ele>
      </trkpt>
      <trkpt lon="7.34825197081933" lat="45.8518481392474">
        <ele>2188.89</ele>
      </trkpt>
      <trkpt lon="7.34821196754754" lat="45.8519681669155">
        <ele>2192.39</ele>
      </trkpt>
      <trkpt lon="7.34822198641978" lat="45.8520081846982">
        <ele>2193.79</ele>
      </trkpt>
      <trkpt lon="7.34825192279918" lat="45.8520281493857">
        <ele>2195.89</ele>
      </trkpt>
      <trkpt lon="7.34822194812188" lat="45.8521182625005">
        <ele>2196.95</ele>
      </trkpt>
      <trkpt lon="7.34826192023741" lat="45.8523082121688">
        <ele>2203.85</ele>
      </trkpt>
      <trkpt lon="7.34819090613804" lat="45.8523792827342">
        <ele>2205.46</ele>
      </trkpt>
      <trkpt lon="7.34819030042269" lat="45.8523866523604">
        <ele>2205.88</ele>
      </trkpt>
      <trkpt lon="7.34814546470352" lat="45.8524566592636">
        <ele>2207.66</ele>
      </trkpt>
      <trkpt lon="7.34809307068375" lat="45.8525165658364">
        <ele>2208.56</ele>
      </trkpt>
      <trkpt lon="7.34804654385425" lat="45.8525566664063">
        <ele>2209.41</ele>
      </trkpt>
      <trkpt lon="7.34798561941546" lat="45.8526001585895">
        <ele>2211.21</ele>
      </trkpt>
      <trkpt lon="7.34793614226928" lat="45.852652906675">
        <ele>2213.32</ele>
      </trkpt>
      <trkpt lon="7.34788130661869" lat="45.8527082769975">
        <ele>2215.38</ele>
      </trkpt>
      <trkpt lon="7.34782349841436" lat="45.8527770170761">
        <ele>2216.07</ele>
      </trkpt>
      <trkpt lon="7.34778678527598" lat="45.8528380488296">
        <ele>2218.14</ele>
      </trkpt>
      <trkpt lon="7.3477514686879" lat="45.8529344759423">
        <ele>2221.26</ele>
      </trkpt>
      <trkpt lon="7.34771159684129" lat="45.8530108525003">
        <ele>2223.17</ele>
      </trkpt>
      <trkpt lon="7.34759908294233" lat="45.8531652970083">
        <ele>2225.56</ele>
      </trkpt>
      <trkpt lon="7.34750945962623" lat="45.8532600374404">
        <ele>2228.52</ele>
      </trkpt>
      <trkpt lon="7.34744673758438" lat="45.8533206939322">
        <ele>2229.58</ele>
      </trkpt>
      <trkpt lon="7.3474220033532" lat="45.853338246917">
        <ele>2230.33</ele>
      </trkpt>
      <trkpt lon="7.34731194931969" lat="45.8534182923324">
        <ele>2231.11</ele>
      </trkpt>
      <trkpt lon="7.34722979371156" lat="45.8536088158313">
        <ele>2234.15</ele>
      </trkpt>
      <trkpt lon="7.34714039094227" lat="45.8536482937473">
        <ele>2234.78</ele>
      </trkpt>
      <trkpt lon="7.3470380163778" lat="45.8536517650652">
        <ele>2235.33</ele>
      </trkpt>
      <trkpt lon="7.34663800848806" lat="45.8536017821357">
        <ele>2241.6</ele>
      </trkpt>
      <trkpt lon="7.34627178653656" lat="45.853598281273">
        <ele>2245.41</ele>
      </trkpt>
      <trkpt lon="7.3461818684693" lat="45.8535682685257">
        <ele>2245.16</ele>
      </trkpt>
      <trkpt lon="7.34617543777817" lat="45.8535679045652">
        <ele>2245.16</ele>
      </trkpt>
      <trkpt lon="7.34617481277698" lat="45.853567265654">
        <ele>2245.1</ele>
      </trkpt>
      <trkpt lon="7.346049641002" lat="45.8535446610868">
        <ele>2247.63</ele>
      </trkpt>
      <trkpt lon="7.34598139253596" lat="45.8535309822989">
        <ele>2248.59</ele>
      </trkpt>
      <trkpt lon="7.34591486106205" lat="45.8535028364927">
        <ele>2250.02</ele>
      </trkpt>
      <trkpt lon="7.34582395984371" lat="45.8534625484742">
        <ele>2252.3</ele>
      </trkpt>
      <trkpt lon="7.34578338732573" lat="45.8534320778605">
        <ele>2252.06</ele>
      </trkpt>
      <trkpt lon="7.34570218861159" lat="45.8534164127853">
        <ele>2254.42</ele>
      </trkpt>
      <trkpt lon="7.34561616500808" lat="45.8533897834953">
        <ele>2255.74</ele>
      </trkpt>
      <trkpt lon="7.34552960778955" lat="45.8533767406572">
        <ele>2258.1</ele>
      </trkpt>
      <trkpt lon="7.34543596986034" lat="45.8533635921921">
        <ele>2260.26</ele>
      </trkpt>
      <trkpt lon="7.34536144358622" lat="45.8533444215369">
        <ele>2260.55</ele>
      </trkpt>
      <trkpt lon="7.34528555620691" lat="45.8533234313776">
        <ele>2261.14</ele>
      </trkpt>
      <trkpt lon="7.34520025446424" lat="45.8533158053562">
        <ele>2262</ele>
      </trkpt>
      <trkpt lon="7.3451009025745" lat="45.8532998762094">
        <ele>2263.07</ele>
      </trkpt>
      <trkpt lon="7.34502705376948" lat="45.8532970059757">
        <ele>2263.99</ele>
      </trkpt>
      <trkpt lon="7.34500112260983" lat="45.8532984307605">
        <ele>2264.8</ele>
      </trkpt>
      <trkpt lon="7.34495347459535" lat="45.8532850494022">
        <ele>2265.21</ele>
      </trkpt>
      <trkpt lon="7.34491994891421" lat="45.8532818628848">
        <ele>2266.1</ele>
      </trkpt>
      <trkpt lon="7.34488895389772" lat="45.8532760124353">
        <ele>2265.91</ele>
      </trkpt>
      <trkpt lon="7.34463972632218" lat="45.8532669125645">
        <ele>2267.91</ele>
      </trkpt>
      <trkpt lon="7.34451187603871" lat="45.8532781088319">
        <ele>2270.33</ele>
      </trkpt>
      <trkpt lon="7.34426184687437" lat="45.8533481109674">
        <ele>2278.78</ele>
      </trkpt>
      <trkpt lon="7.34421178207232" lat="45.8533381157829">
        <ele>2278.91</ele>
      </trkpt>
      <trkpt lon="7.34415180812096" lat="45.8533581268219">
        <ele>2280.13</ele>
      </trkpt>
      <trkpt lon="7.34406190056812" lat="45.8533581731734">
        <ele>2280.37</ele>
      </trkpt>
      <trkpt lon="7.34400179883615" lat="45.8533781842112">
        <ele>2282.3</ele>
      </trkpt>
      <trkpt lon="7.34396179973263" lat="45.8534281878742">
        <ele>2285.3</ele>
      </trkpt>
      <trkpt lon="7.34388181184522" lat="45.8534281982099">
        <ele>2286.17</ele>
      </trkpt>
      <trkpt lon="7.34362190488328" lat="45.8534881555493">
        <ele>2290.7</ele>
      </trkpt>
      <trkpt lon="7.34355189400197" lat="45.8535381728105">
        <ele>2292.69</ele>
      </trkpt>
      <trkpt lon="7.34351183001599" lat="45.8536381277448">
        <ele>2297</ele>
      </trkpt>
      <trkpt lon="7.34343188419094" lat="45.8537581189135">
        <ele>2301.87</ele>
      </trkpt>
      <trkpt lon="7.34353184692441" lat="45.8537881900931">
        <ele>2306.27</ele>
      </trkpt>
      <trkpt lon="7.34345180189272" lat="45.8538681246854">
        <ele>2309.76</ele>
      </trkpt>
      <trkpt lon="7.34343190541584" lat="45.8539482098649">
        <ele>2313.92</ele>
      </trkpt>
      <trkpt lon="7.34354186599105" lat="45.8539582667429">
        <ele>2316.89</ele>
      </trkpt>
      <trkpt lon="7.34342181133977" lat="45.8540582320128">
        <ele>2321.48</ele>
      </trkpt>
      <trkpt lon="7.34345187272002" lat="45.8540782883706">
        <ele>2323.28</ele>
      </trkpt>
      <trkpt lon="7.34354186896526" lat="45.854088233941">
        <ele>2325.12</ele>
      </trkpt>
      <trkpt lon="7.3435718025649" lat="45.8541082902976">
        <ele>2326.94</ele>
      </trkpt>
      <trkpt lon="7.34344178915995" lat="45.854218283504">
        <ele>2332.84</ele>
      </trkpt>
      <trkpt lon="7.34330674073135" lat="45.8542678973465">
        <ele>2337.28</ele>
      </trkpt>
      <trkpt lon="7.34330462928076" lat="45.8542826282567">
        <ele>2338.1</ele>
      </trkpt>
      <trkpt lon="7.34334469901883" lat="45.8543126405205">
        <ele>2339.74</ele>
      </trkpt>
      <trkpt lon="7.34331585376698" lat="45.8543210432325">
        <ele>2340.24</ele>
      </trkpt>
      <trkpt lon="7.34314856648303" lat="45.8543329280239">
        <ele>2342.45</ele>
      </trkpt>
      <trkpt lon="7.34311861482542" lat="45.8543828984502">
        <ele>2345.83</ele>
      </trkpt>
      <trkpt lon="7.34305854940379" lat="45.8543929175673">
        <ele>2346.37</ele>
      </trkpt>
      <trkpt lon="7.34291853815703" lat="45.8545229250753">
        <ele>2351.42</ele>
      </trkpt>
      <trkpt lon="7.34288066405708" lat="45.8545751204814">
        <ele>2354.01</ele>
      </trkpt>
      <trkpt lon="7.34293256242572" lat="45.8545754209924">
        <ele>2355.13</ele>
      </trkpt>
      <trkpt lon="7.34288406252973" lat="45.8546558142357">
        <ele>2358.9</ele>
      </trkpt>
      <trkpt lon="7.34282864131644" lat="45.8546829116104">
        <ele>2360.12</ele>
      </trkpt>
      <trkpt lon="7.34275864172694" lat="45.8547238397515">
        <ele>2360.94</ele>
      </trkpt>
      <trkpt lon="7.34275767777581" lat="45.85472589535">
        <ele>2361.02</ele>
      </trkpt>
      <trkpt lon="7.34271763723525" lat="45.8547642876059">
        <ele>2361.67</ele>
      </trkpt>
      <trkpt lon="7.34266485761777" lat="45.8547979046167">
        <ele>2362.57</ele>
      </trkpt>
      <trkpt lon="7.34262473646628" lat="45.8548389941627">
        <ele>2363.37</ele>
      </trkpt>
      <trkpt lon="7.34259743213715" lat="45.8548865728872">
        <ele>2365.04</ele>
      </trkpt>
      <trkpt lon="7.34255596647416" lat="45.8549295346901">
        <ele>2365.8</ele>
      </trkpt>
      <trkpt lon="7.34248425545357" lat="45.8549846576204">
        <ele>2366.29</ele>
      </trkpt>
      <trkpt lon="7.3424112276302" lat="45.8550451612305">
        <ele>2366.95</ele>
      </trkpt>
      <trkpt lon="7.34235160879335" lat="45.8550877700706">
        <ele>2367.1</ele>
      </trkpt>
      <trkpt lon="7.34230995689001" lat="45.8551370292542">
        <ele>2368.31</ele>
      </trkpt>
      <trkpt lon="7.34225010203701" lat="45.8551745935191">
        <ele>2368.84</ele>
      </trkpt>
      <trkpt lon="7.34215302413526" lat="45.855212157423">
        <ele>2371.36</ele>
      </trkpt>
      <trkpt lon="7.34205904934931" lat="45.8552361737898">
        <ele>2374.08</ele>
      </trkpt>
      <trkpt lon="7.34197176385089" lat="45.8552475982342">
        <ele>2375.84</ele>
      </trkpt>
      <trkpt lon="7.34190118729162" lat="45.8552472030952">
        <ele>2376.82</ele>
      </trkpt>
      <trkpt lon="7.34174320805514" lat="45.8552838830526">
        <ele>2379.99</ele>
      </trkpt>
      <trkpt lon="7.34158334782676" lat="45.8553404273864">
        <ele>2383.51</ele>
      </trkpt>
      <trkpt lon="7.34146191399662" lat="45.8553695352832">
        <ele>2385.97</ele>
      </trkpt>
      <trkpt lon="7.34138468124599" lat="45.8553937073718">
        <ele>2388.38</ele>
      </trkpt>
      <trkpt lon="7.34133860473201" lat="45.8554184186653">
        <ele>2389.79</ele>
      </trkpt>
      <trkpt lon="7.34131385130268" lat="45.8554235491114">
        <ele>2390.14</ele>
      </trkpt>
      <trkpt lon="7.34128005051717" lat="45.8554253099395">
        <ele>2390.92</ele>
      </trkpt>
      <trkpt lon="7.34122170174266" lat="45.8554382319249">
        <ele>2392</ele>
      </trkpt>
      <trkpt lon="7.34121176261984" lat="45.8554388985121">
        <ele>2392.38</ele>
      </trkpt>
      <trkpt lon="7.34121163205962" lat="45.855438987402">
        <ele>2392.4</ele>
      </trkpt>
      <trkpt lon="7.34108325616035" lat="45.8554805955497">
        <ele>2394.89</ele>
      </trkpt>
      <trkpt lon="7.34098652007583" lat="45.8555109620514">
        <ele>2395.21</ele>
      </trkpt>
      <trkpt lon="7.34091974877289" lat="45.8555298841079">
        <ele>2394.45</ele>
      </trkpt>
      <trkpt lon="7.34088319503128" lat="45.8555375450595">
        <ele>2394.02</ele>
      </trkpt>
      <trkpt lon="7.34083374376876" lat="45.8555458253463">
        <ele>2393.03</ele>
      </trkpt>
      <trkpt lon="7.3407628026403" lat="45.8555792699543">
        <ele>2392.58</ele>
      </trkpt>
      <trkpt lon="7.3406558823896" lat="45.8556401788016">
        <ele>2392.66</ele>
      </trkpt>
      <trkpt lon="7.3406174504339" lat="45.8556677041297">
        <ele>2394.07</ele>
      </trkpt>
      <trkpt lon="7.34049298802652" lat="45.855733671269">
        <ele>2394.08</ele>
      </trkpt>
      <trkpt lon="7.34040872416938" lat="45.8557777187955">
        <ele>2393.44</ele>
      </trkpt>
      <trkpt lon="7.34032910260269" lat="45.8557955545886">
        <ele>2393</ele>
      </trkpt>
      <trkpt lon="7.34024913079413" lat="45.8558251740116">
        <ele>2392.81</ele>
      </trkpt>
      <trkpt lon="7.34019894569406" lat="45.8558580160278">
        <ele>2392.95</ele>
      </trkpt>
      <trkpt lon="7.3401788587118" lat="45.8558794163779">
        <ele>2393.41</ele>
      </trkpt>
      <trkpt lon="7.34016614387735" lat="45.8559128032158">
        <ele>2394.12</ele>
      </trkpt>
      <trkpt lon="7.34014146464146" lat="45.8559586180319">
        <ele>2394.72</ele>
      </trkpt>
      <trkpt lon="7.34012121365763" lat="45.8559855074091">
        <ele>2395.23</ele>
      </trkpt>
      <trkpt lon="7.34005139962185" lat="45.8560546973827">
        <ele>2396.39</ele>
      </trkpt>
      <trkpt lon="7.33998823561557" lat="45.8561298347944">
        <ele>2395.77</ele>
      </trkpt>
      <trkpt lon="7.33990369934963" lat="45.8561829686608">
        <ele>2395.06</ele>
      </trkpt>
      <trkpt lon="7.33986239491029" lat="45.8562204414366">
        <ele>2394.8</ele>
      </trkpt>
      <trkpt lon="7.33981896764434" lat="45.8562859649061">
        <ele>2394.69</ele>
      </trkpt>
      <trkpt lon="7.33979750835436" lat="45.8563101347579">
        <ele>2394.33</ele>
      </trkpt>
      <trkpt lon="7.33976720462459" lat="45.8563241848217">
        <ele>2393.98</ele>
      </trkpt>
      <trkpt lon="7.33974516245696" lat="45.8563247651783">
        <ele>2393.42</ele>
      </trkpt>
      <trkpt lon="7.3396796780676" lat="45.8563047306997">
        <ele>2391.65</ele>
      </trkpt>
      <trkpt lon="7.33963160510471" lat="45.8562882825923">
        <ele>2391.33</ele>
      </trkpt>
      <trkpt lon="7.3393616497097" lat="45.8561182978678">
        <ele>2390.35</ele>
      </trkpt>
      <trkpt lon="7.33914498212209" lat="45.8560623137853">
        <ele>2390.17</ele>
      </trkpt>
      <trkpt lon="7.33899632741507" lat="45.8559932772522">
        <ele>2388.49</ele>
      </trkpt>
      <trkpt lon="7.33887922707052" lat="45.8560195656747">
        <ele>2388.33</ele>
      </trkpt>
      <trkpt lon="7.33881135951015" lat="45.8559886975638">
        <ele>2387.5</ele>
      </trkpt>
      <trkpt lon="7.33873833255035" lat="45.8560057278447">
        <ele>2388.17</ele>
      </trkpt>
      <trkpt lon="7.33870843465507" lat="45.8560061914554">
        <ele>2387.64</ele>
      </trkpt>
      <trkpt lon="7.33865440042544" lat="45.8559909155423">
        <ele>2387.72</ele>
      </trkpt>
      <trkpt lon="7.33859095183064" lat="45.8559890926583">
        <ele>2387.83</ele>
      </trkpt>
      <trkpt lon="7.33858838789271" lat="45.8559886954011">
        <ele>2387.85</ele>
      </trkpt>
      <trkpt lon="7.33858775455265" lat="45.8559883259411">
        <ele>2387.85</ele>
      </trkpt>
      <trkpt lon="7.3385550434077" lat="45.8559534691807">
        <ele>2387.62</ele>
      </trkpt>
      <trkpt lon="7.33854718802153" lat="45.8559361631083">
        <ele>2387.03</ele>
      </trkpt>
      <trkpt lon="7.33853851626727" lat="45.8559029149553">
        <ele>2387.14</ele>
      </trkpt>
      <trkpt lon="7.33853859461359" lat="45.855874383674">
        <ele>2386.82</ele>
      </trkpt>
      <trkpt lon="7.33854016184566" lat="45.8558476746758">
        <ele>2386.57</ele>
      </trkpt>
      <trkpt lon="7.33853716479197" lat="45.8558358410121">
        <ele>2386.7</ele>
      </trkpt>
      <trkpt lon="7.33852595368551" lat="45.8558230766894">
        <ele>2386.68</ele>
      </trkpt>
      <trkpt lon="7.3385081368537" lat="45.8558114762213">
        <ele>2386.76</ele>
      </trkpt>
      <trkpt lon="7.33847464461578" lat="45.8558027978977">
        <ele>2386.45</ele>
      </trkpt>
      <trkpt lon="7.33841461567446" lat="45.8557942748762">
        <ele>2387.02</ele>
      </trkpt>
      <trkpt lon="7.33837268987369" lat="45.8557877243027">
        <ele>2387.84</ele>
      </trkpt>
      <trkpt lon="7.33835657292533" lat="45.8557838907155">
        <ele>2388.26</ele>
      </trkpt>
      <trkpt lon="7.33834391445943" lat="45.8557764154023">
        <ele>2388.36</ele>
      </trkpt>
      <trkpt lon="7.33832077526013" lat="45.8557661788061">
        <ele>2388.54</ele>
      </trkpt>
      <trkpt lon="7.33827446333259" lat="45.8557555141965">
        <ele>2388.97</ele>
      </trkpt>
      <trkpt lon="7.33823775435753" lat="45.8557467886183">
        <ele>2389.23</ele>
      </trkpt>
      <trkpt lon="7.33820758439497" lat="45.8557391492422">
        <ele>2389.13</ele>
      </trkpt>
      <trkpt lon="7.33817839228526" lat="45.8557288236962">
        <ele>2389.44</ele>
      </trkpt>
      <trkpt lon="7.33815738095508" lat="45.8557163676197">
        <ele>2389.48</ele>
      </trkpt>
      <trkpt lon="7.33812516651399" lat="45.8557081587649">
        <ele>2389.48</ele>
      </trkpt>
      <trkpt lon="7.33810002435895" lat="45.8557046417648">
        <ele>2389.3</ele>
      </trkpt>
      <trkpt lon="7.33807960467441" lat="45.8556939051822">
        <ele>2389.35</ele>
      </trkpt>
      <trkpt lon="7.33805035444646" lat="45.8556726876916">
        <ele>2389.35</ele>
      </trkpt>
      <trkpt lon="7.33799723143914" lat="45.855652833893">
        <ele>2389.38</ele>
      </trkpt>
      <trkpt lon="7.33796440867643" lat="45.8556433555556">
        <ele>2390</ele>
      </trkpt>
      <trkpt lon="7.3379150498318" lat="45.8556139265497">
        <ele>2389.47</ele>
      </trkpt>
      <trkpt lon="7.33786588817442" lat="45.8555864781517">
        <ele>2389.97</ele>
      </trkpt>
      <trkpt lon="7.33783628527002" lat="45.8555597660733">
        <ele>2390.23</ele>
      </trkpt>
      <trkpt lon="7.33781598789088" lat="45.8555449793888">
        <ele>2391.03</ele>
      </trkpt>
      <trkpt lon="7.33778275138401" lat="45.8555277536279">
        <ele>2391.82</ele>
      </trkpt>
      <trkpt lon="7.33775796224869" lat="45.8555124529978">
        <ele>2392.32</ele>
      </trkpt>
      <trkpt lon="7.33773773158239" lat="45.8554954162567">
        <ele>2393.13</ele>
      </trkpt>
      <trkpt lon="7.33770849525435" lat="45.8554736598636">
        <ele>2394.07</ele>
      </trkpt>
      <trkpt lon="7.33765943357944" lat="45.8554472059364">
        <ele>2395.22</ele>
      </trkpt>
      <trkpt lon="7.33762998043517" lat="45.8554327358378">
        <ele>2395.95</ele>
      </trkpt>
      <trkpt lon="7.33759804109848" lat="45.8554195796375">
        <ele>2396.64</ele>
      </trkpt>
      <trkpt lon="7.33756229363827" lat="45.8553916063563">
        <ele>2398.06</ele>
      </trkpt>
      <trkpt lon="7.33753593492398" lat="45.8553813225054">
        <ele>2398.88</ele>
      </trkpt>
      <trkpt lon="7.3375065706437" lat="45.8553682052199">
        <ele>2399.33</ele>
      </trkpt>
      <trkpt lon="7.33747987045554" lat="45.8553478349978">
        <ele>2400.29</ele>
      </trkpt>
      <trkpt lon="7.33745144528146" lat="45.8553248285808">
        <ele>2400.84</ele>
      </trkpt>
      <trkpt lon="7.33740933367125" lat="45.8553028859469">
        <ele>2401.64</ele>
      </trkpt>
      <trkpt lon="7.33737837757141" lat="45.8552956854633">
        <ele>2402.47</ele>
      </trkpt>
      <trkpt lon="7.33733832955382" lat="45.8552909627324">
        <ele>2403.8</ele>
      </trkpt>
      <trkpt lon="7.33731766803468" lat="45.8552884096892">
        <ele>2404.48</ele>
      </trkpt>
      <trkpt lon="7.33723823330928" lat="45.8552697028869">
        <ele>2406.61</ele>
      </trkpt>
      <trkpt lon="7.33717980183268" lat="45.8552507601712">
        <ele>2407.84</ele>
      </trkpt>
      <trkpt lon="7.33712865676274" lat="45.8552250840213">
        <ele>2408.52</ele>
      </trkpt>
      <trkpt lon="7.33708593126806" lat="45.8552022330251">
        <ele>2408.98</ele>
      </trkpt>
      <trkpt lon="7.33704641973099" lat="45.8551795153967">
        <ele>2409.31</ele>
      </trkpt>
      <trkpt lon="7.33702004746188" lat="45.8551524005617">
        <ele>2409.88</ele>
      </trkpt>
      <trkpt lon="7.33699885014885" lat="45.8551332804248">
        <ele>2410.22</ele>
      </trkpt>
      <trkpt lon="7.33697305562555" lat="45.8551084212083">
        <ele>2410.35</ele>
      </trkpt>
      <trkpt lon="7.33691626608578" lat="45.85507771432">
        <ele>2411.93</ele>
      </trkpt>
      <trkpt lon="7.33685783460919" lat="45.8550587716043">
        <ele>2413.79</ele>
      </trkpt>
      <trkpt lon="7.33679359744087" lat="45.8550401955083">
        <ele>2415.75</ele>
      </trkpt>
      <trkpt lon="7.33674401882874" lat="45.8550267835748">
        <ele>2417.04</ele>
      </trkpt>
      <trkpt lon="7.33671341827261" lat="45.8550205775644">
        <ele>2418.62</ele>
      </trkpt>
      <trkpt lon="7.33669303733127" lat="45.8550172189479">
        <ele>2419.48</ele>
      </trkpt>
      <trkpt lon="7.336631600632" lat="45.8549781618019">
        <ele>2420.74</ele>
      </trkpt>
      <trkpt lon="7.33661159721204" lat="45.8549881313062">
        <ele>2422.12</ele>
      </trkpt>
      <trkpt lon="7.33655292702547" lat="45.8549599161298">
        <ele>2423.92</ele>
      </trkpt>
      <trkpt lon="7.33651693521021" lat="45.8549271705025">
        <ele>2425.56</ele>
      </trkpt>
      <trkpt lon="7.33650098226167" lat="45.8549179367793">
        <ele>2425.69</ele>
      </trkpt>
      <trkpt lon="7.33647993201675" lat="45.8549067390678">
        <ele>2426.55</ele>
      </trkpt>
      <trkpt lon="7.33646095135102" lat="45.8548910718182">
        <ele>2427.04</ele>
      </trkpt>
      <trkpt lon="7.33644650135798" lat="45.8548745712579">
        <ele>2427.93</ele>
      </trkpt>
      <trkpt lon="7.33643710132366" lat="45.8548657931654">
        <ele>2428.34</ele>
      </trkpt>
      <trkpt lon="7.33641234285192" lat="45.8548450896203">
        <ele>2429.32</ele>
      </trkpt>
      <trkpt lon="7.33639195096367" lat="45.8548334530151">
        <ele>2430.13</ele>
      </trkpt>
      <trkpt lon="7.33636643675884" lat="45.8548208413354">
        <ele>2430.74</ele>
      </trkpt>
      <trkpt lon="7.33633874734364" lat="45.8548163881757">
        <ele>2431.6</ele>
      </trkpt>
      <trkpt lon="7.33630037419114" lat="45.8548203295705">
        <ele>2433.33</ele>
      </trkpt>
      <trkpt lon="7.33625413141284" lat="45.8548246042308">
        <ele>2434.39</ele>
      </trkpt>
      <trkpt lon="7.33621920006501" lat="45.8548254455801">
        <ele>2435.83</ele>
      </trkpt>
      <trkpt lon="7.33616481837142" lat="45.854821953297">
        <ele>2437.79</ele>
      </trkpt>
      <trkpt lon="7.33613781233133" lat="45.854816161221">
        <ele>2438.55</ele>
      </trkpt>
      <trkpt lon="7.33610503404273" lat="45.8548052411805">
        <ele>2439.3</ele>
      </trkpt>
      <trkpt lon="7.33603586062651" lat="45.8547880345159">
        <ele>2442.06</ele>
      </trkpt>
      <trkpt lon="7.335983509685" lat="45.8547769198363">
        <ele>2443.52</ele>
      </trkpt>
      <trkpt lon="7.33587170241783" lat="45.8547381205417">
        <ele>2446.18</ele>
      </trkpt>
      <trkpt lon="7.33569164266897" lat="45.8546081377079">
        <ele>2447.77</ele>
      </trkpt>
      <trkpt lon="7.33555654675092" lat="45.8543915031039">
        <ele>2447.53</ele>
      </trkpt>
      <trkpt lon="7.33549327049667" lat="45.8543839217416">
        <ele>2450.58</ele>
      </trkpt>
      <trkpt lon="7.33545957341758" lat="45.8543390563835">
        <ele>2452.79</ele>
      </trkpt>
      <trkpt lon="7.33544556026578" lat="45.8542862910153">
        <ele>2454.17</ele>
      </trkpt>
      <trkpt lon="7.33539016813813" lat="45.8542475894926">
        <ele>2457.08</ele>
      </trkpt>
      <trkpt lon="7.33528566785082" lat="45.8541452608736">
        <ele>2461.86</ele>
      </trkpt>
      <trkpt lon="7.33516560308505" lat="45.8540552157498">
        <ele>2467.66</ele>
      </trkpt>
      <trkpt lon="7.33512744170457" lat="45.8540261257501">
        <ele>2470.15</ele>
      </trkpt>
      <trkpt lon="7.335124483909" lat="45.853995749948">
        <ele>2470.76</ele>
      </trkpt>
      <trkpt lon="7.33509598611771" lat="45.8539925468123">
        <ele>2472.82</ele>
      </trkpt>
      <trkpt lon="7.33508160771019" lat="45.8540081776263">
        <ele>2473.4</ele>
      </trkpt>
      <trkpt lon="7.33504263901852" lat="45.8540665620682">
        <ele>2476.26</ele>
      </trkpt>
      <trkpt lon="7.33502168554553" lat="45.8540781399375">
        <ele>2477.74</ele>
      </trkpt>
      <trkpt lon="7.33496160246732" lat="45.8539981484292">
        <ele>2481.24</ele>
      </trkpt>
      <trkpt lon="7.33492162419977" lat="45.8539781225316">
        <ele>2483.39</ele>
      </trkpt>
      <trkpt lon="7.3349115844919" lat="45.8540081287537">
        <ele>2484.38</ele>
      </trkpt>
      <trkpt lon="7.33489161738055" lat="45.8540081980062">
        <ele>2485.54</ele>
      </trkpt>
      <trkpt lon="7.33482158328859" lat="45.8539681157509">
        <ele>2489.09</ele>
      </trkpt>
      <trkpt lon="7.33479158142966" lat="45.8540281614331">
        <ele>2492.06</ele>
      </trkpt>
      <trkpt lon="7.33472167233866" lat="45.8539881708479">
        <ele>2494.64</ele>
      </trkpt>
      <trkpt lon="7.33468165994134" lat="45.8540081987475">
        <ele>2497.87</ele>
      </trkpt>
      <trkpt lon="7.33457164262162" lat="45.8539181176091">
        <ele>2500.84</ele>
      </trkpt>
      <trkpt lon="7.33451170002053" lat="45.8538981637419">
        <ele>2503.37</ele>
      </trkpt>
      <trkpt lon="7.33446162748072" lat="45.8538581900162">
        <ele>2505.19</ele>
      </trkpt>
      <trkpt lon="7.33441169323738" lat="45.8538481920551">
        <ele>2507.29</ele>
      </trkpt>
      <trkpt lon="7.33437163401556" lat="45.853848147221">
        <ele>2509.45</ele>
      </trkpt>
      <trkpt lon="7.33438169911835" lat="45.8539381190537">
        <ele>2511.38</ele>
      </trkpt>
      <trkpt lon="7.33431166502465" lat="45.8538981256895">
        <ele>2513.97</ele>
      </trkpt>
      <trkpt lon="7.33426165696794" lat="45.853968140876">
        <ele>2516.83</ele>
      </trkpt>
      <trkpt lon="7.33415160769909" lat="45.8539481754113">
        <ele>2520.08</ele>
      </trkpt>
      <trkpt lon="7.33411163716963" lat="45.8539581224991">
        <ele>2520.17</ele>
      </trkpt>
      <trkpt lon="7.3340015829405" lat="45.8539081868269">
        <ele>2515.83</ele>
      </trkpt>
      <trkpt lon="7.3339665928773" lat="45.8539281953302">
        <ele>2514.32</ele>
      </trkpt>
      <trkpt lon="7.3339665928773" lat="45.8539281953302">
        <ele>2514.32</ele>
      </trkpt>
      <trkpt lon="7.33393160559365" lat="45.8539481177203">
        <ele>2513.37</ele>
      </trkpt>
      <trkpt lon="7.33395151813878" lat="45.8538981860866">
        <ele>2513.06</ele>
      </trkpt>
      <trkpt lon="7.33378528465338" lat="45.8539997176148">
        <ele>2508.8</ele>
      </trkpt>
      <trkpt lon="7.33372534979043" lat="45.8540097339551">
        <ele>2507.09</ele>
      </trkpt>
      <trkpt lon="7.33371538607838" lat="45.8539896972372">
        <ele>2505.57</ele>
      </trkpt>
      <trkpt lon="7.3336453591256" lat="45.854009735957">
        <ele>2503.05</ele>
      </trkpt>
      <trkpt lon="7.33366605187055" lat="45.8538387568046">
        <ele>2495.9</ele>
      </trkpt>
      <trkpt lon="7.33354504247444" lat="45.8538968459986">
        <ele>2491.83</ele>
      </trkpt>
      <trkpt lon="7.33353499007003" lat="45.8538668173588">
        <ele>2489.83</ele>
      </trkpt>
      <trkpt lon="7.33351502573836" lat="45.8538667949424">
        <ele>2489</ele>
      </trkpt>
      <trkpt lon="7.33349156666471" lat="45.8537380164361">
        <ele>2483.01</ele>
      </trkpt>
      <trkpt lon="7.33346149814207" lat="45.8536580113297">
        <ele>2478.76</ele>
      </trkpt>
      <trkpt lon="7.33333159307139" lat="45.8537680823165">
        <ele>2473.42</ele>
      </trkpt>
      <trkpt lon="7.33313153108846" lat="45.8538680412542">
        <ele>2469.49</ele>
      </trkpt>
      <trkpt lon="7.33304150071577" lat="45.8538980494783">
        <ele>2466.77</ele>
      </trkpt>
      <trkpt lon="7.33284159568115" lat="45.8539280760815">
        <ele>2460.87</ele>
      </trkpt>
      <trkpt lon="7.33287013046406" lat="45.8538869975346">
        <ele>2458.66</ele>
      </trkpt>
      <trkpt lon="7.33264160473391" lat="45.8539480163159">
        <ele>2452.76</ele>
      </trkpt>
      <trkpt lon="7.33255152753491" lat="45.8539580434752">
        <ele>2450.33</ele>
      </trkpt>
      <trkpt lon="7.33244149096445" lat="45.8539980212035">
        <ele>2446.6</ele>
      </trkpt>
      <trkpt lon="7.33234154806723" lat="45.8540880975274">
        <ele>2444.06</ele>
      </trkpt>
      <trkpt lon="7.33192151810714" lat="45.8541480283122">
        <ele>2430.38</ele>
      </trkpt>
      <trkpt lon="7.33182156529122" lat="45.854178072552">
        <ele>2428.28</ele>
      </trkpt>
      <trkpt lon="7.33154154181136" lat="45.8542080956001">
        <ele>2422.34</ele>
      </trkpt>
      <trkpt lon="7.3312915279286" lat="45.8542080431735">
        <ele>2413.84</ele>
      </trkpt>
      <trkpt lon="7.33119148642041" lat="45.8542280927136">
        <ele>2412.17</ele>
      </trkpt>
      <trkpt lon="7.33113155373983" lat="45.8542680820392">
        <ele>2410.17</ele>
      </trkpt>
      <trkpt lon="7.33113156366026" lat="45.8543280252322">
        <ele>2411.18</ele>
      </trkpt>
      <trkpt lon="7.33117150938476" lat="45.8544480481199">
        <ele>2410.68</ele>
      </trkpt>
      <trkpt lon="7.33125159588269" lat="45.854518070124">
        <ele>2411.01</ele>
      </trkpt>
      <trkpt lon="7.33126156177704" lat="45.8545680798273">
        <ele>2411.41</ele>
      </trkpt>
      <trkpt lon="7.33124152085219" lat="45.8546481622274">
        <ele>2409.85</ele>
      </trkpt>
      <trkpt lon="7.33116150042226" lat="45.8547481612194">
        <ele>2403.9</ele>
      </trkpt>
      <trkpt lon="7.33115150972293" lat="45.8548281214917">
        <ele>2402.79</ele>
      </trkpt>
      <trkpt lon="7.3311015798426" lat="45.8548781556146">
        <ele>2399.02</ele>
      </trkpt>
      <trkpt lon="7.33107147937265" lat="45.8548681745129">
        <ele>2397.54</ele>
      </trkpt>
      <trkpt lon="7.3310415045027" lat="45.8548281343138">
        <ele>2396.62</ele>
      </trkpt>
      <trkpt lon="7.33105150790026" lat="45.8548081172345">
        <ele>2396.65</ele>
      </trkpt>
      <trkpt lon="7.33101148776492" lat="45.8547981721486">
        <ele>2394.64</ele>
      </trkpt>
      <trkpt lon="7.33098147816964" lat="45.8548281559543">
        <ele>2392.85</ele>
      </trkpt>
      <trkpt lon="7.33093158301464" lat="45.8548081660724">
        <ele>2389.8</ele>
      </trkpt>
      <trkpt lon="7.33088156503925" lat="45.8548181463969">
        <ele>2386.85</ele>
      </trkpt>
      <trkpt lon="7.33084154768358" lat="45.854808109642">
        <ele>2384.54</ele>
      </trkpt>
      <trkpt lon="7.33085154612092" lat="45.8547581223552">
        <ele>2382.31</ele>
      </trkpt>
      <trkpt lon="7.33082152998213" lat="45.8546980122003">
        <ele>2378.97</ele>
      </trkpt>
      <trkpt lon="7.33079151542669" lat="45.8546980230205">
        <ele>2377.32</ele>
      </trkpt>
      <trkpt lon="7.33075150521175" lat="45.8547480211276">
        <ele>2376.03</ele>
      </trkpt>
      <trkpt lon="7.33069148383886" lat="45.8547780157535">
        <ele>2374.45</ele>
      </trkpt>
      <trkpt lon="7.33062158466665" lat="45.8547980572523">
        <ele>2372</ele>
      </trkpt>
      <trkpt lon="7.33059156792888" lat="45.8547680950872">
        <ele>2369.63</ele>
      </trkpt>
      <trkpt lon="7.33060148045348" lat="45.8547080269873">
        <ele>2365.98</ele>
      </trkpt>
      <trkpt lon="7.33058151116166" lat="45.8546780315855">
        <ele>2363.65</ele>
      </trkpt>
      <trkpt lon="7.33061160171121" lat="45.8546280694942">
        <ele>2362.25</ele>
      </trkpt>
      <trkpt lon="7.33058158775304" lat="45.8545980184379">
        <ele>2359.97</ele>
      </trkpt>
      <trkpt lon="7.33039151805453" lat="45.8546780464095">
        <ele>2352.06</ele>
      </trkpt>
      <trkpt lon="7.33035158661154" lat="45.8546780932455">
        <ele>2349.34</ele>
      </trkpt>
      <trkpt lon="7.3302415444855" lat="45.854718065418">
        <ele>2345.85</ele>
      </trkpt>
      <trkpt lon="7.330231494859" lat="45.8546880367782">
        <ele>2343.77</ele>
      </trkpt>
      <trkpt lon="7.33026157608552" lat="45.8545480668396">
        <ele>2338.8</ele>
      </trkpt>
      <trkpt lon="7.33021159283547" lat="45.8544880231593">
        <ele>2335.52</ele>
      </trkpt>
      <trkpt lon="7.33018149950626" lat="45.8545380769196">
        <ele>2333.87</ele>
      </trkpt>
      <trkpt lon="7.32992140285684" lat="45.8546380519419">
        <ele>2325.15</ele>
      </trkpt>
      <trkpt lon="7.32982150182742" lat="45.8547180474539">
        <ele>2321.89</ele>
      </trkpt>
      <trkpt lon="7.32982140817492" lat="45.8546780825466">
        <ele>2320.27</ele>
      </trkpt>
      <trkpt lon="7.32987150551955" lat="45.8545880890746">
        <ele>2319.42</ele>
      </trkpt>
      <trkpt lon="7.32986149279895" lat="45.8545180983066">
        <ele>2316.01</ele>
      </trkpt>
      <trkpt lon="7.32972149068172" lat="45.8546080381273">
        <ele>2311.85</ele>
      </trkpt>
      <trkpt lon="7.32963150376023" lat="45.8546880865146">
        <ele>2308.56</ele>
      </trkpt>
      <trkpt lon="7.32959144890133" lat="45.8547480765423">
        <ele>2306.84</ele>
      </trkpt>
      <trkpt lon="7.32953140888237" lat="45.8545980582515">
        <ele>2299.29</ele>
      </trkpt>
      <trkpt lon="7.32953148329152" lat="45.8544880693408">
        <ele>2295.99</ele>
      </trkpt>
      <trkpt lon="7.32950138282154" lat="45.8544780910169">
        <ele>2293.98</ele>
      </trkpt>
      <trkpt lon="7.32944145014107" lat="45.8545180747869">
        <ele>2291.53</ele>
      </trkpt>
      <trkpt lon="7.32919150053802" lat="45.8547780484256">
        <ele>2280.61</ele>
      </trkpt>
      <trkpt lon="7.32918145805222" lat="45.8548080546477">
        <ele>2280.63</ele>
      </trkpt>
      <trkpt lon="7.32909138521799" lat="45.854878022222">
        <ele>2276.07</ele>
      </trkpt>
      <trkpt lon="7.32905141627184" lat="45.8549480902849">
        <ele>2273.09</ele>
      </trkpt>
      <trkpt lon="7.32900147984813" lat="45.8549080276694">
        <ele>2272.08</ele>
      </trkpt>
      <trkpt lon="7.32890145719717" lat="45.8546780402879">
        <ele>2262.93</ele>
      </trkpt>
      <trkpt lon="7.32885141343329" lat="45.8544480617249">
        <ele>2254.72</ele>
      </trkpt>
      <trkpt lon="7.32885144379397" lat="45.8543180945274">
        <ele>2250.34</ele>
      </trkpt>
      <trkpt lon="7.32878144780107" lat="45.8541780097263">
        <ele>2244.74</ele>
      </trkpt>
      <trkpt lon="7.32879148592215" lat="45.8540880603114">
        <ele>2243.01</ele>
      </trkpt>
      <trkpt lon="7.32877146821901" lat="45.853978048983">
        <ele>2238.02</ele>
      </trkpt>
      <trkpt lon="7.32872140559978" lat="45.8539980184502">
        <ele>2236.25</ele>
      </trkpt>
      <trkpt lon="7.3287114424833" lat="45.853948008747">
        <ele>2233.03</ele>
      </trkpt>
      <trkpt lon="7.32851144815947" lat="45.853998096971">
        <ele>2227.27</ele>
      </trkpt>
      <trkpt lon="7.3285214493764" lat="45.8539480207931">
        <ele>2225.33</ele>
      </trkpt>
      <trkpt lon="7.32841144911475" lat="45.8539780927138">
        <ele>2223.02</ele>
      </trkpt>
      <trkpt lon="7.32841140288576" lat="45.8539280497727">
        <ele>2220.02</ele>
      </trkpt>
      <trkpt lon="7.32836146646028" lat="45.8538880760483">
        <ele>2215.33</ele>
      </trkpt>
      <trkpt lon="7.32838138456298" lat="45.8538380527458">
        <ele>2214.25</ele>
      </trkpt>
      <trkpt lon="7.32835141187362" lat="45.8538280744232">
        <ele>2212.5</ele>
      </trkpt>
      <trkpt lon="7.32818143270257" lat="45.8538480871726">
        <ele>2206.23</ele>
      </trkpt>
      <trkpt lon="7.32797148240661" lat="45.8539080199951">
        <ele>2200.64</ele>
      </trkpt>
      <trkpt lon="7.32783143068366" lat="45.8539780648642">
        <ele>2195.75</ele>
      </trkpt>
      <trkpt lon="7.32779149983807" lat="45.8539480470459">
        <ele>2193.99</ele>
      </trkpt>
      <trkpt lon="7.32774142849129" lat="45.8538480384585">
        <ele>2189.5</ele>
      </trkpt>
      <trkpt lon="7.32770145518229" lat="45.8538580744373">
        <ele>2188.39</ele>
      </trkpt>
      <trkpt lon="7.32759145333741" lat="45.8538280226051">
        <ele>2182.66</ele>
      </trkpt>
      <trkpt lon="7.32752147043323" lat="45.8538680396117">
        <ele>2181.91</ele>
      </trkpt>
      <trkpt lon="7.32750147018341" lat="45.8539980760616">
        <ele>2180.78</ele>
      </trkpt>
      <trkpt lon="7.32751140075679" lat="45.8541480827548">
        <ele>2177.5</ele>
      </trkpt>
      <trkpt lon="7.32742141542218" lat="45.8542880743348">
        <ele>2175.28</ele>
      </trkpt>
      <trkpt lon="7.32734147316882" lat="45.8543680894854">
        <ele>2172.03</ele>
      </trkpt>
      <trkpt lon="7.32730142485514" lat="45.8545180818045">
        <ele>2171.64</ele>
      </trkpt>
      <trkpt lon="7.32712141013733" lat="45.8547780839">
        <ele>2164.92</ele>
      </trkpt>
      <trkpt lon="7.32713141789946" lat="45.8548180127915">
        <ele>2165.39</ele>
      </trkpt>
      <trkpt lon="7.32711149919936" lat="45.8548980979705">
        <ele>2164.99</ele>
      </trkpt>
      <trkpt lon="7.32695144226978" lat="45.8550680257442">
        <ele>2155.71</ele>
      </trkpt>
      <trkpt lon="7.32694144383237" lat="45.855118013031">
        <ele>2154.45</ele>
      </trkpt>
      <trkpt lon="7.32697145719487" lat="45.8551780370726">
        <ele>2152.52</ele>
      </trkpt>
      <trkpt lon="7.3270313991983" lat="45.8552280583722">
        <ele>2151.19</ele>
      </trkpt>
      <trkpt lon="7.32702148449309" lat="45.8552580645955">
        <ele>2150.63</ele>
      </trkpt>
      <trkpt lon="7.32691143958923" lat="45.8552980367678">
        <ele>2147.98</ele>
      </trkpt>
      <trkpt lon="7.32680148119542" lat="45.8553180278767">
        <ele>2146.98</ele>
      </trkpt>
      <trkpt lon="7.32651140292602" lat="45.8554380753413">
        <ele>2144.93</ele>
      </trkpt>
      <trkpt lon="7.32646142681681" lat="45.855438063745">
        <ele>2143.03</ele>
      </trkpt>
      <trkpt lon="7.32639135462461" lat="45.855498061815">
        <ele>2141.59</ele>
      </trkpt>
      <trkpt lon="7.32639140363309" lat="45.8555480158652">
        <ele>2143.6</ele>
      </trkpt>
      <trkpt lon="7.32626135074123" lat="45.8556880487243">
        <ele>2145.23</ele>
      </trkpt>
      <trkpt lon="7.32624130207999" lat="45.8557380692478">
        <ele>2144.91</ele>
      </trkpt>
      <trkpt lon="7.32617140231231" lat="45.8557880781763">
        <ele>2142.86</ele>
      </trkpt>
      <trkpt lon="7.32609132890477" lat="45.8558980635332">
        <ele>2140.48</ele>
      </trkpt>
      <trkpt lon="7.32608128582336" lat="45.8559580399628">
        <ele>2141.07</ele>
      </trkpt>
      <trkpt lon="7.32591139176744" lat="45.8561680547729">
        <ele>2134.6</ele>
      </trkpt>
      <trkpt lon="7.32591139394966" lat="45.8561980277583">
        <ele>2134.63</ele>
      </trkpt>
      <trkpt lon="7.32583140367691" lat="45.8563180939282">
        <ele>2131.44</ele>
      </trkpt>
      <trkpt lon="7.32577134301377" lat="45.8565080259592">
        <ele>2126.56</ele>
      </trkpt>
      <trkpt lon="7.32564128952608" lat="45.8566780318039">
        <ele>2119.42</ele>
      </trkpt>
      <trkpt lon="7.32552132693339" lat="45.8568981390221">
        <ele>2110.76</ele>
      </trkpt>
      <trkpt lon="7.32547134843811" lat="45.8570181943719">
        <ele>2106.76</ele>
      </trkpt>
      <trkpt lon="7.32549136118248" lat="45.8570981438239">
        <ele>2105.17</ele>
      </trkpt>
      <trkpt lon="7.32544134141848" lat="45.85719812644">
        <ele>2107.85</ele>
      </trkpt>
      <trkpt lon="7.32527131184376" lat="45.8573781654857">
        <ele>2105.84</ele>
      </trkpt>
      <trkpt lon="7.32518131440807" lat="45.8574281492186">
        <ele>2102.12</ele>
      </trkpt>
      <trkpt lon="7.3251814025047" lat="45.8574681141259">
        <ele>2103.52</ele>
      </trkpt>
      <trkpt lon="7.32512133093031" lat="45.8575081867857">
        <ele>2102.5</ele>
      </trkpt>
      <trkpt lon="7.32510132413688" lat="45.8575481264974">
        <ele>2102.77</ele>
      </trkpt>
      <trkpt lon="7.3250513837407" lat="45.857568184857">
        <ele>2100.85</ele>
      </trkpt>
      <trkpt lon="7.32501128145978" lat="45.8576381612497">
        <ele>2099.38</ele>
      </trkpt>
      <trkpt lon="7.32501128364195" lat="45.8576681342351">
        <ele>2099.41</ele>
      </trkpt>
      <trkpt lon="7.32512138231024" lat="45.8578581318078">
        <ele>2099.49</ele>
      </trkpt>
      <trkpt lon="7.32507131631565" lat="45.8579081603737">
        <ele>2097.02</ele>
      </trkpt>
      <trkpt lon="7.32509132965563" lat="45.8579581368405">
        <ele>2098.71</ele>
      </trkpt>
      <trkpt lon="7.32514139663931" lat="45.8579981133441">
        <ele>2099</ele>
      </trkpt>
      <trkpt lon="7.32512130333396" lat="45.8580581230106">
        <ele>2098</ele>
      </trkpt>
      <trkpt lon="7.32525132288123" lat="45.8581981889497">
        <ele>2093.1</ele>
      </trkpt>
      <trkpt lon="7.32530139363175" lat="45.8583281733009">
        <ele>2088.01</ele>
      </trkpt>
      <trkpt lon="7.32528138624082" lat="45.8583981748892">
        <ele>2084.16</ele>
      </trkpt>
      <trkpt lon="7.32529135372135" lat="45.8585081277857">
        <ele>2084.26</ele>
      </trkpt>
      <trkpt lon="7.32533128952684" lat="45.8585681158118">
        <ele>2082.18</ele>
      </trkpt>
      <trkpt lon="7.32542129072946" lat="45.8586081399264">
        <ele>2079.61</ele>
      </trkpt>
      <trkpt lon="7.32552138282892" lat="45.8586981709678">
        <ele>2075.61</ele>
      </trkpt>
      <trkpt lon="7.32552134254747" lat="45.8587681949727">
        <ele>2072.98</ele>
      </trkpt>
      <trkpt lon="7.32545131380758" lat="45.8588781470931">
        <ele>2069.9</ele>
      </trkpt>
      <trkpt lon="7.32548137617812" lat="45.8589881251853">
        <ele>2066.25</ele>
      </trkpt>
      <trkpt lon="7.32543139233105" lat="45.8589581406035">
        <ele>2065.9</ele>
      </trkpt>
      <trkpt lon="7.32534138775306" lat="45.8589481811433">
        <ele>2062.88</ele>
      </trkpt>
      <trkpt lon="7.32529136422199" lat="45.8589581586898">
        <ele>2060.35</ele>
      </trkpt>
      <trkpt lon="7.32530133110497" lat="45.859098173463">
        <ele>2055.14</ele>
      </trkpt>
      <trkpt lon="7.32536136616474" lat="45.8592181326557">
        <ele>2050.99</ele>
      </trkpt>
      <trkpt lon="7.3253612834214" lat="45.8593281187889">
        <ele>2047.94</ele>
      </trkpt>
      <trkpt lon="7.32549122578088" lat="45.8595781708616">
        <ele>2045.48</ele>
      </trkpt>
      <trkpt lon="7.32544124728702" lat="45.8596981345427">
        <ele>2040.05</ele>
      </trkpt>
      <trkpt lon="7.32561129153613" lat="45.8597581432762">
        <ele>2036.39</ele>
      </trkpt>
      <trkpt lon="7.32566119105343" lat="45.8598381680204">
        <ele>2035.16</ele>
      </trkpt>
      <trkpt lon="7.32566119422445" lat="45.8599581460756">
        <ele>2034.31</ele>
      </trkpt>
      <trkpt lon="7.32559124921672" lat="45.8600481171326">
        <ele>2031.21</ele>
      </trkpt>
      <trkpt lon="7.32556127751629" lat="45.8601281438797">
        <ele>2030.04</ele>
      </trkpt>
      <trkpt lon="7.32561117921561" lat="45.8602381443873">
        <ele>2027.69</ele>
      </trkpt>
      <trkpt lon="7.32558129561173" lat="45.860358133264">
        <ele>2028</ele>
      </trkpt>
      <trkpt lon="7.32550130038016" lat="45.8604481375577">
        <ele>2027.02</ele>
      </trkpt>
      <trkpt lon="7.32520127903006" lat="45.8606281614533">
        <ele>2022.51</ele>
      </trkpt>
      <trkpt lon="7.32511127822047" lat="45.8607081181718">
        <ele>2017.67</ele>
      </trkpt>
      <trkpt lon="7.3251212841915" lat="45.8608381438024">
        <ele>2019.37</ele>
      </trkpt>
      <trkpt lon="7.32510127402075" lat="45.860908234282">
        <ele>2019.3</ele>
      </trkpt>
      <trkpt lon="7.32504124153627" lat="45.86093822613">
        <ele>2018.02</ele>
      </trkpt>
      <trkpt lon="7.32502127382921" lat="45.8609682655901">
        <ele>2017.53</ele>
      </trkpt>
      <trkpt lon="7.32501123015166" lat="45.8610582150056">
        <ele>2016.57</ele>
      </trkpt>
      <trkpt lon="7.32495128417736" lat="45.86106822579">
        <ele>2016.85</ele>
      </trkpt>
      <trkpt lon="7.32484122379763" lat="45.8610482492134">
        <ele>2016.58</ele>
      </trkpt>
      <trkpt lon="7.32474125768984" lat="45.8610482260206">
        <ele>2015</ele>
      </trkpt>
      <trkpt lon="7.32469118673512" lat="45.8610682816011">
        <ele>2013.96</ele>
      </trkpt>
      <trkpt lon="7.32456129198816" lat="45.8610781667036">
        <ele>2010.98</ele>
      </trkpt>
      <trkpt lon="7.32428118894569" lat="45.8610581273644">
        <ele>2005.02</ele>
      </trkpt>
      <trkpt lon="7.32416121108265" lat="45.861068159789">
        <ele>2002.73</ele>
      </trkpt>
      <trkpt lon="7.32413119593146" lat="45.8610981408169">
        <ele>2002.44</ele>
      </trkpt>
      <trkpt lon="7.32400120911511" lat="45.8611281847652">
        <ele>1999.24</ele>
      </trkpt>
      <trkpt lon="7.32386118199656" lat="45.8612181162523">
        <ele>1996.92</ele>
      </trkpt>
      <trkpt lon="7.32378122148911" lat="45.8612381854319">
        <ele>1995.1</ele>
      </trkpt>
      <trkpt lon="7.32370122506585" lat="45.8613881329188">
        <ele>1992.87</ele>
      </trkpt>
      <trkpt lon="7.32370126295908" lat="45.8614382647514">
        <ele>1993.48</ele>
      </trkpt>
      <trkpt lon="7.32360129903522" lat="45.8614681200973">
        <ele>1990.35</ele>
      </trkpt>
      <trkpt lon="7.32358119799007" lat="45.8614982484473">
        <ele>1990.96</ele>
      </trkpt>
      <trkpt lon="7.32346130544567" lat="45.8615482430016">
        <ele>1990</ele>
      </trkpt>
      <trkpt lon="7.32344120718018" lat="45.8615782796826">
        <ele>1991.49</ele>
      </trkpt>
      <trkpt lon="7.32333123489693" lat="45.8615982680135">
        <ele>1990.93</ele>
      </trkpt>
      <trkpt lon="7.32329130067797" lat="45.8615982204025">
        <ele>1989.95</ele>
      </trkpt>
      <trkpt lon="7.32319124925345" lat="45.8615581406333">
        <ele>1986.58</ele>
      </trkpt>
      <trkpt lon="7.32301119724461" lat="45.861458108561">
        <ele>1980.17</ele>
      </trkpt>
      <trkpt lon="7.32304125485779" lat="45.8613881654048">
        <ele>1977.25</ele>
      </trkpt>
      <trkpt lon="7.32311129351777" lat="45.8613381620332">
        <ele>1974.97</ele>
      </trkpt>
      <trkpt lon="7.32308127678035" lat="45.8613081970899">
        <ele>1972.94</ele>
      </trkpt>
      <trkpt lon="7.32294120522068" lat="45.8612581694568">
        <ele>1969</ele>
      </trkpt>
      <trkpt lon="7.32289122077794" lat="45.8612581550825">
        <ele>1969.74</ele>
      </trkpt>
      <trkpt lon="7.32270124612119" lat="45.861308198958">
        <ele>1970</ele>
      </trkpt>
      <trkpt lon="7.32244930628593" lat="45.8613539143443">
        <ele>1970</ele>
      </trkpt>
      <trkpt lon="7.32232649131046" lat="45.8614111534991">
        <ele>1970.06</ele>
      </trkpt>
      <trkpt lon="7.32211561219951" lat="45.861522184836">
        <ele>1971.52</ele>
      </trkpt>
      <trkpt lon="7.32196947328844" lat="45.8616395669628">
        <ele>1971.09</ele>
      </trkpt>
      <trkpt lon="7.32184119863799" lat="45.8617581992948">
        <ele>1971.93</ele>
      </trkpt>
      <trkpt lon="7.3217611984482" lat="45.8618181389339">
        <ele>1971.29</ele>
      </trkpt>
      <trkpt lon="7.32174114145307" lat="45.8618681566797">
        <ele>1973.36</ele>
      </trkpt>
      <trkpt lon="7.32166117975398" lat="45.8619481690525">
        <ele>1972.37</ele>
      </trkpt>
      <trkpt lon="7.32160114726952" lat="45.8619781581226">
        <ele>1972</ele>
      </trkpt>
      <trkpt lon="7.32144118200519" lat="45.8621481692333">
        <ele>1972.12</ele>
      </trkpt>
      <trkpt lon="7.32132119500974" lat="45.8623381201287">
        <ele>1971.79</ele>
      </trkpt>
      <trkpt lon="7.3213011731298" lat="45.862438272485">
        <ele>1972.97</ele>
      </trkpt>
      <trkpt lon="7.32113120347917" lat="45.8625382900495">
        <ele>1966.84</ele>
      </trkpt>
      <trkpt lon="7.32100107756766" lat="45.8627182794817">
        <ele>1966.66</ele>
      </trkpt>
      <trkpt lon="7.32091111029054" lat="45.8627882442794">
        <ele>1965.83</ele>
      </trkpt>
      <trkpt lon="7.32076168660267" lat="45.8628348301269">
        <ele>1964.74</ele>
      </trkpt>
      <trkpt lon="7.32064973292607" lat="45.8628947472331">
        <ele>1963.12</ele>
      </trkpt>
      <trkpt lon="7.3205470657429" lat="45.8629458030927">
        <ele>1962.82</ele>
      </trkpt>
      <trkpt lon="7.32050773959328" lat="45.8629597141765">
        <ele>1962.49</ele>
      </trkpt>
      <trkpt lon="7.32045524638114" lat="45.8629788335984">
        <ele>1961.73</ele>
      </trkpt>
      <trkpt lon="7.32039343609778" lat="45.8630078976277">
        <ele>1961.16</ele>
      </trkpt>
      <trkpt lon="7.32034225682119" lat="45.8630261364845">
        <ele>1959.9</ele>
      </trkpt>
      <trkpt lon="7.32028851908186" lat="45.8630480281872">
        <ele>1959.09</ele>
      </trkpt>
      <trkpt lon="7.32026199038113" lat="45.8630648283576">
        <ele>1959.04</ele>
      </trkpt>
      <trkpt lon="7.32023528925576" lat="45.8630916176697">
        <ele>1958.44</ele>
      </trkpt>
      <trkpt lon="7.32014154199163" lat="45.8631287621504">
        <ele>1957.09</ele>
      </trkpt>
      <trkpt lon="7.32002693829273" lat="45.8631868402951">
        <ele>1954.39</ele>
      </trkpt>
      <trkpt lon="7.31996441919346" lat="45.8632393854711">
        <ele>1952.66</ele>
      </trkpt>
      <trkpt lon="7.31989927222305" lat="45.8632936917775">
        <ele>1951.24</ele>
      </trkpt>
      <trkpt lon="7.31985534826551" lat="45.8633319284362">
        <ele>1950.74</ele>
      </trkpt>
      <trkpt lon="7.31981783276203" lat="45.863371248518">
        <ele>1950.52</ele>
      </trkpt>
      <trkpt lon="7.31978845381809" lat="45.8633970988912">
        <ele>1949.9</ele>
      </trkpt>
      <trkpt lon="7.31975722800696" lat="45.8634030292948">
        <ele>1949.86</ele>
      </trkpt>
      <trkpt lon="7.31968054842405" lat="45.8634082009046">
        <ele>1949.21</ele>
      </trkpt>
      <trkpt lon="7.31960016608957" lat="45.8634079195618">
        <ele>1948.02</ele>
      </trkpt>
      <trkpt lon="7.3195522372439" lat="45.8634081135461">
        <ele>1947.47</ele>
      </trkpt>
      <trkpt lon="7.31953404836095" lat="45.8633875045114">
        <ele>1947</ele>
      </trkpt>
      <trkpt lon="7.31945106773752" lat="45.8632982597666">
        <ele>1942.29</ele>
      </trkpt>
      <trkpt lon="7.31937098064314" lat="45.863258288527">
        <ele>1940.14</ele>
      </trkpt>
      <trkpt lon="7.31928288266833" lat="45.8631977694642">
        <ele>1937</ele>
      </trkpt>
      <trkpt lon="7.31921107372638" lat="45.8631481980605">
        <ele>1935.1</ele>
      </trkpt>
      <trkpt lon="7.31915917630129" lat="45.8631004518964">
        <ele>1933.34</ele>
      </trkpt>
      <trkpt lon="7.31915917630129" lat="45.8631004518964">
        <ele>1933.34</ele>
      </trkpt>
      <trkpt lon="7.31913340764155" lat="45.8630322082417">
        <ele>1930.9</ele>
      </trkpt>
      <trkpt lon="7.31914278629048" lat="45.8629988630391">
        <ele>1930.79</ele>
      </trkpt>
      <trkpt lon="7.31917682898924" lat="45.8629849630154">
        <ele>1931</ele>
      </trkpt>
      <trkpt lon="7.31931236947619" lat="45.8629162125798">
        <ele>1930.19</ele>
      </trkpt>
      <trkpt lon="7.31929336135449" lat="45.8628843421393">
        <ele>1929.76</ele>
      </trkpt>
      <trkpt lon="7.31925208599962" lat="45.8628561021307">
        <ele>1928.94</ele>
      </trkpt>
      <trkpt lon="7.3192002432312" lat="45.8628536293424">
        <ele>1928</ele>
      </trkpt>
      <trkpt lon="7.31908182939353" lat="45.862858547763">
        <ele>1927</ele>
      </trkpt>
      <trkpt lon="7.3189497564903" lat="45.8628850443784">
        <ele>1926</ele>
      </trkpt>
      <trkpt lon="7.31884272272381" lat="45.8629270332979">
        <ele>1925</ele>
      </trkpt>
      <trkpt lon="7.31876005314376" lat="45.8629812616545">
        <ele>1923</ele>
      </trkpt>
      <trkpt lon="7.31866400229633" lat="45.8630563515236">
        <ele>1920.34</ele>
      </trkpt>
      <trkpt lon="7.31836569029915" lat="45.8631869713997">
        <ele>1914</ele>
      </trkpt>
      <trkpt lon="7.31821935783933" lat="45.8632590718158">
        <ele>1912.04</ele>
      </trkpt>
      <trkpt lon="7.31798039798528" lat="45.8633481689881">
        <ele>1910.42</ele>
      </trkpt>
      <trkpt lon="7.31767881190061" lat="45.8634292347926">
        <ele>1907.55</ele>
      </trkpt>
      <trkpt lon="7.31743741943481" lat="45.8634793226145">
        <ele>1906</ele>
      </trkpt>
      <trkpt lon="7.31731488328289" lat="45.8634842687735">
        <ele>1904.86</ele>
      </trkpt>
      <trkpt lon="7.31719863943477" lat="45.863464194912">
        <ele>1901.97</ele>
      </trkpt>
      <trkpt lon="7.31707552258578" lat="45.8634756106746">
        <ele>1900.18</ele>
      </trkpt>
      <trkpt lon="7.31698289485155" lat="45.8635097078663">
        <ele>1898.67</ele>
      </trkpt>
      <trkpt lon="7.31690539155203" lat="45.8635891230255">
        <ele>1897</ele>
      </trkpt>
      <trkpt lon="7.31684688763579" lat="45.8635810611413">
        <ele>1896.06</ele>
      </trkpt>
      <trkpt lon="7.31682738802111" lat="45.8635399099041">
        <ele>1894.86</ele>
      </trkpt>
      <trkpt lon="7.31683346302138" lat="45.8634069704663">
        <ele>1890.85</ele>
      </trkpt>
      <trkpt lon="7.31681503156416" lat="45.8632920312491">
        <ele>1886.1</ele>
      </trkpt>
      <trkpt lon="7.31674618254516" lat="45.8631658190334">
        <ele>1881.18</ele>
      </trkpt>
      <trkpt lon="7.31675025862409" lat="45.8631161039179">
        <ele>1880.05</ele>
      </trkpt>
      <trkpt lon="7.31675025862409" lat="45.8631161039179">
        <ele>1880.05</ele>
      </trkpt>
      <trkpt lon="7.31664926287445" lat="45.8630689850712">
        <ele>1878.71</ele>
      </trkpt>
      <trkpt lon="7.31659175163809" lat="45.8630110719271">
        <ele>1878.87</ele>
      </trkpt>
      <trkpt lon="7.316569374068" lat="45.862975640252">
        <ele>1877.96</ele>
      </trkpt>
      <trkpt lon="7.31654420723833" lat="45.862955739501">
        <ele>1876.94</ele>
      </trkpt>
      <trkpt lon="7.31651945449275" lat="45.8629264829601">
        <ele>1874.96</ele>
      </trkpt>
      <trkpt lon="7.31650214616859" lat="45.8629066961771">
        <ele>1874.26</ele>
      </trkpt>
      <trkpt lon="7.31648636522085" lat="45.8629088016332">
        <ele>1873.66</ele>
      </trkpt>
      <trkpt lon="7.31647496197669" lat="45.8629195267956">
        <ele>1873.22</ele>
      </trkpt>
      <trkpt lon="7.3164592282826" lat="45.8629201044354">
        <ele>1872.9</ele>
      </trkpt>
      <trkpt lon="7.31643289188984" lat="45.8629048649029">
        <ele>1871.96</ele>
      </trkpt>
      <trkpt lon="7.31641560580452" lat="45.8628842669883">
        <ele>1870.97</ele>
      </trkpt>
      <trkpt lon="7.31638138665015" lat="45.8628314708673">
        <ele>1869</ele>
      </trkpt>
      <trkpt lon="7.31636799267463" lat="45.8627929308669">
        <ele>1868</ele>
      </trkpt>
      <trkpt lon="7.3163489429409" lat="45.8627582686882">
        <ele>1867.84</ele>
      </trkpt>
      <trkpt lon="7.31630456237594" lat="45.8627091892298">
        <ele>1866.15</ele>
      </trkpt>
      <trkpt lon="7.31625862664004" lat="45.862639028664">
        <ele>1863.64</ele>
      </trkpt>
      <trkpt lon="7.31623362136883" lat="45.8625968079017">
        <ele>1861.98</ele>
      </trkpt>
      <trkpt lon="7.31620847955407" lat="45.8625761849102">
        <ele>1861.75</ele>
      </trkpt>
      <trkpt lon="7.31619237684409" lat="45.8625547953204">
        <ele>1860.66</ele>
      </trkpt>
      <trkpt lon="7.31617705193248" lat="45.8625332390671">
        <ele>1859.89</ele>
      </trkpt>
      <trkpt lon="7.31615919930229" lat="45.8625058826417">
        <ele>1858.97</ele>
      </trkpt>
      <trkpt lon="7.31613891893951" lat="45.8624735427324">
        <ele>1857.53</ele>
      </trkpt>
      <trkpt lon="7.31610966053968" lat="45.8624442194795">
        <ele>1856.58</ele>
      </trkpt>
      <trkpt lon="7.31608805503874" lat="45.8624173491411">
        <ele>1855.49</ele>
      </trkpt>
      <trkpt lon="7.31607458879111" lat="45.8623812369796">
        <ele>1854.06</ele>
      </trkpt>
      <trkpt lon="7.3160601392208" lat="45.8623434914337">
        <ele>1853.03</ele>
      </trkpt>
      <trkpt lon="7.31603203092487" lat="45.8623102264249">
        <ele>1851.89</ele>
      </trkpt>
      <trkpt lon="7.31602204522848" lat="45.8622782171796">
        <ele>1851.05</ele>
      </trkpt>
      <trkpt lon="7.31600457585409" lat="45.8622551886458">
        <ele>1850.84</ele>
      </trkpt>
      <trkpt lon="7.31601658220056" lat="45.8622288130906">
        <ele>1849.26</ele>
      </trkpt>
      <trkpt lon="7.3159910713699" lat="45.8621862228696">
        <ele>1848.15</ele>
      </trkpt>
      <trkpt lon="7.31598121850154" lat="45.8621797781654">
        <ele>1848</ele>
      </trkpt>
      <trkpt lon="7.31596338558464" lat="45.8621389213963">
        <ele>1846.74</ele>
      </trkpt>
      <trkpt lon="7.31597541416989" lat="45.8621117374875">
        <ele>1845.31</ele>
      </trkpt>
      <trkpt lon="7.31595836435468" lat="45.862083406045">
        <ele>1844.47</ele>
      </trkpt>
      <trkpt lon="7.31593209214931" lat="45.8620532244658">
        <ele>1843.01</ele>
      </trkpt>
      <trkpt lon="7.31589915896242" lat="45.8620090869111">
        <ele>1841.78</ele>
      </trkpt>
      <trkpt lon="7.31586472855455" lat="45.8619632159644">
        <ele>1840.65</ele>
      </trkpt>
      <trkpt lon="7.31581202814092" lat="45.8619251783732">
        <ele>1840</ele>
      </trkpt>
      <trkpt lon="7.31579288103258" lat="45.8618980719416">
        <ele>1839.23</ele>
      </trkpt>
      <trkpt lon="7.31574814744943" lat="45.8618606899999">
        <ele>1838.47</ele>
      </trkpt>
      <trkpt lon="7.31570996669277" lat="45.8618281749125">
        <ele>1837.43</ele>
      </trkpt>
      <trkpt lon="7.31567811917017" lat="45.8618077240827">
        <ele>1836.58</ele>
      </trkpt>
      <trkpt lon="7.31567298320959" lat="45.8617944181384">
        <ele>1836.06</ele>
      </trkpt>
      <trkpt lon="7.31569337830299" lat="45.8617845486406">
        <ele>1835.28</ele>
      </trkpt>
      <trkpt lon="7.31571155944289" lat="45.8617754569188">
        <ele>1834.56</ele>
      </trkpt>
      <trkpt lon="7.31571708784463" lat="45.8617502452193">
        <ele>1833.35</ele>
      </trkpt>
      <trkpt lon="7.31568564632312" lat="45.8617078382787">
        <ele>1831.83</ele>
      </trkpt>
      <trkpt lon="7.31566279898871" lat="45.8616879708844">
        <ele>1830.94</ele>
      </trkpt>
      <trkpt lon="7.31563561277956" lat="45.861662547751">
        <ele>1829.92</ele>
      </trkpt>
      <trkpt lon="7.31560403488445" lat="45.8616331911414">
        <ele>1829.03</ele>
      </trkpt>
      <trkpt lon="7.31555107621421" lat="45.8615910062199">
        <ele>1827.65</ele>
      </trkpt>
      <trkpt lon="7.31549366150247" lat="45.8615682884175">
        <ele>1827.43</ele>
      </trkpt>
      <trkpt lon="7.31545310279248" lat="45.8615419484642">
        <ele>1826.05</ele>
      </trkpt>
      <trkpt lon="7.31544576964026" lat="45.8615246507304">
        <ele>1826.02</ele>
      </trkpt>
      <trkpt lon="7.31540733315426" lat="45.8615005914113">
        <ele>1825.62</ele>
      </trkpt>
      <trkpt lon="7.31537492969712" lat="45.8614985827124">
        <ele>1825.7</ele>
      </trkpt>
      <trkpt lon="7.31534325408914" lat="45.861493796172">
        <ele>1826.15</ele>
      </trkpt>
      <trkpt lon="7.3153186733441" lat="45.8614758815884">
        <ele>1825.79</ele>
      </trkpt>
      <trkpt lon="7.31528531234145" lat="45.8614331773994">
        <ele>1824.79</ele>
      </trkpt>
      <trkpt lon="7.31525825408284" lat="45.8613992068273">
        <ele>1823.23</ele>
      </trkpt>
      <trkpt lon="7.31519774258569" lat="45.8613510605695">
        <ele>1822.28</ele>
      </trkpt>
      <trkpt lon="7.31515277550841" lat="45.8613215066028">
        <ele>1820.96</ele>
      </trkpt>
      <trkpt lon="7.3151300504777" lat="45.8612976779977">
        <ele>1819.7</ele>
      </trkpt>
      <trkpt lon="7.31510139736752" lat="45.8612824051085">
        <ele>1819.87</ele>
      </trkpt>
      <trkpt lon="7.3150808807328" lat="45.8612578903962">
        <ele>1818.53</ele>
      </trkpt>
      <trkpt lon="7.31506352515494" lat="45.8612396342073">
        <ele>1818.05</ele>
      </trkpt>
      <trkpt lon="7.31503206678387" lat="45.8612064080559">
        <ele>1817.49</ele>
      </trkpt>
      <trkpt lon="7.31502006128384" lat="45.8611902103047">
        <ele>1817.22</ele>
      </trkpt>
      <trkpt lon="7.31501737580466" lat="45.8611554260596">
        <ele>1816.3</ele>
      </trkpt>
      <trkpt lon="7.31499150361513" lat="45.8611248944755">
        <ele>1816.1</ele>
      </trkpt>
      <trkpt lon="7.3149870511156" lat="45.8611059272826">
        <ele>1815.71</ele>
      </trkpt>
      <trkpt lon="7.31498083218809" lat="45.8610729819389">
        <ele>1814.31</ele>
      </trkpt>
      <trkpt lon="7.31497026570869" lat="45.8610517646294">
        <ele>1814.37</ele>
      </trkpt>
      <trkpt lon="7.31496949650325" lat="45.8610388837383">
        <ele>1813.86</ele>
      </trkpt>
      <trkpt lon="7.31496053556987" lat="45.8610199387245">
        <ele>1813.19</ele>
      </trkpt>
      <trkpt lon="7.31493803813399" lat="45.8610055659179">
        <ele>1813.29</ele>
      </trkpt>
      <trkpt lon="7.31492368846028" lat="45.8609731316194">
        <ele>1812.1</ele>
      </trkpt>
      <trkpt lon="7.31489491372289" lat="45.8609277940746">
        <ele>1810.63</ele>
      </trkpt>
      <trkpt lon="7.31486772751368" lat="45.860902373719">
        <ele>1809.93</ele>
      </trkpt>
      <trkpt lon="7.31485078020659" lat="45.8608877204036">
        <ele>1809.34</ele>
      </trkpt>
      <trkpt lon="7.31484108856021" lat="45.8608758783413">
        <ele>1809.08</ele>
      </trkpt>
      <trkpt lon="7.31482378301566" lat="45.8608560026673">
        <ele>1808.69</ele>
      </trkpt>
      <trkpt lon="7.31479983569478" lat="45.8608342268804">
        <ele>1808.22</ele>
      </trkpt>
      <trkpt lon="7.31478605256412" lat="45.8608086427618">
        <ele>1807.61</ele>
      </trkpt>
      <trkpt lon="7.31476413902729" lat="45.8607664664751">
        <ele>1806.34</ele>
      </trkpt>
      <trkpt lon="7.3147572033691" lat="45.8607359406305">
        <ele>1805.79</ele>
      </trkpt>
      <trkpt lon="7.31475913203546" lat="45.8606933978993">
        <ele>1803.42</ele>
      </trkpt>
      <trkpt lon="7.31474236852558" lat="45.8606556162189">
        <ele>1802.79</ele>
      </trkpt>
      <trkpt lon="7.31473718017616" lat="45.8606226875523">
        <ele>1801.52</ele>
      </trkpt>
      <trkpt lon="7.31473966687677" lat="45.8605958118921">
        <ele>1801</ele>
      </trkpt>
      <trkpt lon="7.31474065921828" lat="45.8605629749544">
        <ele>1800</ele>
      </trkpt>
      <trkpt lon="7.31472286235057" lat="45.8605252710439">
        <ele>1799.59</ele>
      </trkpt>
      <trkpt lon="7.31469808997764" lat="45.8605051925144">
        <ele>1799.58</ele>
      </trkpt>
      <trkpt lon="7.31467184834633" lat="45.8604741136906">
        <ele>1799.2</ele>
      </trkpt>
      <trkpt lon="7.31465391519097" lat="45.8604451377787">
        <ele>1798.82</ele>
      </trkpt>
      <trkpt lon="7.31461548772026" lat="45.8603867859199">
        <ele>1797.43</ele>
      </trkpt>
      <trkpt lon="7.31459867695661" lat="45.8603505376115">
        <ele>1796.13</ele>
      </trkpt>
      <trkpt lon="7.31458653584715" lat="45.8603089531015">
        <ele>1795.13</ele>
      </trkpt>
      <trkpt lon="7.31456802545245" lat="45.8602522487001">
        <ele>1793.92</ele>
      </trkpt>
      <trkpt lon="7.31454511208339" lat="45.8602005166049">
        <ele>1792.9</ele>
      </trkpt>
      <trkpt lon="7.31453915974964" lat="45.8601715352536">
        <ele>1792.08</ele>
      </trkpt>
      <trkpt lon="7.31452808796306" lat="45.8601372592734">
        <ele>1791.44</ele>
      </trkpt>
      <trkpt lon="7.31453553592813" lat="45.860108208606">
        <ele>1791</ele>
      </trkpt>
      <trkpt lon="7.31453164180276" lat="45.8600878108265">
        <ele>1790</ele>
      </trkpt>
      <trkpt lon="7.31452857315179" lat="45.8600444708043">
        <ele>1789.39</ele>
      </trkpt>
      <trkpt lon="7.31450946790779" lat="45.8600074668989">
        <ele>1788.78</ele>
      </trkpt>
      <trkpt lon="7.31452071339121" lat="45.8599677604414">
        <ele>1788</ele>
      </trkpt>
      <trkpt lon="7.31453791196889" lat="45.8599187815833">
        <ele>1787.3</ele>
      </trkpt>
      <trkpt lon="7.31454944097798" lat="45.859869716557">
        <ele>1785.99</ele>
      </trkpt>
      <trkpt lon="7.31455736207921" lat="45.8597952202925">
        <ele>1784.87</ele>
      </trkpt>
      <trkpt lon="7.31455929672892" lat="45.8597311631246">
        <ele>1783.02</ele>
      </trkpt>
      <trkpt lon="7.31456983415695" lat="45.8596766840619">
        <ele>1781.48</ele>
      </trkpt>
      <trkpt lon="7.31458721905915" lat="45.8596171771598">
        <ele>1779.87</ele>
      </trkpt>
      <trkpt lon="7.31461014212522" lat="45.8596003241754">
        <ele>1779.79</ele>
      </trkpt>
      <trkpt lon="7.31461523984737" lat="45.8595808681739">
        <ele>1779.1</ele>
      </trkpt>
      <trkpt lon="7.31465883951682" lat="45.8595064472576">
        <ele>1777.42</ele>
      </trkpt>
      <trkpt lon="7.31468654072837" lat="45.8594764328732">
        <ele>1776.88</ele>
      </trkpt>
      <trkpt lon="7.31470485251256" lat="45.8594630215984">
        <ele>1776.54</ele>
      </trkpt>
      <trkpt lon="7.31471073055864" lat="45.8594560881455">
        <ele>1776.51</ele>
      </trkpt>
      <trkpt lon="7.31470981959038" lat="45.85944788515">
        <ele>1776.18</ele>
      </trkpt>
      <trkpt lon="7.31468890546168" lat="45.8594365957707">
        <ele>1775.55</ele>
      </trkpt>
      <trkpt lon="7.31464436569023" lat="45.8594312590915">
        <ele>1774.46</ele>
      </trkpt>
      <trkpt lon="7.31460854544511" lat="45.8594315393066">
        <ele>1773.83</ele>
      </trkpt>
      <trkpt lon="7.31458530061674" lat="45.8594248972452">
        <ele>1772.89</ele>
      </trkpt>
      <trkpt lon="7.3145825648483" lat="45.8594046050353">
        <ele>1771.98</ele>
      </trkpt>
      <trkpt lon="7.31459404036449" lat="45.859391452034">
        <ele>1771.33</ele>
      </trkpt>
      <trkpt lon="7.31459209359704" lat="45.8593664013772">
        <ele>1769.85</ele>
      </trkpt>
      <trkpt lon="7.31457803275409" lat="45.8593372116086">
        <ele>1768.54</ele>
      </trkpt>
      <trkpt lon="7.31456489947305" lat="45.8593199165963">
        <ele>1767.91</ele>
      </trkpt>
      <trkpt lon="7.31454677982493" lat="45.8593099300551">
        <ele>1767.12</ele>
      </trkpt>
      <trkpt lon="7.31453583809039" lat="45.859301126947">
        <ele>1766.8</ele>
      </trkpt>
      <trkpt lon="7.31453057426512" lat="45.859292048887">
        <ele>1766.39</ele>
      </trkpt>
      <trkpt lon="7.31453759963549" lat="45.8592812625694">
        <ele>1766.13</ele>
      </trkpt>
      <trkpt lon="7.31455320866854" lat="45.859263492824">
        <ele>1765.17</ele>
      </trkpt>
      <trkpt lon="7.31458932078002" lat="45.8592534929198">
        <ele>1764.58</ele>
      </trkpt>
      <trkpt lon="7.31459838220591" lat="45.8592477761955">
        <ele>1764.25</ele>
      </trkpt>
      <trkpt lon="7.31459803230737" lat="45.8592422816077">
        <ele>1763.95</ele>
      </trkpt>
      <trkpt lon="7.3145893961699" lat="45.8592339646455">
        <ele>1763.5</ele>
      </trkpt>
      <trkpt lon="7.31454901779575" lat="45.8592188777584">
        <ele>1762.69</ele>
      </trkpt>
      <trkpt lon="7.31453127028501" lat="45.8592135746733">
        <ele>1761.85</ele>
      </trkpt>
      <trkpt lon="7.31451457828318" lat="45.8592117966883">
        <ele>1761.32</ele>
      </trkpt>
      <trkpt lon="7.31449863923299" lat="45.8592021129537">
        <ele>1760.83</ele>
      </trkpt>
      <trkpt lon="7.31448632510479" lat="45.8592004016795">
        <ele>1760.49</ele>
      </trkpt>
      <trkpt lon="7.3144685107953" lat="45.8592016682056">
        <ele>1760</ele>
      </trkpt>
      <trkpt lon="7.31445805777423" lat="45.8592022347852">
        <ele>1759.93</ele>
      </trkpt>
      <trkpt lon="7.31445011882597" lat="45.8591963567807">
        <ele>1759.65</ele>
      </trkpt>
      <trkpt lon="7.31444533554357" lat="45.8591884537553">
        <ele>1759.16</ele>
      </trkpt>
      <trkpt lon="7.31444136906198" lat="45.8591747144781">
        <ele>1758.29</ele>
      </trkpt>
      <trkpt lon="7.31445072513197" lat="45.8591592836204">
        <ele>1757.71</ele>
      </trkpt>
      <trkpt lon="7.31445656990665" lat="45.8591491973092">
        <ele>1757.42</ele>
      </trkpt>
      <trkpt lon="7.31445816467409" lat="45.8591347302897">
        <ele>1757.05</ele>
      </trkpt>
      <trkpt lon="7.31444737582083" lat="45.8591208909437">
        <ele>1756.28</ele>
      </trkpt>
      <trkpt lon="7.31442840635634" lat="45.8591007180237">
        <ele>1755.07</ele>
      </trkpt>
      <trkpt lon="7.31441482849762" lat="45.8590896287207">
        <ele>1754.48</ele>
      </trkpt>
      <trkpt lon="7.31440258664156" lat="45.8590854868298">
        <ele>1754.12</ele>
      </trkpt>
      <trkpt lon="7.31438232497032" lat="45.8590910395523">
        <ele>1753.52</ele>
      </trkpt>
      <trkpt lon="7.31436492727402" lat="45.8590954617183">
        <ele>1752.84</ele>
      </trkpt>
      <trkpt lon="7.31435591596554" lat="45.8590953282941">
        <ele>1752.5</ele>
      </trkpt>
      <trkpt lon="7.31434303790566" lat="45.8590951392754">
        <ele>1752</ele>
      </trkpt>
      <trkpt lon="7.31433712953594" lat="45.8590903724301">
        <ele>1751.76</ele>
      </trkpt>
      <trkpt lon="7.31433739916523" lat="45.8590813749814">
        <ele>1751.76</ele>
      </trkpt>
      <trkpt lon="7.31434008010157" lat="45.8590652134848">
        <ele>1751.17</ele>
      </trkpt>
      <trkpt lon="7.31432763288944" lat="45.8590508074416">
        <ele>1749.88</ele>
      </trkpt>
      <trkpt lon="7.31432025248355" lat="45.859035037524">
        <ele>1749.04</ele>
      </trkpt>
      <trkpt lon="7.31432293333755" lat="45.8590230177995">
        <ele>1749.12</ele>
      </trkpt>
      <trkpt lon="7.314325883565" lat="45.8590148703985">
        <ele>1748.77</ele>
      </trkpt>
      <trkpt lon="7.31433287557986" lat="45.8590051618858">
        <ele>1748.49</ele>
      </trkpt>
      <trkpt lon="7.31432785392395" lat="45.8589710665245">
        <ele>1746.37</ele>
      </trkpt>
      <trkpt lon="7.31432758472053" lat="45.8589586412055">
        <ele>1745.65</ele>
      </trkpt>
      <trkpt lon="7.31433271579999" lat="45.8589380157301">
        <ele>1745.11</ele>
      </trkpt>
      <trkpt lon="7.31432709416136" lat="45.8589023814349">
        <ele>1743.94</ele>
      </trkpt>
      <trkpt lon="7.31432258606745" lat="45.8588853031785">
        <ele>1743.33</ele>
      </trkpt>
      <trkpt lon="7.31432826406265" lat="45.8588807058943">
        <ele>1743.07</ele>
      </trkpt>
      <trkpt lon="7.31435738971671" lat="45.8588803256117">
        <ele>1742.71</ele>
      </trkpt>
      <trkpt lon="7.31437236532383" lat="45.8588665059607">
        <ele>1742.04</ele>
      </trkpt>
      <trkpt lon="7.3143878579507" lat="45.8588355025439">
        <ele>1740.52</ele>
      </trkpt>
      <trkpt lon="7.31440421715583" lat="45.8588099131622">
        <ele>1739.97</ele>
      </trkpt>
      <trkpt lon="7.3144061538211" lat="45.8587841986374">
        <ele>1739</ele>
      </trkpt>
      <trkpt lon="7.31440259325461" lat="45.8587528255818">
        <ele>1737.92</ele>
      </trkpt>
      <trkpt lon="7.31438229343083" lat="45.8587212940263">
        <ele>1736.25</ele>
      </trkpt>
      <trkpt lon="7.31436739355357" lat="45.8586984821898">
        <ele>1734.93</ele>
      </trkpt>
      <trkpt lon="7.31435032427918" lat="45.8586708674321">
        <ele>1733.63</ele>
      </trkpt>
      <trkpt lon="7.31431004327968" lat="45.8586482220202">
        <ele>1733.18</ele>
      </trkpt>
      <trkpt lon="7.31427967891003" lat="45.8586385020336">
        <ele>1731.67</ele>
      </trkpt>
      <trkpt lon="7.31424410596944" lat="45.8586349182638">
        <ele>1731.3</ele>
      </trkpt>
      <trkpt lon="7.31417772096558" lat="45.858644828983">
        <ele>1731.11</ele>
      </trkpt>
      <trkpt lon="7.31411380547456" lat="45.8586540563755">
        <ele>1730.25</ele>
      </trkpt>
      <trkpt lon="7.31406194855056" lat="45.8586649922618">
        <ele>1728.32</ele>
      </trkpt>
      <trkpt lon="7.31401198095228" lat="45.8586560637718">
        <ele>1727.54</ele>
      </trkpt>
      <trkpt lon="7.31392466581827" lat="45.8586212037035">
        <ele>1726.8</ele>
      </trkpt>
      <trkpt lon="7.31389007418658" lat="45.8585808190062">
        <ele>1725.83</ele>
      </trkpt>
      <trkpt lon="7.31383379635521" lat="45.858520675262">
        <ele>1724.93</ele>
      </trkpt>
      <trkpt lon="7.31379491032457" lat="45.8584732070094">
        <ele>1724.77</ele>
      </trkpt>
      <trkpt lon="7.31375442944235" lat="45.8584444392174">
        <ele>1724.06</ele>
      </trkpt>
      <trkpt lon="7.31369117349432" lat="45.8583935511967">
        <ele>1722.67</ele>
      </trkpt>
      <trkpt lon="7.3136429814252" lat="45.8583599859855">
        <ele>1721.76</ele>
      </trkpt>
      <trkpt lon="7.31360791724958" lat="45.8583352572378">
        <ele>1721.38</ele>
      </trkpt>
      <trkpt lon="7.31355048307695" lat="45.8583133477893">
        <ele>1721.34</ele>
      </trkpt>
      <trkpt lon="7.31351864945069" lat="45.8582925386172">
        <ele>1721.02</ele>
      </trkpt>
      <trkpt lon="7.31348680782377" lat="45.8582549845742">
        <ele>1720.01</ele>
      </trkpt>
      <trkpt lon="7.31346408557082" lat="45.8582311587471">
        <ele>1718.81</ele>
      </trkpt>
      <trkpt lon="7.31346141929485" lat="45.8582085275894">
        <ele>1717.45</ele>
      </trkpt>
      <trkpt lon="7.31348504493758" lat="45.8582025748894">
        <ele>1717.11</ele>
      </trkpt>
      <trkpt lon="7.31350954263375" lat="45.8582060863276">
        <ele>1716.68</ele>
      </trkpt>
      <trkpt lon="7.31353024550892" lat="45.858224303659">
        <ele>1716.85</ele>
      </trkpt>
      <trkpt lon="7.31358993810908" lat="45.8582439964064">
        <ele>1716.55</ele>
      </trkpt>
      <trkpt lon="7.31366654500078" lat="45.8582623198386">
        <ele>1715.51</ele>
      </trkpt>
      <trkpt lon="7.3137256573297" lat="45.8582670621996">
        <ele>1714.43</ele>
      </trkpt>
      <trkpt lon="7.31379208057202" lat="45.8582899134261">
        <ele>1713.04</ele>
      </trkpt>
      <trkpt lon="7.31383532569887" lat="45.8583038725345">
        <ele>1712.53</ele>
      </trkpt>
      <trkpt lon="7.31390712117195" lat="45.8583322933993">
        <ele>1711.78</ele>
      </trkpt>
      <trkpt lon="7.31394711629198" lat="45.8583429662814">
        <ele>1711.53</ele>
      </trkpt>
      <trkpt lon="7.31398825873458" lat="45.8583498724121">
        <ele>1710.57</ele>
      </trkpt>
      <trkpt lon="7.31400056182834" lat="45.8583477141432">
        <ele>1710.13</ele>
      </trkpt>
      <trkpt lon="7.3140108177481" lat="45.8583408446233">
        <ele>1710</ele>
      </trkpt>
      <trkpt lon="7.31401014296769" lat="45.8583290443163">
        <ele>1709.7</ele>
      </trkpt>
      <trkpt lon="7.31398045102282" lat="45.858309885207">
        <ele>1708.66</ele>
      </trkpt>
      <trkpt lon="7.31390811149598" lat="45.85826120271">
        <ele>1707.88</ele>
      </trkpt>
      <trkpt lon="7.31385499134962" lat="45.8582371988055">
        <ele>1707.68</ele>
      </trkpt>
      <trkpt lon="7.3137766936756" lat="45.8581724991761">
        <ele>1707.01</ele>
      </trkpt>
      <trkpt lon="7.31370005991978" lat="45.858108182906">
        <ele>1704.77</ele>
      </trkpt>
      <trkpt lon="7.31367502112119" lat="45.8580756818354">
        <ele>1703.03</ele>
      </trkpt>
      <trkpt lon="7.31363076285802" lat="45.8580227328356">
        <ele>1701.9</ele>
      </trkpt>
      <trkpt lon="7.3136003738939" lat="45.8579925845508">
        <ele>1701.34</ele>
      </trkpt>
      <trkpt lon="7.31355175653637" lat="45.8579730530262">
        <ele>1701.33</ele>
      </trkpt>
      <trkpt lon="7.3135109671101" lat="45.8579545410479">
        <ele>1701.05</ele>
      </trkpt>
      <trkpt lon="7.31345572465395" lat="45.8579325732858">
        <ele>1701.11</ele>
      </trkpt>
      <trkpt lon="7.3134231662122" lat="45.8579016721831">
        <ele>1700.44</ele>
      </trkpt>
      <trkpt lon="7.31340021889174" lat="45.8578809908783">
        <ele>1699.33</ele>
      </trkpt>
      <trkpt lon="7.31336874931623" lat="45.8578524454016">
        <ele>1699.21</ele>
      </trkpt>
      <trkpt lon="7.3133404992575" lat="45.8578238555107">
        <ele>1699.08</ele>
      </trkpt>
      <trkpt lon="7.31331517398192" lat="45.857809441009">
        <ele>1699.17</ele>
      </trkpt>
      <trkpt lon="7.313283279118" lat="45.8577949292189">
        <ele>1699.42</ele>
      </trkpt>
      <trkpt lon="7.31317691356858" lat="45.8577596967341">
        <ele>1699.76</ele>
      </trkpt>
      <trkpt lon="7.3130373030005" lat="45.8577162303836">
        <ele>1700.46</ele>
      </trkpt>
      <trkpt lon="7.31295475160395" lat="45.8576943095799">
        <ele>1700.84</ele>
      </trkpt>
      <trkpt lon="7.31289728415988" lat="45.8576692500509">
        <ele>1701.75</ele>
      </trkpt>
      <trkpt lon="7.31276979668428" lat="45.8575955413815">
        <ele>1701.8</ele>
      </trkpt>
      <trkpt lon="7.31270507661488" lat="45.8575547147139">
        <ele>1702.39</ele>
      </trkpt>
      <trkpt lon="7.31267204840894" lat="45.8575393751139">
        <ele>1702.98</ele>
      </trkpt>
      <trkpt lon="7.31264650910024" lat="45.8575319774555">
        <ele>1703.69</ele>
      </trkpt>
      <trkpt lon="7.31261756403798" lat="45.8575307382542">
        <ele>1704.82</ele>
      </trkpt>
      <trkpt lon="7.31258155755425" lat="45.8575372269589">
        <ele>1705.91</ele>
      </trkpt>
      <trkpt lon="7.31254410640655" lat="45.8575531464452">
        <ele>1706.8</ele>
      </trkpt>
      <trkpt lon="7.31252598355481" lat="45.8575645798937">
        <ele>1707</ele>
      </trkpt>
      <trkpt lon="7.31248098723925" lat="45.8576084666856">
        <ele>1706.97</ele>
      </trkpt>
      <trkpt lon="7.3124745059209" lat="45.8576396035265">
        <ele>1707.26</ele>
      </trkpt>
      <trkpt lon="7.31246041912909" lat="45.8576581177501">
        <ele>1707.01</ele>
      </trkpt>
      <trkpt lon="7.31243660724777" lat="45.8576702761619">
        <ele>1706.33</ele>
      </trkpt>
      <trkpt lon="7.3123897868083" lat="45.8576680534287">
        <ele>1704.81</ele>
      </trkpt>
      <trkpt lon="7.3123553279224" lat="45.8576573750447">
        <ele>1703.16</ele>
      </trkpt>
      <trkpt lon="7.31233908622568" lat="45.8576407522416">
        <ele>1702.34</ele>
      </trkpt>
      <trkpt lon="7.31233537269197" lat="45.8576187377562">
        <ele>1701.33</ele>
      </trkpt>
      <trkpt lon="7.31233805640972" lat="45.8576023956995">
        <ele>1701.13</ele>
      </trkpt>
      <trkpt lon="7.31233102902192" lat="45.8575749310431">
        <ele>1699.3</ele>
      </trkpt>
      <trkpt lon="7.3123206320998" lat="45.8575482247067">
        <ele>1698.68</ele>
      </trkpt>
      <trkpt lon="7.31230240994365" lat="45.8575245544828">
        <ele>1697.94</ele>
      </trkpt>
      <trkpt lon="7.31227732094004" lat="45.8575023120063">
        <ele>1696.18</ele>
      </trkpt>
      <trkpt lon="7.31226808237664" lat="45.8574756223482">
        <ele>1694.87</ele>
      </trkpt>
      <trkpt lon="7.31226393875746" lat="45.8574294794665">
        <ele>1693.44</ele>
      </trkpt>
      <trkpt lon="7.31227918685754" lat="45.8574023428125">
        <ele>1692.54</ele>
      </trkpt>
      <trkpt lon="7.31226814539274" lat="45.8573798587996">
        <ele>1691.18</ele>
      </trkpt>
      <trkpt lon="7.31224530361407" lat="45.8573599886275">
        <ele>1689.85</ele>
      </trkpt>
      <trkpt lon="7.31218357504252" lat="45.8573309956237">
        <ele>1687.51</ele>
      </trkpt>
      <trkpt lon="7.31207724276468" lat="45.8572989104415">
        <ele>1685.06</ele>
      </trkpt>
      <trkpt lon="7.31199450833314" lat="45.8572617781377">
        <ele>1682.04</ele>
      </trkpt>
      <trkpt lon="7.31193739146397" lat="45.8572081901079">
        <ele>1679</ele>
      </trkpt>
      <trkpt lon="7.3119259751681" lat="45.8571767891976">
        <ele>1677.4</ele>
      </trkpt>
      <trkpt lon="7.31192649496566" lat="45.8571596054318">
        <ele>1676.49</ele>
      </trkpt>
      <trkpt lon="7.3119204369183" lat="45.8571384548346">
        <ele>1675.61</ele>
      </trkpt>
      <trkpt lon="7.31189505074501" lat="45.8571132372795">
        <ele>1674.89</ele>
      </trkpt>
      <trkpt lon="7.31183712499341" lat="45.8570863693666">
        <ele>1673.45</ele>
      </trkpt>
      <trkpt lon="7.3118051496026" lat="45.8570703269812">
        <ele>1672.95</ele>
      </trkpt>
      <trkpt lon="7.31179340530533" lat="45.8570498096782">
        <ele>1672.11</ele>
      </trkpt>
      <trkpt lon="7.31178730000427" lat="45.857030189675">
        <ele>1670.6</ele>
      </trkpt>
      <trkpt lon="7.31180104498233" lat="45.8570186922934">
        <ele>1669.72</ele>
      </trkpt>
      <trkpt lon="7.31182722083475" lat="45.8570050366442">
        <ele>1668.94</ele>
      </trkpt>
      <trkpt lon="7.31183880189262" lat="45.8569926975536">
        <ele>1668.24</ele>
      </trkpt>
      <trkpt lon="7.31182040748006" lat="45.8569705551446">
        <ele>1667.43</ele>
      </trkpt>
      <trkpt lon="7.31177413185479" lat="45.856950340292">
        <ele>1666.94</ele>
      </trkpt>
      <trkpt lon="7.31168941350444" lat="45.8569404475513">
        <ele>1665.47</ele>
      </trkpt>
      <trkpt lon="7.31166008249258" lat="45.8569306525728">
        <ele>1664.26</ele>
      </trkpt>
      <trkpt lon="7.3116630274989" lat="45.8569056741877">
        <ele>1662.96</ele>
      </trkpt>
      <trkpt lon="7.31169057574315" lat="45.8568850183736">
        <ele>1662.83</ele>
      </trkpt>
      <trkpt lon="7.31174374955036" lat="45.8568646544823">
        <ele>1662.21</ele>
      </trkpt>
      <trkpt lon="7.31178802020416" lat="45.8568532462881">
        <ele>1661.54</ele>
      </trkpt>
      <trkpt lon="7.31179492908415" lat="45.8568334597403">
        <ele>1660.43</ele>
      </trkpt>
      <trkpt lon="7.31177422898865" lat="45.85681515074">
        <ele>1659.43</ele>
      </trkpt>
      <trkpt lon="7.3117284391273" lat="45.8568129446839">
        <ele>1659.35</ele>
      </trkpt>
      <trkpt lon="7.31165704577182" lat="45.856818188569">
        <ele>1659.42</ele>
      </trkpt>
      <trkpt lon="7.31161342555989" lat="45.8568080934442">
        <ele>1657.54</ele>
      </trkpt>
      <trkpt lon="7.31158792230227" lat="45.8568037569752">
        <ele>1656.32</ele>
      </trkpt>
      <trkpt lon="7.31155022444048" lat="45.8567938396902">
        <ele>1655.32</ele>
      </trkpt>
      <trkpt lon="7.31153378269282" lat="45.8567795558336">
        <ele>1654.16</ele>
      </trkpt>
      <trkpt lon="7.31153032766813" lat="45.856748991133">
        <ele>1653.06</ele>
      </trkpt>
      <trkpt lon="7.31155520138155" lat="45.8567017457271">
        <ele>1651.31</ele>
      </trkpt>
      <trkpt lon="7.31164369307798" lat="45.8566593121722">
        <ele>1650.2</ele>
      </trkpt>
      <trkpt lon="7.31170880096117" lat="45.8566149116737">
        <ele>1648.31</ele>
      </trkpt>
      <trkpt lon="7.31179275920891" lat="45.8565732197603">
        <ele>1645.98</ele>
      </trkpt>
      <trkpt lon="7.3118415441081" lat="45.8565489168372">
        <ele>1644.59</ele>
      </trkpt>
      <trkpt lon="7.31185750851657" lat="45.8565406028916">
        <ele>1644.11</ele>
      </trkpt>
      <trkpt lon="7.31187481760292" lat="45.8565220470316">
        <ele>1642.9</ele>
      </trkpt>
      <trkpt lon="7.31186387308872" lat="45.8565133355925">
        <ele>1642.59</ele>
      </trkpt>
      <trkpt lon="7.31178861635014" lat="45.8564888203491">
        <ele>1641.29</ele>
      </trkpt>
      <trkpt lon="7.31174759343161" lat="45.8564780446767">
        <ele>1640.78</ele>
      </trkpt>
      <trkpt lon="7.31172442087365" lat="45.8564690608898">
        <ele>1640.25</ele>
      </trkpt>
      <trkpt lon="7.31175393298714" lat="45.8564515857313">
        <ele>1640.1</ele>
      </trkpt>
      <trkpt lon="7.31180059844194" lat="45.8564249132828">
        <ele>1638.73</ele>
      </trkpt>
      <trkpt lon="7.31184691921931" lat="45.8564095772308">
        <ele>1636.89</ele>
      </trkpt>
      <trkpt lon="7.31179948523532" lat="45.8563893456998">
        <ele>1636.76</ele>
      </trkpt>
      <trkpt lon="7.31176317097158" lat="45.8563676559063">
        <ele>1636.59</ele>
      </trkpt>
      <trkpt lon="7.3117555625485" lat="45.8563636751756">
        <ele>1636.37</ele>
      </trkpt>
      <trkpt lon="7.31178984438263" lat="45.8563376304008">
        <ele>1634.79</ele>
      </trkpt>
      <trkpt lon="7.31176143032233" lat="45.856314526759">
        <ele>1632.64</ele>
      </trkpt>
      <trkpt lon="7.31177659494767" lat="45.8562944097274">
        <ele>1631.51</ele>
      </trkpt>
      <trkpt lon="7.3117941375263" lat="45.8562681175616">
        <ele>1630.03</ele>
      </trkpt>
      <trkpt lon="7.31174247863584" lat="45.8562384635275">
        <ele>1628.72</ele>
      </trkpt>
      <trkpt lon="7.31169658104532" lat="45.8562057428046">
        <ele>1626.65</ele>
      </trkpt>
      <trkpt lon="7.31173527402458" lat="45.8561829120433">
        <ele>1626.34</ele>
      </trkpt>
      <trkpt lon="7.31171984887282" lat="45.8561733227606">
        <ele>1625.65</ele>
      </trkpt>
      <trkpt lon="7.31164976136627" lat="45.8561652663198">
        <ele>1623.88</ele>
      </trkpt>
      <trkpt lon="7.3116254749254" lat="45.8561547380383">
        <ele>1623</ele>
      </trkpt>
      <trkpt lon="7.31167644876138" lat="45.8561304684706">
        <ele>1622.48</ele>
      </trkpt>
      <trkpt lon="7.3117036884651" lat="45.8561198906879">
        <ele>1621.92</ele>
      </trkpt>
      <trkpt lon="7.31171080834458" lat="45.8561059542911">
        <ele>1621.12</ele>
      </trkpt>
      <trkpt lon="7.31168128595705" lat="45.8560813061548">
        <ele>1620.75</ele>
      </trkpt>
      <trkpt lon="7.31164932160068" lat="45.8560691333125">
        <ele>1620.08</ele>
      </trkpt>
      <trkpt lon="7.31160166254915" lat="45.8560520490817">
        <ele>1619.18</ele>
      </trkpt>
      <trkpt lon="7.31155199237472" lat="45.8560333120116">
        <ele>1617.25</ele>
      </trkpt>
      <trkpt lon="7.31160148532748" lat="45.8560238733627">
        <ele>1617.24</ele>
      </trkpt>
      <trkpt lon="7.31163984752745" lat="45.8560119289864">
        <ele>1615.89</ele>
      </trkpt>
      <trkpt lon="7.31165559242581" lat="45.8560066734499">
        <ele>1615.62</ele>
      </trkpt>
      <trkpt lon="7.31160129707137" lat="45.8559918281006">
        <ele>1613.9</ele>
      </trkpt>
      <trkpt lon="7.31152706813306" lat="45.8559673295343">
        <ele>1612.54</ele>
      </trkpt>
      <trkpt lon="7.31146480308265" lat="45.8559562397588">
        <ele>1611.97</ele>
      </trkpt>
      <trkpt lon="7.31142477174343" lat="45.8559509670139">
        <ele>1611.71</ele>
      </trkpt>
      <trkpt lon="7.31135935363688" lat="45.855950360808">
        <ele>1611.1</ele>
      </trkpt>
      <trkpt lon="7.31131212189125" lat="45.8559574938646">
        <ele>1610.28</ele>
      </trkpt>
      <trkpt lon="7.31127378470797" lat="45.8559686271093">
        <ele>1610.01</ele>
      </trkpt>
      <trkpt lon="7.31129099650554" lat="45.8559533102198">
        <ele>1609.75</ele>
      </trkpt>
      <trkpt lon="7.31134961827508" lat="45.8559017928104">
        <ele>1608.05</ele>
      </trkpt>
      <trkpt lon="7.31140562581759" lat="45.8558643674011">
        <ele>1606.84</ele>
      </trkpt>
      <trkpt lon="7.31145461919412" lat="45.8558330504126">
        <ele>1605.15</ele>
      </trkpt>
      <trkpt lon="7.31146708906734" lat="45.8558254031167">
        <ele>1604.57</ele>
      </trkpt>
      <trkpt lon="7.31137917621691" lat="45.8558147436589">
        <ele>1602.18</ele>
      </trkpt>
      <trkpt lon="7.31130737728267" lat="45.855820704225">
        <ele>1600.76</ele>
      </trkpt>
      <trkpt lon="7.3112627235431" lat="45.8558192315319">
        <ele>1598.89</ele>
      </trkpt>
      <trkpt lon="7.31125170953643" lat="45.8558128590406">
        <ele>1598.18</ele>
      </trkpt>
      <trkpt lon="7.31129882251841" lat="45.8557713417741">
        <ele>1597.61</ele>
      </trkpt>
      <trkpt lon="7.31134270772884" lat="45.85572590771">
        <ele>1594.44</ele>
      </trkpt>
      <trkpt lon="7.3113590891709" lat="45.8556995988659">
        <ele>1592.64</ele>
      </trkpt>
      <trkpt lon="7.31141587779951" lat="45.8556363533624">
        <ele>1589.56</ele>
      </trkpt>
      <trkpt lon="7.31142176704995" lat="45.855624739235">
        <ele>1589.12</ele>
      </trkpt>
      <trkpt lon="7.31137797988685" lat="45.8556287722461">
        <ele>1587.83</ele>
      </trkpt>
      <trkpt lon="7.31141639557951" lat="45.8555809186228">
        <ele>1586.43</ele>
      </trkpt>
      <trkpt lon="7.3113364934414" lat="45.8555992683145">
        <ele>1584.64</ele>
      </trkpt>
      <trkpt lon="7.31129119212369" lat="45.855614979386">
        <ele>1585.23</ele>
      </trkpt>
      <trkpt lon="7.31129876230822" lat="45.8555861981712">
        <ele>1582.27</ele>
      </trkpt>
      <trkpt lon="7.31134024454865" lat="45.8555477503727">
        <ele>1580.76</ele>
      </trkpt>
      <trkpt lon="7.31136420720968" lat="45.8554965298568">
        <ele>1578.66</ele>
      </trkpt>
      <trkpt lon="7.31138318063996" lat="45.8554569373663">
        <ele>1576.56</ele>
      </trkpt>
      <trkpt lon="7.3113929730327" lat="45.8554313423653">
        <ele>1575.06</ele>
      </trkpt>
      <trkpt lon="7.31140374874995" lat="45.8554072890798">
        <ele>1574.03</ele>
      </trkpt>
      <trkpt lon="7.31144564726367" lat="45.8553890973566">
        <ele>1572.13</ele>
      </trkpt>
      <trkpt lon="7.31148292885216" lat="45.8553787585663">
        <ele>1569.12</ele>
      </trkpt>
      <trkpt lon="7.31150080144974" lat="45.8553798309892">
        <ele>1568.18</ele>
      </trkpt>
      <trkpt lon="7.31157498979564" lat="45.8553502365113">
        <ele>1565.81</ele>
      </trkpt>
      <trkpt lon="7.31161081054875" lat="45.8553243945344">
        <ele>1562.91</ele>
      </trkpt>
      <trkpt lon="7.31165884561747" lat="45.8552907219211">
        <ele>1560.21</ele>
      </trkpt>
      <trkpt lon="7.31167647992738" lat="45.855261279676">
        <ele>1555.77</ele>
      </trkpt>
      <trkpt lon="7.31167799997939" lat="45.8552324095113">
        <ele>1550.18</ele>
      </trkpt>
      <trkpt lon="7.31172428462155" lat="45.8552182429332">
        <ele>1548.53</ele>
      </trkpt>
      <trkpt lon="7.31175462431444" lat="45.8552116708381">
        <ele>1547.15</ele>
      </trkpt>
      <trkpt lon="7.31175898896617" lat="45.8551781644719">
        <ele>1544.02</ele>
      </trkpt>
      <trkpt lon="7.31177643703743" lat="45.8551549307164">
        <ele>1541.41</ele>
      </trkpt>
      <trkpt lon="7.3118477614121" lat="45.8551262806791">
        <ele>1538.82</ele>
      </trkpt>
      <trkpt lon="7.31191170739652" lat="45.8551202061451">
        <ele>1539.29</ele>
      </trkpt>
      <trkpt lon="7.31198811845881" lat="45.8550682305634">
        <ele>1539.75</ele>
      </trkpt>
      <trkpt lon="7.31200339983022" lat="45.8550442467678">
        <ele>1537.85</ele>
      </trkpt>
      <trkpt lon="7.31200505574767" lat="45.855027888034">
        <ele>1536.94</ele>
      </trkpt>
      <trkpt lon="7.31200499207027" lat="45.8550171766496">
        <ele>1536.91</ele>
      </trkpt>
      <trkpt lon="7.31196446022093" lat="45.8550370100945">
        <ele>1536.41</ele>
      </trkpt>
      <trkpt lon="7.31193958726795" lat="45.8550460017487">
        <ele>1535.97</ele>
      </trkpt>
      <trkpt lon="7.31190252518951" lat="45.8550532849078">
        <ele>1535.24</ele>
      </trkpt>
      <trkpt lon="7.31187477470518" lat="45.8550466650255">
        <ele>1534.43</ele>
      </trkpt>
      <trkpt lon="7.3118651108533" lat="45.8550340118319">
        <ele>1533.43</ele>
      </trkpt>
      <trkpt lon="7.31187142817176" lat="45.855008272349">
        <ele>1531.25</ele>
      </trkpt>
      <trkpt lon="7.3118870764576" lat="45.8549722326945">
        <ele>1532.99</ele>
      </trkpt>
      <trkpt lon="7.31188504116422" lat="45.8549288176806">
        <ele>1530.25</ele>
      </trkpt>
      <trkpt lon="7.31187719723135" lat="45.854894319504">
        <ele>1528.28</ele>
      </trkpt>
      <trkpt lon="7.31187007558836" lat="45.8548572240461">
        <ele>1530.43</ele>
      </trkpt>
      <trkpt lon="7.3118336283229" lat="45.8548187004895">
        <ele>1526.93</ele>
      </trkpt>
      <trkpt lon="7.31179411130419" lat="45.8547922855446">
        <ele>1521.96</ele>
      </trkpt>
      <trkpt lon="7.31174828598396" lat="45.8547572258741">
        <ele>1519.07</ele>
      </trkpt>
      <trkpt lon="7.31173321662809" lat="45.8547359418527">
        <ele>1518.58</ele>
      </trkpt>
      <trkpt lon="7.31170280264733" lat="45.8547066019217">
        <ele>1517.59</ele>
      </trkpt>
      <trkpt lon="7.31170688377352" lat="45.8546824485686">
        <ele>1517.01</ele>
      </trkpt>
      <trkpt lon="7.31174497146475" lat="45.8546454785526">
        <ele>1515.79</ele>
      </trkpt>
      <trkpt lon="7.31175185229443" lat="45.8546393701306">
        <ele>1515.35</ele>
      </trkpt>
      <trkpt lon="7.31172120759923" lat="45.8546177665054">
        <ele>1512.78</ele>
      </trkpt>
      <trkpt lon="7.31173162752051" lat="45.8546054107365">
        <ele>1511.97</ele>
      </trkpt>
      <trkpt lon="7.31176420340389" lat="45.8545973414027">
        <ele>1512.24</ele>
      </trkpt>
      <trkpt lon="7.31177941250503" lat="45.854575693777">
        <ele>1510.77</ele>
      </trkpt>
      <trkpt lon="7.3117204947502" lat="45.8545646512575">
        <ele>1508.34</ele>
      </trkpt>
      <trkpt lon="7.31169611657807" lat="45.8545572702774">
        <ele>1506.92</ele>
      </trkpt>
      <trkpt lon="7.31167874153923" lat="45.8545398224424">
        <ele>1504.37</ele>
      </trkpt>
      <trkpt lon="7.31168367248182" lat="45.854525855468">
        <ele>1503.74</ele>
      </trkpt>
      <trkpt lon="7.31172057401987" lat="45.8544896771274">
        <ele>1501.38</ele>
      </trkpt>
      <trkpt lon="7.3117745233556" lat="45.854443582033">
        <ele>1497.64</ele>
      </trkpt>
      <trkpt lon="7.31181243601256" lat="45.854408139832">
        <ele>1495.88</ele>
      </trkpt>
      <trkpt lon="7.31185414062672" lat="45.8543623140701">
        <ele>1493.2</ele>
      </trkpt>
      <trkpt lon="7.31185480218702" lat="45.8543404524089">
        <ele>1491.72</ele>
      </trkpt>
      <trkpt lon="7.31183133506903" lat="45.8543369548699">
        <ele>1490.64</ele>
      </trkpt>
      <trkpt lon="7.31171194016687" lat="45.8543664211281">
        <ele>1487.55</ele>
      </trkpt>
      <trkpt lon="7.31163960745116" lat="45.8543943350256">
        <ele>1487.23</ele>
      </trkpt>
      <trkpt lon="7.31156431945866" lat="45.8544049234535">
        <ele>1484.16</ele>
      </trkpt>
      <trkpt lon="7.31151365694285" lat="45.8544190260986">
        <ele>1483.76</ele>
      </trkpt>
      <trkpt lon="7.31145284977656" lat="45.8544321675097">
        <ele>1482.97</ele>
      </trkpt>
      <trkpt lon="7.31138392559406" lat="45.8544538312813">
        <ele>1482.45</ele>
      </trkpt>
      <trkpt lon="7.31127464207097" lat="45.8544811059151">
        <ele>1480.09</ele>
      </trkpt>
      <trkpt lon="7.31119471491625" lat="45.8545002667383">
        <ele>1477.4</ele>
      </trkpt>
      <trkpt lon="7.31115590796879" lat="45.8545269642636">
        <ele>1475.92</ele>
      </trkpt>
      <trkpt lon="7.31114039032539" lat="45.8545587788118">
        <ele>1475.36</ele>
      </trkpt>
      <trkpt lon="7.31111699395535" lat="45.8546295359416">
        <ele>1476.09</ele>
      </trkpt>
      <trkpt lon="7.31110509331905" lat="45.8546482613028">
        <ele>1476.7</ele>
      </trkpt>
      <trkpt lon="7.31105733048929" lat="45.854681397794">
        <ele>1476.39</ele>
      </trkpt>
      <trkpt lon="7.31100753177216" lat="45.8547010033654">
        <ele>1475.21</ele>
      </trkpt>
      <trkpt lon="7.31096369735544" lat="45.8547065641927">
        <ele>1473.64</ele>
      </trkpt>
      <trkpt lon="7.31092005768437" lat="45.8546971885305">
        <ele>1471.41</ele>
      </trkpt>
      <trkpt lon="7.31087208495178" lat="45.8546692984661">
        <ele>1467.14</ele>
      </trkpt>
      <trkpt lon="7.3108548488979" lat="45.8546471727355">
        <ele>1466.13</ele>
      </trkpt>
      <trkpt lon="7.31084995198704" lat="45.8546260388167">
        <ele>1464.74</ele>
      </trkpt>
      <trkpt lon="7.31083879697968" lat="45.8545860015781">
        <ele>1462.93</ele>
      </trkpt>
      <trkpt lon="7.31083656154952" lat="45.8545492450651">
        <ele>1461.25</ele>
      </trkpt>
      <trkpt lon="7.31084273988303" lat="45.8545281834778">
        <ele>1460.89</ele>
      </trkpt>
      <trkpt lon="7.31083729015899" lat="45.8545082134721">
        <ele>1459.58</ele>
      </trkpt>
      <trkpt lon="7.31080385064694" lat="45.854502226884">
        <ele>1458.8</ele>
      </trkpt>
      <trkpt lon="7.31073774074055" lat="45.854507551378">
        <ele>1456.7</ele>
      </trkpt>
      <trkpt lon="7.31067500828347" lat="45.8545331736437">
        <ele>1455.68</ele>
      </trkpt>
      <trkpt lon="7.31061386166091" lat="45.8545744824353">
        <ele>1456.85</ele>
      </trkpt>
      <trkpt lon="7.31055922651029" lat="45.8546049076796">
        <ele>1455.45</ele>
      </trkpt>
      <trkpt lon="7.31047500697416" lat="45.8546552359213">
        <ele>1455.16</ele>
      </trkpt>
      <trkpt lon="7.31042615258264" lat="45.8546818750143">
        <ele>1453.77</ele>
      </trkpt>
      <trkpt lon="7.31039437100548" lat="45.854697786222">
        <ele>1452.56</ele>
      </trkpt>
      <trkpt lon="7.31034379196439" lat="45.8547048692448">
        <ele>1451.23</ele>
      </trkpt>
      <trkpt lon="7.31028000736839" lat="45.8546971739855">
        <ele>1448.25</ele>
      </trkpt>
      <trkpt lon="7.31023376492875" lat="45.8546844287678">
        <ele>1446.31</ele>
      </trkpt>
      <trkpt lon="7.31017724736604" lat="45.8546664027604">
        <ele>1443.13</ele>
      </trkpt>
      <trkpt lon="7.31013945499518" lat="45.8546596327769">
        <ele>1441.63</ele>
      </trkpt>
      <trkpt lon="7.31010927930395" lat="45.8546607158449">
        <ele>1441.05</ele>
      </trkpt>
      <trkpt lon="7.31004990222716" lat="45.8546989023519">
        <ele>1439.48</ele>
      </trkpt>
      <trkpt lon="7.3100227430504" lat="45.85471101073">
        <ele>1439.15</ele>
      </trkpt>
      <trkpt lon="7.30993338375969" lat="45.8547991537733">
        <ele>1438.73</ele>
      </trkpt>
      <trkpt lon="7.30986837240327" lat="45.8548786579441">
        <ele>1439.34</ele>
      </trkpt>
      <trkpt lon="7.30983700213231" lat="45.8548852133621">
        <ele>1437.8</ele>
      </trkpt>
      <trkpt lon="7.30980309007637" lat="45.8548948827236">
        <ele>1439.86</ele>
      </trkpt>
      <trkpt lon="7.30980389339949" lat="45.8548683431669">
        <ele>1437.57</ele>
      </trkpt>
      <trkpt lon="7.30982895890891" lat="45.8548148003804">
        <ele>1433.75</ele>
      </trkpt>
      <trkpt lon="7.30983071009576" lat="45.8547570433715">
        <ele>1432.52</ele>
      </trkpt>
      <trkpt lon="7.30983146894308" lat="45.8547320316311">
        <ele>1432</ele>
      </trkpt>
      <trkpt lon="7.30983588598555" lat="45.8547180563182">
        <ele>1432</ele>
      </trkpt>
      <trkpt lon="7.30985177559629" lat="45.8546994809995">
        <ele>1432</ele>
      </trkpt>
      <trkpt lon="7.30987082053474" lat="45.8546958922041">
        <ele>1432.24</ele>
      </trkpt>
      <trkpt lon="7.30990835229329" lat="45.8546772754277">
        <ele>1433</ele>
      </trkpt>
      <trkpt lon="7.3099251835323" lat="45.8546616835274">
        <ele>1433.3</ele>
      </trkpt>
      <trkpt lon="7.30995389611838" lat="45.8546195355109">
        <ele>1434</ele>
      </trkpt>
      <trkpt lon="7.30997991184896" lat="45.8545559258107">
        <ele>1434.3</ele>
      </trkpt>
      <trkpt lon="7.30999184356746" lat="45.8545107386651">
        <ele>1435</ele>
      </trkpt>
      <trkpt lon="7.31000902563707" lat="45.8544537484921">
        <ele>1435.31</ele>
      </trkpt>
      <trkpt lon="7.31002116860901" lat="45.8544016361722">
        <ele>1435.78</ele>
      </trkpt>
      <trkpt lon="7.31003515963619" lat="45.8543096756337">
        <ele>1436</ele>
      </trkpt>
      <trkpt lon="7.31004542221533" lat="45.8542472741447">
        <ele>1437</ele>
      </trkpt>
      <trkpt lon="7.31005292897463" lat="45.8541950923336">
        <ele>1437.5</ele>
      </trkpt>
      <trkpt lon="7.31006869442883" lat="45.8541339409299">
        <ele>1438</ele>
      </trkpt>
      <trkpt lon="7.31008532915865" lat="45.8540822536644">
        <ele>1438</ele>
      </trkpt>
      <trkpt lon="7.31010137232517" lat="45.8540247051329">
        <ele>1439</ele>
      </trkpt>
      <trkpt lon="7.31012316592881" lat="45.8539515840386">
        <ele>1440</ele>
      </trkpt>
      <trkpt lon="7.31014664568949" lat="45.8538780351719">
        <ele>1440.99</ele>
      </trkpt>
      <trkpt lon="7.31016524698054" lat="45.8538338481165">
        <ele>1441</ele>
      </trkpt>
      <trkpt lon="7.3101778255168" lat="45.8538097309579">
        <ele>1441.11</ele>
      </trkpt>
      <trkpt lon="7.31018940665871" lat="45.8537931612041">
        <ele>1441.61</ele>
      </trkpt>
      <trkpt lon="7.31020733257899" lat="45.8537668745978">
        <ele>1442</ele>
      </trkpt>
      <trkpt lon="7.31025362076101" lat="45.8537143653769">
        <ele>1442</ele>
      </trkpt>
      <trkpt lon="7.31028941119395" lat="45.8536766425418">
        <ele>1442.09</ele>
      </trkpt>
      <trkpt lon="7.31030986777884" lat="45.8536476947812">
        <ele>1441.31</ele>
      </trkpt>
      <trkpt lon="7.31035439475572" lat="45.8535979495025">
        <ele>1442</ele>
      </trkpt>
      <trkpt lon="7.31039875250987" lat="45.853536859489">
        <ele>1442</ele>
      </trkpt>
      <trkpt lon="7.31043717106609" lat="45.8534846863114">
        <ele>1441</ele>
      </trkpt>
      <trkpt lon="7.31047472355029" lat="45.8534016262281">
        <ele>1441</ele>
      </trkpt>
      <trkpt lon="7.31053339577688" lat="45.8533271582352">
        <ele>1440.24</ele>
      </trkpt>
      <trkpt lon="7.31064864554829" lat="45.8531878224734">
        <ele>1440</ele>
      </trkpt>
      <trkpt lon="7.31071609306539" lat="45.8531085349985">
        <ele>1440</ele>
      </trkpt>
      <trkpt lon="7.31082086757696" lat="45.85297057417">
        <ele>1439</ele>
      </trkpt>
      <trkpt lon="7.31086263334286" lat="45.8529227678028">
        <ele>1438.96</ele>
      </trkpt>
      <trkpt lon="7.3108971458931" lat="45.8528888950532">
        <ele>1438.04</ele>
      </trkpt>
      <trkpt lon="7.31094178363282" lat="45.8528567946693">
        <ele>1438.14</ele>
      </trkpt>
      <trkpt lon="7.3109863408475" lat="45.8528230692432">
        <ele>1437.31</ele>
      </trkpt>
      <trkpt lon="7.3110376036876" lat="45.8527933162055">
        <ele>1437</ele>
      </trkpt>
      <trkpt lon="7.31120958977148" lat="45.8527072017935">
        <ele>1435.74</ele>
      </trkpt>
      <trkpt lon="7.31129824269136" lat="45.8526592792117">
        <ele>1435</ele>
      </trkpt>
      <trkpt lon="7.31134952776847" lat="45.8526288067114">
        <ele>1435.05</ele>
      </trkpt>
      <trkpt lon="7.31141332441676" lat="45.8525891563212">
        <ele>1434.97</ele>
      </trkpt>
      <trkpt lon="7.31151233088492" lat="45.8525140248139">
        <ele>1434</ele>
      </trkpt>
      <trkpt lon="7.31164141887687" lat="45.8524237654357">
        <ele>1433</ele>
      </trkpt>
      <trkpt lon="7.31172628051748" lat="45.8523521144353">
        <ele>1432</ele>
      </trkpt>
      <trkpt lon="7.3118056917579" lat="45.8522945137396">
        <ele>1431</ele>
      </trkpt>
      <trkpt lon="7.31184979344635" lat="45.8522588021474">
        <ele>1430.86</ele>
      </trkpt>
      <trkpt lon="7.31184979344635" lat="45.8522588021474">
        <ele>1430.86</ele>
      </trkpt>
      <trkpt lon="7.31179117867269" lat="45.8522378649346">
        <ele>1430.14</ele>
      </trkpt>
      <trkpt lon="7.31174113788302" lat="45.852137850792">
        <ele>1427</ele>
      </trkpt>
      <trkpt lon="7.31136109255134" lat="45.851897854884">
        <ele>1417.61</ele>
      </trkpt>
      <trkpt lon="7.31127436816157" lat="45.8514907353461">
        <ele>1407.95</ele>
      </trkpt>
      <trkpt lon="7.31111394041206" lat="45.851310151415">
        <ele>1402.59</ele>
      </trkpt>
      <trkpt lon="7.31091496035514" lat="45.8510628431892">
        <ele>1396.29</ele>
      </trkpt>
      <trkpt lon="7.31084045572929" lat="45.8509328530464">
        <ele>1393</ele>
      </trkpt>
      <trkpt lon="7.31084045572929" lat="45.8509328530464">
        <ele>1393</ele>
      </trkpt>
      <trkpt lon="7.31068842406219" lat="45.8506792173375">
        <ele>1386.6</ele>
      </trkpt>
      <trkpt lon="7.31059572229139" lat="45.8505250152908">
        <ele>1382.99</ele>
      </trkpt>
      <trkpt lon="7.31053105217469" lat="45.8503468351281">
        <ele>1378.1</ele>
      </trkpt>
      <trkpt lon="7.31049823438497" lat="45.8502269123128">
        <ele>1375.17</ele>
      </trkpt>
      <trkpt lon="7.31036945268318" lat="45.8500009830904">
        <ele>1370</ele>
      </trkpt>
      <trkpt lon="7.31033133610654" lat="45.8499538842996">
        <ele>1369</ele>
      </trkpt>
      <trkpt lon="7.31029530511074" lat="45.8499358001563">
        <ele>1368.55</ele>
      </trkpt>
      <trkpt lon="7.31024936161329" lat="45.8498368333027">
        <ele>1367</ele>
      </trkpt>
      <trkpt lon="7.31021687065137" lat="45.8496252887142">
        <ele>1362.31</ele>
      </trkpt>
      <trkpt lon="7.31014230057705" lat="45.8494339136753">
        <ele>1360</ele>
      </trkpt>
      <trkpt lon="7.30989118163669" lat="45.84954747524">
        <ele>1360.27</ele>
      </trkpt>
      <trkpt lon="7.30989118163669" lat="45.84954747524">
        <ele>1360.27</ele>
      </trkpt>
      <trkpt lon="7.3088352252923" lat="45.8500853870174">
        <ele>1365</ele>
      </trkpt>
      <trkpt lon="7.30846140474903" lat="45.8502823661812">
        <ele>1368</ele>
      </trkpt>
      <trkpt lon="7.30833329191121" lat="45.8503659753993">
        <ele>1369</ele>
      </trkpt>
      <trkpt lon="7.30784077701812" lat="45.8507052042541">
        <ele>1372.25</ele>
      </trkpt>
      <trkpt lon="7.3073272077339" lat="45.8513816414876">
        <ele>1379</ele>
      </trkpt>
      <trkpt lon="7.30720024988271" lat="45.8516349300359">
        <ele>1380</ele>
      </trkpt>
      <trkpt lon="7.30707835218193" lat="45.8519422033409">
        <ele>1382</ele>
      </trkpt>
      <trkpt lon="7.3068433368844" lat="45.8523097270817">
        <ele>1383</ele>
      </trkpt>
      <trkpt lon="7.30653546705623" lat="45.8526840891786">
        <ele>1383</ele>
      </trkpt>
      <trkpt lon="7.3057984268429" lat="45.8534651269068">
        <ele>1383</ele>
      </trkpt>
      <trkpt lon="7.30554191622164" lat="45.8538528481759">
        <ele>1383</ele>
      </trkpt>
      <trkpt lon="7.30536039676757" lat="45.8539301706047">
        <ele>1382</ele>
      </trkpt>
      <trkpt lon="7.30513505688087" lat="45.854008284295">
        <ele>1380</ele>
      </trkpt>
      <trkpt lon="7.30504211815686" lat="45.8540359757645">
        <ele>1379.01</ele>
      </trkpt>
      <trkpt lon="7.30494494382651" lat="45.854033544204">
        <ele>1379</ele>
      </trkpt>
      <trkpt lon="7.30483960598491" lat="45.8540030007375">
        <ele>1379</ele>
      </trkpt>
      <trkpt lon="7.30468183414677" lat="45.853947283899">
        <ele>1376.07</ele>
      </trkpt>
      <trkpt lon="7.30458520463061" lat="45.853926860219">
        <ele>1379</ele>
      </trkpt>
    </trkseg>
  </trk>
</gpx>
