<?xml version="1.0" encoding="UTF-8"?>
<gpx xmlns="http://www.topografix.com/GPX/1/1" creator="INVA x RAVdA" version="1.1" xmlns:xsi="http://www.w3.org/2001/XMLSchema-instance" xsi:schemaLocation="http://www.topografix.com/GPX/1/1 http://www.topografix.com/GPX/1/1/gpx.xsd">
  <trk>
    <name>RAVDA - Catasto Sentieri</name>
    <desc>Percorso personalizzato</desc>
    <trkseg>
      <trkpt lon="7.08001079170449" lat="45.6710205520037">
        <ele>1545</ele>
      </trkpt>
      <trkpt lon="7.08006003091248" lat="45.6707783547049">
        <ele>1543</ele>
      </trkpt>
      <trkpt lon="7.08004799174316" lat="45.6706386399518">
        <ele>1542.8</ele>
      </trkpt>
      <trkpt lon="7.07999548207282" lat="45.6705072416818">
        <ele>1542</ele>
      </trkpt>
      <trkpt lon="7.07964854230693" lat="45.6700243594603">
        <ele>1540</ele>
      </trkpt>
      <trkpt lon="7.07937413120055" lat="45.6697182157362">
        <ele>1537</ele>
      </trkpt>
      <trkpt lon="7.07917919988357" lat="45.6695394204419">
        <ele>1535</ele>
      </trkpt>
      <trkpt lon="7.0786788913864" lat="45.6691304635954">
        <ele>1531</ele>
      </trkpt>
      <trkpt lon="7.07827256577137" lat="45.6688490969923">
        <ele>1528</ele>
      </trkpt>
      <trkpt lon="7.07810658534996" lat="45.6686572849846">
        <ele>1526.52</ele>
      </trkpt>
      <trkpt lon="7.07769741736449" lat="45.6682678600726">
        <ele>1521</ele>
      </trkpt>
      <trkpt lon="7.07764422550266" lat="45.6680779464313">
        <ele>1519</ele>
      </trkpt>
      <trkpt lon="7.07769780693515" lat="45.6679528354625">
        <ele>1518</ele>
      </trkpt>
      <trkpt lon="7.07774784780017" lat="45.6679086737237">
        <ele>1517</ele>
      </trkpt>
      <trkpt lon="7.07788562103633" lat="45.6678704879883">
        <ele>1516</ele>
      </trkpt>
      <trkpt lon="7.07800584309062" lat="45.66787251143">
        <ele>1515</ele>
      </trkpt>
      <trkpt lon="7.07808624077373" lat="45.6676578429071">
        <ele>1514</ele>
      </trkpt>
      <trkpt lon="7.07810171582337" lat="45.6675320898852">
        <ele>1514</ele>
      </trkpt>
      <trkpt lon="7.07810271753578" lat="45.6674465960715">
        <ele>1514</ele>
      </trkpt>
      <trkpt lon="7.07803725569602" lat="45.667269977091">
        <ele>1514</ele>
      </trkpt>
      <trkpt lon="7.07765104167867" lat="45.666705420207">
        <ele>1512.25</ele>
      </trkpt>
      <trkpt lon="7.07741989974058" lat="45.6660399622854">
        <ele>1511.06</ele>
      </trkpt>
      <trkpt lon="7.07729465738203" lat="45.6657948298848">
        <ele>1512</ele>
      </trkpt>
      <trkpt lon="7.07654061585685" lat="45.6646660163055">
        <ele>1511</ele>
      </trkpt>
      <trkpt lon="7.07644786184671" lat="45.664484435824">
        <ele>1512</ele>
      </trkpt>
      <trkpt lon="7.07638561763283" lat="45.6642628657415">
        <ele>1513</ele>
      </trkpt>
      <trkpt lon="7.07638977890348" lat="45.6641189204845">
        <ele>1514</ele>
      </trkpt>
      <trkpt lon="7.07644339042698" lat="45.6638767982319">
        <ele>1516</ele>
      </trkpt>
      <trkpt lon="7.07672195471412" lat="45.6637456670762">
        <ele>1515.38</ele>
      </trkpt>
      <trkpt lon="7.07675451229309" lat="45.6636796073931">
        <ele>1516</ele>
      </trkpt>
      <trkpt lon="7.07675760492364" lat="45.6636342951691">
        <ele>1516</ele>
      </trkpt>
      <trkpt lon="7.07671630025433" lat="45.6635434119199">
        <ele>1514.79</ele>
      </trkpt>
      <trkpt lon="7.07659810655739" lat="45.6633738231605">
        <ele>1515.91</ele>
      </trkpt>
      <trkpt lon="7.07656845557184" lat="45.6632501003074">
        <ele>1517</ele>
      </trkpt>
      <trkpt lon="7.07656845557184" lat="45.6632501003074">
        <ele>1517</ele>
      </trkpt>
      <trkpt lon="7.07655774867683" lat="45.6631654008448">
        <ele>1518</ele>
      </trkpt>
      <trkpt lon="7.07643119619422" lat="45.6628688504687">
        <ele>1520</ele>
      </trkpt>
      <trkpt lon="7.07642714432311" lat="45.6628184658253">
        <ele>1521</ele>
      </trkpt>
      <trkpt lon="7.07650826336435" lat="45.6627887797538">
        <ele>1522</ele>
      </trkpt>
      <trkpt lon="7.07675433481848" lat="45.6626804127454">
        <ele>1521</ele>
      </trkpt>
      <trkpt lon="7.07713033877893" lat="45.6627587517087">
        <ele>1519</ele>
      </trkpt>
      <trkpt lon="7.07743226228617" lat="45.6628898468381">
        <ele>1520</ele>
      </trkpt>
      <trkpt lon="7.07755201228567" lat="45.6628828617146">
        <ele>1521</ele>
      </trkpt>
      <trkpt lon="7.07780095586658" lat="45.6629230568144">
        <ele>1522</ele>
      </trkpt>
      <trkpt lon="7.07815779742259" lat="45.6629049403808">
        <ele>1523</ele>
      </trkpt>
      <trkpt lon="7.07837209706501" lat="45.6628809140796">
        <ele>1525</ele>
      </trkpt>
      <trkpt lon="7.07855027140011" lat="45.6628321562481">
        <ele>1526.66</ele>
      </trkpt>
      <trkpt lon="7.07862673572777" lat="45.6627546855928">
        <ele>1527.34</ele>
      </trkpt>
      <trkpt lon="7.07843785776836" lat="45.6622722076996">
        <ele>1536</ele>
      </trkpt>
      <trkpt lon="7.07834138145459" lat="45.6620905660697">
        <ele>1538</ele>
      </trkpt>
      <trkpt lon="7.07808366595435" lat="45.6617441937183">
        <ele>1544</ele>
      </trkpt>
      <trkpt lon="7.07784884379429" lat="45.661479215309">
        <ele>1543.19</ele>
      </trkpt>
      <trkpt lon="7.07743687754573" lat="45.661139247176">
        <ele>1546</ele>
      </trkpt>
      <trkpt lon="7.07743852483176" lat="45.6607162309681">
        <ele>1550.56</ele>
      </trkpt>
      <trkpt lon="7.07731855203098" lat="45.6604711847335">
        <ele>1550</ele>
      </trkpt>
      <trkpt lon="7.0768333224381" lat="45.6600219686893">
        <ele>1551.06</ele>
      </trkpt>
      <trkpt lon="7.0768333224381" lat="45.6600219686893">
        <ele>1551.06</ele>
      </trkpt>
      <trkpt lon="7.0765231931155" lat="45.6593326760706">
        <ele>1554.56</ele>
      </trkpt>
      <trkpt lon="7.07641561681145" lat="45.6591381534531">
        <ele>1551.81</ele>
      </trkpt>
      <trkpt lon="7.07653752377294" lat="45.6589218436274">
        <ele>1550.26</ele>
      </trkpt>
      <trkpt lon="7.07651943804918" lat="45.6587415222377">
        <ele>1549.69</ele>
      </trkpt>
      <trkpt lon="7.07641415745347" lat="45.6586261571943">
        <ele>1547.43</ele>
      </trkpt>
      <trkpt lon="7.07627073697034" lat="45.6585187892042">
        <ele>1545</ele>
      </trkpt>
      <trkpt lon="7.07615127917779" lat="45.6584987764276">
        <ele>1544</ele>
      </trkpt>
      <trkpt lon="7.07608548813165" lat="45.6585345711353">
        <ele>1544</ele>
      </trkpt>
      <trkpt lon="7.07591843512061" lat="45.6586412083121">
        <ele>1543.91</ele>
      </trkpt>
      <trkpt lon="7.07575584404327" lat="45.6587111973859">
        <ele>1542</ele>
      </trkpt>
      <trkpt lon="7.07569409508418" lat="45.6587302278213">
        <ele>1541</ele>
      </trkpt>
      <trkpt lon="7.07562757993846" lat="45.658719654686">
        <ele>1540.29</ele>
      </trkpt>
      <trkpt lon="7.0755796823882" lat="45.658682844959">
        <ele>1539.34</ele>
      </trkpt>
      <trkpt lon="7.07556929423799" lat="45.6586338852901">
        <ele>1538.13</ele>
      </trkpt>
      <trkpt lon="7.07569635699032" lat="45.6582708579261">
        <ele>1532</ele>
      </trkpt>
      <trkpt lon="7.07563966357522" lat="45.6580149981455">
        <ele>1529.12</ele>
      </trkpt>
      <trkpt lon="7.07551667770322" lat="45.6578657598537">
        <ele>1528.07</ele>
      </trkpt>
      <trkpt lon="7.07549883582613" lat="45.657715953125">
        <ele>1528.02</ele>
      </trkpt>
      <trkpt lon="7.07537927626472" lat="45.6575042160685">
        <ele>1529</ele>
      </trkpt>
      <trkpt lon="7.0753311659576" lat="45.6574098854446">
        <ele>1530</ele>
      </trkpt>
      <trkpt lon="7.07526842362356" lat="45.6572331303779">
        <ele>1531</ele>
      </trkpt>
      <trkpt lon="7.0753048707522" lat="45.6569973803431">
        <ele>1533</ele>
      </trkpt>
      <trkpt lon="7.07536452852982" lat="45.656810895665">
        <ele>1534.56</ele>
      </trkpt>
      <trkpt lon="7.07537028749859" lat="45.6567851617388">
        <ele>1534</ele>
      </trkpt>
      <trkpt lon="7.07537408551297" lat="45.6567493108717">
        <ele>1534.04</ele>
      </trkpt>
      <trkpt lon="7.07535338792567" lat="45.6566041375656">
        <ele>1534.73</ele>
      </trkpt>
      <trkpt lon="7.07532196431763" lat="45.6564986568228">
        <ele>1534</ele>
      </trkpt>
      <trkpt lon="7.0752895326621" lat="45.6563775867882">
        <ele>1534.25</ele>
      </trkpt>
      <trkpt lon="7.07525514253199" lat="45.6559803375488">
        <ele>1533.38</ele>
      </trkpt>
      <trkpt lon="7.07525188969116" lat="45.6558393284062">
        <ele>1533</ele>
      </trkpt>
      <trkpt lon="7.07524574067292" lat="45.6557827880319">
        <ele>1533</ele>
      </trkpt>
      <trkpt lon="7.07528689355099" lat="45.655683030361">
        <ele>1533</ele>
      </trkpt>
      <trkpt lon="7.0753228944145" lat="45.6555389020768">
        <ele>1533</ele>
      </trkpt>
      <trkpt lon="7.07530958465972" lat="45.655455419287">
        <ele>1532.6</ele>
      </trkpt>
      <trkpt lon="7.0752956463825" lat="45.6554089207569">
        <ele>1533.26</ele>
      </trkpt>
      <trkpt lon="7.07521200285645" lat="45.6552691664204">
        <ele>1534.56</ele>
      </trkpt>
      <trkpt lon="7.07520938347257" lat="45.6552631801329">
        <ele>1534.64</ele>
      </trkpt>
      <trkpt lon="7.07520688623528" lat="45.6552611578355">
        <ele>1534.54</ele>
      </trkpt>
      <trkpt lon="7.07511602038181" lat="45.6551186728044">
        <ele>1534.02</ele>
      </trkpt>
      <trkpt lon="7.07502625796681" lat="45.6549439814165">
        <ele>1534.72</ele>
      </trkpt>
      <trkpt lon="7.07499232255804" lat="45.6548705931253">
        <ele>1534.34</ele>
      </trkpt>
      <trkpt lon="7.07492801502557" lat="45.6547583480037">
        <ele>1535</ele>
      </trkpt>
      <trkpt lon="7.07488508196638" lat="45.6546965960295">
        <ele>1535.19</ele>
      </trkpt>
      <trkpt lon="7.07472695851462" lat="45.6544419047382">
        <ele>1536.81</ele>
      </trkpt>
      <trkpt lon="7.07426560844607" lat="45.6539308845934">
        <ele>1539.02</ele>
      </trkpt>
      <trkpt lon="7.07405079428469" lat="45.6537051184806">
        <ele>1540.81</ele>
      </trkpt>
      <trkpt lon="7.07396300364018" lat="45.6535554832994">
        <ele>1541.62</ele>
      </trkpt>
      <trkpt lon="7.07394567751041" lat="45.6533121658856">
        <ele>1542.8</ele>
      </trkpt>
      <trkpt lon="7.07392279572214" lat="45.6532084491596">
        <ele>1543.78</ele>
      </trkpt>
      <trkpt lon="7.07381351912983" lat="45.6530265851794">
        <ele>1544.28</ele>
      </trkpt>
      <trkpt lon="7.07354422570796" lat="45.6522527324978">
        <ele>1548.56</ele>
      </trkpt>
      <trkpt lon="7.07347838784087" lat="45.6519869946033">
        <ele>1547.66</ele>
      </trkpt>
      <trkpt lon="7.07313434026232" lat="45.6514807396088">
        <ele>1547</ele>
      </trkpt>
      <trkpt lon="7.07282601568488" lat="45.6511154968498">
        <ele>1548</ele>
      </trkpt>
      <trkpt lon="7.07264256686103" lat="45.6508513745201">
        <ele>1548</ele>
      </trkpt>
      <trkpt lon="7.07253372749178" lat="45.6507543071267">
        <ele>1548</ele>
      </trkpt>
      <trkpt lon="7.0725064949492" lat="45.650683910643">
        <ele>1548</ele>
      </trkpt>
      <trkpt lon="7.07262663645019" lat="45.6505450749773">
        <ele>1549</ele>
      </trkpt>
      <trkpt lon="7.07278093259926" lat="45.6503496576617">
        <ele>1549</ele>
      </trkpt>
      <trkpt lon="7.07295450792775" lat="45.6501047892868">
        <ele>1550.51</ele>
      </trkpt>
      <trkpt lon="7.07293781158793" lat="45.6500415014181">
        <ele>1551.17</ele>
      </trkpt>
      <trkpt lon="7.07255354380077" lat="45.6498102640775">
        <ele>1552</ele>
      </trkpt>
      <trkpt lon="7.07230791738641" lat="45.6496079177012">
        <ele>1552.03</ele>
      </trkpt>
      <trkpt lon="7.07225838700082" lat="45.649544073944">
        <ele>1552.05</ele>
      </trkpt>
      <trkpt lon="7.07225138476636" lat="45.6495087618747">
        <ele>1552.72</ele>
      </trkpt>
      <trkpt lon="7.07226906372791" lat="45.6494685554774">
        <ele>1553</ele>
      </trkpt>
      <trkpt lon="7.0723222043104" lat="45.6494420914379">
        <ele>1554.28</ele>
      </trkpt>
      <trkpt lon="7.07238121400245" lat="45.6494391252698">
        <ele>1554.99</ele>
      </trkpt>
      <trkpt lon="7.07246322392148" lat="45.6494503207934">
        <ele>1555.93</ele>
      </trkpt>
      <trkpt lon="7.07258259285822" lat="45.6494685390792">
        <ele>1558</ele>
      </trkpt>
      <trkpt lon="7.07273819558029" lat="45.6495042887145">
        <ele>1560.22</ele>
      </trkpt>
      <trkpt lon="7.07301316086557" lat="45.6495996576792">
        <ele>1563.33</ele>
      </trkpt>
      <trkpt lon="7.07301316086557" lat="45.6495996576792">
        <ele>1563.33</ele>
      </trkpt>
      <trkpt lon="7.07278983392108" lat="45.6493083981674">
        <ele>1568.77</ele>
      </trkpt>
      <trkpt lon="7.07277992693706" lat="45.6490884286375">
        <ele>1574.74</ele>
      </trkpt>
      <trkpt lon="7.07285993028041" lat="45.6490084107312">
        <ele>1578.25</ele>
      </trkpt>
      <trkpt lon="7.07271989265222" lat="45.6487884038249">
        <ele>1592.42</ele>
      </trkpt>
      <trkpt lon="7.07260982058464" lat="45.648798428008">
        <ele>1590.76</ele>
      </trkpt>
      <trkpt lon="7.07257988579051" lat="45.6486983724173">
        <ele>1595.72</ele>
      </trkpt>
      <trkpt lon="7.07270989876567" lat="45.6486083964127">
        <ele>1603.79</ele>
      </trkpt>
      <trkpt lon="7.07259989235528" lat="45.6483883564641">
        <ele>1615.43</ele>
      </trkpt>
      <trkpt lon="7.07292993097189" lat="45.6483483808856">
        <ele>1623.04</ele>
      </trkpt>
      <trkpt lon="7.07287989116552" lat="45.6481983932855">
        <ele>1629.35</ele>
      </trkpt>
      <trkpt lon="7.07273988708166" lat="45.6481083591002">
        <ele>1633.21</ele>
      </trkpt>
      <trkpt lon="7.07278986317078" lat="45.6479683393898">
        <ele>1637.65</ele>
      </trkpt>
      <trkpt lon="7.07273991304465" lat="45.6477783868945">
        <ele>1642.8</ele>
      </trkpt>
      <trkpt lon="7.07253989751472" lat="45.6476383758664">
        <ele>1646.07</ele>
      </trkpt>
      <trkpt lon="7.07258984283712" lat="45.6473683806576">
        <ele>1652.04</ele>
      </trkpt>
      <trkpt lon="7.07244984945674" lat="45.6471583656706">
        <ele>1654.02</ele>
      </trkpt>
      <trkpt lon="7.0725798669874" lat="45.646978381842">
        <ele>1663.84</ele>
      </trkpt>
      <trkpt lon="7.07272997664098" lat="45.6469383406246">
        <ele>1668.94</ele>
      </trkpt>
      <trkpt lon="7.07280115987994" lat="45.6467412502377">
        <ele>1678.43</ele>
      </trkpt>
      <trkpt lon="7.07283823679913" lat="45.6466854408579">
        <ele>1679.52</ele>
      </trkpt>
      <trkpt lon="7.07283823679913" lat="45.6466854408579">
        <ele>1679.52</ele>
      </trkpt>
      <trkpt lon="7.07259313783498" lat="45.6463596108198">
        <ele>1675.96</ele>
      </trkpt>
      <trkpt lon="7.0725220046863" lat="45.6462709190044">
        <ele>1674.08</ele>
      </trkpt>
      <trkpt lon="7.07234606728577" lat="45.6461399584386">
        <ele>1672</ele>
      </trkpt>
      <trkpt lon="7.0719252628391" lat="45.6457550835386">
        <ele>1668.34</ele>
      </trkpt>
      <trkpt lon="7.07160298822002" lat="45.6455169688505">
        <ele>1664.92</ele>
      </trkpt>
      <trkpt lon="7.07154606895751" lat="45.645444269243">
        <ele>1663.73</ele>
      </trkpt>
      <trkpt lon="7.07144631868568" lat="45.6452061289387">
        <ele>1662.13</ele>
      </trkpt>
      <trkpt lon="7.07128107862824" lat="45.6446590524345">
        <ele>1666</ele>
      </trkpt>
      <trkpt lon="7.07105916669593" lat="45.6443124582102">
        <ele>1669</ele>
      </trkpt>
      <trkpt lon="7.07103189108179" lat="45.6441724821954">
        <ele>1669</ele>
      </trkpt>
      <trkpt lon="7.07104145980023" lat="45.6439386180614">
        <ele>1670</ele>
      </trkpt>
      <trkpt lon="7.07104702453045" lat="45.6437615747649">
        <ele>1670.11</ele>
      </trkpt>
      <trkpt lon="7.07097525041697" lat="45.6433553193852">
        <ele>1670</ele>
      </trkpt>
      <trkpt lon="7.07090280810181" lat="45.6431666944834">
        <ele>1670</ele>
      </trkpt>
      <trkpt lon="7.07078629128316" lat="45.6427631054031">
        <ele>1670.61</ele>
      </trkpt>
      <trkpt lon="7.07069751282331" lat="45.6422766339483">
        <ele>1668</ele>
      </trkpt>
      <trkpt lon="7.07063172730644" lat="45.6420324966015">
        <ele>1667.61</ele>
      </trkpt>
      <trkpt lon="7.07059594405972" lat="45.6417068658261">
        <ele>1664.96</ele>
      </trkpt>
      <trkpt lon="7.07056325587294" lat="45.641634847027">
        <ele>1665</ele>
      </trkpt>
      <trkpt lon="7.07050075567237" lat="45.6415752838078">
        <ele>1662.87</ele>
      </trkpt>
      <trkpt lon="7.07025970174951" lat="45.6413643705954">
        <ele>1664.11</ele>
      </trkpt>
      <trkpt lon="7.07004162289322" lat="45.6411757165006">
        <ele>1663.37</ele>
      </trkpt>
      <trkpt lon="7.06997095134539" lat="45.6410627296336">
        <ele>1663</ele>
      </trkpt>
      <trkpt lon="7.06993768555141" lat="45.6409814272617">
        <ele>1663</ele>
      </trkpt>
      <trkpt lon="7.06992258460377" lat="45.640871902133">
        <ele>1663</ele>
      </trkpt>
      <trkpt lon="7.06992212157071" lat="45.6406873752566">
        <ele>1663</ele>
      </trkpt>
      <trkpt lon="7.06995022587914" lat="45.6405005402664">
        <ele>1663</ele>
      </trkpt>
      <trkpt lon="7.0701619342263" lat="45.6398919631001">
        <ele>1659</ele>
      </trkpt>
      <trkpt lon="7.0701619342263" lat="45.6398919631001">
        <ele>1659</ele>
      </trkpt>
      <trkpt lon="7.07024362516135" lat="45.6395981120453">
        <ele>1656.38</ele>
      </trkpt>
      <trkpt lon="7.07024609885904" lat="45.6395261463671">
        <ele>1656</ele>
      </trkpt>
      <trkpt lon="7.07022596875544" lat="45.6394808005846">
        <ele>1656</ele>
      </trkpt>
      <trkpt lon="7.07017660687382" lat="45.6394647552562">
        <ele>1655.98</ele>
      </trkpt>
      <trkpt lon="7.07013274751437" lat="45.6394677937956">
        <ele>1655</ele>
      </trkpt>
      <trkpt lon="7.07005695375912" lat="45.6394890158161">
        <ele>1655</ele>
      </trkpt>
      <trkpt lon="7.06938921518786" lat="45.6401347978221">
        <ele>1649.66</ele>
      </trkpt>
      <trkpt lon="7.06931378802368" lat="45.6401602560641">
        <ele>1649</ele>
      </trkpt>
      <trkpt lon="7.069261895848" lat="45.6401281464175">
        <ele>1648.52</ele>
      </trkpt>
      <trkpt lon="7.0691864919272" lat="45.6398205684905">
        <ele>1645</ele>
      </trkpt>
      <trkpt lon="7.06916155993876" lat="45.6397246463869">
        <ele>1644</ele>
      </trkpt>
      <trkpt lon="7.06900879586428" lat="45.6392822754232">
        <ele>1638</ele>
      </trkpt>
      <trkpt lon="7.06880130018355" lat="45.6389727350525">
        <ele>1635</ele>
      </trkpt>
      <trkpt lon="7.06875030416553" lat="45.6388548593649">
        <ele>1634</ele>
      </trkpt>
      <trkpt lon="7.06848339433425" lat="45.6379295473473">
        <ele>1626</ele>
      </trkpt>
      <trkpt lon="7.0683687787569" lat="45.6376058241889">
        <ele>1623</ele>
      </trkpt>
      <trkpt lon="7.06824293366691" lat="45.6372167464971">
        <ele>1620</ele>
      </trkpt>
      <trkpt lon="7.06799594058558" lat="45.6367314652048">
        <ele>1620</ele>
      </trkpt>
      <trkpt lon="7.06737938276357" lat="45.6357363285889">
        <ele>1626</ele>
      </trkpt>
      <trkpt lon="7.06723834261341" lat="45.635502165764">
        <ele>1626</ele>
      </trkpt>
      <trkpt lon="7.06712092039026" lat="45.6352305105575">
        <ele>1626</ele>
      </trkpt>
      <trkpt lon="7.06693868265826" lat="45.6346871867667">
        <ele>1624</ele>
      </trkpt>
      <trkpt lon="7.06695890353851" lat="45.6342148889546">
        <ele>1622.02</ele>
      </trkpt>
      <trkpt lon="7.06695079933882" lat="45.6341371646957">
        <ele>1621.08</ele>
      </trkpt>
      <trkpt lon="7.06677623145458" lat="45.6338633699916">
        <ele>1619</ele>
      </trkpt>
      <trkpt lon="7.06674462087145" lat="45.6338013570113">
        <ele>1619</ele>
      </trkpt>
      <trkpt lon="7.06637946656059" lat="45.6337530522468">
        <ele>1619.73</ele>
      </trkpt>
      <trkpt lon="7.06614351772702" lat="45.633712151702">
        <ele>1622</ele>
      </trkpt>
      <trkpt lon="7.06578303774122" lat="45.6337032563089">
        <ele>1626</ele>
      </trkpt>
      <trkpt lon="7.06541786008842" lat="45.6337116529724">
        <ele>1635.71</ele>
      </trkpt>
      <trkpt lon="7.06529786517237" lat="45.6337423831362">
        <ele>1635.16</ele>
      </trkpt>
      <trkpt lon="7.06529786517237" lat="45.6337423831362">
        <ele>1635.16</ele>
      </trkpt>
      <trkpt lon="7.06515753965964" lat="45.6337525153614">
        <ele>1635</ele>
      </trkpt>
      <trkpt lon="7.06507666995555" lat="45.6336754487455">
        <ele>1637</ele>
      </trkpt>
      <trkpt lon="7.06501281770835" lat="45.6335773373204">
        <ele>1640.15</ele>
      </trkpt>
      <trkpt lon="7.06495041178014" lat="45.6335265937692">
        <ele>1642.16</ele>
      </trkpt>
      <trkpt lon="7.06479813763009" lat="45.6333136591483">
        <ele>1645.6</ele>
      </trkpt>
      <trkpt lon="7.06475795676454" lat="45.6332845358021">
        <ele>1646</ele>
      </trkpt>
      <trkpt lon="7.06464204396869" lat="45.6330998522462">
        <ele>1649.84</ele>
      </trkpt>
      <trkpt lon="7.06462454758411" lat="45.6330379005157">
        <ele>1650.53</ele>
      </trkpt>
      <trkpt lon="7.06468725490548" lat="45.6327369796563">
        <ele>1652</ele>
      </trkpt>
      <trkpt lon="7.06465965327392" lat="45.6326481215944">
        <ele>1653</ele>
      </trkpt>
      <trkpt lon="7.06455096470186" lat="45.6325108143021">
        <ele>1653.11</ele>
      </trkpt>
      <trkpt lon="7.06436569477857" lat="45.6323283773512">
        <ele>1655</ele>
      </trkpt>
      <trkpt lon="7.06432625230205" lat="45.6321846816819">
        <ele>1657.26</ele>
      </trkpt>
      <trkpt lon="7.06424242362232" lat="45.6319961316739">
        <ele>1658</ele>
      </trkpt>
      <trkpt lon="7.0642262983057" lat="45.631853461257">
        <ele>1657.94</ele>
      </trkpt>
      <trkpt lon="7.06417664408248" lat="45.6317305687904">
        <ele>1657.99</ele>
      </trkpt>
      <trkpt lon="7.06417046251091" lat="45.6316344218642">
        <ele>1658.11</ele>
      </trkpt>
      <trkpt lon="7.06420685607477" lat="45.6314381894975">
        <ele>1658</ele>
      </trkpt>
      <trkpt lon="7.06425044864446" lat="45.6311596273493">
        <ele>1657.73</ele>
      </trkpt>
      <trkpt lon="7.06428685579442" lat="45.6311194711361">
        <ele>1657.27</ele>
      </trkpt>
      <trkpt lon="7.06428685579442" lat="45.6311194711361">
        <ele>1657.27</ele>
      </trkpt>
      <trkpt lon="7.06437810313008" lat="45.6312155272197">
        <ele>1656.43</ele>
      </trkpt>
      <trkpt lon="7.0645483248309" lat="45.6307282193777">
        <ele>1657</ele>
      </trkpt>
      <trkpt lon="7.06461083356227" lat="45.6304963335891">
        <ele>1658</ele>
      </trkpt>
      <trkpt lon="7.06455693136809" lat="45.6302658939282">
        <ele>1658</ele>
      </trkpt>
      <trkpt lon="7.06434746100678" lat="45.630078634399">
        <ele>1658</ele>
      </trkpt>
      <trkpt lon="7.06398067102614" lat="45.6297247108107">
        <ele>1657.82</ele>
      </trkpt>
      <trkpt lon="7.06398067102614" lat="45.6297247108107">
        <ele>1657.82</ele>
      </trkpt>
      <trkpt lon="7.06386535966877" lat="45.6296085317644">
        <ele>1658</ele>
      </trkpt>
      <trkpt lon="7.06313970273594" lat="45.6288686783036">
        <ele>1660</ele>
      </trkpt>
      <trkpt lon="7.0630346826253" lat="45.6287852585158">
        <ele>1660</ele>
      </trkpt>
      <trkpt lon="7.0629656130278" lat="45.6287159505437">
        <ele>1660</ele>
      </trkpt>
      <trkpt lon="7.06289671370987" lat="45.6286045192902">
        <ele>1660.11</ele>
      </trkpt>
      <trkpt lon="7.06268162590649" lat="45.6284502827608">
        <ele>1660</ele>
      </trkpt>
      <trkpt lon="7.06255424256426" lat="45.6283086085108">
        <ele>1658</ele>
      </trkpt>
      <trkpt lon="7.06227607910958" lat="45.627554017361">
        <ele>1651</ele>
      </trkpt>
      <trkpt lon="7.06214554574224" lat="45.6272693505908">
        <ele>1650</ele>
      </trkpt>
      <trkpt lon="7.06213571639465" lat="45.6271971764556">
        <ele>1650</ele>
      </trkpt>
      <trkpt lon="7.06213828027746" lat="45.6270595952381">
        <ele>1650</ele>
      </trkpt>
      <trkpt lon="7.06221391862611" lat="45.6268898611431">
        <ele>1650</ele>
      </trkpt>
      <trkpt lon="7.06221391862611" lat="45.6268898611431">
        <ele>1650</ele>
      </trkpt>
      <trkpt lon="7.0624636560428" lat="45.6269616042649">
        <ele>1649.84</ele>
      </trkpt>
      <trkpt lon="7.06252691570349" lat="45.6269649299632">
        <ele>1651</ele>
      </trkpt>
      <trkpt lon="7.0625805090475" lat="45.626939735405">
        <ele>1651</ele>
      </trkpt>
      <trkpt lon="7.0626188057102" lat="45.6267293110337">
        <ele>1651.83</ele>
      </trkpt>
      <trkpt lon="7.06271219864048" lat="45.6266287344083">
        <ele>1652</ele>
      </trkpt>
      <trkpt lon="7.06302660256552" lat="45.6264991453106">
        <ele>1653</ele>
      </trkpt>
      <trkpt lon="7.06347336435689" lat="45.6264001499358">
        <ele>1655</ele>
      </trkpt>
      <trkpt lon="7.0636995210215" lat="45.6263147860944">
        <ele>1658</ele>
      </trkpt>
      <trkpt lon="7.0637357230091" lat="45.6262544627049">
        <ele>1659</ele>
      </trkpt>
      <trkpt lon="7.06376846238673" lat="45.6258439415743">
        <ele>1661</ele>
      </trkpt>
      <trkpt lon="7.06380674177079" lat="45.6258052576387">
        <ele>1661.75</ele>
      </trkpt>
      <trkpt lon="7.06383319144247" lat="45.6255698797464">
        <ele>1663</ele>
      </trkpt>
      <trkpt lon="7.06348145706242" lat="45.6252304288929">
        <ele>1661.44</ele>
      </trkpt>
      <trkpt lon="7.06350148090711" lat="45.6251705525797">
        <ele>1662.52</ele>
      </trkpt>
      <trkpt lon="7.06350258997494" lat="45.625134568351">
        <ele>1663</ele>
      </trkpt>
      <trkpt lon="7.06347528163733" lat="45.6251043117683">
        <ele>1662.03</ele>
      </trkpt>
      <trkpt lon="7.06350007738323" lat="45.6250660277119">
        <ele>1663.95</ele>
      </trkpt>
      <trkpt lon="7.06348458430435" lat="45.6249795364946">
        <ele>1666.07</ele>
      </trkpt>
      <trkpt lon="7.06336575866547" lat="45.6247385459387">
        <ele>1665.97</ele>
      </trkpt>
      <trkpt lon="7.06331028030816" lat="45.6245652354803">
        <ele>1668.75</ele>
      </trkpt>
      <trkpt lon="7.06331107588706" lat="45.6245086312849">
        <ele>1669.83</ele>
      </trkpt>
      <trkpt lon="7.06336587169555" lat="45.6245006510608">
        <ele>1671.95</ele>
      </trkpt>
      <trkpt lon="7.06335428296741" lat="45.6244795726396">
        <ele>1671.47</ele>
      </trkpt>
      <trkpt lon="7.0633859769536" lat="45.6243973903227">
        <ele>1674.6</ele>
      </trkpt>
      <trkpt lon="7.06334404914579" lat="45.6243521248867">
        <ele>1674.81</ele>
      </trkpt>
      <trkpt lon="7.06339244233786" lat="45.6243288219923">
        <ele>1677.52</ele>
      </trkpt>
      <trkpt lon="7.06343532385879" lat="45.6243277501597">
        <ele>1678.91</ele>
      </trkpt>
      <trkpt lon="7.06347939526948" lat="45.6242772826504">
        <ele>1682.08</ele>
      </trkpt>
      <trkpt lon="7.06345949607058" lat="45.6242144780979">
        <ele>1684.01</ele>
      </trkpt>
      <trkpt lon="7.06348007272986" lat="45.6241533489808">
        <ele>1686.15</ele>
      </trkpt>
      <trkpt lon="7.0633943320119" lat="45.6240095889725">
        <ele>1692</ele>
      </trkpt>
      <trkpt lon="7.06341442782987" lat="45.6239624046464">
        <ele>1692</ele>
      </trkpt>
      <trkpt lon="7.06346841322188" lat="45.6239183151718">
        <ele>1692</ele>
      </trkpt>
      <trkpt lon="7.06345957780719" lat="45.6238731611712">
        <ele>1692.75</ele>
      </trkpt>
      <trkpt lon="7.06305661019197" lat="45.6233307685998">
        <ele>1699.34</ele>
      </trkpt>
      <trkpt lon="7.06251164473673" lat="45.6225204373476">
        <ele>1709</ele>
      </trkpt>
      <trkpt lon="7.06250161182874" lat="45.6224876836477">
        <ele>1708.56</ele>
      </trkpt>
      <trkpt lon="7.0625294402153" lat="45.6224878839231">
        <ele>1709.65</ele>
      </trkpt>
      <trkpt lon="7.06254728651736" lat="45.6225544357721">
        <ele>1709.06</ele>
      </trkpt>
      <trkpt lon="7.06260005963705" lat="45.6225678421778">
        <ele>1711.46</ele>
      </trkpt>
      <trkpt lon="7.06271745785607" lat="45.6225075473558">
        <ele>1719</ele>
      </trkpt>
      <trkpt lon="7.06275075534036" lat="45.6225314232804">
        <ele>1720.33</ele>
      </trkpt>
      <trkpt lon="7.06283194133448" lat="45.6224871673992">
        <ele>1724.44</ele>
      </trkpt>
      <trkpt lon="7.06281436704916" lat="45.6224313324894">
        <ele>1724.76</ele>
      </trkpt>
      <trkpt lon="7.06285972482251" lat="45.6223695452632">
        <ele>1728.07</ele>
      </trkpt>
      <trkpt lon="7.06282649419286" lat="45.6223362163235">
        <ele>1727.04</ele>
      </trkpt>
      <trkpt lon="7.06275649830523" lat="45.6223312488518">
        <ele>1726.95</ele>
      </trkpt>
      <trkpt lon="7.0627375426423" lat="45.622315537161">
        <ele>1727.12</ele>
      </trkpt>
      <trkpt lon="7.06273022750237" lat="45.6222299932695">
        <ele>1731.04</ele>
      </trkpt>
      <trkpt lon="7.06267071889271" lat="45.6221775885942">
        <ele>1732.15</ele>
      </trkpt>
      <trkpt lon="7.06261825414324" lat="45.622162657153">
        <ele>1732.97</ele>
      </trkpt>
      <trkpt lon="7.06263230069661" lat="45.6220714438819">
        <ele>1735.11</ele>
      </trkpt>
      <trkpt lon="7.06261145034397" lat="45.6220660490991">
        <ele>1734.28</ele>
      </trkpt>
      <trkpt lon="7.06260616739509" lat="45.6220406678532">
        <ele>1734.78</ele>
      </trkpt>
      <trkpt lon="7.06255738025982" lat="45.6220381312043">
        <ele>1732.97</ele>
      </trkpt>
      <trkpt lon="7.06258035409548" lat="45.621981993903">
        <ele>1735.95</ele>
      </trkpt>
      <trkpt lon="7.06253475956986" lat="45.6219352256159">
        <ele>1738.06</ele>
      </trkpt>
      <trkpt lon="7.06257143106147" lat="45.6218723910568">
        <ele>1741</ele>
      </trkpt>
      <trkpt lon="7.06255376183414" lat="45.6218416678894">
        <ele>1740.93</ele>
      </trkpt>
      <trkpt lon="7.06243619642073" lat="45.6217877376118">
        <ele>1741.68</ele>
      </trkpt>
      <trkpt lon="7.06243200271471" lat="45.6217456309554">
        <ele>1743.99</ele>
      </trkpt>
      <trkpt lon="7.06238956926929" lat="45.6217039572717">
        <ele>1745.15</ele>
      </trkpt>
      <trkpt lon="7.06240495030397" lat="45.6216968377975">
        <ele>1745.73</ele>
      </trkpt>
      <trkpt lon="7.06240920552561" lat="45.6217185106067">
        <ele>1745.38</ele>
      </trkpt>
      <trkpt lon="7.06248664558394" lat="45.6217456592647">
        <ele>1745</ele>
      </trkpt>
      <trkpt lon="7.06253723868863" lat="45.6217292343426">
        <ele>1745.97</ele>
      </trkpt>
      <trkpt lon="7.06254459976934" lat="45.6217389902153">
        <ele>1745.68</ele>
      </trkpt>
      <trkpt lon="7.06261560978268" lat="45.6217330852009">
        <ele>1749.66</ele>
      </trkpt>
      <trkpt lon="7.06262774086769" lat="45.6217197877617">
        <ele>1751.17</ele>
      </trkpt>
      <trkpt lon="7.06262420910577" lat="45.6216361995119">
        <ele>1755.05</ele>
      </trkpt>
      <trkpt lon="7.06256724732427" lat="45.6216066093246">
        <ele>1755.58</ele>
      </trkpt>
      <trkpt lon="7.06255570936082" lat="45.6215468271519">
        <ele>1758.05</ele>
      </trkpt>
      <trkpt lon="7.0625231175575" lat="45.6215173816495">
        <ele>1758.73</ele>
      </trkpt>
      <trkpt lon="7.06253216867894" lat="45.6214706416718">
        <ele>1760.39</ele>
      </trkpt>
      <trkpt lon="7.06250034151453" lat="45.6214040341301">
        <ele>1761.06</ele>
      </trkpt>
      <trkpt lon="7.06255102407472" lat="45.6213589890439">
        <ele>1764.97</ele>
      </trkpt>
      <trkpt lon="7.06260610251897" lat="45.6212458811758">
        <ele>1770.83</ele>
      </trkpt>
      <trkpt lon="7.06259637540795" lat="45.6213420251685">
        <ele>1768.11</ele>
      </trkpt>
      <trkpt lon="7.06266503928864" lat="45.6214190694419">
        <ele>1767.82</ele>
      </trkpt>
      <trkpt lon="7.0626846628225" lat="45.6213744879546">
        <ele>1770.06</ele>
      </trkpt>
      <trkpt lon="7.0626540436074" lat="45.6213286920597">
        <ele>1770.32</ele>
      </trkpt>
      <trkpt lon="7.06268386828587" lat="45.6212374789419">
        <ele>1774.99</ele>
      </trkpt>
      <trkpt lon="7.06276765793323" lat="45.6212925450311">
        <ele>1777.48</ele>
      </trkpt>
      <trkpt lon="7.06276509910752" lat="45.6213146455627">
        <ele>1776.68</ele>
      </trkpt>
      <trkpt lon="7.06279964089455" lat="45.6213470939374">
        <ele>1776.95</ele>
      </trkpt>
      <trkpt lon="7.06283141920514" lat="45.6213555527924">
        <ele>1778.8</ele>
      </trkpt>
      <trkpt lon="7.06282761863435" lat="45.6213802422659">
        <ele>1777.42</ele>
      </trkpt>
      <trkpt lon="7.06286818358042" lat="45.6213719285618">
        <ele>1779.8</ele>
      </trkpt>
      <trkpt lon="7.06289377189293" lat="45.6214296997093">
        <ele>1780.83</ele>
      </trkpt>
      <trkpt lon="7.06293868326755" lat="45.6214664649601">
        <ele>1782.45</ele>
      </trkpt>
      <trkpt lon="7.06304907244001" lat="45.6214344930053">
        <ele>1786.41</ele>
      </trkpt>
      <trkpt lon="7.06308195850728" lat="45.6213326213155">
        <ele>1788.64</ele>
      </trkpt>
      <trkpt lon="7.06303746178352" lat="45.6212576967747">
        <ele>1788.93</ele>
      </trkpt>
      <trkpt lon="7.06301394663316" lat="45.6211545967284">
        <ele>1792.09</ele>
      </trkpt>
      <trkpt lon="7.06303193521374" lat="45.6210495025906">
        <ele>1796.51</ele>
      </trkpt>
      <trkpt lon="7.06300665775627" lat="45.6210050567816">
        <ele>1796.74</ele>
      </trkpt>
      <trkpt lon="7.06302052803063" lat="45.6209784701359">
        <ele>1797.76</ele>
      </trkpt>
      <trkpt lon="7.0630072696726" lat="45.6209649252216">
        <ele>1797.23</ele>
      </trkpt>
      <trkpt lon="7.06296173248532" lat="45.6209686526509">
        <ele>1796.46</ele>
      </trkpt>
      <trkpt lon="7.06297135002292" lat="45.620935240792">
        <ele>1796.79</ele>
      </trkpt>
      <trkpt lon="7.06294956695776" lat="45.6208973368484">
        <ele>1797.46</ele>
      </trkpt>
      <trkpt lon="7.06296815661733" lat="45.6208790199012">
        <ele>1798.36</ele>
      </trkpt>
      <trkpt lon="7.06295848254933" lat="45.6208209822349">
        <ele>1799.25</ele>
      </trkpt>
      <trkpt lon="7.06302516244422" lat="45.6207880876101">
        <ele>1802</ele>
      </trkpt>
      <trkpt lon="7.06298274766" lat="45.6206453336041">
        <ele>1804.84</ele>
      </trkpt>
      <trkpt lon="7.06299250175736" lat="45.620589332289">
        <ele>1806.87</ele>
      </trkpt>
      <trkpt lon="7.06300586888078" lat="45.6205810988782">
        <ele>1807.73</ele>
      </trkpt>
      <trkpt lon="7.06304015949039" lat="45.6206729487459">
        <ele>1806.25</ele>
      </trkpt>
      <trkpt lon="7.06307569675381" lat="45.6206542013969">
        <ele>1808.48</ele>
      </trkpt>
      <trkpt lon="7.06312676718669" lat="45.6206610965111">
        <ele>1810.34</ele>
      </trkpt>
      <trkpt lon="7.06315277395785" lat="45.6206285042765">
        <ele>1812.15</ele>
      </trkpt>
      <trkpt lon="7.06326108843859" lat="45.6205785874053">
        <ele>1816.83</ele>
      </trkpt>
      <trkpt lon="7.06325721736835" lat="45.6205158746778">
        <ele>1818</ele>
      </trkpt>
      <trkpt lon="7.06328605498197" lat="45.6204718988508">
        <ele>1819.44</ele>
      </trkpt>
      <trkpt lon="7.06327630426569" lat="45.6203565208514">
        <ele>1820.83</ele>
      </trkpt>
      <trkpt lon="7.06330866677283" lat="45.6203218758491">
        <ele>1822.11</ele>
      </trkpt>
      <trkpt lon="7.06329046279239" lat="45.6203625211399">
        <ele>1821.06</ele>
      </trkpt>
      <trkpt lon="7.06330067051069" lat="45.6204050889774">
        <ele>1820.91</ele>
      </trkpt>
      <trkpt lon="7.06331716850975" lat="45.620384124721">
        <ele>1821.53</ele>
      </trkpt>
      <trkpt lon="7.06330153607566" lat="45.6204618987494">
        <ele>1820.02</ele>
      </trkpt>
      <trkpt lon="7.06333128021148" lat="45.6205107391568">
        <ele>1820.25</ele>
      </trkpt>
      <trkpt lon="7.06336176967626" lat="45.6205155756859">
        <ele>1821.08</ele>
      </trkpt>
      <trkpt lon="7.06347805086146" lat="45.6204726340677">
        <ele>1825.92</ele>
      </trkpt>
      <trkpt lon="7.06350467569422" lat="45.6203700234097">
        <ele>1828.32</ele>
      </trkpt>
      <trkpt lon="7.06346978114128" lat="45.6203365777843">
        <ele>1827.96</ele>
      </trkpt>
      <trkpt lon="7.06354003384011" lat="45.6202781825521">
        <ele>1832.07</ele>
      </trkpt>
      <trkpt lon="7.06357013440399" lat="45.6202831940818">
        <ele>1833.25</ele>
      </trkpt>
      <trkpt lon="7.06359781058477" lat="45.6202542297326">
        <ele>1834.3</ele>
      </trkpt>
      <trkpt lon="7.06359540039089" lat="45.6202050451376">
        <ele>1834.82</ele>
      </trkpt>
      <trkpt lon="7.06363784949777" lat="45.620156888782">
        <ele>1837.45</ele>
      </trkpt>
      <trkpt lon="7.06365300087038" lat="45.6201042209366">
        <ele>1838.25</ele>
      </trkpt>
      <trkpt lon="7.0636852823319" lat="45.6200943265566">
        <ele>1839.49</ele>
      </trkpt>
      <trkpt lon="7.06363167692625" lat="45.6200268993384">
        <ele>1840.18</ele>
      </trkpt>
      <trkpt lon="7.06364159442235" lat="45.6199959236549">
        <ele>1841</ele>
      </trkpt>
      <trkpt lon="7.06361332272352" lat="45.6199378385847">
        <ele>1841.97</ele>
      </trkpt>
      <trkpt lon="7.06348247489077" lat="45.6198227483051">
        <ele>1841.82</ele>
      </trkpt>
      <trkpt lon="7.06348617394578" lat="45.6197339711061">
        <ele>1844</ele>
      </trkpt>
      <trkpt lon="7.06345942390377" lat="45.6197062451483">
        <ele>1844.35</ele>
      </trkpt>
      <trkpt lon="7.06344366370456" lat="45.6196424294997">
        <ele>1845.87</ele>
      </trkpt>
      <trkpt lon="7.06346775743313" lat="45.6195648000017">
        <ele>1848.66</ele>
      </trkpt>
      <trkpt lon="7.06341326122575" lat="45.6194525327572">
        <ele>1852.27</ele>
      </trkpt>
      <trkpt lon="7.0634101651012" lat="45.6193934340171">
        <ele>1854.37</ele>
      </trkpt>
      <trkpt lon="7.06338672315705" lat="45.6193813362626">
        <ele>1854.18</ele>
      </trkpt>
      <trkpt lon="7.06337635415718" lat="45.6193472269699">
        <ele>1856.12</ele>
      </trkpt>
      <trkpt lon="7.06331935294612" lat="45.6193449985823">
        <ele>1855.19</ele>
      </trkpt>
      <trkpt lon="7.06328527517695" lat="45.6193065278383">
        <ele>1856.22</ele>
      </trkpt>
      <trkpt lon="7.06330900787356" lat="45.619224481559">
        <ele>1858.66</ele>
      </trkpt>
      <trkpt lon="7.06329568676526" lat="45.6191531463004">
        <ele>1859.04</ele>
      </trkpt>
      <trkpt lon="7.06324036322804" lat="45.6191580597756">
        <ele>1856.89</ele>
      </trkpt>
      <trkpt lon="7.06316942643467" lat="45.6191134718529">
        <ele>1854.95</ele>
      </trkpt>
      <trkpt lon="7.06317583564028" lat="45.6190764070932">
        <ele>1856.22</ele>
      </trkpt>
      <trkpt lon="7.06322433715891" lat="45.6190535569892">
        <ele>1858.12</ele>
      </trkpt>
      <trkpt lon="7.0632470175673" lat="45.6188047037226">
        <ele>1867.78</ele>
      </trkpt>
      <trkpt lon="7.06322661207" lat="45.6187789750989">
        <ele>1868.36</ele>
      </trkpt>
      <trkpt lon="7.06316059704626" lat="45.6187628240511">
        <ele>1866.59</ele>
      </trkpt>
      <trkpt lon="7.06314956683571" lat="45.6187330231937">
        <ele>1867.77</ele>
      </trkpt>
      <trkpt lon="7.06317083227942" lat="45.6186779386803">
        <ele>1871.53</ele>
      </trkpt>
      <trkpt lon="7.06313366751727" lat="45.6186807272784">
        <ele>1869.97</ele>
      </trkpt>
      <trkpt lon="7.06312945757549" lat="45.6186167506269">
        <ele>1871.84</ele>
      </trkpt>
      <trkpt lon="7.06321115915172" lat="45.618628035038">
        <ele>1874.03</ele>
      </trkpt>
      <trkpt lon="7.06323730014503" lat="45.6185505305631">
        <ele>1876.96</ele>
      </trkpt>
      <trkpt lon="7.06322382001983" lat="45.6185136683931">
        <ele>1876.76</ele>
      </trkpt>
      <trkpt lon="7.06316678874968" lat="45.6184862393708">
        <ele>1874.83</ele>
      </trkpt>
      <trkpt lon="7.06315260309093" lat="45.6184474743683">
        <ele>1876.37</ele>
      </trkpt>
      <trkpt lon="7.06310522190399" lat="45.6184265983825">
        <ele>1876.97</ele>
      </trkpt>
      <trkpt lon="7.06310434032356" lat="45.6183367516677">
        <ele>1883.92</ele>
      </trkpt>
      <trkpt lon="7.06305904400301" lat="45.6182404849155">
        <ele>1890.27</ele>
      </trkpt>
      <trkpt lon="7.06303715758429" lat="45.6182316511472">
        <ele>1890.73</ele>
      </trkpt>
      <trkpt lon="7.06306550690198" lat="45.6181570634339">
        <ele>1895.9</ele>
      </trkpt>
      <trkpt lon="7.06309940547882" lat="45.6181262268758">
        <ele>1897.29</ele>
      </trkpt>
      <trkpt lon="7.0630893447746" lat="45.6180943704206">
        <ele>1899.41</ele>
      </trkpt>
      <trkpt lon="7.06303605453139" lat="45.6181035479117">
        <ele>1898.85</ele>
      </trkpt>
      <trkpt lon="7.06302497392377" lat="45.6180938197814">
        <ele>1899.38</ele>
      </trkpt>
      <trkpt lon="7.06315656629263" lat="45.6180642786494">
        <ele>1901</ele>
      </trkpt>
      <trkpt lon="7.06323310780342" lat="45.6180167920864">
        <ele>1902.92</ele>
      </trkpt>
      <trkpt lon="7.06328155863026" lat="45.6180289539743">
        <ele>1903.21</ele>
      </trkpt>
      <trkpt lon="7.06317283164121" lat="45.6178676127456">
        <ele>1909.05</ele>
      </trkpt>
      <trkpt lon="7.06315476422059" lat="45.6178856685802">
        <ele>1908.07</ele>
      </trkpt>
      <trkpt lon="7.06312005544539" lat="45.6178693289428">
        <ele>1908.44</ele>
      </trkpt>
      <trkpt lon="7.06315003511253" lat="45.6178070082208">
        <ele>1910.43</ele>
      </trkpt>
      <trkpt lon="7.06314600283337" lat="45.6177490650564">
        <ele>1913.21</ele>
      </trkpt>
      <trkpt lon="7.06306666018501" lat="45.6177102744203">
        <ele>1911.3</ele>
      </trkpt>
      <trkpt lon="7.06310800600708" lat="45.6176865825589">
        <ele>1914.06</ele>
      </trkpt>
      <trkpt lon="7.06324336777161" lat="45.6178045423986">
        <ele>1913.12</ele>
      </trkpt>
      <trkpt lon="7.06328062521094" lat="45.6177506275145">
        <ele>1917.25</ele>
      </trkpt>
      <trkpt lon="7.06331995435361" lat="45.6175845070481">
        <ele>1923.88</ele>
      </trkpt>
      <trkpt lon="7.06331049919848" lat="45.6175536534018">
        <ele>1923.47</ele>
      </trkpt>
      <trkpt lon="7.06335228943554" lat="45.6175319504837">
        <ele>1925.07</ele>
      </trkpt>
      <trkpt lon="7.06334157190449" lat="45.6175638095149">
        <ele>1924.7</ele>
      </trkpt>
      <trkpt lon="7.0633619302975" lat="45.6175835074307">
        <ele>1925.51</ele>
      </trkpt>
      <trkpt lon="7.06345477662901" lat="45.617591472422">
        <ele>1928.1</ele>
      </trkpt>
      <trkpt lon="7.06353033786928" lat="45.617669264003">
        <ele>1928.09</ele>
      </trkpt>
      <trkpt lon="7.06355366212157" lat="45.617733204728">
        <ele>1927.1</ele>
      </trkpt>
      <trkpt lon="7.06358937134455" lat="45.6177279604984">
        <ele>1928.57</ele>
      </trkpt>
      <trkpt lon="7.06364365918316" lat="45.6177009770132">
        <ele>1931.44</ele>
      </trkpt>
      <trkpt lon="7.06365045480471" lat="45.6176488868791">
        <ele>1932.54</ele>
      </trkpt>
      <trkpt lon="7.06371846444652" lat="45.6175176370135">
        <ele>1938.36</ele>
      </trkpt>
      <trkpt lon="7.06376917684719" lat="45.6175088650631">
        <ele>1939.86</ele>
      </trkpt>
      <trkpt lon="7.0638574975594" lat="45.6174023493508">
        <ele>1943.83</ele>
      </trkpt>
      <trkpt lon="7.06388395855435" lat="45.6172969469546">
        <ele>1947.48</ele>
      </trkpt>
      <trkpt lon="7.0639745857395" lat="45.6172873225926">
        <ele>1950</ele>
      </trkpt>
      <trkpt lon="7.06397887600503" lat="45.6172223182202">
        <ele>1951.77</ele>
      </trkpt>
      <trkpt lon="7.06401459078549" lat="45.6172169823217">
        <ele>1953.47</ele>
      </trkpt>
      <trkpt lon="7.06406635819642" lat="45.6172370333293">
        <ele>1954.98</ele>
      </trkpt>
      <trkpt lon="7.06412987832039" lat="45.6172734848638">
        <ele>1957.02</ele>
      </trkpt>
      <trkpt lon="7.06414582525637" lat="45.6173057969432">
        <ele>1956.7</ele>
      </trkpt>
      <trkpt lon="7.06414452046788" lat="45.6172654514705">
        <ele>1957.6</ele>
      </trkpt>
      <trkpt lon="7.06422338352509" lat="45.6172548158577">
        <ele>1960.65</ele>
      </trkpt>
      <trkpt lon="7.06420906196882" lat="45.6172050672441">
        <ele>1960.9</ele>
      </trkpt>
      <trkpt lon="7.06430516008761" lat="45.6171260495218">
        <ele>1965.67</ele>
      </trkpt>
      <trkpt lon="7.06430376335707" lat="45.6170995627304">
        <ele>1965.58</ele>
      </trkpt>
      <trkpt lon="7.06437586414635" lat="45.6171400283382">
        <ele>1968.44</ele>
      </trkpt>
      <trkpt lon="7.06441534285112" lat="45.6171370980924">
        <ele>1969.98</ele>
      </trkpt>
      <trkpt lon="7.06441654165392" lat="45.6171991329989">
        <ele>1970.57</ele>
      </trkpt>
      <trkpt lon="7.06443490018111" lat="45.6172097973345">
        <ele>1971.53</ele>
      </trkpt>
      <trkpt lon="7.06445209515464" lat="45.6172021667539">
        <ele>1972</ele>
      </trkpt>
      <trkpt lon="7.0644534292093" lat="45.6171670853282">
        <ele>1972.11</ele>
      </trkpt>
      <trkpt lon="7.06453398976341" lat="45.6171444188735">
        <ele>1975</ele>
      </trkpt>
      <trkpt lon="7.06453606605582" lat="45.6172220430699">
        <ele>1975.8</ele>
      </trkpt>
      <trkpt lon="7.06463207902863" lat="45.6172348304355">
        <ele>1977.56</ele>
      </trkpt>
      <trkpt lon="7.06465279633623" lat="45.6172254609564">
        <ele>1978</ele>
      </trkpt>
      <trkpt lon="7.06465486964557" lat="45.6171726596474">
        <ele>1978.03</ele>
      </trkpt>
      <trkpt lon="7.0647138351805" lat="45.617155026443">
        <ele>1980</ele>
      </trkpt>
      <trkpt lon="7.06476748726525" lat="45.6171092202555">
        <ele>1982.48</ele>
      </trkpt>
      <trkpt lon="7.06477888019796" lat="45.6170577496261">
        <ele>1983.6</ele>
      </trkpt>
      <trkpt lon="7.06482519467212" lat="45.6170797756304">
        <ele>1984.28</ele>
      </trkpt>
      <trkpt lon="7.06485088144317" lat="45.6170749896483">
        <ele>1984.96</ele>
      </trkpt>
      <trkpt lon="7.06478398725084" lat="45.6169875367972">
        <ele>1986.57</ele>
      </trkpt>
      <trkpt lon="7.06470646973243" lat="45.6169441905086">
        <ele>1986.06</ele>
      </trkpt>
      <trkpt lon="7.06470878711692" lat="45.6169103841246">
        <ele>1988.08</ele>
      </trkpt>
      <trkpt lon="7.06480890610354" lat="45.6169045210606">
        <ele>1990.13</ele>
      </trkpt>
      <trkpt lon="7.06486001237665" lat="45.6169251887439">
        <ele>1991.06</ele>
      </trkpt>
      <trkpt lon="7.06485525262166" lat="45.6168511201666">
        <ele>1993.78</ele>
      </trkpt>
      <trkpt lon="7.06489131615692" lat="45.6167684712142">
        <ele>1996.77</ele>
      </trkpt>
      <trkpt lon="7.06488699474462" lat="45.616722583906">
        <ele>1998.25</ele>
      </trkpt>
      <trkpt lon="7.0649785636583" lat="45.6165700392889">
        <ele>2003.17</ele>
      </trkpt>
      <trkpt lon="7.06507231155746" lat="45.6164995300914">
        <ele>2006.74</ele>
      </trkpt>
      <trkpt lon="7.06507430689554" lat="45.6164564484707">
        <ele>2007</ele>
      </trkpt>
      <trkpt lon="7.06510644741688" lat="45.6164095587137">
        <ele>2007.95</ele>
      </trkpt>
      <trkpt lon="7.06528126743264" lat="45.6162940658379">
        <ele>2009.31</ele>
      </trkpt>
      <trkpt lon="7.06531329677834" lat="45.6162503233813">
        <ele>2009.79</ele>
      </trkpt>
      <trkpt lon="7.06529546737354" lat="45.6161720740163">
        <ele>2010</ele>
      </trkpt>
      <trkpt lon="7.06531845233075" lat="45.6161153978129">
        <ele>2011.36</ele>
      </trkpt>
      <trkpt lon="7.06547363865131" lat="45.6159963324343">
        <ele>2015.9</ele>
      </trkpt>
      <trkpt lon="7.06545473997414" lat="45.6159081633647">
        <ele>2016.85</ele>
      </trkpt>
      <trkpt lon="7.06548620787344" lat="45.615880793537">
        <ele>2018.68</ele>
      </trkpt>
      <trkpt lon="7.06548651756801" lat="45.6158121195892">
        <ele>2020.4</ele>
      </trkpt>
      <trkpt lon="7.06551604982193" lat="45.6157589740938">
        <ele>2021.04</ele>
      </trkpt>
      <trkpt lon="7.06557369293548" lat="45.6157499605379">
        <ele>2023.27</ele>
      </trkpt>
      <trkpt lon="7.06562661323842" lat="45.6156246634536">
        <ele>2024.17</ele>
      </trkpt>
      <trkpt lon="7.06563187820361" lat="45.6155759678346">
        <ele>2024.79</ele>
      </trkpt>
      <trkpt lon="7.0655655867789" lat="45.6154896955747">
        <ele>2026.26</ele>
      </trkpt>
      <trkpt lon="7.0655663190208" lat="45.6154050073391">
        <ele>2028.13</ele>
      </trkpt>
      <trkpt lon="7.0655904117211" lat="45.615379493042">
        <ele>2029.25</ele>
      </trkpt>
      <trkpt lon="7.0655904117211" lat="45.615379493042">
        <ele>2029.25</ele>
      </trkpt>
      <trkpt lon="7.0655582113034" lat="45.6153647256909">
        <ele>2029.06</ele>
      </trkpt>
      <trkpt lon="7.06556849575795" lat="45.6153193552043">
        <ele>2031.39</ele>
      </trkpt>
      <trkpt lon="7.06548510941874" lat="45.615237832898">
        <ele>2032.05</ele>
      </trkpt>
      <trkpt lon="7.06546030731736" lat="45.6151758477635">
        <ele>2033</ele>
      </trkpt>
      <trkpt lon="7.06547330888096" lat="45.6151110795929">
        <ele>2034.01</ele>
      </trkpt>
      <trkpt lon="7.06546039057122" lat="45.6150391221007">
        <ele>2033.58</ele>
      </trkpt>
      <trkpt lon="7.06548722283577" lat="45.6149824209341">
        <ele>2033.88</ele>
      </trkpt>
      <trkpt lon="7.06541889828066" lat="45.6147427364598">
        <ele>2030.89</ele>
      </trkpt>
      <trkpt lon="7.06526875519075" lat="45.6145064373872">
        <ele>2027.49</ele>
      </trkpt>
      <trkpt lon="7.06507827000298" lat="45.6143878186626">
        <ele>2025.31</ele>
      </trkpt>
      <trkpt lon="7.0649868896069" lat="45.6142777177817">
        <ele>2026.63</ele>
      </trkpt>
      <trkpt lon="7.06458802098575" lat="45.6140723948509">
        <ele>2027.7</ele>
      </trkpt>
      <trkpt lon="7.06436898116751" lat="45.6140158468557">
        <ele>2024.16</ele>
      </trkpt>
      <trkpt lon="7.06434066440696" lat="45.6139889959048">
        <ele>2024.59</ele>
      </trkpt>
      <trkpt lon="7.06406760541274" lat="45.6138585316357">
        <ele>2030</ele>
      </trkpt>
      <trkpt lon="7.0639538755315" lat="45.613697376475">
        <ele>2035</ele>
      </trkpt>
      <trkpt lon="7.06378698018444" lat="45.6135568324277">
        <ele>2041.16</ele>
      </trkpt>
      <trkpt lon="7.0637098928884" lat="45.6135308615809">
        <ele>2043.49</ele>
      </trkpt>
      <trkpt lon="7.06366059565532" lat="45.6134763791753">
        <ele>2045.12</ele>
      </trkpt>
      <trkpt lon="7.06377382320955" lat="45.6134732607521">
        <ele>2045.75</ele>
      </trkpt>
      <trkpt lon="7.06381244951207" lat="45.6134503327725">
        <ele>2047.6</ele>
      </trkpt>
      <trkpt lon="7.06378219403365" lat="45.613412645419">
        <ele>2048.82</ele>
      </trkpt>
      <trkpt lon="7.06374886238444" lat="45.6134308927767">
        <ele>2047.09</ele>
      </trkpt>
      <trkpt lon="7.06361721596448" lat="45.6133841042093">
        <ele>2050.1</ele>
      </trkpt>
      <trkpt lon="7.06360307726075" lat="45.6133589312162">
        <ele>2051.7</ele>
      </trkpt>
      <trkpt lon="7.06354425699009" lat="45.6133351633801">
        <ele>2052.21</ele>
      </trkpt>
      <trkpt lon="7.06354218822502" lat="45.6132984041015">
        <ele>2054.25</ele>
      </trkpt>
      <trkpt lon="7.06349762968889" lat="45.6132589443422">
        <ele>2055.4</ele>
      </trkpt>
      <trkpt lon="7.06351553041785" lat="45.6132419635331">
        <ele>2056.24</ele>
      </trkpt>
      <trkpt lon="7.06347404109447" lat="45.6132176791856">
        <ele>2056.99</ele>
      </trkpt>
      <trkpt lon="7.0634585364542" lat="45.6131539579869">
        <ele>2059.53</ele>
      </trkpt>
      <trkpt lon="7.06339499145921" lat="45.6131109368425">
        <ele>2060.42</ele>
      </trkpt>
      <trkpt lon="7.06339371856696" lat="45.6130026341043">
        <ele>2063.14</ele>
      </trkpt>
      <trkpt lon="7.06341172820847" lat="45.6129564025602">
        <ele>2064.34</ele>
      </trkpt>
      <trkpt lon="7.06339541804836" lat="45.6128899701742">
        <ele>2065.41</ele>
      </trkpt>
      <trkpt lon="7.06319102581292" lat="45.6125497762938">
        <ele>2066.55</ele>
      </trkpt>
      <trkpt lon="7.06311852589902" lat="45.6123236115644">
        <ele>2067</ele>
      </trkpt>
      <trkpt lon="7.06297547843857" lat="45.6121759981267">
        <ele>2065.19</ele>
      </trkpt>
      <trkpt lon="7.06289671889121" lat="45.6120087737087">
        <ele>2064.89</ele>
      </trkpt>
      <trkpt lon="7.06276148234023" lat="45.6118801052682">
        <ele>2061.45</ele>
      </trkpt>
      <trkpt lon="7.06268833027327" lat="45.6117623932619">
        <ele>2060.44</ele>
      </trkpt>
      <trkpt lon="7.06272223999488" lat="45.6114481134598">
        <ele>2057</ele>
      </trkpt>
      <trkpt lon="7.06267302439289" lat="45.6113391769069">
        <ele>2054.27</ele>
      </trkpt>
      <trkpt lon="7.06269776031784" lat="45.6112353634235">
        <ele>2053.95</ele>
      </trkpt>
      <trkpt lon="7.06259614924885" lat="45.6108380468822">
        <ele>2053.59</ele>
      </trkpt>
      <trkpt lon="7.06260144757792" lat="45.6106469560137">
        <ele>2053.56</ele>
      </trkpt>
      <trkpt lon="7.06257542070018" lat="45.610572253881">
        <ele>2053.34</ele>
      </trkpt>
      <trkpt lon="7.06256526280136" lat="45.6103980021751">
        <ele>2055.36</ele>
      </trkpt>
      <trkpt lon="7.06265337595354" lat="45.6101111069223">
        <ele>2058.72</ele>
      </trkpt>
      <trkpt lon="7.06273896991395" lat="45.6099494592413">
        <ele>2056.47</ele>
      </trkpt>
      <trkpt lon="7.06279761443329" lat="45.60987025504">
        <ele>2056.18</ele>
      </trkpt>
      <trkpt lon="7.06287149494501" lat="45.6098140821218">
        <ele>2057.96</ele>
      </trkpt>
      <trkpt lon="7.06289296124437" lat="45.6097157965236">
        <ele>2059.32</ele>
      </trkpt>
      <trkpt lon="7.06294442805037" lat="45.6096253086353">
        <ele>2060.15</ele>
      </trkpt>
      <trkpt lon="7.06293866828739" lat="45.6095505039192">
        <ele>2059.03</ele>
      </trkpt>
      <trkpt lon="7.06315036248758" lat="45.6093765932655">
        <ele>2067.32</ele>
      </trkpt>
      <trkpt lon="7.06318421799225" lat="45.6092760882875">
        <ele>2068.53</ele>
      </trkpt>
      <trkpt lon="7.06324742098627" lat="45.6091948007447">
        <ele>2070.65</ele>
      </trkpt>
      <trkpt lon="7.06324165017937" lat="45.6091165737201">
        <ele>2067.66</ele>
      </trkpt>
      <trkpt lon="7.06331875445121" lat="45.6091268830617">
        <ele>2076.33</ele>
      </trkpt>
      <trkpt lon="7.06338842325649" lat="45.6090961996329">
        <ele>2079.62</ele>
      </trkpt>
      <trkpt lon="7.06343007139177" lat="45.6089555020525">
        <ele>2076.59</ele>
      </trkpt>
      <trkpt lon="7.06367216926653" lat="45.6087700441814">
        <ele>2081.8</ele>
      </trkpt>
      <trkpt lon="7.06367216926653" lat="45.6087700441814">
        <ele>2081.8</ele>
      </trkpt>
      <trkpt lon="7.06371940117607" lat="45.6087541053501">
        <ele>2082.09</ele>
      </trkpt>
      <trkpt lon="7.06372130127765" lat="45.6087510747368">
        <ele>2081.99</ele>
      </trkpt>
      <trkpt lon="7.06379951645347" lat="45.6086322391727">
        <ele>2081.87</ele>
      </trkpt>
      <trkpt lon="7.06384186090323" lat="45.608538356666">
        <ele>2079.09</ele>
      </trkpt>
      <trkpt lon="7.06390223305485" lat="45.6084684527156">
        <ele>2079.45</ele>
      </trkpt>
      <trkpt lon="7.06393445388812" lat="45.6084339854945">
        <ele>2080.09</ele>
      </trkpt>
      <trkpt lon="7.06396911081082" lat="45.6084033378377">
        <ele>2080.87</ele>
      </trkpt>
      <trkpt lon="7.06403178775874" lat="45.6083745182768">
        <ele>2082</ele>
      </trkpt>
      <trkpt lon="7.06405310001508" lat="45.6083402259542">
        <ele>2082.05</ele>
      </trkpt>
      <trkpt lon="7.06408718686166" lat="45.6083409818598">
        <ele>2082.91</ele>
      </trkpt>
      <trkpt lon="7.06410513959207" lat="45.6083634298212">
        <ele>2083.19</ele>
      </trkpt>
      <trkpt lon="7.06409251669339" lat="45.608383646874">
        <ele>2083.73</ele>
      </trkpt>
      <trkpt lon="7.06410639676367" lat="45.6084237591293">
        <ele>2085.11</ele>
      </trkpt>
      <trkpt lon="7.06417478432544" lat="45.6084265376412">
        <ele>2086.44</ele>
      </trkpt>
      <trkpt lon="7.06420718260139" lat="45.608409265299">
        <ele>2087</ele>
      </trkpt>
      <trkpt lon="7.06430890231322" lat="45.6085092799147">
        <ele>2090.25</ele>
      </trkpt>
      <trkpt lon="7.06433818506757" lat="45.6085713428719">
        <ele>2091.48</ele>
      </trkpt>
      <trkpt lon="7.06434092052814" lat="45.6086073938056">
        <ele>2092.26</ele>
      </trkpt>
      <trkpt lon="7.06435186172397" lat="45.6086434920425">
        <ele>2093.11</ele>
      </trkpt>
      <trkpt lon="7.06433953278276" lat="45.6086887375057">
        <ele>2094</ele>
      </trkpt>
      <trkpt lon="7.06433038474643" lat="45.6087198159767">
        <ele>2095.25</ele>
      </trkpt>
      <trkpt lon="7.06434392046062" lat="45.6087550614395">
        <ele>2095.98</ele>
      </trkpt>
      <trkpt lon="7.06437050973964" lat="45.6087649619469">
        <ele>2097</ele>
      </trkpt>
      <trkpt lon="7.0643909935774" lat="45.6087622481886">
        <ele>2097</ele>
      </trkpt>
      <trkpt lon="7.06440218543699" lat="45.6087649594767">
        <ele>2097.35</ele>
      </trkpt>
      <trkpt lon="7.06440306607552" lat="45.6087617344041">
        <ele>2097.24</ele>
      </trkpt>
      <trkpt lon="7.06446522107743" lat="45.6087183228042">
        <ele>2098.29</ele>
      </trkpt>
      <trkpt lon="7.06452966281858" lat="45.6086456049335">
        <ele>2099.05</ele>
      </trkpt>
      <trkpt lon="7.06458973274664" lat="45.608547253042">
        <ele>2101.25</ele>
      </trkpt>
      <trkpt lon="7.0646311858085" lat="45.6084382340347">
        <ele>2100.73</ele>
      </trkpt>
      <trkpt lon="7.06469567553413" lat="45.6083269040818">
        <ele>2102</ele>
      </trkpt>
      <trkpt lon="7.06477260653955" lat="45.6082490889819">
        <ele>2103.99</ele>
      </trkpt>
      <trkpt lon="7.06486002701794" lat="45.6081533596443">
        <ele>2107.26</ele>
      </trkpt>
      <trkpt lon="7.06486418028326" lat="45.6081332675124">
        <ele>2107.4</ele>
      </trkpt>
      <trkpt lon="7.06485827665283" lat="45.6080290259431">
        <ele>2105.03</ele>
      </trkpt>
      <trkpt lon="7.06485769729672" lat="45.6079675382792">
        <ele>2105.92</ele>
      </trkpt>
      <trkpt lon="7.06489490214984" lat="45.607903812037">
        <ele>2106.53</ele>
      </trkpt>
      <trkpt lon="7.0649833561365" lat="45.6078003602928">
        <ele>2109.6</ele>
      </trkpt>
      <trkpt lon="7.06501859740419" lat="45.6077190474779">
        <ele>2111.86</ele>
      </trkpt>
      <trkpt lon="7.06505090953268" lat="45.6075626188556">
        <ele>2113.94</ele>
      </trkpt>
      <trkpt lon="7.0650923117558" lat="45.6074960814723">
        <ele>2115.44</ele>
      </trkpt>
      <trkpt lon="7.06521234255728" lat="45.6073358286056">
        <ele>2117.91</ele>
      </trkpt>
      <trkpt lon="7.06521806027419" lat="45.6072889385924">
        <ele>2118.13</ele>
      </trkpt>
      <trkpt lon="7.06523291695384" lat="45.6072485071638">
        <ele>2117.64</ele>
      </trkpt>
      <trkpt lon="7.06525758236762" lat="45.6071986978167">
        <ele>2117.63</ele>
      </trkpt>
      <trkpt lon="7.06531500708749" lat="45.6071361245777">
        <ele>2118.64</ele>
      </trkpt>
      <trkpt lon="7.06535391499833" lat="45.6070600952647">
        <ele>2121.58</ele>
      </trkpt>
      <trkpt lon="7.06538917375276" lat="45.6069371980703">
        <ele>2121.44</ele>
      </trkpt>
      <trkpt lon="7.06540731294177" lat="45.6068013198275">
        <ele>2122.79</ele>
      </trkpt>
      <trkpt lon="7.06545625186688" lat="45.6067132208638">
        <ele>2124</ele>
      </trkpt>
      <trkpt lon="7.06548344560645" lat="45.606638433135">
        <ele>2125.02</ele>
      </trkpt>
      <trkpt lon="7.06549669908409" lat="45.6064768180861">
        <ele>2127</ele>
      </trkpt>
      <trkpt lon="7.06551387300224" lat="45.6064099637929">
        <ele>2128.86</ele>
      </trkpt>
      <trkpt lon="7.06556495061955" lat="45.60633422905">
        <ele>2130.32</ele>
      </trkpt>
      <trkpt lon="7.06559406084376" lat="45.6062708138482">
        <ele>2131</ele>
      </trkpt>
      <trkpt lon="7.06567306157244" lat="45.6061811540261">
        <ele>2131.12</ele>
      </trkpt>
      <trkpt lon="7.06574742270841" lat="45.6061220171492">
        <ele>2131</ele>
      </trkpt>
      <trkpt lon="7.06586322395109" lat="45.6060473775069">
        <ele>2130.9</ele>
      </trkpt>
      <trkpt lon="7.06595035222388" lat="45.6059786460681">
        <ele>2131.98</ele>
      </trkpt>
      <trkpt lon="7.06597407811615" lat="45.6059598763818">
        <ele>2132</ele>
      </trkpt>
      <trkpt lon="7.06603965379332" lat="45.6058578355622">
        <ele>2134.18</ele>
      </trkpt>
      <trkpt lon="7.06606858928162" lat="45.6057808255723">
        <ele>2136</ele>
      </trkpt>
      <trkpt lon="7.06621631066593" lat="45.6057064612468">
        <ele>2139</ele>
      </trkpt>
      <trkpt lon="7.06622478307892" lat="45.605706244657">
        <ele>2139</ele>
      </trkpt>
      <trkpt lon="7.06633753405137" lat="45.6056419052442">
        <ele>2138.9</ele>
      </trkpt>
      <trkpt lon="7.06638526377583" lat="45.6055964490084">
        <ele>2139</ele>
      </trkpt>
      <trkpt lon="7.06644479398324" lat="45.6055396703802">
        <ele>2139.55</ele>
      </trkpt>
      <trkpt lon="7.06652407477494" lat="45.6054753056417">
        <ele>2141</ele>
      </trkpt>
      <trkpt lon="7.06660922797475" lat="45.6054080686658">
        <ele>2141</ele>
      </trkpt>
      <trkpt lon="7.06670713741472" lat="45.6053203451872">
        <ele>2140.29</ele>
      </trkpt>
      <trkpt lon="7.06675626812229" lat="45.6052265766384">
        <ele>2138.34</ele>
      </trkpt>
      <trkpt lon="7.06682304459002" lat="45.6050857626328">
        <ele>2136</ele>
      </trkpt>
      <trkpt lon="7.06688057574047" lat="45.6049789049473">
        <ele>2135</ele>
      </trkpt>
      <trkpt lon="7.06696541874849" lat="45.6048646778972">
        <ele>2134</ele>
      </trkpt>
      <trkpt lon="7.06698649468089" lat="45.6048409108373">
        <ele>2134</ele>
      </trkpt>
      <trkpt lon="7.06699213142693" lat="45.6048149935733">
        <ele>2134</ele>
      </trkpt>
      <trkpt lon="7.0670055022896" lat="45.604757972824">
        <ele>2132.66</ele>
      </trkpt>
      <trkpt lon="7.06702112850474" lat="45.6047137746415">
        <ele>2131.6</ele>
      </trkpt>
      <trkpt lon="7.06706984215159" lat="45.6046395288021">
        <ele>2130</ele>
      </trkpt>
      <trkpt lon="7.0671136526003" lat="45.6045811333138">
        <ele>2130</ele>
      </trkpt>
      <trkpt lon="7.06711379705674" lat="45.6045806860818">
        <ele>2130</ele>
      </trkpt>
      <trkpt lon="7.06737574282992" lat="45.6042420912176">
        <ele>2129</ele>
      </trkpt>
      <trkpt lon="7.06739277704171" lat="45.6042165462959">
        <ele>2129</ele>
      </trkpt>
      <trkpt lon="7.06740535298491" lat="45.604182737234">
        <ele>2129</ele>
      </trkpt>
      <trkpt lon="7.0674046342895" lat="45.6041439306952">
        <ele>2129</ele>
      </trkpt>
      <trkpt lon="7.06739181808121" lat="45.604106360181">
        <ele>2125.8</ele>
      </trkpt>
      <trkpt lon="7.06736761837798" lat="45.6040642755539">
        <ele>2128.15</ele>
      </trkpt>
      <trkpt lon="7.06732434868558" lat="45.6040285297899">
        <ele>2130</ele>
      </trkpt>
      <trkpt lon="7.06728045910601" lat="45.6040145540121">
        <ele>2130</ele>
      </trkpt>
      <trkpt lon="7.06722244690931" lat="45.6040048420933">
        <ele>2131</ele>
      </trkpt>
      <trkpt lon="7.0671627044513" lat="45.6039782686224">
        <ele>2132</ele>
      </trkpt>
      <trkpt lon="7.067135506918" lat="45.6039636763245">
        <ele>2132.17</ele>
      </trkpt>
      <trkpt lon="7.06713163466863" lat="45.6039607289905">
        <ele>2132.33</ele>
      </trkpt>
      <trkpt lon="7.06713101522314" lat="45.6039600900795">
        <ele>2132.36</ele>
      </trkpt>
      <trkpt lon="7.06710567910034" lat="45.6039323863587">
        <ele>2133</ele>
      </trkpt>
      <trkpt lon="7.06710155436569" lat="45.6039143164196">
        <ele>2133</ele>
      </trkpt>
      <trkpt lon="7.06709701586275" lat="45.6038896657553">
        <ele>2133</ele>
      </trkpt>
      <trkpt lon="7.06710939958519" lat="45.6038837546158">
        <ele>2133.24</ele>
      </trkpt>
      <trkpt lon="7.06712753612673" lat="45.6038821714187">
        <ele>2133.95</ele>
      </trkpt>
      <trkpt lon="7.06715085870554" lat="45.6038901274009">
        <ele>2134.87</ele>
      </trkpt>
      <trkpt lon="7.06716204215359" lat="45.6038967971218">
        <ele>2135.22</ele>
      </trkpt>
      <trkpt lon="7.06717598673888" lat="45.603905225247">
        <ele>2135.33</ele>
      </trkpt>
      <trkpt lon="7.06719062581566" lat="45.6039120422273">
        <ele>2135.54</ele>
      </trkpt>
      <trkpt lon="7.06720790666067" lat="45.6039166564001">
        <ele>2136.11</ele>
      </trkpt>
      <trkpt lon="7.0672207236052" lat="45.6039168731967">
        <ele>2136.54</ele>
      </trkpt>
      <trkpt lon="7.06722766550751" lat="45.6039126703806">
        <ele>2136.98</ele>
      </trkpt>
      <trkpt lon="7.06723005464335" lat="45.6039028090446">
        <ele>2137.61</ele>
      </trkpt>
      <trkpt lon="7.06722898815047" lat="45.6038928004491">
        <ele>2137.92</ele>
      </trkpt>
      <trkpt lon="7.06722250207441" lat="45.6038837779369">
        <ele>2137.66</ele>
      </trkpt>
      <trkpt lon="7.06721433283958" lat="45.6038640190271">
        <ele>2137.85</ele>
      </trkpt>
      <trkpt lon="7.06723268369335" lat="45.6038411964089">
        <ele>2138.99</ele>
      </trkpt>
      <trkpt lon="7.06725284533734" lat="45.6038366770465">
        <ele>2139</ele>
      </trkpt>
      <trkpt lon="7.06727080714474" lat="45.6038214101701">
        <ele>2139.57</ele>
      </trkpt>
      <trkpt lon="7.06728585765019" lat="45.6038125739829">
        <ele>2140</ele>
      </trkpt>
      <trkpt lon="7.06728808272507" lat="45.6038112600825">
        <ele>2140</ele>
      </trkpt>
      <trkpt lon="7.06732410039607" lat="45.6038005296068">
        <ele>2140.71</ele>
      </trkpt>
      <trkpt lon="7.06733597584866" lat="45.603790829478">
        <ele>2141</ele>
      </trkpt>
      <trkpt lon="7.0673433708739" lat="45.6037696206829">
        <ele>2142.03</ele>
      </trkpt>
      <trkpt lon="7.06736077430748" lat="45.6037557843927">
        <ele>2142.81</ele>
      </trkpt>
      <trkpt lon="7.06738589722337" lat="45.603748648346">
        <ele>2143</ele>
      </trkpt>
      <trkpt lon="7.06744967943308" lat="45.6037359569794">
        <ele>2144.39</ele>
      </trkpt>
      <trkpt lon="7.06752888692934" lat="45.6037259547191">
        <ele>2145.84</ele>
      </trkpt>
      <trkpt lon="7.067603711203" lat="45.6037054382628">
        <ele>2147.27</ele>
      </trkpt>
      <trkpt lon="7.06765683768999" lat="45.6036893272623">
        <ele>2148.93</ele>
      </trkpt>
      <trkpt lon="7.06770749721561" lat="45.6036854137668">
        <ele>2150.05</ele>
      </trkpt>
      <trkpt lon="7.06777412079703" lat="45.6036908617731">
        <ele>2151</ele>
      </trkpt>
      <trkpt lon="7.06779566571743" lat="45.603690775869">
        <ele>2151.74</ele>
      </trkpt>
      <trkpt lon="7.06783845574687" lat="45.6036806982532">
        <ele>2152.73</ele>
      </trkpt>
      <trkpt lon="7.06790228520645" lat="45.6036666568531">
        <ele>2153.92</ele>
      </trkpt>
      <trkpt lon="7.06793262202669" lat="45.6036645598727">
        <ele>2154.56</ele>
      </trkpt>
      <trkpt lon="7.06796423672516" lat="45.6036587933679">
        <ele>2155</ele>
      </trkpt>
      <trkpt lon="7.06798152905585" lat="45.6036444153963">
        <ele>2155</ele>
      </trkpt>
      <trkpt lon="7.06799302416816" lat="45.6036233677562">
        <ele>2155</ele>
      </trkpt>
      <trkpt lon="7.06800269429767" lat="45.603599408914">
        <ele>2155.15</ele>
      </trkpt>
      <trkpt lon="7.06803335463864" lat="45.603531788066">
        <ele>2157</ele>
      </trkpt>
      <trkpt lon="7.06805222509889" lat="45.6035013235939">
        <ele>2157</ele>
      </trkpt>
      <trkpt lon="7.06809372942749" lat="45.6034689926279">
        <ele>2158.04</ele>
      </trkpt>
      <trkpt lon="7.06811682249242" lat="45.6034238389384">
        <ele>2159</ele>
      </trkpt>
      <trkpt lon="7.06814146048056" lat="45.6033561180294">
        <ele>2160</ele>
      </trkpt>
      <trkpt lon="7.0681882183643" lat="45.6032902112698">
        <ele>2160.51</ele>
      </trkpt>
      <trkpt lon="7.06822561741377" lat="45.6032392686846">
        <ele>2161</ele>
      </trkpt>
      <trkpt lon="7.06829472603219" lat="45.6031610479433">
        <ele>2161.5</ele>
      </trkpt>
      <trkpt lon="7.06836997002032" lat="45.6029863526122">
        <ele>2163</ele>
      </trkpt>
      <trkpt lon="7.06837840088994" lat="45.6029798330856">
        <ele>2163</ele>
      </trkpt>
      <trkpt lon="7.06839910437731" lat="45.602966952407">
        <ele>2163.81</ele>
      </trkpt>
      <trkpt lon="7.06841804966176" lat="45.6029454909399">
        <ele>2164</ele>
      </trkpt>
      <trkpt lon="7.06842681969725" lat="45.6029252960726">
        <ele>2164.37</ele>
      </trkpt>
      <trkpt lon="7.06843169810053" lat="45.6028990065697">
        <ele>2165</ele>
      </trkpt>
      <trkpt lon="7.06846874416236" lat="45.6028583170168">
        <ele>2166</ele>
      </trkpt>
      <trkpt lon="7.06847570025721" lat="45.6028387221469">
        <ele>2166.93</ele>
      </trkpt>
      <trkpt lon="7.06849202578672" lat="45.6028300887549">
        <ele>2167.42</ele>
      </trkpt>
      <trkpt lon="7.0685078902253" lat="45.6028199164308">
        <ele>2168</ele>
      </trkpt>
      <trkpt lon="7.06851861302413" lat="45.6028026355446">
        <ele>2168.72</ele>
      </trkpt>
      <trkpt lon="7.06852124952946" lat="45.6027855768077">
        <ele>2168.98</ele>
      </trkpt>
      <trkpt lon="7.06851206909591" lat="45.6027691318604">
        <ele>2169</ele>
      </trkpt>
      <trkpt lon="7.06850436080482" lat="45.6027583787373">
        <ele>2169</ele>
      </trkpt>
      <trkpt lon="7.06853644815437" lat="45.6027313783696">
        <ele>2169.96</ele>
      </trkpt>
      <trkpt lon="7.06854197065062" lat="45.6027236421174">
        <ele>2170.37</ele>
      </trkpt>
      <trkpt lon="7.0685468485395" lat="45.6027234532712">
        <ele>2170.39</ele>
      </trkpt>
      <trkpt lon="7.06857736880347" lat="45.6027159589345">
        <ele>2170.84</ele>
      </trkpt>
      <trkpt lon="7.0686221703335" lat="45.6026883642309">
        <ele>2172</ele>
      </trkpt>
      <trkpt lon="7.06869191967454" lat="45.6026587586078">
        <ele>2173.12</ele>
      </trkpt>
      <trkpt lon="7.06873037651081" lat="45.6026367278714">
        <ele>2174</ele>
      </trkpt>
      <trkpt lon="7.0687421408605" lat="45.6026264860613">
        <ele>2174.22</ele>
      </trkpt>
      <trkpt lon="7.06875174428462" lat="45.6026044161549">
        <ele>2175</ele>
      </trkpt>
      <trkpt lon="7.06875053077566" lat="45.6025837822906">
        <ele>2175.34</ele>
      </trkpt>
      <trkpt lon="7.06875007539117" lat="45.6025745931662">
        <ele>2175.85</ele>
      </trkpt>
      <trkpt lon="7.06875350455063" lat="45.6025083137542">
        <ele>2178.54</ele>
      </trkpt>
      <trkpt lon="7.06875404368711" lat="45.6024963523474">
        <ele>2179.1</ele>
      </trkpt>
      <trkpt lon="7.0687784248635" lat="45.6024920830323">
        <ele>2179</ele>
      </trkpt>
      <trkpt lon="7.06876883600085" lat="45.6024800409696">
        <ele>2179.12</ele>
      </trkpt>
      <trkpt lon="7.06875439426411" lat="45.602467465513">
        <ele>2179.9</ele>
      </trkpt>
      <trkpt lon="7.06873895822812" lat="45.6024464120556">
        <ele>2180.96</ele>
      </trkpt>
      <trkpt lon="7.06872966939687" lat="45.6024331116308">
        <ele>2181.69</ele>
      </trkpt>
      <trkpt lon="7.06871755272117" lat="45.6024200361842">
        <ele>2182.4</ele>
      </trkpt>
      <trkpt lon="7.06869833578866" lat="45.602412060797">
        <ele>2182.83</ele>
      </trkpt>
      <trkpt lon="7.06868373840431" lat="45.6024039826743">
        <ele>2183.26</ele>
      </trkpt>
      <trkpt lon="7.06868492200101" lat="45.6023919407161">
        <ele>2183.93</ele>
      </trkpt>
      <trkpt lon="7.06869213892168" lat="45.602387112887">
        <ele>2184</ele>
      </trkpt>
      <trkpt lon="7.0687037142702" lat="45.6023823573242">
        <ele>2184</ele>
      </trkpt>
      <trkpt lon="7.0687037142702" lat="45.6023823573242">
        <ele>2184</ele>
      </trkpt>
      <trkpt lon="7.06869027546777" lat="45.6023629594835">
        <ele>2184.55</ele>
      </trkpt>
      <trkpt lon="7.06866905874202" lat="45.6023422587567">
        <ele>2185.68</ele>
      </trkpt>
      <trkpt lon="7.06864749180826" lat="45.6023317221711">
        <ele>2186.25</ele>
      </trkpt>
      <trkpt lon="7.06862146916382" lat="45.6023240800594">
        <ele>2186.65</ele>
      </trkpt>
      <trkpt lon="7.06857266270981" lat="45.602315154361">
        <ele>2187.09</ele>
      </trkpt>
      <trkpt lon="7.06848781686413" lat="45.602291486275">
        <ele>2188.33</ele>
      </trkpt>
      <trkpt lon="7.06841747149065" lat="45.6022600542457">
        <ele>2190.01</ele>
      </trkpt>
      <trkpt lon="7.0683688791253" lat="45.6022412310781">
        <ele>2191.01</ele>
      </trkpt>
      <trkpt lon="7.06832630348083" lat="45.6022263775132">
        <ele>2191.8</ele>
      </trkpt>
      <trkpt lon="7.0683062837336" lat="45.6022193799205">
        <ele>2192.17</ele>
      </trkpt>
      <trkpt lon="7.06828197241302" lat="45.6022028542687">
        <ele>2193.06</ele>
      </trkpt>
      <trkpt lon="7.0682517527693" lat="45.6021792117138">
        <ele>2194.35</ele>
      </trkpt>
      <trkpt lon="7.06821748299345" lat="45.60215774973">
        <ele>2195.5</ele>
      </trkpt>
      <trkpt lon="7.06820650807661" lat="45.6021412714311">
        <ele>2196.41</ele>
      </trkpt>
      <trkpt lon="7.06816942186925" lat="45.6021047312629">
        <ele>2198.08</ele>
      </trkpt>
      <trkpt lon="7.06814294142966" lat="45.6020692690025">
        <ele>2199.39</ele>
      </trkpt>
      <trkpt lon="7.06806467374739" lat="45.6020333812286">
        <ele>2201.27</ele>
      </trkpt>
      <trkpt lon="7.06800616454652" lat="45.6020120495682">
        <ele>2201.4</ele>
      </trkpt>
      <trkpt lon="7.06792750226053" lat="45.6019838036494">
        <ele>2203</ele>
      </trkpt>
      <trkpt lon="7.06787966538553" lat="45.6019691333714">
        <ele>2204.57</ele>
      </trkpt>
      <trkpt lon="7.06786136515198" lat="45.6019605440887">
        <ele>2204.99</ele>
      </trkpt>
      <trkpt lon="7.06785557356552" lat="45.6019500048784">
        <ele>2205.1</ele>
      </trkpt>
      <trkpt lon="7.06786001274581" lat="45.6019401768965">
        <ele>2205.35</ele>
      </trkpt>
      <trkpt lon="7.0678696269921" lat="45.6019327795815">
        <ele>2205.95</ele>
      </trkpt>
      <trkpt lon="7.06787927451745" lat="45.6019281740038">
        <ele>2206.58</ele>
      </trkpt>
      <trkpt lon="7.0678821608029" lat="45.6019225516682">
        <ele>2207.07</ele>
      </trkpt>
      <trkpt lon="7.06788368597612" lat="45.6019154653936">
        <ele>2207.58</ele>
      </trkpt>
      <trkpt lon="7.06788210272908" lat="45.6019093180013">
        <ele>2207.99</ele>
      </trkpt>
      <trkpt lon="7.067880183392" lat="45.6019017261251">
        <ele>2208.41</ele>
      </trkpt>
      <trkpt lon="7.06786022757236" lat="45.6018928368188">
        <ele>2208.88</ele>
      </trkpt>
      <trkpt lon="7.06781975477961" lat="45.6018765804612">
        <ele>2209.75</ele>
      </trkpt>
      <trkpt lon="7.06779664621669" lat="45.6018624187695">
        <ele>2210.51</ele>
      </trkpt>
      <trkpt lon="7.06777548763758" lat="45.6018512571721">
        <ele>2211.12</ele>
      </trkpt>
      <trkpt lon="7.06774317866943" lat="45.6018473817609">
        <ele>2211.3</ele>
      </trkpt>
      <trkpt lon="7.06771311145387" lat="45.6018416507692">
        <ele>2211.98</ele>
      </trkpt>
      <trkpt lon="7.06764927965464" lat="45.6018334610545">
        <ele>2212.98</ele>
      </trkpt>
      <trkpt lon="7.06758831461261" lat="45.6018238796659">
        <ele>2214.46</ele>
      </trkpt>
      <trkpt lon="7.06751225503486" lat="45.6018020700454">
        <ele>2215.6</ele>
      </trkpt>
      <trkpt lon="7.06747445736576" lat="45.6017825275201">
        <ele>2216.65</ele>
      </trkpt>
      <trkpt lon="7.06741462318409" lat="45.6017587430074">
        <ele>2217.91</ele>
      </trkpt>
      <trkpt lon="7.06741462318409" lat="45.6017587430074">
        <ele>2217.91</ele>
      </trkpt>
      <trkpt lon="7.06737763088934" lat="45.6017492951883">
        <ele>2218.4</ele>
      </trkpt>
      <trkpt lon="7.06737463086688" lat="45.6017470839924">
        <ele>2218.52</ele>
      </trkpt>
      <trkpt lon="7.06731844972668" lat="45.6017139992812">
        <ele>2219.15</ele>
      </trkpt>
      <trkpt lon="7.06727052676354" lat="45.6016980678595">
        <ele>2218.6</ele>
      </trkpt>
      <trkpt lon="7.06721895953956" lat="45.6016687499546">
        <ele>2217.88</ele>
      </trkpt>
      <trkpt lon="7.06720118161763" lat="45.6016562077998">
        <ele>2218</ele>
      </trkpt>
      <trkpt lon="7.0671860342728" lat="45.6016455101614">
        <ele>2218</ele>
      </trkpt>
      <trkpt lon="7.06715809258752" lat="45.6016152452398">
        <ele>2218.07</ele>
      </trkpt>
      <trkpt lon="7.06712442316886" lat="45.601576330045">
        <ele>2218</ele>
      </trkpt>
      <trkpt lon="7.06708789803872" lat="45.6015421371635">
        <ele>2217.74</ele>
      </trkpt>
      <trkpt lon="7.06706966473049" lat="45.6015204975532">
        <ele>2217.53</ele>
      </trkpt>
      <trkpt lon="7.06706620420598" lat="45.6014868661179">
        <ele>2217.55</ele>
      </trkpt>
      <trkpt lon="7.06706183510144" lat="45.6014647377411">
        <ele>2217.15</ele>
      </trkpt>
      <trkpt lon="7.06704262687495" lat="45.6014378618784">
        <ele>2216.36</ele>
      </trkpt>
      <trkpt lon="7.06704365848702" lat="45.6013854022354">
        <ele>2216.34</ele>
      </trkpt>
      <trkpt lon="7.06703574210638" lat="45.6013620460154">
        <ele>2216</ele>
      </trkpt>
      <trkpt lon="7.06700827255605" lat="45.6013367367787">
        <ele>2216</ele>
      </trkpt>
      <trkpt lon="7.06698749790743" lat="45.6012957022113">
        <ele>2216.02</ele>
      </trkpt>
      <trkpt lon="7.06696921171565" lat="45.6012793710674">
        <ele>2216</ele>
      </trkpt>
      <trkpt lon="7.06693737247179" lat="45.6012618203167">
        <ele>2215.03</ele>
      </trkpt>
      <trkpt lon="7.06689648079494" lat="45.6012166632281">
        <ele>2215.54</ele>
      </trkpt>
      <trkpt lon="7.06680680453034" lat="45.6011806697852">
        <ele>2216</ele>
      </trkpt>
      <trkpt lon="7.06674792295912" lat="45.6011664410777">
        <ele>2216.1</ele>
      </trkpt>
      <trkpt lon="7.06665761064584" lat="45.6011265697533">
        <ele>2217</ele>
      </trkpt>
      <trkpt lon="7.06662373518114" lat="45.6011123135102">
        <ele>2217.45</ele>
      </trkpt>
      <trkpt lon="7.06657468691516" lat="45.6011104935437">
        <ele>2218</ele>
      </trkpt>
      <trkpt lon="7.06655294743439" lat="45.6011162462551">
        <ele>2217.67</ele>
      </trkpt>
      <trkpt lon="7.06650455504152" lat="45.6010990453525">
        <ele>2217.05</ele>
      </trkpt>
      <trkpt lon="7.06645138723117" lat="45.6010976948022">
        <ele>2218.1</ele>
      </trkpt>
      <trkpt lon="7.06637418530573" lat="45.6011091693413">
        <ele>2218.16</ele>
      </trkpt>
      <trkpt lon="7.06634414273594" lat="45.6011214415805">
        <ele>2219.09</ele>
      </trkpt>
      <trkpt lon="7.06633944258442" lat="45.6011238804851">
        <ele>2219.08</ele>
      </trkpt>
      <trkpt lon="7.06626466570623" lat="45.6011356661666">
        <ele>2220</ele>
      </trkpt>
      <trkpt lon="7.06620973164854" lat="45.6011110650143">
        <ele>2220.34</ele>
      </trkpt>
      <trkpt lon="7.06616786439005" lat="45.6010943336313">
        <ele>2219.65</ele>
      </trkpt>
      <trkpt lon="7.06614165830365" lat="45.6010919999848">
        <ele>2219.76</ele>
      </trkpt>
      <trkpt lon="7.06609714605556" lat="45.601099977531">
        <ele>2219.97</ele>
      </trkpt>
      <trkpt lon="7.06603909201933" lat="45.6010989936092">
        <ele>2220.43</ele>
      </trkpt>
      <trkpt lon="7.0660269030791" lat="45.6010879848806">
        <ele>2220.96</ele>
      </trkpt>
      <trkpt lon="7.06599325318864" lat="45.6010448418018">
        <ele>2220.22</ele>
      </trkpt>
      <trkpt lon="7.06596540359069" lat="45.6009933346801">
        <ele>2218.98</ele>
      </trkpt>
      <trkpt lon="7.06593424523468" lat="45.6009596835311">
        <ele>2218</ele>
      </trkpt>
      <trkpt lon="7.06587408863766" lat="45.6009453409195">
        <ele>2218</ele>
      </trkpt>
      <trkpt lon="7.06576751201557" lat="45.6009086139607">
        <ele>2219</ele>
      </trkpt>
      <trkpt lon="7.06571023892611" lat="45.6008886517912">
        <ele>2218.88</ele>
      </trkpt>
      <trkpt lon="7.06563419046515" lat="45.6008665699418">
        <ele>2218</ele>
      </trkpt>
      <trkpt lon="7.06558479521069" lat="45.6008525024416">
        <ele>2218</ele>
      </trkpt>
      <trkpt lon="7.06552870542346" lat="45.6008354403566">
        <ele>2217.53</ele>
      </trkpt>
      <trkpt lon="7.06541545723813" lat="45.6007578234155">
        <ele>2215.64</ele>
      </trkpt>
      <trkpt lon="7.06535466210912" lat="45.600724658102">
        <ele>2216.25</ele>
      </trkpt>
      <trkpt lon="7.06529088904547" lat="45.6006961262094">
        <ele>2216.06</ele>
      </trkpt>
      <trkpt lon="7.06519317614796" lat="45.6006776386844">
        <ele>2216</ele>
      </trkpt>
      <trkpt lon="7.06506615730441" lat="45.6006462338832">
        <ele>2216.12</ele>
      </trkpt>
      <trkpt lon="7.06493432676299" lat="45.6006392296491">
        <ele>2215.77</ele>
      </trkpt>
      <trkpt lon="7.06487653114027" lat="45.600634467857">
        <ele>2215.81</ele>
      </trkpt>
      <trkpt lon="7.06484130523831" lat="45.6006408926766">
        <ele>2214.37</ele>
      </trkpt>
      <trkpt lon="7.06479447115054" lat="45.600626866869">
        <ele>2215.07</ele>
      </trkpt>
      <trkpt lon="7.0647221498191" lat="45.6006418443212">
        <ele>2213.42</ele>
      </trkpt>
      <trkpt lon="7.06444316928975" lat="45.6006108324987">
        <ele>2214.89</ele>
      </trkpt>
      <trkpt lon="7.06436834252767" lat="45.6006166735857">
        <ele>2214</ele>
      </trkpt>
      <trkpt lon="7.06425688750247" lat="45.6006062333519">
        <ele>2214</ele>
      </trkpt>
      <trkpt lon="7.06414832161501" lat="45.6005863929097">
        <ele>2213</ele>
      </trkpt>
      <trkpt lon="7.06403318897361" lat="45.6005636467751">
        <ele>2212</ele>
      </trkpt>
      <trkpt lon="7.06394592056429" lat="45.6005546068114">
        <ele>2211.54</ele>
      </trkpt>
      <trkpt lon="7.06386236597534" lat="45.6005531920755">
        <ele>2211</ele>
      </trkpt>
      <trkpt lon="7.06376798055889" lat="45.6005534800551">
        <ele>2210.44</ele>
      </trkpt>
      <trkpt lon="7.06370762662188" lat="45.6005448959197">
        <ele>2210.23</ele>
      </trkpt>
      <trkpt lon="7.06361244980185" lat="45.6005309502003">
        <ele>2210.54</ele>
      </trkpt>
      <trkpt lon="7.06355077915009" lat="45.600523335521">
        <ele>2210.91</ele>
      </trkpt>
      <trkpt lon="7.06349016402183" lat="45.600518526478">
        <ele>2211.12</ele>
      </trkpt>
      <trkpt lon="7.06341602904432" lat="45.6005191591074">
        <ele>2212.01</ele>
      </trkpt>
      <trkpt lon="7.06332824088133" lat="45.6005252306298">
        <ele>2211.88</ele>
      </trkpt>
      <trkpt lon="7.06322280228076" lat="45.6005337937103">
        <ele>2213.01</ele>
      </trkpt>
      <trkpt lon="7.06316182575326" lat="45.6005432016881">
        <ele>2213.44</ele>
      </trkpt>
      <trkpt lon="7.06302370010777" lat="45.6005626425025">
        <ele>2215</ele>
      </trkpt>
      <trkpt lon="7.06291346173846" lat="45.6005541106618">
        <ele>2216.59</ele>
      </trkpt>
      <trkpt lon="7.06282209324036" lat="45.6005449984342">
        <ele>2217.41</ele>
      </trkpt>
      <trkpt lon="7.06271553248551" lat="45.6005488613855">
        <ele>2218.39</ele>
      </trkpt>
      <trkpt lon="7.06259331619054" lat="45.6005344570586">
        <ele>2220</ele>
      </trkpt>
      <trkpt lon="7.06254362631683" lat="45.6005289342149">
        <ele>2220.75</ele>
      </trkpt>
      <trkpt lon="7.06245307211732" lat="45.6004999437174">
        <ele>2222</ele>
      </trkpt>
      <trkpt lon="7.06234791504697" lat="45.6004593666755">
        <ele>2222.99</ele>
      </trkpt>
      <trkpt lon="7.06226933884759" lat="45.6004324707914">
        <ele>2223</ele>
      </trkpt>
      <trkpt lon="7.06215892932735" lat="45.6003693903547">
        <ele>2226.15</ele>
      </trkpt>
      <trkpt lon="7.06210536720429" lat="45.6003609201771">
        <ele>2226</ele>
      </trkpt>
      <trkpt lon="7.0620537054772" lat="45.6003344801214">
        <ele>2226.99</ele>
      </trkpt>
      <trkpt lon="7.06201733321344" lat="45.6002959676883">
        <ele>2227.08</ele>
      </trkpt>
      <trkpt lon="7.06198686422608" lat="45.6002387465086">
        <ele>2227.15</ele>
      </trkpt>
      <trkpt lon="7.06193497408314" lat="45.6001034787132">
        <ele>2229.71</ele>
      </trkpt>
      <trkpt lon="7.06195385587987" lat="45.6000615861762">
        <ele>2231.14</ele>
      </trkpt>
      <trkpt lon="7.0619794188276" lat="45.5999969403538">
        <ele>2233.66</ele>
      </trkpt>
      <trkpt lon="7.06197785496331" lat="45.5999939458189">
        <ele>2233.77</ele>
      </trkpt>
      <trkpt lon="7.06196166650584" lat="45.5999539752118">
        <ele>2234.29</ele>
      </trkpt>
      <trkpt lon="7.06196786155108" lat="45.5999304080125">
        <ele>2235.65</ele>
      </trkpt>
      <trkpt lon="7.06197516558695" lat="45.5998747261272">
        <ele>2236.82</ele>
      </trkpt>
      <trkpt lon="7.06200198592672" lat="45.5998592482206">
        <ele>2237.8</ele>
      </trkpt>
      <trkpt lon="7.06201650585617" lat="45.599850853706">
        <ele>2238.25</ele>
      </trkpt>
      <trkpt lon="7.06205155665312" lat="45.5998495595693">
        <ele>2239</ele>
      </trkpt>
      <trkpt lon="7.06209156842752" lat="45.5998605880131">
        <ele>2240.07</ele>
      </trkpt>
      <trkpt lon="7.06210623807817" lat="45.5998665077489">
        <ele>2240.02</ele>
      </trkpt>
      <trkpt lon="7.06213600270444" lat="45.5998623329329">
        <ele>2240.95</ele>
      </trkpt>
      <trkpt lon="7.06217150654977" lat="45.599847813468">
        <ele>2242.29</ele>
      </trkpt>
      <trkpt lon="7.06219185426975" lat="45.5998452802685">
        <ele>2243</ele>
      </trkpt>
      <trkpt lon="7.06220569923783" lat="45.5998341717902">
        <ele>2243</ele>
      </trkpt>
      <trkpt lon="7.06221458878589" lat="45.5998106518405">
        <ele>2244</ele>
      </trkpt>
      <trkpt lon="7.06223600658732" lat="45.5997769900906">
        <ele>2245.09</ele>
      </trkpt>
      <trkpt lon="7.06230301417352" lat="45.5997487844763">
        <ele>2247</ele>
      </trkpt>
      <trkpt lon="7.06235150765582" lat="45.5997108117698">
        <ele>2248.11</ele>
      </trkpt>
      <trkpt lon="7.06242511256997" lat="45.5996846090477">
        <ele>2249.98</ele>
      </trkpt>
      <trkpt lon="7.06245149134881" lat="45.599663272656">
        <ele>2250.96</ele>
      </trkpt>
      <trkpt lon="7.06247355397756" lat="45.5996109021085">
        <ele>2251.75</ele>
      </trkpt>
      <trkpt lon="7.06246781571459" lat="45.5995727316482">
        <ele>2252.33</ele>
      </trkpt>
      <trkpt lon="7.06242483493167" lat="45.5995362664247">
        <ele>2252.67</ele>
      </trkpt>
      <trkpt lon="7.06237195376914" lat="45.599508006867">
        <ele>2253</ele>
      </trkpt>
      <trkpt lon="7.06231426098324" lat="45.5995003672257">
        <ele>2253.83</ele>
      </trkpt>
      <trkpt lon="7.06225476515698" lat="45.5995040389626">
        <ele>2255.23</ele>
      </trkpt>
      <trkpt lon="7.06220645585106" lat="45.5994994383777">
        <ele>2255.51</ele>
      </trkpt>
      <trkpt lon="7.0621756052746" lat="45.5994942351695">
        <ele>2255.78</ele>
      </trkpt>
      <trkpt lon="7.06214376595637" lat="45.5994804622916">
        <ele>2256.51</ele>
      </trkpt>
      <trkpt lon="7.06212633026913" lat="45.5994394805359">
        <ele>2258.77</ele>
      </trkpt>
      <trkpt lon="7.06208366297565" lat="45.5994236352786">
        <ele>2259.61</ele>
      </trkpt>
      <trkpt lon="7.06206771552128" lat="45.5994176044165">
        <ele>2259.93</ele>
      </trkpt>
      <trkpt lon="7.06205871319051" lat="45.5993848673945">
        <ele>2261.74</ele>
      </trkpt>
      <trkpt lon="7.06207612810963" lat="45.59935203896">
        <ele>2263.58</ele>
      </trkpt>
      <trkpt lon="7.06206443683341" lat="45.5993191685753">
        <ele>2265.39</ele>
      </trkpt>
      <trkpt lon="7.06209669065439" lat="45.5993022545741">
        <ele>2266.37</ele>
      </trkpt>
      <trkpt lon="7.06212303607965" lat="45.5992819070959">
        <ele>2266.7</ele>
      </trkpt>
      <trkpt lon="7.06213810326088" lat="45.5992726236754">
        <ele>2266.83</ele>
      </trkpt>
      <trkpt lon="7.06211357836257" lat="45.5992400726185">
        <ele>2268.83</ele>
      </trkpt>
      <trkpt lon="7.06211345892086" lat="45.5992398003882">
        <ele>2268.85</ele>
      </trkpt>
      <trkpt lon="7.06210484241688" lat="45.5992219220771">
        <ele>2269.83</ele>
      </trkpt>
      <trkpt lon="7.06211962368483" lat="45.5992022800599">
        <ele>2270.54</ele>
      </trkpt>
      <trkpt lon="7.06212459058863" lat="45.5991957938339">
        <ele>2270.72</ele>
      </trkpt>
      <trkpt lon="7.06213754687198" lat="45.5991733322836">
        <ele>2271.57</ele>
      </trkpt>
      <trkpt lon="7.06211547715316" lat="45.5991626067995">
        <ele>2272.14</ele>
      </trkpt>
      <trkpt lon="7.0621029881071" lat="45.5991566343058">
        <ele>2272.77</ele>
      </trkpt>
      <trkpt lon="7.06207118492027" lat="45.5991418725145">
        <ele>2274.25</ele>
      </trkpt>
      <trkpt lon="7.0620411153633" lat="45.5991139992992">
        <ele>2275.77</ele>
      </trkpt>
      <trkpt lon="7.06202952648573" lat="45.59910048218">
        <ele>2276</ele>
      </trkpt>
      <trkpt lon="7.06202591279703" lat="45.5990862873434">
        <ele>2276.47</ele>
      </trkpt>
      <trkpt lon="7.06203365217649" lat="45.5990700370098">
        <ele>2277.9</ele>
      </trkpt>
      <trkpt lon="7.06201474668477" lat="45.5990456834359">
        <ele>2279.02</ele>
      </trkpt>
      <trkpt lon="7.06200645296162" lat="45.5989998183128">
        <ele>2281.34</ele>
      </trkpt>
      <trkpt lon="7.06202453428337" lat="45.5989811319072">
        <ele>2282.22</ele>
      </trkpt>
      <trkpt lon="7.06194199323117" lat="45.5989987232148">
        <ele>2283.08</ele>
      </trkpt>
      <trkpt lon="7.06191327089012" lat="45.5989726750585">
        <ele>2284.5</ele>
      </trkpt>
      <trkpt lon="7.06186470317079" lat="45.5989718495661">
        <ele>2285.85</ele>
      </trkpt>
      <trkpt lon="7.06182279655793" lat="45.5989786993315">
        <ele>2287.04</ele>
      </trkpt>
      <trkpt lon="7.06179808748328" lat="45.5989887215658">
        <ele>2287.71</ele>
      </trkpt>
      <trkpt lon="7.06177334293535" lat="45.5989663374292">
        <ele>2288.42</ele>
      </trkpt>
      <trkpt lon="7.06176289844721" lat="45.5989568898679">
        <ele>2289.08</ele>
      </trkpt>
      <trkpt lon="7.06175442384177" lat="45.5989274029328">
        <ele>2290.18</ele>
      </trkpt>
      <trkpt lon="7.0617505183133" lat="45.5989216666395">
        <ele>2290.48</ele>
      </trkpt>
      <trkpt lon="7.06178603196436" lat="45.59883243974">
        <ele>2293</ele>
      </trkpt>
      <trkpt lon="7.06177907843981" lat="45.598721609107">
        <ele>2295.64</ele>
      </trkpt>
      <trkpt lon="7.06180123286316" lat="45.598662846733">
        <ele>2297.16</ele>
      </trkpt>
      <trkpt lon="7.06181220698345" lat="45.598578783614">
        <ele>2298.16</ele>
      </trkpt>
      <trkpt lon="7.06181287755985" lat="45.5985220905279">
        <ele>2299</ele>
      </trkpt>
      <trkpt lon="7.06180765056455" lat="45.5984765448871">
        <ele>2299.26</ele>
      </trkpt>
      <trkpt lon="7.06180950722281" lat="45.5984226602164">
        <ele>2300.97</ele>
      </trkpt>
      <trkpt lon="7.06181166603215" lat="45.598400915246">
        <ele>2301.31</ele>
      </trkpt>
      <trkpt lon="7.06190195166633" lat="45.5982440288433">
        <ele>2303</ele>
      </trkpt>
      <trkpt lon="7.06191438066595" lat="45.5981959055314">
        <ele>2304.03</ele>
      </trkpt>
      <trkpt lon="7.06190750898297" lat="45.5981608656944">
        <ele>2303.3</ele>
      </trkpt>
      <trkpt lon="7.06191287927106" lat="45.5981240509317">
        <ele>2303.89</ele>
      </trkpt>
      <trkpt lon="7.0619418449637" lat="45.598064866391">
        <ele>2304</ele>
      </trkpt>
      <trkpt lon="7.06195919602974" lat="45.5980301462418">
        <ele>2305</ele>
      </trkpt>
      <trkpt lon="7.06199173248221" lat="45.5979081962682">
        <ele>2306.67</ele>
      </trkpt>
      <trkpt lon="7.0619743912964" lat="45.5978644255544">
        <ele>2306.94</ele>
      </trkpt>
      <trkpt lon="7.06198190305628" lat="45.597839891677">
        <ele>2307</ele>
      </trkpt>
      <trkpt lon="7.06196393452603" lat="45.5977734287197">
        <ele>2306.41</ele>
      </trkpt>
      <trkpt lon="7.06199793975597" lat="45.5976869657641">
        <ele>2307</ele>
      </trkpt>
      <trkpt lon="7.06199013491806" lat="45.5976418284419">
        <ele>2306.63</ele>
      </trkpt>
      <trkpt lon="7.06203231267684" lat="45.5975489320705">
        <ele>2307</ele>
      </trkpt>
      <trkpt lon="7.06208679348175" lat="45.5974561580439">
        <ele>2307.07</ele>
      </trkpt>
      <trkpt lon="7.06213231247056" lat="45.597389151245">
        <ele>2307.64</ele>
      </trkpt>
      <trkpt lon="7.06216693970554" lat="45.597314402479">
        <ele>2306.75</ele>
      </trkpt>
      <trkpt lon="7.06225234268989" lat="45.5972583352315">
        <ele>2306.92</ele>
      </trkpt>
      <trkpt lon="7.06232385134017" lat="45.5971811478734">
        <ele>2306</ele>
      </trkpt>
      <trkpt lon="7.06229012172425" lat="45.5970957870655">
        <ele>2306</ele>
      </trkpt>
      <trkpt lon="7.06231028695826" lat="45.5970500444442">
        <ele>2306.98</ele>
      </trkpt>
      <trkpt lon="7.06234784194938" lat="45.5969796624831">
        <ele>2308.88</ele>
      </trkpt>
      <trkpt lon="7.06240204129694" lat="45.5969323368191">
        <ele>2310.3</ele>
      </trkpt>
      <trkpt lon="7.06254762385108" lat="45.5968525390036">
        <ele>2312.87</ele>
      </trkpt>
      <trkpt lon="7.06261249004155" lat="45.5968081829623">
        <ele>2313.39</ele>
      </trkpt>
      <trkpt lon="7.06260632155412" lat="45.5967527231742">
        <ele>2315.43</ele>
      </trkpt>
      <trkpt lon="7.06257346577065" lat="45.5967275916675">
        <ele>2316.19</ele>
      </trkpt>
      <trkpt lon="7.06247541810107" lat="45.5966407801987">
        <ele>2317.09</ele>
      </trkpt>
      <trkpt lon="7.06244744905782" lat="45.5965891786293">
        <ele>2318.13</ele>
      </trkpt>
      <trkpt lon="7.06242466049437" lat="45.596547207908">
        <ele>2319.19</ele>
      </trkpt>
      <trkpt lon="7.0623808689977" lat="45.5964896671467">
        <ele>2321</ele>
      </trkpt>
      <trkpt lon="7.06234891586786" lat="45.5964718441659">
        <ele>2321</ele>
      </trkpt>
      <trkpt lon="7.06234334370932" lat="45.5964623883184">
        <ele>2321</ele>
      </trkpt>
      <trkpt lon="7.06229934616844" lat="45.5964294176175">
        <ele>2321</ele>
      </trkpt>
      <trkpt lon="7.06207034595684" lat="45.5963253516654">
        <ele>2321.71</ele>
      </trkpt>
      <trkpt lon="7.06201977266337" lat="45.5963232316766">
        <ele>2321.86</ele>
      </trkpt>
      <trkpt lon="7.06194542615357" lat="45.596345012058">
        <ele>2322</ele>
      </trkpt>
      <trkpt lon="7.06180084244129" lat="45.5963437300662">
        <ele>2321.43</ele>
      </trkpt>
      <trkpt lon="7.06171811319329" lat="45.5963259427044">
        <ele>2322.04</ele>
      </trkpt>
      <trkpt lon="7.06173712050512" lat="45.5962580384034">
        <ele>2324</ele>
      </trkpt>
      <trkpt lon="7.06168650625349" lat="45.5962199147309">
        <ele>2325</ele>
      </trkpt>
      <trkpt lon="7.06134790371626" lat="45.5961114642709">
        <ele>2328</ele>
      </trkpt>
      <trkpt lon="7.06126105872859" lat="45.5960420339037">
        <ele>2328</ele>
      </trkpt>
      <trkpt lon="7.06113639339349" lat="45.5959761893705">
        <ele>2328</ele>
      </trkpt>
      <trkpt lon="7.06076907707057" lat="45.5958304349157">
        <ele>2330</ele>
      </trkpt>
      <trkpt lon="7.06061569202508" lat="45.5957460118586">
        <ele>2332.51</ele>
      </trkpt>
      <trkpt lon="7.06057904321001" lat="45.5956449395164">
        <ele>2334</ele>
      </trkpt>
      <trkpt lon="7.06057669804038" lat="45.5955381451411">
        <ele>2335</ele>
      </trkpt>
      <trkpt lon="7.06055290354311" lat="45.5955142498647">
        <ele>2334.57</ele>
      </trkpt>
      <trkpt lon="7.06038056553438" lat="45.5954180707723">
        <ele>2336</ele>
      </trkpt>
      <trkpt lon="7.06028031955404" lat="45.5953840550546">
        <ele>2337.14</ele>
      </trkpt>
      <trkpt lon="7.0601623837836" lat="45.5953760203739">
        <ele>2339.06</ele>
      </trkpt>
      <trkpt lon="7.06012489287393" lat="45.5952957263239">
        <ele>2341.63</ele>
      </trkpt>
      <trkpt lon="7.06005379492848" lat="45.5952530217817">
        <ele>2343.66</ele>
      </trkpt>
      <trkpt lon="7.06001150746768" lat="45.5951333100271">
        <ele>2346.98</ele>
      </trkpt>
      <trkpt lon="7.05998618253064" lat="45.5951018284339">
        <ele>2348</ele>
      </trkpt>
      <trkpt lon="7.05989604765357" lat="45.595079504775">
        <ele>2350.73</ele>
      </trkpt>
      <trkpt lon="7.0598498763124" lat="45.5949832185719">
        <ele>2353.81</ele>
      </trkpt>
      <trkpt lon="7.0597697381418" lat="45.5949982376159">
        <ele>2355.89</ele>
      </trkpt>
      <trkpt lon="7.05970289593275" lat="45.5949511080038">
        <ele>2358</ele>
      </trkpt>
      <trkpt lon="7.05963870280395" lat="45.5949536185547">
        <ele>2360.02</ele>
      </trkpt>
      <trkpt lon="7.05956586852179" lat="45.594920425346">
        <ele>2361</ele>
      </trkpt>
      <trkpt lon="7.05949101432924" lat="45.5949086243223">
        <ele>2362.88</ele>
      </trkpt>
      <trkpt lon="7.0592258087569" lat="45.5947542484202">
        <ele>2364</ele>
      </trkpt>
      <trkpt lon="7.0591585836461" lat="45.5946847876873">
        <ele>2364.22</ele>
      </trkpt>
      <trkpt lon="7.05894926064782" lat="45.5946313648667">
        <ele>2362.62</ele>
      </trkpt>
      <trkpt lon="7.05883873555632" lat="45.5945125635836">
        <ele>2360.05</ele>
      </trkpt>
      <trkpt lon="7.05868245047121" lat="45.5944269182455">
        <ele>2359.94</ele>
      </trkpt>
      <trkpt lon="7.05865028990814" lat="45.594363182997">
        <ele>2360.29</ele>
      </trkpt>
      <trkpt lon="7.05868064948107" lat="45.5943341770069">
        <ele>2361.78</ele>
      </trkpt>
      <trkpt lon="7.05852061714755" lat="45.594245676005">
        <ele>2361.34</ele>
      </trkpt>
      <trkpt lon="7.05850283498242" lat="45.5941665238418">
        <ele>2363.44</ele>
      </trkpt>
      <trkpt lon="7.05841822501235" lat="45.594155094955">
        <ele>2363</ele>
      </trkpt>
      <trkpt lon="7.05824513692192" lat="45.5940622326056">
        <ele>2363.81</ele>
      </trkpt>
      <trkpt lon="7.05814138681949" lat="45.5939515538149">
        <ele>2368</ele>
      </trkpt>
      <trkpt lon="7.05805271062669" lat="45.5939130519855">
        <ele>2368</ele>
      </trkpt>
      <trkpt lon="7.05801043588812" lat="45.5938525667207">
        <ele>2368.97</ele>
      </trkpt>
      <trkpt lon="7.0579717589676" lat="45.593765858609">
        <ele>2371.01</ele>
      </trkpt>
      <trkpt lon="7.05803152849899" lat="45.5936872155451">
        <ele>2373</ele>
      </trkpt>
      <trkpt lon="7.0580049730826" lat="45.5936504921416">
        <ele>2374</ele>
      </trkpt>
      <trkpt lon="7.05801052579034" lat="45.5935192611176">
        <ele>2377</ele>
      </trkpt>
      <trkpt lon="7.0581324656942" lat="45.5933219628959">
        <ele>2379</ele>
      </trkpt>
      <trkpt lon="7.05812819182452" lat="45.5931188271906">
        <ele>2375</ele>
      </trkpt>
      <trkpt lon="7.05822822168624" lat="45.5927017982308">
        <ele>2375</ele>
      </trkpt>
      <trkpt lon="7.05841936814604" lat="45.592390014469">
        <ele>2377</ele>
      </trkpt>
      <trkpt lon="7.05844501220911" lat="45.5922970179351">
        <ele>2378.22</ele>
      </trkpt>
      <trkpt lon="7.05861791767251" lat="45.5922128286082">
        <ele>2379.89</ele>
      </trkpt>
      <trkpt lon="7.0587089380228" lat="45.5921275162357">
        <ele>2381.72</ele>
      </trkpt>
      <trkpt lon="7.0587427298215" lat="45.5920175582433">
        <ele>2382.86</ele>
      </trkpt>
      <trkpt lon="7.05888183829844" lat="45.5918836478935">
        <ele>2383</ele>
      </trkpt>
      <trkpt lon="7.05890015433798" lat="45.5917949375074">
        <ele>2382.89</ele>
      </trkpt>
      <trkpt lon="7.05897989476593" lat="45.5916648794558">
        <ele>2382.83</ele>
      </trkpt>
      <trkpt lon="7.05892887786514" lat="45.5914787715029">
        <ele>2381.02</ele>
      </trkpt>
      <trkpt lon="7.05903891510615" lat="45.591403323452">
        <ele>2379.74</ele>
      </trkpt>
      <trkpt lon="7.05917799857005" lat="45.5912700408956">
        <ele>2377.23</ele>
      </trkpt>
      <trkpt lon="7.05922395729717" lat="45.5911603802512">
        <ele>2375.05</ele>
      </trkpt>
      <trkpt lon="7.05921126030518" lat="45.5911345100329">
        <ele>2374.7</ele>
      </trkpt>
      <trkpt lon="7.05925846830757" lat="45.5910630336941">
        <ele>2373.56</ele>
      </trkpt>
      <trkpt lon="7.05940584842335" lat="45.5909679688459">
        <ele>2371.11</ele>
      </trkpt>
      <trkpt lon="7.05958964134072" lat="45.5906867496705">
        <ele>2371.29</ele>
      </trkpt>
      <trkpt lon="7.05964854955291" lat="45.5904766755159">
        <ele>2367.4</ele>
      </trkpt>
      <trkpt lon="7.05965057334206" lat="45.590399390259">
        <ele>2367.57</ele>
      </trkpt>
      <trkpt lon="7.05973705592294" lat="45.5902521651747">
        <ele>2366.6</ele>
      </trkpt>
      <trkpt lon="7.0597761707593" lat="45.5901067424535">
        <ele>2361.81</ele>
      </trkpt>
      <trkpt lon="7.05976716967297" lat="45.590010817732">
        <ele>2359.31</ele>
      </trkpt>
      <trkpt lon="7.059675845568" lat="45.5898633603599">
        <ele>2358.41</ele>
      </trkpt>
      <trkpt lon="7.05970274498124" lat="45.5897821780244">
        <ele>2361.97</ele>
      </trkpt>
      <trkpt lon="7.05968433429917" lat="45.5897398295586">
        <ele>2363.2</ele>
      </trkpt>
      <trkpt lon="7.05974021710289" lat="45.5896881232456">
        <ele>2366.16</ele>
      </trkpt>
      <trkpt lon="7.05980433833578" lat="45.5896689594974">
        <ele>2366.33</ele>
      </trkpt>
      <trkpt lon="7.06000711889219" lat="45.5893313557557">
        <ele>2368</ele>
      </trkpt>
      <trkpt lon="7.0601292962955" lat="45.589204806538">
        <ele>2366.73</ele>
      </trkpt>
      <trkpt lon="7.06017633665974" lat="45.5890414278869">
        <ele>2365.52</ele>
      </trkpt>
      <trkpt lon="7.06018025434062" lat="45.5888532843057">
        <ele>2366</ele>
      </trkpt>
    </trkseg>
  </trk>
</gpx>
