<?xml version="1.0" encoding="UTF-8"?>
<gpx xmlns="http://www.topografix.com/GPX/1/1" creator="INVA x RAVdA" version="1.1" xmlns:xsi="http://www.w3.org/2001/XMLSchema-instance" xsi:schemaLocation="http://www.topografix.com/GPX/1/1 http://www.topografix.com/GPX/1/1/gpx.xsd">
  <trk>
    <name>RAVDA - Catasto Sentieri</name>
    <desc>Percorso personalizzato</desc>
    <trkseg>

      <trkpt lon="7.48439516921441" lat="45.8416092383888">
        <ele>2653</ele>
      </trkpt>
      <trkpt lon="7.48438838613632" lat="45.8415887183561">
        <ele>2652.11</ele>
      </trkpt>
      <trkpt lon="7.48438552013353" lat="45.8415519562809">
        <ele>2651.08</ele>
      </trkpt>
      <trkpt lon="7.48449224258335" lat="45.8415200703894">
        <ele>2650.23</ele>
      </trkpt>
      <trkpt lon="7.48455593816578" lat="45.8413938261229">
        <ele>2650.16</ele>
      </trkpt>
      <trkpt lon="7.48459052019774" lat="45.8413581033251">
        <ele>2650.46</ele>
      </trkpt>
      <trkpt lon="7.48465251643624" lat="45.8413371450573">
        <ele>2650</ele>
      </trkpt>
      <trkpt lon="7.48468246253666" lat="45.8412871385176">
        <ele>2649</ele>
      </trkpt>
      <trkpt lon="7.48466376025983" lat="45.841240806601">
        <ele>2648</ele>
      </trkpt>
      <trkpt lon="7.48468324452387" lat="45.8412156839273">
        <ele>2647.8</ele>
      </trkpt>
      <trkpt lon="7.48464507800683" lat="45.8411652239396">
        <ele>2646.4</ele>
      </trkpt>
      <trkpt lon="7.48452580376813" lat="45.8411330386333">
        <ele>2644.56</ele>
      </trkpt>
      <trkpt lon="7.48444924358956" lat="45.8411402130758">
        <ele>2644.15</ele>
      </trkpt>
      <trkpt lon="7.48446184220211" lat="45.8410841284357">
        <ele>2641.05</ele>
      </trkpt>
      <trkpt lon="7.48451824439341" lat="45.8410368111091">
        <ele>2639.72</ele>
      </trkpt>
      <trkpt lon="7.48451824439341" lat="45.8410368111091">
        <ele>2639.72</ele>
      </trkpt>
      <trkpt lon="7.4845696235002" lat="45.8410274141443">
        <ele>2639.49</ele>
      </trkpt>
      <trkpt lon="7.48460198258058" lat="45.8410260422">
        <ele>2638.7</ele>
      </trkpt>
      <trkpt lon="7.48467451467729" lat="45.8410297041057">
        <ele>2638.85</ele>
      </trkpt>
      <trkpt lon="7.48474176610233" lat="45.841033296514">
        <ele>2639</ele>
      </trkpt>
      <trkpt lon="7.48482051206244" lat="45.8410452309127">
        <ele>2639.61</ele>
      </trkpt>
      <trkpt lon="7.48488038579865" lat="45.841036036813">
        <ele>2639.05</ele>
      </trkpt>
      <trkpt lon="7.48491381687363" lat="45.8410473707582">
        <ele>2639.84</ele>
      </trkpt>
      <trkpt lon="7.4849470228724" lat="45.8410623020151">
        <ele>2640.46</ele>
      </trkpt>
      <trkpt lon="7.48500655190547" lat="45.8410657915684">
        <ele>2640.09</ele>
      </trkpt>
      <trkpt lon="7.48506888107137" lat="45.8410657171692">
        <ele>2640.81</ele>
      </trkpt>
      <trkpt lon="7.48511810718921" lat="45.8410645703937">
        <ele>2641</ele>
      </trkpt>
      <trkpt lon="7.48516455810176" lat="45.8410706765539">
        <ele>2640.78</ele>
      </trkpt>
      <trkpt lon="7.48524337911875" lat="45.8410798219933">
        <ele>2640.43</ele>
      </trkpt>
      <trkpt lon="7.48528998283024" lat="45.8410850309099">
        <ele>2639.91</ele>
      </trkpt>
      <trkpt lon="7.48534579253487" lat="45.8410784785048">
        <ele>2640.04</ele>
      </trkpt>
      <trkpt lon="7.48542587467107" lat="45.8410886323155">
        <ele>2639</ele>
      </trkpt>
      <trkpt lon="7.48543987985762" lat="45.8411230194379">
        <ele>2637.98</ele>
      </trkpt>
      <trkpt lon="7.48551580613316" lat="45.8411439179265">
        <ele>2636.57</ele>
      </trkpt>
      <trkpt lon="7.48561641913384" lat="45.8411615415704">
        <ele>2633.07</ele>
      </trkpt>
      <trkpt lon="7.4856757007593" lat="45.8411741202417">
        <ele>2631.76</ele>
      </trkpt>
      <trkpt lon="7.48570538748748" lat="45.8411763122512">
        <ele>2630.69</ele>
      </trkpt>
      <trkpt lon="7.4857650778454" lat="45.841169184869">
        <ele>2629.79</ele>
      </trkpt>
      <trkpt lon="7.48579388966655" lat="45.8411656961698">
        <ele>2628.76</ele>
      </trkpt>
      <trkpt lon="7.48584972707652" lat="45.8411628355257">
        <ele>2627.39</ele>
      </trkpt>
      <trkpt lon="7.48587812766531" lat="45.8411650108557">
        <ele>2626.92</ele>
      </trkpt>
      <trkpt lon="7.48593668746423" lat="45.8411567862124">
        <ele>2625.63</ele>
      </trkpt>
      <trkpt lon="7.48601739413142" lat="45.8411913406506">
        <ele>2623.92</ele>
      </trkpt>
      <trkpt lon="7.48607083901518" lat="45.8412292199099">
        <ele>2623.36</ele>
      </trkpt>
      <trkpt lon="7.48611544225516" lat="45.8412560043567">
        <ele>2623.22</ele>
      </trkpt>
      <trkpt lon="7.48614288378946" lat="45.8412935389115">
        <ele>2624.21</ele>
      </trkpt>
      <trkpt lon="7.48618984563197" lat="45.8413093731022">
        <ele>2624.27</ele>
      </trkpt>
      <trkpt lon="7.48625833871545" lat="45.8413147794576">
        <ele>2623.52</ele>
      </trkpt>
      <trkpt lon="7.48636677687036" lat="45.8413334087583">
        <ele>2623.88</ele>
      </trkpt>
      <trkpt lon="7.48642338892152" lat="45.8413495486057">
        <ele>2622.54</ele>
      </trkpt>
      <trkpt lon="7.48646707018625" lat="45.8413628188104">
        <ele>2621.8</ele>
      </trkpt>
      <trkpt lon="7.48653688460535" lat="45.8414145069131">
        <ele>2619.06</ele>
      </trkpt>
      <trkpt lon="7.48657171207284" lat="45.8414693336464">
        <ele>2619</ele>
      </trkpt>
      <trkpt lon="7.4865752641396" lat="45.8415092513642">
        <ele>2617.95</ele>
      </trkpt>
      <trkpt lon="7.48656529368141" lat="45.8415492633981">
        <ele>2617.5</ele>
      </trkpt>
      <trkpt lon="7.48660524874018" lat="45.8416192766789">
        <ele>2612.86</ele>
      </trkpt>
      <trkpt lon="7.48650523044277" lat="45.8415892416135">
        <ele>2619.11</ele>
      </trkpt>
      <trkpt lon="7.48650524830399" lat="45.841669254763">
        <ele>2615.02</ele>
      </trkpt>
      <trkpt lon="7.48656522504176" lat="45.8417892195097">
        <ele>2609.2</ele>
      </trkpt>
      <trkpt lon="7.48660524775734" lat="45.8418092815188">
        <ele>2608</ele>
      </trkpt>
      <trkpt lon="7.48663529346451" lat="45.8417792560445">
        <ele>2607.87</ele>
      </trkpt>
      <trkpt lon="7.48675522728217" lat="45.841749253662">
        <ele>2606.51</ele>
      </trkpt>
      <trkpt lon="7.48691530028872" lat="45.8417492135419">
        <ele>2604.02</ele>
      </trkpt>
      <trkpt lon="7.48704519702795" lat="45.8417792850082">
        <ele>2606</ele>
      </trkpt>
      <trkpt lon="7.48711529362634" lat="45.8417492515875">
        <ele>2606.72</ele>
      </trkpt>
      <trkpt lon="7.48722528238191" lat="45.8417392773968">
        <ele>2607.61</ele>
      </trkpt>
      <trkpt lon="7.48743526026639" lat="45.8416892253742">
        <ele>2611</ele>
      </trkpt>
      <trkpt lon="7.48761522716975" lat="45.8417392200542">
        <ele>2608.77</ele>
      </trkpt>
      <trkpt lon="7.48767519735377" lat="45.8417692658438">
        <ele>2608</ele>
      </trkpt>
      <trkpt lon="7.48769529799878" lat="45.8417592713391">
        <ele>2608</ele>
      </trkpt>
      <trkpt lon="7.48776530154254" lat="45.8417992619235">
        <ele>2606.31</ele>
      </trkpt>
      <trkpt lon="7.48786523907902" lat="45.8416992353417">
        <ele>2603.75</ele>
      </trkpt>
      <trkpt lon="7.4879105555657" lat="45.8416189198451">
        <ele>2601.59</ele>
      </trkpt>
      <trkpt lon="7.48795279317906" lat="45.8415904973072">
        <ele>2600.63</ele>
      </trkpt>
      <trkpt lon="7.48797039410398" lat="45.8415635495687">
        <ele>2600.06</ele>
      </trkpt>
      <trkpt lon="7.48798556452682" lat="45.841531168335">
        <ele>2598.27</ele>
      </trkpt>
      <trkpt lon="7.48801074050966" lat="45.841509809701">
        <ele>2598.02</ele>
      </trkpt>
      <trkpt lon="7.48802151044205" lat="45.8414972622633">
        <ele>2597.36</ele>
      </trkpt>
      <trkpt lon="7.48801429686129" lat="45.8414735838126">
        <ele>2596.66</ele>
      </trkpt>
      <trkpt lon="7.48801753630595" lat="45.8414491443325">
        <ele>2595.37</ele>
      </trkpt>
      <trkpt lon="7.48803851845216" lat="45.8413923597556">
        <ele>2594</ele>
      </trkpt>
      <trkpt lon="7.48805512790419" lat="45.8413545061742">
        <ele>2593.07</ele>
      </trkpt>
      <trkpt lon="7.4880743568921" lat="45.8413149775754">
        <ele>2593</ele>
      </trkpt>
      <trkpt lon="7.48809528306472" lat="45.8412792518677">
        <ele>2592.27</ele>
      </trkpt>
      <trkpt lon="7.48814368766022" lat="45.8412418208266">
        <ele>2591.79</ele>
      </trkpt>
      <trkpt lon="7.48818455112156" lat="45.841169005478">
        <ele>2589</ele>
      </trkpt>
      <trkpt lon="7.48820202973252" lat="45.8411465550752">
        <ele>2587.23</ele>
      </trkpt>
      <trkpt lon="7.4882031833782" lat="45.8411039984467">
        <ele>2585.81</ele>
      </trkpt>
      <trkpt lon="7.48819665911294" lat="45.8410595389179">
        <ele>2582.91</ele>
      </trkpt>
      <trkpt lon="7.48822804061852" lat="45.8410468138971">
        <ele>2581.33</ele>
      </trkpt>
      <trkpt lon="7.48826721113971" lat="45.8410364417894">
        <ele>2579.86</ele>
      </trkpt>
      <trkpt lon="7.48828555890785" lat="45.8410294834562">
        <ele>2579.18</ele>
      </trkpt>
      <trkpt lon="7.4882783035348" lat="45.8410121051656">
        <ele>2579</ele>
      </trkpt>
      <trkpt lon="7.48824771160699" lat="45.8409909098855">
        <ele>2578.06</ele>
      </trkpt>
      <trkpt lon="7.488228139797" lat="45.8409480780497">
        <ele>2575.59</ele>
      </trkpt>
      <trkpt lon="7.48820965953519" lat="45.8409124602971">
        <ele>2573.64</ele>
      </trkpt>
      <trkpt lon="7.48819786562055" lat="45.8408724313857">
        <ele>2571.11</ele>
      </trkpt>
      <trkpt lon="7.48816942158919" lat="45.8408195825424">
        <ele>2568.79</ele>
      </trkpt>
      <trkpt lon="7.48813819113613" lat="45.8407792951031">
        <ele>2566.61</ele>
      </trkpt>
      <trkpt lon="7.48810004916882" lat="45.840751607918">
        <ele>2565.88</ele>
      </trkpt>
      <trkpt lon="7.48804385687585" lat="45.8407200843496">
        <ele>2564.22</ele>
      </trkpt>
      <trkpt lon="7.48796293088218" lat="45.84067931864">
        <ele>2561.97</ele>
      </trkpt>
      <trkpt lon="7.48784104017374" lat="45.8406342329798">
        <ele>2560.55</ele>
      </trkpt>
      <trkpt lon="7.4877343356235" lat="45.8406038395074">
        <ele>2558.94</ele>
      </trkpt>
      <trkpt lon="7.48765026451059" lat="45.8405936356569">
        <ele>2558.44</ele>
      </trkpt>
      <trkpt lon="7.48761272011889" lat="45.8405487647066">
        <ele>2556.17</ele>
      </trkpt>
      <trkpt lon="7.48754510556817" lat="45.840506196302">
        <ele>2554.66</ele>
      </trkpt>
      <trkpt lon="7.48752884175989" lat="45.8404838400197">
        <ele>2554.22</ele>
      </trkpt>
      <trkpt lon="7.48751831174411" lat="45.8404447278106">
        <ele>2552.99</ele>
      </trkpt>
      <trkpt lon="7.48745710649235" lat="45.8403605722975">
        <ele>2552.08</ele>
      </trkpt>
      <trkpt lon="7.48738413983527" lat="45.8402780611571">
        <ele>2550.47</ele>
      </trkpt>
      <trkpt lon="7.4873129837734" lat="45.8402236535278">
        <ele>2550.13</ele>
      </trkpt>
      <trkpt lon="7.48726568622382" lat="45.8401870243598">
        <ele>2549.19</ele>
      </trkpt>
      <trkpt lon="7.48715773261338" lat="45.8401077407411">
        <ele>2549.34</ele>
      </trkpt>
      <trkpt lon="7.48704092251882" lat="45.8400654218673">
        <ele>2550.54</ele>
      </trkpt>
      <trkpt lon="7.48688521183266" lat="45.8400092661538">
        <ele>2550.53</ele>
      </trkpt>
      <trkpt lon="7.48677582705992" lat="45.8399590332613">
        <ele>2550.15</ele>
      </trkpt>
      <trkpt lon="7.48649895276455" lat="45.8398929011223">
        <ele>2551.36</ele>
      </trkpt>
      <trkpt lon="7.48638487080706" lat="45.8398354957794">
        <ele>2549.88</ele>
      </trkpt>
      <trkpt lon="7.48626873528033" lat="45.8398157747099">
        <ele>2550.4</ele>
      </trkpt>
      <trkpt lon="7.48620525185165" lat="45.8397492279567">
        <ele>2548.29</ele>
      </trkpt>
      <trkpt lon="7.48619761007754" lat="45.8397460666912">
        <ele>2548.42</ele>
      </trkpt>
      <trkpt lon="7.48614760191478" lat="45.839681231223">
        <ele>2546.86</ele>
      </trkpt>
      <trkpt lon="7.48605667285402" lat="45.8396438432805">
        <ele>2546.84</ele>
      </trkpt>
      <trkpt lon="7.48599642199609" lat="45.8396194642993">
        <ele>2545.53</ele>
      </trkpt>
      <trkpt lon="7.4859645494864" lat="45.8395981606708">
        <ele>2545.6</ele>
      </trkpt>
      <trkpt lon="7.48594233034082" lat="45.8395580816574">
        <ele>2544.27</ele>
      </trkpt>
      <trkpt lon="7.48595039003584" lat="45.8394983357691">
        <ele>2541.7</ele>
      </trkpt>
      <trkpt lon="7.48593827096976" lat="45.8394655931513">
        <ele>2541.01</ele>
      </trkpt>
      <trkpt lon="7.48590028457931" lat="45.8394370059448">
        <ele>2539.47</ele>
      </trkpt>
      <trkpt lon="7.48584538120369" lat="45.8394054962781">
        <ele>2537.79</ele>
      </trkpt>
      <trkpt lon="7.4858173346919" lat="45.8393380692896">
        <ele>2536.19</ele>
      </trkpt>
      <trkpt lon="7.48577847664245" lat="45.839280042436">
        <ele>2535.76</ele>
      </trkpt>
      <trkpt lon="7.48577300603843" lat="45.8391921234772">
        <ele>2534.02</ele>
      </trkpt>
      <trkpt lon="7.4857396453054" lat="45.8391355161573">
        <ele>2533.33</ele>
      </trkpt>
      <trkpt lon="7.48570899871861" lat="45.8390689558324">
        <ele>2532.68</ele>
      </trkpt>
      <trkpt lon="7.48570229747853" lat="45.8389837202634">
        <ele>2531.03</ele>
      </trkpt>
      <trkpt lon="7.48570191583069" lat="45.8388981208573">
        <ele>2531.13</ele>
      </trkpt>
      <trkpt lon="7.48568722255231" lat="45.8388226799049">
        <ele>2532.79</ele>
      </trkpt>
      <trkpt lon="7.48567076787114" lat="45.8387599975938">
        <ele>2532.49</ele>
      </trkpt>
      <trkpt lon="7.48565485248616" lat="45.8386773397792">
        <ele>2531.2</ele>
      </trkpt>
      <trkpt lon="7.48564075047415" lat="45.8386227910313">
        <ele>2531.6</ele>
      </trkpt>
      <trkpt lon="7.48559941819502" lat="45.8385230547582">
        <ele>2532.51</ele>
      </trkpt>
      <trkpt lon="7.48560772251792" lat="45.8384543114209">
        <ele>2531.28</ele>
      </trkpt>
      <trkpt lon="7.48560013728026" lat="45.8384016461174">
        <ele>2532.22</ele>
      </trkpt>
      <trkpt lon="7.48559054601189" lat="45.8383707369041">
        <ele>2533.01</ele>
      </trkpt>
      <trkpt lon="7.4856247035723" lat="45.8383078245209">
        <ele>2531.53</ele>
      </trkpt>
      <trkpt lon="7.48568704305405" lat="45.8382075753481">
        <ele>2530.44</ele>
      </trkpt>
      <trkpt lon="7.48570812527355" lat="45.8381471906807">
        <ele>2530.69</ele>
      </trkpt>
      <trkpt lon="7.48571298538087" lat="45.8380630080281">
        <ele>2531.59</ele>
      </trkpt>
      <trkpt lon="7.48571351727501" lat="45.8379959618812">
        <ele>2531.64</ele>
      </trkpt>
      <trkpt lon="7.48569529676103" lat="45.8378891534293">
        <ele>2533.91</ele>
      </trkpt>
      <trkpt lon="7.48567525722036" lat="45.8377591888145">
        <ele>2534.53</ele>
      </trkpt>
      <trkpt lon="7.48571527714525" lat="45.8374991492453">
        <ele>2532.18</ele>
      </trkpt>
      <trkpt lon="7.48571414252839" lat="45.8374223611676">
        <ele>2529.36</ele>
      </trkpt>
      <trkpt lon="7.48569202345796" lat="45.8373785931724">
        <ele>2529.39</ele>
      </trkpt>
      <trkpt lon="7.48563612860935" lat="45.8373361804407">
        <ele>2528.29</ele>
      </trkpt>
      <trkpt lon="7.48557582309057" lat="45.837266525306">
        <ele>2526.88</ele>
      </trkpt>
      <trkpt lon="7.48554528981798" lat="45.837229129614">
        <ele>2525.98</ele>
      </trkpt>
      <trkpt lon="7.48556029966389" lat="45.8371695643532">
        <ele>2525.11</ele>
      </trkpt>
      <trkpt lon="7.48560529015452" lat="45.8371391973481">
        <ele>2524.45</ele>
      </trkpt>
      <trkpt lon="7.48562821642077" lat="45.8371009799298">
        <ele>2524.79</ele>
      </trkpt>
      <trkpt lon="7.48564462850178" lat="45.8370704154211">
        <ele>2525.1</ele>
      </trkpt>
      <trkpt lon="7.48568605905508" lat="45.8369767273246">
        <ele>2526.77</ele>
      </trkpt>
      <trkpt lon="7.48569041322869" lat="45.8369110812504">
        <ele>2527.67</ele>
      </trkpt>
      <trkpt lon="7.48570748691978" lat="45.8368560439027">
        <ele>2529.07</ele>
      </trkpt>
      <trkpt lon="7.48571541134121" lat="45.8367538108201">
        <ele>2532.26</ele>
      </trkpt>
      <trkpt lon="7.48572369611047" lat="45.8366905565115">
        <ele>2533.23</ele>
      </trkpt>
      <trkpt lon="7.48571140747149" lat="45.8366641112748">
        <ele>2534.24</ele>
      </trkpt>
      <trkpt lon="7.48573694671752" lat="45.8365343915514">
        <ele>2536.27</ele>
      </trkpt>
      <trkpt lon="7.48573949863652" lat="45.8364402780682">
        <ele>2537.27</ele>
      </trkpt>
      <trkpt lon="7.48571850357073" lat="45.8363076911553">
        <ele>2538.04</ele>
      </trkpt>
      <trkpt lon="7.48570263822228" lat="45.8362232332955">
        <ele>2537.93</ele>
      </trkpt>
      <trkpt lon="7.48567912275905" lat="45.8361359752904">
        <ele>2539.93</ele>
      </trkpt>
      <trkpt lon="7.48566888472076" lat="45.8360814765814">
        <ele>2539.77</ele>
      </trkpt>
      <trkpt lon="7.48564401659069" lat="45.8359870906039">
        <ele>2541.45</ele>
      </trkpt>
      <trkpt lon="7.4856452753061" lat="45.8359691957159">
        <ele>2541.42</ele>
      </trkpt>
      <trkpt lon="7.48565511261297" lat="45.8359198223314">
        <ele>2542.09</ele>
      </trkpt>
      <trkpt lon="7.48568530621673" lat="45.8358558682169">
        <ele>2542.97</ele>
      </trkpt>
      <trkpt lon="7.48569178779275" lat="45.8358115810406">
        <ele>2543.73</ele>
      </trkpt>
      <trkpt lon="7.48572959075548" lat="45.8357043453418">
        <ele>2545.42</ele>
      </trkpt>
      <trkpt lon="7.48573567019135" lat="45.8356273795517">
        <ele>2546.27</ele>
      </trkpt>
      <trkpt lon="7.48573484088908" lat="45.8355631056846">
        <ele>2547.37</ele>
      </trkpt>
      <trkpt lon="7.4857171973657" lat="45.8354967177123">
        <ele>2548.13</ele>
      </trkpt>
      <trkpt lon="7.48567468561606" lat="45.8353408022197">
        <ele>2549.88</ele>
      </trkpt>
      <trkpt lon="7.48564194201185" lat="45.8352615221065">
        <ele>2550.3</ele>
      </trkpt>
      <trkpt lon="7.48561539761965" lat="45.8352290376893">
        <ele>2551.7</ele>
      </trkpt>
      <trkpt lon="7.48550533921227" lat="45.8351090419029">
        <ele>2553.1</ele>
      </trkpt>
      <trkpt lon="7.48544537358525" lat="45.8349890771571">
        <ele>2551.22</ele>
      </trkpt>
      <trkpt lon="7.48544532000017" lat="45.834749029377">
        <ele>2551.47</ele>
      </trkpt>
      <trkpt lon="7.48542535744789" lat="45.83465902967">
        <ele>2552.34</ele>
      </trkpt>
      <trkpt lon="7.48543529317756" lat="45.8345490825218">
        <ele>2552.12</ele>
      </trkpt>
      <trkpt lon="7.48553143877791" lat="45.8343179608991">
        <ele>2552.85</ele>
      </trkpt>
      <trkpt lon="7.48554398419792" lat="45.8342827573461">
        <ele>2553.13</ele>
      </trkpt>
      <trkpt lon="7.48559095404824" lat="45.8341746522696">
        <ele>2554.05</ele>
      </trkpt>
      <trkpt lon="7.48563269872851" lat="45.8340692666562">
        <ele>2555.47</ele>
      </trkpt>
      <trkpt lon="7.48565568143823" lat="45.8339862258749">
        <ele>2557</ele>
      </trkpt>
      <trkpt lon="7.48566479644987" lat="45.8339397247789">
        <ele>2557</ele>
      </trkpt>
      <trkpt lon="7.4856639671493" lat="45.8338753592429">
        <ele>2556.87</ele>
      </trkpt>
      <trkpt lon="7.48564204822735" lat="45.8338243049532">
        <ele>2555.81</ele>
      </trkpt>
      <trkpt lon="7.48560999318519" lat="45.8337623141759">
        <ele>2555.51</ele>
      </trkpt>
      <trkpt lon="7.48554454310868" lat="45.8336925923233">
        <ele>2554.35</ele>
      </trkpt>
      <trkpt lon="7.48549171812988" lat="45.8336321263841">
        <ele>2553.15</ele>
      </trkpt>
      <trkpt lon="7.48546827678126" lat="45.8335896945214">
        <ele>2552.8</ele>
      </trkpt>
      <trkpt lon="7.48542448813178" lat="45.8335283592029">
        <ele>2553.56</ele>
      </trkpt>
      <trkpt lon="7.48536527806427" lat="45.8334090361477">
        <ele>2556</ele>
      </trkpt>
      <trkpt lon="7.48535530477173" lat="45.8333115169014">
        <ele>2558.21</ele>
      </trkpt>
      <trkpt lon="7.48535530477173" lat="45.8333115169014">
        <ele>2558.21</ele>
      </trkpt>
      <trkpt lon="7.48536853587989" lat="45.8332984611413">
        <ele>2559</ele>
      </trkpt>
      <trkpt lon="7.48537569480509" lat="45.833276593987">
        <ele>2559</ele>
      </trkpt>
      <trkpt lon="7.48539358492946" lat="45.8332342597487">
        <ele>2560.66</ele>
      </trkpt>
      <trkpt lon="7.48538528526698" lat="45.8332078673297">
        <ele>2560.19</ele>
      </trkpt>
      <trkpt lon="7.48538997302141" lat="45.8331300737275">
        <ele>2561.84</ele>
      </trkpt>
      <trkpt lon="7.4854007022904" lat="45.8330667611079">
        <ele>2562</ele>
      </trkpt>
      <trkpt lon="7.485398881515" lat="45.8329915813982">
        <ele>2561.97</ele>
      </trkpt>
      <trkpt lon="7.48544019437649" lat="45.8329495557275">
        <ele>2561</ele>
      </trkpt>
      <trkpt lon="7.48547884600601" lat="45.832910646777">
        <ele>2560.1</ele>
      </trkpt>
      <trkpt lon="7.4855085678791" lat="45.8328213031227">
        <ele>2562</ele>
      </trkpt>
      <trkpt lon="7.48558460455051" lat="45.8327380656271">
        <ele>2563.82</ele>
      </trkpt>
      <trkpt lon="7.48562068112164" lat="45.8326992122088">
        <ele>2564.18</ele>
      </trkpt>
      <trkpt lon="7.48565964131566" lat="45.8326489640837">
        <ele>2565.64</ele>
      </trkpt>
      <trkpt lon="7.48568374059178" lat="45.8325722401408">
        <ele>2566.36</ele>
      </trkpt>
      <trkpt lon="7.48570121364505" lat="45.8325498786292">
        <ele>2567</ele>
      </trkpt>
      <trkpt lon="7.48573816309505" lat="45.832478813288">
        <ele>2565.02</ele>
      </trkpt>
      <trkpt lon="7.48575569833801" lat="45.8324020003905">
        <ele>2565</ele>
      </trkpt>
      <trkpt lon="7.48581968440439" lat="45.8323357937677">
        <ele>2565.45</ele>
      </trkpt>
      <trkpt lon="7.48585548652145" lat="45.8322690340806">
        <ele>2566.69</ele>
      </trkpt>
      <trkpt lon="7.48596543796966" lat="45.8321790439631">
        <ele>2569.77</ele>
      </trkpt>
      <trkpt lon="7.48599547434561" lat="45.8320590134194">
        <ele>2572</ele>
      </trkpt>
      <trkpt lon="7.48613379806256" lat="45.8318581540866">
        <ele>2576</ele>
      </trkpt>
      <trkpt lon="7.48618381583208" lat="45.8317182260073">
        <ele>2577</ele>
      </trkpt>
      <trkpt lon="7.48619297216401" lat="45.8316892753586">
        <ele>2577.34</ele>
      </trkpt>
      <trkpt lon="7.486263034231" lat="45.8315793149027">
        <ele>2578.94</ele>
      </trkpt>
      <trkpt lon="7.48636078109445" lat="45.8314265202905">
        <ele>2579</ele>
      </trkpt>
      <trkpt lon="7.48648683700073" lat="45.831269689738">
        <ele>2581</ele>
      </trkpt>
      <trkpt lon="7.48648683700073" lat="45.831269689738">
        <ele>2581</ele>
      </trkpt>
      <trkpt lon="7.48645439824095" lat="45.8312266855517">
        <ele>2582</ele>
      </trkpt>
      <trkpt lon="7.48638294844366" lat="45.8311360936655">
        <ele>2582.87</ele>
      </trkpt>
      <trkpt lon="7.48631010781085" lat="45.8310019201007">
        <ele>2584.35</ele>
      </trkpt>
      <trkpt lon="7.48620547637078" lat="45.8309289783432">
        <ele>2586.99</ele>
      </trkpt>
      <trkpt lon="7.48604538509094" lat="45.8305889736943">
        <ele>2595</ele>
      </trkpt>
      <trkpt lon="7.4860655474571" lat="45.830548197851">
        <ele>2595.36</ele>
      </trkpt>
      <trkpt lon="7.48607789272842" lat="45.8305202778151">
        <ele>2596</ele>
      </trkpt>
      <trkpt lon="7.48606074864064" lat="45.8304829683661">
        <ele>2597</ele>
      </trkpt>
      <trkpt lon="7.48599463973188" lat="45.8304377193527">
        <ele>2598</ele>
      </trkpt>
      <trkpt lon="7.48596572552255" lat="45.830421404769">
        <ele>2598.82</ele>
      </trkpt>
      <trkpt lon="7.48592578341588" lat="45.8303987343612">
        <ele>2600</ele>
      </trkpt>
      <trkpt lon="7.48583309944284" lat="45.8303268510795">
        <ele>2603.04</ele>
      </trkpt>
      <trkpt lon="7.485806714347" lat="45.8302458543178">
        <ele>2605.01</ele>
      </trkpt>
      <trkpt lon="7.48578525363297" lat="45.8302016474293">
        <ele>2606.03</ele>
      </trkpt>
      <trkpt lon="7.48576536491578" lat="45.8301706020021">
        <ele>2606.86</ele>
      </trkpt>
      <trkpt lon="7.48566531621189" lat="45.8301330028555">
        <ele>2608.79</ele>
      </trkpt>
      <trkpt lon="7.48560879032725" lat="45.8301141629406">
        <ele>2609</ele>
      </trkpt>
      <trkpt lon="7.48550794196367" lat="45.8300584605475">
        <ele>2610</ele>
      </trkpt>
      <trkpt lon="7.48543128551183" lat="45.8300175726544">
        <ele>2610.55</ele>
      </trkpt>
      <trkpt lon="7.48538544041575" lat="45.8299989634041">
        <ele>2610.55</ele>
      </trkpt>
      <trkpt lon="7.48527921926495" lat="45.8299657837548">
        <ele>2610.78</ele>
      </trkpt>
      <trkpt lon="7.48513713587299" lat="45.8299494069644">
        <ele>2609.98</ele>
      </trkpt>
      <trkpt lon="7.48504278397888" lat="45.8299390669002">
        <ele>2609</ele>
      </trkpt>
      <trkpt lon="7.48500524985613" lat="45.8299367692566">
        <ele>2609</ele>
      </trkpt>
      <trkpt lon="7.48492399554342" lat="45.8299229986761">
        <ele>2607.74</ele>
      </trkpt>
      <trkpt lon="7.48482689624032" lat="45.8299190115249">
        <ele>2607</ele>
      </trkpt>
      <trkpt lon="7.48476599488391" lat="45.8299191026052">
        <ele>2607</ele>
      </trkpt>
      <trkpt lon="7.48470938819626" lat="45.8299126824501">
        <ele>2606.26</ele>
      </trkpt>
      <trkpt lon="7.48463879233896" lat="45.8299047260095">
        <ele>2606</ele>
      </trkpt>
      <trkpt lon="7.48457748606258" lat="45.8298722301451">
        <ele>2605.1</ele>
      </trkpt>
      <trkpt lon="7.48457104990261" lat="45.8298674632949">
        <ele>2605</ele>
      </trkpt>
      <trkpt lon="7.484519052287" lat="45.8298288812544">
        <ele>2605</ele>
      </trkpt>
      <trkpt lon="7.48449730765122" lat="45.8298141028901">
        <ele>2605.52</ele>
      </trkpt>
      <trkpt lon="7.48443301489543" lat="45.8297968684965">
        <ele>2606</ele>
      </trkpt>
      <trkpt lon="7.48436740542445" lat="45.8297806063372">
        <ele>2606</ele>
      </trkpt>
      <trkpt lon="7.48431503818002" lat="45.8297509300754">
        <ele>2606</ele>
      </trkpt>
      <trkpt lon="7.48426264860429" lat="45.829726742842">
        <ele>2606</ele>
      </trkpt>
      <trkpt lon="7.48420835585284" lat="45.8297205338258">
        <ele>2606.01</ele>
      </trkpt>
      <trkpt lon="7.48417089678519" lat="45.8297155361142">
        <ele>2607</ele>
      </trkpt>
      <trkpt lon="7.48412683217523" lat="45.8297024409104">
        <ele>2607.98</ele>
      </trkpt>
      <trkpt lon="7.48404671666787" lat="45.8296941760367">
        <ele>2608.6</ele>
      </trkpt>
      <trkpt lon="7.48393447002513" lat="45.8296790940121">
        <ele>2608</ele>
      </trkpt>
      <trkpt lon="7.48387540522078" lat="45.8296589595952">
        <ele>2607.2</ele>
      </trkpt>
      <trkpt lon="7.48359549799809" lat="45.8295689295973">
        <ele>2606</ele>
      </trkpt>
      <trkpt lon="7.48346861179218" lat="45.8295714756577">
        <ele>2605.93</ele>
      </trkpt>
      <trkpt lon="7.48343331080267" lat="45.829581806135">
        <ele>2606</ele>
      </trkpt>
      <trkpt lon="7.48335265322324" lat="45.8295934278734">
        <ele>2606.08</ele>
      </trkpt>
      <trkpt lon="7.4832580140635" lat="45.8296411337287">
        <ele>2607</ele>
      </trkpt>
      <trkpt lon="7.48322110993691" lat="45.8296678257182">
        <ele>2607</ele>
      </trkpt>
      <trkpt lon="7.48314030502521" lat="45.8296848448148">
        <ele>2607.49</ele>
      </trkpt>
      <trkpt lon="7.48306630886539" lat="45.8296883608557">
        <ele>2609</ele>
      </trkpt>
      <trkpt lon="7.48299713248734" lat="45.8296802433136">
        <ele>2609.95</ele>
      </trkpt>
      <trkpt lon="7.48285586821795" lat="45.829681066969">
        <ele>2611.76</ele>
      </trkpt>
      <trkpt lon="7.48274278483687" lat="45.8296967551642">
        <ele>2611</ele>
      </trkpt>
      <trkpt lon="7.48266536104647" lat="45.8296889764399">
        <ele>2611.92</ele>
      </trkpt>
      <trkpt lon="7.48242538546552" lat="45.8295889437955">
        <ele>2615</ele>
      </trkpt>
      <trkpt lon="7.48236532956391" lat="45.8295389113856">
        <ele>2616.78</ele>
      </trkpt>
      <trkpt lon="7.48228540496158" lat="45.8294289411465">
        <ele>2619.83</ele>
      </trkpt>
      <trkpt lon="7.48216529415391" lat="45.8294189758428">
        <ele>2621.14</ele>
      </trkpt>
      <trkpt lon="7.48186532457445" lat="45.8292289458828">
        <ele>2627</ele>
      </trkpt>
      <trkpt lon="7.48186862017913" lat="45.8291739972935">
        <ele>2627.68</ele>
      </trkpt>
      <trkpt lon="7.4819157752467" lat="45.829111260041">
        <ele>2629.21</ele>
      </trkpt>
      <trkpt lon="7.48190626181285" lat="45.8290775590911">
        <ele>2631.07</ele>
      </trkpt>
      <trkpt lon="7.48190944659599" lat="45.829007846236">
        <ele>2634</ele>
      </trkpt>
      <trkpt lon="7.48191408709129" lat="45.8289318526795">
        <ele>2637</ele>
      </trkpt>
      <trkpt lon="7.48189652417838" lat="45.8288627646397">
        <ele>2638</ele>
      </trkpt>
      <trkpt lon="7.48184536061244" lat="45.8287889094871">
        <ele>2639</ele>
      </trkpt>
      <trkpt lon="7.48177155414154" lat="45.8287521967278">
        <ele>2641.46</ele>
      </trkpt>
      <trkpt lon="7.48170134496479" lat="45.8287158923471">
        <ele>2644</ele>
      </trkpt>
      <trkpt lon="7.48166685291573" lat="45.8286964415185">
        <ele>2644.61</ele>
      </trkpt>
      <trkpt lon="7.48164276385527" lat="45.8286780297058">
        <ele>2645.57</ele>
      </trkpt>
      <trkpt lon="7.48161612475831" lat="45.8286585956201">
        <ele>2646.65</ele>
      </trkpt>
      <trkpt lon="7.48158188289454" lat="45.8286300584515">
        <ele>2647.99</ele>
      </trkpt>
      <trkpt lon="7.48157058850633" lat="45.82861451628">
        <ele>2648.73</ele>
      </trkpt>
      <trkpt lon="7.48155028558679" lat="45.8285988545739">
        <ele>2649.61</ele>
      </trkpt>
      <trkpt lon="7.48149550079834" lat="45.8286108182377">
        <ele>2650.8</ele>
      </trkpt>
      <trkpt lon="7.48144141550543" lat="45.8286490714665">
        <ele>2651.92</ele>
      </trkpt>
      <trkpt lon="7.48142955680466" lat="45.828654313152">
        <ele>2652.07</ele>
      </trkpt>
      <trkpt lon="7.48141579289988" lat="45.8286396404232">
        <ele>2652.99</ele>
      </trkpt>
      <trkpt lon="7.48142454940099" lat="45.828601683986">
        <ele>2653.15</ele>
      </trkpt>
      <trkpt lon="7.48140813269575" lat="45.8285851750737">
        <ele>2654</ele>
      </trkpt>
      <trkpt lon="7.48139915799166" lat="45.8285601243492">
        <ele>2654.56</ele>
      </trkpt>
      <trkpt lon="7.48136824637031" lat="45.8285511627111">
        <ele>2655.94</ele>
      </trkpt>
      <trkpt lon="7.48134397106113" lat="45.8285394982906">
        <ele>2656.68</ele>
      </trkpt>
      <trkpt lon="7.4813359462248" lat="45.8285222005504">
        <ele>2657.31</ele>
      </trkpt>
      <trkpt lon="7.48132860467454" lat="45.8285080612306">
        <ele>2657.94</ele>
      </trkpt>
      <trkpt lon="7.48129235946908" lat="45.8285057802666">
        <ele>2658.71</ele>
      </trkpt>
      <trkpt lon="7.48126239753033" lat="45.8285139329623">
        <ele>2659.49</ele>
      </trkpt>
      <trkpt lon="7.48123930225606" lat="45.8285299164792">
        <ele>2660.37</ele>
      </trkpt>
      <trkpt lon="7.48122630474817" lat="45.828529744127">
        <ele>2660.87</ele>
      </trkpt>
      <trkpt lon="7.48122368846196" lat="45.8285075685371">
        <ele>2661</ele>
      </trkpt>
      <trkpt lon="7.48120604446299" lat="45.8284652089549">
        <ele>2662.41</ele>
      </trkpt>
      <trkpt lon="7.48117761672804" lat="45.8284310800334">
        <ele>2664.45</ele>
      </trkpt>
      <trkpt lon="7.48113560243562" lat="45.8284042400551">
        <ele>2665.95</ele>
      </trkpt>
      <trkpt lon="7.48108532424008" lat="45.8283688275564">
        <ele>2667</ele>
      </trkpt>
      <trkpt lon="7.48070533800204" lat="45.8282288564308">
        <ele>2680.42</ele>
      </trkpt>
      <trkpt lon="7.48052534788717" lat="45.8282288908028">
        <ele>2685.41</ele>
      </trkpt>
      <trkpt lon="7.48042531742312" lat="45.8282522237631">
        <ele>2686.17</ele>
      </trkpt>
      <trkpt lon="7.48042531742312" lat="45.8282522237631">
        <ele>2686.17</ele>
      </trkpt>
      <trkpt lon="7.4801153855974" lat="45.8282488206803">
        <ele>2678.91</ele>
      </trkpt>
      <trkpt lon="7.47997539300161" lat="45.8282788200907">
        <ele>2675.27</ele>
      </trkpt>
      <trkpt lon="7.47988534476537" lat="45.8282288373922">
        <ele>2670.81</ele>
      </trkpt>
      <trkpt lon="7.4798253462085" lat="45.8282288507014">
        <ele>2668.73</ele>
      </trkpt>
      <trkpt lon="7.47974535216959" lat="45.8282588368026">
        <ele>2667.02</ele>
      </trkpt>
      <trkpt lon="7.47974529482311" lat="45.8282088827525">
        <ele>2664.55</ele>
      </trkpt>
      <trkpt lon="7.47951530855976" lat="45.8282388535144">
        <ele>2656.48</ele>
      </trkpt>
      <trkpt lon="7.47946532371842" lat="45.8282588896523">
        <ele>2654.71</ele>
      </trkpt>
      <trkpt lon="7.4794353567813" lat="45.8282388694085">
        <ele>2653.27</ele>
      </trkpt>
      <trkpt lon="7.4793752850125" lat="45.8282888339887">
        <ele>2651.99</ele>
      </trkpt>
      <trkpt lon="7.47942528849714" lat="45.8281688925298">
        <ele>2649.67</ele>
      </trkpt>
      <trkpt lon="7.47938537927787" lat="45.8281688088085">
        <ele>2647.57</ele>
      </trkpt>
      <trkpt lon="7.47927529171444" lat="45.8282588822595">
        <ele>2647.08</ele>
      </trkpt>
      <trkpt lon="7.47928539550835" lat="45.8282188730053">
        <ele>2645.94</ele>
      </trkpt>
      <trkpt lon="7.47925528392597" lat="45.8282088419033">
        <ele>2643.88</ele>
      </trkpt>
      <trkpt lon="7.47922530965275" lat="45.8282788267285">
        <ele>2645.7</ele>
      </trkpt>
      <trkpt lon="7.47919538497609" lat="45.8282288362777">
        <ele>2642.72</ele>
      </trkpt>
      <trkpt lon="7.4790953184661" lat="45.8282488358194">
        <ele>2640.05</ele>
      </trkpt>
      <trkpt lon="7.47912532091302" lat="45.8281588671524">
        <ele>2637.15</ele>
      </trkpt>
      <trkpt lon="7.47885534665921" lat="45.8282388888018">
        <ele>2630.34</ele>
      </trkpt>
      <trkpt lon="7.4788353247839" lat="45.8281988403665">
        <ele>2628.31</ele>
      </trkpt>
      <trkpt lon="7.47885536588974" lat="45.827968870817">
        <ele>2618.78</ele>
      </trkpt>
      <trkpt lon="7.47882539895263" lat="45.8279488505732">
        <ele>2617.27</ele>
      </trkpt>
      <trkpt lon="7.47880536476917" lat="45.8278288751031">
        <ele>2614.22</ele>
      </trkpt>
      <trkpt lon="7.47877539505422" lat="45.8278088548592">
        <ele>2612.81</ele>
      </trkpt>
      <trkpt lon="7.47878537106755" lat="45.827768842826">
        <ele>2612.28</ele>
      </trkpt>
      <trkpt lon="7.47875530452346" lat="45.827728841517">
        <ele>2610.32</ele>
      </trkpt>
      <trkpt lon="7.47869535100501" lat="45.8276988790636">
        <ele>2608.96</ele>
      </trkpt>
      <trkpt lon="7.47863535522601" lat="45.8276988923728">
        <ele>2606.72</ele>
      </trkpt>
      <trkpt lon="7.47850533130756" lat="45.8277788848188">
        <ele>2602.96</ele>
      </trkpt>
      <trkpt lon="7.47832539576148" lat="45.8278288732407">
        <ele>2598.73</ele>
      </trkpt>
      <trkpt lon="7.47826539998255" lat="45.8278288837721">
        <ele>2596.4</ele>
      </trkpt>
      <trkpt lon="7.4782252869911" lat="45.8278788429895">
        <ele>2595.9</ele>
      </trkpt>
      <trkpt lon="7.47798534157928" lat="45.8279388310858">
        <ele>2588.64</ele>
      </trkpt>
      <trkpt lon="7.47788535503202" lat="45.8279888925047">
        <ele>2586.23</ele>
      </trkpt>
      <trkpt lon="7.47776531843586" lat="45.8280188837744">
        <ele>2584.03</ele>
      </trkpt>
      <trkpt lon="7.47768534979281" lat="45.8280288888115">
        <ele>2581.88</ele>
      </trkpt>
      <trkpt lon="7.47734521742672" lat="45.8280188658236">
        <ele>2572.93</ele>
      </trkpt>
      <trkpt lon="7.47719530119231" lat="45.8279688936577">
        <ele>2568.81</ele>
      </trkpt>
      <trkpt lon="7.477155195537" lat="45.8279288478061">
        <ele>2566.78</ele>
      </trkpt>
      <trkpt lon="7.47705524272089" lat="45.8279588364921">
        <ele>2565.2</ele>
      </trkpt>
      <trkpt lon="7.47694518611087" lat="45.8280288344322">
        <ele>2563.12</ele>
      </trkpt>
      <trkpt lon="7.4768952389735" lat="45.8281088137631">
        <ele>2561.49</ele>
      </trkpt>
      <trkpt lon="7.47683517851193" lat="45.8281488780913">
        <ele>2560.02</ele>
      </trkpt>
      <trkpt lon="7.47660521030851" lat="45.8282488673023">
        <ele>2556.88</ele>
      </trkpt>
      <trkpt lon="7.47650530253072" lat="45.8282488857813">
        <ele>2553.43</ele>
      </trkpt>
      <trkpt lon="7.47643523391119" lat="45.8282688328339">
        <ele>2551.79</ele>
      </trkpt>
      <trkpt lon="7.47631518720099" lat="45.8283888291725">
        <ele>2551.21</ele>
      </trkpt>
      <trkpt lon="7.47610521725744" lat="45.8284588455916">
        <ele>2547.18</ele>
      </trkpt>
      <trkpt lon="7.47599528842799" lat="45.828528843533">
        <ele>2545.98</ele>
      </trkpt>
      <trkpt lon="7.47582523048337" lat="45.8285988492266">
        <ele>2543</ele>
      </trkpt>
      <trkpt lon="7.47561525042575" lat="45.8287588679368">
        <ele>2541</ele>
      </trkpt>
      <trkpt lon="7.475555275486" lat="45.828828813582">
        <ele>2541</ele>
      </trkpt>
      <trkpt lon="7.475555227668" lat="45.828858875458">
        <ele>2541</ele>
      </trkpt>
      <trkpt lon="7.47549526681512" lat="45.8289188291823">
        <ele>2541.83</ele>
      </trkpt>
      <trkpt lon="7.47541525035414" lat="45.8289588933175">
        <ele>2540</ele>
      </trkpt>
      <trkpt lon="7.47536520083189" lat="45.8290188915833">
        <ele>2541.51</ele>
      </trkpt>
      <trkpt lon="7.47525520334881" lat="45.8290488357265">
        <ele>2541</ele>
      </trkpt>
      <trkpt lon="7.47516524182773" lat="45.8291088391621">
        <ele>2542</ele>
      </trkpt>
      <trkpt lon="7.47481520905029" lat="45.8292488948989">
        <ele>2545</ele>
      </trkpt>
      <trkpt lon="7.47406513504249" lat="45.8294788351673">
        <ele>2548</ele>
      </trkpt>
      <trkpt lon="7.47377508117918" lat="45.8296288722936">
        <ele>2551</ele>
      </trkpt>
      <trkpt lon="7.4730751930055" lat="45.8297888223764">
        <ele>2554.98</ele>
      </trkpt>
      <trkpt lon="7.47299509380414" lat="45.8297988218565">
        <ele>2555.6</ele>
      </trkpt>
      <trkpt lon="7.47295508497629" lat="45.8297788459611">
        <ele>2554.63</ele>
      </trkpt>
      <trkpt lon="7.47290509457932" lat="45.8297988793211">
        <ele>2554.77</ele>
      </trkpt>
      <trkpt lon="7.47279512804786" lat="45.8298088396225">
        <ele>2553.34</ele>
      </trkpt>
      <trkpt lon="7.47264517927913" lat="45.8298588588905">
        <ele>2556</ele>
      </trkpt>
      <trkpt lon="7.4722851934967" lat="45.829858813742">
        <ele>2557</ele>
      </trkpt>
      <trkpt lon="7.47225517596381" lat="45.8298688553741">
        <ele>2557.04</ele>
      </trkpt>
      <trkpt lon="7.47225517596381" lat="45.8298688553741">
        <ele>2557.04</ele>
      </trkpt>
      <trkpt lon="7.47200520294599" lat="45.8299088928652">
        <ele>2559.96</ele>
      </trkpt>
      <trkpt lon="7.4718051909567" lat="45.8298688649123">
        <ele>2565.69</ele>
      </trkpt>
      <trkpt lon="7.47169510795371" lat="45.8298688332915">
        <ele>2568.27</ele>
      </trkpt>
      <trkpt lon="7.47088515781067" lat="45.830088861617">
        <ele>2571</ele>
      </trkpt>
      <trkpt lon="7.4707551694025" lat="45.8300588595963">
        <ele>2573.6</ele>
      </trkpt>
      <trkpt lon="7.4706551239276" lat="45.8301388856662">
        <ele>2578.16</ele>
      </trkpt>
      <trkpt lon="7.47054518834785" lat="45.8301288621258">
        <ele>2580.73</ele>
      </trkpt>
      <trkpt lon="7.47028503852149" lat="45.830248868221">
        <ele>2583.58</ele>
      </trkpt>
      <trkpt lon="7.47010505971644" lat="45.8302388967824">
        <ele>2584.19</ele>
      </trkpt>
      <trkpt lon="7.46997508381369" lat="45.8302788298756">
        <ele>2582.53</ele>
      </trkpt>
      <trkpt lon="7.46983501264629" lat="45.8303488691931">
        <ele>2583.34</ele>
      </trkpt>
      <trkpt lon="7.46964500445577" lat="45.8304088772168">
        <ele>2584.97</ele>
      </trkpt>
      <trkpt lon="7.46943508372277" lat="45.8305188446532">
        <ele>2591.57</ele>
      </trkpt>
      <trkpt lon="7.46937498833727" lat="45.8304988657857">
        <ele>2590.17</ele>
      </trkpt>
      <trkpt lon="7.46936504485864" lat="45.8304388808291">
        <ele>2588.95</ele>
      </trkpt>
      <trkpt lon="7.46931499414183" lat="45.8304188576132">
        <ele>2591.44</ele>
      </trkpt>
      <trkpt lon="7.46927505277478" lat="45.8303588279209">
        <ele>2594.06</ele>
      </trkpt>
      <trkpt lon="7.46908501679751" lat="45.8302788768257">
        <ele>2605.61</ele>
      </trkpt>
      <trkpt lon="7.46869498411457" lat="45.8302288245578">
        <ele>2615.68</ele>
      </trkpt>
      <trkpt lon="7.46833503187106" lat="45.8303588299423">
        <ele>2628.17</ele>
      </trkpt>
      <trkpt lon="7.46778508969406" lat="45.8306088726567">
        <ele>2645.77</ele>
      </trkpt>
      <trkpt lon="7.46742506184764" lat="45.8306288835735">
        <ele>2656.85</ele>
      </trkpt>
      <trkpt lon="7.46716502452067" lat="45.830678860109">
        <ele>2659.82</ele>
      </trkpt>
      <trkpt lon="7.46712504506298" lat="45.8307188274066">
        <ele>2660.01</ele>
      </trkpt>
      <trkpt lon="7.46701500273754" lat="45.8307688331711">
        <ele>2661.96</ele>
      </trkpt>
      <trkpt lon="7.46667510212624" lat="45.8308388872231">
        <ele>2669.04</ele>
      </trkpt>
      <trkpt lon="7.46654508693671" lat="45.8308988847155">
        <ele>2671</ele>
      </trkpt>
      <trkpt lon="7.46649498562572" lat="45.8309088344843">
        <ele>2671.1</ele>
      </trkpt>
      <trkpt lon="7.46626491959693" lat="45.8308988153378">
        <ele>2672.82</ele>
      </trkpt>
      <trkpt lon="7.46619491010123" lat="45.8308788835978">
        <ele>2673.07</ele>
      </trkpt>
      <trkpt lon="7.46590497885404" lat="45.8308687805368">
        <ele>2677</ele>
      </trkpt>
      <trkpt lon="7.46585500532367" lat="45.8308787303069">
        <ele>2677.29</ele>
      </trkpt>
      <trkpt lon="7.46569492219676" lat="45.8308287858207">
        <ele>2678</ele>
      </trkpt>
      <trkpt lon="7.46553493312269" lat="45.8307987362863">
        <ele>2679.58</ele>
      </trkpt>
      <trkpt lon="7.46548490204859" lat="45.8307687211494">
        <ele>2680</ele>
      </trkpt>
      <trkpt lon="7.46527497317192" lat="45.8307287292123">
        <ele>2684</ele>
      </trkpt>
      <trkpt lon="7.46514497781468" lat="45.8306287837442">
        <ele>2688</ele>
      </trkpt>
      <trkpt lon="7.46476495746198" lat="45.8306687727538">
        <ele>2692.05</ele>
      </trkpt>
      <trkpt lon="7.46434490029942" lat="45.8305587186677">
        <ele>2700.25</ele>
      </trkpt>
      <trkpt lon="7.46413489979224" lat="45.8304887509668">
        <ele>2693.52</ele>
      </trkpt>
      <trkpt lon="7.46403496542468" lat="45.8304287234722">
        <ele>2691.74</ele>
      </trkpt>
      <trkpt lon="7.46392495840427" lat="45.8302387703505">
        <ele>2692.74</ele>
      </trkpt>
      <trkpt lon="7.46373497144028" lat="45.8302087621937">
        <ele>2699.43</ele>
      </trkpt>
      <trkpt lon="7.46343492806403" lat="45.8302387517222">
        <ele>2695.31</ele>
      </trkpt>
      <trkpt lon="7.46325489171768" lat="45.830188715374">
        <ele>2692</ele>
      </trkpt>
      <trkpt lon="7.46304493188786" lat="45.830168790614">
        <ele>2687</ele>
      </trkpt>
      <trkpt lon="7.46285496456655" lat="45.8301287905364">
        <ele>2690.92</ele>
      </trkpt>
      <trkpt lon="7.4626549132851" lat="45.8299687678614">
        <ele>2697.18</ele>
      </trkpt>
      <trkpt lon="7.4625848841407" lat="45.829818774477">
        <ele>2696.64</ele>
      </trkpt>
      <trkpt lon="7.46252495860078" lat="45.8297787256557">
        <ele>2698.09</ele>
      </trkpt>
      <trkpt lon="7.46243490461231" lat="45.8297387209887">
        <ele>2698.48</ele>
      </trkpt>
      <trkpt lon="7.46225496231535" lat="45.8297087573746">
        <ele>2701.34</ele>
      </trkpt>
      <trkpt lon="7.46217493335124" lat="45.8296787863933">
        <ele>2701</ele>
      </trkpt>
      <trkpt lon="7.46203488479609" lat="45.8295887855256">
        <ele>2700.23</ele>
      </trkpt>
      <trkpt lon="7.46188499931887" lat="45.8295287131024">
        <ele>2700.81</ele>
      </trkpt>
      <trkpt lon="7.4618249993687" lat="45.8294587801864">
        <ele>2700.01</ele>
      </trkpt>
      <trkpt lon="7.46177496829469" lat="45.8294287650496">
        <ele>2700.71</ele>
      </trkpt>
      <trkpt lon="7.46166489797904" lat="45.8292087472732">
        <ele>2700.21</ele>
      </trkpt>
      <trkpt lon="7.46148495706795" lat="45.8291087568766">
        <ele>2704.76</ele>
      </trkpt>
      <trkpt lon="7.461334905909" lat="45.8289987276246">
        <ele>2702</ele>
      </trkpt>
      <trkpt lon="7.4608649718403" lat="45.8287886232872">
        <ele>2698.82</ele>
      </trkpt>
      <trkpt lon="7.46060496962151" lat="45.8286086161907">
        <ele>2696</ele>
      </trkpt>
      <trkpt lon="7.46043496385544" lat="45.8285686135282">
        <ele>2695.17</ele>
      </trkpt>
      <trkpt lon="7.46038493555754" lat="45.8285386872827">
        <ele>2695.24</ele>
      </trkpt>
      <trkpt lon="7.46032493838704" lat="45.8284686626977">
        <ele>2692.15</ele>
      </trkpt>
      <trkpt lon="7.46024493184516" lat="45.8284286136823">
        <ele>2690.79</ele>
      </trkpt>
      <trkpt lon="7.46022490004525" lat="45.8283286164988">
        <ele>2684.75</ele>
      </trkpt>
      <trkpt lon="7.46018491363817" lat="45.8282986459047">
        <ele>2683.67</ele>
      </trkpt>
      <trkpt lon="7.46011489561336" lat="45.828288608861">
        <ele>2685</ele>
      </trkpt>
      <trkpt lon="7.4599248790821" lat="45.8282086438767">
        <ele>2686.47</ele>
      </trkpt>
      <trkpt lon="7.45962489878992" lat="45.8279986634085">
        <ele>2682.34</ele>
      </trkpt>
      <trkpt lon="7.4593749833029" lat="45.8277986308999">
        <ele>2686.17</ele>
      </trkpt>
      <trkpt lon="7.45908488200586" lat="45.8276786083726">
        <ele>2689.19</ele>
      </trkpt>
      <trkpt lon="7.45896478231114" lat="45.8276686180679">
        <ele>2691.82</ele>
      </trkpt>
      <trkpt lon="7.45893483779312" lat="45.8276386920166">
        <ele>2692</ele>
      </trkpt>
      <trkpt lon="7.4589448431684" lat="45.8275186696139">
        <ele>2696</ele>
      </trkpt>
      <trkpt lon="7.45887482875504" lat="45.8274665092758">
        <ele>2696</ele>
      </trkpt>
      <trkpt lon="7.45880183602287" lat="45.8274383439641">
        <ele>2696</ele>
      </trkpt>
      <trkpt lon="7.45868482296838" lat="45.8274050836525">
        <ele>2698.34</ele>
      </trkpt>
      <trkpt lon="7.45859100479663" lat="45.8273757347759">
        <ele>2699</ele>
      </trkpt>
      <trkpt lon="7.45855013764371" lat="45.8273543921708">
        <ele>2698.23</ele>
      </trkpt>
      <trkpt lon="7.45855013764371" lat="45.8273543921708">
        <ele>2698.23</ele>
      </trkpt>
      <trkpt lon="7.45838092310775" lat="45.8273373484338">
        <ele>2697</ele>
      </trkpt>
      <trkpt lon="7.4582995986468" lat="45.8273591120901">
        <ele>2697.46</ele>
      </trkpt>
      <trkpt lon="7.45821396608385" lat="45.8273643447285">
        <ele>2698</ele>
      </trkpt>
      <trkpt lon="7.45816212607404" lat="45.8273627469642">
        <ele>2698.94</ele>
      </trkpt>
      <trkpt lon="7.45811180014849" lat="45.8273529767843">
        <ele>2699.83</ele>
      </trkpt>
      <trkpt lon="7.45806521023622" lat="45.82735234854">
        <ele>2701.1</ele>
      </trkpt>
      <trkpt lon="7.45799921435998" lat="45.8273505561894">
        <ele>2703.17</ele>
      </trkpt>
      <trkpt lon="7.45792282847071" lat="45.8273938982205">
        <ele>2706.09</ele>
      </trkpt>
      <trkpt lon="7.45783773705019" lat="45.8274262315539">
        <ele>2708.36</ele>
      </trkpt>
      <trkpt lon="7.45778648266208" lat="45.8274500233304">
        <ele>2709.86</ele>
      </trkpt>
      <trkpt lon="7.45775241768476" lat="45.8274667539824">
        <ele>2710.63</ele>
      </trkpt>
      <trkpt lon="7.45770666089084" lat="45.8274779260464">
        <ele>2712.39</ele>
      </trkpt>
      <trkpt lon="7.45770587512044" lat="45.8274598255781">
        <ele>2713.37</ele>
      </trkpt>
      <trkpt lon="7.45772524586847" lat="45.8274157135316">
        <ele>2713.74</ele>
      </trkpt>
      <trkpt lon="7.45772749892726" lat="45.8274040438119">
        <ele>2713.71</ele>
      </trkpt>
      <trkpt lon="7.45773291071477" lat="45.827375943149">
        <ele>2714.78</ele>
      </trkpt>
      <trkpt lon="7.4577037772616" lat="45.8273492671882">
        <ele>2716.71</ele>
      </trkpt>
      <trkpt lon="7.45767147108549" lat="45.827344330639">
        <ele>2718.84</ele>
      </trkpt>
      <trkpt lon="7.4576489146408" lat="45.8273639198084">
        <ele>2718.97</ele>
      </trkpt>
      <trkpt lon="7.45762857780512" lat="45.8273776866288">
        <ele>2719.54</ele>
      </trkpt>
      <trkpt lon="7.45761204943989" lat="45.8273888034185">
        <ele>2719.97</ele>
      </trkpt>
      <trkpt lon="7.45756797908086" lat="45.827385508464">
        <ele>2721.83</ele>
      </trkpt>
      <trkpt lon="7.4575247838123" lat="45.8273786245377">
        <ele>2723.56</ele>
      </trkpt>
      <trkpt lon="7.45746489894986" lat="45.8273886158795">
        <ele>2725.26</ele>
      </trkpt>
      <trkpt lon="7.45734490322967" lat="45.8274586415013">
        <ele>2730.47</ele>
      </trkpt>
      <trkpt lon="7.45727482627542" lat="45.8274786663333">
        <ele>2734.16</ele>
      </trkpt>
      <trkpt lon="7.45679481222463" lat="45.8273686755578">
        <ele>2744.38</ele>
      </trkpt>
      <trkpt lon="7.45660480542123" lat="45.8273586373536">
        <ele>2745.78</ele>
      </trkpt>
      <trkpt lon="7.45634478197714" lat="45.8272686269921">
        <ele>2743.94</ele>
      </trkpt>
      <trkpt lon="7.45625489644682" lat="45.8272786652672">
        <ele>2745.38</ele>
      </trkpt>
      <trkpt lon="7.45608479087677" lat="45.8272286623492">
        <ele>2747.09</ele>
      </trkpt>
      <trkpt lon="7.45596481896288" lat="45.8272186692679">
        <ele>2749.29</ele>
      </trkpt>
      <trkpt lon="7.4557448900638" lat="45.8271686242004">
        <ele>2754.65</ele>
      </trkpt>
      <trkpt lon="7.45562489850731" lat="45.8271686230398">
        <ele>2758.49</ele>
      </trkpt>
      <trkpt lon="7.45557485334487" lat="45.8271486831594">
        <ele>2759.67</ele>
      </trkpt>
      <trkpt lon="7.45555482849459" lat="45.8271186210894">
        <ele>2759.08</ele>
      </trkpt>
      <trkpt lon="7.45540480948226" lat="45.8270686183658">
        <ele>2762.3</ele>
      </trkpt>
      <trkpt lon="7.45528480522466" lat="45.8270085823437">
        <ele>2763.77</ele>
      </trkpt>
      <trkpt lon="7.45511483021315" lat="45.8269585794271">
        <ele>2769.78</ele>
      </trkpt>
      <trkpt lon="7.45506480747288" lat="45.8269285615126">
        <ele>2770.71</ele>
      </trkpt>
      <trkpt lon="7.45459478013781" lat="45.826518524308">
        <ele>2779.31</ele>
      </trkpt>
      <trkpt lon="7.45451477637229" lat="45.826478561406">
        <ele>2781.38</ele>
      </trkpt>
      <trkpt lon="7.45441478287813" lat="45.8264585765969">
        <ele>2785.25</ele>
      </trkpt>
      <trkpt lon="7.45422173500138" lat="45.826274781163">
        <ele>2789.89</ele>
      </trkpt>
      <trkpt lon="7.45422173500138" lat="45.826274781163">
        <ele>2789.89</ele>
      </trkpt>
      <trkpt lon="7.45408479596992" lat="45.826268518568">
        <ele>2793</ele>
      </trkpt>
      <trkpt lon="7.45397479015268" lat="45.8262985321568">
        <ele>2791.79</ele>
      </trkpt>
      <trkpt lon="7.4538048109777" lat="45.8263185532446">
        <ele>2787.33</ele>
      </trkpt>
      <trkpt lon="7.45378484803709" lat="45.8263885770559">
        <ele>2784.12</ele>
      </trkpt>
      <trkpt lon="7.45347488875709" lat="45.826228581097">
        <ele>2775.91</ele>
      </trkpt>
      <trkpt lon="7.45346483714885" lat="45.8262985577808">
        <ele>2773.6</ele>
      </trkpt>
      <trkpt lon="7.45338488814933" lat="45.8262985570075">
        <ele>2770.49</ele>
      </trkpt>
      <trkpt lon="7.45340474891745" lat="45.8264785673366">
        <ele>2763.67</ele>
      </trkpt>
      <trkpt lon="7.45331474532602" lat="45.8264185760504">
        <ele>2761.38</ele>
      </trkpt>
      <trkpt lon="7.45323472747548" lat="45.8263885106223">
        <ele>2759.84</ele>
      </trkpt>
      <trkpt lon="7.45324471341854" lat="45.8265485870153">
        <ele>2752.52</ele>
      </trkpt>
      <trkpt lon="7.45321473121505" lat="45.8267385443378">
        <ele>2743.62</ele>
      </trkpt>
      <trkpt lon="7.45305471237694" lat="45.8266685132299">
        <ele>2738.46</ele>
      </trkpt>
      <trkpt lon="7.45303479190892" lat="45.826978584818">
        <ele>2726.63</ele>
      </trkpt>
      <trkpt lon="7.45285472579843" lat="45.8268885696742">
        <ele>2720.56</ele>
      </trkpt>
      <trkpt lon="7.45271471910951" lat="45.8267885657747">
        <ele>2717</ele>
      </trkpt>
      <trkpt lon="7.45264475903824" lat="45.8270785197001">
        <ele>2707.28</ele>
      </trkpt>
      <trkpt lon="7.45252475477911" lat="45.8270185697913">
        <ele>2701.8</ele>
      </trkpt>
      <trkpt lon="7.45231476220546" lat="45.8268285129229">
        <ele>2694.45</ele>
      </trkpt>
      <trkpt lon="7.45229469827216" lat="45.8269485796736">
        <ele>2689.86</ele>
      </trkpt>
      <trkpt lon="7.4521147855519" lat="45.8271085125596">
        <ele>2678.08</ele>
      </trkpt>
      <trkpt lon="7.45203480420701" lat="45.8270585549589">
        <ele>2674.88</ele>
      </trkpt>
      <trkpt lon="7.45193470000277" lat="45.8271585454245">
        <ele>2669.4</ele>
      </trkpt>
      <trkpt lon="7.45187477585523" lat="45.8271885178299">
        <ele>2666.8</ele>
      </trkpt>
      <trkpt lon="7.45185475814867" lat="45.8272185767347">
        <ele>2666.94</ele>
      </trkpt>
      <trkpt lon="7.45181469872711" lat="45.8272285654904">
        <ele>2664.52</ele>
      </trkpt>
      <trkpt lon="7.45171476416264" lat="45.8271785188055">
        <ele>2662.03</ele>
      </trkpt>
      <trkpt lon="7.45150477893836" lat="45.8271785528864">
        <ele>2656.42</ele>
      </trkpt>
      <trkpt lon="7.45145474647886" lat="45.8272185561984">
        <ele>2654.83</ele>
      </trkpt>
      <trkpt lon="7.45118477817931" lat="45.8272785301135">
        <ele>2647</ele>
      </trkpt>
      <trkpt lon="7.4511447651883" lat="45.8273285726668">
        <ele>2644.78</ele>
      </trkpt>
      <trkpt lon="7.45113471357992" lat="45.8273985493507">
        <ele>2643.29</ele>
      </trkpt>
      <trkpt lon="7.45095468438629" lat="45.8275485792056">
        <ele>2632.39</ele>
      </trkpt>
      <trkpt lon="7.45093474108986" lat="45.8276085249829">
        <ele>2629.33</ele>
      </trkpt>
      <trkpt lon="7.4509047600647" lat="45.8275985772175">
        <ele>2628.62</ele>
      </trkpt>
      <trkpt lon="7.45085474982188" lat="45.8274985325208">
        <ele>2631.63</ele>
      </trkpt>
      <trkpt lon="7.45080474415025" lat="45.8275885815512">
        <ele>2625.87</ele>
      </trkpt>
      <trkpt lon="7.45079480067983" lat="45.8276685501571">
        <ele>2623.05</ele>
      </trkpt>
      <trkpt lon="7.45066473787257" lat="45.8277485120453">
        <ele>2616.76</ele>
      </trkpt>
      <trkpt lon="7.45059475378131" lat="45.8278485500257">
        <ele>2613.79</ele>
      </trkpt>
      <trkpt lon="7.45060473674246" lat="45.827878567553">
        <ele>2612.48</ele>
      </trkpt>
      <trkpt lon="7.45056468446617" lat="45.82794859117">
        <ele>2609.16</ele>
      </trkpt>
      <trkpt lon="7.45050473075295" lat="45.8279285150791">
        <ele>2607.08</ele>
      </trkpt>
      <trkpt lon="7.45039457910211" lat="45.8280285498931">
        <ele>2599.19</ele>
      </trkpt>
      <trkpt lon="7.45043465559387" lat="45.8281385391914">
        <ele>2596.76</ele>
      </trkpt>
      <trkpt lon="7.45042460398536" lat="45.8282085186531">
        <ele>2593.45</ele>
      </trkpt>
      <trkpt lon="7.45045466815376" lat="45.8283685091273">
        <ele>2587.92</ele>
      </trkpt>
      <trkpt lon="7.45042459606077" lat="45.8284685474937">
        <ele>2583.15</ele>
      </trkpt>
      <trkpt lon="7.45052458004054" lat="45.8286885290601">
        <ele>2573.26</ele>
      </trkpt>
      <trkpt lon="7.45038466899252" lat="45.8286685410869">
        <ele>2570.81</ele>
      </trkpt>
      <trkpt lon="7.45023464998066" lat="45.8286185328073">
        <ele>2567.59</ele>
      </trkpt>
      <trkpt lon="7.45027461833438" lat="45.8287185301836">
        <ele>2564.73</ele>
      </trkpt>
      <trkpt lon="7.45038467356525" lat="45.8288585431453">
        <ele>2558.65</ele>
      </trkpt>
      <trkpt lon="7.45011459851186" lat="45.8288385872472">
        <ele>2551.86</ele>
      </trkpt>
      <trkpt lon="7.45011464772192" lat="45.8288785521538">
        <ele>2549.68</ele>
      </trkpt>
      <trkpt lon="7.45007460516514" lat="45.8288785489886">
        <ele>2548.1</ele>
      </trkpt>
      <trkpt lon="7.44966463156124" lat="45.8287685783348">
        <ele>2535.86</ele>
      </trkpt>
      <trkpt lon="7.44964464342201" lat="45.828848594067">
        <ele>2532.71</ele>
      </trkpt>
      <trkpt lon="7.44960469213845" lat="45.8288685719668">
        <ele>2530.03</ele>
      </trkpt>
      <trkpt lon="7.44939469421335" lat="45.8288085684082">
        <ele>2524.99</ele>
      </trkpt>
      <trkpt lon="7.44931458786771" lat="45.8287585163593">
        <ele>2523.07</ele>
      </trkpt>
      <trkpt lon="7.44917458832444" lat="45.8287185445432">
        <ele>2519.83</ele>
      </trkpt>
      <trkpt lon="7.44913459497603" lat="45.8287585923979">
        <ele>2518.08</ele>
      </trkpt>
      <trkpt lon="7.44908461152126" lat="45.8287085906417">
        <ele>2518.01</ele>
      </trkpt>
      <trkpt lon="7.44893459250949" lat="45.8286585823621">
        <ele>2514.21</ele>
      </trkpt>
      <trkpt lon="7.44886463619079" lat="45.8286185695558">
        <ele>2512.36</ele>
      </trkpt>
      <trkpt lon="7.44882468927459" lat="45.8286985823171">
        <ele>2509.41</ele>
      </trkpt>
      <trkpt lon="7.44861459848691" lat="45.8285585600541">
        <ele>2502.34</ele>
      </trkpt>
      <trkpt lon="7.44851464051737" lat="45.8287085934616">
        <ele>2496.95</ele>
      </trkpt>
      <trkpt lon="7.44845468680421" lat="45.8286885173706">
        <ele>2495</ele>
      </trkpt>
      <trkpt lon="7.44842458792329" lat="45.8287385127964">
        <ele>2493.49</ele>
      </trkpt>
      <trkpt lon="7.44840465593411" lat="45.828788555544">
        <ele>2491.86</ele>
      </trkpt>
      <trkpt lon="7.44840465495099" lat="45.8289785576024">
        <ele>2484.52</ele>
      </trkpt>
      <trkpt lon="7.44843464034343" lat="45.8290485402293">
        <ele>2482.91</ele>
      </trkpt>
      <trkpt lon="7.44843460542548" lat="45.8291285561545">
        <ele>2477.55</ele>
      </trkpt>
      <trkpt lon="7.4483246797701" lat="45.8291785452524">
        <ele>2473.44</ele>
      </trkpt>
      <trkpt lon="7.44823464126117" lat="45.8291985643354">
        <ele>2471</ele>
      </trkpt>
      <trkpt lon="7.4481146469272" lat="45.8291985548411">
        <ele>2468</ele>
      </trkpt>
      <trkpt lon="7.44794466476948" lat="45.8290885976202">
        <ele>2462.22</ele>
      </trkpt>
      <trkpt lon="7.44792464269728" lat="45.8290585327724">
        <ele>2461.41</ele>
      </trkpt>
      <trkpt lon="7.44772468229404" lat="45.8289385388949">
        <ele>2459.27</ele>
      </trkpt>
      <trkpt lon="7.44763462255306" lat="45.8289085122594">
        <ele>2459</ele>
      </trkpt>
      <trkpt lon="7.44756458210643" lat="45.8289085504718">
        <ele>2459.82</ele>
      </trkpt>
      <trkpt lon="7.44754457689724" lat="45.8288685853721">
        <ele>2460.03</ele>
      </trkpt>
      <trkpt lon="7.44736458678532" lat="45.8288685697417">
        <ele>2458.41</ele>
      </trkpt>
      <trkpt lon="7.44726461730325" lat="45.8288985334261">
        <ele>2456</ele>
      </trkpt>
      <trkpt lon="7.44713467116343" lat="45.8289785814288">
        <ele>2454.39</ele>
      </trkpt>
      <trkpt lon="7.44708469763353" lat="45.828988522865">
        <ele>2453.71</ele>
      </trkpt>
      <trkpt lon="7.44699459741889" lat="45.8290385121547">
        <ele>2452.11</ele>
      </trkpt>
      <trkpt lon="7.44681458488472" lat="45.8290485773361">
        <ele>2446</ele>
      </trkpt>
      <trkpt lon="7.44672452673326" lat="45.8290785827842">
        <ele>2443.62</ele>
      </trkpt>
      <trkpt lon="7.44665451029836" lat="45.829128575046">
        <ele>2441.17</ele>
      </trkpt>
      <trkpt lon="7.44648454680188" lat="45.8291985390715">
        <ele>2438.89</ele>
      </trkpt>
      <trkpt lon="7.446374514598" lat="45.8292985711088">
        <ele>2437.78</ele>
      </trkpt>
      <trkpt lon="7.44631460453749" lat="45.8293185460376">
        <ele>2438.1</ele>
      </trkpt>
      <trkpt lon="7.44631454283169" lat="45.8293485190221">
        <ele>2437.89</ele>
      </trkpt>
      <trkpt lon="7.44622452833276" lat="45.8294185782679">
        <ele>2436</ele>
      </trkpt>
      <trkpt lon="7.4461544938446" lat="45.8295385945341">
        <ele>2433.57</ele>
      </trkpt>
      <trkpt lon="7.44606456784267" lat="45.8296285487316">
        <ele>2431.69</ele>
      </trkpt>
      <trkpt lon="7.44602459572802" lat="45.8297185506358">
        <ele>2428.66</ele>
      </trkpt>
      <trkpt lon="7.44601449650045" lat="45.8298085111612">
        <ele>2424.67</ele>
      </trkpt>
      <trkpt lon="7.4459545219545" lat="45.8298585479658">
        <ele>2421.6</ele>
      </trkpt>
      <trkpt lon="7.4460145111933" lat="45.8300485561603">
        <ele>2413.1</ele>
      </trkpt>
      <trkpt lon="7.44613455632647" lat="45.8301485682007">
        <ele>2407.78</ele>
      </trkpt>
      <trkpt lon="7.44632453217903" lat="45.8301785124674">
        <ele>2401.01</ele>
      </trkpt>
      <trkpt lon="7.446494483178" lat="45.8301785752242">
        <ele>2395.84</ele>
      </trkpt>
      <trkpt lon="7.44651454572574" lat="45.8301285324779">
        <ele>2397.24</ele>
      </trkpt>
      <trkpt lon="7.44675455959188" lat="45.8301185651016">
        <ele>2389.99</ele>
      </trkpt>
      <trkpt lon="7.44681460457986" lat="45.8301585361444">
        <ele>2388.22</ele>
      </trkpt>
      <trkpt lon="7.44684456755171" lat="45.8302385079143">
        <ele>2385.59</ele>
      </trkpt>
      <trkpt lon="7.44686459558042" lat="45.8303886424852">
        <ele>2384.39</ele>
      </trkpt>
      <trkpt lon="7.4468344939216" lat="45.8304386351332">
        <ele>2382.57</ele>
      </trkpt>
      <trkpt lon="7.44683451793142" lat="45.8304886808517">
        <ele>2381.12</ele>
      </trkpt>
      <trkpt lon="7.44685447829959" lat="45.8305486242373">
        <ele>2379.08</ele>
      </trkpt>
      <trkpt lon="7.44696447995273" lat="45.8305886429868">
        <ele>2378.03</ele>
      </trkpt>
      <trkpt lon="7.44710454120161" lat="45.8305986473742">
        <ele>2375.58</ele>
      </trkpt>
      <trkpt lon="7.44709450367983" lat="45.8306586349152">
        <ele>2372.93</ele>
      </trkpt>
      <trkpt lon="7.44711455254144" lat="45.8307386538127">
        <ele>2370.77</ele>
      </trkpt>
      <trkpt lon="7.447064584968" lat="45.830868664972">
        <ele>2365.97</ele>
      </trkpt>
      <trkpt lon="7.44708452569171" lat="45.8309386891696">
        <ele>2363.68</ele>
      </trkpt>
      <trkpt lon="7.44705454090686" lat="45.8311186545717">
        <ele>2355.56</ele>
      </trkpt>
      <trkpt lon="7.44699454671812" lat="45.8311786832971">
        <ele>2353</ele>
      </trkpt>
      <trkpt lon="7.44697459945504" lat="45.8312986611583">
        <ele>2349.6</ele>
      </trkpt>
      <trkpt lon="7.44693449519247" lat="45.8313286281998">
        <ele>2348.38</ele>
      </trkpt>
      <trkpt lon="7.44690458460925" lat="45.8314086882817">
        <ele>2347</ele>
      </trkpt>
      <trkpt lon="7.44685454381603" lat="45.8314486888158">
        <ele>2345.9</ele>
      </trkpt>
      <trkpt lon="7.44684459478942" lat="45.8315286601997">
        <ele>2342.73</ele>
      </trkpt>
      <trkpt lon="7.44689459788666" lat="45.8315686728131">
        <ele>2342.07</ele>
      </trkpt>
      <trkpt lon="7.44687458018166" lat="45.8315986428268">
        <ele>2340.86</ele>
      </trkpt>
      <trkpt lon="7.4469444972149" lat="45.8316586366971">
        <ele>2340.23</ele>
      </trkpt>
      <trkpt lon="7.44686450059663" lat="45.8316786114317">
        <ele>2338.67</ele>
      </trkpt>
      <trkpt lon="7.44684449975467" lat="45.8316986811935">
        <ele>2340.21</ele>
      </trkpt>
      <trkpt lon="7.44672458836025" lat="45.8317186527641">
        <ele>2340.55</ele>
      </trkpt>
      <trkpt lon="7.44667456720965" lat="45.8317486641552">
        <ele>2340.62</ele>
      </trkpt>
      <trkpt lon="7.44663452465288" lat="45.83174866099">
        <ele>2340.14</ele>
      </trkpt>
      <trkpt lon="7.44659457059139" lat="45.8317686388898">
        <ele>2340.48</ele>
      </trkpt>
      <trkpt lon="7.44654448336605" lat="45.8317686772951">
        <ele>2339.62</ele>
      </trkpt>
      <trkpt lon="7.44626459718927" lat="45.8318786384976">
        <ele>2337.99</ele>
      </trkpt>
      <trkpt lon="7.44614457765694" lat="45.8318886181461">
        <ele>2336</ele>
      </trkpt>
      <trkpt lon="7.44583453346463" lat="45.8319486638974">
        <ele>2330.37</ele>
      </trkpt>
      <trkpt lon="7.44568451048672" lat="45.8319586849233">
        <ele>2328.53</ele>
      </trkpt>
      <trkpt lon="7.44557457490843" lat="45.8319486363817">
        <ele>2326.27</ele>
      </trkpt>
      <trkpt lon="7.44546457484459" lat="45.8319686524937">
        <ele>2324.26</ele>
      </trkpt>
      <trkpt lon="7.44534457495499" lat="45.8319686402213">
        <ele>2322.05</ele>
      </trkpt>
      <trkpt lon="7.4452145347657" lat="45.8320286127121">
        <ele>2319.11</ele>
      </trkpt>
      <trkpt lon="7.44512453276424" lat="45.8320286479534">
        <ele>2317.96</ele>
      </trkpt>
      <trkpt lon="7.44508457592491" lat="45.8320486258531">
        <ele>2317</ele>
      </trkpt>
      <trkpt lon="7.44504457543135" lat="45.8320286416241">
        <ele>2317</ele>
      </trkpt>
      <trkpt lon="7.44499459634394" lat="45.8320386719515">
        <ele>2316.84</ele>
      </trkpt>
      <trkpt lon="7.44460445216685" lat="45.8322886162062">
        <ele>2307.79</ele>
      </trkpt>
      <trkpt lon="7.44445440954632" lat="45.832308626375">
        <ele>2304.66</ele>
      </trkpt>
      <trkpt lon="7.4442243828037" lat="45.8322786706092">
        <ele>2300.92</ele>
      </trkpt>
      <trkpt lon="7.44416444317586" lat="45.8322486942662">
        <ele>2299.89</ele>
      </trkpt>
      <trkpt lon="7.4440344434606" lat="45.8322286508316">
        <ele>2297.29</ele>
      </trkpt>
      <trkpt lon="7.44395448612779" lat="45.8322286417245">
        <ele>2296</ele>
      </trkpt>
      <trkpt lon="7.44387444029973" lat="45.8322086515523">
        <ele>2294.67</ele>
      </trkpt>
      <trkpt lon="7.44369443907659" lat="45.832208627588">
        <ele>2291.24</ele>
      </trkpt>
      <trkpt lon="7.44352445851049" lat="45.8321586107813">
        <ele>2287.89</ele>
      </trkpt>
      <trkpt lon="7.44333443503932" lat="45.8321486392445">
        <ele>2283.69</ele>
      </trkpt>
      <trkpt lon="7.44320445218717" lat="45.8321186955581">
        <ele>2281.89</ele>
      </trkpt>
      <trkpt lon="7.44302445096403" lat="45.8321186743716">
        <ele>2279</ele>
      </trkpt>
      <trkpt lon="7.44291442966849" lat="45.832088641987">
        <ele>2277</ele>
      </trkpt>
      <trkpt lon="7.44287449524972" lat="45.832098627966">
        <ele>2276.94</ele>
      </trkpt>
      <trkpt lon="7.44276442911133" lat="45.8320886683142">
        <ele>2275.16</ele>
      </trkpt>
      <trkpt lon="7.44272442861787" lat="45.8320686813073">
        <ele>2274</ele>
      </trkpt>
      <trkpt lon="7.44256440581448" lat="45.8320586683931">
        <ele>2270.5</ele>
      </trkpt>
      <trkpt lon="7.44244449005148" lat="45.8320186912153">
        <ele>2268.96</ele>
      </trkpt>
      <trkpt lon="7.44209440449346" lat="45.832018596159">
        <ele>2263</ele>
      </trkpt>
      <trkpt lon="7.44188440379144" lat="45.8319585787106">
        <ele>2259</ele>
      </trkpt>
      <trkpt lon="7.44165444590165" lat="45.8319585931527">
        <ele>2256.92</ele>
      </trkpt>
      <trkpt lon="7.4414944903617" lat="45.8319185183628">
        <ele>2253.78</ele>
      </trkpt>
      <trkpt lon="7.44106438139471" lat="45.8318885273268">
        <ele>2245.4</ele>
      </trkpt>
      <trkpt lon="7.44081446591501" lat="45.8318285928275">
        <ele>2241.15</ele>
      </trkpt>
      <trkpt lon="7.44047442224621" lat="45.831828542314">
        <ele>2236.31</ele>
      </trkpt>
      <trkpt lon="7.44039437919623" lat="45.8318085465861">
        <ele>2235.96</ele>
      </trkpt>
      <trkpt lon="7.44008428738576" lat="45.8318885595114">
        <ele>2232</ele>
      </trkpt>
      <trkpt lon="7.44001428107122" lat="45.831988589158">
        <ele>2231.4</ele>
      </trkpt>
      <trkpt lon="7.43984438265845" lat="45.8321385607761">
        <ele>2229.44</ele>
      </trkpt>
      <trkpt lon="7.43978431287453" lat="45.8322285569302">
        <ele>2229.73</ele>
      </trkpt>
      <trkpt lon="7.43961436406318" lat="45.8323985985032">
        <ele>2226.36</ele>
      </trkpt>
      <trkpt lon="7.43958434375463" lat="45.8324085373546">
        <ele>2226.1</ele>
      </trkpt>
      <trkpt lon="7.43926434021154" lat="45.8323685249065">
        <ele>2221.23</ele>
      </trkpt>
      <trkpt lon="7.43922432126246" lat="45.83229858385">
        <ele>2221</ele>
      </trkpt>
      <trkpt lon="7.43916438997017" lat="45.8322685130602">
        <ele>2219.75</ele>
      </trkpt>
      <trkpt lon="7.43899436733957" lat="45.8322385578748">
        <ele>2217</ele>
      </trkpt>
      <trkpt lon="7.43887436467254" lat="45.8322385372687">
        <ele>2215</ele>
      </trkpt>
      <trkpt lon="7.43882434748864" lat="45.8322085110204">
        <ele>2214</ele>
      </trkpt>
      <trkpt lon="7.43872434566179" lat="45.8321885123215">
        <ele>2212.56</ele>
      </trkpt>
      <trkpt lon="7.43850438482017" lat="45.8322085495922">
        <ele>2211</ele>
      </trkpt>
      <trkpt lon="7.43840432247439" lat="45.8321585779075">
        <ele>2208.68</ele>
      </trkpt>
      <trkpt lon="7.43834432114091" lat="45.8321585662155">
        <ele>2208</ele>
      </trkpt>
      <trkpt lon="7.4382843001647" lat="45.8321685464443">
        <ele>2207.41</ele>
      </trkpt>
      <trkpt lon="7.43820438092871" lat="45.832208588357">
        <ele>2207</ele>
      </trkpt>
      <trkpt lon="7.43814437563035" lat="45.8322685226353">
        <ele>2206</ele>
      </trkpt>
      <trkpt lon="7.43809432531481" lat="45.8323685552529">
        <ele>2204.11</ele>
      </trkpt>
      <trkpt lon="7.43796996805809" lat="45.8324551506984">
        <ele>2202</ele>
      </trkpt>
      <trkpt lon="7.43796996805809" lat="45.8324551506984">
        <ele>2202</ele>
      </trkpt>
      <trkpt lon="7.43794431127084" lat="45.8324885513003">
        <ele>2202</ele>
      </trkpt>
      <trkpt lon="7.43792435527177" lat="45.8324885483294">
        <ele>2201.86</ele>
      </trkpt>
      <trkpt lon="7.43788432442637" lat="45.8325985285194">
        <ele>2201.67</ele>
      </trkpt>
      <trkpt lon="7.43782440206567" lat="45.8326785355317">
        <ele>2202</ele>
      </trkpt>
      <trkpt lon="7.43785434043649" lat="45.8328785798025">
        <ele>2201.93</ele>
      </trkpt>
      <trkpt lon="7.43783428404575" lat="45.8330385170131">
        <ele>2200.02</ele>
      </trkpt>
      <trkpt lon="7.43786430316726" lat="45.8330885213542">
        <ele>2200</ele>
      </trkpt>
      <trkpt lon="7.43807433025604" lat="45.8330785203541">
        <ele>2199</ele>
      </trkpt>
      <trkpt lon="7.43811428987316" lat="45.8330585452323">
        <ele>2199</ele>
      </trkpt>
      <trkpt lon="7.43824431478821" lat="45.8330685134108">
        <ele>2199.72</ele>
      </trkpt>
      <trkpt lon="7.43828429008133" lat="45.8330985840076">
        <ele>2200</ele>
      </trkpt>
      <trkpt lon="7.43840431894847" lat="45.8333185796581">
        <ele>2200.39</ele>
      </trkpt>
      <trkpt lon="7.43833430985764" lat="45.8334185204136">
        <ele>2200.63</ele>
      </trkpt>
      <trkpt lon="7.43833438208409" lat="45.8335586600929">
        <ele>2199.93</ele>
      </trkpt>
      <trkpt lon="7.43835437895939" lat="45.8335986251926">
        <ele>2200</ele>
      </trkpt>
      <trkpt lon="7.43829432207345" lat="45.8337386642875">
        <ele>2199.51</ele>
      </trkpt>
      <trkpt lon="7.43823429157477" lat="45.8338086793779">
        <ele>2197.71</ele>
      </trkpt>
      <trkpt lon="7.4382243919553" lat="45.8339186209697">
        <ele>2199.12</ele>
      </trkpt>
      <trkpt lon="7.43819438454302" lat="45.8339786972087">
        <ele>2197.06</ele>
      </trkpt>
      <trkpt lon="7.43820437643878" lat="45.8341186119783">
        <ele>2198.42</ele>
      </trkpt>
      <trkpt lon="7.43817436228368" lat="45.8342386314098">
        <ele>2198.24</ele>
      </trkpt>
      <trkpt lon="7.43818438056492" lat="45.8343086138439">
        <ele>2198</ele>
      </trkpt>
      <trkpt lon="7.43823435171875" lat="45.8344186532398">
        <ele>2196.91</ele>
      </trkpt>
      <trkpt lon="7.43823432255358" lat="45.8344886772444">
        <ele>2195.99</ele>
      </trkpt>
      <trkpt lon="7.43826438929578" lat="45.8345186116307">
        <ele>2197.19</ele>
      </trkpt>
      <trkpt lon="7.43825429978608" lat="45.834538634265">
        <ele>2196.01</ele>
      </trkpt>
      <trkpt lon="7.43828431890754" lat="45.8345886386062">
        <ele>2195.01</ele>
      </trkpt>
      <trkpt lon="7.4383144025129" lat="45.8346086699628">
        <ele>2195.23</ele>
      </trkpt>
      <trkpt lon="7.43827422939784" lat="45.8346086612406">
        <ele>2193.19</ele>
      </trkpt>
      <trkpt lon="7.4382842700996" lat="45.8346686545317">
        <ele>2191.22</ele>
      </trkpt>
      <trkpt lon="7.43834422262524" lat="45.8347486793712">
        <ele>2192.54</ele>
      </trkpt>
      <trkpt lon="7.43842420396917" lat="45.8347986453061">
        <ele>2192.49</ele>
      </trkpt>
      <trkpt lon="7.4386343604276" lat="45.8348486819468">
        <ele>2191.08</ele>
      </trkpt>
      <trkpt lon="7.43876431292535" lat="45.8350086872776">
        <ele>2185.9</ele>
      </trkpt>
      <trkpt lon="7.43871435348246" lat="45.8350086367929">
        <ele>2185.25</ele>
      </trkpt>
      <trkpt lon="7.4387443120851" lat="45.8350286653704">
        <ele>2185.06</ele>
      </trkpt>
      <trkpt lon="7.43880429377594" lat="45.8350386662054">
        <ele>2184.65</ele>
      </trkpt>
      <trkpt lon="7.43889432097559" lat="45.8350286473771">
        <ele>2184.22</ele>
      </trkpt>
      <trkpt lon="7.438964363011" lat="45.8350886468045">
        <ele>2179.99</ele>
      </trkpt>
      <trkpt lon="7.43898432178795" lat="45.8350886497755">
        <ele>2180.01</ele>
      </trkpt>
      <trkpt lon="7.4390143409094" lat="45.8351386541168">
        <ele>2178.24</ele>
      </trkpt>
      <trkpt lon="7.4390843448465" lat="45.8351586914154">
        <ele>2180.5</ele>
      </trkpt>
      <trkpt lon="7.43915439362651" lat="45.835158658759">
        <ele>2182.11</ele>
      </trkpt>
      <trkpt lon="7.43915434878536" lat="45.8351786398228">
        <ele>2181.54</ele>
      </trkpt>
      <trkpt lon="7.43924430753441" lat="45.8352586232851">
        <ele>2176.3</ele>
      </trkpt>
      <trkpt lon="7.43929432352931" lat="45.8353486843952">
        <ele>2168.69</ele>
      </trkpt>
      <trkpt lon="7.43935428557747" lat="45.8353686743732">
        <ele>2168.06</ele>
      </trkpt>
      <trkpt lon="7.43935430522018" lat="45.8353586852302">
        <ele>2169.01</ele>
      </trkpt>
      <trkpt lon="7.43937434971443" lat="45.8353786692662">
        <ele>2167.62</ele>
      </trkpt>
      <trkpt lon="7.43941428968893" lat="45.8353686832873">
        <ele>2170.33</ele>
      </trkpt>
      <trkpt lon="7.43941437262834" lat="45.8353886671302">
        <ele>2168.13</ele>
      </trkpt>
      <trkpt lon="7.4394443536533" lat="45.8353986176737">
        <ele>2168.24</ele>
      </trkpt>
      <trkpt lon="7.43937439059053" lat="45.8354186341729">
        <ele>2163.97</ele>
      </trkpt>
      <trkpt lon="7.4392743411446" lat="45.8354186165377">
        <ele>2162.94</ele>
      </trkpt>
      <trkpt lon="7.43926433735214" lat="45.835458623015">
        <ele>2159.71</ele>
      </trkpt>
      <trkpt lon="7.43931440493284" lat="45.8354686681996">
        <ele>2161.14</ele>
      </trkpt>
      <trkpt lon="7.43932438233793" lat="45.835498685727">
        <ele>2158.7</ele>
      </trkpt>
      <trkpt lon="7.43937432213984" lat="45.8355086392414">
        <ele>2157.97</ele>
      </trkpt>
      <trkpt lon="7.43938435213018" lat="45.8356886967003">
        <ele>2145.9</ele>
      </trkpt>
      <trkpt lon="7.43934427922103" lat="45.8358186607324">
        <ele>2139.92</ele>
      </trkpt>
      <trkpt lon="7.43931423093435" lat="45.8358386803957">
        <ele>2137.62</ele>
      </trkpt>
      <trkpt lon="7.4392842263016" lat="45.8358986649659">
        <ele>2135.29</ele>
      </trkpt>
      <trkpt lon="7.43931426784364" lat="45.8359386773863">
        <ele>2137.48</ele>
      </trkpt>
      <trkpt lon="7.4393042864717" lat="45.8359686947206">
        <ele>2137.92</ele>
      </trkpt>
      <trkpt lon="7.43924421509851" lat="45.8359986560132">
        <ele>2135.74</ele>
      </trkpt>
      <trkpt lon="7.43924423633186" lat="45.836048610063">
        <ele>2135.9</ele>
      </trkpt>
      <trkpt lon="7.4392242747753" lat="45.8360486959832">
        <ele>2135.12</ele>
      </trkpt>
      <trkpt lon="7.43918421098708" lat="45.8359986443212">
        <ele>2130.94</ele>
      </trkpt>
      <trkpt lon="7.43916425221007" lat="45.8359986441281">
        <ele>2128.88</ele>
      </trkpt>
      <trkpt lon="7.43913430412933" lat="45.836148633768">
        <ele>2124.98</ele>
      </trkpt>
      <trkpt lon="7.4392542399346" lat="45.8362986943045">
        <ele>2125.56</ele>
      </trkpt>
      <trkpt lon="7.43916426928859" lat="45.8363986320894">
        <ele>2117.35</ele>
      </trkpt>
      <trkpt lon="7.43916426532176" lat="45.8364586641733">
        <ele>2118.48</ele>
      </trkpt>
      <trkpt lon="7.43918417925754" lat="45.8364786482081">
        <ele>2119.13</ele>
      </trkpt>
      <trkpt lon="7.43917428360287" lat="45.8365286466075">
        <ele>2120.7</ele>
      </trkpt>
      <trkpt lon="7.43913421584777" lat="45.8365386298073">
        <ele>2119.16</ele>
      </trkpt>
      <trkpt lon="7.43909418618912" lat="45.836588666805">
        <ele>2117.9</ele>
      </trkpt>
      <trkpt lon="7.4389842607312" lat="45.8366286584261">
        <ele>2113.67</ele>
      </trkpt>
      <trkpt lon="7.43892420503384" lat="45.8367086626596">
        <ele>2113.41</ele>
      </trkpt>
      <trkpt lon="7.43888420176265" lat="45.8366886756525">
        <ele>2110.57</ele>
      </trkpt>
      <trkpt lon="7.43886420092235" lat="45.8367086537454">
        <ele>2110.73</ele>
      </trkpt>
      <trkpt lon="7.4387642119952" lat="45.8367386090961">
        <ele>2106.83</ele>
      </trkpt>
      <trkpt lon="7.43871430235769" lat="45.8368886874341">
        <ele>2105.28</ele>
      </trkpt>
      <trkpt lon="7.43863427220749" lat="45.8369186457557">
        <ele>2102.3</ele>
      </trkpt>
      <trkpt lon="7.43862424599438" lat="45.836968641376">
        <ele>2102.95</ele>
      </trkpt>
      <trkpt lon="7.43859419770762" lat="45.8369886638172">
        <ele>2102.95</ele>
      </trkpt>
      <trkpt lon="7.43855428015371" lat="45.8369886578753">
        <ele>2102.11</ele>
      </trkpt>
      <trkpt lon="7.43838641229157" lat="45.8370008537836">
        <ele>2099.42</ele>
      </trkpt>
      <trkpt lon="7.43829942041565" lat="45.8370540292956">
        <ele>2098.21</ele>
      </trkpt>
      <trkpt lon="7.43827829188693" lat="45.8370682294527">
        <ele>2097.99</ele>
      </trkpt>
      <trkpt lon="7.43816671992113" lat="45.8370703062037">
        <ele>2095.12</ele>
      </trkpt>
      <trkpt lon="7.43806784524072" lat="45.8370834444703">
        <ele>2092.85</ele>
      </trkpt>
      <trkpt lon="7.43795599520227" lat="45.8371000965897">
        <ele>2089.52</ele>
      </trkpt>
      <trkpt lon="7.43790656902778" lat="45.8371039212088">
        <ele>2088.08</ele>
      </trkpt>
      <trkpt lon="7.43787459078134" lat="45.8370916928102">
        <ele>2086.85</ele>
      </trkpt>
      <trkpt lon="7.43786515534548" lat="45.8370470110257">
        <ele>2085.06</ele>
      </trkpt>
      <trkpt lon="7.43786424429995" lat="45.8370426775733">
        <ele>2084.78</ele>
      </trkpt>
      <trkpt lon="7.43790093240217" lat="45.8369833264172">
        <ele>2083.77</ele>
      </trkpt>
      <trkpt lon="7.43790684140369" lat="45.8369562230066">
        <ele>2082.98</ele>
      </trkpt>
      <trkpt lon="7.43785946294382" lat="45.83693748596">
        <ele>2081.59</ele>
      </trkpt>
      <trkpt lon="7.43780418947045" lat="45.8369386187873">
        <ele>2079.95</ele>
      </trkpt>
      <trkpt lon="7.43774424587601" lat="45.8369686717501">
        <ele>2078.78</ele>
      </trkpt>
      <trkpt lon="7.43765426780384" lat="45.8370227944796">
        <ele>2077.66</ele>
      </trkpt>
      <trkpt lon="7.43757199517113" lat="45.8370914259863">
        <ele>2077.1</ele>
      </trkpt>
      <trkpt lon="7.43746315142639" lat="45.8370741856052">
        <ele>2072.92</ele>
      </trkpt>
      <trkpt lon="7.43749316558009" lat="45.8369542578424">
        <ele>2071.68</ele>
      </trkpt>
      <trkpt lon="7.43745315337795" lat="45.8368241902548">
        <ele>2067.76</ele>
      </trkpt>
      <trkpt lon="7.43748314511099" lat="45.8367142544128">
        <ele>2064.67</ele>
      </trkpt>
      <trkpt lon="7.43747316770601" lat="45.8366842341075">
        <ele>2063.82</ele>
      </trkpt>
      <trkpt lon="7.43739607389723" lat="45.8367058616899">
        <ele>2062.03</ele>
      </trkpt>
      <trkpt lon="7.43690212111168" lat="45.8368531051031">
        <ele>2053.93</ele>
      </trkpt>
      <trkpt lon="7.43687207063695" lat="45.8367031037711">
        <ele>2049.5</ele>
      </trkpt>
      <trkpt lon="7.43679205794157" lat="45.8365530463987">
        <ele>2045.24</ele>
      </trkpt>
      <trkpt lon="7.43665419543797" lat="45.8364686262487">
        <ele>2042</ele>
      </trkpt>
      <trkpt lon="7.43637424694828" lat="45.836358676296">
        <ele>2038.42</ele>
      </trkpt>
      <trkpt lon="7.43610421138142" lat="45.8363086279642">
        <ele>2036.26</ele>
      </trkpt>
      <trkpt lon="7.43573426426781" lat="45.8363086910525">
        <ele>2034</ele>
      </trkpt>
      <trkpt lon="7.4357242420216" lat="45.8362986545889">
        <ele>2034</ele>
      </trkpt>
      <trkpt lon="7.43558425260138" lat="45.8363086173767">
        <ele>2034</ele>
      </trkpt>
      <trkpt lon="7.43541419643901" lat="45.836288648556">
        <ele>2033.16</ele>
      </trkpt>
      <trkpt lon="7.43521409199002" lat="45.8362886966207">
        <ele>2032</ele>
      </trkpt>
      <trkpt lon="7.43508412203814" lat="45.83630869865">
        <ele>2031.47</ele>
      </trkpt>
      <trkpt lon="7.43501253620953" lat="45.8363543407859">
        <ele>2031</ele>
      </trkpt>
      <trkpt lon="7.43482252122775" lat="45.8364767559525">
        <ele>2030</ele>
      </trkpt>
      <trkpt lon="7.43470431291285" lat="45.8366236474371">
        <ele>2029</ele>
      </trkpt>
      <trkpt lon="7.4345683877562" lat="45.8367594940247">
        <ele>2028</ele>
      </trkpt>
      <trkpt lon="7.4343779067696" lat="45.8368479694338">
        <ele>2027</ele>
      </trkpt>
      <trkpt lon="7.43429687671163" lat="45.8368721525986">
        <ele>2027</ele>
      </trkpt>
      <trkpt lon="7.43417101176012" lat="45.8369247888317">
        <ele>2026</ele>
      </trkpt>
      <trkpt lon="7.43410242046663" lat="45.8369692115211">
        <ele>2026</ele>
      </trkpt>
      <trkpt lon="7.43399381369069" lat="45.8370491791726">
        <ele>2025</ele>
      </trkpt>
      <trkpt lon="7.43390852957598" lat="45.8371331554853">
        <ele>2023.57</ele>
      </trkpt>
      <trkpt lon="7.43382026455138" lat="45.837231673806">
        <ele>2023</ele>
      </trkpt>
      <trkpt lon="7.43372091548656" lat="45.8373534398335">
        <ele>2022.85</ele>
      </trkpt>
      <trkpt lon="7.43350086174604" lat="45.8374355675725">
        <ele>2021</ele>
      </trkpt>
      <trkpt lon="7.43341197450334" lat="45.8375331775308">
        <ele>2020</ele>
      </trkpt>
      <trkpt lon="7.43335361490462" lat="45.8376717971618">
        <ele>2019</ele>
      </trkpt>
      <trkpt lon="7.4332886976523" lat="45.8377687434463">
        <ele>2019.52</ele>
      </trkpt>
      <trkpt lon="7.43317425406114" lat="45.8378777006683">
        <ele>2018.19</ele>
      </trkpt>
      <trkpt lon="7.43301685855689" lat="45.8380350337063">
        <ele>2017</ele>
      </trkpt>
      <trkpt lon="7.43287258706772" lat="45.8382568101787">
        <ele>2015</ele>
      </trkpt>
      <trkpt lon="7.432782998861" lat="45.8384022907934">
        <ele>2014</ele>
      </trkpt>
      <trkpt lon="7.43271032873187" lat="45.8384955313529">
        <ele>2012.98</ele>
      </trkpt>
      <trkpt lon="7.43247913900803" lat="45.8386989231828">
        <ele>2009</ele>
      </trkpt>
      <trkpt lon="7.43237970377466" lat="45.8388234781695">
        <ele>2008</ele>
      </trkpt>
      <trkpt lon="7.43235103450467" lat="45.8389227193077">
        <ele>2007</ele>
      </trkpt>
      <trkpt lon="7.43237581857619" lat="45.8390534812102">
        <ele>2006.35</ele>
      </trkpt>
      <trkpt lon="7.43237794417534" lat="45.8391658368693">
        <ele>2005.68</ele>
      </trkpt>
      <trkpt lon="7.43236028398316" lat="45.8392398496939">
        <ele>2005.07</ele>
      </trkpt>
      <trkpt lon="7.43233212063814" lat="45.8393210098211">
        <ele>2004.07</ele>
      </trkpt>
      <trkpt lon="7.43221911707995" lat="45.8393738211832">
        <ele>2001.74</ele>
      </trkpt>
      <trkpt lon="7.4320989841876" lat="45.8394971926061">
        <ele>1999.9</ele>
      </trkpt>
      <trkpt lon="7.43206209549053" lat="45.8395863306298">
        <ele>1999</ele>
      </trkpt>
      <trkpt lon="7.43199286858848" lat="45.8397448728854">
        <ele>1998.36</ele>
      </trkpt>
      <trkpt lon="7.43189656706204" lat="45.8398540775117">
        <ele>1998</ele>
      </trkpt>
      <trkpt lon="7.4317778861893" lat="45.8400173416311">
        <ele>1997</ele>
      </trkpt>
      <trkpt lon="7.43167856078713" lat="45.8402066093778">
        <ele>1995</ele>
      </trkpt>
      <trkpt lon="7.4316917394868" lat="45.8403150678225">
        <ele>1994</ele>
      </trkpt>
      <trkpt lon="7.43162358002905" lat="45.8404355507862">
        <ele>1992</ele>
      </trkpt>
      <trkpt lon="7.43158659636455" lat="45.8405509728116">
        <ele>1992.5</ele>
      </trkpt>
      <trkpt lon="7.4315423962334" lat="45.8406482026373">
        <ele>1991</ele>
      </trkpt>
      <trkpt lon="7.43148519581677" lat="45.8407452545548">
        <ele>1989.02</ele>
      </trkpt>
      <trkpt lon="7.43141012844996" lat="45.8408365700423">
        <ele>1988</ele>
      </trkpt>
      <trkpt lon="7.4313768873582" lat="45.840910457713">
        <ele>1987.58</ele>
      </trkpt>
      <trkpt lon="7.43131675607019" lat="45.8410201599244">
        <ele>1987.34</ele>
      </trkpt>
      <trkpt lon="7.431197552507" lat="45.8412064551809">
        <ele>1985</ele>
      </trkpt>
      <trkpt lon="7.43121406255216" lat="45.8412787766267">
        <ele>1984.21</ele>
      </trkpt>
      <trkpt lon="7.43119403155604" lat="45.8414187327743">
        <ele>1982</ele>
      </trkpt>
      <trkpt lon="7.43122400027998" lat="45.8414887181798">
        <ele>1981</ele>
      </trkpt>
      <trkpt lon="7.43131405883055" lat="45.8415787907894">
        <ele>1980</ele>
      </trkpt>
      <trkpt lon="7.43137406909604" lat="45.8416887941713">
        <ele>1978.81</ele>
      </trkpt>
      <trkpt lon="7.43137410441612" lat="45.8417287563004">
        <ele>1978.18</ele>
      </trkpt>
      <trkpt lon="7.43135405040085" lat="45.8417687126792">
        <ele>1978</ele>
      </trkpt>
      <trkpt lon="7.43128400340715" lat="45.8418187854985">
        <ele>1977.93</ele>
      </trkpt>
      <trkpt lon="7.43112391810419" lat="45.841878782699">
        <ele>1976.79</ele>
      </trkpt>
      <trkpt lon="7.43105388678949" lat="45.8419787178993">
        <ele>1975.22</ele>
      </trkpt>
      <trkpt lon="7.43109369616559" lat="45.8421109410959">
        <ele>1974</ele>
      </trkpt>
      <trkpt lon="7.43105691264792" lat="45.842219165718">
        <ele>1974</ele>
      </trkpt>
      <trkpt lon="7.43101928866682" lat="45.8422657220949">
        <ele>1974</ele>
      </trkpt>
      <trkpt lon="7.43105082948335" lat="45.8423440105048">
        <ele>1973</ele>
      </trkpt>
      <trkpt lon="7.43106452012198" lat="45.8424112512385">
        <ele>1972</ele>
      </trkpt>
      <trkpt lon="7.43109057734027" lat="45.8424967564458">
        <ele>1971</ele>
      </trkpt>
      <trkpt lon="7.43112484332365" lat="45.8425696808566">
        <ele>1970.12</ele>
      </trkpt>
      <trkpt lon="7.43124886622164" lat="45.8426747125094">
        <ele>1969</ele>
      </trkpt>
      <trkpt lon="7.43129009293033" lat="45.8427749154601">
        <ele>1968</ele>
      </trkpt>
      <trkpt lon="7.43135394169808" lat="45.8429087305967">
        <ele>1967</ele>
      </trkpt>
      <trkpt lon="7.43146389454128" lat="45.8430287791624">
        <ele>1966</ele>
      </trkpt>
      <trkpt lon="7.43145129660014" lat="45.8430509268267">
        <ele>1966</ele>
      </trkpt>
      <trkpt lon="7.43146637741014" lat="45.8430550048543">
        <ele>1966</ele>
      </trkpt>
      <trkpt lon="7.43147856704729" lat="45.8431710995953">
        <ele>1963.3</ele>
      </trkpt>
      <trkpt lon="7.4314151814872" lat="45.8434927238387">
        <ele>1959</ele>
      </trkpt>
      <trkpt lon="7.43133238444782" lat="45.8436709692431">
        <ele>1956</ele>
      </trkpt>
      <trkpt lon="7.43130024234012" lat="45.8437973443724">
        <ele>1955.34</ele>
      </trkpt>
      <trkpt lon="7.43129716232227" lat="45.8439069304666">
        <ele>1954.29</ele>
      </trkpt>
      <trkpt lon="7.43125038435634" lat="45.8440041241556">
        <ele>1953.86</ele>
      </trkpt>
      <trkpt lon="7.43119396237629" lat="45.8440687835895">
        <ele>1952.06</ele>
      </trkpt>
      <trkpt lon="7.43100393037645" lat="45.8442088353166">
        <ele>1951</ele>
      </trkpt>
      <trkpt lon="7.43086761355738" lat="45.8443439513269">
        <ele>1952.22</ele>
      </trkpt>
      <trkpt lon="7.43071939429486" lat="45.8444488442302">
        <ele>1951</ele>
      </trkpt>
      <trkpt lon="7.43062390169669" lat="45.8445288981223">
        <ele>1949.2</ele>
      </trkpt>
      <trkpt lon="7.4305638993732" lat="45.8445788349243">
        <ele>1948.16</ele>
      </trkpt>
      <trkpt lon="7.43050390716921" lat="45.8446788202232">
        <ele>1947.94</ele>
      </trkpt>
      <trkpt lon="7.43038395470352" lat="45.8448088501513">
        <ele>1947.72</ele>
      </trkpt>
      <trkpt lon="7.43035942077976" lat="45.844811122194">
        <ele>1947.31</ele>
      </trkpt>
      <trkpt lon="7.43021856531448" lat="45.8449288960521">
        <ele>1946</ele>
      </trkpt>
      <trkpt lon="7.4301686818049" lat="45.8450219979402">
        <ele>1945.29</ele>
      </trkpt>
      <trkpt lon="7.43011390069088" lat="45.8451288917989">
        <ele>1943.57</ele>
      </trkpt>
      <trkpt lon="7.43007985442366" lat="45.8453228380752">
        <ele>1943.17</ele>
      </trkpt>
      <trkpt lon="7.42989438636815" lat="45.8454651982387">
        <ele>1940</ele>
      </trkpt>
      <trkpt lon="7.4297869036081" lat="45.845596028308">
        <ele>1939</ele>
      </trkpt>
      <trkpt lon="7.42975894104813" lat="45.8456377679892">
        <ele>1937.96</ele>
      </trkpt>
      <trkpt lon="7.42976435182852" lat="45.8456605241767">
        <ele>1937</ele>
      </trkpt>
      <trkpt lon="7.4297137729173" lat="45.8458011383793">
        <ele>1935.93</ele>
      </trkpt>
      <trkpt lon="7.4295986687151" lat="45.8460242123907">
        <ele>1934</ele>
      </trkpt>
      <trkpt lon="7.42948583013905" lat="45.8461621703675">
        <ele>1933</ele>
      </trkpt>
      <trkpt lon="7.42934951583343" lat="45.8463106061616">
        <ele>1933</ele>
      </trkpt>
      <trkpt lon="7.4292301751984" lat="45.8464050018549">
        <ele>1932</ele>
      </trkpt>
      <trkpt lon="7.42913353832491" lat="45.846475227708">
        <ele>1932</ele>
      </trkpt>
      <trkpt lon="7.42865693552246" lat="45.8466426551362">
        <ele>1931</ele>
      </trkpt>
      <trkpt lon="7.42816251302879" lat="45.8468025460889">
        <ele>1931</ele>
      </trkpt>
      <trkpt lon="7.42785767092889" lat="45.8469029373614">
        <ele>1930.77</ele>
      </trkpt>
      <trkpt lon="7.42758895262403" lat="45.8469644918833">
        <ele>1930.55</ele>
      </trkpt>
      <trkpt lon="7.42737889614381" lat="45.8470558393986">
        <ele>1930</ele>
      </trkpt>
      <trkpt lon="7.42706874457891" lat="45.8472073680331">
        <ele>1929.81</ele>
      </trkpt>
      <trkpt lon="7.42683887807444" lat="45.8473618030744">
        <ele>1929</ele>
      </trkpt>
      <trkpt lon="7.42659884163275" lat="45.8475296911377">
        <ele>1929.31</ele>
      </trkpt>
      <trkpt lon="7.42628136347069" lat="45.847753571544">
        <ele>1930.37</ele>
      </trkpt>
      <trkpt lon="7.4262476803075" lat="45.8478473458285">
        <ele>1929</ele>
      </trkpt>
      <trkpt lon="7.42620315773022" lat="45.8479554592622">
        <ele>1929.5</ele>
      </trkpt>
      <trkpt lon="7.42616631028576" lat="45.8480654783742">
        <ele>1929</ele>
      </trkpt>
      <trkpt lon="7.42612933956209" lat="45.8480885508262">
        <ele>1929</ele>
      </trkpt>
      <trkpt lon="7.42607374149378" lat="45.8480688831203">
        <ele>1928</ele>
      </trkpt>
      <trkpt lon="7.42598338155109" lat="45.848048737288">
        <ele>1929</ele>
      </trkpt>
      <trkpt lon="7.42585304160906" lat="45.8482359546834">
        <ele>1926.91</ele>
      </trkpt>
      <trkpt lon="7.42572440531898" lat="45.8483809821318">
        <ele>1927.57</ele>
      </trkpt>
      <trkpt lon="7.42556640557469" lat="45.8484711523433">
        <ele>1928.75</ele>
      </trkpt>
      <trkpt lon="7.42543486802399" lat="45.8485363916203">
        <ele>1929.23</ele>
      </trkpt>
      <trkpt lon="7.42540879929326" lat="45.8486112793864">
        <ele>1930</ele>
      </trkpt>
      <trkpt lon="7.42526981274195" lat="45.8487578734413">
        <ele>1925.84</ele>
      </trkpt>
      <trkpt lon="7.42516784694929" lat="45.8488796866678">
        <ele>1922.36</ele>
      </trkpt>
      <trkpt lon="7.42503855079146" lat="45.8489612486045">
        <ele>1920.41</ele>
      </trkpt>
      <trkpt lon="7.42487192809669" lat="45.8490784805329">
        <ele>1919</ele>
      </trkpt>
      <trkpt lon="7.4248176391038" lat="45.8491629682703">
        <ele>1917.94</ele>
      </trkpt>
      <trkpt lon="7.42473818149273" lat="45.8493176714414">
        <ele>1915.58</ele>
      </trkpt>
      <trkpt lon="7.42471373310919" lat="45.8493488358873">
        <ele>1915.69</ele>
      </trkpt>
      <trkpt lon="7.42463440418149" lat="45.8494580017887">
        <ele>1912.95</ele>
      </trkpt>
      <trkpt lon="7.42463394273729" lat="45.8494742855323">
        <ele>1912.65</ele>
      </trkpt>
      <trkpt lon="7.42454884863966" lat="45.849641602859">
        <ele>1906.83</ele>
      </trkpt>
      <trkpt lon="7.42442015675686" lat="45.8497884275751">
        <ele>1904.2</ele>
      </trkpt>
      <trkpt lon="7.42427790757415" lat="45.8498679226671">
        <ele>1901</ele>
      </trkpt>
      <trkpt lon="7.42402475072193" lat="45.8499296856782">
        <ele>1899</ele>
      </trkpt>
      <trkpt lon="7.42376348517995" lat="45.8500003349482">
        <ele>1897</ele>
      </trkpt>
      <trkpt lon="7.42337361027358" lat="45.8501188925266">
        <ele>1892</ele>
      </trkpt>
      <trkpt lon="7.42332363971946" lat="45.850118833708">
        <ele>1892</ele>
      </trkpt>
      <trkpt lon="7.42328366065526" lat="45.8501388921652">
        <ele>1890.97</ele>
      </trkpt>
      <trkpt lon="7.4231736917436" lat="45.8501288241774">
        <ele>1890.14</ele>
      </trkpt>
      <trkpt lon="7.42308366374975" lat="45.8501788856919">
        <ele>1888.59</ele>
      </trkpt>
      <trkpt lon="7.42297362201828" lat="45.8501988768024">
        <ele>1886.25</ele>
      </trkpt>
      <trkpt lon="7.42268367093098" lat="45.8502088270263">
        <ele>1883.77</ele>
      </trkpt>
      <trkpt lon="7.42263367418429" lat="45.8502688891832">
        <ele>1881.25</ele>
      </trkpt>
      <trkpt lon="7.42246363866054" lat="45.8503288251747">
        <ele>1878</ele>
      </trkpt>
      <trkpt lon="7.42241366532683" lat="45.8503288552471">
        <ele>1878</ele>
      </trkpt>
      <trkpt lon="7.42235369673138" lat="45.8503588998762">
        <ele>1875.06</ele>
      </trkpt>
      <trkpt lon="7.42232368773201" lat="45.8503588468066">
        <ele>1875.01</ele>
      </trkpt>
      <trkpt lon="7.42229362654802" lat="45.8503288179729">
        <ele>1875.79</ele>
      </trkpt>
      <trkpt lon="7.42224365043647" lat="45.8503288480453">
        <ele>1874.78</ele>
      </trkpt>
      <trkpt lon="7.42209362686298" lat="45.8503688976129">
        <ele>1871.28</ele>
      </trkpt>
      <trkpt lon="7.42203368446019" lat="45.8503388184886">
        <ele>1871.27</ele>
      </trkpt>
      <trkpt lon="7.42185359513746" lat="45.8502988879501">
        <ele>1870</ele>
      </trkpt>
      <trkpt lon="7.42178360886127" lat="45.8503688473878">
        <ele>1867.64</ele>
      </trkpt>
      <trkpt lon="7.42168366219568" lat="45.8503688158637">
        <ele>1865.99</ele>
      </trkpt>
      <trkpt lon="7.42159358201898" lat="45.8503888127231">
        <ele>1864.78</ele>
      </trkpt>
      <trkpt lon="7.42151362389235" lat="45.8504288407462">
        <ele>1863</ele>
      </trkpt>
      <trkpt lon="7.42143367033092" lat="45.8505188228196">
        <ele>1860.09</ele>
      </trkpt>
      <trkpt lon="7.42142367328181" lat="45.850498883326">
        <ele>1859.91</ele>
      </trkpt>
      <trkpt lon="7.42137369994993" lat="45.8504988217295">
        <ele>1859</ele>
      </trkpt>
      <trkpt lon="7.42128359179495" lat="45.8505288994009">
        <ele>1857.39</ele>
      </trkpt>
      <trkpt lon="7.42100041195808" lat="45.8505954594656">
        <ele>1853</ele>
      </trkpt>
      <trkpt lon="7.4209135817867" lat="45.8506188314424">
        <ele>1852</ele>
      </trkpt>
      <trkpt lon="7.42087349736272" lat="45.8506288979773">
        <ele>1851.52</ele>
      </trkpt>
      <trkpt lon="7.42086355885079" lat="45.8507388395703">
        <ele>1849</ele>
      </trkpt>
      <trkpt lon="7.42064359761286" lat="45.8507788217923">
        <ele>1845.82</ele>
      </trkpt>
      <trkpt lon="7.42054356800659" lat="45.8507588953162">
        <ele>1843.91</ele>
      </trkpt>
      <trkpt lon="7.42050354132468" lat="45.8507988459463">
        <ele>1843</ele>
      </trkpt>
      <trkpt lon="7.42031348551367" lat="45.8508788433659">
        <ele>1839.58</ele>
      </trkpt>
      <trkpt lon="7.42025359430153" lat="45.8509288690602">
        <ele>1837.96</ele>
      </trkpt>
      <trkpt lon="7.42023350397571" lat="45.8509788145823">
        <ele>1837</ele>
      </trkpt>
      <trkpt lon="7.42021868975625" lat="45.8509788783294">
        <ele>1837</ele>
      </trkpt>
      <trkpt lon="7.42021729233733" lat="45.8509872313064">
        <ele>1837</ele>
      </trkpt>
      <trkpt lon="7.41997304026557" lat="45.8510980706535">
        <ele>1832.14</ele>
      </trkpt>
      <trkpt lon="7.41970348346121" lat="45.851279125433">
        <ele>1828.77</ele>
      </trkpt>
      <trkpt lon="7.41959001283093" lat="45.851351809519">
        <ele>1825.55</ele>
      </trkpt>
      <trkpt lon="7.41937034553172" lat="45.8514176257351">
        <ele>1823</ele>
      </trkpt>
      <trkpt lon="7.41920797133732" lat="45.8514751422946">
        <ele>1819.94</ele>
      </trkpt>
      <trkpt lon="7.41906895046912" lat="45.8515311812648">
        <ele>1817</ele>
      </trkpt>
      <trkpt lon="7.41889161902359" lat="45.8516574383192">
        <ele>1813.78</ele>
      </trkpt>
      <trkpt lon="7.4187676675719" lat="45.8517317779015">
        <ele>1812.04</ele>
      </trkpt>
      <trkpt lon="7.41863876615434" lat="45.8517988478062">
        <ele>1810.09</ele>
      </trkpt>
      <trkpt lon="7.41843462416032" lat="45.8518666753349">
        <ele>1807.07</ele>
      </trkpt>
      <trkpt lon="7.4181843093248" lat="45.8519139741159">
        <ele>1804</ele>
      </trkpt>
      <trkpt lon="7.41811697173536" lat="45.8519130401068">
        <ele>1803</ele>
      </trkpt>
      <trkpt lon="7.41806353193917" lat="45.8518988892288">
        <ele>1802</ele>
      </trkpt>
      <trkpt lon="7.41797352736028" lat="45.851888824212">
        <ele>1801</ele>
      </trkpt>
      <trkpt lon="7.4178935916545" lat="45.8519188575364">
        <ele>1800</ele>
      </trkpt>
      <trkpt lon="7.41778341182603" lat="45.8520388400812">
        <ele>1797</ele>
      </trkpt>
      <trkpt lon="7.41770342294499" lat="45.8520888572474">
        <ele>1795.44</ele>
      </trkpt>
      <trkpt lon="7.41766344011233" lat="45.8521588669768">
        <ele>1795</ele>
      </trkpt>
      <trkpt lon="7.41758347642998" lat="45.852198892222">
        <ele>1793.74</ele>
      </trkpt>
      <trkpt lon="7.41764344859807" lat="45.8522688473625">
        <ele>1791.31</ele>
      </trkpt>
      <trkpt lon="7.41758347444693" lat="45.8522988892136">
        <ele>1790.82</ele>
      </trkpt>
      <trkpt lon="7.4175634307481" lat="45.852378896613">
        <ele>1789</ele>
      </trkpt>
      <trkpt lon="7.41733341472283" lat="45.8523688691303">
        <ele>1786.04</ele>
      </trkpt>
      <trkpt lon="7.41707340735641" lat="45.8524488825396">
        <ele>1783.06</ele>
      </trkpt>
      <trkpt lon="7.41694338819807" lat="45.8525688593366">
        <ele>1780</ele>
      </trkpt>
      <trkpt lon="7.41678343940496" lat="45.8526088560288">
        <ele>1777.76</ele>
      </trkpt>
      <trkpt lon="7.41670345151638" lat="45.8526088274757">
        <ele>1778.7</ele>
      </trkpt>
      <trkpt lon="7.4166435043511" lat="45.8526788314562">
        <ele>1775.76</ele>
      </trkpt>
      <trkpt lon="7.41661348781123" lat="45.8527788614913">
        <ele>1773</ele>
      </trkpt>
      <trkpt lon="7.41659349550217" lat="45.8527888448854">
        <ele>1773</ele>
      </trkpt>
      <trkpt lon="7.41650343496854" lat="45.8527988470458">
        <ele>1771.32</ele>
      </trkpt>
      <trkpt lon="7.41644343938902" lat="45.8527888350987">
        <ele>1771.5</ele>
      </trkpt>
      <trkpt lon="7.41622341485537" lat="45.8527988360006">
        <ele>1770.88</ele>
      </trkpt>
      <trkpt lon="7.41604339736074" lat="45.8527788781934">
        <ele>1770</ele>
      </trkpt>
      <trkpt lon="7.41594341994095" lat="45.8527888330344">
        <ele>1769</ele>
      </trkpt>
      <trkpt lon="7.41575343139247" lat="45.8528388519132">
        <ele>1767.05</ele>
      </trkpt>
      <trkpt lon="7.41556962855717" lat="45.8529158687618">
        <ele>1763.82</ele>
      </trkpt>
      <trkpt lon="7.41535561729838" lat="45.85296357346">
        <ele>1760</ele>
      </trkpt>
      <trkpt lon="7.41521154361284" lat="45.8530159400654">
        <ele>1759</ele>
      </trkpt>
      <trkpt lon="7.41501570767988" lat="45.8530675867068">
        <ele>1757.93</ele>
      </trkpt>
      <trkpt lon="7.41485672302365" lat="45.853096160895">
        <ele>1758.06</ele>
      </trkpt>
      <trkpt lon="7.41473986475806" lat="45.8531018321301">
        <ele>1758</ele>
      </trkpt>
      <trkpt lon="7.41465427114099" lat="45.8531042424737">
        <ele>1757.6</ele>
      </trkpt>
      <trkpt lon="7.41451776695902" lat="45.8531621120703">
        <ele>1758</ele>
      </trkpt>
      <trkpt lon="7.41430726610475" lat="45.8532493789214">
        <ele>1757</ele>
      </trkpt>
      <trkpt lon="7.41420335467807" lat="45.8532888872548">
        <ele>1756.42</ele>
      </trkpt>
      <trkpt lon="7.41412334159086" lat="45.8532988478448">
        <ele>1756.68</ele>
      </trkpt>
      <trkpt lon="7.41410332408313" lat="45.853318820382">
        <ele>1755.25</ele>
      </trkpt>
      <trkpt lon="7.41401336613142" lat="45.8533388144645">
        <ele>1755.76</ele>
      </trkpt>
      <trkpt lon="7.41383333832013" lat="45.853418850871">
        <ele>1754.82</ele>
      </trkpt>
      <trkpt lon="7.41374339901893" lat="45.8534788959739">
        <ele>1754.08</ele>
      </trkpt>
      <trkpt lon="7.4137333198274" lat="45.8535388807377">
        <ele>1752</ele>
      </trkpt>
      <trkpt lon="7.41362334159016" lat="45.8535788445795">
        <ele>1751</ele>
      </trkpt>
      <trkpt lon="7.41346338069326" lat="45.8536688786571">
        <ele>1748.09</ele>
      </trkpt>
      <trkpt lon="7.41320329038992" lat="45.8537288109983">
        <ele>1745</ele>
      </trkpt>
      <trkpt lon="7.41305332852354" lat="45.853738879247">
        <ele>1744</ele>
      </trkpt>
      <trkpt lon="7.41297329400631" lat="45.8537088749298">
        <ele>1743.72</ele>
      </trkpt>
      <trkpt lon="7.41289335274662" lat="45.853738816585">
        <ele>1742.99</ele>
      </trkpt>
      <trkpt lon="7.41278330367269" lat="45.8537088453113">
        <ele>1744</ele>
      </trkpt>
      <trkpt lon="7.41230329617747" lat="45.8536888540423">
        <ele>1745</ele>
      </trkpt>
      <trkpt lon="7.41224327916801" lat="45.8536388771881">
        <ele>1742.76</ele>
      </trkpt>
      <trkpt lon="7.41224328948494" lat="45.8535388801965">
        <ele>1741.54</ele>
      </trkpt>
      <trkpt lon="7.4121932798413" lat="45.8534088486222">
        <ele>1740.47</ele>
      </trkpt>
      <trkpt lon="7.41219328638779" lat="45.853358894572">
        <ele>1741.63</ele>
      </trkpt>
      <trkpt lon="7.41207337360301" lat="45.8533088949149">
        <ele>1742</ele>
      </trkpt>
      <trkpt lon="7.4119332875534" lat="45.8532888541589">
        <ele>1743.78</ele>
      </trkpt>
      <trkpt lon="7.41178331814985" lat="45.85339882773">
        <ele>1742.5</ele>
      </trkpt>
      <trkpt lon="7.41178334612637" lat="45.8533888385869">
        <ele>1743.07</ele>
      </trkpt>
      <trkpt lon="7.41172328804564" lat="45.8534488478672">
        <ele>1740.9</ele>
      </trkpt>
      <trkpt lon="7.41171330865816" lat="45.8535188217752">
        <ele>1733.72</ele>
      </trkpt>
      <trkpt lon="7.41157328788593" lat="45.8535688994725">
        <ele>1734.5</ele>
      </trkpt>
      <trkpt lon="7.41152333320462" lat="45.8536088888962">
        <ele>1732.17</ele>
      </trkpt>
      <trkpt lon="7.4114632816722" lat="45.8536188524574">
        <ele>1732.1</ele>
      </trkpt>
      <trkpt lon="7.41146335627749" lat="45.8536388363004">
        <ele>1730.44</ele>
      </trkpt>
      <trkpt lon="7.41140335137201" lat="45.8536788645167">
        <ele>1728.29</ele>
      </trkpt>
      <trkpt lon="7.41125336053839" lat="45.8537488731807">
        <ele>1725.76</ele>
      </trkpt>
      <trkpt lon="7.41120340307923" lat="45.8537888626044">
        <ele>1723.13</ele>
      </trkpt>
      <trkpt lon="7.41099328987655" lat="45.8537988997141">
        <ele>1722.19</ele>
      </trkpt>
      <trkpt lon="7.41088338624468" lat="45.8538588446211">
        <ele>1719.54</ele>
      </trkpt>
      <trkpt lon="7.41082333193261" lat="45.8538688998512">
        <ele>1717.18</ele>
      </trkpt>
      <trkpt lon="7.41066338413239" lat="45.8538588452682">
        <ele>1714.48</ele>
      </trkpt>
      <trkpt lon="7.41061332409141" lat="45.8538888399919">
        <ele>1712.89</ele>
      </trkpt>
      <trkpt lon="7.41061334274179" lat="45.8539288937901">
        <ele>1711.93</ele>
      </trkpt>
      <trkpt lon="7.41058330576601" lat="45.8539388270856">
        <ele>1711</ele>
      </trkpt>
      <trkpt lon="7.41054337432141" lat="45.8539389017008">
        <ele>1710.22</ele>
      </trkpt>
      <trkpt lon="7.41049340475841" lat="45.853888883276">
        <ele>1709.18</ele>
      </trkpt>
      <trkpt lon="7.41033325179454" lat="45.8538588420708">
        <ele>1706.99</ele>
      </trkpt>
      <trkpt lon="7.4102832197301" lat="45.8538788476514">
        <ele>1705.19</ele>
      </trkpt>
      <trkpt lon="7.41028326635883" lat="45.8539088206376">
        <ele>1704.05</ele>
      </trkpt>
      <trkpt lon="7.41024325376241" lat="45.8539388654598">
        <ele>1702.83</ele>
      </trkpt>
      <trkpt lon="7.41011328698492" lat="45.8539388558675">
        <ele>1700.87</ele>
      </trkpt>
      <trkpt lon="7.41009330400026" lat="45.8538988852114">
        <ele>1700.98</ele>
      </trkpt>
      <trkpt lon="7.4100332804444" lat="45.8538988596294">
        <ele>1699.93</ele>
      </trkpt>
      <trkpt lon="7.4099032045385" lat="45.8539388121651">
        <ele>1695.94</ele>
      </trkpt>
      <trkpt lon="7.40991328650797" lat="45.8538788274015">
        <ele>1695.73</ele>
      </trkpt>
      <trkpt lon="7.40983320536213" lat="45.8538188500981">
        <ele>1694.71</ele>
      </trkpt>
      <trkpt lon="7.40971323007609" lat="45.8538388716683">
        <ele>1691.76</ele>
      </trkpt>
      <trkpt lon="7.40956323646486" lat="45.8537688295426">
        <ele>1689.74</ele>
      </trkpt>
      <trkpt lon="7.40939322911445" lat="45.8538088539156">
        <ele>1684.44</ele>
      </trkpt>
      <trkpt lon="7.40929326478806" lat="45.8537188951004">
        <ele>1684.14</ele>
      </trkpt>
      <trkpt lon="7.40923323190781" lat="45.8537688235686">
        <ele>1680.67</ele>
      </trkpt>
      <trkpt lon="7.40917318037361" lat="45.8537788787986">
        <ele>1678.98</ele>
      </trkpt>
      <trkpt lon="7.4091631888822" lat="45.8537588476361">
        <ele>1679.45</ele>
      </trkpt>
      <trkpt lon="7.40901321114359" lat="45.8537288565307">
        <ele>1676.32</ele>
      </trkpt>
      <trkpt lon="7.40892324108824" lat="45.8536588399869">
        <ele>1676.02</ele>
      </trkpt>
      <trkpt lon="7.40889320133287" lat="45.8536688621735">
        <ele>1674.68</ele>
      </trkpt>
      <trkpt lon="7.4088732556526" lat="45.8537088157758">
        <ele>1673.08</ele>
      </trkpt>
      <trkpt lon="7.40888324714401" lat="45.8537288469384">
        <ele>1672.75</ele>
      </trkpt>
      <trkpt lon="7.40884317581661" lat="45.8537788728246">
        <ele>1671.03</ele>
      </trkpt>
      <trkpt lon="7.40870323619815" lat="45.8537988858679">
        <ele>1666.64</ele>
      </trkpt>
      <trkpt lon="7.40869320085586" lat="45.8537488817192">
        <ele>1666.2</ele>
      </trkpt>
      <trkpt lon="7.40864320609422" lat="45.8537088524376">
        <ele>1665.08</ele>
      </trkpt>
      <trkpt lon="7.40853330623113" lat="45.8537188432943">
        <ele>1662.69</ele>
      </trkpt>
      <trkpt lon="7.40844329887308" lat="45.8537088588349">
        <ele>1662.22</ele>
      </trkpt>
      <trkpt lon="7.40834319744177" lat="45.8536688512907">
        <ele>1662.88</ele>
      </trkpt>
      <trkpt lon="7.4082532087359" lat="45.8536988289606">
        <ele>1659.68</ele>
      </trkpt>
      <trkpt lon="7.40817321806803" lat="45.8536988837428">
        <ele>1658.54</ele>
      </trkpt>
      <trkpt lon="7.40790319599574" lat="45.8536688386955">
        <ele>1657.02</ele>
      </trkpt>
      <trkpt lon="7.40773318209729" lat="45.853618857998">
        <ele>1658.67</ele>
      </trkpt>
      <trkpt lon="7.40763325507535" lat="45.8536088234412">
        <ele>1658.27</ele>
      </trkpt>
      <trkpt lon="7.40758325098754" lat="45.8536188371009">
        <ele>1658.08</ele>
      </trkpt>
      <trkpt lon="7.40751323593857" lat="45.8535988692475">
        <ele>1657.83</ele>
      </trkpt>
      <trkpt lon="7.40747327929708" lat="45.8536088441145">
        <ele>1657.02</ele>
      </trkpt>
      <trkpt lon="7.40719329093042" lat="45.8535488676528">
        <ele>1657.92</ele>
      </trkpt>
      <trkpt lon="7.40685318575217" lat="45.8535688759795">
        <ele>1653.76</ele>
      </trkpt>
      <trkpt lon="7.40679319295082" lat="45.8535588584766">
        <ele>1654.33</ele>
      </trkpt>
      <trkpt lon="7.40659322977678" lat="45.8535788403821">
        <ele>1651.5</ele>
      </trkpt>
      <trkpt lon="7.40628328003043" lat="45.8536388722425">
        <ele>1645.43</ele>
      </trkpt>
      <trkpt lon="7.40619327545212" lat="45.8536287961141">
        <ele>1643.94</ele>
      </trkpt>
      <trkpt lon="7.40614318743462" lat="45.8536687799807">
        <ele>1641.66</ele>
      </trkpt>
      <trkpt lon="7.40605318007671" lat="45.8536587927434">
        <ele>1641.24</ele>
      </trkpt>
      <trkpt lon="7.40601319268083" lat="45.8536787567535">
        <ele>1640</ele>
      </trkpt>
      <trkpt lon="7.40591320970402" lat="45.8536887921519">
        <ele>1638.37</ele>
      </trkpt>
      <trkpt lon="7.40591320037955" lat="45.853738746202">
        <ele>1635.3</ele>
      </trkpt>
      <trkpt lon="7.40598328169666" lat="45.8537788756807">
        <ele>1633.42</ele>
      </trkpt>
      <trkpt lon="7.40609325993507" lat="45.8538788765154">
        <ele>1628.95</ele>
      </trkpt>
      <trkpt lon="7.40627318139495" lat="45.8539788641383">
        <ele>1624.81</ele>
      </trkpt>
      <trkpt lon="7.40631323784045" lat="45.8539788811933">
        <ele>1625.13</ele>
      </trkpt>
      <trkpt lon="7.40633327677813" lat="45.8539988735633">
        <ele>1623.93</ele>
      </trkpt>
      <trkpt lon="7.40635329984335" lat="45.8539788121352">
        <ele>1624.83</ele>
      </trkpt>
      <trkpt lon="7.40640330392938" lat="45.8539688873667">
        <ele>1625.09</ele>
      </trkpt>
      <trkpt lon="7.40640324797622" lat="45.8539888684307">
        <ele>1624.08</ele>
      </trkpt>
      <trkpt lon="7.40632321722951" lat="45.854048866406">
        <ele>1621.69</ele>
      </trkpt>
      <trkpt lon="7.40626326827901" lat="45.8540688218892">
        <ele>1620.53</ele>
      </trkpt>
      <trkpt lon="7.40619325323008" lat="45.8540488540358">
        <ele>1620.58</ele>
      </trkpt>
      <trkpt lon="7.40614313445816" lat="45.8540988270455">
        <ele>1617.46</ele>
      </trkpt>
      <trkpt lon="7.40608308014622" lat="45.8541088794976">
        <ele>1616.17</ele>
      </trkpt>
      <trkpt lon="7.40606317176689" lat="45.8540888926846">
        <ele>1616.74</ele>
      </trkpt>
      <trkpt lon="7.40601309585351" lat="45.8540788308322">
        <ele>1616.78</ele>
      </trkpt>
      <trkpt lon="7.40594319926066" lat="45.8541088198079">
        <ele>1614.06</ele>
      </trkpt>
      <trkpt lon="7.40594314052789" lat="45.854128889763">
        <ele>1612.95</ele>
      </trkpt>
      <trkpt lon="7.405903153132" lat="45.8541488537731">
        <ele>1611.14</ele>
      </trkpt>
      <trkpt lon="7.40584315755283" lat="45.8541388362702">
        <ele>1611.31</ele>
      </trkpt>
      <trkpt lon="7.40583312875864" lat="45.854178837192">
        <ele>1609.05</ele>
      </trkpt>
      <trkpt lon="7.40586318160861" lat="45.8542088688036">
        <ele>1608.29</ele>
      </trkpt>
      <trkpt lon="7.40583308590008" lat="45.8542388720541">
        <ele>1606.47</ele>
      </trkpt>
      <trkpt lon="7.40572311143189" lat="45.8542288762899">
        <ele>1604.56</ele>
      </trkpt>
      <trkpt lon="7.40563308820152" lat="45.8541788352544">
        <ele>1604.92</ele>
      </trkpt>
      <trkpt lon="7.40561316771809" lat="45.8542088913826">
        <ele>1603.04</ele>
      </trkpt>
      <trkpt lon="7.4056231032581" lat="45.8542488119401">
        <ele>1601.61</ele>
      </trkpt>
      <trkpt lon="7.40552312028128" lat="45.8542588473384">
        <ele>1599.28</ele>
      </trkpt>
      <trkpt lon="7.40544317346434" lat="45.8542888723289">
        <ele>1596.43</ele>
      </trkpt>
      <trkpt lon="7.40540314221762" lat="45.8542788633528">
        <ele>1596.2</ele>
      </trkpt>
      <trkpt lon="7.40528316415396" lat="45.8542988793672">
        <ele>1593</ele>
      </trkpt>
      <trkpt lon="7.40519315679606" lat="45.8542888921299">
        <ele>1592.41</ele>
      </trkpt>
      <trkpt lon="7.40512318559799" lat="45.8542988972626">
        <ele>1590.09</ele>
      </trkpt>
      <trkpt lon="7.40508318232789" lat="45.8542788963656">
        <ele>1590.6</ele>
      </trkpt>
      <trkpt lon="7.40484317203473" lat="45.8542488154969">
        <ele>1585.43</ele>
      </trkpt>
      <trkpt lon="7.40460313197771" lat="45.8543188177327">
        <ele>1579.02</ele>
      </trkpt>
      <trkpt lon="7.40457314817554" lat="45.8543088588553">
        <ele>1578.89</ele>
      </trkpt>
      <trkpt lon="7.40442319186899" lat="45.8543187354322">
        <ele>1576.23</ele>
      </trkpt>
      <trkpt lon="7.4043631095805" lat="45.8543387770274">
        <ele>1575.06</ele>
      </trkpt>
      <trkpt lon="7.40421310386572" lat="45.8543187695092">
        <ele>1573.98</ele>
      </trkpt>
      <trkpt lon="7.40419311155672" lat="45.8543287501253">
        <ele>1572.56</ele>
      </trkpt>
      <trkpt lon="7.40407308964229" lat="45.8543187931536">
        <ele>1571.41</ele>
      </trkpt>
      <trkpt lon="7.40405319713723" lat="45.8543387684697">
        <ele>1569.82</ele>
      </trkpt>
      <trkpt lon="7.40410318912087" lat="45.8543787977514">
        <ele>1568.64</ele>
      </trkpt>
      <trkpt lon="7.40406320172498" lat="45.8543987617614">
        <ele>1566.68</ele>
      </trkpt>
      <trkpt lon="7.40372317670682" lat="45.854298783699">
        <ele>1561</ele>
      </trkpt>
      <trkpt lon="7.40366316624753" lat="45.8543387174682">
        <ele>1560.92</ele>
      </trkpt>
      <trkpt lon="7.40356312553196" lat="45.8544587390009">
        <ele>1560.12</ele>
      </trkpt>
      <trkpt lon="7.40340310133971" lat="45.8545187862026">
        <ele>1559</ele>
      </trkpt>
      <trkpt lon="7.40330314911916" lat="45.8545187407888">
        <ele>1558.24</ele>
      </trkpt>
      <trkpt lon="7.40299309123562" lat="45.8545687696153">
        <ele>1553.19</ele>
      </trkpt>
      <trkpt lon="7.40281317354617" lat="45.8545587842849">
        <ele>1551.54</ele>
      </trkpt>
      <trkpt lon="7.40257314837135" lat="45.8545787380237">
        <ele>1548.19</ele>
      </trkpt>
      <trkpt lon="7.40255310943367" lat="45.8545587484315">
        <ele>1548.43</ele>
      </trkpt>
      <trkpt lon="7.40233320712632" lat="45.8545687215554">
        <ele>1545.71</ele>
      </trkpt>
      <trkpt lon="7.40230312074235" lat="45.8545487707558">
        <ele>1545.8</ele>
      </trkpt>
      <trkpt lon="7.40212307348671" lat="45.8546287877166">
        <ele>1541.32</ele>
      </trkpt>
      <trkpt lon="7.40202309051179" lat="45.8546387314459">
        <ele>1541.58</ele>
      </trkpt>
      <trkpt lon="7.40200302637544" lat="45.8546287282189">
        <ele>1542.06</ele>
      </trkpt>
      <trkpt lon="7.40197308364624" lat="45.8546487423276">
        <ele>1540.98</ele>
      </trkpt>
      <trkpt lon="7.40185307760615" lat="45.8546787447071">
        <ele>1540.22</ele>
      </trkpt>
      <trkpt lon="7.40161298814287" lat="45.8547187684009">
        <ele>1538.82</ele>
      </trkpt>
      <trkpt lon="7.40153300025486" lat="45.8547187287362">
        <ele>1538.75</ele>
      </trkpt>
      <trkpt lon="7.40139306817567" lat="45.854778784466">
        <ele>1536.31</ele>
      </trkpt>
      <trkpt lon="7.40124304758079" lat="45.8548087282199">
        <ele>1535.09</ele>
      </trkpt>
      <trkpt lon="7.40096298837986" lat="45.8548187590959">
        <ele>1532.83</ele>
      </trkpt>
      <trkpt lon="7.4005930365073" lat="45.8547787489375">
        <ele>1528.97</ele>
      </trkpt>
      <trkpt lon="7.40047310408038" lat="45.8547387273118">
        <ele>1527.86</ele>
      </trkpt>
      <trkpt lon="7.40042299463303" lat="45.8547387462713">
        <ele>1526.84</ele>
      </trkpt>
      <trkpt lon="7.40042299463303" lat="45.8547387462713">
        <ele>1526.84</ele>
      </trkpt>
      <trkpt lon="7.40031297909224" lat="45.8546987719652">
        <ele>1525.87</ele>
      </trkpt>
      <trkpt lon="7.40013303342643" lat="45.8546987729998">
        <ele>1521.78</ele>
      </trkpt>
      <trkpt lon="7.3999329825514" lat="45.8546587978215">
        <ele>1519.16</ele>
      </trkpt>
      <trkpt lon="7.3999030705785" lat="45.8546687283402">
        <ele>1519</ele>
      </trkpt>
      <trkpt lon="7.3998930128155" lat="45.8546287161125">
        <ele>1518.57</ele>
      </trkpt>
      <trkpt lon="7.3998330424335" lat="45.8546087955797">
        <ele>1517.22</ele>
      </trkpt>
      <trkpt lon="7.39981303980785" lat="45.8545787223977">
        <ele>1516.52</ele>
      </trkpt>
      <trkpt lon="7.39976306091897" lat="45.8545787413585">
        <ele>1515.47</ele>
      </trkpt>
      <trkpt lon="7.39970302426709" lat="45.8545387480915">
        <ele>1515.33</ele>
      </trkpt>
      <trkpt lon="7.39959299384602" lat="45.8545487278354">
        <ele>1512.53</ele>
      </trkpt>
      <trkpt lon="7.3994930668227" lat="45.8545387766139">
        <ele>1510.16</ele>
      </trkpt>
      <trkpt lon="7.39942298272631" lat="45.8544987332484">
        <ele>1509.18</ele>
      </trkpt>
      <trkpt lon="7.39933310592712" lat="45.8544887432344">
        <ele>1506.94</ele>
      </trkpt>
      <trkpt lon="7.39929310543498" lat="45.8544687423374">
        <ele>1506.1</ele>
      </trkpt>
      <trkpt lon="7.39906308107647" lat="45.8544587676328">
        <ele>1501.05</ele>
      </trkpt>
      <trkpt lon="7.39899305114755" lat="45.8544887482737">
        <ele>1499.48</ele>
      </trkpt>
      <trkpt lon="7.39890301303549" lat="45.8544887474014">
        <ele>1496.99</ele>
      </trkpt>
      <trkpt lon="7.39873307652106" lat="45.8544587338796">
        <ele>1494</ele>
      </trkpt>
      <trkpt lon="7.39867303986927" lat="45.8544187378348">
        <ele>1493</ele>
      </trkpt>
      <trkpt lon="7.39858309124272" lat="45.8543887667556">
        <ele>1491.45</ele>
      </trkpt>
      <trkpt lon="7.39852303395581" lat="45.8542687547836">
        <ele>1488</ele>
      </trkpt>
      <trkpt lon="7.39852305439358" lat="45.8542187118425">
        <ele>1488.76</ele>
      </trkpt>
      <trkpt lon="7.39849299876416" lat="45.854188769122">
        <ele>1487.78</ele>
      </trkpt>
      <trkpt lon="7.39836304230411" lat="45.8542287994382">
        <ele>1485.37</ele>
      </trkpt>
      <trkpt lon="7.39831307651152" lat="45.854268783306">
        <ele>1483</ele>
      </trkpt>
      <trkpt lon="7.39815306720172" lat="45.8542787792327">
        <ele>1479.64</ele>
      </trkpt>
      <trkpt lon="7.39809306130438" lat="45.8542287940449">
        <ele>1476.25</ele>
      </trkpt>
      <trkpt lon="7.39808298290626" lat="45.8541087658901">
        <ele>1474.73</ele>
      </trkpt>
      <trkpt lon="7.39794300955703" lat="45.8540087869875">
        <ele>1473.59</ele>
      </trkpt>
      <trkpt lon="7.39769298535092" lat="45.8539687363231">
        <ele>1465.87</ele>
      </trkpt>
      <trkpt lon="7.39756298781802" lat="45.8539787936533">
        <ele>1460.86</ele>
      </trkpt>
      <trkpt lon="7.39752307681324" lat="45.8539287308804">
        <ele>1463.42</ele>
      </trkpt>
      <trkpt lon="7.39723305509027" lat="45.8539987381873">
        <ele>1450.77</ele>
      </trkpt>
      <trkpt lon="7.39720305085229" lat="45.8540387278041">
        <ele>1447.65</ele>
      </trkpt>
      <trkpt lon="7.39723307294754" lat="45.8540787541144">
        <ele>1446.68</ele>
      </trkpt>
      <trkpt lon="7.39720292049115" lat="45.8541687866711">
        <ele>1443.64</ele>
      </trkpt>
      <trkpt lon="7.39715291362573" lat="45.8541787947749">
        <ele>1442.9</ele>
      </trkpt>
      <trkpt lon="7.39714288661725" lat="45.8541287906263">
        <ele>1442.29</ele>
      </trkpt>
      <trkpt lon="7.39703299687413" lat="45.8540487625234">
        <ele>1441.37</ele>
      </trkpt>
      <trkpt lon="7.39695296791337" lat="45.8540187498725">
        <ele>1440.84</ele>
      </trkpt>
      <trkpt lon="7.39689288284725" lat="45.8540387859119">
        <ele>1437.37</ele>
      </trkpt>
      <trkpt lon="7.39658297318302" lat="45.8540387579089">
        <ele>1428.49</ele>
      </trkpt>
      <trkpt lon="7.39657289498232" lat="45.8540487858445">
        <ele>1427.26</ele>
      </trkpt>
      <trkpt lon="7.39649296582554" lat="45.8540287651157">
        <ele>1425.24</ele>
      </trkpt>
      <trkpt lon="7.39641294996115" lat="45.8540387118162">
        <ele>1421.91</ele>
      </trkpt>
      <trkpt lon="7.39635288255318" lat="45.8540087965834">
        <ele>1423.16</ele>
      </trkpt>
      <trkpt lon="7.39616290253779" lat="45.8540487929839">
        <ele>1414.92</ele>
      </trkpt>
      <trkpt lon="7.396132911197" lat="45.8539987775305">
        <ele>1418.04</ele>
      </trkpt>
      <trkpt lon="7.39592295375302" lat="45.8539988004971">
        <ele>1411.14</ele>
      </trkpt>
      <trkpt lon="7.39588295603885" lat="45.8539787968223">
        <ele>1411.55</ele>
      </trkpt>
      <trkpt lon="7.39579295146105" lat="45.8539687123602">
        <ele>1411.58</ele>
      </trkpt>
      <trkpt lon="7.39571297111211" lat="45.8540087209377">
        <ele>1406.53</ele>
      </trkpt>
      <trkpt lon="7.39566299222331" lat="45.8540087398985">
        <ele>1405.62</ele>
      </trkpt>
      <trkpt lon="7.39562289470518" lat="45.8539787443016">
        <ele>1408.26</ele>
      </trkpt>
      <trkpt lon="7.3954528994582" lat="45.8539687979569">
        <ele>1406.16</ele>
      </trkpt>
      <trkpt lon="7.39544295181771" lat="45.8539787370026">
        <ele>1405.22</ele>
      </trkpt>
      <trkpt lon="7.39548292155522" lat="45.8540087325982">
        <ele>1403.97</ele>
      </trkpt>
      <trkpt lon="7.39560287918056" lat="45.8540387678587">
        <ele>1402.91</ele>
      </trkpt>
      <trkpt lon="7.39562300204793" lat="45.8540287900217">
        <ele>1403.96</ele>
      </trkpt>
      <trkpt lon="7.39571295821484" lat="45.8540987287857">
        <ele>1399.33</ele>
      </trkpt>
      <trkpt lon="7.39575298668349" lat="45.8541087405396">
        <ele>1399.14</ele>
      </trkpt>
      <trkpt lon="7.39572291617382" lat="45.8541287490912">
        <ele>1397.15</ele>
      </trkpt>
      <trkpt lon="7.39566289261835" lat="45.8541287179534">
        <ele>1396.77</ele>
      </trkpt>
      <trkpt lon="7.39547290982519" lat="45.854168711576">
        <ele>1392.59</ele>
      </trkpt>
      <trkpt lon="7.39547297609506" lat="45.8541887843101">
        <ele>1391.22</ele>
      </trkpt>
      <trkpt lon="7.39553294845996" lat="45.8542487614188">
        <ele>1388.19</ele>
      </trkpt>
      <trkpt lon="7.39588294294391" lat="45.8544987628439">
        <ele>1374.44</ele>
      </trkpt>
      <trkpt lon="7.3957829982626" lat="45.8545387601166">
        <ele>1371.26</ele>
      </trkpt>
      <trkpt lon="7.39568288194993" lat="45.8545487871799">
        <ele>1370</ele>
      </trkpt>
      <trkpt lon="7.39566287932435" lat="45.8545187139979">
        <ele>1369.76</ele>
      </trkpt>
      <trkpt lon="7.39555288441894" lat="45.8545587500631">
        <ele>1366.97</ele>
      </trkpt>
      <trkpt lon="7.39540288426051" lat="45.8545387342112">
        <ele>1364.16</ele>
      </trkpt>
      <trkpt lon="7.39537296196746" lat="45.854508791492">
        <ele>1364.98</ele>
      </trkpt>
      <trkpt lon="7.39529290225237" lat="45.8544887652063">
        <ele>1365.24</ele>
      </trkpt>
      <trkpt lon="7.39528295461006" lat="45.854498795921">
        <ele>1364.16</ele>
      </trkpt>
      <trkpt lon="7.39524292336357" lat="45.854488784167">
        <ele>1364.21</ele>
      </trkpt>
      <trkpt lon="7.39520300501735" lat="45.8545287236865">
        <ele>1360.78</ele>
      </trkpt>
      <trkpt lon="7.39508298310348" lat="45.854518758381">
        <ele>1357.84</ele>
      </trkpt>
      <trkpt lon="7.39497292192817" lat="45.8545387244899">
        <ele>1354.13</ele>
      </trkpt>
      <trkpt lon="7.39491298785831" lat="45.8545087203673">
        <ele>1353.39</ele>
      </trkpt>
      <trkpt lon="7.39484291685664" lat="45.8545087252441">
        <ele>1352.08</ele>
      </trkpt>
      <trkpt lon="7.39489794069771" lat="45.8546287566123">
        <ele>1349.26</ele>
      </trkpt>
      <trkpt lon="7.39489794069771" lat="45.8546287566123">
        <ele>1349.26</ele>
      </trkpt>
      <trkpt lon="7.39452997954608" lat="45.8543586961688">
        <ele>1350.39</ele>
      </trkpt>
      <trkpt lon="7.39370994108468" lat="45.85411873489">
        <ele>1339.98</ele>
      </trkpt>
      <trkpt lon="7.39284991463377" lat="45.853648686808">
        <ele>1324.54</ele>
      </trkpt>
      <trkpt lon="7.39203989723066" lat="45.8520786528625">
        <ele>1328.9</ele>
      </trkpt>
      <trkpt lon="7.3909398910427" lat="45.8508785921988">
        <ele>1330.66</ele>
      </trkpt>
      <trkpt lon="7.39057996737123" lat="45.8506885588724">
        <ele>1321.74</ele>
      </trkpt>
      <trkpt lon="7.39031994532273" lat="45.8503885959366">
        <ele>1319.22</ele>
      </trkpt>
      <trkpt lon="7.38984994797293" lat="45.8486084904974">
        <ele>1304.98</ele>
      </trkpt>
      <trkpt lon="7.38840993899111" lat="45.8477285346954">
        <ele>1286.92</ele>
      </trkpt>
      <trkpt lon="7.38805824068396" lat="45.8476693908932">
        <ele>1278.37</ele>
      </trkpt>
      <trkpt lon="7.38795822825991" lat="45.8479036153327">
        <ele>1267.31</ele>
      </trkpt>
      <trkpt lon="7.38746573305614" lat="45.848090445874">
        <ele>1271.17</ele>
      </trkpt>
      <trkpt lon="7.38675529841256" lat="45.8476409164336">
        <ele>1268</ele>
      </trkpt>
      <trkpt lon="7.38675529841256" lat="45.8476409164336">
        <ele>1268</ele>
      </trkpt>
      <trkpt lon="7.38641984320369" lat="45.8475278103036">
        <ele>1270.23</ele>
      </trkpt>
      <trkpt lon="7.38623763071312" lat="45.8473932884464">
        <ele>1271.16</ele>
      </trkpt>
      <trkpt lon="7.38602395316672" lat="45.8472823529959">
        <ele>1272.01</ele>
      </trkpt>
      <trkpt lon="7.38523083612164" lat="45.8465532545256">
        <ele>1273.78</ele>
      </trkpt>
      <trkpt lon="7.38510775846703" lat="45.8464092135546">
        <ele>1273.78</ele>
      </trkpt>
      <trkpt lon="7.38491291014581" lat="45.8461063789564">
        <ele>1271.39</ele>
      </trkpt>
      <trkpt lon="7.38479137859926" lat="45.8460202339189">
        <ele>1270.03</ele>
      </trkpt>
      <trkpt lon="7.3846033596171" lat="45.8459263991527">
        <ele>1268.05</ele>
      </trkpt>
      <trkpt lon="7.38432644714881" lat="45.845824735548">
        <ele>1269</ele>
      </trkpt>
      <trkpt lon="7.38403016190306" lat="45.8457293691383">
        <ele>1270.55</ele>
      </trkpt>
      <trkpt lon="7.38381819958108" lat="45.8456930689382">
        <ele>1272.32</ele>
      </trkpt>
      <trkpt lon="7.38363713185272" lat="45.8456838475047">
        <ele>1273</ele>
      </trkpt>
      <trkpt lon="7.38352564589728" lat="45.8456911799445">
        <ele>1273</ele>
      </trkpt>
      <trkpt lon="7.38345641895926" lat="45.8457113520096">
        <ele>1273</ele>
      </trkpt>
      <trkpt lon="7.38340539757437" lat="45.8457520331065">
        <ele>1273</ele>
      </trkpt>
      <trkpt lon="7.38315355446121" lat="45.8462430515012">
        <ele>1272</ele>
      </trkpt>
      <trkpt lon="7.38316071097489" lat="45.846342790221">
        <ele>1272</ele>
      </trkpt>
      <trkpt lon="7.38319495449557" lat="45.846427701048">
        <ele>1272.52</ele>
      </trkpt>
      <trkpt lon="7.38322141279445" lat="45.8465990862235">
        <ele>1271</ele>
      </trkpt>
      <trkpt lon="7.38317105497368" lat="45.8466568788737">
        <ele>1270.88</ele>
      </trkpt>
      <trkpt lon="7.38301056347752" lat="45.846888622108">
        <ele>1270</ele>
      </trkpt>
      <trkpt lon="7.38289570110694" lat="45.8469635034572">
        <ele>1268</ele>
      </trkpt>
      <trkpt lon="7.38299267878989" lat="45.847216891404">
        <ele>1269</ele>
      </trkpt>
      <trkpt lon="7.38299188603444" lat="45.8472708844377">
        <ele>1269</ele>
      </trkpt>
      <trkpt lon="7.38296341776121" lat="45.847319985412">
        <ele>1269</ele>
      </trkpt>
      <trkpt lon="7.38238928099136" lat="45.847550374604">
        <ele>1266</ele>
      </trkpt>
      <trkpt lon="7.38231397118474" lat="45.8475403069513">
        <ele>1265</ele>
      </trkpt>
      <trkpt lon="7.38183813026148" lat="45.8472500477281">
        <ele>1262.5</ele>
      </trkpt>
      <trkpt lon="7.38170427042063" lat="45.8471761473272">
        <ele>1262</ele>
      </trkpt>
      <trkpt lon="7.38151568662159" lat="45.8471284720639">
        <ele>1263</ele>
      </trkpt>
      <trkpt lon="7.38139338393908" lat="45.8471267375013">
        <ele>1263</ele>
      </trkpt>
      <trkpt lon="7.38120901815916" lat="45.8471556281172">
        <ele>1264</ele>
      </trkpt>
      <trkpt lon="7.38099116680432" lat="45.8472600092195">
        <ele>1263.64</ele>
      </trkpt>
      <trkpt lon="7.38094773125222" lat="45.84732320763">
        <ele>1262.45</ele>
      </trkpt>
      <trkpt lon="7.38090568544009" lat="45.8474850724549">
        <ele>1264.31</ele>
      </trkpt>
      <trkpt lon="7.38087982862629" lat="45.8475195397486">
        <ele>1265.48</ele>
      </trkpt>
      <trkpt lon="7.38080381214867" lat="45.847564904056">
        <ele>1267.17</ele>
      </trkpt>
      <trkpt lon="7.38013390085532" lat="45.8479440544407">
        <ele>1276.99</ele>
      </trkpt>
      <trkpt lon="7.38076968870208" lat="45.8480084205735">
        <ele>1291.81</ele>
      </trkpt>
      <trkpt lon="7.38057969876734" lat="45.8484084150284">
        <ele>1304</ele>
      </trkpt>
      <trkpt lon="7.38214234750847" lat="45.8493814743914">
        <ele>1342.91</ele>
      </trkpt>
      <trkpt lon="7.38169978952233" lat="45.8495684470863">
        <ele>1354</ele>
      </trkpt>
      <trkpt lon="7.3815696949641" lat="45.8498485029569">
        <ele>1350.64</ele>
      </trkpt>
      <trkpt lon="7.38167900812649" lat="45.8498675128336">
        <ele>1351.69</ele>
      </trkpt>
      <trkpt lon="7.3821382379537" lat="45.8499984067276">
        <ele>1360</ele>
      </trkpt>
      <trkpt lon="7.38222246490838" lat="45.8499941991033">
        <ele>1360.05</ele>
      </trkpt>
      <trkpt lon="7.38238092943889" lat="45.8501392848888">
        <ele>1359.75</ele>
      </trkpt>
      <trkpt lon="7.38246060944017" lat="45.8502564303106">
        <ele>1360</ele>
      </trkpt>
      <trkpt lon="7.38251652118656" lat="45.8502870149645">
        <ele>1359.82</ele>
      </trkpt>
      <trkpt lon="7.38247061108894" lat="45.850324526586">
        <ele>1360</ele>
      </trkpt>
      <trkpt lon="7.38240146485627" lat="45.8503372290172">
        <ele>1360</ele>
      </trkpt>
      <trkpt lon="7.38234132234425" lat="45.8504524841471">
        <ele>1361.86</ele>
      </trkpt>
      <trkpt lon="7.38221596936352" lat="45.8507423292022">
        <ele>1365.02</ele>
      </trkpt>
      <trkpt lon="7.38219832607391" lat="45.8508043639443">
        <ele>1365.95</ele>
      </trkpt>
      <trkpt lon="7.38218876870132" lat="45.8508852325777">
        <ele>1366.42</ele>
      </trkpt>
      <trkpt lon="7.38218971249132" lat="45.8509192695647">
        <ele>1367</ele>
      </trkpt>
    </trkseg>
  </trk>
</gpx>
