<?xml version="1.0" encoding="UTF-8"?>
<gpx version="1.1" creator="sentieri-vda" xmlns="http://www.topografix.com/GPX/1/1">
  <metadata>
    <name>TAPPA 11: Rifugio Cuney - Oyace</name>
    <desc>Catasto Sentieri VdA — AV1_S11</desc>
    <author><name>Regione Autonoma Valle d'Aosta</name></author>
  </metadata>
  <trk>
    <name>TAPPA 11: Rifugio Cuney - Oyace</name>
    <src>Catasto Sentieri VdA (AV1_S11)</src>
    <trkseg>
      <trkpt lat="45.8417283" lon="7.4855000">
        <ele>2653</ele>
      </trkpt>
      <trkpt lat="45.8417077" lon="7.4854932">
        <ele>2652</ele>
      </trkpt>
      <trkpt lat="45.8416710" lon="7.4854904">
        <ele>2651</ele>
      </trkpt>
      <trkpt lat="45.8416391" lon="7.4855970">
        <ele>2650</ele>
      </trkpt>
      <trkpt lat="45.8415128" lon="7.4856607">
        <ele>2649</ele>
      </trkpt>
      <trkpt lat="45.8414771" lon="7.4856954">
        <ele>2648</ele>
      </trkpt>
      <trkpt lat="45.8414562" lon="7.4857573">
        <ele>2647</ele>
      </trkpt>
      <trkpt lat="45.8414062" lon="7.4857873">
        <ele>2647</ele>
      </trkpt>
      <trkpt lat="45.8413598" lon="7.4857685">
        <ele>2646</ele>
      </trkpt>
      <trkpt lat="45.8413347" lon="7.4857880">
        <ele>2645</ele>
      </trkpt>
      <trkpt lat="45.8412842" lon="7.4857499">
        <ele>2644</ele>
      </trkpt>
      <trkpt lat="45.8412521" lon="7.4856307">
        <ele>2643</ele>
      </trkpt>
      <trkpt lat="45.8412592" lon="7.4855540">
        <ele>2642</ele>
      </trkpt>
      <trkpt lat="45.8412031" lon="7.4855667">
        <ele>2641</ele>
      </trkpt>
      <trkpt lat="45.8411558" lon="7.4856231">
        <ele>2640</ele>
      </trkpt>
      <trkpt lat="45.8411465" lon="7.4856744">
        <ele>2639</ele>
      </trkpt>
      <trkpt lat="45.8411451" lon="7.4857068">
        <ele>2638</ele>
      </trkpt>
      <trkpt lat="45.8411487" lon="7.4857793">
        <ele>2637</ele>
      </trkpt>
      <trkpt lat="45.8411524" lon="7.4858466">
        <ele>2636</ele>
      </trkpt>
      <trkpt lat="45.8411643" lon="7.4859253">
        <ele>2635</ele>
      </trkpt>
      <trkpt lat="45.8411551" lon="7.4859852">
        <ele>2635</ele>
      </trkpt>
      <trkpt lat="45.8411664" lon="7.4860186">
        <ele>2634</ele>
      </trkpt>
      <trkpt lat="45.8411813" lon="7.4860519">
        <ele>2633</ele>
      </trkpt>
      <trkpt lat="45.8411849" lon="7.4861114">
        <ele>2632</ele>
      </trkpt>
      <trkpt lat="45.8411848" lon="7.4861736">
        <ele>2631</ele>
      </trkpt>
      <trkpt lat="45.8411836" lon="7.4862229">
        <ele>2630</ele>
      </trkpt>
      <trkpt lat="45.8411897" lon="7.4862694">
        <ele>2629</ele>
      </trkpt>
      <trkpt lat="45.8411989" lon="7.4863482">
        <ele>2628</ele>
      </trkpt>
      <trkpt lat="45.8412040" lon="7.4863947">
        <ele>2627</ele>
      </trkpt>
      <trkpt lat="45.8411975" lon="7.4864506">
        <ele>2626</ele>
      </trkpt>
      <trkpt lat="45.8412076" lon="7.4865307">
        <ele>2625</ele>
      </trkpt>
      <trkpt lat="45.8412420" lon="7.4865447">
        <ele>2624</ele>
      </trkpt>
      <trkpt lat="45.8412629" lon="7.4866206">
        <ele>2623</ele>
      </trkpt>
      <trkpt lat="45.8412806" lon="7.4867212">
        <ele>2622</ele>
      </trkpt>
      <trkpt lat="45.8412931" lon="7.4867805">
        <ele>2622</ele>
      </trkpt>
      <trkpt lat="45.8412953" lon="7.4868102">
        <ele>2621</ele>
      </trkpt>
      <trkpt lat="45.8412882" lon="7.4868699">
        <ele>2620</ele>
      </trkpt>
      <trkpt lat="45.8412847" lon="7.4868987">
        <ele>2619</ele>
      </trkpt>
      <trkpt lat="45.8412819" lon="7.4869545">
        <ele>2618</ele>
      </trkpt>
      <trkpt lat="45.8412840" lon="7.4869829">
        <ele>2617</ele>
      </trkpt>
      <trkpt lat="45.8412758" lon="7.4870415">
        <ele>2616</ele>
      </trkpt>
      <trkpt lat="45.8413103" lon="7.4871222">
        <ele>2615</ele>
      </trkpt>
      <trkpt lat="45.8413482" lon="7.4871756">
        <ele>2614</ele>
      </trkpt>
      <trkpt lat="45.8413751" lon="7.4872202">
        <ele>2613</ele>
      </trkpt>
      <trkpt lat="45.8414126" lon="7.4872477">
        <ele>2612</ele>
      </trkpt>
      <trkpt lat="45.8414284" lon="7.4872946">
        <ele>2611</ele>
      </trkpt>
      <trkpt lat="45.8414338" lon="7.4873631">
        <ele>2610</ele>
      </trkpt>
      <trkpt lat="45.8414524" lon="7.4874715">
        <ele>2610</ele>
      </trkpt>
      <trkpt lat="45.8414686" lon="7.4875281">
        <ele>2609</ele>
      </trkpt>
      <trkpt lat="45.8414818" lon="7.4875718">
        <ele>2608</ele>
      </trkpt>
      <trkpt lat="45.8415335" lon="7.4876417">
        <ele>2607</ele>
      </trkpt>
      <trkpt lat="45.8415883" lon="7.4876765">
        <ele>2606</ele>
      </trkpt>
      <trkpt lat="45.8416283" lon="7.4876800">
        <ele>2605</ele>
      </trkpt>
      <trkpt lat="45.8416683" lon="7.4876700">
        <ele>2604</ele>
      </trkpt>
      <trkpt lat="45.8417382" lon="7.4877100">
        <ele>2603</ele>
      </trkpt>
      <trkpt lat="45.8417083" lon="7.4876100">
        <ele>2602</ele>
      </trkpt>
      <trkpt lat="45.8417882" lon="7.4876100">
        <ele>2601</ele>
      </trkpt>
      <trkpt lat="45.8419082" lon="7.4876700">
        <ele>2600</ele>
      </trkpt>
      <trkpt lat="45.8419282" lon="7.4877100">
        <ele>2599</ele>
      </trkpt>
      <trkpt lat="45.8418982" lon="7.4877400">
        <ele>2598</ele>
      </trkpt>
      <trkpt lat="45.8418682" lon="7.4878600">
        <ele>2598</ele>
      </trkpt>
      <trkpt lat="45.8418682" lon="7.4880200">
        <ele>2597</ele>
      </trkpt>
      <trkpt lat="45.8418982" lon="7.4881500">
        <ele>2596</ele>
      </trkpt>
      <trkpt lat="45.8418682" lon="7.4882200">
        <ele>2595</ele>
      </trkpt>
      <trkpt lat="45.8418582" lon="7.4883300">
        <ele>2594</ele>
      </trkpt>
      <trkpt lat="45.8418082" lon="7.4885400">
        <ele>2593</ele>
      </trkpt>
      <trkpt lat="45.8418582" lon="7.4887200">
        <ele>2592</ele>
      </trkpt>
      <trkpt lat="45.8418882" lon="7.4887800">
        <ele>2591</ele>
      </trkpt>
      <trkpt lat="45.8418782" lon="7.4888000">
        <ele>2590</ele>
      </trkpt>
      <trkpt lat="45.8419182" lon="7.4888700">
        <ele>2589</ele>
      </trkpt>
      <trkpt lat="45.8418182" lon="7.4889700">
        <ele>2588</ele>
      </trkpt>
      <trkpt lat="45.8417379" lon="7.4890154">
        <ele>2587</ele>
      </trkpt>
      <trkpt lat="45.8417095" lon="7.4890576">
        <ele>2586</ele>
      </trkpt>
      <trkpt lat="45.8416826" lon="7.4890752">
        <ele>2586</ele>
      </trkpt>
      <trkpt lat="45.8416502" lon="7.4890903">
        <ele>2585</ele>
      </trkpt>
      <trkpt lat="45.8416288" lon="7.4891155">
        <ele>2584</ele>
      </trkpt>
      <trkpt lat="45.8416162" lon="7.4891262">
        <ele>2583</ele>
      </trkpt>
      <trkpt lat="45.8415926" lon="7.4891191">
        <ele>2582</ele>
      </trkpt>
      <trkpt lat="45.8415682" lon="7.4891223">
        <ele>2581</ele>
      </trkpt>
      <trkpt lat="45.8415114" lon="7.4891433">
        <ele>2580</ele>
      </trkpt>
      <trkpt lat="45.8414735" lon="7.4891599">
        <ele>2579</ele>
      </trkpt>
      <trkpt lat="45.8414339" lon="7.4891791">
        <ele>2578</ele>
      </trkpt>
      <trkpt lat="45.8413982" lon="7.4892000">
        <ele>2577</ele>
      </trkpt>
      <trkpt lat="45.8413608" lon="7.4892485">
        <ele>2576</ele>
      </trkpt>
      <trkpt lat="45.8412880" lon="7.4892893">
        <ele>2575</ele>
      </trkpt>
      <trkpt lat="45.8412655" lon="7.4893068">
        <ele>2574</ele>
      </trkpt>
      <trkpt lat="45.8412230" lon="7.4893080">
        <ele>2573</ele>
      </trkpt>
      <trkpt lat="45.8411785" lon="7.4893014">
        <ele>2573</ele>
      </trkpt>
      <trkpt lat="45.8411658" lon="7.4893328">
        <ele>2572</ele>
      </trkpt>
      <trkpt lat="45.8411554" lon="7.4893720">
        <ele>2571</ele>
      </trkpt>
      <trkpt lat="45.8411484" lon="7.4893903">
        <ele>2570</ele>
      </trkpt>
      <trkpt lat="45.8411311" lon="7.4893830">
        <ele>2569</ele>
      </trkpt>
      <trkpt lat="45.8411099" lon="7.4893525">
        <ele>2568</ele>
      </trkpt>
      <trkpt lat="45.8410670" lon="7.4893329">
        <ele>2567</ele>
      </trkpt>
      <trkpt lat="45.8410315" lon="7.4893144">
        <ele>2566</ele>
      </trkpt>
      <trkpt lat="45.8409915" lon="7.4893026">
        <ele>2565</ele>
      </trkpt>
      <trkpt lat="45.8409385" lon="7.4892742">
        <ele>2564</ele>
      </trkpt>
      <trkpt lat="45.8408983" lon="7.4892429">
        <ele>2563</ele>
      </trkpt>
      <trkpt lat="45.8408706" lon="7.4892047">
        <ele>2562</ele>
      </trkpt>
      <trkpt lat="45.8408391" lon="7.4891486">
        <ele>2561</ele>
      </trkpt>
      <trkpt lat="45.8407984" lon="7.4890677">
        <ele>2561</ele>
      </trkpt>
      <trkpt lat="45.8407533" lon="7.4889458">
        <ele>2560</ele>
      </trkpt>
      <trkpt lat="45.8407229" lon="7.4888390">
        <ele>2559</ele>
      </trkpt>
      <trkpt lat="45.8407127" lon="7.4887551">
        <ele>2558</ele>
      </trkpt>
      <trkpt lat="45.8406678" lon="7.4887174">
        <ele>2557</ele>
      </trkpt>
      <trkpt lat="45.8406252" lon="7.4886499">
        <ele>2556</ele>
      </trkpt>
      <trkpt lat="45.8406028" lon="7.4886336">
        <ele>2555</ele>
      </trkpt>
      <trkpt lat="45.8405637" lon="7.4886230">
        <ele>2554</ele>
      </trkpt>
      <trkpt lat="45.8404796" lon="7.4885618">
        <ele>2553</ele>
      </trkpt>
      <trkpt lat="45.8403971" lon="7.4884888">
        <ele>2552</ele>
      </trkpt>
      <trkpt lat="45.8403427" lon="7.4884177">
        <ele>2551</ele>
      </trkpt>
      <trkpt lat="45.8403061" lon="7.4883705">
        <ele>2550</ele>
      </trkpt>
      <trkpt lat="45.8402267" lon="7.4882624">
        <ele>2549</ele>
      </trkpt>
      <trkpt lat="45.8401844" lon="7.4881456">
        <ele>2549</ele>
      </trkpt>
      <trkpt lat="45.8401283" lon="7.4879900">
        <ele>2548</ele>
      </trkpt>
      <trkpt lat="45.8400781" lon="7.4878806">
        <ele>2547</ele>
      </trkpt>
      <trkpt lat="45.8400119" lon="7.4876037">
        <ele>2546</ele>
      </trkpt>
      <trkpt lat="45.8399545" lon="7.4874896">
        <ele>2545</ele>
      </trkpt>
      <trkpt lat="45.8399348" lon="7.4873735">
        <ele>2544</ele>
      </trkpt>
      <trkpt lat="45.8398683" lon="7.4873100">
        <ele>2543</ele>
      </trkpt>
      <trkpt lat="45.8398651" lon="7.4873023">
        <ele>2542</ele>
      </trkpt>
      <trkpt lat="45.8398003" lon="7.4872524">
        <ele>2541</ele>
      </trkpt>
      <trkpt lat="45.8397629" lon="7.4871614">
        <ele>2540</ele>
      </trkpt>
      <trkpt lat="45.8397385" lon="7.4871011">
        <ele>2539</ele>
      </trkpt>
      <trkpt lat="45.8397173" lon="7.4870693">
        <ele>2538</ele>
      </trkpt>
      <trkpt lat="45.8396771" lon="7.4870471">
        <ele>2537</ele>
      </trkpt>
      <trkpt lat="45.8396174" lon="7.4870552">
        <ele>2537</ele>
      </trkpt>
      <trkpt lat="45.8395846" lon="7.4870431">
        <ele>2536</ele>
      </trkpt>
      <trkpt lat="45.8395561" lon="7.4870050">
        <ele>2535</ele>
      </trkpt>
      <trkpt lat="45.8395245" lon="7.4869501">
        <ele>2534</ele>
      </trkpt>
      <trkpt lat="45.8394571" lon="7.4869221">
        <ele>2533</ele>
      </trkpt>
      <trkpt lat="45.8393991" lon="7.4868832">
        <ele>2532</ele>
      </trkpt>
      <trkpt lat="45.8393112" lon="7.4868778">
        <ele>2531</ele>
      </trkpt>
      <trkpt lat="45.8392545" lon="7.4868443">
        <ele>2530</ele>
      </trkpt>
      <trkpt lat="45.8391880" lon="7.4868138">
        <ele>2529</ele>
      </trkpt>
      <trkpt lat="45.8391028" lon="7.4868070">
        <ele>2528</ele>
      </trkpt>
      <trkpt lat="45.8390172" lon="7.4868067">
        <ele>2527</ele>
      </trkpt>
      <trkpt lat="45.8389418" lon="7.4867919">
        <ele>2526</ele>
      </trkpt>
      <trkpt lat="45.8388791" lon="7.4867755">
        <ele>2525</ele>
      </trkpt>
      <trkpt lat="45.8387964" lon="7.4867596">
        <ele>2525</ele>
      </trkpt>
      <trkpt lat="45.8387419" lon="7.4867455">
        <ele>2524</ele>
      </trkpt>
      <trkpt lat="45.8386421" lon="7.4867041">
        <ele>2523</ele>
      </trkpt>
      <trkpt lat="45.8385734" lon="7.4867125">
        <ele>2522</ele>
      </trkpt>
      <trkpt lat="45.8385208" lon="7.4867048">
        <ele>2521</ele>
      </trkpt>
      <trkpt lat="45.8384898" lon="7.4866953">
        <ele>2520</ele>
      </trkpt>
      <trkpt lat="45.8384269" lon="7.4867294">
        <ele>2519</ele>
      </trkpt>
      <trkpt lat="45.8383267" lon="7.4867917">
        <ele>2518</ele>
      </trkpt>
      <trkpt lat="45.8382663" lon="7.4868128">
        <ele>2517</ele>
      </trkpt>
      <trkpt lat="45.8381821" lon="7.4868177">
        <ele>2516</ele>
      </trkpt>
      <trkpt lat="45.8381151" lon="7.4868182">
        <ele>2515</ele>
      </trkpt>
      <trkpt lat="45.8380082" lon="7.4868000">
        <ele>2514</ele>
      </trkpt>
      <trkpt lat="45.8378783" lon="7.4867800">
        <ele>2513</ele>
      </trkpt>
      <trkpt lat="45.8376183" lon="7.4868200">
        <ele>2512</ele>
      </trkpt>
      <trkpt lat="45.8375414" lon="7.4868189">
        <ele>2512</ele>
      </trkpt>
      <trkpt lat="45.8374977" lon="7.4867967">
        <ele>2511</ele>
      </trkpt>
      <trkpt lat="45.8374553" lon="7.4867409">
        <ele>2510</ele>
      </trkpt>
      <trkpt lat="45.8373856" lon="7.4866805">
        <ele>2509</ele>
      </trkpt>
      <trkpt lat="45.8373483" lon="7.4866500">
        <ele>2508</ele>
      </trkpt>
      <trkpt lat="45.8372887" lon="7.4866650">
        <ele>2507</ele>
      </trkpt>
      <trkpt lat="45.8372583" lon="7.4867101">
        <ele>2506</ele>
      </trkpt>
      <trkpt lat="45.8372201" lon="7.4867330">
        <ele>2505</ele>
      </trkpt>
      <trkpt lat="45.8371895" lon="7.4867494">
        <ele>2504</ele>
      </trkpt>
      <trkpt lat="45.8370958" lon="7.4867908">
        <ele>2503</ele>
      </trkpt>
      <trkpt lat="45.8370302" lon="7.4867951">
        <ele>2502</ele>
      </trkpt>
      <trkpt lat="45.8369752" lon="7.4868122">
        <ele>2501</ele>
      </trkpt>
      <trkpt lat="45.8368729" lon="7.4868201">
        <ele>2500</ele>
      </trkpt>
      <trkpt lat="45.8368096" lon="7.4868283">
        <ele>2500</ele>
      </trkpt>
      <trkpt lat="45.8367832" lon="7.4868161">
        <ele>2499</ele>
      </trkpt>
      <trkpt lat="45.8366536" lon="7.4868416">
        <ele>2498</ele>
      </trkpt>
      <trkpt lat="45.8365594" lon="7.4868442">
        <ele>2497</ele>
      </trkpt>
      <trkpt lat="45.8364268" lon="7.4868232">
        <ele>2496</ele>
      </trkpt>
      <trkpt lat="45.8363424" lon="7.4868073">
        <ele>2495</ele>
      </trkpt>
      <trkpt lat="45.8362551" lon="7.4867838">
        <ele>2494</ele>
      </trkpt>
      <trkpt lat="45.8362006" lon="7.4867736">
        <ele>2493</ele>
      </trkpt>
      <trkpt lat="45.8361062" lon="7.4867488">
        <ele>2492</ele>
      </trkpt>
      <trkpt lat="45.8360883" lon="7.4867500">
        <ele>2491</ele>
      </trkpt>
      <trkpt lat="45.8360390" lon="7.4867598">
        <ele>2490</ele>
      </trkpt>
      <trkpt lat="45.8359751" lon="7.4867901">
        <ele>2489</ele>
      </trkpt>
      <trkpt lat="45.8359308" lon="7.4867964">
        <ele>2488</ele>
      </trkpt>
      <trkpt lat="45.8358235" lon="7.4868343">
        <ele>2488</ele>
      </trkpt>
      <trkpt lat="45.8357465" lon="7.4868403">
        <ele>2487</ele>
      </trkpt>
      <trkpt lat="45.8356822" lon="7.4868395">
        <ele>2486</ele>
      </trkpt>
      <trkpt lat="45.8356158" lon="7.4868218">
        <ele>2485</ele>
      </trkpt>
      <trkpt lat="45.8354599" lon="7.4867794">
        <ele>2484</ele>
      </trkpt>
      <trkpt lat="45.8353807" lon="7.4867466">
        <ele>2483</ele>
      </trkpt>
      <trkpt lat="45.8353482" lon="7.4867200">
        <ele>2482</ele>
      </trkpt>
      <trkpt lat="45.8352282" lon="7.4866100">
        <ele>2481</ele>
      </trkpt>
      <trkpt lat="45.8351082" lon="7.4865500">
        <ele>2480</ele>
      </trkpt>
      <trkpt lat="45.8348682" lon="7.4865500">
        <ele>2479</ele>
      </trkpt>
      <trkpt lat="45.8347782" lon="7.4865300">
        <ele>2478</ele>
      </trkpt>
      <trkpt lat="45.8346682" lon="7.4865400">
        <ele>2477</ele>
      </trkpt>
      <trkpt lat="45.8344371" lon="7.4866361">
        <ele>2476</ele>
      </trkpt>
      <trkpt lat="45.8344020" lon="7.4866487">
        <ele>2476</ele>
      </trkpt>
      <trkpt lat="45.8342939" lon="7.4866957">
        <ele>2475</ele>
      </trkpt>
      <trkpt lat="45.8341884" lon="7.4867374">
        <ele>2474</ele>
      </trkpt>
      <trkpt lat="45.8341054" lon="7.4867604">
        <ele>2473</ele>
      </trkpt>
      <trkpt lat="45.8340589" lon="7.4867694">
        <ele>2472</ele>
      </trkpt>
      <trkpt lat="45.8339946" lon="7.4867686">
        <ele>2471</ele>
      </trkpt>
      <trkpt lat="45.8339435" lon="7.4867466">
        <ele>2470</ele>
      </trkpt>
      <trkpt lat="45.8338815" lon="7.4867146">
        <ele>2469</ele>
      </trkpt>
      <trkpt lat="45.8338118" lon="7.4866491">
        <ele>2468</ele>
      </trkpt>
      <trkpt lat="45.8337513" lon="7.4865963">
        <ele>2467</ele>
      </trkpt>
      <trkpt lat="45.8337089" lon="7.4865729">
        <ele>2466</ele>
      </trkpt>
      <trkpt lat="45.8336476" lon="7.4865292">
        <ele>2465</ele>
      </trkpt>
      <trkpt lat="45.8335283" lon="7.4864700">
        <ele>2464</ele>
      </trkpt>
      <trkpt lat="45.8334308" lon="7.4864600">
        <ele>2463</ele>
      </trkpt>
      <trkpt lat="45.8334177" lon="7.4864732">
        <ele>2463</ele>
      </trkpt>
      <trkpt lat="45.8333958" lon="7.4864803">
        <ele>2462</ele>
      </trkpt>
      <trkpt lat="45.8333535" lon="7.4864983">
        <ele>2461</ele>
      </trkpt>
      <trkpt lat="45.8333271" lon="7.4864899">
        <ele>2460</ele>
      </trkpt>
      <trkpt lat="45.8332492" lon="7.4864946">
        <ele>2459</ele>
      </trkpt>
      <trkpt lat="45.8331860" lon="7.4865054">
        <ele>2458</ele>
      </trkpt>
      <trkpt lat="45.8331108" lon="7.4865036">
        <ele>2457</ele>
      </trkpt>
      <trkpt lat="45.8330687" lon="7.4865449">
        <ele>2456</ele>
      </trkpt>
      <trkpt lat="45.8330298" lon="7.4865835">
        <ele>2455</ele>
      </trkpt>
      <trkpt lat="45.8329406" lon="7.4866131">
        <ele>2454</ele>
      </trkpt>
      <trkpt lat="45.8328573" lon="7.4866893">
        <ele>2453</ele>
      </trkpt>
      <trkpt lat="45.8328184" lon="7.4867253">
        <ele>2452</ele>
      </trkpt>
      <trkpt lat="45.8327682" lon="7.4867642">
        <ele>2451</ele>
      </trkpt>
      <trkpt lat="45.8326915" lon="7.4867884">
        <ele>2451</ele>
      </trkpt>
      <trkpt lat="45.8326691" lon="7.4868058">
        <ele>2450</ele>
      </trkpt>
      <trkpt lat="45.8325980" lon="7.4868427">
        <ele>2449</ele>
      </trkpt>
      <trkpt lat="45.8325212" lon="7.4868604">
        <ele>2448</ele>
      </trkpt>
      <trkpt lat="45.8324551" lon="7.4869244">
        <ele>2447</ele>
      </trkpt>
      <trkpt lat="45.8323883" lon="7.4869601">
        <ele>2446</ele>
      </trkpt>
      <trkpt lat="45.8322983" lon="7.4870701">
        <ele>2445</ele>
      </trkpt>
      <trkpt lat="45.8321783" lon="7.4871000">
        <ele>2444</ele>
      </trkpt>
      <trkpt lat="45.8319774" lon="7.4872385">
        <ele>2443</ele>
      </trkpt>
      <trkpt lat="45.8318374" lon="7.4872885">
        <ele>2442</ele>
      </trkpt>
      <trkpt lat="45.8318085" lon="7.4872976">
        <ele>2441</ele>
      </trkpt>
      <trkpt lat="45.8316986" lon="7.4873676">
        <ele>2440</ele>
      </trkpt>
      <trkpt lat="45.8315458" lon="7.4874654">
        <ele>2439</ele>
      </trkpt>
      <trkpt lat="45.8313889" lon="7.4875915">
        <ele>2439</ele>
      </trkpt>
      <trkpt lat="45.8313459" lon="7.4875589">
        <ele>2438</ele>
      </trkpt>
      <trkpt lat="45.8312553" lon="7.4874875">
        <ele>2437</ele>
      </trkpt>
      <trkpt lat="45.8311212" lon="7.4874147">
        <ele>2436</ele>
      </trkpt>
      <trkpt lat="45.8310482" lon="7.4873100">
        <ele>2435</ele>
      </trkpt>
      <trkpt lat="45.8307082" lon="7.4871500">
        <ele>2434</ele>
      </trkpt>
      <trkpt lat="45.8306675" lon="7.4871701">
        <ele>2433</ele>
      </trkpt>
      <trkpt lat="45.8306396" lon="7.4871825">
        <ele>2432</ele>
      </trkpt>
      <trkpt lat="45.8306022" lon="7.4871654">
        <ele>2431</ele>
      </trkpt>
      <trkpt lat="45.8305570" lon="7.4870992">
        <ele>2430</ele>
      </trkpt>
      <trkpt lat="45.8305406" lon="7.4870704">
        <ele>2429</ele>
      </trkpt>
      <trkpt lat="45.8305180" lon="7.4870303">
        <ele>2428</ele>
      </trkpt>
      <trkpt lat="45.8304461" lon="7.4869377">
        <ele>2427</ele>
      </trkpt>
      <trkpt lat="45.8303651" lon="7.4869113">
        <ele>2427</ele>
      </trkpt>
      <trkpt lat="45.8303209" lon="7.4868899">
        <ele>2426</ele>
      </trkpt>
      <trkpt lat="45.8302899" lon="7.4868700">
        <ele>2425</ele>
      </trkpt>
      <trkpt lat="45.8302523" lon="7.4867699">
        <ele>2424</ele>
      </trkpt>
      <trkpt lat="45.8302334" lon="7.4867134">
        <ele>2423</ele>
      </trkpt>
      <trkpt lat="45.8301778" lon="7.4866126">
        <ele>2422</ele>
      </trkpt>
      <trkpt lat="45.8301369" lon="7.4865359">
        <ele>2421</ele>
      </trkpt>
      <trkpt lat="45.8301182" lon="7.4864900">
        <ele>2420</ele>
      </trkpt>
      <trkpt lat="45.8300850" lon="7.4863838">
        <ele>2419</ele>
      </trkpt>
      <trkpt lat="45.8300687" lon="7.4862417">
        <ele>2418</ele>
      </trkpt>
      <trkpt lat="45.8300584" lon="7.4861474">
        <ele>2417</ele>
      </trkpt>
      <trkpt lat="45.8300560" lon="7.4861098">
        <ele>2416</ele>
      </trkpt>
      <trkpt lat="45.8300423" lon="7.4860286">
        <ele>2415</ele>
      </trkpt>
      <trkpt lat="45.8300383" lon="7.4859315">
        <ele>2414</ele>
      </trkpt>
      <trkpt lat="45.8300384" lon="7.4858706">
        <ele>2414</ele>
      </trkpt>
      <trkpt lat="45.8300320" lon="7.4858140">
        <ele>2413</ele>
      </trkpt>
      <trkpt lat="45.8300240" lon="7.4857433">
        <ele>2412</ele>
      </trkpt>
      <trkpt lat="45.8299915" lon="7.4856820">
        <ele>2411</ele>
      </trkpt>
      <trkpt lat="45.8299867" lon="7.4856756">
        <ele>2410</ele>
      </trkpt>
      <trkpt lat="45.8299481" lon="7.4856236">
        <ele>2409</ele>
      </trkpt>
      <trkpt lat="45.8299334" lon="7.4856020">
        <ele>2408</ele>
      </trkpt>
      <trkpt lat="45.8299162" lon="7.4855376">
        <ele>2407</ele>
      </trkpt>
      <trkpt lat="45.8298999" lon="7.4854720">
        <ele>2406</ele>
      </trkpt>
      <trkpt lat="45.8298703" lon="7.4854197">
        <ele>2405</ele>
      </trkpt>
      <trkpt lat="45.8298460" lon="7.4853672">
        <ele>2404</ele>
      </trkpt>
      <trkpt lat="45.8298399" lon="7.4853129">
        <ele>2403</ele>
      </trkpt>
      <trkpt lat="45.8298348" lon="7.4852755">
        <ele>2402</ele>
      </trkpt>
      <trkpt lat="45.8298218" lon="7.4852315">
        <ele>2402</ele>
      </trkpt>
      <trkpt lat="45.8298135" lon="7.4851514">
        <ele>2401</ele>
      </trkpt>
      <trkpt lat="45.8297984" lon="7.4850390">
        <ele>2400</ele>
      </trkpt>
      <trkpt lat="45.8297783" lon="7.4849800">
        <ele>2399</ele>
      </trkpt>
      <trkpt lat="45.8296883" lon="7.4847001">
        <ele>2398</ele>
      </trkpt>
      <trkpt lat="45.8296908" lon="7.4845732">
        <ele>2397</ele>
      </trkpt>
      <trkpt lat="45.8297012" lon="7.4845379">
        <ele>2396</ele>
      </trkpt>
      <trkpt lat="45.8297128" lon="7.4844573">
        <ele>2395</ele>
      </trkpt>
      <trkpt lat="45.8297604" lon="7.4843627">
        <ele>2394</ele>
      </trkpt>
      <trkpt lat="45.8297871" lon="7.4843257">
        <ele>2393</ele>
      </trkpt>
      <trkpt lat="45.8298042" lon="7.4842449">
        <ele>2392</ele>
      </trkpt>
      <trkpt lat="45.8298077" lon="7.4841709">
        <ele>2391</ele>
      </trkpt>
      <trkpt lat="45.8297996" lon="7.4841018">
        <ele>2390</ele>
      </trkpt>
      <trkpt lat="45.8298004" lon="7.4839605">
        <ele>2390</ele>
      </trkpt>
      <trkpt lat="45.8298161" lon="7.4838474">
        <ele>2389</ele>
      </trkpt>
      <trkpt lat="45.8298083" lon="7.4837700">
        <ele>2388</ele>
      </trkpt>
      <trkpt lat="45.8297083" lon="7.4835300">
        <ele>2387</ele>
      </trkpt>
      <trkpt lat="45.8296583" lon="7.4834700">
        <ele>2386</ele>
      </trkpt>
      <trkpt lat="45.8295483" lon="7.4833900">
        <ele>2385</ele>
      </trkpt>
      <trkpt lat="45.8295383" lon="7.4832700">
        <ele>2384</ele>
      </trkpt>
      <trkpt lat="45.8293483" lon="7.4829700">
        <ele>2383</ele>
      </trkpt>
      <trkpt lat="45.8292934" lon="7.4829733">
        <ele>2382</ele>
      </trkpt>
      <trkpt lat="45.8292306" lon="7.4830204">
        <ele>2381</ele>
      </trkpt>
      <trkpt lat="45.8291969" lon="7.4830109">
        <ele>2380</ele>
      </trkpt>
      <trkpt lat="45.8291272" lon="7.4830141">
        <ele>2379</ele>
      </trkpt>
      <trkpt lat="45.8290512" lon="7.4830188">
        <ele>2378</ele>
      </trkpt>
      <trkpt lat="45.8289821" lon="7.4830012">
        <ele>2378</ele>
      </trkpt>
      <trkpt lat="45.8289083" lon="7.4829500">
        <ele>2377</ele>
      </trkpt>
      <trkpt lat="45.8288715" lon="7.4828762">
        <ele>2376</ele>
      </trkpt>
      <trkpt lat="45.8288353" lon="7.4828060">
        <ele>2375</ele>
      </trkpt>
      <trkpt lat="45.8288158" lon="7.4827715">
        <ele>2374</ele>
      </trkpt>
      <trkpt lat="45.8287974" lon="7.4827474">
        <ele>2373</ele>
      </trkpt>
      <trkpt lat="45.8287780" lon="7.4827207">
        <ele>2372</ele>
      </trkpt>
      <trkpt lat="45.8287494" lon="7.4826865">
        <ele>2371</ele>
      </trkpt>
      <trkpt lat="45.8287339" lon="7.4826753">
        <ele>2370</ele>
      </trkpt>
      <trkpt lat="45.8287182" lon="7.4826549">
        <ele>2369</ele>
      </trkpt>
      <trkpt lat="45.8287302" lon="7.4826002">
        <ele>2368</ele>
      </trkpt>
      <trkpt lat="45.8287684" lon="7.4825460">
        <ele>2367</ele>
      </trkpt>
      <trkpt lat="45.8287737" lon="7.4825342">
        <ele>2366</ele>
      </trkpt>
      <trkpt lat="45.8287590" lon="7.4825204">
        <ele>2366</ele>
      </trkpt>
      <trkpt lat="45.8287211" lon="7.4825292">
        <ele>2365</ele>
      </trkpt>
      <trkpt lat="45.8287046" lon="7.4825128">
        <ele>2364</ele>
      </trkpt>
      <trkpt lat="45.8286795" lon="7.4825037">
        <ele>2363</ele>
      </trkpt>
      <trkpt lat="45.8286705" lon="7.4824729">
        <ele>2362</ele>
      </trkpt>
      <trkpt lat="45.8286589" lon="7.4824486">
        <ele>2361</ele>
      </trkpt>
      <trkpt lat="45.8286415" lon="7.4824406">
        <ele>2360</ele>
      </trkpt>
      <trkpt lat="45.8286274" lon="7.4824332">
        <ele>2359</ele>
      </trkpt>
      <trkpt lat="45.8286251" lon="7.4823970">
        <ele>2358</ele>
      </trkpt>
      <trkpt lat="45.8286333" lon="7.4823670">
        <ele>2357</ele>
      </trkpt>
      <trkpt lat="45.8286493" lon="7.4823439">
        <ele>2356</ele>
      </trkpt>
      <trkpt lat="45.8286491" lon="7.4823309">
        <ele>2355</ele>
      </trkpt>
      <trkpt lat="45.8286269" lon="7.4823283">
        <ele>2354</ele>
      </trkpt>
      <trkpt lat="45.8285846" lon="7.4823107">
        <ele>2353</ele>
      </trkpt>
      <trkpt lat="45.8285504" lon="7.4822823">
        <ele>2353</ele>
      </trkpt>
      <trkpt lat="45.8285236" lon="7.4822402">
        <ele>2352</ele>
      </trkpt>
      <trkpt lat="45.8284882" lon="7.4821900">
        <ele>2351</ele>
      </trkpt>
      <trkpt lat="45.8283482" lon="7.4818100">
        <ele>2350</ele>
      </trkpt>
      <trkpt lat="45.8283482" lon="7.4816300">
        <ele>2349</ele>
      </trkpt>
      <trkpt lat="45.8283716" lon="7.4815300">
        <ele>2348</ele>
      </trkpt>
      <trkpt lat="45.8283682" lon="7.4812200">
        <ele>2347</ele>
      </trkpt>
      <trkpt lat="45.8283982" lon="7.4810800">
        <ele>2346</ele>
      </trkpt>
      <trkpt lat="45.8283482" lon="7.4809900">
        <ele>2345</ele>
      </trkpt>
      <trkpt lat="45.8283482" lon="7.4809300">
        <ele>2344</ele>
      </trkpt>
      <trkpt lat="45.8283782" lon="7.4808500">
        <ele>2343</ele>
      </trkpt>
      <trkpt lat="45.8283282" lon="7.4808500">
        <ele>2342</ele>
      </trkpt>
      <trkpt lat="45.8283582" lon="7.4806200">
        <ele>2341</ele>
      </trkpt>
      <trkpt lat="45.8283782" lon="7.4805700">
        <ele>2341</ele>
      </trkpt>
      <trkpt lat="45.8283582" lon="7.4805400">
        <ele>2340</ele>
      </trkpt>
      <trkpt lat="45.8284082" lon="7.4804800">
        <ele>2339</ele>
      </trkpt>
      <trkpt lat="45.8282882" lon="7.4805300">
        <ele>2338</ele>
      </trkpt>
      <trkpt lat="45.8282882" lon="7.4804900">
        <ele>2337</ele>
      </trkpt>
      <trkpt lat="45.8283782" lon="7.4803800">
        <ele>2336</ele>
      </trkpt>
      <trkpt lat="45.8283382" lon="7.4803900">
        <ele>2335</ele>
      </trkpt>
      <trkpt lat="45.8283282" lon="7.4803600">
        <ele>2334</ele>
      </trkpt>
      <trkpt lat="45.8283982" lon="7.4803300">
        <ele>2333</ele>
      </trkpt>
      <trkpt lat="45.8283482" lon="7.4803000">
        <ele>2332</ele>
      </trkpt>
      <trkpt lat="45.8283682" lon="7.4802000">
        <ele>2331</ele>
      </trkpt>
      <trkpt lat="45.8282782" lon="7.4802300">
        <ele>2330</ele>
      </trkpt>
      <trkpt lat="45.8283583" lon="7.4799600">
        <ele>2329</ele>
      </trkpt>
      <trkpt lat="45.8283183" lon="7.4799400">
        <ele>2329</ele>
      </trkpt>
      <trkpt lat="45.8280883" lon="7.4799600">
        <ele>2328</ele>
      </trkpt>
      <trkpt lat="45.8280683" lon="7.4799300">
        <ele>2327</ele>
      </trkpt>
      <trkpt lat="45.8279483" lon="7.4799100">
        <ele>2326</ele>
      </trkpt>
      <trkpt lat="45.8279283" lon="7.4798800">
        <ele>2325</ele>
      </trkpt>
      <trkpt lat="45.8278883" lon="7.4798900">
        <ele>2324</ele>
      </trkpt>
      <trkpt lat="45.8278483" lon="7.4798600">
        <ele>2323</ele>
      </trkpt>
      <trkpt lat="45.8278183" lon="7.4798000">
        <ele>2322</ele>
      </trkpt>
      <trkpt lat="45.8278183" lon="7.4797400">
        <ele>2321</ele>
      </trkpt>
      <trkpt lat="45.8278983" lon="7.4796100">
        <ele>2320</ele>
      </trkpt>
      <trkpt lat="45.8279483" lon="7.4794300">
        <ele>2319</ele>
      </trkpt>
      <trkpt lat="45.8279483" lon="7.4793700">
        <ele>2318</ele>
      </trkpt>
      <trkpt lat="45.8279983" lon="7.4793300">
        <ele>2317</ele>
      </trkpt>
      <trkpt lat="45.8280583" lon="7.4790900">
        <ele>2317</ele>
      </trkpt>
      <trkpt lat="45.8281083" lon="7.4789900">
        <ele>2316</ele>
      </trkpt>
      <trkpt lat="45.8281383" lon="7.4788701">
        <ele>2315</ele>
      </trkpt>
      <trkpt lat="45.8281483" lon="7.4787901">
        <ele>2314</ele>
      </trkpt>
      <trkpt lat="45.8281383" lon="7.4784500">
        <ele>2313</ele>
      </trkpt>
      <trkpt lat="45.8280883" lon="7.4783000">
        <ele>2312</ele>
      </trkpt>
      <trkpt lat="45.8280483" lon="7.4782600">
        <ele>2311</ele>
      </trkpt>
      <trkpt lat="45.8280783" lon="7.4781600">
        <ele>2310</ele>
      </trkpt>
      <trkpt lat="45.8281483" lon="7.4780500">
        <ele>2309</ele>
      </trkpt>
      <trkpt lat="45.8282283" lon="7.4780000">
        <ele>2308</ele>
      </trkpt>
      <trkpt lat="45.8282683" lon="7.4779400">
        <ele>2307</ele>
      </trkpt>
      <trkpt lat="45.8283683" lon="7.4777100">
        <ele>2306</ele>
      </trkpt>
      <trkpt lat="45.8283683" lon="7.4776100">
        <ele>2305</ele>
      </trkpt>
      <trkpt lat="45.8283883" lon="7.4775400">
        <ele>2304</ele>
      </trkpt>
      <trkpt lat="45.8285083" lon="7.4774200">
        <ele>2304</ele>
      </trkpt>
      <trkpt lat="45.8285783" lon="7.4772100">
        <ele>2303</ele>
      </trkpt>
      <trkpt lat="45.8286483" lon="7.4771000">
        <ele>2302</ele>
      </trkpt>
      <trkpt lat="45.8287183" lon="7.4769300">
        <ele>2301</ele>
      </trkpt>
      <trkpt lat="45.8288783" lon="7.4767200">
        <ele>2300</ele>
      </trkpt>
      <trkpt lat="45.8289483" lon="7.4766600">
        <ele>2299</ele>
      </trkpt>
      <trkpt lat="45.8289783" lon="7.4766600">
        <ele>2298</ele>
      </trkpt>
      <trkpt lat="45.8290383" lon="7.4766000">
        <ele>2297</ele>
      </trkpt>
      <trkpt lat="45.8290783" lon="7.4765200">
        <ele>2296</ele>
      </trkpt>
      <trkpt lat="45.8291383" lon="7.4764700">
        <ele>2295</ele>
      </trkpt>
      <trkpt lat="45.8291683" lon="7.4763600">
        <ele>2294</ele>
      </trkpt>
      <trkpt lat="45.8292283" lon="7.4762700">
        <ele>2293</ele>
      </trkpt>
      <trkpt lat="45.8293683" lon="7.4759200">
        <ele>2292</ele>
      </trkpt>
      <trkpt lat="45.8295983" lon="7.4751700">
        <ele>2292</ele>
      </trkpt>
      <trkpt lat="45.8297483" lon="7.4748800">
        <ele>2291</ele>
      </trkpt>
      <trkpt lat="45.8299083" lon="7.4741800">
        <ele>2290</ele>
      </trkpt>
      <trkpt lat="45.8299183" lon="7.4741000">
        <ele>2289</ele>
      </trkpt>
      <trkpt lat="45.8298983" lon="7.4740600">
        <ele>2288</ele>
      </trkpt>
      <trkpt lat="45.8299183" lon="7.4740100">
        <ele>2287</ele>
      </trkpt>
      <trkpt lat="45.8299283" lon="7.4739000">
        <ele>2286</ele>
      </trkpt>
      <trkpt lat="45.8299783" lon="7.4737500">
        <ele>2285</ele>
      </trkpt>
      <trkpt lat="45.8299783" lon="7.4733900">
        <ele>2284</ele>
      </trkpt>
      <trkpt lat="45.8299883" lon="7.4733600">
        <ele>2283</ele>
      </trkpt>
      <trkpt lat="45.8300283" lon="7.4731100">
        <ele>2282</ele>
      </trkpt>
      <trkpt lat="45.8299883" lon="7.4729100">
        <ele>2281</ele>
      </trkpt>
      <trkpt lat="45.8299883" lon="7.4728000">
        <ele>2280</ele>
      </trkpt>
      <trkpt lat="45.8302083" lon="7.4719900">
        <ele>2280</ele>
      </trkpt>
      <trkpt lat="45.8301783" lon="7.4718600">
        <ele>2279</ele>
      </trkpt>
      <trkpt lat="45.8302583" lon="7.4717600">
        <ele>2278</ele>
      </trkpt>
      <trkpt lat="45.8302483" lon="7.4716501">
        <ele>2277</ele>
      </trkpt>
      <trkpt lat="45.8303683" lon="7.4713900">
        <ele>2276</ele>
      </trkpt>
      <trkpt lat="45.8303583" lon="7.4712100">
        <ele>2275</ele>
      </trkpt>
      <trkpt lat="45.8303983" lon="7.4710800">
        <ele>2274</ele>
      </trkpt>
      <trkpt lat="45.8304683" lon="7.4709400">
        <ele>2273</ele>
      </trkpt>
      <trkpt lat="45.8305283" lon="7.4707500">
        <ele>2272</ele>
      </trkpt>
      <trkpt lat="45.8306383" lon="7.4705400">
        <ele>2271</ele>
      </trkpt>
      <trkpt lat="45.8306183" lon="7.4704800">
        <ele>2270</ele>
      </trkpt>
      <trkpt lat="45.8305583" lon="7.4704700">
        <ele>2269</ele>
      </trkpt>
      <trkpt lat="45.8305383" lon="7.4704200">
        <ele>2268</ele>
      </trkpt>
      <trkpt lat="45.8304783" lon="7.4703800">
        <ele>2268</ele>
      </trkpt>
      <trkpt lat="45.8303983" lon="7.4701900">
        <ele>2267</ele>
      </trkpt>
      <trkpt lat="45.8303483" lon="7.4698000">
        <ele>2266</ele>
      </trkpt>
      <trkpt lat="45.8304783" lon="7.4694400">
        <ele>2265</ele>
      </trkpt>
      <trkpt lat="45.8307283" lon="7.4688900">
        <ele>2264</ele>
      </trkpt>
      <trkpt lat="45.8307483" lon="7.4685300">
        <ele>2263</ele>
      </trkpt>
      <trkpt lat="45.8307983" lon="7.4682700">
        <ele>2262</ele>
      </trkpt>
      <trkpt lat="45.8308383" lon="7.4682300">
        <ele>2261</ele>
      </trkpt>
      <trkpt lat="45.8308883" lon="7.4681200">
        <ele>2260</ele>
      </trkpt>
      <trkpt lat="45.8309583" lon="7.4677801">
        <ele>2259</ele>
      </trkpt>
      <trkpt lat="45.8310183" lon="7.4676501">
        <ele>2258</ele>
      </trkpt>
      <trkpt lat="45.8310283" lon="7.4676001">
        <ele>2257</ele>
      </trkpt>
      <trkpt lat="45.8310183" lon="7.4673700">
        <ele>2256</ele>
      </trkpt>
      <trkpt lat="45.8309983" lon="7.4673000">
        <ele>2255</ele>
      </trkpt>
      <trkpt lat="45.8309882" lon="7.4670100">
        <ele>2255</ele>
      </trkpt>
      <trkpt lat="45.8309982" lon="7.4669600">
        <ele>2254</ele>
      </trkpt>
      <trkpt lat="45.8309482" lon="7.4668000">
        <ele>2253</ele>
      </trkpt>
      <trkpt lat="45.8309182" lon="7.4666400">
        <ele>2252</ele>
      </trkpt>
      <trkpt lat="45.8308882" lon="7.4665900">
        <ele>2251</ele>
      </trkpt>
      <trkpt lat="45.8308482" lon="7.4663800">
        <ele>2250</ele>
      </trkpt>
      <trkpt lat="45.8307482" lon="7.4662500">
        <ele>2249</ele>
      </trkpt>
      <trkpt lat="45.8307882" lon="7.4658700">
        <ele>2248</ele>
      </trkpt>
      <trkpt lat="45.8306782" lon="7.4654500">
        <ele>2247</ele>
      </trkpt>
      <trkpt lat="45.8306082" lon="7.4652400">
        <ele>2246</ele>
      </trkpt>
      <trkpt lat="45.8305482" lon="7.4651400">
        <ele>2245</ele>
      </trkpt>
      <trkpt lat="45.8303582" lon="7.4650300">
        <ele>2244</ele>
      </trkpt>
      <trkpt lat="45.8303282" lon="7.4648400">
        <ele>2243</ele>
      </trkpt>
      <trkpt lat="45.8303583" lon="7.4645400">
        <ele>2243</ele>
      </trkpt>
      <trkpt lat="45.8303083" lon="7.4643600">
        <ele>2242</ele>
      </trkpt>
      <trkpt lat="45.8302883" lon="7.4641500">
        <ele>2241</ele>
      </trkpt>
      <trkpt lat="45.8302483" lon="7.4639600">
        <ele>2240</ele>
      </trkpt>
      <trkpt lat="45.8300883" lon="7.4637600">
        <ele>2239</ele>
      </trkpt>
      <trkpt lat="45.8299383" lon="7.4636900">
        <ele>2238</ele>
      </trkpt>
      <trkpt lat="45.8298983" lon="7.4636300">
        <ele>2237</ele>
      </trkpt>
      <trkpt lat="45.8298583" lon="7.4635400">
        <ele>2236</ele>
      </trkpt>
      <trkpt lat="45.8298283" lon="7.4633600">
        <ele>2235</ele>
      </trkpt>
      <trkpt lat="45.8297983" lon="7.4632800">
        <ele>2234</ele>
      </trkpt>
      <trkpt lat="45.8297083" lon="7.4631400">
        <ele>2233</ele>
      </trkpt>
      <trkpt lat="45.8296483" lon="7.4629900">
        <ele>2232</ele>
      </trkpt>
      <trkpt lat="45.8295783" lon="7.4629300">
        <ele>2231</ele>
      </trkpt>
      <trkpt lat="45.8295483" lon="7.4628800">
        <ele>2231</ele>
      </trkpt>
      <trkpt lat="45.8293283" lon="7.4627700">
        <ele>2230</ele>
      </trkpt>
      <trkpt lat="45.8292283" lon="7.4625900">
        <ele>2229</ele>
      </trkpt>
      <trkpt lat="45.8291183" lon="7.4624400">
        <ele>2228</ele>
      </trkpt>
      <trkpt lat="45.8289082" lon="7.4619700">
        <ele>2227</ele>
      </trkpt>
      <trkpt lat="45.8287282" lon="7.4617100">
        <ele>2226</ele>
      </trkpt>
      <trkpt lat="45.8286882" lon="7.4615400">
        <ele>2225</ele>
      </trkpt>
      <trkpt lat="45.8286582" lon="7.4614900">
        <ele>2224</ele>
      </trkpt>
      <trkpt lat="45.8285882" lon="7.4614300">
        <ele>2223</ele>
      </trkpt>
      <trkpt lat="45.8285482" lon="7.4613500">
        <ele>2222</ele>
      </trkpt>
      <trkpt lat="45.8284482" lon="7.4613300">
        <ele>2221</ele>
      </trkpt>
      <trkpt lat="45.8284182" lon="7.4612900">
        <ele>2220</ele>
      </trkpt>
      <trkpt lat="45.8284082" lon="7.4612200">
        <ele>2219</ele>
      </trkpt>
      <trkpt lat="45.8283282" lon="7.4610301">
        <ele>2219</ele>
      </trkpt>
      <trkpt lat="45.8281182" lon="7.4607301">
        <ele>2218</ele>
      </trkpt>
      <trkpt lat="45.8279182" lon="7.4604801">
        <ele>2217</ele>
      </trkpt>
      <trkpt lat="45.8277983" lon="7.4601900">
        <ele>2216</ele>
      </trkpt>
      <trkpt lat="45.8277883" lon="7.4600700">
        <ele>2215</ele>
      </trkpt>
      <trkpt lat="45.8277583" lon="7.4600400">
        <ele>2214</ele>
      </trkpt>
      <trkpt lat="45.8276383" lon="7.4600500">
        <ele>2213</ele>
      </trkpt>
      <trkpt lat="45.8275862" lon="7.4599800">
        <ele>2212</ele>
      </trkpt>
      <trkpt lat="45.8275580" lon="7.4599069">
        <ele>2211</ele>
      </trkpt>
      <trkpt lat="45.8275247" lon="7.4597899">
        <ele>2210</ele>
      </trkpt>
      <trkpt lat="45.8274954" lon="7.4596961">
        <ele>2209</ele>
      </trkpt>
      <trkpt lat="45.8274740" lon="7.4596552">
        <ele>2208</ele>
      </trkpt>
      <trkpt lat="45.8274569" lon="7.4594860">
        <ele>2207</ele>
      </trkpt>
      <trkpt lat="45.8274787" lon="7.4594047">
        <ele>2206</ele>
      </trkpt>
      <trkpt lat="45.8274839" lon="7.4593190">
        <ele>2206</ele>
      </trkpt>
      <trkpt lat="45.8274823" lon="7.4592673">
        <ele>2205</ele>
      </trkpt>
      <trkpt lat="45.8274726" lon="7.4592170">
        <ele>2204</ele>
      </trkpt>
      <trkpt lat="45.8274720" lon="7.4591704">
        <ele>2203</ele>
      </trkpt>
      <trkpt lat="45.8274702" lon="7.4591043">
        <ele>2202</ele>
      </trkpt>
      <trkpt lat="45.8275135" lon="7.4590280">
        <ele>2201</ele>
      </trkpt>
      <trkpt lat="45.8275459" lon="7.4589429">
        <ele>2200</ele>
      </trkpt>
      <trkpt lat="45.8275697" lon="7.4588917">
        <ele>2199</ele>
      </trkpt>
      <trkpt lat="45.8275864" lon="7.4588575">
        <ele>2198</ele>
      </trkpt>
      <trkpt lat="45.8275976" lon="7.4588119">
        <ele>2197</ele>
      </trkpt>
      <trkpt lat="45.8275794" lon="7.4588111">
        <ele>2196</ele>
      </trkpt>
      <trkpt lat="45.8275353" lon="7.4588304">
        <ele>2195</ele>
      </trkpt>
      <trkpt lat="45.8275236" lon="7.4588326">
        <ele>2194</ele>
      </trkpt>
      <trkpt lat="45.8274956" lon="7.4588380">
        <ele>2194</ele>
      </trkpt>
      <trkpt lat="45.8274689" lon="7.4588089">
        <ele>2193</ele>
      </trkpt>
      <trkpt lat="45.8274639" lon="7.4587767">
        <ele>2192</ele>
      </trkpt>
      <trkpt lat="45.8274836" lon="7.4587541">
        <ele>2191</ele>
      </trkpt>
      <trkpt lat="45.8274973" lon="7.4587337">
        <ele>2190</ele>
      </trkpt>
      <trkpt lat="45.8275084" lon="7.4587171">
        <ele>2189</ele>
      </trkpt>
      <trkpt lat="45.8275051" lon="7.4586732">
        <ele>2188</ele>
      </trkpt>
      <trkpt lat="45.8274983" lon="7.4586300">
        <ele>2187</ele>
      </trkpt>
      <trkpt lat="45.8275083" lon="7.4585700">
        <ele>2186</ele>
      </trkpt>
      <trkpt lat="45.8275783" lon="7.4584500">
        <ele>2185</ele>
      </trkpt>
      <trkpt lat="45.8275983" lon="7.4583800">
        <ele>2184</ele>
      </trkpt>
      <trkpt lat="45.8274883" lon="7.4579000">
        <ele>2183</ele>
      </trkpt>
      <trkpt lat="45.8274783" lon="7.4577100">
        <ele>2182</ele>
      </trkpt>
      <trkpt lat="45.8273883" lon="7.4574500">
        <ele>2182</ele>
      </trkpt>
      <trkpt lat="45.8273983" lon="7.4573600">
        <ele>2181</ele>
      </trkpt>
      <trkpt lat="45.8273483" lon="7.4571900">
        <ele>2180</ele>
      </trkpt>
      <trkpt lat="45.8273383" lon="7.4570700">
        <ele>2179</ele>
      </trkpt>
      <trkpt lat="45.8272883" lon="7.4568500">
        <ele>2178</ele>
      </trkpt>
      <trkpt lat="45.8272883" lon="7.4567300">
        <ele>2177</ele>
      </trkpt>
      <trkpt lat="45.8272683" lon="7.4566800">
        <ele>2176</ele>
      </trkpt>
      <trkpt lat="45.8272383" lon="7.4566600">
        <ele>2175</ele>
      </trkpt>
      <trkpt lat="45.8271883" lon="7.4565100">
        <ele>2174</ele>
      </trkpt>
      <trkpt lat="45.8271282" lon="7.4563900">
        <ele>2173</ele>
      </trkpt>
      <trkpt lat="45.8270782" lon="7.4562200">
        <ele>2172</ele>
      </trkpt>
      <trkpt lat="45.8270482" lon="7.4561700">
        <ele>2171</ele>
      </trkpt>
      <trkpt lat="45.8266382" lon="7.4557000">
        <ele>2170</ele>
      </trkpt>
      <trkpt lat="45.8265982" lon="7.4556200">
        <ele>2170</ele>
      </trkpt>
      <trkpt lat="45.8265782" lon="7.4555200">
        <ele>2169</ele>
      </trkpt>
      <trkpt lat="45.8263945" lon="7.4553269">
        <ele>2168</ele>
      </trkpt>
      <trkpt lat="45.8263882" lon="7.4551900">
        <ele>2167</ele>
      </trkpt>
      <trkpt lat="45.8264182" lon="7.4550800">
        <ele>2166</ele>
      </trkpt>
      <trkpt lat="45.8264382" lon="7.4549100">
        <ele>2165</ele>
      </trkpt>
      <trkpt lat="45.8265082" lon="7.4548901">
        <ele>2164</ele>
      </trkpt>
      <trkpt lat="45.8263482" lon="7.4545801">
        <ele>2163</ele>
      </trkpt>
      <trkpt lat="45.8264182" lon="7.4545701">
        <ele>2162</ele>
      </trkpt>
      <trkpt lat="45.8264182" lon="7.4544901">
        <ele>2161</ele>
      </trkpt>
      <trkpt lat="45.8265982" lon="7.4545100">
        <ele>2160</ele>
      </trkpt>
      <trkpt lat="45.8265382" lon="7.4544200">
        <ele>2159</ele>
      </trkpt>
      <trkpt lat="45.8265082" lon="7.4543400">
        <ele>2158</ele>
      </trkpt>
      <trkpt lat="45.8266682" lon="7.4543500">
        <ele>2158</ele>
      </trkpt>
      <trkpt lat="45.8268582" lon="7.4543200">
        <ele>2157</ele>
      </trkpt>
      <trkpt lat="45.8267882" lon="7.4541600">
        <ele>2156</ele>
      </trkpt>
      <trkpt lat="45.8270982" lon="7.4541400">
        <ele>2155</ele>
      </trkpt>
      <trkpt lat="45.8270082" lon="7.4539600">
        <ele>2154</ele>
      </trkpt>
      <trkpt lat="45.8269082" lon="7.4538200">
        <ele>2153</ele>
      </trkpt>
      <trkpt lat="45.8271982" lon="7.4537500">
        <ele>2152</ele>
      </trkpt>
      <trkpt lat="45.8271382" lon="7.4536300">
        <ele>2151</ele>
      </trkpt>
      <trkpt lat="45.8269482" lon="7.4534200">
        <ele>2150</ele>
      </trkpt>
      <trkpt lat="45.8270682" lon="7.4534000">
        <ele>2149</ele>
      </trkpt>
      <trkpt lat="45.8272282" lon="7.4532200">
        <ele>2148</ele>
      </trkpt>
      <trkpt lat="45.8271782" lon="7.4531400">
        <ele>2147</ele>
      </trkpt>
      <trkpt lat="45.8272782" lon="7.4530400">
        <ele>2146</ele>
      </trkpt>
      <trkpt lat="45.8273082" lon="7.4529800">
        <ele>2145</ele>
      </trkpt>
      <trkpt lat="45.8273382" lon="7.4529600">
        <ele>2145</ele>
      </trkpt>
      <trkpt lat="45.8273482" lon="7.4529200">
        <ele>2144</ele>
      </trkpt>
      <trkpt lat="45.8272982" lon="7.4528200">
        <ele>2143</ele>
      </trkpt>
      <trkpt lat="45.8272982" lon="7.4526100">
        <ele>2142</ele>
      </trkpt>
      <trkpt lat="45.8273382" lon="7.4525600">
        <ele>2141</ele>
      </trkpt>
      <trkpt lat="45.8273982" lon="7.4522900">
        <ele>2140</ele>
      </trkpt>
      <trkpt lat="45.8274482" lon="7.4522500">
        <ele>2139</ele>
      </trkpt>
      <trkpt lat="45.8275182" lon="7.4522400">
        <ele>2138</ele>
      </trkpt>
      <trkpt lat="45.8276682" lon="7.4520600">
        <ele>2137</ele>
      </trkpt>
      <trkpt lat="45.8277282" lon="7.4520400">
        <ele>2136</ele>
      </trkpt>
      <trkpt lat="45.8277182" lon="7.4520100">
        <ele>2135</ele>
      </trkpt>
      <trkpt lat="45.8276182" lon="7.4519600">
        <ele>2134</ele>
      </trkpt>
      <trkpt lat="45.8277082" lon="7.4519100">
        <ele>2133</ele>
      </trkpt>
      <trkpt lat="45.8277882" lon="7.4519000">
        <ele>2133</ele>
      </trkpt>
      <trkpt lat="45.8278682" lon="7.4517700">
        <ele>2132</ele>
      </trkpt>
      <trkpt lat="45.8279682" lon="7.4517001">
        <ele>2131</ele>
      </trkpt>
      <trkpt lat="45.8279982" lon="7.4517101">
        <ele>2130</ele>
      </trkpt>
      <trkpt lat="45.8280682" lon="7.4516701">
        <ele>2129</ele>
      </trkpt>
      <trkpt lat="45.8280482" lon="7.4516101">
        <ele>2128</ele>
      </trkpt>
      <trkpt lat="45.8281482" lon="7.4515000">
        <ele>2127</ele>
      </trkpt>
      <trkpt lat="45.8282582" lon="7.4515400">
        <ele>2126</ele>
      </trkpt>
      <trkpt lat="45.8283282" lon="7.4515300">
        <ele>2125</ele>
      </trkpt>
      <trkpt lat="45.8284882" lon="7.4515600">
        <ele>2124</ele>
      </trkpt>
      <trkpt lat="45.8285882" lon="7.4515300">
        <ele>2123</ele>
      </trkpt>
      <trkpt lat="45.8288082" lon="7.4516300">
        <ele>2122</ele>
      </trkpt>
      <trkpt lat="45.8287882" lon="7.4514900">
        <ele>2121</ele>
      </trkpt>
      <trkpt lat="45.8287382" lon="7.4513400">
        <ele>2121</ele>
      </trkpt>
      <trkpt lat="45.8288382" lon="7.4513800">
        <ele>2120</ele>
      </trkpt>
      <trkpt lat="45.8289782" lon="7.4514900">
        <ele>2119</ele>
      </trkpt>
      <trkpt lat="45.8289582" lon="7.4512200">
        <ele>2118</ele>
      </trkpt>
      <trkpt lat="45.8289982" lon="7.4512200">
        <ele>2117</ele>
      </trkpt>
      <trkpt lat="45.8289982" lon="7.4511800">
        <ele>2116</ele>
      </trkpt>
      <trkpt lat="45.8288882" lon="7.4507700">
        <ele>2115</ele>
      </trkpt>
      <trkpt lat="45.8289682" lon="7.4507500">
        <ele>2114</ele>
      </trkpt>
      <trkpt lat="45.8289882" lon="7.4507100">
        <ele>2113</ele>
      </trkpt>
      <trkpt lat="45.8289282" lon="7.4505000">
        <ele>2112</ele>
      </trkpt>
      <trkpt lat="45.8288782" lon="7.4504200">
        <ele>2111</ele>
      </trkpt>
      <trkpt lat="45.8288382" lon="7.4502800">
        <ele>2110</ele>
      </trkpt>
      <trkpt lat="45.8288782" lon="7.4502400">
        <ele>2109</ele>
      </trkpt>
      <trkpt lat="45.8288282" lon="7.4501900">
        <ele>2109</ele>
      </trkpt>
      <trkpt lat="45.8287782" lon="7.4500400">
        <ele>2108</ele>
      </trkpt>
      <trkpt lat="45.8287382" lon="7.4499700">
        <ele>2107</ele>
      </trkpt>
      <trkpt lat="45.8288182" lon="7.4499300">
        <ele>2106</ele>
      </trkpt>
      <trkpt lat="45.8286782" lon="7.4497200">
        <ele>2105</ele>
      </trkpt>
      <trkpt lat="45.8288282" lon="7.4496200">
        <ele>2104</ele>
      </trkpt>
      <trkpt lat="45.8288082" lon="7.4495600">
        <ele>2103</ele>
      </trkpt>
      <trkpt lat="45.8288582" lon="7.4495300">
        <ele>2102</ele>
      </trkpt>
      <trkpt lat="45.8289082" lon="7.4495100">
        <ele>2101</ele>
      </trkpt>
      <trkpt lat="45.8290982" lon="7.4495100">
        <ele>2100</ele>
      </trkpt>
      <trkpt lat="45.8291682" lon="7.4495400">
        <ele>2099</ele>
      </trkpt>
      <trkpt lat="45.8292482" lon="7.4495400">
        <ele>2098</ele>
      </trkpt>
      <trkpt lat="45.8292982" lon="7.4494300">
        <ele>2097</ele>
      </trkpt>
      <trkpt lat="45.8293182" lon="7.4493400">
        <ele>2096</ele>
      </trkpt>
      <trkpt lat="45.8293182" lon="7.4492200">
        <ele>2096</ele>
      </trkpt>
      <trkpt lat="45.8292082" lon="7.4490500">
        <ele>2095</ele>
      </trkpt>
      <trkpt lat="45.8291782" lon="7.4490300">
        <ele>2094</ele>
      </trkpt>
      <trkpt lat="45.8290582" lon="7.4488300">
        <ele>2093</ele>
      </trkpt>
      <trkpt lat="45.8290282" lon="7.4487400">
        <ele>2092</ele>
      </trkpt>
      <trkpt lat="45.8290282" lon="7.4486700">
        <ele>2091</ele>
      </trkpt>
      <trkpt lat="45.8289882" lon="7.4486500">
        <ele>2090</ele>
      </trkpt>
      <trkpt lat="45.8289882" lon="7.4484700">
        <ele>2089</ele>
      </trkpt>
      <trkpt lat="45.8290182" lon="7.4483700">
        <ele>2088</ele>
      </trkpt>
      <trkpt lat="45.8290982" lon="7.4482401">
        <ele>2087</ele>
      </trkpt>
      <trkpt lat="45.8291082" lon="7.4481901">
        <ele>2086</ele>
      </trkpt>
      <trkpt lat="45.8291582" lon="7.4481001">
        <ele>2085</ele>
      </trkpt>
      <trkpt lat="45.8291682" lon="7.4479200">
        <ele>2084</ele>
      </trkpt>
      <trkpt lat="45.8291982" lon="7.4478300">
        <ele>2084</ele>
      </trkpt>
      <trkpt lat="45.8292482" lon="7.4477600">
        <ele>2083</ele>
      </trkpt>
      <trkpt lat="45.8293182" lon="7.4475900">
        <ele>2082</ele>
      </trkpt>
      <trkpt lat="45.8294182" lon="7.4474800">
        <ele>2081</ele>
      </trkpt>
      <trkpt lat="45.8294382" lon="7.4474200">
        <ele>2080</ele>
      </trkpt>
      <trkpt lat="45.8294682" lon="7.4474200">
        <ele>2079</ele>
      </trkpt>
      <trkpt lat="45.8295382" lon="7.4473300">
        <ele>2078</ele>
      </trkpt>
      <trkpt lat="45.8296582" lon="7.4472600">
        <ele>2077</ele>
      </trkpt>
      <trkpt lat="45.8297482" lon="7.4471700">
        <ele>2076</ele>
      </trkpt>
      <trkpt lat="45.8298382" lon="7.4471300">
        <ele>2075</ele>
      </trkpt>
      <trkpt lat="45.8299282" lon="7.4471200">
        <ele>2074</ele>
      </trkpt>
      <trkpt lat="45.8299782" lon="7.4470600">
        <ele>2073</ele>
      </trkpt>
      <trkpt lat="45.8301682" lon="7.4471200">
        <ele>2072</ele>
      </trkpt>
      <trkpt lat="45.8302682" lon="7.4472400">
        <ele>2072</ele>
      </trkpt>
      <trkpt lat="45.8302982" lon="7.4474300">
        <ele>2071</ele>
      </trkpt>
      <trkpt lat="45.8302982" lon="7.4476000">
        <ele>2070</ele>
      </trkpt>
      <trkpt lat="45.8302482" lon="7.4476200">
        <ele>2069</ele>
      </trkpt>
      <trkpt lat="45.8302382" lon="7.4478600">
        <ele>2068</ele>
      </trkpt>
      <trkpt lat="45.8302782" lon="7.4479200">
        <ele>2067</ele>
      </trkpt>
      <trkpt lat="45.8303582" lon="7.4479500">
        <ele>2066</ele>
      </trkpt>
      <trkpt lat="45.8305083" lon="7.4479700">
        <ele>2065</ele>
      </trkpt>
      <trkpt lat="45.8305583" lon="7.4479400">
        <ele>2064</ele>
      </trkpt>
      <trkpt lat="45.8306083" lon="7.4479400">
        <ele>2063</ele>
      </trkpt>
      <trkpt lat="45.8306683" lon="7.4479600">
        <ele>2062</ele>
      </trkpt>
      <trkpt lat="45.8307083" lon="7.4480700">
        <ele>2061</ele>
      </trkpt>
      <trkpt lat="45.8307183" lon="7.4482100">
        <ele>2060</ele>
      </trkpt>
      <trkpt lat="45.8307783" lon="7.4482000">
        <ele>2060</ele>
      </trkpt>
      <trkpt lat="45.8308583" lon="7.4482200">
        <ele>2059</ele>
      </trkpt>
      <trkpt lat="45.8309883" lon="7.4481700">
        <ele>2058</ele>
      </trkpt>
      <trkpt lat="45.8310583" lon="7.4481900">
        <ele>2057</ele>
      </trkpt>
      <trkpt lat="45.8312383" lon="7.4481600">
        <ele>2056</ele>
      </trkpt>
      <trkpt lat="45.8312983" lon="7.4481000">
        <ele>2055</ele>
      </trkpt>
      <trkpt lat="45.8314183" lon="7.4480800">
        <ele>2054</ele>
      </trkpt>
      <trkpt lat="45.8314483" lon="7.4480400">
        <ele>2053</ele>
      </trkpt>
      <trkpt lat="45.8315283" lon="7.4480100">
        <ele>2052</ele>
      </trkpt>
      <trkpt lat="45.8315683" lon="7.4479600">
        <ele>2051</ele>
      </trkpt>
      <trkpt lat="45.8316483" lon="7.4479500">
        <ele>2050</ele>
      </trkpt>
      <trkpt lat="45.8316883" lon="7.4480000">
        <ele>2049</ele>
      </trkpt>
      <trkpt lat="45.8317183" lon="7.4479800">
        <ele>2048</ele>
      </trkpt>
      <trkpt lat="45.8317783" lon="7.4480500">
        <ele>2047</ele>
      </trkpt>
      <trkpt lat="45.8317983" lon="7.4479700">
        <ele>2047</ele>
      </trkpt>
      <trkpt lat="45.8318183" lon="7.4479500">
        <ele>2046</ele>
      </trkpt>
      <trkpt lat="45.8318383" lon="7.4478300">
        <ele>2045</ele>
      </trkpt>
      <trkpt lat="45.8318683" lon="7.4477800">
        <ele>2044</ele>
      </trkpt>
      <trkpt lat="45.8318683" lon="7.4477400">
        <ele>2043</ele>
      </trkpt>
      <trkpt lat="45.8318883" lon="7.4477000">
        <ele>2042</ele>
      </trkpt>
      <trkpt lat="45.8318883" lon="7.4476500">
        <ele>2041</ele>
      </trkpt>
      <trkpt lat="45.8319983" lon="7.4473700">
        <ele>2040</ele>
      </trkpt>
      <trkpt lat="45.8320083" lon="7.4472500">
        <ele>2039</ele>
      </trkpt>
      <trkpt lat="45.8320683" lon="7.4469400">
        <ele>2038</ele>
      </trkpt>
      <trkpt lat="45.8320783" lon="7.4467900">
        <ele>2037</ele>
      </trkpt>
      <trkpt lat="45.8320683" lon="7.4466800">
        <ele>2036</ele>
      </trkpt>
      <trkpt lat="45.8320883" lon="7.4465700">
        <ele>2035</ele>
      </trkpt>
      <trkpt lat="45.8320883" lon="7.4464501">
        <ele>2035</ele>
      </trkpt>
      <trkpt lat="45.8321483" lon="7.4463201">
        <ele>2034</ele>
      </trkpt>
      <trkpt lat="45.8321483" lon="7.4462301">
        <ele>2033</ele>
      </trkpt>
      <trkpt lat="45.8321683" lon="7.4461901">
        <ele>2032</ele>
      </trkpt>
      <trkpt lat="45.8321483" lon="7.4461501">
        <ele>2031</ele>
      </trkpt>
      <trkpt lat="45.8321583" lon="7.4461001">
        <ele>2030</ele>
      </trkpt>
      <trkpt lat="45.8324083" lon="7.4457100">
        <ele>2029</ele>
      </trkpt>
      <trkpt lat="45.8324283" lon="7.4455600">
        <ele>2028</ele>
      </trkpt>
      <trkpt lat="45.8323983" lon="7.4453300">
        <ele>2027</ele>
      </trkpt>
      <trkpt lat="45.8323683" lon="7.4452700">
        <ele>2026</ele>
      </trkpt>
      <trkpt lat="45.8323483" lon="7.4451400">
        <ele>2025</ele>
      </trkpt>
      <trkpt lat="45.8323483" lon="7.4450600">
        <ele>2024</ele>
      </trkpt>
      <trkpt lat="45.8323283" lon="7.4449800">
        <ele>2023</ele>
      </trkpt>
      <trkpt lat="45.8323283" lon="7.4448000">
        <ele>2023</ele>
      </trkpt>
      <trkpt lat="45.8322783" lon="7.4446300">
        <ele>2022</ele>
      </trkpt>
      <trkpt lat="45.8322683" lon="7.4444400">
        <ele>2021</ele>
      </trkpt>
      <trkpt lat="45.8322383" lon="7.4443100">
        <ele>2020</ele>
      </trkpt>
      <trkpt lat="45.8322383" lon="7.4441300">
        <ele>2019</ele>
      </trkpt>
      <trkpt lat="45.8322083" lon="7.4440200">
        <ele>2018</ele>
      </trkpt>
      <trkpt lat="45.8322183" lon="7.4439800">
        <ele>2017</ele>
      </trkpt>
      <trkpt lat="45.8322083" lon="7.4438700">
        <ele>2016</ele>
      </trkpt>
      <trkpt lat="45.8321883" lon="7.4438300">
        <ele>2015</ele>
      </trkpt>
      <trkpt lat="45.8321783" lon="7.4436700">
        <ele>2014</ele>
      </trkpt>
      <trkpt lat="45.8321383" lon="7.4435500">
        <ele>2013</ele>
      </trkpt>
      <trkpt lat="45.8321382" lon="7.4432000">
        <ele>2012</ele>
      </trkpt>
      <trkpt lat="45.8320782" lon="7.4429900">
        <ele>2011</ele>
      </trkpt>
      <trkpt lat="45.8320782" lon="7.4427600">
        <ele>2011</ele>
      </trkpt>
      <trkpt lat="45.8320382" lon="7.4426000">
        <ele>2010</ele>
      </trkpt>
      <trkpt lat="45.8320082" lon="7.4421700">
        <ele>2009</ele>
      </trkpt>
      <trkpt lat="45.8319482" lon="7.4419200">
        <ele>2008</ele>
      </trkpt>
      <trkpt lat="45.8319482" lon="7.4415801">
        <ele>2007</ele>
      </trkpt>
      <trkpt lat="45.8319282" lon="7.4415001">
        <ele>2006</ele>
      </trkpt>
      <trkpt lat="45.8320082" lon="7.4411900">
        <ele>2005</ele>
      </trkpt>
      <trkpt lat="45.8321082" lon="7.4411200">
        <ele>2004</ele>
      </trkpt>
      <trkpt lat="45.8322582" lon="7.4409500">
        <ele>2003</ele>
      </trkpt>
      <trkpt lat="45.8323482" lon="7.4408900">
        <ele>2002</ele>
      </trkpt>
      <trkpt lat="45.8325182" lon="7.4407200">
        <ele>2001</ele>
      </trkpt>
      <trkpt lat="45.8325282" lon="7.4406900">
        <ele>2000</ele>
      </trkpt>
      <trkpt lat="45.8324882" lon="7.4403700">
        <ele>1999</ele>
      </trkpt>
      <trkpt lat="45.8324182" lon="7.4403300">
        <ele>1999</ele>
      </trkpt>
      <trkpt lat="45.8323882" lon="7.4402700">
        <ele>1998</ele>
      </trkpt>
      <trkpt lat="45.8323582" lon="7.4401000">
        <ele>1997</ele>
      </trkpt>
      <trkpt lat="45.8323582" lon="7.4399800">
        <ele>1996</ele>
      </trkpt>
      <trkpt lat="45.8323282" lon="7.4399300">
        <ele>1995</ele>
      </trkpt>
      <trkpt lat="45.8323082" lon="7.4398300">
        <ele>1994</ele>
      </trkpt>
      <trkpt lat="45.8323282" lon="7.4396100">
        <ele>1993</ele>
      </trkpt>
      <trkpt lat="45.8322782" lon="7.4395100">
        <ele>1992</ele>
      </trkpt>
      <trkpt lat="45.8322782" lon="7.4394500">
        <ele>1991</ele>
      </trkpt>
      <trkpt lat="45.8322882" lon="7.4393900">
        <ele>1990</ele>
      </trkpt>
      <trkpt lat="45.8323282" lon="7.4393100">
        <ele>1989</ele>
      </trkpt>
      <trkpt lat="45.8323882" lon="7.4392500">
        <ele>1988</ele>
      </trkpt>
      <trkpt lat="45.8324882" lon="7.4392000">
        <ele>1987</ele>
      </trkpt>
      <trkpt lat="45.8325748" lon="7.4390757">
        <ele>1986</ele>
      </trkpt>
      <trkpt lat="45.8326082" lon="7.4390500">
        <ele>1986</ele>
      </trkpt>
      <trkpt lat="45.8326082" lon="7.4390300">
        <ele>1985</ele>
      </trkpt>
      <trkpt lat="45.8327182" lon="7.4389900">
        <ele>1984</ele>
      </trkpt>
      <trkpt lat="45.8327982" lon="7.4389300">
        <ele>1983</ele>
      </trkpt>
      <trkpt lat="45.8329982" lon="7.4389600">
        <ele>1982</ele>
      </trkpt>
      <trkpt lat="45.8331582" lon="7.4389400">
        <ele>1981</ele>
      </trkpt>
      <trkpt lat="45.8332082" lon="7.4389700">
        <ele>1980</ele>
      </trkpt>
      <trkpt lat="45.8331982" lon="7.4391800">
        <ele>1979</ele>
      </trkpt>
      <trkpt lat="45.8331782" lon="7.4392200">
        <ele>1978</ele>
      </trkpt>
      <trkpt lat="45.8331882" lon="7.4393500">
        <ele>1977</ele>
      </trkpt>
      <trkpt lat="45.8332182" lon="7.4393900">
        <ele>1976</ele>
      </trkpt>
      <trkpt lat="45.8334382" lon="7.4395100">
        <ele>1975</ele>
      </trkpt>
      <trkpt lat="45.8335382" lon="7.4394400">
        <ele>1974</ele>
      </trkpt>
      <trkpt lat="45.8336783" lon="7.4394400">
        <ele>1974</ele>
      </trkpt>
      <trkpt lat="45.8337183" lon="7.4394600">
        <ele>1973</ele>
      </trkpt>
      <trkpt lat="45.8338583" lon="7.4394000">
        <ele>1972</ele>
      </trkpt>
      <trkpt lat="45.8339283" lon="7.4393400">
        <ele>1971</ele>
      </trkpt>
      <trkpt lat="45.8340383" lon="7.4393300">
        <ele>1970</ele>
      </trkpt>
      <trkpt lat="45.8340983" lon="7.4393000">
        <ele>1969</ele>
      </trkpt>
      <trkpt lat="45.8342383" lon="7.4393101">
        <ele>1968</ele>
      </trkpt>
      <trkpt lat="45.8343583" lon="7.4392801">
        <ele>1967</ele>
      </trkpt>
      <trkpt lat="45.8344283" lon="7.4392901">
        <ele>1966</ele>
      </trkpt>
      <trkpt lat="45.8345383" lon="7.4393401">
        <ele>1965</ele>
      </trkpt>
      <trkpt lat="45.8346083" lon="7.4393401">
        <ele>1964</ele>
      </trkpt>
      <trkpt lat="45.8346383" lon="7.4393701">
        <ele>1963</ele>
      </trkpt>
      <trkpt lat="45.8346583" lon="7.4393601">
        <ele>1962</ele>
      </trkpt>
      <trkpt lat="45.8347083" lon="7.4393901">
        <ele>1962</ele>
      </trkpt>
      <trkpt lat="45.8347283" lon="7.4394201">
        <ele>1961</ele>
      </trkpt>
      <trkpt lat="45.8347283" lon="7.4393800">
        <ele>1960</ele>
      </trkpt>
      <trkpt lat="45.8347883" lon="7.4393900">
        <ele>1959</ele>
      </trkpt>
      <trkpt lat="45.8348683" lon="7.4394500">
        <ele>1958</ele>
      </trkpt>
      <trkpt lat="45.8349183" lon="7.4395300">
        <ele>1957</ele>
      </trkpt>
      <trkpt lat="45.8349683" lon="7.4397401">
        <ele>1956</ele>
      </trkpt>
      <trkpt lat="45.8351283" lon="7.4398701">
        <ele>1955</ele>
      </trkpt>
      <trkpt lat="45.8351283" lon="7.4398201">
        <ele>1954</ele>
      </trkpt>
      <trkpt lat="45.8351483" lon="7.4398501">
        <ele>1953</ele>
      </trkpt>
      <trkpt lat="45.8351583" lon="7.4399101">
        <ele>1952</ele>
      </trkpt>
      <trkpt lat="45.8351483" lon="7.4400001">
        <ele>1951</ele>
      </trkpt>
      <trkpt lat="45.8352083" lon="7.4400701">
        <ele>1950</ele>
      </trkpt>
      <trkpt lat="45.8352083" lon="7.4400901">
        <ele>1950</ele>
      </trkpt>
      <trkpt lat="45.8352583" lon="7.4401201">
        <ele>1949</ele>
      </trkpt>
      <trkpt lat="45.8352783" lon="7.4401901">
        <ele>1948</ele>
      </trkpt>
      <trkpt lat="45.8352783" lon="7.4402601">
        <ele>1947</ele>
      </trkpt>
      <trkpt lat="45.8352983" lon="7.4402601">
        <ele>1946</ele>
      </trkpt>
      <trkpt lat="45.8353783" lon="7.4403500">
        <ele>1945</ele>
      </trkpt>
      <trkpt lat="45.8354683" lon="7.4404001">
        <ele>1944</ele>
      </trkpt>
      <trkpt lat="45.8354883" lon="7.4404600">
        <ele>1943</ele>
      </trkpt>
      <trkpt lat="45.8354783" lon="7.4404601">
        <ele>1942</ele>
      </trkpt>
      <trkpt lat="45.8354983" lon="7.4404800">
        <ele>1941</ele>
      </trkpt>
      <trkpt lat="45.8354883" lon="7.4405200">
        <ele>1940</ele>
      </trkpt>
      <trkpt lat="45.8355083" lon="7.4405200">
        <ele>1939</ele>
      </trkpt>
      <trkpt lat="45.8355183" lon="7.4405500">
        <ele>1938</ele>
      </trkpt>
      <trkpt lat="45.8355383" lon="7.4404800">
        <ele>1937</ele>
      </trkpt>
      <trkpt lat="45.8355383" lon="7.4403801">
        <ele>1937</ele>
      </trkpt>
      <trkpt lat="45.8355783" lon="7.4403701">
        <ele>1936</ele>
      </trkpt>
      <trkpt lat="45.8355883" lon="7.4404201">
        <ele>1935</ele>
      </trkpt>
      <trkpt lat="45.8356183" lon="7.4404301">
        <ele>1934</ele>
      </trkpt>
      <trkpt lat="45.8356283" lon="7.4404801">
        <ele>1933</ele>
      </trkpt>
      <trkpt lat="45.8358082" lon="7.4404901">
        <ele>1932</ele>
      </trkpt>
      <trkpt lat="45.8359382" lon="7.4404500">
        <ele>1931</ele>
      </trkpt>
      <trkpt lat="45.8359582" lon="7.4404200">
        <ele>1930</ele>
      </trkpt>
      <trkpt lat="45.8360182" lon="7.4403900">
        <ele>1929</ele>
      </trkpt>
      <trkpt lat="45.8360582" lon="7.4404200">
        <ele>1928</ele>
      </trkpt>
      <trkpt lat="45.8360882" lon="7.4404100">
        <ele>1927</ele>
      </trkpt>
      <trkpt lat="45.8361182" lon="7.4403500">
        <ele>1926</ele>
      </trkpt>
      <trkpt lat="45.8361682" lon="7.4403500">
        <ele>1925</ele>
      </trkpt>
      <trkpt lat="45.8361682" lon="7.4403300">
        <ele>1925</ele>
      </trkpt>
      <trkpt lat="45.8361182" lon="7.4402900">
        <ele>1924</ele>
      </trkpt>
      <trkpt lat="45.8361182" lon="7.4402700">
        <ele>1923</ele>
      </trkpt>
      <trkpt lat="45.8362682" lon="7.4402400">
        <ele>1922</ele>
      </trkpt>
      <trkpt lat="45.8364182" lon="7.4403600">
        <ele>1921</ele>
      </trkpt>
      <trkpt lat="45.8365182" lon="7.4402700">
        <ele>1920</ele>
      </trkpt>
      <trkpt lat="45.8365782" lon="7.4402700">
        <ele>1919</ele>
      </trkpt>
      <trkpt lat="45.8365982" lon="7.4402900">
        <ele>1918</ele>
      </trkpt>
      <trkpt lat="45.8366482" lon="7.4402800">
        <ele>1917</ele>
      </trkpt>
      <trkpt lat="45.8366582" lon="7.4402400">
        <ele>1916</ele>
      </trkpt>
      <trkpt lat="45.8367082" lon="7.4402000">
        <ele>1915</ele>
      </trkpt>
      <trkpt lat="45.8367482" lon="7.4400900">
        <ele>1914</ele>
      </trkpt>
      <trkpt lat="45.8368282" lon="7.4400300">
        <ele>1913</ele>
      </trkpt>
      <trkpt lat="45.8368082" lon="7.4399900">
        <ele>1913</ele>
      </trkpt>
      <trkpt lat="45.8368282" lon="7.4399700">
        <ele>1912</ele>
      </trkpt>
      <trkpt lat="45.8368582" lon="7.4398700">
        <ele>1911</ele>
      </trkpt>
      <trkpt lat="45.8370082" lon="7.4398200">
        <ele>1910</ele>
      </trkpt>
      <trkpt lat="45.8370382" lon="7.4397400">
        <ele>1909</ele>
      </trkpt>
      <trkpt lat="45.8370882" lon="7.4397300">
        <ele>1908</ele>
      </trkpt>
      <trkpt lat="45.8371082" lon="7.4397000">
        <ele>1907</ele>
      </trkpt>
      <trkpt lat="45.8371082" lon="7.4396600">
        <ele>1906</ele>
      </trkpt>
      <trkpt lat="45.8371204" lon="7.4394922">
        <ele>1905</ele>
      </trkpt>
      <trkpt lat="45.8371736" lon="7.4394052">
        <ele>1904</ele>
      </trkpt>
      <trkpt lat="45.8371878" lon="7.4393840">
        <ele>1903</ele>
      </trkpt>
      <trkpt lat="45.8371899" lon="7.4392725">
        <ele>1902</ele>
      </trkpt>
      <trkpt lat="45.8372031" lon="7.4391737">
        <ele>1901</ele>
      </trkpt>
      <trkpt lat="45.8372196" lon="7.4390617">
        <ele>1901</ele>
      </trkpt>
      <trkpt lat="45.8372235" lon="7.4390124">
        <ele>1900</ele>
      </trkpt>
      <trkpt lat="45.8372113" lon="7.4389803">
        <ele>1899</ele>
      </trkpt>
      <trkpt lat="45.8371666" lon="7.4389709">
        <ele>1898</ele>
      </trkpt>
      <trkpt lat="45.8371622" lon="7.4389700">
        <ele>1897</ele>
      </trkpt>
      <trkpt lat="45.8371029" lon="7.4390067">
        <ele>1896</ele>
      </trkpt>
      <trkpt lat="45.8370758" lon="7.4390126">
        <ele>1895</ele>
      </trkpt>
      <trkpt lat="45.8370571" lon="7.4389652">
        <ele>1894</ele>
      </trkpt>
      <trkpt lat="45.8370582" lon="7.4389100">
        <ele>1893</ele>
      </trkpt>
      <trkpt lat="45.8370882" lon="7.4388500">
        <ele>1892</ele>
      </trkpt>
      <trkpt lat="45.8371424" lon="7.4387600">
        <ele>1891</ele>
      </trkpt>
      <trkpt lat="45.8372110" lon="7.4386777">
        <ele>1890</ele>
      </trkpt>
      <trkpt lat="45.8371938" lon="7.4385690">
        <ele>1889</ele>
      </trkpt>
      <trkpt lat="45.8370738" lon="7.4385990">
        <ele>1888</ele>
      </trkpt>
      <trkpt lat="45.8369438" lon="7.4385590">
        <ele>1888</ele>
      </trkpt>
      <trkpt lat="45.8368338" lon="7.4385889">
        <ele>1887</ele>
      </trkpt>
      <trkpt lat="45.8368038" lon="7.4385789">
        <ele>1886</ele>
      </trkpt>
      <trkpt lat="45.8368254" lon="7.4385019">
        <ele>1885</ele>
      </trkpt>
      <trkpt lat="45.8369727" lon="7.4380079">
        <ele>1884</ele>
      </trkpt>
      <trkpt lat="45.8368227" lon="7.4379779">
        <ele>1883</ele>
      </trkpt>
      <trkpt lat="45.8366727" lon="7.4378979">
        <ele>1882</ele>
      </trkpt>
      <trkpt lat="45.8365883" lon="7.4377600">
        <ele>1881</ele>
      </trkpt>
      <trkpt lat="45.8364783" lon="7.4374800">
        <ele>1880</ele>
      </trkpt>
      <trkpt lat="45.8364283" lon="7.4372100">
        <ele>1879</ele>
      </trkpt>
      <trkpt lat="45.8364283" lon="7.4368401">
        <ele>1878</ele>
      </trkpt>
      <trkpt lat="45.8364183" lon="7.4368300">
        <ele>1877</ele>
      </trkpt>
      <trkpt lat="45.8364283" lon="7.4366901">
        <ele>1876</ele>
      </trkpt>
      <trkpt lat="45.8364083" lon="7.4365201">
        <ele>1876</ele>
      </trkpt>
      <trkpt lat="45.8364083" lon="7.4363200">
        <ele>1875</ele>
      </trkpt>
      <trkpt lat="45.8364283" lon="7.4361900">
        <ele>1874</ele>
      </trkpt>
      <trkpt lat="45.8364739" lon="7.4361184">
        <ele>1873</ele>
      </trkpt>
      <trkpt lat="45.8365964" lon="7.4359283">
        <ele>1872</ele>
      </trkpt>
      <trkpt lat="45.8367433" lon="7.4358102">
        <ele>1871</ele>
      </trkpt>
      <trkpt lat="45.8368791" lon="7.4356742">
        <ele>1870</ele>
      </trkpt>
      <trkpt lat="45.8369676" lon="7.4354838">
        <ele>1869</ele>
      </trkpt>
      <trkpt lat="45.8369918" lon="7.4354028">
        <ele>1868</ele>
      </trkpt>
      <trkpt lat="45.8370444" lon="7.4352769">
        <ele>1867</ele>
      </trkpt>
      <trkpt lat="45.8370888" lon="7.4352082">
        <ele>1866</ele>
      </trkpt>
      <trkpt lat="45.8371688" lon="7.4350997">
        <ele>1865</ele>
      </trkpt>
      <trkpt lat="45.8372528" lon="7.4350144">
        <ele>1864</ele>
      </trkpt>
      <trkpt lat="45.8373512" lon="7.4349261">
        <ele>1864</ele>
      </trkpt>
      <trkpt lat="45.8374731" lon="7.4348268">
        <ele>1863</ele>
      </trkpt>
      <trkpt lat="45.8375552" lon="7.4346068">
        <ele>1862</ele>
      </trkpt>
      <trkpt lat="45.8376527" lon="7.4345179">
        <ele>1861</ele>
      </trkpt>
      <trkpt lat="45.8377914" lon="7.4344595">
        <ele>1860</ele>
      </trkpt>
      <trkpt lat="45.8378884" lon="7.4343946">
        <ele>1859</ele>
      </trkpt>
      <trkpt lat="45.8379973" lon="7.4342801">
        <ele>1858</ele>
      </trkpt>
      <trkpt lat="45.8381546" lon="7.4341228">
        <ele>1857</ele>
      </trkpt>
      <trkpt lat="45.8383764" lon="7.4339785">
        <ele>1856</ele>
      </trkpt>
      <trkpt lat="45.8385219" lon="7.4338889">
        <ele>1855</ele>
      </trkpt>
      <trkpt lat="45.8386151" lon="7.4338163">
        <ele>1854</ele>
      </trkpt>
      <trkpt lat="45.8388185" lon="7.4335851">
        <ele>1853</ele>
      </trkpt>
      <trkpt lat="45.8389430" lon="7.4334857">
        <ele>1852</ele>
      </trkpt>
      <trkpt lat="45.8390423" lon="7.4334570">
        <ele>1852</ele>
      </trkpt>
      <trkpt lat="45.8391731" lon="7.4334818">
        <ele>1851</ele>
      </trkpt>
      <trkpt lat="45.8392854" lon="7.4334838">
        <ele>1850</ele>
      </trkpt>
      <trkpt lat="45.8393595" lon="7.4334662">
        <ele>1849</ele>
      </trkpt>
      <trkpt lat="45.8394406" lon="7.4334380">
        <ele>1848</ele>
      </trkpt>
      <trkpt lat="45.8394934" lon="7.4333251">
        <ele>1847</ele>
      </trkpt>
      <trkpt lat="45.8396168" lon="7.4332050">
        <ele>1846</ele>
      </trkpt>
      <trkpt lat="45.8397059" lon="7.4331681">
        <ele>1845</ele>
      </trkpt>
      <trkpt lat="45.8398644" lon="7.4330989">
        <ele>1844</ele>
      </trkpt>
      <trkpt lat="45.8399736" lon="7.4330025">
        <ele>1843</ele>
      </trkpt>
      <trkpt lat="45.8401369" lon="7.4328838">
        <ele>1842</ele>
      </trkpt>
      <trkpt lat="45.8403261" lon="7.4327846">
        <ele>1841</ele>
      </trkpt>
      <trkpt lat="45.8404346" lon="7.4327977">
        <ele>1840</ele>
      </trkpt>
      <trkpt lat="45.8405551" lon="7.4327295">
        <ele>1840</ele>
      </trkpt>
      <trkpt lat="45.8406705" lon="7.4326926">
        <ele>1839</ele>
      </trkpt>
      <trkpt lat="45.8407677" lon="7.4326484">
        <ele>1838</ele>
      </trkpt>
      <trkpt lat="45.8408648" lon="7.4325912">
        <ele>1837</ele>
      </trkpt>
      <trkpt lat="45.8409562" lon="7.4325161">
        <ele>1836</ele>
      </trkpt>
      <trkpt lat="45.8410300" lon="7.4324829">
        <ele>1835</ele>
      </trkpt>
      <trkpt lat="45.8411397" lon="7.4324228">
        <ele>1834</ele>
      </trkpt>
      <trkpt lat="45.8413260" lon="7.4323035">
        <ele>1833</ele>
      </trkpt>
      <trkpt lat="45.8413983" lon="7.4323200">
        <ele>1832</ele>
      </trkpt>
      <trkpt lat="45.8415383" lon="7.4323001">
        <ele>1831</ele>
      </trkpt>
      <trkpt lat="45.8416083" lon="7.4323301">
        <ele>1830</ele>
      </trkpt>
      <trkpt lat="45.8416983" lon="7.4324201">
        <ele>1829</ele>
      </trkpt>
      <trkpt lat="45.8418083" lon="7.4324801">
        <ele>1828</ele>
      </trkpt>
      <trkpt lat="45.8418483" lon="7.4324801">
        <ele>1827</ele>
      </trkpt>
      <trkpt lat="45.8418883" lon="7.4324601">
        <ele>1827</ele>
      </trkpt>
      <trkpt lat="45.8419383" lon="7.4323901">
        <ele>1826</ele>
      </trkpt>
      <trkpt lat="45.8419983" lon="7.4322300">
        <ele>1825</ele>
      </trkpt>
      <trkpt lat="45.8420983" lon="7.4321600">
        <ele>1824</ele>
      </trkpt>
      <trkpt lat="45.8422304" lon="7.4321997">
        <ele>1823</ele>
      </trkpt>
      <trkpt lat="45.8423386" lon="7.4321629">
        <ele>1822</ele>
      </trkpt>
      <trkpt lat="45.8423852" lon="7.4321253">
        <ele>1821</ele>
      </trkpt>
      <trkpt lat="45.8424636" lon="7.4321568">
        <ele>1820</ele>
      </trkpt>
      <trkpt lat="45.8425308" lon="7.4321705">
        <ele>1819</ele>
      </trkpt>
      <trkpt lat="45.8426163" lon="7.4321966">
        <ele>1818</ele>
      </trkpt>
      <trkpt lat="45.8426892" lon="7.4322309">
        <ele>1817</ele>
      </trkpt>
      <trkpt lat="45.8427942" lon="7.4323549">
        <ele>1816</ele>
      </trkpt>
      <trkpt lat="45.8428944" lon="7.4323962">
        <ele>1815</ele>
      </trkpt>
      <trkpt lat="45.8430283" lon="7.4324600">
        <ele>1815</ele>
      </trkpt>
      <trkpt lat="45.8431482" lon="7.4325700">
        <ele>1814</ele>
      </trkpt>
      <trkpt lat="45.8431704" lon="7.4325573">
        <ele>1813</ele>
      </trkpt>
      <trkpt lat="45.8431745" lon="7.4325724">
        <ele>1812</ele>
      </trkpt>
      <trkpt lat="45.8432906" lon="7.4325847">
        <ele>1811</ele>
      </trkpt>
      <trkpt lat="45.8436122" lon="7.4325212">
        <ele>1810</ele>
      </trkpt>
      <trkpt lat="45.8437904" lon="7.4324384">
        <ele>1809</ele>
      </trkpt>
      <trkpt lat="45.8439168" lon="7.4324063">
        <ele>1808</ele>
      </trkpt>
      <trkpt lat="45.8440264" lon="7.4324033">
        <ele>1807</ele>
      </trkpt>
      <trkpt lat="45.8441236" lon="7.4323565">
        <ele>1806</ele>
      </trkpt>
      <trkpt lat="45.8441882" lon="7.4323000">
        <ele>1805</ele>
      </trkpt>
      <trkpt lat="45.8443283" lon="7.4321100">
        <ele>1804</ele>
      </trkpt>
      <trkpt lat="45.8444635" lon="7.4319736">
        <ele>1803</ele>
      </trkpt>
      <trkpt lat="45.8445683" lon="7.4318255">
        <ele>1803</ele>
      </trkpt>
      <trkpt lat="45.8446483" lon="7.4317300">
        <ele>1802</ele>
      </trkpt>
      <trkpt lat="45.8446983" lon="7.4316700">
        <ele>1801</ele>
      </trkpt>
      <trkpt lat="45.8447983" lon="7.4316100">
        <ele>1800</ele>
      </trkpt>
      <trkpt lat="45.8449283" lon="7.4314900">
        <ele>1799</ele>
      </trkpt>
      <trkpt lat="45.8449305" lon="7.4314655">
        <ele>1798</ele>
      </trkpt>
      <trkpt lat="45.8450483" lon="7.4313247">
        <ele>1797</ele>
      </trkpt>
      <trkpt lat="45.8451414" lon="7.4312747">
        <ele>1796</ele>
      </trkpt>
      <trkpt lat="45.8452483" lon="7.4312201">
        <ele>1795</ele>
      </trkpt>
      <trkpt lat="45.8454423" lon="7.4311859">
        <ele>1794</ele>
      </trkpt>
      <trkpt lat="45.8455847" lon="7.4310004">
        <ele>1793</ele>
      </trkpt>
      <trkpt lat="45.8457155" lon="7.4308931">
        <ele>1792</ele>
      </trkpt>
      <trkpt lat="45.8457572" lon="7.4308651">
        <ele>1791</ele>
      </trkpt>
      <trkpt lat="45.8457799" lon="7.4308705">
        <ele>1791</ele>
      </trkpt>
      <trkpt lat="45.8459205" lon="7.4308199">
        <ele>1790</ele>
      </trkpt>
      <trkpt lat="45.8461436" lon="7.4307047">
        <ele>1789</ele>
      </trkpt>
      <trkpt lat="45.8462816" lon="7.4305920">
        <ele>1788</ele>
      </trkpt>
      <trkpt lat="45.8464301" lon="7.4304556">
        <ele>1787</ele>
      </trkpt>
      <trkpt lat="45.8465245" lon="7.4303363">
        <ele>1786</ele>
      </trkpt>
      <trkpt lat="45.8465947" lon="7.4302397">
        <ele>1785</ele>
      </trkpt>
      <trkpt lat="45.8467621" lon="7.4297632">
        <ele>1784</ele>
      </trkpt>
      <trkpt lat="45.8469219" lon="7.4292687">
        <ele>1783</ele>
      </trkpt>
      <trkpt lat="45.8470224" lon="7.4289638">
        <ele>1782</ele>
      </trkpt>
      <trkpt lat="45.8470839" lon="7.4286951">
        <ele>1781</ele>
      </trkpt>
      <trkpt lat="45.8471752" lon="7.4284851">
        <ele>1780</ele>
      </trkpt>
      <trkpt lat="45.8473268" lon="7.4281750">
        <ele>1779</ele>
      </trkpt>
      <trkpt lat="45.8474812" lon="7.4279451">
        <ele>1778</ele>
      </trkpt>
      <trkpt lat="45.8476491" lon="7.4277051">
        <ele>1778</ele>
      </trkpt>
      <trkpt lat="45.8478730" lon="7.4273877">
        <ele>1777</ele>
      </trkpt>
      <trkpt lat="45.8479668" lon="7.4273539">
        <ele>1776</ele>
      </trkpt>
      <trkpt lat="45.8480749" lon="7.4273094">
        <ele>1775</ele>
      </trkpt>
      <trkpt lat="45.8481849" lon="7.4272726">
        <ele>1774</ele>
      </trkpt>
      <trkpt lat="45.8482079" lon="7.4272356">
        <ele>1773</ele>
      </trkpt>
      <trkpt lat="45.8481883" lon="7.4271800">
        <ele>1772</ele>
      </trkpt>
      <trkpt lat="45.8481682" lon="7.4270896">
        <ele>1771</ele>
      </trkpt>
      <trkpt lat="45.8483554" lon="7.4269593">
        <ele>1770</ele>
      </trkpt>
      <trkpt lat="45.8485004" lon="7.4268307">
        <ele>1769</ele>
      </trkpt>
      <trkpt lat="45.8485906" lon="7.4266726">
        <ele>1768</ele>
      </trkpt>
      <trkpt lat="45.8486558" lon="7.4265412">
        <ele>1767</ele>
      </trkpt>
      <trkpt lat="45.8487307" lon="7.4265151">
        <ele>1766</ele>
      </trkpt>
      <trkpt lat="45.8488773" lon="7.4263761">
        <ele>1766</ele>
      </trkpt>
      <trkpt lat="45.8489991" lon="7.4262742">
        <ele>1765</ele>
      </trkpt>
      <trkpt lat="45.8490807" lon="7.4261449">
        <ele>1764</ele>
      </trkpt>
      <trkpt lat="45.8491979" lon="7.4259782">
        <ele>1763</ele>
      </trkpt>
      <trkpt lat="45.8492823" lon="7.4259240">
        <ele>1762</ele>
      </trkpt>
      <trkpt lat="45.8494370" lon="7.4258444">
        <ele>1761</ele>
      </trkpt>
      <trkpt lat="45.8494683" lon="7.4258201">
        <ele>1760</ele>
      </trkpt>
      <trkpt lat="45.8495774" lon="7.4257407">
        <ele>1759</ele>
      </trkpt>
      <trkpt lat="45.8495937" lon="7.4257402">
        <ele>1758</ele>
      </trkpt>
      <trkpt lat="45.8497610" lon="7.4256551">
        <ele>1757</ele>
      </trkpt>
      <trkpt lat="45.8499078" lon="7.4255265">
        <ele>1756</ele>
      </trkpt>
      <trkpt lat="45.8499874" lon="7.4253843">
        <ele>1755</ele>
      </trkpt>
      <trkpt lat="45.8500491" lon="7.4251311">
        <ele>1754</ele>
      </trkpt>
      <trkpt lat="45.8501198" lon="7.4248698">
        <ele>1754</ele>
      </trkpt>
      <trkpt lat="45.8502383" lon="7.4244800">
        <ele>1753</ele>
      </trkpt>
      <trkpt lat="45.8502383" lon="7.4244300">
        <ele>1752</ele>
      </trkpt>
      <trkpt lat="45.8502583" lon="7.4243900">
        <ele>1751</ele>
      </trkpt>
      <trkpt lat="45.8502483" lon="7.4242800">
        <ele>1750</ele>
      </trkpt>
      <trkpt lat="45.8502983" lon="7.4241900">
        <ele>1749</ele>
      </trkpt>
      <trkpt lat="45.8503183" lon="7.4240800">
        <ele>1748</ele>
      </trkpt>
      <trkpt lat="45.8503283" lon="7.4237900">
        <ele>1747</ele>
      </trkpt>
      <trkpt lat="45.8503883" lon="7.4237400">
        <ele>1746</ele>
      </trkpt>
      <trkpt lat="45.8504483" lon="7.4235700">
        <ele>1745</ele>
      </trkpt>
      <trkpt lat="45.8504483" lon="7.4235200">
        <ele>1744</ele>
      </trkpt>
      <trkpt lat="45.8504783" lon="7.4234600">
        <ele>1743</ele>
      </trkpt>
      <trkpt lat="45.8504783" lon="7.4234300">
        <ele>1742</ele>
      </trkpt>
      <trkpt lat="45.8504483" lon="7.4234000">
        <ele>1742</ele>
      </trkpt>
      <trkpt lat="45.8504483" lon="7.4233500">
        <ele>1741</ele>
      </trkpt>
      <trkpt lat="45.8504883" lon="7.4232000">
        <ele>1740</ele>
      </trkpt>
      <trkpt lat="45.8504583" lon="7.4231400">
        <ele>1739</ele>
      </trkpt>
      <trkpt lat="45.8504183" lon="7.4229600">
        <ele>1738</ele>
      </trkpt>
      <trkpt lat="45.8504883" lon="7.4228900">
        <ele>1737</ele>
      </trkpt>
      <trkpt lat="45.8504883" lon="7.4227900">
        <ele>1736</ele>
      </trkpt>
      <trkpt lat="45.8505083" lon="7.4227000">
        <ele>1735</ele>
      </trkpt>
      <trkpt lat="45.8505483" lon="7.4226200">
        <ele>1734</ele>
      </trkpt>
      <trkpt lat="45.8506383" lon="7.4225400">
        <ele>1733</ele>
      </trkpt>
      <trkpt lat="45.8506183" lon="7.4225300">
        <ele>1732</ele>
      </trkpt>
      <trkpt lat="45.8506183" lon="7.4224800">
        <ele>1731</ele>
      </trkpt>
      <trkpt lat="45.8506483" lon="7.4223901">
        <ele>1730</ele>
      </trkpt>
      <trkpt lat="45.8507148" lon="7.4221068">
        <ele>1729</ele>
      </trkpt>
      <trkpt lat="45.8507383" lon="7.4220200">
        <ele>1729</ele>
      </trkpt>
      <trkpt lat="45.8507483" lon="7.4219800">
        <ele>1728</ele>
      </trkpt>
      <trkpt lat="45.8508583" lon="7.4219700">
        <ele>1727</ele>
      </trkpt>
      <trkpt lat="45.8508983" lon="7.4217500">
        <ele>1726</ele>
      </trkpt>
      <trkpt lat="45.8508783" lon="7.4216500">
        <ele>1725</ele>
      </trkpt>
      <trkpt lat="45.8509183" lon="7.4216100">
        <ele>1724</ele>
      </trkpt>
      <trkpt lat="45.8509983" lon="7.4214200">
        <ele>1723</ele>
      </trkpt>
      <trkpt lat="45.8510483" lon="7.4213600">
        <ele>1722</ele>
      </trkpt>
      <trkpt lat="45.8510983" lon="7.4213400">
        <ele>1721</ele>
      </trkpt>
      <trkpt lat="45.8510983" lon="7.4213251">
        <ele>1720</ele>
      </trkpt>
      <trkpt lat="45.8511067" lon="7.4213238">
        <ele>1719</ele>
      </trkpt>
      <trkpt lat="45.8512174" lon="7.4210795">
        <ele>1718</ele>
      </trkpt>
      <trkpt lat="45.8513985" lon="7.4208100">
        <ele>1717</ele>
      </trkpt>
      <trkpt lat="45.8514712" lon="7.4206964">
        <ele>1717</ele>
      </trkpt>
      <trkpt lat="45.8515370" lon="7.4204768">
        <ele>1716</ele>
      </trkpt>
      <trkpt lat="45.8515946" lon="7.4203144">
        <ele>1715</ele>
      </trkpt>
      <trkpt lat="45.8516506" lon="7.4201754">
        <ele>1714</ele>
      </trkpt>
      <trkpt lat="45.8517768" lon="7.4199981">
        <ele>1713</ele>
      </trkpt>
      <trkpt lat="45.8518512" lon="7.4198742">
        <ele>1712</ele>
      </trkpt>
      <trkpt lat="45.8519182" lon="7.4197452">
        <ele>1711</ele>
      </trkpt>
      <trkpt lat="45.8519861" lon="7.4195411">
        <ele>1710</ele>
      </trkpt>
      <trkpt lat="45.8520333" lon="7.4192908">
        <ele>1709</ele>
      </trkpt>
      <trkpt lat="45.8520324" lon="7.4192235">
        <ele>1708</ele>
      </trkpt>
      <trkpt lat="45.8520183" lon="7.4191700">
        <ele>1707</ele>
      </trkpt>
      <trkpt lat="45.8520083" lon="7.4190801">
        <ele>1706</ele>
      </trkpt>
      <trkpt lat="45.8520383" lon="7.4190001">
        <ele>1705</ele>
      </trkpt>
      <trkpt lat="45.8521583" lon="7.4188900">
        <ele>1705</ele>
      </trkpt>
      <trkpt lat="45.8522083" lon="7.4188100">
        <ele>1704</ele>
      </trkpt>
      <trkpt lat="45.8522783" lon="7.4187700">
        <ele>1703</ele>
      </trkpt>
      <trkpt lat="45.8523183" lon="7.4186900">
        <ele>1702</ele>
      </trkpt>
      <trkpt lat="45.8523883" lon="7.4187500">
        <ele>1701</ele>
      </trkpt>
      <trkpt lat="45.8524183" lon="7.4186900">
        <ele>1700</ele>
      </trkpt>
      <trkpt lat="45.8524983" lon="7.4186700">
        <ele>1699</ele>
      </trkpt>
      <trkpt lat="45.8524883" lon="7.4184400">
        <ele>1698</ele>
      </trkpt>
      <trkpt lat="45.8525683" lon="7.4181800">
        <ele>1697</ele>
      </trkpt>
      <trkpt lat="45.8526883" lon="7.4180500">
        <ele>1696</ele>
      </trkpt>
      <trkpt lat="45.8527283" lon="7.4178900">
        <ele>1695</ele>
      </trkpt>
      <trkpt lat="45.8527283" lon="7.4178100">
        <ele>1694</ele>
      </trkpt>
      <trkpt lat="45.8527983" lon="7.4177500">
        <ele>1693</ele>
      </trkpt>
      <trkpt lat="45.8528983" lon="7.4177200">
        <ele>1693</ele>
      </trkpt>
      <trkpt lat="45.8529083" lon="7.4177000">
        <ele>1692</ele>
      </trkpt>
      <trkpt lat="45.8529183" lon="7.4176100">
        <ele>1691</ele>
      </trkpt>
      <trkpt lat="45.8529083" lon="7.4175500">
        <ele>1690</ele>
      </trkpt>
      <trkpt lat="45.8529183" lon="7.4173300">
        <ele>1689</ele>
      </trkpt>
      <trkpt lat="45.8528983" lon="7.4171500">
        <ele>1688</ele>
      </trkpt>
      <trkpt lat="45.8529083" lon="7.4170500">
        <ele>1687</ele>
      </trkpt>
      <trkpt lat="45.8529583" lon="7.4168600">
        <ele>1686</ele>
      </trkpt>
      <trkpt lat="45.8530352" lon="7.4166762">
        <ele>1685</ele>
      </trkpt>
      <trkpt lat="45.8530830" lon="7.4164623">
        <ele>1684</ele>
      </trkpt>
      <trkpt lat="45.8531354" lon="7.4163182">
        <ele>1683</ele>
      </trkpt>
      <trkpt lat="45.8531870" lon="7.4161223">
        <ele>1682</ele>
      </trkpt>
      <trkpt lat="45.8532156" lon="7.4159633">
        <ele>1681</ele>
      </trkpt>
      <trkpt lat="45.8532212" lon="7.4158465">
        <ele>1680</ele>
      </trkpt>
      <trkpt lat="45.8532237" lon="7.4157608">
        <ele>1680</ele>
      </trkpt>
      <trkpt lat="45.8532816" lon="7.4156244">
        <ele>1679</ele>
      </trkpt>
      <trkpt lat="45.8533688" lon="7.4154138">
        <ele>1678</ele>
      </trkpt>
      <trkpt lat="45.8534083" lon="7.4153100">
        <ele>1677</ele>
      </trkpt>
      <trkpt lat="45.8534183" lon="7.4152300">
        <ele>1676</ele>
      </trkpt>
      <trkpt lat="45.8534383" lon="7.4152100">
        <ele>1675</ele>
      </trkpt>
      <trkpt lat="45.8534583" lon="7.4151200">
        <ele>1674</ele>
      </trkpt>
      <trkpt lat="45.8535383" lon="7.4149400">
        <ele>1673</ele>
      </trkpt>
      <trkpt lat="45.8535983" lon="7.4148500">
        <ele>1672</ele>
      </trkpt>
      <trkpt lat="45.8536583" lon="7.4148400">
        <ele>1671</ele>
      </trkpt>
      <trkpt lat="45.8536983" lon="7.4147300">
        <ele>1670</ele>
      </trkpt>
      <trkpt lat="45.8537883" lon="7.4145700">
        <ele>1669</ele>
      </trkpt>
      <trkpt lat="45.8538483" lon="7.4143100">
        <ele>1668</ele>
      </trkpt>
      <trkpt lat="45.8538583" lon="7.4141600">
        <ele>1668</ele>
      </trkpt>
      <trkpt lat="45.8538283" lon="7.4140800">
        <ele>1667</ele>
      </trkpt>
      <trkpt lat="45.8538583" lon="7.4140000">
        <ele>1666</ele>
      </trkpt>
      <trkpt lat="45.8538283" lon="7.4138900">
        <ele>1665</ele>
      </trkpt>
      <trkpt lat="45.8538083" lon="7.4134100">
        <ele>1664</ele>
      </trkpt>
      <trkpt lat="45.8537583" lon="7.4133500">
        <ele>1663</ele>
      </trkpt>
      <trkpt lat="45.8536583" lon="7.4133500">
        <ele>1662</ele>
      </trkpt>
      <trkpt lat="45.8535283" lon="7.4133000">
        <ele>1661</ele>
      </trkpt>
      <trkpt lat="45.8534783" lon="7.4133000">
        <ele>1660</ele>
      </trkpt>
      <trkpt lat="45.8534283" lon="7.4131800">
        <ele>1659</ele>
      </trkpt>
      <trkpt lat="45.8534083" lon="7.4130400">
        <ele>1658</ele>
      </trkpt>
      <trkpt lat="45.8535183" lon="7.4128900">
        <ele>1657</ele>
      </trkpt>
      <trkpt lat="45.8535083" lon="7.4128900">
        <ele>1656</ele>
      </trkpt>
      <trkpt lat="45.8535683" lon="7.4128300">
        <ele>1656</ele>
      </trkpt>
      <trkpt lat="45.8536383" lon="7.4128200">
        <ele>1655</ele>
      </trkpt>
      <trkpt lat="45.8536883" lon="7.4126800">
        <ele>1654</ele>
      </trkpt>
      <trkpt lat="45.8537283" lon="7.4126300">
        <ele>1653</ele>
      </trkpt>
      <trkpt lat="45.8537383" lon="7.4125700">
        <ele>1652</ele>
      </trkpt>
      <trkpt lat="45.8537583" lon="7.4125700">
        <ele>1651</ele>
      </trkpt>
      <trkpt lat="45.8537983" lon="7.4125100">
        <ele>1650</ele>
      </trkpt>
      <trkpt lat="45.8538683" lon="7.4123600">
        <ele>1649</ele>
      </trkpt>
      <trkpt lat="45.8539083" lon="7.4123100">
        <ele>1648</ele>
      </trkpt>
      <trkpt lat="45.8539183" lon="7.4121000">
        <ele>1647</ele>
      </trkpt>
      <trkpt lat="45.8539783" lon="7.4119901">
        <ele>1646</ele>
      </trkpt>
      <trkpt lat="45.8539883" lon="7.4119300">
        <ele>1645</ele>
      </trkpt>
      <trkpt lat="45.8539783" lon="7.4117701">
        <ele>1644</ele>
      </trkpt>
      <trkpt lat="45.8540083" lon="7.4117201">
        <ele>1644</ele>
      </trkpt>
      <trkpt lat="45.8540483" lon="7.4117201">
        <ele>1643</ele>
      </trkpt>
      <trkpt lat="45.8540583" lon="7.4116901">
        <ele>1642</ele>
      </trkpt>
      <trkpt lat="45.8540583" lon="7.4116501">
        <ele>1641</ele>
      </trkpt>
      <trkpt lat="45.8540083" lon="7.4116001">
        <ele>1640</ele>
      </trkpt>
      <trkpt lat="45.8539783" lon="7.4114400">
        <ele>1639</ele>
      </trkpt>
      <trkpt lat="45.8539983" lon="7.4113900">
        <ele>1638</ele>
      </trkpt>
      <trkpt lat="45.8540283" lon="7.4113900">
        <ele>1637</ele>
      </trkpt>
      <trkpt lat="45.8540583" lon="7.4113500">
        <ele>1636</ele>
      </trkpt>
      <trkpt lat="45.8540583" lon="7.4112200">
        <ele>1635</ele>
      </trkpt>
      <trkpt lat="45.8540183" lon="7.4112000">
        <ele>1634</ele>
      </trkpt>
      <trkpt lat="45.8540183" lon="7.4111400">
        <ele>1633</ele>
      </trkpt>
      <trkpt lat="45.8540583" lon="7.4110100">
        <ele>1632</ele>
      </trkpt>
      <trkpt lat="45.8539983" lon="7.4110200">
        <ele>1632</ele>
      </trkpt>
      <trkpt lat="45.8539383" lon="7.4109400">
        <ele>1631</ele>
      </trkpt>
      <trkpt lat="45.8539583" lon="7.4108200">
        <ele>1630</ele>
      </trkpt>
      <trkpt lat="45.8538883" lon="7.4106700">
        <ele>1629</ele>
      </trkpt>
      <trkpt lat="45.8539283" lon="7.4105000">
        <ele>1628</ele>
      </trkpt>
      <trkpt lat="45.8538383" lon="7.4104000">
        <ele>1627</ele>
      </trkpt>
      <trkpt lat="45.8538883" lon="7.4103400">
        <ele>1626</ele>
      </trkpt>
      <trkpt lat="45.8538983" lon="7.4102800">
        <ele>1625</ele>
      </trkpt>
      <trkpt lat="45.8538783" lon="7.4102700">
        <ele>1624</ele>
      </trkpt>
      <trkpt lat="45.8538483" lon="7.4101200">
        <ele>1623</ele>
      </trkpt>
      <trkpt lat="45.8537783" lon="7.4100300">
        <ele>1622</ele>
      </trkpt>
      <trkpt lat="45.8537883" lon="7.4100000">
        <ele>1621</ele>
      </trkpt>
      <trkpt lat="45.8538283" lon="7.4099800">
        <ele>1620</ele>
      </trkpt>
      <trkpt lat="45.8538483" lon="7.4099900">
        <ele>1619</ele>
      </trkpt>
      <trkpt lat="45.8538983" lon="7.4099500">
        <ele>1619</ele>
      </trkpt>
      <trkpt lat="45.8539183" lon="7.4098100">
        <ele>1618</ele>
      </trkpt>
      <trkpt lat="45.8538683" lon="7.4098000">
        <ele>1617</ele>
      </trkpt>
      <trkpt lat="45.8538283" lon="7.4097500">
        <ele>1616</ele>
      </trkpt>
      <trkpt lat="45.8538383" lon="7.4096400">
        <ele>1615</ele>
      </trkpt>
      <trkpt lat="45.8538283" lon="7.4095500">
        <ele>1614</ele>
      </trkpt>
      <trkpt lat="45.8537883" lon="7.4094500">
        <ele>1613</ele>
      </trkpt>
      <trkpt lat="45.8538183" lon="7.4093600">
        <ele>1612</ele>
      </trkpt>
      <trkpt lat="45.8538183" lon="7.4092800">
        <ele>1611</ele>
      </trkpt>
      <trkpt lat="45.8537883" lon="7.4090100">
        <ele>1610</ele>
      </trkpt>
      <trkpt lat="45.8537383" lon="7.4088400">
        <ele>1609</ele>
      </trkpt>
      <trkpt lat="45.8537283" lon="7.4087400">
        <ele>1608</ele>
      </trkpt>
      <trkpt lat="45.8537383" lon="7.4086900">
        <ele>1607</ele>
      </trkpt>
      <trkpt lat="45.8537183" lon="7.4086200">
        <ele>1607</ele>
      </trkpt>
      <trkpt lat="45.8537283" lon="7.4085800">
        <ele>1606</ele>
      </trkpt>
      <trkpt lat="45.8536683" lon="7.4083000">
        <ele>1605</ele>
      </trkpt>
      <trkpt lat="45.8536883" lon="7.4079600">
        <ele>1604</ele>
      </trkpt>
      <trkpt lat="45.8536783" lon="7.4079000">
        <ele>1603</ele>
      </trkpt>
      <trkpt lat="45.8536983" lon="7.4077000">
        <ele>1602</ele>
      </trkpt>
      <trkpt lat="45.8537583" lon="7.4073900">
        <ele>1601</ele>
      </trkpt>
      <trkpt lat="45.8537482" lon="7.4073000">
        <ele>1600</ele>
      </trkpt>
      <trkpt lat="45.8537882" lon="7.4072501">
        <ele>1599</ele>
      </trkpt>
      <trkpt lat="45.8537782" lon="7.4071601">
        <ele>1598</ele>
      </trkpt>
      <trkpt lat="45.8537982" lon="7.4071201">
        <ele>1597</ele>
      </trkpt>
      <trkpt lat="45.8538082" lon="7.4070201">
        <ele>1596</ele>
      </trkpt>
      <trkpt lat="45.8538582" lon="7.4070201">
        <ele>1595</ele>
      </trkpt>
      <trkpt lat="45.8538983" lon="7.4070901">
        <ele>1595</ele>
      </trkpt>
      <trkpt lat="45.8539983" lon="7.4072001">
        <ele>1594</ele>
      </trkpt>
      <trkpt lat="45.8540983" lon="7.4073801">
        <ele>1593</ele>
      </trkpt>
      <trkpt lat="45.8540983" lon="7.4074201">
        <ele>1592</ele>
      </trkpt>
      <trkpt lat="45.8541183" lon="7.4074401">
        <ele>1591</ele>
      </trkpt>
      <trkpt lat="45.8540983" lon="7.4074601">
        <ele>1590</ele>
      </trkpt>
      <trkpt lat="45.8540883" lon="7.4075101">
        <ele>1589</ele>
      </trkpt>
      <trkpt lat="45.8541083" lon="7.4075101">
        <ele>1588</ele>
      </trkpt>
      <trkpt lat="45.8541683" lon="7.4074301">
        <ele>1587</ele>
      </trkpt>
      <trkpt lat="45.8541883" lon="7.4073701">
        <ele>1586</ele>
      </trkpt>
      <trkpt lat="45.8541683" lon="7.4073001">
        <ele>1585</ele>
      </trkpt>
      <trkpt lat="45.8542183" lon="7.4072500">
        <ele>1584</ele>
      </trkpt>
      <trkpt lat="45.8542283" lon="7.4071900">
        <ele>1583</ele>
      </trkpt>
      <trkpt lat="45.8542083" lon="7.4071700">
        <ele>1583</ele>
      </trkpt>
      <trkpt lat="45.8541983" lon="7.4071200">
        <ele>1582</ele>
      </trkpt>
      <trkpt lat="45.8542283" lon="7.4070500">
        <ele>1581</ele>
      </trkpt>
      <trkpt lat="45.8542483" lon="7.4070500">
        <ele>1580</ele>
      </trkpt>
      <trkpt lat="45.8542683" lon="7.4070100">
        <ele>1579</ele>
      </trkpt>
      <trkpt lat="45.8542583" lon="7.4069500">
        <ele>1578</ele>
      </trkpt>
      <trkpt lat="45.8542983" lon="7.4069400">
        <ele>1577</ele>
      </trkpt>
      <trkpt lat="45.8543283" lon="7.4069700">
        <ele>1576</ele>
      </trkpt>
      <trkpt lat="45.8543583" lon="7.4069400">
        <ele>1575</ele>
      </trkpt>
      <trkpt lat="45.8543483" lon="7.4068300">
        <ele>1574</ele>
      </trkpt>
      <trkpt lat="45.8542983" lon="7.4067400">
        <ele>1573</ele>
      </trkpt>
      <trkpt lat="45.8543283" lon="7.4067200">
        <ele>1572</ele>
      </trkpt>
      <trkpt lat="45.8543683" lon="7.4067300">
        <ele>1571</ele>
      </trkpt>
      <trkpt lat="45.8543783" lon="7.4066300">
        <ele>1570</ele>
      </trkpt>
      <trkpt lat="45.8544083" lon="7.4065500">
        <ele>1570</ele>
      </trkpt>
      <trkpt lat="45.8543983" lon="7.4065100">
        <ele>1569</ele>
      </trkpt>
      <trkpt lat="45.8544183" lon="7.4063900">
        <ele>1568</ele>
      </trkpt>
      <trkpt lat="45.8544083" lon="7.4063000">
        <ele>1567</ele>
      </trkpt>
      <trkpt lat="45.8544183" lon="7.4062300">
        <ele>1566</ele>
      </trkpt>
      <trkpt lat="45.8543983" lon="7.4061900">
        <ele>1565</ele>
      </trkpt>
      <trkpt lat="45.8543683" lon="7.4059500">
        <ele>1564</ele>
      </trkpt>
      <trkpt lat="45.8544383" lon="7.4057100">
        <ele>1563</ele>
      </trkpt>
      <trkpt lat="45.8544283" lon="7.4056800">
        <ele>1562</ele>
      </trkpt>
      <trkpt lat="45.8544382" lon="7.4055300">
        <ele>1561</ele>
      </trkpt>
      <trkpt lat="45.8544582" lon="7.4054700">
        <ele>1560</ele>
      </trkpt>
      <trkpt lat="45.8544382" lon="7.4053200">
        <ele>1559</ele>
      </trkpt>
      <trkpt lat="45.8544482" lon="7.4053000">
        <ele>1558</ele>
      </trkpt>
      <trkpt lat="45.8544382" lon="7.4051800">
        <ele>1558</ele>
      </trkpt>
      <trkpt lat="45.8544582" lon="7.4051600">
        <ele>1557</ele>
      </trkpt>
      <trkpt lat="45.8544982" lon="7.4052100">
        <ele>1556</ele>
      </trkpt>
      <trkpt lat="45.8545182" lon="7.4051700">
        <ele>1555</ele>
      </trkpt>
      <trkpt lat="45.8544182" lon="7.4048300">
        <ele>1554</ele>
      </trkpt>
      <trkpt lat="45.8544582" lon="7.4047700">
        <ele>1553</ele>
      </trkpt>
      <trkpt lat="45.8545782" lon="7.4046700">
        <ele>1552</ele>
      </trkpt>
      <trkpt lat="45.8546382" lon="7.4045100">
        <ele>1551</ele>
      </trkpt>
      <trkpt lat="45.8546382" lon="7.4044100">
        <ele>1550</ele>
      </trkpt>
      <trkpt lat="45.8546882" lon="7.4041000">
        <ele>1549</ele>
      </trkpt>
      <trkpt lat="45.8546782" lon="7.4039200">
        <ele>1548</ele>
      </trkpt>
      <trkpt lat="45.8546982" lon="7.4036800">
        <ele>1547</ele>
      </trkpt>
      <trkpt lat="45.8546782" lon="7.4036600">
        <ele>1546</ele>
      </trkpt>
      <trkpt lat="45.8546882" lon="7.4034401">
        <ele>1546</ele>
      </trkpt>
      <trkpt lat="45.8546682" lon="7.4034101">
        <ele>1545</ele>
      </trkpt>
      <trkpt lat="45.8547482" lon="7.4032300">
        <ele>1544</ele>
      </trkpt>
      <trkpt lat="45.8547582" lon="7.4031300">
        <ele>1543</ele>
      </trkpt>
      <trkpt lat="45.8547482" lon="7.4031100">
        <ele>1542</ele>
      </trkpt>
      <trkpt lat="45.8547682" lon="7.4030800">
        <ele>1541</ele>
      </trkpt>
      <trkpt lat="45.8547982" lon="7.4029600">
        <ele>1540</ele>
      </trkpt>
      <trkpt lat="45.8548382" lon="7.4027200">
        <ele>1539</ele>
      </trkpt>
      <trkpt lat="45.8548382" lon="7.4026400">
        <ele>1538</ele>
      </trkpt>
      <trkpt lat="45.8548982" lon="7.4025000">
        <ele>1537</ele>
      </trkpt>
      <trkpt lat="45.8549283" lon="7.4023500">
        <ele>1536</ele>
      </trkpt>
      <trkpt lat="45.8549383" lon="7.4020700">
        <ele>1535</ele>
      </trkpt>
      <trkpt lat="45.8548983" lon="7.4017000">
        <ele>1534</ele>
      </trkpt>
      <trkpt lat="45.8548583" lon="7.4015800">
        <ele>1534</ele>
      </trkpt>
      <trkpt lat="45.8548583" lon="7.4015300">
        <ele>1533</ele>
      </trkpt>
      <trkpt lat="45.8548183" lon="7.4014200">
        <ele>1532</ele>
      </trkpt>
      <trkpt lat="45.8548183" lon="7.4012400">
        <ele>1531</ele>
      </trkpt>
      <trkpt lat="45.8547783" lon="7.4010400">
        <ele>1530</ele>
      </trkpt>
      <trkpt lat="45.8547883" lon="7.4010100">
        <ele>1529</ele>
      </trkpt>
      <trkpt lat="45.8547483" lon="7.4010000">
        <ele>1528</ele>
      </trkpt>
      <trkpt lat="45.8547283" lon="7.4009400">
        <ele>1527</ele>
      </trkpt>
      <trkpt lat="45.8546983" lon="7.4009200">
        <ele>1526</ele>
      </trkpt>
      <trkpt lat="45.8546983" lon="7.4008700">
        <ele>1525</ele>
      </trkpt>
      <trkpt lat="45.8546583" lon="7.4008100">
        <ele>1524</ele>
      </trkpt>
      <trkpt lat="45.8546683" lon="7.4007000">
        <ele>1523</ele>
      </trkpt>
      <trkpt lat="45.8546583" lon="7.4006000">
        <ele>1522</ele>
      </trkpt>
      <trkpt lat="45.8546183" lon="7.4005300">
        <ele>1521</ele>
      </trkpt>
      <trkpt lat="45.8546083" lon="7.4004400">
        <ele>1521</ele>
      </trkpt>
      <trkpt lat="45.8545883" lon="7.4004000">
        <ele>1520</ele>
      </trkpt>
      <trkpt lat="45.8545783" lon="7.4001700">
        <ele>1519</ele>
      </trkpt>
      <trkpt lat="45.8546083" lon="7.4001000">
        <ele>1518</ele>
      </trkpt>
      <trkpt lat="45.8546083" lon="7.4000100">
        <ele>1517</ele>
      </trkpt>
      <trkpt lat="45.8545783" lon="7.3998400">
        <ele>1516</ele>
      </trkpt>
      <trkpt lat="45.8545383" lon="7.3997800">
        <ele>1515</ele>
      </trkpt>
      <trkpt lat="45.8545083" lon="7.3996900">
        <ele>1514</ele>
      </trkpt>
      <trkpt lat="45.8543883" lon="7.3996300">
        <ele>1513</ele>
      </trkpt>
      <trkpt lat="45.8543383" lon="7.3996300">
        <ele>1512</ele>
      </trkpt>
      <trkpt lat="45.8543083" lon="7.3996000">
        <ele>1511</ele>
      </trkpt>
      <trkpt lat="45.8543483" lon="7.3994700">
        <ele>1510</ele>
      </trkpt>
      <trkpt lat="45.8543883" lon="7.3994200">
        <ele>1509</ele>
      </trkpt>
      <trkpt lat="45.8543983" lon="7.3992600">
        <ele>1509</ele>
      </trkpt>
      <trkpt lat="45.8543483" lon="7.3992000">
        <ele>1508</ele>
      </trkpt>
      <trkpt lat="45.8542283" lon="7.3991900">
        <ele>1507</ele>
      </trkpt>
      <trkpt lat="45.8541283" lon="7.3990500">
        <ele>1506</ele>
      </trkpt>
      <trkpt lat="45.8540883" lon="7.3988000">
        <ele>1505</ele>
      </trkpt>
      <trkpt lat="45.8540983" lon="7.3986700">
        <ele>1504</ele>
      </trkpt>
      <trkpt lat="45.8540483" lon="7.3986300">
        <ele>1503</ele>
      </trkpt>
      <trkpt lat="45.8541183" lon="7.3983401">
        <ele>1502</ele>
      </trkpt>
      <trkpt lat="45.8541583" lon="7.3983101">
        <ele>1501</ele>
      </trkpt>
      <trkpt lat="45.8541983" lon="7.3983401">
        <ele>1500</ele>
      </trkpt>
      <trkpt lat="45.8542883" lon="7.3983100">
        <ele>1499</ele>
      </trkpt>
      <trkpt lat="45.8542983" lon="7.3982600">
        <ele>1498</ele>
      </trkpt>
      <trkpt lat="45.8542483" lon="7.3982500">
        <ele>1497</ele>
      </trkpt>
      <trkpt lat="45.8541683" lon="7.3981400">
        <ele>1497</ele>
      </trkpt>
      <trkpt lat="45.8541383" lon="7.3980600">
        <ele>1496</ele>
      </trkpt>
      <trkpt lat="45.8541583" lon="7.3980000">
        <ele>1495</ele>
      </trkpt>
      <trkpt lat="45.8541583" lon="7.3976900">
        <ele>1494</ele>
      </trkpt>
      <trkpt lat="45.8541683" lon="7.3976800">
        <ele>1493</ele>
      </trkpt>
      <trkpt lat="45.8541483" lon="7.3976000">
        <ele>1492</ele>
      </trkpt>
      <trkpt lat="45.8541583" lon="7.3975200">
        <ele>1491</ele>
      </trkpt>
      <trkpt lat="45.8541283" lon="7.3974600">
        <ele>1490</ele>
      </trkpt>
      <trkpt lat="45.8541683" lon="7.3972700">
        <ele>1489</ele>
      </trkpt>
      <trkpt lat="45.8541183" lon="7.3972400">
        <ele>1488</ele>
      </trkpt>
      <trkpt lat="45.8541183" lon="7.3970300">
        <ele>1487</ele>
      </trkpt>
      <trkpt lat="45.8540983" lon="7.3969900">
        <ele>1486</ele>
      </trkpt>
      <trkpt lat="45.8540883" lon="7.3969000">
        <ele>1485</ele>
      </trkpt>
      <trkpt lat="45.8541283" lon="7.3968200">
        <ele>1485</ele>
      </trkpt>
      <trkpt lat="45.8541283" lon="7.3967700">
        <ele>1484</ele>
      </trkpt>
      <trkpt lat="45.8540983" lon="7.3967300">
        <ele>1483</ele>
      </trkpt>
      <trkpt lat="45.8540883" lon="7.3965600">
        <ele>1482</ele>
      </trkpt>
      <trkpt lat="45.8540983" lon="7.3965500">
        <ele>1481</ele>
      </trkpt>
      <trkpt lat="45.8541283" lon="7.3965900">
        <ele>1480</ele>
      </trkpt>
      <trkpt lat="45.8541583" lon="7.3967100">
        <ele>1479</ele>
      </trkpt>
      <trkpt lat="45.8541483" lon="7.3967300">
        <ele>1478</ele>
      </trkpt>
      <trkpt lat="45.8542183" lon="7.3968200">
        <ele>1477</ele>
      </trkpt>
      <trkpt lat="45.8542283" lon="7.3968600">
        <ele>1476</ele>
      </trkpt>
      <trkpt lat="45.8542483" lon="7.3968300">
        <ele>1475</ele>
      </trkpt>
      <trkpt lat="45.8542483" lon="7.3967700">
        <ele>1474</ele>
      </trkpt>
      <trkpt lat="45.8542883" lon="7.3965800">
        <ele>1473</ele>
      </trkpt>
      <trkpt lat="45.8543083" lon="7.3965800">
        <ele>1473</ele>
      </trkpt>
      <trkpt lat="45.8543683" lon="7.3966400">
        <ele>1472</ele>
      </trkpt>
      <trkpt lat="45.8546183" lon="7.3969900">
        <ele>1471</ele>
      </trkpt>
      <trkpt lat="45.8546583" lon="7.3968900">
        <ele>1470</ele>
      </trkpt>
      <trkpt lat="45.8546683" lon="7.3967900">
        <ele>1469</ele>
      </trkpt>
      <trkpt lat="45.8546383" lon="7.3967700">
        <ele>1468</ele>
      </trkpt>
      <trkpt lat="45.8546783" lon="7.3966600">
        <ele>1467</ele>
      </trkpt>
      <trkpt lat="45.8546583" lon="7.3965100">
        <ele>1466</ele>
      </trkpt>
      <trkpt lat="45.8546283" lon="7.3964800">
        <ele>1465</ele>
      </trkpt>
      <trkpt lat="45.8546083" lon="7.3964000">
        <ele>1464</ele>
      </trkpt>
      <trkpt lat="45.8546183" lon="7.3963900">
        <ele>1463</ele>
      </trkpt>
      <trkpt lat="45.8546083" lon="7.3963500">
        <ele>1462</ele>
      </trkpt>
      <trkpt lat="45.8546483" lon="7.3963100">
        <ele>1461</ele>
      </trkpt>
      <trkpt lat="45.8546383" lon="7.3961900">
        <ele>1460</ele>
      </trkpt>
      <trkpt lat="45.8546583" lon="7.3960800">
        <ele>1460</ele>
      </trkpt>
      <trkpt lat="45.8546283" lon="7.3960200">
        <ele>1459</ele>
      </trkpt>
      <trkpt lat="45.8546283" lon="7.3959500">
        <ele>1458</ele>
      </trkpt>
      <trkpt lat="45.8547483" lon="7.3960050">
        <ele>1457</ele>
      </trkpt>
      <trkpt lat="45.8544783" lon="7.3956370">
        <ele>1456</ele>
      </trkpt>
      <trkpt lat="45.8542383" lon="7.3948170">
        <ele>1455</ele>
      </trkpt>
      <trkpt lat="45.8537683" lon="7.3939570">
        <ele>1454</ele>
      </trkpt>
      <trkpt lat="45.8521983" lon="7.3931470">
        <ele>1453</ele>
      </trkpt>
      <trkpt lat="45.8509983" lon="7.3920470">
        <ele>1452</ele>
      </trkpt>
      <trkpt lat="45.8508083" lon="7.3916870">
        <ele>1451</ele>
      </trkpt>
      <trkpt lat="45.8505083" lon="7.3914270">
        <ele>1450</ele>
      </trkpt>
      <trkpt lat="45.8487283" lon="7.3909570">
        <ele>1449</ele>
      </trkpt>
      <trkpt lat="45.8478483" lon="7.3895170">
        <ele>1448</ele>
      </trkpt>
      <trkpt lat="45.8477892" lon="7.3891653">
        <ele>1448</ele>
      </trkpt>
      <trkpt lat="45.8480234" lon="7.3890653">
        <ele>1447</ele>
      </trkpt>
      <trkpt lat="45.8482102" lon="7.3885728">
        <ele>1446</ele>
      </trkpt>
      <trkpt lat="45.8477608" lon="7.3878625">
        <ele>1445</ele>
      </trkpt>
      <trkpt lat="45.8476476" lon="7.3875270">
        <ele>1444</ele>
      </trkpt>
      <trkpt lat="45.8475131" lon="7.3873447">
        <ele>1443</ele>
      </trkpt>
      <trkpt lat="45.8474022" lon="7.3871310">
        <ele>1442</ele>
      </trkpt>
      <trkpt lat="45.8466731" lon="7.3863379">
        <ele>1441</ele>
      </trkpt>
      <trkpt lat="45.8465291" lon="7.3862149">
        <ele>1440</ele>
      </trkpt>
      <trkpt lat="45.8462263" lon="7.3860201">
        <ele>1439</ele>
      </trkpt>
      <trkpt lat="45.8461401" lon="7.3858986">
        <ele>1438</ele>
      </trkpt>
      <trkpt lat="45.8460463" lon="7.3857104">
        <ele>1437</ele>
      </trkpt>
      <trkpt lat="45.8459446" lon="7.3854335">
        <ele>1436</ele>
      </trkpt>
      <trkpt lat="45.8458493" lon="7.3851373">
        <ele>1436</ele>
      </trkpt>
      <trkpt lat="45.8458129" lon="7.3849253">
        <ele>1435</ele>
      </trkpt>
      <trkpt lat="45.8458037" lon="7.3847443">
        <ele>1434</ele>
      </trkpt>
      <trkpt lat="45.8458110" lon="7.3846328">
        <ele>1433</ele>
      </trkpt>
      <trkpt lat="45.8458312" lon="7.3845636">
        <ele>1432</ele>
      </trkpt>
      <trkpt lat="45.8458719" lon="7.3845126">
        <ele>1431</ele>
      </trkpt>
      <trkpt lat="45.8463629" lon="7.3842608">
        <ele>1430</ele>
      </trkpt>
      <trkpt lat="45.8464627" lon="7.3842679">
        <ele>1429</ele>
      </trkpt>
      <trkpt lat="45.8465476" lon="7.3843022">
        <ele>1428</ele>
      </trkpt>
      <trkpt lat="45.8467190" lon="7.3843286">
        <ele>1427</ele>
      </trkpt>
      <trkpt lat="45.8467767" lon="7.3842782">
        <ele>1426</ele>
      </trkpt>
      <trkpt lat="45.8470085" lon="7.3841178">
        <ele>1425</ele>
      </trkpt>
      <trkpt lat="45.8470834" lon="7.3840029">
        <ele>1424</ele>
      </trkpt>
      <trkpt lat="45.8473367" lon="7.3840998">
        <ele>1424</ele>
      </trkpt>
      <trkpt lat="45.8473907" lon="7.3840991">
        <ele>1423</ele>
      </trkpt>
      <trkpt lat="45.8474398" lon="7.3840707">
        <ele>1422</ele>
      </trkpt>
      <trkpt lat="45.8476702" lon="7.3834965">
        <ele>1421</ele>
      </trkpt>
      <trkpt lat="45.8476602" lon="7.3834212">
        <ele>1420</ele>
      </trkpt>
      <trkpt lat="45.8473699" lon="7.3829454">
        <ele>1419</ele>
      </trkpt>
      <trkpt lat="45.8472960" lon="7.3828115">
        <ele>1418</ele>
      </trkpt>
      <trkpt lat="45.8472483" lon="7.3826229">
        <ele>1417</ele>
      </trkpt>
      <trkpt lat="45.8472466" lon="7.3825006">
        <ele>1416</ele>
      </trkpt>
      <trkpt lat="45.8472755" lon="7.3823163">
        <ele>1415</ele>
      </trkpt>
      <trkpt lat="45.8473799" lon="7.3820984">
        <ele>1414</ele>
      </trkpt>
      <trkpt lat="45.8474431" lon="7.3820550">
        <ele>1413</ele>
      </trkpt>
      <trkpt lat="45.8476050" lon="7.3820130">
        <ele>1412</ele>
      </trkpt>
      <trkpt lat="45.8476394" lon="7.3819870">
        <ele>1411</ele>
      </trkpt>
      <trkpt lat="45.8476848" lon="7.3819110">
        <ele>1411</ele>
      </trkpt>
      <trkpt lat="45.8480639" lon="7.3812411">
        <ele>1410</ele>
      </trkpt>
      <trkpt lat="45.8481283" lon="7.3818770">
        <ele>1409</ele>
      </trkpt>
      <trkpt lat="45.8485283" lon="7.3816870">
        <ele>1408</ele>
      </trkpt>
      <trkpt lat="45.8495012" lon="7.3832496">
        <ele>1407</ele>
      </trkpt>
      <trkpt lat="45.8496883" lon="7.3828070">
        <ele>1406</ele>
      </trkpt>
      <trkpt lat="45.8499683" lon="7.3826770">
        <ele>1405</ele>
      </trkpt>
      <trkpt lat="45.8499873" lon="7.3827863">
        <ele>1404</ele>
      </trkpt>
      <trkpt lat="45.8501182" lon="7.3832454">
        <ele>1403</ele>
      </trkpt>
      <trkpt lat="45.8501140" lon="7.3833297">
        <ele>1402</ele>
      </trkpt>
      <trkpt lat="45.8502590" lon="7.3834883">
        <ele>1401</ele>
      </trkpt>
      <trkpt lat="45.8503762" lon="7.3835679">
        <ele>1400</ele>
      </trkpt>
      <trkpt lat="45.8504068" lon="7.3836238">
        <ele>1399</ele>
      </trkpt>
      <trkpt lat="45.8504443" lon="7.3835779">
        <ele>1399</ele>
      </trkpt>
      <trkpt lat="45.8504571" lon="7.3835087">
        <ele>1398</ele>
      </trkpt>
      <trkpt lat="45.8505722" lon="7.3834486">
        <ele>1397</ele>
      </trkpt>
      <trkpt lat="45.8508621" lon="7.3833233">
        <ele>1396</ele>
      </trkpt>
      <trkpt lat="45.8509241" lon="7.3833056">
        <ele>1395</ele>
      </trkpt>
      <trkpt lat="45.8510050" lon="7.3832961">
        <ele>1394</ele>
      </trkpt>
      <trkpt lat="45.8510390" lon="7.3832970">
        <ele>1393</ele>
      </trkpt>
    </trkseg>
  </trk>
</gpx>
