<?xml version="1.0" encoding="UTF-8"?>
<gpx version="1.1" creator="sentieri-vda" xmlns="http://www.topografix.com/GPX/1/1">
  <metadata>
    <name>TAPPA  04: Rifugio della Barma - Niel</name>
    <desc>Catasto Sentieri VdA — AV1_S4</desc>
    <author><name>Regione Autonoma Valle d'Aosta</name></author>
  </metadata>
  <trk>
    <name>TAPPA  04: Rifugio della Barma - Niel</name>
    <src>Catasto Sentieri VdA (AV1_S4)</src>
    <trkseg>
      <trkpt lat="45.6452661" lon="7.9281010">
        <ele>2054</ele>
      </trkpt>
      <trkpt lat="45.6453265" lon="7.9280710">
        <ele>2054</ele>
      </trkpt>
      <trkpt lat="45.6453781" lon="7.9280610">
        <ele>2053</ele>
      </trkpt>
      <trkpt lat="45.6461481" lon="7.9276410">
        <ele>2053</ele>
      </trkpt>
      <trkpt lat="45.6464781" lon="7.9277210">
        <ele>2053</ele>
      </trkpt>
      <trkpt lat="45.6465381" lon="7.9276610">
        <ele>2053</ele>
      </trkpt>
      <trkpt lat="45.6466781" lon="7.9276610">
        <ele>2052</ele>
      </trkpt>
      <trkpt lat="45.6469881" lon="7.9272610">
        <ele>2052</ele>
      </trkpt>
      <trkpt lat="45.6471481" lon="7.9272610">
        <ele>2052</ele>
      </trkpt>
      <trkpt lat="45.6472081" lon="7.9271810">
        <ele>2051</ele>
      </trkpt>
      <trkpt lat="45.6475381" lon="7.9272210">
        <ele>2051</ele>
      </trkpt>
      <trkpt lat="45.6475381" lon="7.9270710">
        <ele>2051</ele>
      </trkpt>
      <trkpt lat="45.6477281" lon="7.9269610">
        <ele>2050</ele>
      </trkpt>
      <trkpt lat="45.6478081" lon="7.9267510">
        <ele>2050</ele>
      </trkpt>
      <trkpt lat="45.6481481" lon="7.9265110">
        <ele>2050</ele>
      </trkpt>
      <trkpt lat="45.6482981" lon="7.9261410">
        <ele>2050</ele>
      </trkpt>
      <trkpt lat="45.6485581" lon="7.9259310">
        <ele>2049</ele>
      </trkpt>
      <trkpt lat="45.6487171" lon="7.9256537">
        <ele>2049</ele>
      </trkpt>
      <trkpt lat="45.6489081" lon="7.9254310">
        <ele>2049</ele>
      </trkpt>
      <trkpt lat="45.6489762" lon="7.9252044">
        <ele>2048</ele>
      </trkpt>
      <trkpt lat="45.6491681" lon="7.9249010">
        <ele>2048</ele>
      </trkpt>
      <trkpt lat="45.6492881" lon="7.9245110">
        <ele>2048</ele>
      </trkpt>
      <trkpt lat="45.6493781" lon="7.9244310">
        <ele>2047</ele>
      </trkpt>
      <trkpt lat="45.6498081" lon="7.9228210">
        <ele>2047</ele>
      </trkpt>
      <trkpt lat="45.6498681" lon="7.9226910">
        <ele>2047</ele>
      </trkpt>
      <trkpt lat="45.6499881" lon="7.9228110">
        <ele>2047</ele>
      </trkpt>
      <trkpt lat="45.6501881" lon="7.9227610">
        <ele>2046</ele>
      </trkpt>
      <trkpt lat="45.6510081" lon="7.9229710">
        <ele>2046</ele>
      </trkpt>
      <trkpt lat="45.6510481" lon="7.9227610">
        <ele>2046</ele>
      </trkpt>
      <trkpt lat="45.6512681" lon="7.9228510">
        <ele>2045</ele>
      </trkpt>
      <trkpt lat="45.6512781" lon="7.9227810">
        <ele>2045</ele>
      </trkpt>
      <trkpt lat="45.6514081" lon="7.9227810">
        <ele>2045</ele>
      </trkpt>
      <trkpt lat="45.6515481" lon="7.9226610">
        <ele>2045</ele>
      </trkpt>
      <trkpt lat="45.6516781" lon="7.9226710">
        <ele>2044</ele>
      </trkpt>
      <trkpt lat="45.6516581" lon="7.9226210">
        <ele>2044</ele>
      </trkpt>
      <trkpt lat="45.6519181" lon="7.9225410">
        <ele>2044</ele>
      </trkpt>
      <trkpt lat="45.6519181" lon="7.9223510">
        <ele>2043</ele>
      </trkpt>
      <trkpt lat="45.6520281" lon="7.9222910">
        <ele>2043</ele>
      </trkpt>
      <trkpt lat="45.6523981" lon="7.9222210">
        <ele>2043</ele>
      </trkpt>
      <trkpt lat="45.6524381" lon="7.9219010">
        <ele>2042</ele>
      </trkpt>
      <trkpt lat="45.6525081" lon="7.9218110">
        <ele>2042</ele>
      </trkpt>
      <trkpt lat="45.6527381" lon="7.9218010">
        <ele>2042</ele>
      </trkpt>
      <trkpt lat="45.6528581" lon="7.9213710">
        <ele>2042</ele>
      </trkpt>
      <trkpt lat="45.6531081" lon="7.9213010">
        <ele>2041</ele>
      </trkpt>
      <trkpt lat="45.6532681" lon="7.9207910">
        <ele>2041</ele>
      </trkpt>
      <trkpt lat="45.6533681" lon="7.9206610">
        <ele>2041</ele>
      </trkpt>
      <trkpt lat="45.6535642" lon="7.9194636">
        <ele>2040</ele>
      </trkpt>
      <trkpt lat="45.6539349" lon="7.9189035">
        <ele>2040</ele>
      </trkpt>
      <trkpt lat="45.6540579" lon="7.9188191">
        <ele>2040</ele>
      </trkpt>
      <trkpt lat="45.6542760" lon="7.9187873">
        <ele>2039</ele>
      </trkpt>
      <trkpt lat="45.6546312" lon="7.9187756">
        <ele>2039</ele>
      </trkpt>
      <trkpt lat="45.6549226" lon="7.9187661">
        <ele>2039</ele>
      </trkpt>
      <trkpt lat="45.6552537" lon="7.9186014">
        <ele>2039</ele>
      </trkpt>
      <trkpt lat="45.6556281" lon="7.9182920">
        <ele>2038</ele>
      </trkpt>
      <trkpt lat="45.6557581" lon="7.9181720">
        <ele>2038</ele>
      </trkpt>
      <trkpt lat="45.6559781" lon="7.9181320">
        <ele>2038</ele>
      </trkpt>
      <trkpt lat="45.6560381" lon="7.9183920">
        <ele>2037</ele>
      </trkpt>
      <trkpt lat="45.6561481" lon="7.9183220">
        <ele>2037</ele>
      </trkpt>
      <trkpt lat="45.6562381" lon="7.9181720">
        <ele>2037</ele>
      </trkpt>
      <trkpt lat="45.6562772" lon="7.9184490">
        <ele>2037</ele>
      </trkpt>
      <trkpt lat="45.6563781" lon="7.9183020">
        <ele>2036</ele>
      </trkpt>
      <trkpt lat="45.6564381" lon="7.9185420">
        <ele>2036</ele>
      </trkpt>
      <trkpt lat="45.6565081" lon="7.9184920">
        <ele>2036</ele>
      </trkpt>
      <trkpt lat="45.6566489" lon="7.9183523">
        <ele>2035</ele>
      </trkpt>
      <trkpt lat="45.6565907" lon="7.9182708">
        <ele>2035</ele>
      </trkpt>
      <trkpt lat="45.6566162" lon="7.9182220">
        <ele>2035</ele>
      </trkpt>
      <trkpt lat="45.6567333" lon="7.9182299">
        <ele>2034</ele>
      </trkpt>
      <trkpt lat="45.6567933" lon="7.9182617">
        <ele>2034</ele>
      </trkpt>
      <trkpt lat="45.6568455" lon="7.9183614">
        <ele>2034</ele>
      </trkpt>
      <trkpt lat="45.6568388" lon="7.9184753">
        <ele>2034</ele>
      </trkpt>
      <trkpt lat="45.6568824" lon="7.9184942">
        <ele>2033</ele>
      </trkpt>
      <trkpt lat="45.6569051" lon="7.9184645">
        <ele>2033</ele>
      </trkpt>
      <trkpt lat="45.6569446" lon="7.9184474">
        <ele>2033</ele>
      </trkpt>
      <trkpt lat="45.6569895" lon="7.9183414">
        <ele>2032</ele>
      </trkpt>
      <trkpt lat="45.6570776" lon="7.9182717">
        <ele>2032</ele>
      </trkpt>
      <trkpt lat="45.6571661" lon="7.9182586">
        <ele>2032</ele>
      </trkpt>
      <trkpt lat="45.6573390" lon="7.9181328">
        <ele>2032</ele>
      </trkpt>
      <trkpt lat="45.6573513" lon="7.9180834">
        <ele>2031</ele>
      </trkpt>
      <trkpt lat="45.6574735" lon="7.9179838">
        <ele>2031</ele>
      </trkpt>
      <trkpt lat="45.6574901" lon="7.9178241">
        <ele>2031</ele>
      </trkpt>
      <trkpt lat="45.6575692" lon="7.9176476">
        <ele>2030</ele>
      </trkpt>
      <trkpt lat="45.6576981" lon="7.9175720">
        <ele>2030</ele>
      </trkpt>
      <trkpt lat="45.6577624" lon="7.9174768">
        <ele>2030</ele>
      </trkpt>
      <trkpt lat="45.6580202" lon="7.9173740">
        <ele>2029</ele>
      </trkpt>
      <trkpt lat="45.6580986" lon="7.9172330">
        <ele>2029</ele>
      </trkpt>
      <trkpt lat="45.6581881" lon="7.9169020">
        <ele>2029</ele>
      </trkpt>
      <trkpt lat="45.6583320" lon="7.9166672">
        <ele>2029</ele>
      </trkpt>
      <trkpt lat="45.6583961" lon="7.9163660">
        <ele>2028</ele>
      </trkpt>
      <trkpt lat="45.6584277" lon="7.9163215">
        <ele>2028</ele>
      </trkpt>
      <trkpt lat="45.6584792" lon="7.9162913">
        <ele>2028</ele>
      </trkpt>
      <trkpt lat="45.6584962" lon="7.9163132">
        <ele>2027</ele>
      </trkpt>
      <trkpt lat="45.6586317" lon="7.9163576">
        <ele>2027</ele>
      </trkpt>
      <trkpt lat="45.6587262" lon="7.9163189">
        <ele>2027</ele>
      </trkpt>
      <trkpt lat="45.6587714" lon="7.9163138">
        <ele>2026</ele>
      </trkpt>
      <trkpt lat="45.6588718" lon="7.9161739">
        <ele>2026</ele>
      </trkpt>
      <trkpt lat="45.6589471" lon="7.9159734">
        <ele>2026</ele>
      </trkpt>
      <trkpt lat="45.6590191" lon="7.9159109">
        <ele>2026</ele>
      </trkpt>
      <trkpt lat="45.6592187" lon="7.9156560">
        <ele>2025</ele>
      </trkpt>
      <trkpt lat="45.6593277" lon="7.9154866">
        <ele>2025</ele>
      </trkpt>
      <trkpt lat="45.6594047" lon="7.9153052">
        <ele>2025</ele>
      </trkpt>
      <trkpt lat="45.6594306" lon="7.9152341">
        <ele>2024</ele>
      </trkpt>
      <trkpt lat="45.6594773" lon="7.9151500">
        <ele>2024</ele>
      </trkpt>
      <trkpt lat="45.6594974" lon="7.9150272">
        <ele>2024</ele>
      </trkpt>
      <trkpt lat="45.6595144" lon="7.9148793">
        <ele>2024</ele>
      </trkpt>
      <trkpt lat="45.6595260" lon="7.9148231">
        <ele>2023</ele>
      </trkpt>
      <trkpt lat="45.6595383" lon="7.9147780">
        <ele>2023</ele>
      </trkpt>
      <trkpt lat="45.6595783" lon="7.9146955">
        <ele>2023</ele>
      </trkpt>
      <trkpt lat="45.6596265" lon="7.9146733">
        <ele>2022</ele>
      </trkpt>
      <trkpt lat="45.6596529" lon="7.9146115">
        <ele>2022</ele>
      </trkpt>
      <trkpt lat="45.6597622" lon="7.9144770">
        <ele>2022</ele>
      </trkpt>
      <trkpt lat="45.6597823" lon="7.9144836">
        <ele>2021</ele>
      </trkpt>
      <trkpt lat="45.6598190" lon="7.9145904">
        <ele>2021</ele>
      </trkpt>
      <trkpt lat="45.6598503" lon="7.9145511">
        <ele>2021</ele>
      </trkpt>
      <trkpt lat="45.6598694" lon="7.9145667">
        <ele>2021</ele>
      </trkpt>
      <trkpt lat="45.6599510" lon="7.9145429">
        <ele>2020</ele>
      </trkpt>
      <trkpt lat="45.6599974" lon="7.9145916">
        <ele>2020</ele>
      </trkpt>
      <trkpt lat="45.6601419" lon="7.9146049">
        <ele>2020</ele>
      </trkpt>
      <trkpt lat="45.6601885" lon="7.9146375">
        <ele>2019</ele>
      </trkpt>
      <trkpt lat="45.6602622" lon="7.9147567">
        <ele>2019</ele>
      </trkpt>
      <trkpt lat="45.6603847" lon="7.9148290">
        <ele>2019</ele>
      </trkpt>
      <trkpt lat="45.6604099" lon="7.9148836">
        <ele>2018</ele>
      </trkpt>
      <trkpt lat="45.6604566" lon="7.9148961">
        <ele>2018</ele>
      </trkpt>
      <trkpt lat="45.6604879" lon="7.9149285">
        <ele>2018</ele>
      </trkpt>
      <trkpt lat="45.6604859" lon="7.9149908">
        <ele>2018</ele>
      </trkpt>
      <trkpt lat="45.6605458" lon="7.9150085">
        <ele>2017</ele>
      </trkpt>
      <trkpt lat="45.6605526" lon="7.9150805">
        <ele>2017</ele>
      </trkpt>
      <trkpt lat="45.6606180" lon="7.9150820">
        <ele>2017</ele>
      </trkpt>
      <trkpt lat="45.6607055" lon="7.9151604">
        <ele>2016</ele>
      </trkpt>
      <trkpt lat="45.6607133" lon="7.9152495">
        <ele>2016</ele>
      </trkpt>
      <trkpt lat="45.6607651" lon="7.9153035">
        <ele>2016</ele>
      </trkpt>
      <trkpt lat="45.6608517" lon="7.9152750">
        <ele>2016</ele>
      </trkpt>
      <trkpt lat="45.6609105" lon="7.9152320">
        <ele>2015</ele>
      </trkpt>
      <trkpt lat="45.6610277" lon="7.9153304">
        <ele>2015</ele>
      </trkpt>
      <trkpt lat="45.6611292" lon="7.9151136">
        <ele>2015</ele>
      </trkpt>
      <trkpt lat="45.6611603" lon="7.9151624">
        <ele>2014</ele>
      </trkpt>
      <trkpt lat="45.6612422" lon="7.9152104">
        <ele>2014</ele>
      </trkpt>
      <trkpt lat="45.6613193" lon="7.9152063">
        <ele>2014</ele>
      </trkpt>
      <trkpt lat="45.6614288" lon="7.9152333">
        <ele>2013</ele>
      </trkpt>
      <trkpt lat="45.6615749" lon="7.9152398">
        <ele>2013</ele>
      </trkpt>
      <trkpt lat="45.6616190" lon="7.9151757">
        <ele>2013</ele>
      </trkpt>
      <trkpt lat="45.6616595" lon="7.9151668">
        <ele>2013</ele>
      </trkpt>
      <trkpt lat="45.6617490" lon="7.9152788">
        <ele>2012</ele>
      </trkpt>
      <trkpt lat="45.6618170" lon="7.9153323">
        <ele>2012</ele>
      </trkpt>
      <trkpt lat="45.6618717" lon="7.9153389">
        <ele>2012</ele>
      </trkpt>
      <trkpt lat="45.6619703" lon="7.9152749">
        <ele>2011</ele>
      </trkpt>
      <trkpt lat="45.6620802" lon="7.9151722">
        <ele>2011</ele>
      </trkpt>
      <trkpt lat="45.6621269" lon="7.9151783">
        <ele>2011</ele>
      </trkpt>
      <trkpt lat="45.6621890" lon="7.9151251">
        <ele>2010</ele>
      </trkpt>
      <trkpt lat="45.6623664" lon="7.9148126">
        <ele>2010</ele>
      </trkpt>
      <trkpt lat="45.6624495" lon="7.9146662">
        <ele>2010</ele>
      </trkpt>
      <trkpt lat="45.6624564" lon="7.9146585">
        <ele>2010</ele>
      </trkpt>
      <trkpt lat="45.6624715" lon="7.9146628">
        <ele>2009</ele>
      </trkpt>
      <trkpt lat="45.6626416" lon="7.9145114">
        <ele>2009</ele>
      </trkpt>
      <trkpt lat="45.6627779" lon="7.9143640">
        <ele>2009</ele>
      </trkpt>
      <trkpt lat="45.6629360" lon="7.9142301">
        <ele>2008</ele>
      </trkpt>
      <trkpt lat="45.6631037" lon="7.9140787">
        <ele>2008</ele>
      </trkpt>
      <trkpt lat="45.6631953" lon="7.9140371">
        <ele>2008</ele>
      </trkpt>
      <trkpt lat="45.6633083" lon="7.9140437">
        <ele>2008</ele>
      </trkpt>
      <trkpt lat="45.6633988" lon="7.9140402">
        <ele>2007</ele>
      </trkpt>
      <trkpt lat="45.6634979" lon="7.9140295">
        <ele>2007</ele>
      </trkpt>
      <trkpt lat="45.6635640" lon="7.9140583">
        <ele>2007</ele>
      </trkpt>
      <trkpt lat="45.6636028" lon="7.9139637">
        <ele>2006</ele>
      </trkpt>
      <trkpt lat="45.6637524" lon="7.9137875">
        <ele>2006</ele>
      </trkpt>
      <trkpt lat="45.6638517" lon="7.9136652">
        <ele>2006</ele>
      </trkpt>
      <trkpt lat="45.6639376" lon="7.9135663">
        <ele>2005</ele>
      </trkpt>
      <trkpt lat="45.6639980" lon="7.9135209">
        <ele>2005</ele>
      </trkpt>
      <trkpt lat="45.6640740" lon="7.9135512">
        <ele>2005</ele>
      </trkpt>
      <trkpt lat="45.6641465" lon="7.9136135">
        <ele>2005</ele>
      </trkpt>
      <trkpt lat="45.6642078" lon="7.9136672">
        <ele>2004</ele>
      </trkpt>
      <trkpt lat="45.6642364" lon="7.9136719">
        <ele>2004</ele>
      </trkpt>
      <trkpt lat="45.6642550" lon="7.9136699">
        <ele>2004</ele>
      </trkpt>
      <trkpt lat="45.6642971" lon="7.9136655">
        <ele>2003</ele>
      </trkpt>
      <trkpt lat="45.6643439" lon="7.9136327">
        <ele>2003</ele>
      </trkpt>
      <trkpt lat="45.6643855" lon="7.9135735">
        <ele>2003</ele>
      </trkpt>
      <trkpt lat="45.6644366" lon="7.9134646">
        <ele>2002</ele>
      </trkpt>
      <trkpt lat="45.6644841" lon="7.9132443">
        <ele>2002</ele>
      </trkpt>
      <trkpt lat="45.6645741" lon="7.9129223">
        <ele>2002</ele>
      </trkpt>
      <trkpt lat="45.6646450" lon="7.9126666">
        <ele>2002</ele>
      </trkpt>
      <trkpt lat="45.6646461" lon="7.9126626">
        <ele>2001</ele>
      </trkpt>
      <trkpt lat="45.6646466" lon="7.9126553">
        <ele>2001</ele>
      </trkpt>
      <trkpt lat="45.6646522" lon="7.9125739">
        <ele>2001</ele>
      </trkpt>
      <trkpt lat="45.6646548" lon="7.9125368">
        <ele>2000</ele>
      </trkpt>
      <trkpt lat="45.6646307" lon="7.9123550">
        <ele>2000</ele>
      </trkpt>
      <trkpt lat="45.6645835" lon="7.9122109">
        <ele>2000</ele>
      </trkpt>
      <trkpt lat="45.6645399" lon="7.9121164">
        <ele>2000</ele>
      </trkpt>
      <trkpt lat="45.6644545" lon="7.9117804">
        <ele>1999</ele>
      </trkpt>
      <trkpt lat="45.6644259" lon="7.9116866">
        <ele>1999</ele>
      </trkpt>
      <trkpt lat="45.6643699" lon="7.9115310">
        <ele>1999</ele>
      </trkpt>
      <trkpt lat="45.6642797" lon="7.9114386">
        <ele>1998</ele>
      </trkpt>
      <trkpt lat="45.6642802" lon="7.9113603">
        <ele>1998</ele>
      </trkpt>
      <trkpt lat="45.6643310" lon="7.9112930">
        <ele>1998</ele>
      </trkpt>
      <trkpt lat="45.6643377" lon="7.9112572">
        <ele>1997</ele>
      </trkpt>
      <trkpt lat="45.6643337" lon="7.9112028">
        <ele>1997</ele>
      </trkpt>
      <trkpt lat="45.6642933" lon="7.9111422">
        <ele>1997</ele>
      </trkpt>
      <trkpt lat="45.6642652" lon="7.9110196">
        <ele>1997</ele>
      </trkpt>
      <trkpt lat="45.6642906" lon="7.9109503">
        <ele>1996</ele>
      </trkpt>
      <trkpt lat="45.6642608" lon="7.9107441">
        <ele>1996</ele>
      </trkpt>
      <trkpt lat="45.6642826" lon="7.9106995">
        <ele>1996</ele>
      </trkpt>
      <trkpt lat="45.6642699" lon="7.9106285">
        <ele>1995</ele>
      </trkpt>
      <trkpt lat="45.6642914" lon="7.9105786">
        <ele>1995</ele>
      </trkpt>
      <trkpt lat="45.6643411" lon="7.9105270">
        <ele>1995</ele>
      </trkpt>
      <trkpt lat="45.6643865" lon="7.9105196">
        <ele>1995</ele>
      </trkpt>
      <trkpt lat="45.6644010" lon="7.9104229">
        <ele>1994</ele>
      </trkpt>
      <trkpt lat="45.6643834" lon="7.9102937">
        <ele>1994</ele>
      </trkpt>
      <trkpt lat="45.6643557" lon="7.9102264">
        <ele>1994</ele>
      </trkpt>
      <trkpt lat="45.6643435" lon="7.9100619">
        <ele>1993</ele>
      </trkpt>
      <trkpt lat="45.6642741" lon="7.9099850">
        <ele>1993</ele>
      </trkpt>
      <trkpt lat="45.6642500" lon="7.9099304">
        <ele>1993</ele>
      </trkpt>
      <trkpt lat="45.6642666" lon="7.9098152">
        <ele>1992</ele>
      </trkpt>
      <trkpt lat="45.6642410" lon="7.9097605">
        <ele>1992</ele>
      </trkpt>
      <trkpt lat="45.6642498" lon="7.9096872">
        <ele>1992</ele>
      </trkpt>
      <trkpt lat="45.6642328" lon="7.9096055">
        <ele>1992</ele>
      </trkpt>
      <trkpt lat="45.6642387" lon="7.9095255">
        <ele>1991</ele>
      </trkpt>
      <trkpt lat="45.6642690" lon="7.9095281">
        <ele>1991</ele>
      </trkpt>
      <trkpt lat="45.6644212" lon="7.9096287">
        <ele>1991</ele>
      </trkpt>
      <trkpt lat="45.6644656" lon="7.9097072">
        <ele>1990</ele>
      </trkpt>
      <trkpt lat="45.6645923" lon="7.9097645">
        <ele>1990</ele>
      </trkpt>
      <trkpt lat="45.6647015" lon="7.9098587">
        <ele>1990</ele>
      </trkpt>
      <trkpt lat="45.6647649" lon="7.9098965">
        <ele>1989</ele>
      </trkpt>
      <trkpt lat="45.6647709" lon="7.9098583">
        <ele>1989</ele>
      </trkpt>
      <trkpt lat="45.6648021" lon="7.9098691">
        <ele>1989</ele>
      </trkpt>
      <trkpt lat="45.6648881" lon="7.9099647">
        <ele>1989</ele>
      </trkpt>
      <trkpt lat="45.6649597" lon="7.9099980">
        <ele>1988</ele>
      </trkpt>
      <trkpt lat="45.6649977" lon="7.9100508">
        <ele>1988</ele>
      </trkpt>
      <trkpt lat="45.6650906" lon="7.9100398">
        <ele>1988</ele>
      </trkpt>
      <trkpt lat="45.6651620" lon="7.9099897">
        <ele>1987</ele>
      </trkpt>
      <trkpt lat="45.6652171" lon="7.9099213">
        <ele>1987</ele>
      </trkpt>
      <trkpt lat="45.6652984" lon="7.9098930">
        <ele>1987</ele>
      </trkpt>
      <trkpt lat="45.6653754" lon="7.9097635">
        <ele>1987</ele>
      </trkpt>
      <trkpt lat="45.6654340" lon="7.9097320">
        <ele>1986</ele>
      </trkpt>
      <trkpt lat="45.6654699" lon="7.9095934">
        <ele>1986</ele>
      </trkpt>
      <trkpt lat="45.6655361" lon="7.9094924">
        <ele>1986</ele>
      </trkpt>
      <trkpt lat="45.6655094" lon="7.9094994">
        <ele>1985</ele>
      </trkpt>
      <trkpt lat="45.6654761" lon="7.9094611">
        <ele>1985</ele>
      </trkpt>
      <trkpt lat="45.6653315" lon="7.9093762">
        <ele>1985</ele>
      </trkpt>
      <trkpt lat="45.6653761" lon="7.9093586">
        <ele>1984</ele>
      </trkpt>
      <trkpt lat="45.6654086" lon="7.9093723">
        <ele>1984</ele>
      </trkpt>
      <trkpt lat="45.6656196" lon="7.9092998">
        <ele>1984</ele>
      </trkpt>
      <trkpt lat="45.6656519" lon="7.9093091">
        <ele>1984</ele>
      </trkpt>
      <trkpt lat="45.6657239" lon="7.9092871">
        <ele>1983</ele>
      </trkpt>
      <trkpt lat="45.6657141" lon="7.9092466">
        <ele>1983</ele>
      </trkpt>
      <trkpt lat="45.6658084" lon="7.9091870">
        <ele>1983</ele>
      </trkpt>
      <trkpt lat="45.6659049" lon="7.9091978">
        <ele>1982</ele>
      </trkpt>
      <trkpt lat="45.6659473" lon="7.9091552">
        <ele>1982</ele>
      </trkpt>
      <trkpt lat="45.6660440" lon="7.9091309">
        <ele>1982</ele>
      </trkpt>
      <trkpt lat="45.6660842" lon="7.9090971">
        <ele>1981</ele>
      </trkpt>
      <trkpt lat="45.6660999" lon="7.9090333">
        <ele>1981</ele>
      </trkpt>
      <trkpt lat="45.6661371" lon="7.9090413">
        <ele>1981</ele>
      </trkpt>
      <trkpt lat="45.6661906" lon="7.9089684">
        <ele>1981</ele>
      </trkpt>
      <trkpt lat="45.6662951" lon="7.9089437">
        <ele>1980</ele>
      </trkpt>
      <trkpt lat="45.6662980" lon="7.9089004">
        <ele>1980</ele>
      </trkpt>
      <trkpt lat="45.6663372" lon="7.9088729">
        <ele>1980</ele>
      </trkpt>
      <trkpt lat="45.6662937" lon="7.9087648">
        <ele>1979</ele>
      </trkpt>
      <trkpt lat="45.6662858" lon="7.9087072">
        <ele>1979</ele>
      </trkpt>
      <trkpt lat="45.6663009" lon="7.9086097">
        <ele>1979</ele>
      </trkpt>
      <trkpt lat="45.6663402" lon="7.9084606">
        <ele>1979</ele>
      </trkpt>
      <trkpt lat="45.6663905" lon="7.9083531">
        <ele>1978</ele>
      </trkpt>
      <trkpt lat="45.6664469" lon="7.9081703">
        <ele>1978</ele>
      </trkpt>
      <trkpt lat="45.6665318" lon="7.9080623">
        <ele>1978</ele>
      </trkpt>
      <trkpt lat="45.6665720" lon="7.9079048">
        <ele>1977</ele>
      </trkpt>
      <trkpt lat="45.6665604" lon="7.9076975">
        <ele>1977</ele>
      </trkpt>
      <trkpt lat="45.6665915" lon="7.9074976">
        <ele>1977</ele>
      </trkpt>
      <trkpt lat="45.6665745" lon="7.9073822">
        <ele>1976</ele>
      </trkpt>
      <trkpt lat="45.6665846" lon="7.9072839">
        <ele>1976</ele>
      </trkpt>
      <trkpt lat="45.6666171" lon="7.9072735">
        <ele>1976</ele>
      </trkpt>
      <trkpt lat="45.6667217" lon="7.9073783">
        <ele>1976</ele>
      </trkpt>
      <trkpt lat="45.6667342" lon="7.9073040">
        <ele>1975</ele>
      </trkpt>
      <trkpt lat="45.6667533" lon="7.9073081">
        <ele>1975</ele>
      </trkpt>
      <trkpt lat="45.6668015" lon="7.9072164">
        <ele>1975</ele>
      </trkpt>
      <trkpt lat="45.6668402" lon="7.9072834">
        <ele>1974</ele>
      </trkpt>
      <trkpt lat="45.6669109" lon="7.9073501">
        <ele>1974</ele>
      </trkpt>
      <trkpt lat="45.6669272" lon="7.9072478">
        <ele>1974</ele>
      </trkpt>
      <trkpt lat="45.6669692" lon="7.9072517">
        <ele>1973</ele>
      </trkpt>
      <trkpt lat="45.6670066" lon="7.9071669">
        <ele>1973</ele>
      </trkpt>
      <trkpt lat="45.6670221" lon="7.9071957">
        <ele>1973</ele>
      </trkpt>
      <trkpt lat="45.6670465" lon="7.9071995">
        <ele>1973</ele>
      </trkpt>
      <trkpt lat="45.6670646" lon="7.9071560">
        <ele>1972</ele>
      </trkpt>
      <trkpt lat="45.6671790" lon="7.9073971">
        <ele>1972</ele>
      </trkpt>
      <trkpt lat="45.6671936" lon="7.9073972">
        <ele>1972</ele>
      </trkpt>
      <trkpt lat="45.6672126" lon="7.9073516">
        <ele>1971</ele>
      </trkpt>
      <trkpt lat="45.6672321" lon="7.9072154">
        <ele>1971</ele>
      </trkpt>
      <trkpt lat="45.6672568" lon="7.9072289">
        <ele>1971</ele>
      </trkpt>
      <trkpt lat="45.6673180" lon="7.9074045">
        <ele>1971</ele>
      </trkpt>
      <trkpt lat="45.6673748" lon="7.9072518">
        <ele>1970</ele>
      </trkpt>
      <trkpt lat="45.6674371" lon="7.9071661">
        <ele>1970</ele>
      </trkpt>
      <trkpt lat="45.6674567" lon="7.9071921">
        <ele>1970</ele>
      </trkpt>
      <trkpt lat="45.6674594" lon="7.9072978">
        <ele>1969</ele>
      </trkpt>
      <trkpt lat="45.6674886" lon="7.9073548">
        <ele>1969</ele>
      </trkpt>
      <trkpt lat="45.6675750" lon="7.9072259">
        <ele>1969</ele>
      </trkpt>
      <trkpt lat="45.6676021" lon="7.9072335">
        <ele>1968</ele>
      </trkpt>
      <trkpt lat="45.6676278" lon="7.9073126">
        <ele>1968</ele>
      </trkpt>
      <trkpt lat="45.6676830" lon="7.9072620">
        <ele>1968</ele>
      </trkpt>
      <trkpt lat="45.6676876" lon="7.9073003">
        <ele>1968</ele>
      </trkpt>
      <trkpt lat="45.6677366" lon="7.9072544">
        <ele>1967</ele>
      </trkpt>
      <trkpt lat="45.6677546" lon="7.9072798">
        <ele>1967</ele>
      </trkpt>
      <trkpt lat="45.6677575" lon="7.9074077">
        <ele>1967</ele>
      </trkpt>
      <trkpt lat="45.6677855" lon="7.9074807">
        <ele>1966</ele>
      </trkpt>
      <trkpt lat="45.6678505" lon="7.9074317">
        <ele>1966</ele>
      </trkpt>
      <trkpt lat="45.6678636" lon="7.9073994">
        <ele>1966</ele>
      </trkpt>
      <trkpt lat="45.6678847" lon="7.9072049">
        <ele>1965</ele>
      </trkpt>
      <trkpt lat="45.6678721" lon="7.9071195">
        <ele>1965</ele>
      </trkpt>
      <trkpt lat="45.6678850" lon="7.9069025">
        <ele>1965</ele>
      </trkpt>
      <trkpt lat="45.6679467" lon="7.9068961">
        <ele>1965</ele>
      </trkpt>
      <trkpt lat="45.6680065" lon="7.9069823">
        <ele>1964</ele>
      </trkpt>
      <trkpt lat="45.6681074" lon="7.9070277">
        <ele>1964</ele>
      </trkpt>
      <trkpt lat="45.6681285" lon="7.9070556">
        <ele>1964</ele>
      </trkpt>
      <trkpt lat="45.6681557" lon="7.9070013">
        <ele>1963</ele>
      </trkpt>
      <trkpt lat="45.6681880" lon="7.9070668">
        <ele>1963</ele>
      </trkpt>
      <trkpt lat="45.6682047" lon="7.9070545">
        <ele>1963</ele>
      </trkpt>
      <trkpt lat="45.6681943" lon="7.9068461">
        <ele>1963</ele>
      </trkpt>
      <trkpt lat="45.6682050" lon="7.9067969">
        <ele>1962</ele>
      </trkpt>
      <trkpt lat="45.6681732" lon="7.9067153">
        <ele>1962</ele>
      </trkpt>
      <trkpt lat="45.6681611" lon="7.9065963">
        <ele>1962</ele>
      </trkpt>
      <trkpt lat="45.6682756" lon="7.9061481">
        <ele>1961</ele>
      </trkpt>
      <trkpt lat="45.6683963" lon="7.9063200">
        <ele>1961</ele>
      </trkpt>
      <trkpt lat="45.6685048" lon="7.9060557">
        <ele>1961</ele>
      </trkpt>
      <trkpt lat="45.6685104" lon="7.9060497">
        <ele>1960</ele>
      </trkpt>
      <trkpt lat="45.6685778" lon="7.9060843">
        <ele>1960</ele>
      </trkpt>
      <trkpt lat="45.6686086" lon="7.9060216">
        <ele>1960</ele>
      </trkpt>
      <trkpt lat="45.6686208" lon="7.9059775">
        <ele>1960</ele>
      </trkpt>
      <trkpt lat="45.6686588" lon="7.9059078">
        <ele>1959</ele>
      </trkpt>
      <trkpt lat="45.6687107" lon="7.9058457">
        <ele>1959</ele>
      </trkpt>
      <trkpt lat="45.6687758" lon="7.9057651">
        <ele>1959</ele>
      </trkpt>
      <trkpt lat="45.6688376" lon="7.9058535">
        <ele>1958</ele>
      </trkpt>
      <trkpt lat="45.6689174" lon="7.9058554">
        <ele>1958</ele>
      </trkpt>
      <trkpt lat="45.6689362" lon="7.9058034">
        <ele>1958</ele>
      </trkpt>
      <trkpt lat="45.6689788" lon="7.9057078">
        <ele>1958</ele>
      </trkpt>
      <trkpt lat="45.6690443" lon="7.9056117">
        <ele>1957</ele>
      </trkpt>
      <trkpt lat="45.6690762" lon="7.9055405">
        <ele>1957</ele>
      </trkpt>
      <trkpt lat="45.6691032" lon="7.9054607">
        <ele>1957</ele>
      </trkpt>
      <trkpt lat="45.6691173" lon="7.9054191">
        <ele>1956</ele>
      </trkpt>
      <trkpt lat="45.6691283" lon="7.9053876">
        <ele>1956</ele>
      </trkpt>
      <trkpt lat="45.6692170" lon="7.9053981">
        <ele>1956</ele>
      </trkpt>
      <trkpt lat="45.6692241" lon="7.9054587">
        <ele>1955</ele>
      </trkpt>
      <trkpt lat="45.6692958" lon="7.9055480">
        <ele>1955</ele>
      </trkpt>
      <trkpt lat="45.6693740" lon="7.9057354">
        <ele>1955</ele>
      </trkpt>
      <trkpt lat="45.6693873" lon="7.9057256">
        <ele>1955</ele>
      </trkpt>
      <trkpt lat="45.6694180" lon="7.9055352">
        <ele>1954</ele>
      </trkpt>
      <trkpt lat="45.6694571" lon="7.9055156">
        <ele>1954</ele>
      </trkpt>
      <trkpt lat="45.6695059" lon="7.9055535">
        <ele>1954</ele>
      </trkpt>
      <trkpt lat="45.6695014" lon="7.9054322">
        <ele>1953</ele>
      </trkpt>
      <trkpt lat="45.6695320" lon="7.9054144">
        <ele>1953</ele>
      </trkpt>
      <trkpt lat="45.6695878" lon="7.9054285">
        <ele>1953</ele>
      </trkpt>
      <trkpt lat="45.6696327" lon="7.9052792">
        <ele>1952</ele>
      </trkpt>
      <trkpt lat="45.6696615" lon="7.9052571">
        <ele>1952</ele>
      </trkpt>
      <trkpt lat="45.6696835" lon="7.9051984">
        <ele>1952</ele>
      </trkpt>
      <trkpt lat="45.6697897" lon="7.9051173">
        <ele>1952</ele>
      </trkpt>
      <trkpt lat="45.6698622" lon="7.9050907">
        <ele>1951</ele>
      </trkpt>
      <trkpt lat="45.6698819" lon="7.9050364">
        <ele>1951</ele>
      </trkpt>
      <trkpt lat="45.6699144" lon="7.9050527">
        <ele>1951</ele>
      </trkpt>
      <trkpt lat="45.6699394" lon="7.9050424">
        <ele>1950</ele>
      </trkpt>
      <trkpt lat="45.6700355" lon="7.9051104">
        <ele>1950</ele>
      </trkpt>
      <trkpt lat="45.6701604" lon="7.9051342">
        <ele>1950</ele>
      </trkpt>
      <trkpt lat="45.6702018" lon="7.9051115">
        <ele>1950</ele>
      </trkpt>
      <trkpt lat="45.6702458" lon="7.9051551">
        <ele>1949</ele>
      </trkpt>
      <trkpt lat="45.6702735" lon="7.9050716">
        <ele>1949</ele>
      </trkpt>
      <trkpt lat="45.6703058" lon="7.9050470">
        <ele>1949</ele>
      </trkpt>
      <trkpt lat="45.6703240" lon="7.9050663">
        <ele>1948</ele>
      </trkpt>
      <trkpt lat="45.6704459" lon="7.9049538">
        <ele>1948</ele>
      </trkpt>
      <trkpt lat="45.6704801" lon="7.9049437">
        <ele>1948</ele>
      </trkpt>
      <trkpt lat="45.6705306" lon="7.9049708">
        <ele>1947</ele>
      </trkpt>
      <trkpt lat="45.6705807" lon="7.9050506">
        <ele>1947</ele>
      </trkpt>
      <trkpt lat="45.6705987" lon="7.9050365">
        <ele>1947</ele>
      </trkpt>
      <trkpt lat="45.6707213" lon="7.9050985">
        <ele>1947</ele>
      </trkpt>
      <trkpt lat="45.6707708" lon="7.9051574">
        <ele>1946</ele>
      </trkpt>
      <trkpt lat="45.6708149" lon="7.9052679">
        <ele>1946</ele>
      </trkpt>
      <trkpt lat="45.6708436" lon="7.9052806">
        <ele>1946</ele>
      </trkpt>
      <trkpt lat="45.6709023" lon="7.9052588">
        <ele>1945</ele>
      </trkpt>
      <trkpt lat="45.6709386" lon="7.9053039">
        <ele>1945</ele>
      </trkpt>
      <trkpt lat="45.6709889" lon="7.9053012">
        <ele>1945</ele>
      </trkpt>
      <trkpt lat="45.6709955" lon="7.9052711">
        <ele>1944</ele>
      </trkpt>
      <trkpt lat="45.6709635" lon="7.9051488">
        <ele>1944</ele>
      </trkpt>
      <trkpt lat="45.6710624" lon="7.9051686">
        <ele>1944</ele>
      </trkpt>
      <trkpt lat="45.6711646" lon="7.9052239">
        <ele>1944</ele>
      </trkpt>
      <trkpt lat="45.6712127" lon="7.9053263">
        <ele>1943</ele>
      </trkpt>
      <trkpt lat="45.6712683" lon="7.9053382">
        <ele>1943</ele>
      </trkpt>
      <trkpt lat="45.6713277" lon="7.9053201">
        <ele>1943</ele>
      </trkpt>
      <trkpt lat="45.6713608" lon="7.9053625">
        <ele>1942</ele>
      </trkpt>
      <trkpt lat="45.6713771" lon="7.9053400">
        <ele>1942</ele>
      </trkpt>
      <trkpt lat="45.6714188" lon="7.9053431">
        <ele>1942</ele>
      </trkpt>
      <trkpt lat="45.6714474" lon="7.9054207">
        <ele>1942</ele>
      </trkpt>
      <trkpt lat="45.6714521" lon="7.9055764">
        <ele>1941</ele>
      </trkpt>
      <trkpt lat="45.6715149" lon="7.9056560">
        <ele>1941</ele>
      </trkpt>
      <trkpt lat="45.6715679" lon="7.9053261">
        <ele>1941</ele>
      </trkpt>
      <trkpt lat="45.6715618" lon="7.9052277">
        <ele>1940</ele>
      </trkpt>
      <trkpt lat="45.6714943" lon="7.9051579">
        <ele>1940</ele>
      </trkpt>
      <trkpt lat="45.6715467" lon="7.9050628">
        <ele>1940</ele>
      </trkpt>
      <trkpt lat="45.6715271" lon="7.9049931">
        <ele>1939</ele>
      </trkpt>
      <trkpt lat="45.6715406" lon="7.9049758">
        <ele>1939</ele>
      </trkpt>
      <trkpt lat="45.6716053" lon="7.9050177">
        <ele>1939</ele>
      </trkpt>
      <trkpt lat="45.6716577" lon="7.9050212">
        <ele>1939</ele>
      </trkpt>
      <trkpt lat="45.6716147" lon="7.9048274">
        <ele>1938</ele>
      </trkpt>
      <trkpt lat="45.6716317" lon="7.9048064">
        <ele>1938</ele>
      </trkpt>
      <trkpt lat="45.6716907" lon="7.9047960">
        <ele>1938</ele>
      </trkpt>
      <trkpt lat="45.6716732" lon="7.9047297">
        <ele>1937</ele>
      </trkpt>
      <trkpt lat="45.6717271" lon="7.9047317">
        <ele>1937</ele>
      </trkpt>
      <trkpt lat="45.6717196" lon="7.9046287">
        <ele>1937</ele>
      </trkpt>
      <trkpt lat="45.6717507" lon="7.9046142">
        <ele>1936</ele>
      </trkpt>
      <trkpt lat="45.6717683" lon="7.9046359">
        <ele>1936</ele>
      </trkpt>
      <trkpt lat="45.6718465" lon="7.9046338">
        <ele>1936</ele>
      </trkpt>
      <trkpt lat="45.6719362" lon="7.9046136">
        <ele>1936</ele>
      </trkpt>
      <trkpt lat="45.6720006" lon="7.9046536">
        <ele>1935</ele>
      </trkpt>
      <trkpt lat="45.6720340" lon="7.9047772">
        <ele>1935</ele>
      </trkpt>
      <trkpt lat="45.6720358" lon="7.9048796">
        <ele>1935</ele>
      </trkpt>
      <trkpt lat="45.6720646" lon="7.9048958">
        <ele>1934</ele>
      </trkpt>
      <trkpt lat="45.6720648" lon="7.9049735">
        <ele>1934</ele>
      </trkpt>
      <trkpt lat="45.6721210" lon="7.9051857">
        <ele>1934</ele>
      </trkpt>
      <trkpt lat="45.6721467" lon="7.9051966">
        <ele>1934</ele>
      </trkpt>
      <trkpt lat="45.6722708" lon="7.9050477">
        <ele>1933</ele>
      </trkpt>
      <trkpt lat="45.6723425" lon="7.9049054">
        <ele>1933</ele>
      </trkpt>
      <trkpt lat="45.6723777" lon="7.9047016">
        <ele>1933</ele>
      </trkpt>
      <trkpt lat="45.6723726" lon="7.9045536">
        <ele>1932</ele>
      </trkpt>
      <trkpt lat="45.6724015" lon="7.9044725">
        <ele>1932</ele>
      </trkpt>
      <trkpt lat="45.6724596" lon="7.9044958">
        <ele>1932</ele>
      </trkpt>
      <trkpt lat="45.6725041" lon="7.9045665">
        <ele>1931</ele>
      </trkpt>
      <trkpt lat="45.6725437" lon="7.9046834">
        <ele>1931</ele>
      </trkpt>
      <trkpt lat="45.6725684" lon="7.9046543">
        <ele>1931</ele>
      </trkpt>
      <trkpt lat="45.6726217" lon="7.9046785">
        <ele>1931</ele>
      </trkpt>
      <trkpt lat="45.6726515" lon="7.9047860">
        <ele>1930</ele>
      </trkpt>
      <trkpt lat="45.6727268" lon="7.9049086">
        <ele>1930</ele>
      </trkpt>
      <trkpt lat="45.6727673" lon="7.9049607">
        <ele>1930</ele>
      </trkpt>
      <trkpt lat="45.6728214" lon="7.9049719">
        <ele>1929</ele>
      </trkpt>
      <trkpt lat="45.6728502" lon="7.9049493">
        <ele>1929</ele>
      </trkpt>
      <trkpt lat="45.6728856" lon="7.9048415">
        <ele>1929</ele>
      </trkpt>
      <trkpt lat="45.6729431" lon="7.9047317">
        <ele>1929</ele>
      </trkpt>
      <trkpt lat="45.6729864" lon="7.9047040">
        <ele>1928</ele>
      </trkpt>
      <trkpt lat="45.6731955" lon="7.9046690">
        <ele>1928</ele>
      </trkpt>
      <trkpt lat="45.6733255" lon="7.9045731">
        <ele>1928</ele>
      </trkpt>
      <trkpt lat="45.6733639" lon="7.9045634">
        <ele>1927</ele>
      </trkpt>
      <trkpt lat="45.6734752" lon="7.9046566">
        <ele>1927</ele>
      </trkpt>
      <trkpt lat="45.6735900" lon="7.9046426">
        <ele>1927</ele>
      </trkpt>
      <trkpt lat="45.6737581" lon="7.9046677">
        <ele>1926</ele>
      </trkpt>
      <trkpt lat="45.6738125" lon="7.9046302">
        <ele>1926</ele>
      </trkpt>
      <trkpt lat="45.6738696" lon="7.9045082">
        <ele>1926</ele>
      </trkpt>
      <trkpt lat="45.6739213" lon="7.9044488">
        <ele>1926</ele>
      </trkpt>
      <trkpt lat="45.6739399" lon="7.9043440">
        <ele>1925</ele>
      </trkpt>
      <trkpt lat="45.6739161" lon="7.9042234">
        <ele>1925</ele>
      </trkpt>
      <trkpt lat="45.6739202" lon="7.9041756">
        <ele>1925</ele>
      </trkpt>
      <trkpt lat="45.6740117" lon="7.9041938">
        <ele>1924</ele>
      </trkpt>
      <trkpt lat="45.6740385" lon="7.9041098">
        <ele>1924</ele>
      </trkpt>
      <trkpt lat="45.6740566" lon="7.9039477">
        <ele>1924</ele>
      </trkpt>
      <trkpt lat="45.6741005" lon="7.9037632">
        <ele>1923</ele>
      </trkpt>
      <trkpt lat="45.6741508" lon="7.9036943">
        <ele>1923</ele>
      </trkpt>
      <trkpt lat="45.6741574" lon="7.9036011">
        <ele>1923</ele>
      </trkpt>
      <trkpt lat="45.6742594" lon="7.9034689">
        <ele>1923</ele>
      </trkpt>
      <trkpt lat="45.6743166" lon="7.9034254">
        <ele>1922</ele>
      </trkpt>
      <trkpt lat="45.6743802" lon="7.9032327">
        <ele>1922</ele>
      </trkpt>
      <trkpt lat="45.6744487" lon="7.9031567">
        <ele>1922</ele>
      </trkpt>
      <trkpt lat="45.6745005" lon="7.9031522">
        <ele>1921</ele>
      </trkpt>
      <trkpt lat="45.6744515" lon="7.9031194">
        <ele>1921</ele>
      </trkpt>
      <trkpt lat="45.6744407" lon="7.9030850">
        <ele>1921</ele>
      </trkpt>
      <trkpt lat="45.6745420" lon="7.9029442">
        <ele>1921</ele>
      </trkpt>
      <trkpt lat="45.6745843" lon="7.9028266">
        <ele>1920</ele>
      </trkpt>
      <trkpt lat="45.6745610" lon="7.9028175">
        <ele>1920</ele>
      </trkpt>
      <trkpt lat="45.6745650" lon="7.9027676">
        <ele>1920</ele>
      </trkpt>
      <trkpt lat="45.6746066" lon="7.9027144">
        <ele>1919</ele>
      </trkpt>
      <trkpt lat="45.6745262" lon="7.9027484">
        <ele>1919</ele>
      </trkpt>
      <trkpt lat="45.6745257" lon="7.9026955">
        <ele>1919</ele>
      </trkpt>
      <trkpt lat="45.6746300" lon="7.9024391">
        <ele>1918</ele>
      </trkpt>
      <trkpt lat="45.6746816" lon="7.9021529">
        <ele>1918</ele>
      </trkpt>
      <trkpt lat="45.6747648" lon="7.9019564">
        <ele>1918</ele>
      </trkpt>
      <trkpt lat="45.6747848" lon="7.9018534">
        <ele>1918</ele>
      </trkpt>
      <trkpt lat="45.6747544" lon="7.9017932">
        <ele>1917</ele>
      </trkpt>
      <trkpt lat="45.6748386" lon="7.9016725">
        <ele>1917</ele>
      </trkpt>
      <trkpt lat="45.6748604" lon="7.9015844">
        <ele>1917</ele>
      </trkpt>
      <trkpt lat="45.6748547" lon="7.9015390">
        <ele>1916</ele>
      </trkpt>
      <trkpt lat="45.6749240" lon="7.9012968">
        <ele>1916</ele>
      </trkpt>
      <trkpt lat="45.6749160" lon="7.9012409">
        <ele>1916</ele>
      </trkpt>
      <trkpt lat="45.6749464" lon="7.9010961">
        <ele>1915</ele>
      </trkpt>
      <trkpt lat="45.6749762" lon="7.9010519">
        <ele>1915</ele>
      </trkpt>
      <trkpt lat="45.6749863" lon="7.9009365">
        <ele>1915</ele>
      </trkpt>
      <trkpt lat="45.6750437" lon="7.9008873">
        <ele>1915</ele>
      </trkpt>
      <trkpt lat="45.6750739" lon="7.9007422">
        <ele>1914</ele>
      </trkpt>
      <trkpt lat="45.6751102" lon="7.9006640">
        <ele>1914</ele>
      </trkpt>
      <trkpt lat="45.6751112" lon="7.9005770">
        <ele>1914</ele>
      </trkpt>
      <trkpt lat="45.6750812" lon="7.9005969">
        <ele>1913</ele>
      </trkpt>
      <trkpt lat="45.6750917" lon="7.9005499">
        <ele>1913</ele>
      </trkpt>
      <trkpt lat="45.6750817" lon="7.9004325">
        <ele>1913</ele>
      </trkpt>
      <trkpt lat="45.6751377" lon="7.9003112">
        <ele>1913</ele>
      </trkpt>
      <trkpt lat="45.6751760" lon="7.9001010">
        <ele>1912</ele>
      </trkpt>
      <trkpt lat="45.6751712" lon="7.8999904">
        <ele>1912</ele>
      </trkpt>
      <trkpt lat="45.6751932" lon="7.8999263">
        <ele>1912</ele>
      </trkpt>
      <trkpt lat="45.6751975" lon="7.8998553">
        <ele>1911</ele>
      </trkpt>
      <trkpt lat="45.6753045" lon="7.8996043">
        <ele>1911</ele>
      </trkpt>
      <trkpt lat="45.6753143" lon="7.8995235">
        <ele>1911</ele>
      </trkpt>
      <trkpt lat="45.6752998" lon="7.8992953">
        <ele>1910</ele>
      </trkpt>
      <trkpt lat="45.6753710" lon="7.8991797">
        <ele>1910</ele>
      </trkpt>
      <trkpt lat="45.6753600" lon="7.8990777">
        <ele>1910</ele>
      </trkpt>
      <trkpt lat="45.6753579" lon="7.8987423">
        <ele>1910</ele>
      </trkpt>
      <trkpt lat="45.6753411" lon="7.8985560">
        <ele>1909</ele>
      </trkpt>
      <trkpt lat="45.6753585" lon="7.8984990">
        <ele>1909</ele>
      </trkpt>
      <trkpt lat="45.6753775" lon="7.8982645">
        <ele>1909</ele>
      </trkpt>
      <trkpt lat="45.6754238" lon="7.8981303">
        <ele>1908</ele>
      </trkpt>
      <trkpt lat="45.6754083" lon="7.8980812">
        <ele>1908</ele>
      </trkpt>
      <trkpt lat="45.6754231" lon="7.8980032">
        <ele>1908</ele>
      </trkpt>
      <trkpt lat="45.6755183" lon="7.8978365">
        <ele>1907</ele>
      </trkpt>
      <trkpt lat="45.6755343" lon="7.8977802">
        <ele>1907</ele>
      </trkpt>
      <trkpt lat="45.6755768" lon="7.8976887">
        <ele>1907</ele>
      </trkpt>
      <trkpt lat="45.6756676" lon="7.8975193">
        <ele>1907</ele>
      </trkpt>
      <trkpt lat="45.6756834" lon="7.8974450">
        <ele>1906</ele>
      </trkpt>
      <trkpt lat="45.6757806" lon="7.8972950">
        <ele>1906</ele>
      </trkpt>
      <trkpt lat="45.6758168" lon="7.8972083">
        <ele>1906</ele>
      </trkpt>
      <trkpt lat="45.6759198" lon="7.8970601">
        <ele>1905</ele>
      </trkpt>
      <trkpt lat="45.6759668" lon="7.8970826">
        <ele>1905</ele>
      </trkpt>
      <trkpt lat="45.6760866" lon="7.8970803">
        <ele>1905</ele>
      </trkpt>
      <trkpt lat="45.6761661" lon="7.8970596">
        <ele>1905</ele>
      </trkpt>
      <trkpt lat="45.6762401" lon="7.8970543">
        <ele>1904</ele>
      </trkpt>
      <trkpt lat="45.6763629" lon="7.8969611">
        <ele>1904</ele>
      </trkpt>
      <trkpt lat="45.6763994" lon="7.8969136">
        <ele>1904</ele>
      </trkpt>
      <trkpt lat="45.6764531" lon="7.8969173">
        <ele>1903</ele>
      </trkpt>
      <trkpt lat="45.6765648" lon="7.8968084">
        <ele>1903</ele>
      </trkpt>
      <trkpt lat="45.6766053" lon="7.8967864">
        <ele>1903</ele>
      </trkpt>
      <trkpt lat="45.6767368" lon="7.8965929">
        <ele>1902</ele>
      </trkpt>
      <trkpt lat="45.6767615" lon="7.8965882">
        <ele>1902</ele>
      </trkpt>
      <trkpt lat="45.6768566" lon="7.8964129">
        <ele>1902</ele>
      </trkpt>
      <trkpt lat="45.6770483" lon="7.8963699">
        <ele>1902</ele>
      </trkpt>
      <trkpt lat="45.6770743" lon="7.8963046">
        <ele>1901</ele>
      </trkpt>
      <trkpt lat="45.6771239" lon="7.8962404">
        <ele>1901</ele>
      </trkpt>
      <trkpt lat="45.6772011" lon="7.8962211">
        <ele>1901</ele>
      </trkpt>
      <trkpt lat="45.6772615" lon="7.8962461">
        <ele>1900</ele>
      </trkpt>
      <trkpt lat="45.6772113" lon="7.8962706">
        <ele>1900</ele>
      </trkpt>
      <trkpt lat="45.6771698" lon="7.8963498">
        <ele>1900</ele>
      </trkpt>
      <trkpt lat="45.6771646" lon="7.8964239">
        <ele>1899</ele>
      </trkpt>
      <trkpt lat="45.6772049" lon="7.8964249">
        <ele>1899</ele>
      </trkpt>
      <trkpt lat="45.6772510" lon="7.8963945">
        <ele>1899</ele>
      </trkpt>
      <trkpt lat="45.6772931" lon="7.8964026">
        <ele>1899</ele>
      </trkpt>
      <trkpt lat="45.6773020" lon="7.8964185">
        <ele>1898</ele>
      </trkpt>
      <trkpt lat="45.6772796" lon="7.8964237">
        <ele>1898</ele>
      </trkpt>
      <trkpt lat="45.6773264" lon="7.8965331">
        <ele>1898</ele>
      </trkpt>
      <trkpt lat="45.6772937" lon="7.8965618">
        <ele>1897</ele>
      </trkpt>
      <trkpt lat="45.6772630" lon="7.8966433">
        <ele>1897</ele>
      </trkpt>
      <trkpt lat="45.6772708" lon="7.8966828">
        <ele>1897</ele>
      </trkpt>
      <trkpt lat="45.6773077" lon="7.8966160">
        <ele>1897</ele>
      </trkpt>
      <trkpt lat="45.6773551" lon="7.8965782">
        <ele>1896</ele>
      </trkpt>
      <trkpt lat="45.6773990" lon="7.8965782">
        <ele>1896</ele>
      </trkpt>
      <trkpt lat="45.6774161" lon="7.8966013">
        <ele>1896</ele>
      </trkpt>
      <trkpt lat="45.6773538" lon="7.8966349">
        <ele>1895</ele>
      </trkpt>
      <trkpt lat="45.6773221" lon="7.8966662">
        <ele>1895</ele>
      </trkpt>
      <trkpt lat="45.6772951" lon="7.8967501">
        <ele>1895</ele>
      </trkpt>
      <trkpt lat="45.6772897" lon="7.8968102">
        <ele>1894</ele>
      </trkpt>
      <trkpt lat="45.6773043" lon="7.8968228">
        <ele>1894</ele>
      </trkpt>
      <trkpt lat="45.6773456" lon="7.8967876">
        <ele>1894</ele>
      </trkpt>
      <trkpt lat="45.6773785" lon="7.8967516">
        <ele>1894</ele>
      </trkpt>
      <trkpt lat="45.6773846" lon="7.8967815">
        <ele>1893</ele>
      </trkpt>
      <trkpt lat="45.6774310" lon="7.8967729">
        <ele>1893</ele>
      </trkpt>
      <trkpt lat="45.6774729" lon="7.8967926">
        <ele>1893</ele>
      </trkpt>
      <trkpt lat="45.6775469" lon="7.8968640">
        <ele>1892</ele>
      </trkpt>
      <trkpt lat="45.6775991" lon="7.8968522">
        <ele>1892</ele>
      </trkpt>
      <trkpt lat="45.6776545" lon="7.8968003">
        <ele>1892</ele>
      </trkpt>
      <trkpt lat="45.6776953" lon="7.8968044">
        <ele>1892</ele>
      </trkpt>
      <trkpt lat="45.6778065" lon="7.8967475">
        <ele>1891</ele>
      </trkpt>
      <trkpt lat="45.6778283" lon="7.8967807">
        <ele>1891</ele>
      </trkpt>
      <trkpt lat="45.6778742" lon="7.8967501">
        <ele>1891</ele>
      </trkpt>
      <trkpt lat="45.6779480" lon="7.8967890">
        <ele>1890</ele>
      </trkpt>
      <trkpt lat="45.6779781" lon="7.8968410">
        <ele>1890</ele>
      </trkpt>
      <trkpt lat="45.6779737" lon="7.8969547">
        <ele>1890</ele>
      </trkpt>
      <trkpt lat="45.6780108" lon="7.8968548">
        <ele>1889</ele>
      </trkpt>
      <trkpt lat="45.6780310" lon="7.8968396">
        <ele>1889</ele>
      </trkpt>
      <trkpt lat="45.6782121" lon="7.8968677">
        <ele>1889</ele>
      </trkpt>
      <trkpt lat="45.6782792" lon="7.8967850">
        <ele>1889</ele>
      </trkpt>
      <trkpt lat="45.6782886" lon="7.8967320">
        <ele>1888</ele>
      </trkpt>
      <trkpt lat="45.6783140" lon="7.8966970">
        <ele>1888</ele>
      </trkpt>
      <trkpt lat="45.6783545" lon="7.8967320">
        <ele>1888</ele>
      </trkpt>
      <trkpt lat="45.6783723" lon="7.8967100">
        <ele>1887</ele>
      </trkpt>
      <trkpt lat="45.6783663" lon="7.8966544">
        <ele>1887</ele>
      </trkpt>
      <trkpt lat="45.6783806" lon="7.8966387">
        <ele>1887</ele>
      </trkpt>
      <trkpt lat="45.6783454" lon="7.8965481">
        <ele>1886</ele>
      </trkpt>
      <trkpt lat="45.6783690" lon="7.8965231">
        <ele>1886</ele>
      </trkpt>
      <trkpt lat="45.6783763" lon="7.8964805">
        <ele>1886</ele>
      </trkpt>
      <trkpt lat="45.6784020" lon="7.8964942">
        <ele>1886</ele>
      </trkpt>
      <trkpt lat="45.6784255" lon="7.8964818">
        <ele>1885</ele>
      </trkpt>
      <trkpt lat="45.6784532" lon="7.8964899">
        <ele>1885</ele>
      </trkpt>
      <trkpt lat="45.6784486" lon="7.8965342">
        <ele>1885</ele>
      </trkpt>
      <trkpt lat="45.6784655" lon="7.8965678">
        <ele>1884</ele>
      </trkpt>
      <trkpt lat="45.6784840" lon="7.8965612">
        <ele>1884</ele>
      </trkpt>
      <trkpt lat="45.6785106" lon="7.8966198">
        <ele>1884</ele>
      </trkpt>
      <trkpt lat="45.6785378" lon="7.8965679">
        <ele>1884</ele>
      </trkpt>
      <trkpt lat="45.6785840" lon="7.8965797">
        <ele>1883</ele>
      </trkpt>
      <trkpt lat="45.6786227" lon="7.8966370">
        <ele>1883</ele>
      </trkpt>
      <trkpt lat="45.6786741" lon="7.8966693">
        <ele>1883</ele>
      </trkpt>
      <trkpt lat="45.6786925" lon="7.8965877">
        <ele>1882</ele>
      </trkpt>
      <trkpt lat="45.6787333" lon="7.8965763">
        <ele>1882</ele>
      </trkpt>
      <trkpt lat="45.6788108" lon="7.8965953">
        <ele>1882</ele>
      </trkpt>
      <trkpt lat="45.6788047" lon="7.8966206">
        <ele>1881</ele>
      </trkpt>
      <trkpt lat="45.6788337" lon="7.8966215">
        <ele>1881</ele>
      </trkpt>
      <trkpt lat="45.6788201" lon="7.8967071">
        <ele>1881</ele>
      </trkpt>
      <trkpt lat="45.6788344" lon="7.8967140">
        <ele>1881</ele>
      </trkpt>
      <trkpt lat="45.6788887" lon="7.8967030">
        <ele>1880</ele>
      </trkpt>
      <trkpt lat="45.6789663" lon="7.8966227">
        <ele>1880</ele>
      </trkpt>
      <trkpt lat="45.6790067" lon="7.8966743">
        <ele>1880</ele>
      </trkpt>
      <trkpt lat="45.6790439" lon="7.8966853">
        <ele>1879</ele>
      </trkpt>
      <trkpt lat="45.6790728" lon="7.8966651">
        <ele>1879</ele>
      </trkpt>
      <trkpt lat="45.6790964" lon="7.8966832">
        <ele>1879</ele>
      </trkpt>
      <trkpt lat="45.6790911" lon="7.8967168">
        <ele>1878</ele>
      </trkpt>
      <trkpt lat="45.6791166" lon="7.8967027">
        <ele>1878</ele>
      </trkpt>
      <trkpt lat="45.6791455" lon="7.8967197">
        <ele>1878</ele>
      </trkpt>
      <trkpt lat="45.6791349" lon="7.8967643">
        <ele>1878</ele>
      </trkpt>
      <trkpt lat="45.6791744" lon="7.8968408">
        <ele>1877</ele>
      </trkpt>
      <trkpt lat="45.6791897" lon="7.8969288">
        <ele>1877</ele>
      </trkpt>
      <trkpt lat="45.6792150" lon="7.8969528">
        <ele>1877</ele>
      </trkpt>
      <trkpt lat="45.6792175" lon="7.8969944">
        <ele>1876</ele>
      </trkpt>
      <trkpt lat="45.6792520" lon="7.8970111">
        <ele>1876</ele>
      </trkpt>
      <trkpt lat="45.6793423" lon="7.8969623">
        <ele>1876</ele>
      </trkpt>
      <trkpt lat="45.6793369" lon="7.8970038">
        <ele>1876</ele>
      </trkpt>
      <trkpt lat="45.6793023" lon="7.8970452">
        <ele>1875</ele>
      </trkpt>
      <trkpt lat="45.6794220" lon="7.8970813">
        <ele>1875</ele>
      </trkpt>
      <trkpt lat="45.6794017" lon="7.8971618">
        <ele>1875</ele>
      </trkpt>
      <trkpt lat="45.6794251" lon="7.8971837">
        <ele>1874</ele>
      </trkpt>
      <trkpt lat="45.6794580" lon="7.8971748">
        <ele>1874</ele>
      </trkpt>
      <trkpt lat="45.6795169" lon="7.8971787">
        <ele>1874</ele>
      </trkpt>
      <trkpt lat="45.6795561" lon="7.8971116">
        <ele>1873</ele>
      </trkpt>
      <trkpt lat="45.6796642" lon="7.8969561">
        <ele>1873</ele>
      </trkpt>
      <trkpt lat="45.6796780" lon="7.8969516">
        <ele>1873</ele>
      </trkpt>
      <trkpt lat="45.6796894" lon="7.8969551">
        <ele>1873</ele>
      </trkpt>
      <trkpt lat="45.6797066" lon="7.8969738">
        <ele>1872</ele>
      </trkpt>
      <trkpt lat="45.6797143" lon="7.8969918">
        <ele>1872</ele>
      </trkpt>
      <trkpt lat="45.6797055" lon="7.8970056">
        <ele>1872</ele>
      </trkpt>
      <trkpt lat="45.6796761" lon="7.8970178">
        <ele>1871</ele>
      </trkpt>
      <trkpt lat="45.6796707" lon="7.8970297">
        <ele>1871</ele>
      </trkpt>
      <trkpt lat="45.6796836" lon="7.8970366">
        <ele>1871</ele>
      </trkpt>
      <trkpt lat="45.6797444" lon="7.8970466">
        <ele>1870</ele>
      </trkpt>
      <trkpt lat="45.6797594" lon="7.8970612">
        <ele>1870</ele>
      </trkpt>
      <trkpt lat="45.6797315" lon="7.8970844">
        <ele>1870</ele>
      </trkpt>
      <trkpt lat="45.6798412" lon="7.8971564">
        <ele>1870</ele>
      </trkpt>
      <trkpt lat="45.6798903" lon="7.8971735">
        <ele>1869</ele>
      </trkpt>
      <trkpt lat="45.6799076" lon="7.8972243">
        <ele>1869</ele>
      </trkpt>
      <trkpt lat="45.6799577" lon="7.8972274">
        <ele>1869</ele>
      </trkpt>
      <trkpt lat="45.6799960" lon="7.8971930">
        <ele>1868</ele>
      </trkpt>
      <trkpt lat="45.6800369" lon="7.8972379">
        <ele>1868</ele>
      </trkpt>
      <trkpt lat="45.6800526" lon="7.8971905">
        <ele>1868</ele>
      </trkpt>
      <trkpt lat="45.6801553" lon="7.8971131">
        <ele>1868</ele>
      </trkpt>
      <trkpt lat="45.6801840" lon="7.8971030">
        <ele>1867</ele>
      </trkpt>
      <trkpt lat="45.6801998" lon="7.8970838">
        <ele>1867</ele>
      </trkpt>
      <trkpt lat="45.6802323" lon="7.8971082">
        <ele>1867</ele>
      </trkpt>
      <trkpt lat="45.6802447" lon="7.8971523">
        <ele>1866</ele>
      </trkpt>
      <trkpt lat="45.6803568" lon="7.8969733">
        <ele>1866</ele>
      </trkpt>
      <trkpt lat="45.6803687" lon="7.8969901">
        <ele>1866</ele>
      </trkpt>
      <trkpt lat="45.6803451" lon="7.8971173">
        <ele>1865</ele>
      </trkpt>
      <trkpt lat="45.6803726" lon="7.8971097">
        <ele>1865</ele>
      </trkpt>
      <trkpt lat="45.6803736" lon="7.8971370">
        <ele>1865</ele>
      </trkpt>
      <trkpt lat="45.6804264" lon="7.8970950">
        <ele>1865</ele>
      </trkpt>
      <trkpt lat="45.6804264" lon="7.8971691">
        <ele>1864</ele>
      </trkpt>
      <trkpt lat="45.6804421" lon="7.8971834">
        <ele>1864</ele>
      </trkpt>
      <trkpt lat="45.6804941" lon="7.8970740">
        <ele>1864</ele>
      </trkpt>
      <trkpt lat="45.6805343" lon="7.8970502">
        <ele>1863</ele>
      </trkpt>
      <trkpt lat="45.6805415" lon="7.8970816">
        <ele>1863</ele>
      </trkpt>
      <trkpt lat="45.6805738" lon="7.8970437">
        <ele>1863</ele>
      </trkpt>
      <trkpt lat="45.6805827" lon="7.8969991">
        <ele>1862</ele>
      </trkpt>
      <trkpt lat="45.6806102" lon="7.8969845">
        <ele>1862</ele>
      </trkpt>
      <trkpt lat="45.6806133" lon="7.8970823">
        <ele>1862</ele>
      </trkpt>
      <trkpt lat="45.6806700" lon="7.8969609">
        <ele>1862</ele>
      </trkpt>
      <trkpt lat="45.6806907" lon="7.8969636">
        <ele>1861</ele>
      </trkpt>
      <trkpt lat="45.6806929" lon="7.8970913">
        <ele>1861</ele>
      </trkpt>
      <trkpt lat="45.6807180" lon="7.8971131">
        <ele>1861</ele>
      </trkpt>
      <trkpt lat="45.6807296" lon="7.8972053">
        <ele>1860</ele>
      </trkpt>
      <trkpt lat="45.6807532" lon="7.8971356">
        <ele>1860</ele>
      </trkpt>
      <trkpt lat="45.6808201" lon="7.8970364">
        <ele>1860</ele>
      </trkpt>
      <trkpt lat="45.6808533" lon="7.8970621">
        <ele>1860</ele>
      </trkpt>
      <trkpt lat="45.6808924" lon="7.8970318">
        <ele>1859</ele>
      </trkpt>
      <trkpt lat="45.6809473" lon="7.8970255">
        <ele>1859</ele>
      </trkpt>
      <trkpt lat="45.6809055" lon="7.8971421">
        <ele>1859</ele>
      </trkpt>
      <trkpt lat="45.6810806" lon="7.8970927">
        <ele>1858</ele>
      </trkpt>
      <trkpt lat="45.6810373" lon="7.8971719">
        <ele>1858</ele>
      </trkpt>
      <trkpt lat="45.6811248" lon="7.8971241">
        <ele>1858</ele>
      </trkpt>
      <trkpt lat="45.6811543" lon="7.8970765">
        <ele>1857</ele>
      </trkpt>
      <trkpt lat="45.6812459" lon="7.8970429">
        <ele>1857</ele>
      </trkpt>
      <trkpt lat="45.6813247" lon="7.8970896">
        <ele>1857</ele>
      </trkpt>
      <trkpt lat="45.6812867" lon="7.8971255">
        <ele>1857</ele>
      </trkpt>
      <trkpt lat="45.6813148" lon="7.8971635">
        <ele>1856</ele>
      </trkpt>
      <trkpt lat="45.6812941" lon="7.8972551">
        <ele>1856</ele>
      </trkpt>
      <trkpt lat="45.6814177" lon="7.8972677">
        <ele>1856</ele>
      </trkpt>
      <trkpt lat="45.6814456" lon="7.8972465">
        <ele>1855</ele>
      </trkpt>
      <trkpt lat="45.6815639" lon="7.8972316">
        <ele>1855</ele>
      </trkpt>
      <trkpt lat="45.6817201" lon="7.8971215">
        <ele>1855</ele>
      </trkpt>
      <trkpt lat="45.6818391" lon="7.8971216">
        <ele>1855</ele>
      </trkpt>
      <trkpt lat="45.6819028" lon="7.8970607">
        <ele>1854</ele>
      </trkpt>
      <trkpt lat="45.6818986" lon="7.8970091">
        <ele>1854</ele>
      </trkpt>
      <trkpt lat="45.6820991" lon="7.8968999">
        <ele>1854</ele>
      </trkpt>
      <trkpt lat="45.6821475" lon="7.8968797">
        <ele>1853</ele>
      </trkpt>
      <trkpt lat="45.6821490" lon="7.8968330">
        <ele>1853</ele>
      </trkpt>
      <trkpt lat="45.6822092" lon="7.8968033">
        <ele>1853</ele>
      </trkpt>
      <trkpt lat="45.6822106" lon="7.8967755">
        <ele>1852</ele>
      </trkpt>
      <trkpt lat="45.6821936" lon="7.8967618">
        <ele>1852</ele>
      </trkpt>
      <trkpt lat="45.6822084" lon="7.8967562">
        <ele>1852</ele>
      </trkpt>
      <trkpt lat="45.6821459" lon="7.8967270">
        <ele>1852</ele>
      </trkpt>
      <trkpt lat="45.6821692" lon="7.8967171">
        <ele>1851</ele>
      </trkpt>
      <trkpt lat="45.6821503" lon="7.8967007">
        <ele>1851</ele>
      </trkpt>
      <trkpt lat="45.6821794" lon="7.8966813">
        <ele>1851</ele>
      </trkpt>
      <trkpt lat="45.6821657" lon="7.8966722">
        <ele>1850</ele>
      </trkpt>
      <trkpt lat="45.6823425" lon="7.8965628">
        <ele>1850</ele>
      </trkpt>
      <trkpt lat="45.6823987" lon="7.8964978">
        <ele>1850</ele>
      </trkpt>
      <trkpt lat="45.6824477" lon="7.8964841">
        <ele>1849</ele>
      </trkpt>
      <trkpt lat="45.6824437" lon="7.8964625">
        <ele>1849</ele>
      </trkpt>
      <trkpt lat="45.6825079" lon="7.8965368">
        <ele>1849</ele>
      </trkpt>
      <trkpt lat="45.6825152" lon="7.8965959">
        <ele>1849</ele>
      </trkpt>
      <trkpt lat="45.6825893" lon="7.8966405">
        <ele>1848</ele>
      </trkpt>
      <trkpt lat="45.6825977" lon="7.8967140">
        <ele>1848</ele>
      </trkpt>
      <trkpt lat="45.6826597" lon="7.8965679">
        <ele>1848</ele>
      </trkpt>
      <trkpt lat="45.6826824" lon="7.8965701">
        <ele>1847</ele>
      </trkpt>
      <trkpt lat="45.6827438" lon="7.8966350">
        <ele>1847</ele>
      </trkpt>
      <trkpt lat="45.6827550" lon="7.8966899">
        <ele>1847</ele>
      </trkpt>
      <trkpt lat="45.6828375" lon="7.8967271">
        <ele>1847</ele>
      </trkpt>
      <trkpt lat="45.6828965" lon="7.8967939">
        <ele>1846</ele>
      </trkpt>
      <trkpt lat="45.6829807" lon="7.8968384">
        <ele>1846</ele>
      </trkpt>
      <trkpt lat="45.6830399" lon="7.8969270">
        <ele>1846</ele>
      </trkpt>
      <trkpt lat="45.6831071" lon="7.8969897">
        <ele>1845</ele>
      </trkpt>
      <trkpt lat="45.6831475" lon="7.8969820">
        <ele>1845</ele>
      </trkpt>
      <trkpt lat="45.6831500" lon="7.8969385">
        <ele>1845</ele>
      </trkpt>
      <trkpt lat="45.6832019" lon="7.8969308">
        <ele>1844</ele>
      </trkpt>
      <trkpt lat="45.6832181" lon="7.8968374">
        <ele>1844</ele>
      </trkpt>
      <trkpt lat="45.6832392" lon="7.8968548">
        <ele>1844</ele>
      </trkpt>
      <trkpt lat="45.6832930" lon="7.8968461">
        <ele>1844</ele>
      </trkpt>
      <trkpt lat="45.6833167" lon="7.8968671">
        <ele>1843</ele>
      </trkpt>
      <trkpt lat="45.6833440" lon="7.8969430">
        <ele>1843</ele>
      </trkpt>
      <trkpt lat="45.6833576" lon="7.8969081">
        <ele>1843</ele>
      </trkpt>
      <trkpt lat="45.6833777" lon="7.8969028">
        <ele>1842</ele>
      </trkpt>
      <trkpt lat="45.6833994" lon="7.8970373">
        <ele>1842</ele>
      </trkpt>
      <trkpt lat="45.6834326" lon="7.8970901">
        <ele>1842</ele>
      </trkpt>
      <trkpt lat="45.6834324" lon="7.8970078">
        <ele>1841</ele>
      </trkpt>
      <trkpt lat="45.6834753" lon="7.8969975">
        <ele>1841</ele>
      </trkpt>
      <trkpt lat="45.6834770" lon="7.8969529">
        <ele>1841</ele>
      </trkpt>
      <trkpt lat="45.6834973" lon="7.8969509">
        <ele>1841</ele>
      </trkpt>
      <trkpt lat="45.6834886" lon="7.8968608">
        <ele>1840</ele>
      </trkpt>
      <trkpt lat="45.6835407" lon="7.8968322">
        <ele>1840</ele>
      </trkpt>
      <trkpt lat="45.6835536" lon="7.8968022">
        <ele>1840</ele>
      </trkpt>
      <trkpt lat="45.6835350" lon="7.8967735">
        <ele>1839</ele>
      </trkpt>
      <trkpt lat="45.6835878" lon="7.8966919">
        <ele>1839</ele>
      </trkpt>
      <trkpt lat="45.6835986" lon="7.8965789">
        <ele>1839</ele>
      </trkpt>
      <trkpt lat="45.6836660" lon="7.8966282">
        <ele>1839</ele>
      </trkpt>
      <trkpt lat="45.6836661" lon="7.8966454">
        <ele>1838</ele>
      </trkpt>
      <trkpt lat="45.6836845" lon="7.8966148">
        <ele>1838</ele>
      </trkpt>
      <trkpt lat="45.6836725" lon="7.8965708">
        <ele>1838</ele>
      </trkpt>
      <trkpt lat="45.6837101" lon="7.8964819">
        <ele>1837</ele>
      </trkpt>
      <trkpt lat="45.6837080" lon="7.8964011">
        <ele>1837</ele>
      </trkpt>
      <trkpt lat="45.6836725" lon="7.8963408">
        <ele>1837</ele>
      </trkpt>
      <trkpt lat="45.6836688" lon="7.8963078">
        <ele>1836</ele>
      </trkpt>
      <trkpt lat="45.6836853" lon="7.8962724">
        <ele>1836</ele>
      </trkpt>
      <trkpt lat="45.6837469" lon="7.8962348">
        <ele>1836</ele>
      </trkpt>
      <trkpt lat="45.6838584" lon="7.8961077">
        <ele>1836</ele>
      </trkpt>
      <trkpt lat="45.6839085" lon="7.8961730">
        <ele>1835</ele>
      </trkpt>
      <trkpt lat="45.6839761" lon="7.8961897">
        <ele>1835</ele>
      </trkpt>
      <trkpt lat="45.6839895" lon="7.8961660">
        <ele>1835</ele>
      </trkpt>
      <trkpt lat="45.6839740" lon="7.8960815">
        <ele>1834</ele>
      </trkpt>
      <trkpt lat="45.6840062" lon="7.8960199">
        <ele>1834</ele>
      </trkpt>
      <trkpt lat="45.6840052" lon="7.8959234">
        <ele>1834</ele>
      </trkpt>
      <trkpt lat="45.6840345" lon="7.8958076">
        <ele>1833</ele>
      </trkpt>
      <trkpt lat="45.6840849" lon="7.8957045">
        <ele>1833</ele>
      </trkpt>
      <trkpt lat="45.6841192" lon="7.8956768">
        <ele>1833</ele>
      </trkpt>
      <trkpt lat="45.6840882" lon="7.8956010">
        <ele>1833</ele>
      </trkpt>
      <trkpt lat="45.6841091" lon="7.8955350">
        <ele>1832</ele>
      </trkpt>
      <trkpt lat="45.6841483" lon="7.8955064">
        <ele>1832</ele>
      </trkpt>
      <trkpt lat="45.6841898" lon="7.8954236">
        <ele>1832</ele>
      </trkpt>
      <trkpt lat="45.6841763" lon="7.8953376">
        <ele>1831</ele>
      </trkpt>
      <trkpt lat="45.6841934" lon="7.8952941">
        <ele>1831</ele>
      </trkpt>
      <trkpt lat="45.6842658" lon="7.8953159">
        <ele>1831</ele>
      </trkpt>
      <trkpt lat="45.6843573" lon="7.8952979">
        <ele>1831</ele>
      </trkpt>
      <trkpt lat="45.6844098" lon="7.8953899">
        <ele>1830</ele>
      </trkpt>
      <trkpt lat="45.6843603" lon="7.8954826">
        <ele>1830</ele>
      </trkpt>
      <trkpt lat="45.6843223" lon="7.8955081">
        <ele>1830</ele>
      </trkpt>
      <trkpt lat="45.6842848" lon="7.8957481">
        <ele>1829</ele>
      </trkpt>
      <trkpt lat="45.6843293" lon="7.8957170">
        <ele>1829</ele>
      </trkpt>
      <trkpt lat="45.6843433" lon="7.8957368">
        <ele>1829</ele>
      </trkpt>
      <trkpt lat="45.6843639" lon="7.8956504">
        <ele>1828</ele>
      </trkpt>
      <trkpt lat="45.6844320" lon="7.8956094">
        <ele>1828</ele>
      </trkpt>
      <trkpt lat="45.6844248" lon="7.8955885">
        <ele>1828</ele>
      </trkpt>
      <trkpt lat="45.6844571" lon="7.8955462">
        <ele>1828</ele>
      </trkpt>
      <trkpt lat="45.6845080" lon="7.8955405">
        <ele>1827</ele>
      </trkpt>
      <trkpt lat="45.6845268" lon="7.8955751">
        <ele>1827</ele>
      </trkpt>
      <trkpt lat="45.6845248" lon="7.8955032">
        <ele>1827</ele>
      </trkpt>
      <trkpt lat="45.6845383" lon="7.8954652">
        <ele>1826</ele>
      </trkpt>
      <trkpt lat="45.6845979" lon="7.8955109">
        <ele>1826</ele>
      </trkpt>
      <trkpt lat="45.6846049" lon="7.8954848">
        <ele>1826</ele>
      </trkpt>
      <trkpt lat="45.6846250" lon="7.8955221">
        <ele>1825</ele>
      </trkpt>
      <trkpt lat="45.6846305" lon="7.8955026">
        <ele>1825</ele>
      </trkpt>
      <trkpt lat="45.6846674" lon="7.8955198">
        <ele>1825</ele>
      </trkpt>
      <trkpt lat="45.6847302" lon="7.8956296">
        <ele>1825</ele>
      </trkpt>
      <trkpt lat="45.6847741" lon="7.8956624">
        <ele>1824</ele>
      </trkpt>
      <trkpt lat="45.6847904" lon="7.8957361">
        <ele>1824</ele>
      </trkpt>
      <trkpt lat="45.6848955" lon="7.8957953">
        <ele>1824</ele>
      </trkpt>
      <trkpt lat="45.6849181" lon="7.8958307">
        <ele>1823</ele>
      </trkpt>
      <trkpt lat="45.6849499" lon="7.8959875">
        <ele>1823</ele>
      </trkpt>
      <trkpt lat="45.6849888" lon="7.8960476">
        <ele>1823</ele>
      </trkpt>
      <trkpt lat="45.6850195" lon="7.8961939">
        <ele>1823</ele>
      </trkpt>
      <trkpt lat="45.6850647" lon="7.8962567">
        <ele>1822</ele>
      </trkpt>
      <trkpt lat="45.6851765" lon="7.8963449">
        <ele>1822</ele>
      </trkpt>
      <trkpt lat="45.6851844" lon="7.8963853">
        <ele>1822</ele>
      </trkpt>
      <trkpt lat="45.6851687" lon="7.8964406">
        <ele>1821</ele>
      </trkpt>
      <trkpt lat="45.6852233" lon="7.8965345">
        <ele>1821</ele>
      </trkpt>
      <trkpt lat="45.6853163" lon="7.8966497">
        <ele>1821</ele>
      </trkpt>
      <trkpt lat="45.6853588" lon="7.8966605">
        <ele>1820</ele>
      </trkpt>
      <trkpt lat="45.6853827" lon="7.8966920">
        <ele>1820</ele>
      </trkpt>
      <trkpt lat="45.6854636" lon="7.8966965">
        <ele>1820</ele>
      </trkpt>
      <trkpt lat="45.6854832" lon="7.8967805">
        <ele>1820</ele>
      </trkpt>
      <trkpt lat="45.6855163" lon="7.8967684">
        <ele>1819</ele>
      </trkpt>
      <trkpt lat="45.6855263" lon="7.8967936">
        <ele>1819</ele>
      </trkpt>
      <trkpt lat="45.6855698" lon="7.8969443">
        <ele>1819</ele>
      </trkpt>
      <trkpt lat="45.6855515" lon="7.8969823">
        <ele>1818</ele>
      </trkpt>
      <trkpt lat="45.6856323" lon="7.8970229">
        <ele>1818</ele>
      </trkpt>
      <trkpt lat="45.6858421" lon="7.8973080">
        <ele>1818</ele>
      </trkpt>
      <trkpt lat="45.6858300" lon="7.8973582">
        <ele>1818</ele>
      </trkpt>
      <trkpt lat="45.6858335" lon="7.8974543">
        <ele>1817</ele>
      </trkpt>
      <trkpt lat="45.6858519" lon="7.8975497">
        <ele>1817</ele>
      </trkpt>
      <trkpt lat="45.6858355" lon="7.8975770">
        <ele>1817</ele>
      </trkpt>
      <trkpt lat="45.6858814" lon="7.8976157">
        <ele>1816</ele>
      </trkpt>
      <trkpt lat="45.6858986" lon="7.8975924">
        <ele>1816</ele>
      </trkpt>
      <trkpt lat="45.6859136" lon="7.8976149">
        <ele>1816</ele>
      </trkpt>
      <trkpt lat="45.6859377" lon="7.8975947">
        <ele>1815</ele>
      </trkpt>
      <trkpt lat="45.6859902" lon="7.8975972">
        <ele>1815</ele>
      </trkpt>
      <trkpt lat="45.6860384" lon="7.8976346">
        <ele>1815</ele>
      </trkpt>
      <trkpt lat="45.6860568" lon="7.8976776">
        <ele>1815</ele>
      </trkpt>
      <trkpt lat="45.6860821" lon="7.8976681">
        <ele>1814</ele>
      </trkpt>
      <trkpt lat="45.6861392" lon="7.8977004">
        <ele>1814</ele>
      </trkpt>
      <trkpt lat="45.6862316" lon="7.8977973">
        <ele>1814</ele>
      </trkpt>
      <trkpt lat="45.6862332" lon="7.8979692">
        <ele>1813</ele>
      </trkpt>
      <trkpt lat="45.6862712" lon="7.8980771">
        <ele>1813</ele>
      </trkpt>
      <trkpt lat="45.6862858" lon="7.8980775">
        <ele>1813</ele>
      </trkpt>
      <trkpt lat="45.6863410" lon="7.8979866">
        <ele>1812</ele>
      </trkpt>
      <trkpt lat="45.6863430" lon="7.8979131">
        <ele>1812</ele>
      </trkpt>
      <trkpt lat="45.6863794" lon="7.8978861">
        <ele>1812</ele>
      </trkpt>
      <trkpt lat="45.6863459" lon="7.8977624">
        <ele>1812</ele>
      </trkpt>
      <trkpt lat="45.6863538" lon="7.8976879">
        <ele>1811</ele>
      </trkpt>
      <trkpt lat="45.6863378" lon="7.8976412">
        <ele>1811</ele>
      </trkpt>
      <trkpt lat="45.6863679" lon="7.8976443">
        <ele>1811</ele>
      </trkpt>
      <trkpt lat="45.6863665" lon="7.8975960">
        <ele>1810</ele>
      </trkpt>
      <trkpt lat="45.6863921" lon="7.8976023">
        <ele>1810</ele>
      </trkpt>
      <trkpt lat="45.6864644" lon="7.8977972">
        <ele>1810</ele>
      </trkpt>
      <trkpt lat="45.6864810" lon="7.8978142">
        <ele>1810</ele>
      </trkpt>
      <trkpt lat="45.6865118" lon="7.8978018">
        <ele>1809</ele>
      </trkpt>
      <trkpt lat="45.6865218" lon="7.8978247">
        <ele>1809</ele>
      </trkpt>
      <trkpt lat="45.6865098" lon="7.8978475">
        <ele>1809</ele>
      </trkpt>
      <trkpt lat="45.6865389" lon="7.8978906">
        <ele>1808</ele>
      </trkpt>
      <trkpt lat="45.6866363" lon="7.8979411">
        <ele>1808</ele>
      </trkpt>
      <trkpt lat="45.6866692" lon="7.8980815">
        <ele>1808</ele>
      </trkpt>
      <trkpt lat="45.6867044" lon="7.8981244">
        <ele>1807</ele>
      </trkpt>
      <trkpt lat="45.6867610" lon="7.8981480">
        <ele>1807</ele>
      </trkpt>
      <trkpt lat="45.6867726" lon="7.8982232">
        <ele>1807</ele>
      </trkpt>
      <trkpt lat="45.6867885" lon="7.8982406">
        <ele>1807</ele>
      </trkpt>
      <trkpt lat="45.6868616" lon="7.8982708">
        <ele>1806</ele>
      </trkpt>
      <trkpt lat="45.6868795" lon="7.8982478">
        <ele>1806</ele>
      </trkpt>
      <trkpt lat="45.6869633" lon="7.8982272">
        <ele>1806</ele>
      </trkpt>
      <trkpt lat="45.6871244" lon="7.8983571">
        <ele>1805</ele>
      </trkpt>
      <trkpt lat="45.6871528" lon="7.8984566">
        <ele>1805</ele>
      </trkpt>
      <trkpt lat="45.6872102" lon="7.8985051">
        <ele>1805</ele>
      </trkpt>
      <trkpt lat="45.6873017" lon="7.8985179">
        <ele>1804</ele>
      </trkpt>
      <trkpt lat="45.6873160" lon="7.8984948">
        <ele>1804</ele>
      </trkpt>
      <trkpt lat="45.6873187" lon="7.8985603">
        <ele>1804</ele>
      </trkpt>
      <trkpt lat="45.6872918" lon="7.8986642">
        <ele>1804</ele>
      </trkpt>
      <trkpt lat="45.6872514" lon="7.8987296">
        <ele>1803</ele>
      </trkpt>
      <trkpt lat="45.6872628" lon="7.8987607">
        <ele>1803</ele>
      </trkpt>
      <trkpt lat="45.6873183" lon="7.8988003">
        <ele>1803</ele>
      </trkpt>
      <trkpt lat="45.6873563" lon="7.8987711">
        <ele>1802</ele>
      </trkpt>
      <trkpt lat="45.6873576" lon="7.8988830">
        <ele>1802</ele>
      </trkpt>
      <trkpt lat="45.6874738" lon="7.8989215">
        <ele>1802</ele>
      </trkpt>
      <trkpt lat="45.6874111" lon="7.8990476">
        <ele>1802</ele>
      </trkpt>
      <trkpt lat="45.6874552" lon="7.8990840">
        <ele>1801</ele>
      </trkpt>
      <trkpt lat="45.6874660" lon="7.8991156">
        <ele>1801</ele>
      </trkpt>
      <trkpt lat="45.6875185" lon="7.8990982">
        <ele>1801</ele>
      </trkpt>
      <trkpt lat="45.6877215" lon="7.8991303">
        <ele>1800</ele>
      </trkpt>
      <trkpt lat="45.6877406" lon="7.8991577">
        <ele>1800</ele>
      </trkpt>
      <trkpt lat="45.6877175" lon="7.8991929">
        <ele>1800</ele>
      </trkpt>
      <trkpt lat="45.6878373" lon="7.8991798">
        <ele>1799</ele>
      </trkpt>
      <trkpt lat="45.6879400" lon="7.8992652">
        <ele>1799</ele>
      </trkpt>
      <trkpt lat="45.6879647" lon="7.8993223">
        <ele>1799</ele>
      </trkpt>
      <trkpt lat="45.6879891" lon="7.8993251">
        <ele>1799</ele>
      </trkpt>
      <trkpt lat="45.6880321" lon="7.8992610">
        <ele>1798</ele>
      </trkpt>
      <trkpt lat="45.6880773" lon="7.8992673">
        <ele>1798</ele>
      </trkpt>
      <trkpt lat="45.6881478" lon="7.8992270">
        <ele>1798</ele>
      </trkpt>
      <trkpt lat="45.6882008" lon="7.8992364">
        <ele>1797</ele>
      </trkpt>
      <trkpt lat="45.6882909" lon="7.8993046">
        <ele>1797</ele>
      </trkpt>
      <trkpt lat="45.6883595" lon="7.8995880">
        <ele>1797</ele>
      </trkpt>
      <trkpt lat="45.6884449" lon="7.8997020">
        <ele>1796</ele>
      </trkpt>
      <trkpt lat="45.6884666" lon="7.8997600">
        <ele>1796</ele>
      </trkpt>
      <trkpt lat="45.6886594" lon="7.8999967">
        <ele>1796</ele>
      </trkpt>
      <trkpt lat="45.6887138" lon="7.9001521">
        <ele>1796</ele>
      </trkpt>
      <trkpt lat="45.6887427" lon="7.9001866">
        <ele>1795</ele>
      </trkpt>
      <trkpt lat="45.6887460" lon="7.9002442">
        <ele>1795</ele>
      </trkpt>
      <trkpt lat="45.6887942" lon="7.9003497">
        <ele>1795</ele>
      </trkpt>
      <trkpt lat="45.6888385" lon="7.9003134">
        <ele>1794</ele>
      </trkpt>
      <trkpt lat="45.6888505" lon="7.9003471">
        <ele>1794</ele>
      </trkpt>
      <trkpt lat="45.6889217" lon="7.9003569">
        <ele>1794</ele>
      </trkpt>
      <trkpt lat="45.6889677" lon="7.9003919">
        <ele>1794</ele>
      </trkpt>
      <trkpt lat="45.6890229" lon="7.9003790">
        <ele>1793</ele>
      </trkpt>
      <trkpt lat="45.6891119" lon="7.9002751">
        <ele>1793</ele>
      </trkpt>
      <trkpt lat="45.6891760" lon="7.9002722">
        <ele>1793</ele>
      </trkpt>
      <trkpt lat="45.6892801" lon="7.9002060">
        <ele>1792</ele>
      </trkpt>
      <trkpt lat="45.6893667" lon="7.9001837">
        <ele>1792</ele>
      </trkpt>
      <trkpt lat="45.6894412" lon="7.9002805">
        <ele>1792</ele>
      </trkpt>
      <trkpt lat="45.6894497" lon="7.9003155">
        <ele>1791</ele>
      </trkpt>
      <trkpt lat="45.6894370" lon="7.9003842">
        <ele>1791</ele>
      </trkpt>
      <trkpt lat="45.6894563" lon="7.9003976">
        <ele>1791</ele>
      </trkpt>
      <trkpt lat="45.6895003" lon="7.9003857">
        <ele>1791</ele>
      </trkpt>
      <trkpt lat="45.6895233" lon="7.9004846">
        <ele>1790</ele>
      </trkpt>
      <trkpt lat="45.6895840" lon="7.9005550">
        <ele>1790</ele>
      </trkpt>
      <trkpt lat="45.6897441" lon="7.9006337">
        <ele>1790</ele>
      </trkpt>
      <trkpt lat="45.6897573" lon="7.9006723">
        <ele>1789</ele>
      </trkpt>
      <trkpt lat="45.6897518" lon="7.9007907">
        <ele>1789</ele>
      </trkpt>
      <trkpt lat="45.6897955" lon="7.9008908">
        <ele>1789</ele>
      </trkpt>
      <trkpt lat="45.6898242" lon="7.9009162">
        <ele>1788</ele>
      </trkpt>
      <trkpt lat="45.6899860" lon="7.9009245">
        <ele>1788</ele>
      </trkpt>
      <trkpt lat="45.6900345" lon="7.9009495">
        <ele>1788</ele>
      </trkpt>
      <trkpt lat="45.6900679" lon="7.9009885">
        <ele>1788</ele>
      </trkpt>
      <trkpt lat="45.6900923" lon="7.9010641">
        <ele>1787</ele>
      </trkpt>
      <trkpt lat="45.6901292" lon="7.9011030">
        <ele>1787</ele>
      </trkpt>
      <trkpt lat="45.6901531" lon="7.9011644">
        <ele>1787</ele>
      </trkpt>
      <trkpt lat="45.6902255" lon="7.9011634">
        <ele>1786</ele>
      </trkpt>
      <trkpt lat="45.6902749" lon="7.9012281">
        <ele>1786</ele>
      </trkpt>
      <trkpt lat="45.6903010" lon="7.9012277">
        <ele>1786</ele>
      </trkpt>
      <trkpt lat="45.6903350" lon="7.9013009">
        <ele>1786</ele>
      </trkpt>
      <trkpt lat="45.6903995" lon="7.9013489">
        <ele>1785</ele>
      </trkpt>
      <trkpt lat="45.6904192" lon="7.9014125">
        <ele>1785</ele>
      </trkpt>
      <trkpt lat="45.6905473" lon="7.9015285">
        <ele>1785</ele>
      </trkpt>
      <trkpt lat="45.6906054" lon="7.9017391">
        <ele>1784</ele>
      </trkpt>
      <trkpt lat="45.6906309" lon="7.9017701">
        <ele>1784</ele>
      </trkpt>
      <trkpt lat="45.6906914" lon="7.9018325">
        <ele>1784</ele>
      </trkpt>
      <trkpt lat="45.6907808" lon="7.9018454">
        <ele>1783</ele>
      </trkpt>
      <trkpt lat="45.6908402" lon="7.9019054">
        <ele>1783</ele>
      </trkpt>
      <trkpt lat="45.6908931" lon="7.9019222">
        <ele>1783</ele>
      </trkpt>
      <trkpt lat="45.6908874" lon="7.9020224">
        <ele>1783</ele>
      </trkpt>
      <trkpt lat="45.6909008" lon="7.9020873">
        <ele>1782</ele>
      </trkpt>
      <trkpt lat="45.6909233" lon="7.9021136">
        <ele>1782</ele>
      </trkpt>
      <trkpt lat="45.6909492" lon="7.9021072">
        <ele>1782</ele>
      </trkpt>
      <trkpt lat="45.6910270" lon="7.9021656">
        <ele>1781</ele>
      </trkpt>
      <trkpt lat="45.6911410" lon="7.9023435">
        <ele>1781</ele>
      </trkpt>
      <trkpt lat="45.6912165" lon="7.9023454">
        <ele>1781</ele>
      </trkpt>
      <trkpt lat="45.6912469" lon="7.9023749">
        <ele>1781</ele>
      </trkpt>
      <trkpt lat="45.6913290" lon="7.9023772">
        <ele>1780</ele>
      </trkpt>
      <trkpt lat="45.6913763" lon="7.9024013">
        <ele>1780</ele>
      </trkpt>
      <trkpt lat="45.6914258" lon="7.9026790">
        <ele>1780</ele>
      </trkpt>
      <trkpt lat="45.6914092" lon="7.9027097">
        <ele>1779</ele>
      </trkpt>
      <trkpt lat="45.6913618" lon="7.9027328">
        <ele>1779</ele>
      </trkpt>
      <trkpt lat="45.6914509" lon="7.9028716">
        <ele>1779</ele>
      </trkpt>
      <trkpt lat="45.6915059" lon="7.9029097">
        <ele>1778</ele>
      </trkpt>
      <trkpt lat="45.6915565" lon="7.9030291">
        <ele>1778</ele>
      </trkpt>
      <trkpt lat="45.6914752" lon="7.9031203">
        <ele>1778</ele>
      </trkpt>
      <trkpt lat="45.6914250" lon="7.9031245">
        <ele>1778</ele>
      </trkpt>
      <trkpt lat="45.6914220" lon="7.9031814">
        <ele>1777</ele>
      </trkpt>
      <trkpt lat="45.6914529" lon="7.9032483">
        <ele>1777</ele>
      </trkpt>
      <trkpt lat="45.6916798" lon="7.9034197">
        <ele>1777</ele>
      </trkpt>
      <trkpt lat="45.6917424" lon="7.9033778">
        <ele>1776</ele>
      </trkpt>
      <trkpt lat="45.6918556" lon="7.9033498">
        <ele>1776</ele>
      </trkpt>
      <trkpt lat="45.6919093" lon="7.9033595">
        <ele>1776</ele>
      </trkpt>
      <trkpt lat="45.6920285" lon="7.9033365">
        <ele>1775</ele>
      </trkpt>
      <trkpt lat="45.6921097" lon="7.9033959">
        <ele>1775</ele>
      </trkpt>
      <trkpt lat="45.6921448" lon="7.9034779">
        <ele>1775</ele>
      </trkpt>
      <trkpt lat="45.6922330" lon="7.9034994">
        <ele>1775</ele>
      </trkpt>
      <trkpt lat="45.6922854" lon="7.9035396">
        <ele>1774</ele>
      </trkpt>
      <trkpt lat="45.6923916" lon="7.9035169">
        <ele>1774</ele>
      </trkpt>
      <trkpt lat="45.6924460" lon="7.9035384">
        <ele>1774</ele>
      </trkpt>
      <trkpt lat="45.6924866" lon="7.9035010">
        <ele>1773</ele>
      </trkpt>
      <trkpt lat="45.6925495" lon="7.9035160">
        <ele>1773</ele>
      </trkpt>
      <trkpt lat="45.6925609" lon="7.9035309">
        <ele>1773</ele>
      </trkpt>
      <trkpt lat="45.6925356" lon="7.9036190">
        <ele>1773</ele>
      </trkpt>
      <trkpt lat="45.6926859" lon="7.9036329">
        <ele>1772</ele>
      </trkpt>
      <trkpt lat="45.6927754" lon="7.9037456">
        <ele>1772</ele>
      </trkpt>
      <trkpt lat="45.6928090" lon="7.9038534">
        <ele>1772</ele>
      </trkpt>
      <trkpt lat="45.6929184" lon="7.9039036">
        <ele>1771</ele>
      </trkpt>
      <trkpt lat="45.6929598" lon="7.9040008">
        <ele>1771</ele>
      </trkpt>
      <trkpt lat="45.6930448" lon="7.9040346">
        <ele>1771</ele>
      </trkpt>
      <trkpt lat="45.6931061" lon="7.9041284">
        <ele>1770</ele>
      </trkpt>
      <trkpt lat="45.6931399" lon="7.9041366">
        <ele>1770</ele>
      </trkpt>
      <trkpt lat="45.6930982" lon="7.9043300">
        <ele>1770</ele>
      </trkpt>
      <trkpt lat="45.6930619" lon="7.9043409">
        <ele>1770</ele>
      </trkpt>
      <trkpt lat="45.6930506" lon="7.9043867">
        <ele>1769</ele>
      </trkpt>
      <trkpt lat="45.6930052" lon="7.9044197">
        <ele>1769</ele>
      </trkpt>
      <trkpt lat="45.6930572" lon="7.9044362">
        <ele>1769</ele>
      </trkpt>
      <trkpt lat="45.6930688" lon="7.9044876">
        <ele>1768</ele>
      </trkpt>
      <trkpt lat="45.6930932" lon="7.9044911">
        <ele>1768</ele>
      </trkpt>
      <trkpt lat="45.6931011" lon="7.9045428">
        <ele>1768</ele>
      </trkpt>
      <trkpt lat="45.6930627" lon="7.9045858">
        <ele>1767</ele>
      </trkpt>
      <trkpt lat="45.6930660" lon="7.9046317">
        <ele>1767</ele>
      </trkpt>
      <trkpt lat="45.6931575" lon="7.9046517">
        <ele>1767</ele>
      </trkpt>
      <trkpt lat="45.6932276" lon="7.9048094">
        <ele>1767</ele>
      </trkpt>
      <trkpt lat="45.6932541" lon="7.9049495">
        <ele>1766</ele>
      </trkpt>
      <trkpt lat="45.6932341" lon="7.9054151">
        <ele>1766</ele>
      </trkpt>
      <trkpt lat="45.6932442" lon="7.9054870">
        <ele>1766</ele>
      </trkpt>
      <trkpt lat="45.6932709" lon="7.9055441">
        <ele>1765</ele>
      </trkpt>
      <trkpt lat="45.6933031" lon="7.9057026">
        <ele>1765</ele>
      </trkpt>
      <trkpt lat="45.6933057" lon="7.9058062">
        <ele>1765</ele>
      </trkpt>
      <trkpt lat="45.6933578" lon="7.9059760">
        <ele>1765</ele>
      </trkpt>
      <trkpt lat="45.6933616" lon="7.9060537">
        <ele>1764</ele>
      </trkpt>
      <trkpt lat="45.6933778" lon="7.9060841">
        <ele>1764</ele>
      </trkpt>
      <trkpt lat="45.6934239" lon="7.9063452">
        <ele>1764</ele>
      </trkpt>
      <trkpt lat="45.6934419" lon="7.9065445">
        <ele>1763</ele>
      </trkpt>
      <trkpt lat="45.6934261" lon="7.9067939">
        <ele>1763</ele>
      </trkpt>
      <trkpt lat="45.6934375" lon="7.9069286">
        <ele>1763</ele>
      </trkpt>
      <trkpt lat="45.6934764" lon="7.9070545">
        <ele>1762</ele>
      </trkpt>
      <trkpt lat="45.6934830" lon="7.9071849">
        <ele>1762</ele>
      </trkpt>
      <trkpt lat="45.6935088" lon="7.9072347">
        <ele>1762</ele>
      </trkpt>
      <trkpt lat="45.6935090" lon="7.9072746">
        <ele>1762</ele>
      </trkpt>
      <trkpt lat="45.6935259" lon="7.9072686">
        <ele>1761</ele>
      </trkpt>
      <trkpt lat="45.6935336" lon="7.9073075">
        <ele>1761</ele>
      </trkpt>
      <trkpt lat="45.6935163" lon="7.9075851">
        <ele>1761</ele>
      </trkpt>
      <trkpt lat="45.6935257" lon="7.9076689">
        <ele>1760</ele>
      </trkpt>
      <trkpt lat="45.6935543" lon="7.9077491">
        <ele>1760</ele>
      </trkpt>
      <trkpt lat="45.6935764" lon="7.9079532">
        <ele>1760</ele>
      </trkpt>
      <trkpt lat="45.6935753" lon="7.9079957">
        <ele>1759</ele>
      </trkpt>
      <trkpt lat="45.6935275" lon="7.9081410">
        <ele>1759</ele>
      </trkpt>
      <trkpt lat="45.6935399" lon="7.9081843">
        <ele>1759</ele>
      </trkpt>
      <trkpt lat="45.6935570" lon="7.9081646">
        <ele>1759</ele>
      </trkpt>
      <trkpt lat="45.6936474" lon="7.9080143">
        <ele>1758</ele>
      </trkpt>
      <trkpt lat="45.6936875" lon="7.9078578">
        <ele>1758</ele>
      </trkpt>
      <trkpt lat="45.6936282" lon="7.9076449">
        <ele>1758</ele>
      </trkpt>
      <trkpt lat="45.6936308" lon="7.9076134">
        <ele>1757</ele>
      </trkpt>
      <trkpt lat="45.6938017" lon="7.9077533">
        <ele>1757</ele>
      </trkpt>
      <trkpt lat="45.6938642" lon="7.9077499">
        <ele>1757</ele>
      </trkpt>
      <trkpt lat="45.6941225" lon="7.9075995">
        <ele>1757</ele>
      </trkpt>
      <trkpt lat="45.6942063" lon="7.9074619">
        <ele>1756</ele>
      </trkpt>
      <trkpt lat="45.6942667" lon="7.9073977">
        <ele>1756</ele>
      </trkpt>
      <trkpt lat="45.6943561" lon="7.9073748">
        <ele>1756</ele>
      </trkpt>
      <trkpt lat="45.6944947" lon="7.9073017">
        <ele>1755</ele>
      </trkpt>
      <trkpt lat="45.6946030" lon="7.9073043">
        <ele>1755</ele>
      </trkpt>
      <trkpt lat="45.6946415" lon="7.9074024">
        <ele>1755</ele>
      </trkpt>
      <trkpt lat="45.6946795" lon="7.9074465">
        <ele>1754</ele>
      </trkpt>
      <trkpt lat="45.6947383" lon="7.9074634">
        <ele>1754</ele>
      </trkpt>
      <trkpt lat="45.6947906" lon="7.9074426">
        <ele>1754</ele>
      </trkpt>
      <trkpt lat="45.6950487" lon="7.9072162">
        <ele>1754</ele>
      </trkpt>
      <trkpt lat="45.6953319" lon="7.9070579">
        <ele>1753</ele>
      </trkpt>
      <trkpt lat="45.6955474" lon="7.9070449">
        <ele>1753</ele>
      </trkpt>
      <trkpt lat="45.6955912" lon="7.9070629">
        <ele>1753</ele>
      </trkpt>
      <trkpt lat="45.6956443" lon="7.9071324">
        <ele>1752</ele>
      </trkpt>
      <trkpt lat="45.6956897" lon="7.9071507">
        <ele>1752</ele>
      </trkpt>
      <trkpt lat="45.6958684" lon="7.9070912">
        <ele>1752</ele>
      </trkpt>
      <trkpt lat="45.6959495" lon="7.9071532">
        <ele>1751</ele>
      </trkpt>
      <trkpt lat="45.6960171" lon="7.9070756">
        <ele>1751</ele>
      </trkpt>
      <trkpt lat="45.6961434" lon="7.9070538">
        <ele>1751</ele>
      </trkpt>
      <trkpt lat="45.6962775" lon="7.9070675">
        <ele>1751</ele>
      </trkpt>
      <trkpt lat="45.6963833" lon="7.9071342">
        <ele>1750</ele>
      </trkpt>
      <trkpt lat="45.6965569" lon="7.9071137">
        <ele>1750</ele>
      </trkpt>
      <trkpt lat="45.6966190" lon="7.9070622">
        <ele>1750</ele>
      </trkpt>
      <trkpt lat="45.6967039" lon="7.9069743">
        <ele>1749</ele>
      </trkpt>
      <trkpt lat="45.6968341" lon="7.9068917">
        <ele>1749</ele>
      </trkpt>
      <trkpt lat="45.6969196" lon="7.9068322">
        <ele>1749</ele>
      </trkpt>
      <trkpt lat="45.6970636" lon="7.9068037">
        <ele>1749</ele>
      </trkpt>
      <trkpt lat="45.6971255" lon="7.9067593">
        <ele>1748</ele>
      </trkpt>
      <trkpt lat="45.6972547" lon="7.9067048">
        <ele>1748</ele>
      </trkpt>
      <trkpt lat="45.6972630" lon="7.9067055">
        <ele>1748</ele>
      </trkpt>
      <trkpt lat="45.6972642" lon="7.9067079">
        <ele>1747</ele>
      </trkpt>
      <trkpt lat="45.6973539" lon="7.9067372">
        <ele>1747</ele>
      </trkpt>
      <trkpt lat="45.6974362" lon="7.9067545">
        <ele>1747</ele>
      </trkpt>
      <trkpt lat="45.6975363" lon="7.9067422">
        <ele>1746</ele>
      </trkpt>
      <trkpt lat="45.6976023" lon="7.9066961">
        <ele>1746</ele>
      </trkpt>
      <trkpt lat="45.6977320" lon="7.9066247">
        <ele>1746</ele>
      </trkpt>
      <trkpt lat="45.6978383" lon="7.9066191">
        <ele>1746</ele>
      </trkpt>
      <trkpt lat="45.6978830" lon="7.9066252">
        <ele>1745</ele>
      </trkpt>
      <trkpt lat="45.6980418" lon="7.9066238">
        <ele>1745</ele>
      </trkpt>
      <trkpt lat="45.6981998" lon="7.9065914">
        <ele>1745</ele>
      </trkpt>
      <trkpt lat="45.6982938" lon="7.9065723">
        <ele>1744</ele>
      </trkpt>
      <trkpt lat="45.6983860" lon="7.9065188">
        <ele>1744</ele>
      </trkpt>
      <trkpt lat="45.6984410" lon="7.9064574">
        <ele>1744</ele>
      </trkpt>
      <trkpt lat="45.6984622" lon="7.9064036">
        <ele>1744</ele>
      </trkpt>
      <trkpt lat="45.6984800" lon="7.9063722">
        <ele>1743</ele>
      </trkpt>
      <trkpt lat="45.6985315" lon="7.9063316">
        <ele>1743</ele>
      </trkpt>
      <trkpt lat="45.6985652" lon="7.9063154">
        <ele>1743</ele>
      </trkpt>
      <trkpt lat="45.6986108" lon="7.9062249">
        <ele>1742</ele>
      </trkpt>
      <trkpt lat="45.6986596" lon="7.9061412">
        <ele>1742</ele>
      </trkpt>
      <trkpt lat="45.6987074" lon="7.9060920">
        <ele>1742</ele>
      </trkpt>
      <trkpt lat="45.6987762" lon="7.9060889">
        <ele>1741</ele>
      </trkpt>
      <trkpt lat="45.6988510" lon="7.9060737">
        <ele>1741</ele>
      </trkpt>
      <trkpt lat="45.6988935" lon="7.9060620">
        <ele>1741</ele>
      </trkpt>
      <trkpt lat="45.6989289" lon="7.9060638">
        <ele>1741</ele>
      </trkpt>
      <trkpt lat="45.6989672" lon="7.9060873">
        <ele>1740</ele>
      </trkpt>
      <trkpt lat="45.6990084" lon="7.9060617">
        <ele>1740</ele>
      </trkpt>
      <trkpt lat="45.6990079" lon="7.9060592">
        <ele>1740</ele>
      </trkpt>
      <trkpt lat="45.6990160" lon="7.9060644">
        <ele>1739</ele>
      </trkpt>
      <trkpt lat="45.6990604" lon="7.9060291">
        <ele>1739</ele>
      </trkpt>
      <trkpt lat="45.6990879" lon="7.9060027">
        <ele>1739</ele>
      </trkpt>
      <trkpt lat="45.6990923" lon="7.9059595">
        <ele>1738</ele>
      </trkpt>
      <trkpt lat="45.6990465" lon="7.9057122">
        <ele>1738</ele>
      </trkpt>
      <trkpt lat="45.6990229" lon="7.9055196">
        <ele>1738</ele>
      </trkpt>
      <trkpt lat="45.6990398" lon="7.9053917">
        <ele>1738</ele>
      </trkpt>
      <trkpt lat="45.6990428" lon="7.9053261">
        <ele>1737</ele>
      </trkpt>
      <trkpt lat="45.6990098" lon="7.9052889">
        <ele>1737</ele>
      </trkpt>
      <trkpt lat="45.6989471" lon="7.9052953">
        <ele>1737</ele>
      </trkpt>
      <trkpt lat="45.6988762" lon="7.9053311">
        <ele>1736</ele>
      </trkpt>
      <trkpt lat="45.6988565" lon="7.9053315">
        <ele>1736</ele>
      </trkpt>
      <trkpt lat="45.6988230" lon="7.9053322">
        <ele>1736</ele>
      </trkpt>
      <trkpt lat="45.6987205" lon="7.9053462">
        <ele>1736</ele>
      </trkpt>
      <trkpt lat="45.6986659" lon="7.9053163">
        <ele>1735</ele>
      </trkpt>
      <trkpt lat="45.6986944" lon="7.9052692">
        <ele>1735</ele>
      </trkpt>
      <trkpt lat="45.6987110" lon="7.9052344">
        <ele>1735</ele>
      </trkpt>
      <trkpt lat="45.6987129" lon="7.9051843">
        <ele>1734</ele>
      </trkpt>
      <trkpt lat="45.6987352" lon="7.9051184">
        <ele>1734</ele>
      </trkpt>
      <trkpt lat="45.6987610" lon="7.9050369">
        <ele>1734</ele>
      </trkpt>
      <trkpt lat="45.6987702" lon="7.9049884">
        <ele>1733</ele>
      </trkpt>
      <trkpt lat="45.6987793" lon="7.9049602">
        <ele>1733</ele>
      </trkpt>
      <trkpt lat="45.6987808" lon="7.9049555">
        <ele>1733</ele>
      </trkpt>
      <trkpt lat="45.6987897" lon="7.9048795">
        <ele>1733</ele>
      </trkpt>
      <trkpt lat="45.6988137" lon="7.9047385">
        <ele>1732</ele>
      </trkpt>
      <trkpt lat="45.6988745" lon="7.9046529">
        <ele>1732</ele>
      </trkpt>
      <trkpt lat="45.6988921" lon="7.9046025">
        <ele>1732</ele>
      </trkpt>
      <trkpt lat="45.6989094" lon="7.9045177">
        <ele>1731</ele>
      </trkpt>
      <trkpt lat="45.6989163" lon="7.9044762">
        <ele>1731</ele>
      </trkpt>
      <trkpt lat="45.6988806" lon="7.9044063">
        <ele>1731</ele>
      </trkpt>
      <trkpt lat="45.6988752" lon="7.9043529">
        <ele>1730</ele>
      </trkpt>
      <trkpt lat="45.6988916" lon="7.9042940">
        <ele>1730</ele>
      </trkpt>
      <trkpt lat="45.6988936" lon="7.9042509">
        <ele>1730</ele>
      </trkpt>
      <trkpt lat="45.6988893" lon="7.9041872">
        <ele>1730</ele>
      </trkpt>
      <trkpt lat="45.6988901" lon="7.9041389">
        <ele>1729</ele>
      </trkpt>
      <trkpt lat="45.6988583" lon="7.9040947">
        <ele>1729</ele>
      </trkpt>
      <trkpt lat="45.6988341" lon="7.9040814">
        <ele>1729</ele>
      </trkpt>
      <trkpt lat="45.6988604" lon="7.9039898">
        <ele>1728</ele>
      </trkpt>
      <trkpt lat="45.6988857" lon="7.9037554">
        <ele>1728</ele>
      </trkpt>
      <trkpt lat="45.6989023" lon="7.9037262">
        <ele>1728</ele>
      </trkpt>
      <trkpt lat="45.6989679" lon="7.9037149">
        <ele>1728</ele>
      </trkpt>
      <trkpt lat="45.6989883" lon="7.9036165">
        <ele>1727</ele>
      </trkpt>
      <trkpt lat="45.6990880" lon="7.9035331">
        <ele>1727</ele>
      </trkpt>
      <trkpt lat="45.6991910" lon="7.9033829">
        <ele>1727</ele>
      </trkpt>
      <trkpt lat="45.6992333" lon="7.9032394">
        <ele>1726</ele>
      </trkpt>
      <trkpt lat="45.6992191" lon="7.9032184">
        <ele>1726</ele>
      </trkpt>
      <trkpt lat="45.6993818" lon="7.9028296">
        <ele>1726</ele>
      </trkpt>
      <trkpt lat="45.6994467" lon="7.9027169">
        <ele>1725</ele>
      </trkpt>
      <trkpt lat="45.6995340" lon="7.9026457">
        <ele>1725</ele>
      </trkpt>
      <trkpt lat="45.6995450" lon="7.9026126">
        <ele>1725</ele>
      </trkpt>
      <trkpt lat="45.6995948" lon="7.9026029">
        <ele>1725</ele>
      </trkpt>
      <trkpt lat="45.6995960" lon="7.9025605">
        <ele>1724</ele>
      </trkpt>
      <trkpt lat="45.6996221" lon="7.9025442">
        <ele>1724</ele>
      </trkpt>
      <trkpt lat="45.6996591" lon="7.9022767">
        <ele>1724</ele>
      </trkpt>
      <trkpt lat="45.6996524" lon="7.9021796">
        <ele>1723</ele>
      </trkpt>
      <trkpt lat="45.6996888" lon="7.9021153">
        <ele>1723</ele>
      </trkpt>
      <trkpt lat="45.6997092" lon="7.9021146">
        <ele>1723</ele>
      </trkpt>
      <trkpt lat="45.6997070" lon="7.9020785">
        <ele>1722</ele>
      </trkpt>
      <trkpt lat="45.6998039" lon="7.9019375">
        <ele>1722</ele>
      </trkpt>
      <trkpt lat="45.6998780" lon="7.9018957">
        <ele>1722</ele>
      </trkpt>
      <trkpt lat="45.6998685" lon="7.9019304">
        <ele>1722</ele>
      </trkpt>
      <trkpt lat="45.6999098" lon="7.9019344">
        <ele>1721</ele>
      </trkpt>
      <trkpt lat="45.6999350" lon="7.9019638">
        <ele>1721</ele>
      </trkpt>
      <trkpt lat="45.6999464" lon="7.9019512">
        <ele>1721</ele>
      </trkpt>
      <trkpt lat="45.6999628" lon="7.9019992">
        <ele>1720</ele>
      </trkpt>
      <trkpt lat="45.6999880" lon="7.9020214">
        <ele>1720</ele>
      </trkpt>
      <trkpt lat="45.7000036" lon="7.9021011">
        <ele>1720</ele>
      </trkpt>
      <trkpt lat="45.6999973" lon="7.9021384">
        <ele>1720</ele>
      </trkpt>
      <trkpt lat="45.7000148" lon="7.9021167">
        <ele>1719</ele>
      </trkpt>
      <trkpt lat="45.7000590" lon="7.9021344">
        <ele>1719</ele>
      </trkpt>
      <trkpt lat="45.7000380" lon="7.9023280">
        <ele>1719</ele>
      </trkpt>
      <trkpt lat="45.7000710" lon="7.9023505">
        <ele>1718</ele>
      </trkpt>
      <trkpt lat="45.7000804" lon="7.9022842">
        <ele>1718</ele>
      </trkpt>
      <trkpt lat="45.7001489" lon="7.9024270">
        <ele>1718</ele>
      </trkpt>
      <trkpt lat="45.7001684" lon="7.9024216">
        <ele>1717</ele>
      </trkpt>
      <trkpt lat="45.7001989" lon="7.9026972">
        <ele>1717</ele>
      </trkpt>
      <trkpt lat="45.7002253" lon="7.9027663">
        <ele>1717</ele>
      </trkpt>
      <trkpt lat="45.7001439" lon="7.9029100">
        <ele>1717</ele>
      </trkpt>
      <trkpt lat="45.7001760" lon="7.9030235">
        <ele>1716</ele>
      </trkpt>
      <trkpt lat="45.7002074" lon="7.9030626">
        <ele>1716</ele>
      </trkpt>
      <trkpt lat="45.7002775" lon="7.9030847">
        <ele>1716</ele>
      </trkpt>
      <trkpt lat="45.7003226" lon="7.9031381">
        <ele>1715</ele>
      </trkpt>
      <trkpt lat="45.7003713" lon="7.9033669">
        <ele>1715</ele>
      </trkpt>
      <trkpt lat="45.7003717" lon="7.9034247">
        <ele>1715</ele>
      </trkpt>
      <trkpt lat="45.7003532" lon="7.9034773">
        <ele>1714</ele>
      </trkpt>
      <trkpt lat="45.7003831" lon="7.9036583">
        <ele>1714</ele>
      </trkpt>
      <trkpt lat="45.7004422" lon="7.9037700">
        <ele>1714</ele>
      </trkpt>
      <trkpt lat="45.7004845" lon="7.9038123">
        <ele>1714</ele>
      </trkpt>
      <trkpt lat="45.7005182" lon="7.9037461">
        <ele>1713</ele>
      </trkpt>
      <trkpt lat="45.7005941" lon="7.9039639">
        <ele>1713</ele>
      </trkpt>
      <trkpt lat="45.7006522" lon="7.9040813">
        <ele>1713</ele>
      </trkpt>
      <trkpt lat="45.7006516" lon="7.9041224">
        <ele>1712</ele>
      </trkpt>
      <trkpt lat="45.7006932" lon="7.9042222">
        <ele>1712</ele>
      </trkpt>
      <trkpt lat="45.7007795" lon="7.9042999">
        <ele>1712</ele>
      </trkpt>
      <trkpt lat="45.7007554" lon="7.9044606">
        <ele>1712</ele>
      </trkpt>
      <trkpt lat="45.7007950" lon="7.9045955">
        <ele>1711</ele>
      </trkpt>
      <trkpt lat="45.7009698" lon="7.9048480">
        <ele>1711</ele>
      </trkpt>
      <trkpt lat="45.7009854" lon="7.9048959">
        <ele>1711</ele>
      </trkpt>
      <trkpt lat="45.7010958" lon="7.9050673">
        <ele>1710</ele>
      </trkpt>
      <trkpt lat="45.7012250" lon="7.9052198">
        <ele>1710</ele>
      </trkpt>
      <trkpt lat="45.7013055" lon="7.9053702">
        <ele>1710</ele>
      </trkpt>
      <trkpt lat="45.7013873" lon="7.9053822">
        <ele>1709</ele>
      </trkpt>
      <trkpt lat="45.7014460" lon="7.9055162">
        <ele>1709</ele>
      </trkpt>
      <trkpt lat="45.7014757" lon="7.9055361">
        <ele>1709</ele>
      </trkpt>
      <trkpt lat="45.7015319" lon="7.9055031">
        <ele>1709</ele>
      </trkpt>
      <trkpt lat="45.7015790" lon="7.9055026">
        <ele>1708</ele>
      </trkpt>
      <trkpt lat="45.7017192" lon="7.9056456">
        <ele>1708</ele>
      </trkpt>
      <trkpt lat="45.7017192" lon="7.9057124">
        <ele>1708</ele>
      </trkpt>
      <trkpt lat="45.7017383" lon="7.9057412">
        <ele>1707</ele>
      </trkpt>
      <trkpt lat="45.7017883" lon="7.9057267">
        <ele>1707</ele>
      </trkpt>
      <trkpt lat="45.7018190" lon="7.9056487">
        <ele>1707</ele>
      </trkpt>
      <trkpt lat="45.7018684" lon="7.9056324">
        <ele>1707</ele>
      </trkpt>
      <trkpt lat="45.7018812" lon="7.9055871">
        <ele>1706</ele>
      </trkpt>
      <trkpt lat="45.7019377" lon="7.9055398">
        <ele>1706</ele>
      </trkpt>
      <trkpt lat="45.7020574" lon="7.9055687">
        <ele>1706</ele>
      </trkpt>
      <trkpt lat="45.7021025" lon="7.9056095">
        <ele>1705</ele>
      </trkpt>
      <trkpt lat="45.7021135" lon="7.9055564">
        <ele>1705</ele>
      </trkpt>
      <trkpt lat="45.7021655" lon="7.9055024">
        <ele>1705</ele>
      </trkpt>
      <trkpt lat="45.7022552" lon="7.9055502">
        <ele>1704</ele>
      </trkpt>
      <trkpt lat="45.7022775" lon="7.9055247">
        <ele>1704</ele>
      </trkpt>
      <trkpt lat="45.7023003" lon="7.9055271">
        <ele>1704</ele>
      </trkpt>
      <trkpt lat="45.7023339" lon="7.9054698">
        <ele>1704</ele>
      </trkpt>
      <trkpt lat="45.7023872" lon="7.9055134">
        <ele>1703</ele>
      </trkpt>
      <trkpt lat="45.7024115" lon="7.9054927">
        <ele>1703</ele>
      </trkpt>
      <trkpt lat="45.7024567" lon="7.9055214">
        <ele>1703</ele>
      </trkpt>
      <trkpt lat="45.7024795" lon="7.9054948">
        <ele>1702</ele>
      </trkpt>
      <trkpt lat="45.7025187" lon="7.9055442">
        <ele>1702</ele>
      </trkpt>
      <trkpt lat="45.7025385" lon="7.9055242">
        <ele>1702</ele>
      </trkpt>
      <trkpt lat="45.7025955" lon="7.9055713">
        <ele>1701</ele>
      </trkpt>
      <trkpt lat="45.7025648" lon="7.9054097">
        <ele>1701</ele>
      </trkpt>
      <trkpt lat="45.7026294" lon="7.9054291">
        <ele>1701</ele>
      </trkpt>
      <trkpt lat="45.7026175" lon="7.9054050">
        <ele>1701</ele>
      </trkpt>
      <trkpt lat="45.7026601" lon="7.9053807">
        <ele>1700</ele>
      </trkpt>
      <trkpt lat="45.7026224" lon="7.9053249">
        <ele>1700</ele>
      </trkpt>
      <trkpt lat="45.7026222" lon="7.9052847">
        <ele>1700</ele>
      </trkpt>
      <trkpt lat="45.7026724" lon="7.9052874">
        <ele>1699</ele>
      </trkpt>
      <trkpt lat="45.7026401" lon="7.9052255">
        <ele>1699</ele>
      </trkpt>
      <trkpt lat="45.7027147" lon="7.9052447">
        <ele>1699</ele>
      </trkpt>
      <trkpt lat="45.7026888" lon="7.9051789">
        <ele>1699</ele>
      </trkpt>
      <trkpt lat="45.7026422" lon="7.9051210">
        <ele>1698</ele>
      </trkpt>
      <trkpt lat="45.7027365" lon="7.9050816">
        <ele>1698</ele>
      </trkpt>
      <trkpt lat="45.7027266" lon="7.9050352">
        <ele>1698</ele>
      </trkpt>
      <trkpt lat="45.7026743" lon="7.9049592">
        <ele>1697</ele>
      </trkpt>
      <trkpt lat="45.7026287" lon="7.9049419">
        <ele>1697</ele>
      </trkpt>
      <trkpt lat="45.7026748" lon="7.9048808">
        <ele>1697</ele>
      </trkpt>
      <trkpt lat="45.7027789" lon="7.9048150">
        <ele>1696</ele>
      </trkpt>
      <trkpt lat="45.7026320" lon="7.9046727">
        <ele>1696</ele>
      </trkpt>
      <trkpt lat="45.7026598" lon="7.9046427">
        <ele>1696</ele>
      </trkpt>
      <trkpt lat="45.7026703" lon="7.9045844">
        <ele>1696</ele>
      </trkpt>
      <trkpt lat="45.7027173" lon="7.9045434">
        <ele>1695</ele>
      </trkpt>
      <trkpt lat="45.7026914" lon="7.9044954">
        <ele>1695</ele>
      </trkpt>
      <trkpt lat="45.7026383" lon="7.9044664">
        <ele>1695</ele>
      </trkpt>
      <trkpt lat="45.7024096" lon="7.9043910">
        <ele>1694</ele>
      </trkpt>
      <trkpt lat="45.7023800" lon="7.9043029">
        <ele>1694</ele>
      </trkpt>
      <trkpt lat="45.7024018" lon="7.9042352">
        <ele>1694</ele>
      </trkpt>
      <trkpt lat="45.7024043" lon="7.9041692">
        <ele>1693</ele>
      </trkpt>
      <trkpt lat="45.7024545" lon="7.9040996">
        <ele>1693</ele>
      </trkpt>
      <trkpt lat="45.7024698" lon="7.9040387">
        <ele>1693</ele>
      </trkpt>
      <trkpt lat="45.7024502" lon="7.9039941">
        <ele>1693</ele>
      </trkpt>
      <trkpt lat="45.7024121" lon="7.9039624">
        <ele>1692</ele>
      </trkpt>
      <trkpt lat="45.7024117" lon="7.9038076">
        <ele>1692</ele>
      </trkpt>
      <trkpt lat="45.7023822" lon="7.9037250">
        <ele>1692</ele>
      </trkpt>
      <trkpt lat="45.7023502" lon="7.9036837">
        <ele>1691</ele>
      </trkpt>
      <trkpt lat="45.7024177" lon="7.9036328">
        <ele>1691</ele>
      </trkpt>
      <trkpt lat="45.7024185" lon="7.9035778">
        <ele>1691</ele>
      </trkpt>
      <trkpt lat="45.7023684" lon="7.9035442">
        <ele>1691</ele>
      </trkpt>
      <trkpt lat="45.7023511" lon="7.9035043">
        <ele>1690</ele>
      </trkpt>
      <trkpt lat="45.7023724" lon="7.9033626">
        <ele>1690</ele>
      </trkpt>
      <trkpt lat="45.7023970" lon="7.9033342">
        <ele>1690</ele>
      </trkpt>
      <trkpt lat="45.7025091" lon="7.9033416">
        <ele>1689</ele>
      </trkpt>
      <trkpt lat="45.7025468" lon="7.9033119">
        <ele>1689</ele>
      </trkpt>
      <trkpt lat="45.7025980" lon="7.9033036">
        <ele>1689</ele>
      </trkpt>
      <trkpt lat="45.7026128" lon="7.9032754">
        <ele>1688</ele>
      </trkpt>
      <trkpt lat="45.7026039" lon="7.9032118">
        <ele>1688</ele>
      </trkpt>
      <trkpt lat="45.7025555" lon="7.9031492">
        <ele>1688</ele>
      </trkpt>
      <trkpt lat="45.7025065" lon="7.9030285">
        <ele>1688</ele>
      </trkpt>
      <trkpt lat="45.7024628" lon="7.9030003">
        <ele>1687</ele>
      </trkpt>
      <trkpt lat="45.7024495" lon="7.9029563">
        <ele>1687</ele>
      </trkpt>
      <trkpt lat="45.7024535" lon="7.9027694">
        <ele>1687</ele>
      </trkpt>
      <trkpt lat="45.7024899" lon="7.9026923">
        <ele>1686</ele>
      </trkpt>
      <trkpt lat="45.7025096" lon="7.9026825">
        <ele>1686</ele>
      </trkpt>
      <trkpt lat="45.7025247" lon="7.9027095">
        <ele>1686</ele>
      </trkpt>
      <trkpt lat="45.7025195" lon="7.9027978">
        <ele>1685</ele>
      </trkpt>
      <trkpt lat="45.7025659" lon="7.9028865">
        <ele>1685</ele>
      </trkpt>
      <trkpt lat="45.7026923" lon="7.9028949">
        <ele>1685</ele>
      </trkpt>
      <trkpt lat="45.7028058" lon="7.9028748">
        <ele>1685</ele>
      </trkpt>
      <trkpt lat="45.7028646" lon="7.9029046">
        <ele>1684</ele>
      </trkpt>
      <trkpt lat="45.7029241" lon="7.9028836">
        <ele>1684</ele>
      </trkpt>
      <trkpt lat="45.7029888" lon="7.9028954">
        <ele>1684</ele>
      </trkpt>
      <trkpt lat="45.7030129" lon="7.9028140">
        <ele>1683</ele>
      </trkpt>
      <trkpt lat="45.7030335" lon="7.9028050">
        <ele>1683</ele>
      </trkpt>
      <trkpt lat="45.7031145" lon="7.9029347">
        <ele>1683</ele>
      </trkpt>
      <trkpt lat="45.7031396" lon="7.9028954">
        <ele>1683</ele>
      </trkpt>
      <trkpt lat="45.7031706" lon="7.9029529">
        <ele>1682</ele>
      </trkpt>
      <trkpt lat="45.7032014" lon="7.9031243">
        <ele>1682</ele>
      </trkpt>
      <trkpt lat="45.7032132" lon="7.9031346">
        <ele>1682</ele>
      </trkpt>
      <trkpt lat="45.7032392" lon="7.9030974">
        <ele>1681</ele>
      </trkpt>
      <trkpt lat="45.7032465" lon="7.9031354">
        <ele>1681</ele>
      </trkpt>
      <trkpt lat="45.7032755" lon="7.9031265">
        <ele>1681</ele>
      </trkpt>
      <trkpt lat="45.7033063" lon="7.9031481">
        <ele>1680</ele>
      </trkpt>
      <trkpt lat="45.7033273" lon="7.9032590">
        <ele>1680</ele>
      </trkpt>
      <trkpt lat="45.7034313" lon="7.9033159">
        <ele>1680</ele>
      </trkpt>
      <trkpt lat="45.7034717" lon="7.9033164">
        <ele>1680</ele>
      </trkpt>
      <trkpt lat="45.7035573" lon="7.9032563">
        <ele>1679</ele>
      </trkpt>
      <trkpt lat="45.7034595" lon="7.9031152">
        <ele>1679</ele>
      </trkpt>
      <trkpt lat="45.7034514" lon="7.9030650">
        <ele>1679</ele>
      </trkpt>
      <trkpt lat="45.7035333" lon="7.9028835">
        <ele>1678</ele>
      </trkpt>
      <trkpt lat="45.7035334" lon="7.9028287">
        <ele>1678</ele>
      </trkpt>
      <trkpt lat="45.7035604" lon="7.9027726">
        <ele>1678</ele>
      </trkpt>
      <trkpt lat="45.7035601" lon="7.9026821">
        <ele>1678</ele>
      </trkpt>
      <trkpt lat="45.7036589" lon="7.9026150">
        <ele>1677</ele>
      </trkpt>
      <trkpt lat="45.7038397" lon="7.9025823">
        <ele>1677</ele>
      </trkpt>
      <trkpt lat="45.7037023" lon="7.9023888">
        <ele>1677</ele>
      </trkpt>
      <trkpt lat="45.7036188" lon="7.9021584">
        <ele>1676</ele>
      </trkpt>
      <trkpt lat="45.7036574" lon="7.9020622">
        <ele>1676</ele>
      </trkpt>
      <trkpt lat="45.7036462" lon="7.9020130">
        <ele>1676</ele>
      </trkpt>
      <trkpt lat="45.7035729" lon="7.9019303">
        <ele>1675</ele>
      </trkpt>
      <trkpt lat="45.7036238" lon="7.9018214">
        <ele>1675</ele>
      </trkpt>
      <trkpt lat="45.7036561" lon="7.9017918">
        <ele>1675</ele>
      </trkpt>
      <trkpt lat="45.7036761" lon="7.9017885">
        <ele>1675</ele>
      </trkpt>
      <trkpt lat="45.7037322" lon="7.9018856">
        <ele>1674</ele>
      </trkpt>
      <trkpt lat="45.7037853" lon="7.9019061">
        <ele>1674</ele>
      </trkpt>
      <trkpt lat="45.7037927" lon="7.9017390">
        <ele>1674</ele>
      </trkpt>
      <trkpt lat="45.7039452" lon="7.9017534">
        <ele>1673</ele>
      </trkpt>
      <trkpt lat="45.7040155" lon="7.9018360">
        <ele>1673</ele>
      </trkpt>
      <trkpt lat="45.7040604" lon="7.9017786">
        <ele>1673</ele>
      </trkpt>
      <trkpt lat="45.7040344" lon="7.9017004">
        <ele>1672</ele>
      </trkpt>
      <trkpt lat="45.7041351" lon="7.9017281">
        <ele>1672</ele>
      </trkpt>
      <trkpt lat="45.7041448" lon="7.9016975">
        <ele>1672</ele>
      </trkpt>
      <trkpt lat="45.7041398" lon="7.9016287">
        <ele>1672</ele>
      </trkpt>
      <trkpt lat="45.7039794" lon="7.9013569">
        <ele>1671</ele>
      </trkpt>
      <trkpt lat="45.7039676" lon="7.9012271">
        <ele>1671</ele>
      </trkpt>
      <trkpt lat="45.7039148" lon="7.9011910">
        <ele>1671</ele>
      </trkpt>
      <trkpt lat="45.7038741" lon="7.9011050">
        <ele>1670</ele>
      </trkpt>
      <trkpt lat="45.7038253" lon="7.9010524">
        <ele>1670</ele>
      </trkpt>
      <trkpt lat="45.7038244" lon="7.9009726">
        <ele>1670</ele>
      </trkpt>
      <trkpt lat="45.7037749" lon="7.9008958">
        <ele>1670</ele>
      </trkpt>
      <trkpt lat="45.7038099" lon="7.9008904">
        <ele>1669</ele>
      </trkpt>
      <trkpt lat="45.7038507" lon="7.9008306">
        <ele>1669</ele>
      </trkpt>
      <trkpt lat="45.7039085" lon="7.9005884">
        <ele>1669</ele>
      </trkpt>
      <trkpt lat="45.7039865" lon="7.9004302">
        <ele>1668</ele>
      </trkpt>
      <trkpt lat="45.7039566" lon="7.9002656">
        <ele>1668</ele>
      </trkpt>
      <trkpt lat="45.7039710" lon="7.9002145">
        <ele>1668</ele>
      </trkpt>
      <trkpt lat="45.7040072" lon="7.9001756">
        <ele>1667</ele>
      </trkpt>
      <trkpt lat="45.7040212" lon="7.9001066">
        <ele>1667</ele>
      </trkpt>
      <trkpt lat="45.7040088" lon="7.9000752">
        <ele>1667</ele>
      </trkpt>
      <trkpt lat="45.7040091" lon="7.8999606">
        <ele>1667</ele>
      </trkpt>
      <trkpt lat="45.7039735" lon="7.8999144">
        <ele>1666</ele>
      </trkpt>
      <trkpt lat="45.7039725" lon="7.8998792">
        <ele>1666</ele>
      </trkpt>
      <trkpt lat="45.7039828" lon="7.8998194">
        <ele>1666</ele>
      </trkpt>
      <trkpt lat="45.7040015" lon="7.8998255">
        <ele>1665</ele>
      </trkpt>
      <trkpt lat="45.7040151" lon="7.8997136">
        <ele>1665</ele>
      </trkpt>
      <trkpt lat="45.7040611" lon="7.8996183">
        <ele>1665</ele>
      </trkpt>
      <trkpt lat="45.7040523" lon="7.8995978">
        <ele>1664</ele>
      </trkpt>
      <trkpt lat="45.7040874" lon="7.8995533">
        <ele>1664</ele>
      </trkpt>
      <trkpt lat="45.7040685" lon="7.8995063">
        <ele>1664</ele>
      </trkpt>
      <trkpt lat="45.7040760" lon="7.8994378">
        <ele>1664</ele>
      </trkpt>
      <trkpt lat="45.7041710" lon="7.8997490">
        <ele>1663</ele>
      </trkpt>
      <trkpt lat="45.7043461" lon="7.8999063">
        <ele>1663</ele>
      </trkpt>
      <trkpt lat="45.7044048" lon="7.9002041">
        <ele>1663</ele>
      </trkpt>
      <trkpt lat="45.7044426" lon="7.9002356">
        <ele>1662</ele>
      </trkpt>
      <trkpt lat="45.7044975" lon="7.9003308">
        <ele>1662</ele>
      </trkpt>
      <trkpt lat="45.7045852" lon="7.9003950">
        <ele>1662</ele>
      </trkpt>
      <trkpt lat="45.7047005" lon="7.9005211">
        <ele>1662</ele>
      </trkpt>
      <trkpt lat="45.7046770" lon="7.9005583">
        <ele>1661</ele>
      </trkpt>
      <trkpt lat="45.7047127" lon="7.9006416">
        <ele>1661</ele>
      </trkpt>
      <trkpt lat="45.7047186" lon="7.9007162">
        <ele>1661</ele>
      </trkpt>
      <trkpt lat="45.7046687" lon="7.9009773">
        <ele>1660</ele>
      </trkpt>
      <trkpt lat="45.7046673" lon="7.9012182">
        <ele>1660</ele>
      </trkpt>
      <trkpt lat="45.7047003" lon="7.9013254">
        <ele>1660</ele>
      </trkpt>
      <trkpt lat="45.7047388" lon="7.9013519">
        <ele>1659</ele>
      </trkpt>
      <trkpt lat="45.7047739" lon="7.9013506">
        <ele>1659</ele>
      </trkpt>
      <trkpt lat="45.7048326" lon="7.9013204">
        <ele>1659</ele>
      </trkpt>
      <trkpt lat="45.7048569" lon="7.9012519">
        <ele>1659</ele>
      </trkpt>
      <trkpt lat="45.7048223" lon="7.9011546">
        <ele>1658</ele>
      </trkpt>
      <trkpt lat="45.7048605" lon="7.9011771">
        <ele>1658</ele>
      </trkpt>
      <trkpt lat="45.7048724" lon="7.9012095">
        <ele>1658</ele>
      </trkpt>
      <trkpt lat="45.7048951" lon="7.9011337">
        <ele>1657</ele>
      </trkpt>
      <trkpt lat="45.7049512" lon="7.9010651">
        <ele>1657</ele>
      </trkpt>
      <trkpt lat="45.7049759" lon="7.9009820">
        <ele>1657</ele>
      </trkpt>
      <trkpt lat="45.7050743" lon="7.9009008">
        <ele>1656</ele>
      </trkpt>
      <trkpt lat="45.7050793" lon="7.9008472">
        <ele>1656</ele>
      </trkpt>
      <trkpt lat="45.7050627" lon="7.9008184">
        <ele>1656</ele>
      </trkpt>
      <trkpt lat="45.7051630" lon="7.9008105">
        <ele>1656</ele>
      </trkpt>
      <trkpt lat="45.7053967" lon="7.9007220">
        <ele>1655</ele>
      </trkpt>
      <trkpt lat="45.7054600" lon="7.9007238">
        <ele>1655</ele>
      </trkpt>
      <trkpt lat="45.7054990" lon="7.9007583">
        <ele>1655</ele>
      </trkpt>
      <trkpt lat="45.7055524" lon="7.9007534">
        <ele>1654</ele>
      </trkpt>
      <trkpt lat="45.7056475" lon="7.9006795">
        <ele>1654</ele>
      </trkpt>
      <trkpt lat="45.7056845" lon="7.9006948">
        <ele>1654</ele>
      </trkpt>
      <trkpt lat="45.7057232" lon="7.9006562">
        <ele>1654</ele>
      </trkpt>
      <trkpt lat="45.7058179" lon="7.9006163">
        <ele>1653</ele>
      </trkpt>
      <trkpt lat="45.7059476" lon="7.9006184">
        <ele>1653</ele>
      </trkpt>
      <trkpt lat="45.7060001" lon="7.9005782">
        <ele>1653</ele>
      </trkpt>
      <trkpt lat="45.7061339" lon="7.9005576">
        <ele>1652</ele>
      </trkpt>
      <trkpt lat="45.7062874" lon="7.9005789">
        <ele>1652</ele>
      </trkpt>
      <trkpt lat="45.7063387" lon="7.9005110">
        <ele>1652</ele>
      </trkpt>
      <trkpt lat="45.7063825" lon="7.9004853">
        <ele>1651</ele>
      </trkpt>
      <trkpt lat="45.7066311" lon="7.9005340">
        <ele>1651</ele>
      </trkpt>
      <trkpt lat="45.7067097" lon="7.9004837">
        <ele>1651</ele>
      </trkpt>
      <trkpt lat="45.7068123" lon="7.9004939">
        <ele>1651</ele>
      </trkpt>
      <trkpt lat="45.7069095" lon="7.9004619">
        <ele>1650</ele>
      </trkpt>
      <trkpt lat="45.7069544" lon="7.9004742">
        <ele>1650</ele>
      </trkpt>
      <trkpt lat="45.7070516" lon="7.9003822">
        <ele>1650</ele>
      </trkpt>
      <trkpt lat="45.7071263" lon="7.9003573">
        <ele>1649</ele>
      </trkpt>
      <trkpt lat="45.7071214" lon="7.9004831">
        <ele>1649</ele>
      </trkpt>
      <trkpt lat="45.7073086" lon="7.9003729">
        <ele>1649</ele>
      </trkpt>
      <trkpt lat="45.7073501" lon="7.9002920">
        <ele>1648</ele>
      </trkpt>
      <trkpt lat="45.7073897" lon="7.9002686">
        <ele>1648</ele>
      </trkpt>
      <trkpt lat="45.7074520" lon="7.9002717">
        <ele>1648</ele>
      </trkpt>
      <trkpt lat="45.7075156" lon="7.9002264">
        <ele>1648</ele>
      </trkpt>
      <trkpt lat="45.7076390" lon="7.9002919">
        <ele>1647</ele>
      </trkpt>
      <trkpt lat="45.7077592" lon="7.9003078">
        <ele>1647</ele>
      </trkpt>
      <trkpt lat="45.7077844" lon="7.9002855">
        <ele>1647</ele>
      </trkpt>
      <trkpt lat="45.7077766" lon="7.9002038">
        <ele>1646</ele>
      </trkpt>
      <trkpt lat="45.7077884" lon="7.9001037">
        <ele>1646</ele>
      </trkpt>
      <trkpt lat="45.7079321" lon="7.8999593">
        <ele>1646</ele>
      </trkpt>
      <trkpt lat="45.7079657" lon="7.8999941">
        <ele>1646</ele>
      </trkpt>
      <trkpt lat="45.7081108" lon="7.9000534">
        <ele>1645</ele>
      </trkpt>
      <trkpt lat="45.7081994" lon="7.9000419">
        <ele>1645</ele>
      </trkpt>
      <trkpt lat="45.7082949" lon="7.8999850">
        <ele>1645</ele>
      </trkpt>
      <trkpt lat="45.7083207" lon="7.8999912">
        <ele>1644</ele>
      </trkpt>
      <trkpt lat="45.7083568" lon="7.9000226">
        <ele>1644</ele>
      </trkpt>
      <trkpt lat="45.7084050" lon="7.9001119">
        <ele>1644</ele>
      </trkpt>
      <trkpt lat="45.7084780" lon="7.9001658">
        <ele>1643</ele>
      </trkpt>
      <trkpt lat="45.7085692" lon="7.9001268">
        <ele>1643</ele>
      </trkpt>
      <trkpt lat="45.7087142" lon="7.9001065">
        <ele>1643</ele>
      </trkpt>
      <trkpt lat="45.7087329" lon="7.9000593">
        <ele>1643</ele>
      </trkpt>
      <trkpt lat="45.7087210" lon="7.8999406">
        <ele>1642</ele>
      </trkpt>
      <trkpt lat="45.7087840" lon="7.8997902">
        <ele>1642</ele>
      </trkpt>
      <trkpt lat="45.7088286" lon="7.8997463">
        <ele>1642</ele>
      </trkpt>
      <trkpt lat="45.7088888" lon="7.8997062">
        <ele>1641</ele>
      </trkpt>
      <trkpt lat="45.7091340" lon="7.8997271">
        <ele>1641</ele>
      </trkpt>
      <trkpt lat="45.7091977" lon="7.8996741">
        <ele>1641</ele>
      </trkpt>
      <trkpt lat="45.7093072" lon="7.8996230">
        <ele>1641</ele>
      </trkpt>
      <trkpt lat="45.7093472" lon="7.8994930">
        <ele>1640</ele>
      </trkpt>
      <trkpt lat="45.7094272" lon="7.8993530">
        <ele>1640</ele>
      </trkpt>
      <trkpt lat="45.7094972" lon="7.8993230">
        <ele>1640</ele>
      </trkpt>
      <trkpt lat="45.7098434" lon="7.8988431">
        <ele>1639</ele>
      </trkpt>
      <trkpt lat="45.7100945" lon="7.8983699">
        <ele>1639</ele>
      </trkpt>
      <trkpt lat="45.7102872" lon="7.8982330">
        <ele>1639</ele>
      </trkpt>
      <trkpt lat="45.7106672" lon="7.8982430">
        <ele>1638</ele>
      </trkpt>
      <trkpt lat="45.7108372" lon="7.8984830">
        <ele>1638</ele>
      </trkpt>
      <trkpt lat="45.7114372" lon="7.8988330">
        <ele>1638</ele>
      </trkpt>
      <trkpt lat="45.7114888" lon="7.8989394">
        <ele>1638</ele>
      </trkpt>
      <trkpt lat="45.7115034" lon="7.8989335">
        <ele>1637</ele>
      </trkpt>
      <trkpt lat="45.7115855" lon="7.8990228">
        <ele>1637</ele>
      </trkpt>
      <trkpt lat="45.7115912" lon="7.8990482">
        <ele>1637</ele>
      </trkpt>
      <trkpt lat="45.7116342" lon="7.8990472">
        <ele>1636</ele>
      </trkpt>
      <trkpt lat="45.7116777" lon="7.8991454">
        <ele>1636</ele>
      </trkpt>
      <trkpt lat="45.7118860" lon="7.8992449">
        <ele>1636</ele>
      </trkpt>
      <trkpt lat="45.7119752" lon="7.8993361">
        <ele>1635</ele>
      </trkpt>
      <trkpt lat="45.7119919" lon="7.8993890">
        <ele>1635</ele>
      </trkpt>
      <trkpt lat="45.7120047" lon="7.8993600">
        <ele>1635</ele>
      </trkpt>
      <trkpt lat="45.7120431" lon="7.8993717">
        <ele>1635</ele>
      </trkpt>
      <trkpt lat="45.7120679" lon="7.8993173">
        <ele>1634</ele>
      </trkpt>
      <trkpt lat="45.7121312" lon="7.8993305">
        <ele>1634</ele>
      </trkpt>
      <trkpt lat="45.7122323" lon="7.8994593">
        <ele>1634</ele>
      </trkpt>
      <trkpt lat="45.7123239" lon="7.8994706">
        <ele>1633</ele>
      </trkpt>
      <trkpt lat="45.7123647" lon="7.8995163">
        <ele>1633</ele>
      </trkpt>
      <trkpt lat="45.7123908" lon="7.8995989">
        <ele>1633</ele>
      </trkpt>
      <trkpt lat="45.7126021" lon="7.8999085">
        <ele>1633</ele>
      </trkpt>
      <trkpt lat="45.7126317" lon="7.8999713">
        <ele>1632</ele>
      </trkpt>
      <trkpt lat="45.7126268" lon="7.9000048">
        <ele>1632</ele>
      </trkpt>
      <trkpt lat="45.7127029" lon="7.9001133">
        <ele>1632</ele>
      </trkpt>
      <trkpt lat="45.7128271" lon="7.9001618">
        <ele>1631</ele>
      </trkpt>
      <trkpt lat="45.7129273" lon="7.9001254">
        <ele>1631</ele>
      </trkpt>
      <trkpt lat="45.7129742" lon="7.9001507">
        <ele>1631</ele>
      </trkpt>
      <trkpt lat="45.7130618" lon="7.9002612">
        <ele>1630</ele>
      </trkpt>
      <trkpt lat="45.7130608" lon="7.9002088">
        <ele>1630</ele>
      </trkpt>
      <trkpt lat="45.7130862" lon="7.9001530">
        <ele>1630</ele>
      </trkpt>
      <trkpt lat="45.7131453" lon="7.9001712">
        <ele>1630</ele>
      </trkpt>
      <trkpt lat="45.7131823" lon="7.9001303">
        <ele>1629</ele>
      </trkpt>
      <trkpt lat="45.7132395" lon="7.9001457">
        <ele>1629</ele>
      </trkpt>
      <trkpt lat="45.7132817" lon="7.9001061">
        <ele>1629</ele>
      </trkpt>
      <trkpt lat="45.7133467" lon="7.9001081">
        <ele>1628</ele>
      </trkpt>
      <trkpt lat="45.7133705" lon="7.9000655">
        <ele>1628</ele>
      </trkpt>
      <trkpt lat="45.7134271" lon="7.9000228">
        <ele>1628</ele>
      </trkpt>
      <trkpt lat="45.7134680" lon="7.9000262">
        <ele>1627</ele>
      </trkpt>
      <trkpt lat="45.7135160" lon="7.9000635">
        <ele>1627</ele>
      </trkpt>
      <trkpt lat="45.7135379" lon="7.9000190">
        <ele>1627</ele>
      </trkpt>
      <trkpt lat="45.7135591" lon="7.9000154">
        <ele>1627</ele>
      </trkpt>
      <trkpt lat="45.7136249" lon="7.9000114">
        <ele>1626</ele>
      </trkpt>
      <trkpt lat="45.7136665" lon="7.9000425">
        <ele>1626</ele>
      </trkpt>
      <trkpt lat="45.7136720" lon="7.9000277">
        <ele>1626</ele>
      </trkpt>
      <trkpt lat="45.7136570" lon="7.9000175">
        <ele>1625</ele>
      </trkpt>
      <trkpt lat="45.7136666" lon="7.8999866">
        <ele>1625</ele>
      </trkpt>
      <trkpt lat="45.7137008" lon="7.8999700">
        <ele>1625</ele>
      </trkpt>
      <trkpt lat="45.7137281" lon="7.8999111">
        <ele>1625</ele>
      </trkpt>
      <trkpt lat="45.7137547" lon="7.8998880">
        <ele>1624</ele>
      </trkpt>
      <trkpt lat="45.7137850" lon="7.8999143">
        <ele>1624</ele>
      </trkpt>
      <trkpt lat="45.7138615" lon="7.8999307">
        <ele>1624</ele>
      </trkpt>
      <trkpt lat="45.7138781" lon="7.8999012">
        <ele>1623</ele>
      </trkpt>
      <trkpt lat="45.7138601" lon="7.8998297">
        <ele>1623</ele>
      </trkpt>
      <trkpt lat="45.7139106" lon="7.8998000">
        <ele>1623</ele>
      </trkpt>
      <trkpt lat="45.7139326" lon="7.8998065">
        <ele>1622</ele>
      </trkpt>
      <trkpt lat="45.7139492" lon="7.8997592">
        <ele>1622</ele>
      </trkpt>
      <trkpt lat="45.7140282" lon="7.8997269">
        <ele>1622</ele>
      </trkpt>
      <trkpt lat="45.7140178" lon="7.8996728">
        <ele>1622</ele>
      </trkpt>
      <trkpt lat="45.7140922" lon="7.8995545">
        <ele>1621</ele>
      </trkpt>
      <trkpt lat="45.7140844" lon="7.8994760">
        <ele>1621</ele>
      </trkpt>
      <trkpt lat="45.7141000" lon="7.8994532">
        <ele>1621</ele>
      </trkpt>
      <trkpt lat="45.7141470" lon="7.8994538">
        <ele>1620</ele>
      </trkpt>
      <trkpt lat="45.7141140" lon="7.8993433">
        <ele>1620</ele>
      </trkpt>
      <trkpt lat="45.7141609" lon="7.8993295">
        <ele>1620</ele>
      </trkpt>
      <trkpt lat="45.7141523" lon="7.8993098">
        <ele>1619</ele>
      </trkpt>
      <trkpt lat="45.7140189" lon="7.8992468">
        <ele>1619</ele>
      </trkpt>
      <trkpt lat="45.7140008" lon="7.8991646">
        <ele>1619</ele>
      </trkpt>
      <trkpt lat="45.7140150" lon="7.8991606">
        <ele>1619</ele>
      </trkpt>
      <trkpt lat="45.7140293" lon="7.8991159">
        <ele>1618</ele>
      </trkpt>
      <trkpt lat="45.7139833" lon="7.8990573">
        <ele>1618</ele>
      </trkpt>
      <trkpt lat="45.7139905" lon="7.8989812">
        <ele>1618</ele>
      </trkpt>
      <trkpt lat="45.7139277" lon="7.8989911">
        <ele>1617</ele>
      </trkpt>
      <trkpt lat="45.7139209" lon="7.8989776">
        <ele>1617</ele>
      </trkpt>
      <trkpt lat="45.7139729" lon="7.8988124">
        <ele>1617</ele>
      </trkpt>
      <trkpt lat="45.7139289" lon="7.8986875">
        <ele>1617</ele>
      </trkpt>
      <trkpt lat="45.7139411" lon="7.8986205">
        <ele>1616</ele>
      </trkpt>
      <trkpt lat="45.7139918" lon="7.8985063">
        <ele>1616</ele>
      </trkpt>
      <trkpt lat="45.7140414" lon="7.8984417">
        <ele>1616</ele>
      </trkpt>
      <trkpt lat="45.7140369" lon="7.8983545">
        <ele>1615</ele>
      </trkpt>
      <trkpt lat="45.7140039" lon="7.8982595">
        <ele>1615</ele>
      </trkpt>
      <trkpt lat="45.7140314" lon="7.8982574">
        <ele>1615</ele>
      </trkpt>
      <trkpt lat="45.7140569" lon="7.8982122">
        <ele>1614</ele>
      </trkpt>
      <trkpt lat="45.7141080" lon="7.8982057">
        <ele>1614</ele>
      </trkpt>
      <trkpt lat="45.7141124" lon="7.8981636">
        <ele>1614</ele>
      </trkpt>
      <trkpt lat="45.7141856" lon="7.8981501">
        <ele>1614</ele>
      </trkpt>
      <trkpt lat="45.7143595" lon="7.8982640">
        <ele>1613</ele>
      </trkpt>
      <trkpt lat="45.7144056" lon="7.8983124">
        <ele>1613</ele>
      </trkpt>
      <trkpt lat="45.7144559" lon="7.8984161">
        <ele>1613</ele>
      </trkpt>
      <trkpt lat="45.7145438" lon="7.8985119">
        <ele>1612</ele>
      </trkpt>
      <trkpt lat="45.7145546" lon="7.8984836">
        <ele>1612</ele>
      </trkpt>
      <trkpt lat="45.7145220" lon="7.8984318">
        <ele>1612</ele>
      </trkpt>
      <trkpt lat="45.7145335" lon="7.8984229">
        <ele>1611</ele>
      </trkpt>
      <trkpt lat="45.7146595" lon="7.8984964">
        <ele>1611</ele>
      </trkpt>
      <trkpt lat="45.7146864" lon="7.8984872">
        <ele>1611</ele>
      </trkpt>
      <trkpt lat="45.7146972" lon="7.8984388">
        <ele>1611</ele>
      </trkpt>
      <trkpt lat="45.7147788" lon="7.8985063">
        <ele>1610</ele>
      </trkpt>
      <trkpt lat="45.7148806" lon="7.8984951">
        <ele>1610</ele>
      </trkpt>
      <trkpt lat="45.7149573" lon="7.8985892">
        <ele>1610</ele>
      </trkpt>
      <trkpt lat="45.7149862" lon="7.8985309">
        <ele>1609</ele>
      </trkpt>
      <trkpt lat="45.7149959" lon="7.8985368">
        <ele>1609</ele>
      </trkpt>
      <trkpt lat="45.7150493" lon="7.8987280">
        <ele>1609</ele>
      </trkpt>
      <trkpt lat="45.7150893" lon="7.8987693">
        <ele>1609</ele>
      </trkpt>
      <trkpt lat="45.7151419" lon="7.8988955">
        <ele>1608</ele>
      </trkpt>
      <trkpt lat="45.7151303" lon="7.8989315">
        <ele>1608</ele>
      </trkpt>
      <trkpt lat="45.7150438" lon="7.8989393">
        <ele>1608</ele>
      </trkpt>
      <trkpt lat="45.7150831" lon="7.8990289">
        <ele>1607</ele>
      </trkpt>
      <trkpt lat="45.7151070" lon="7.8990134">
        <ele>1607</ele>
      </trkpt>
      <trkpt lat="45.7154145" lon="7.8990119">
        <ele>1607</ele>
      </trkpt>
      <trkpt lat="45.7153220" lon="7.8988158">
        <ele>1606</ele>
      </trkpt>
      <trkpt lat="45.7153489" lon="7.8987937">
        <ele>1606</ele>
      </trkpt>
      <trkpt lat="45.7153226" lon="7.8987732">
        <ele>1606</ele>
      </trkpt>
      <trkpt lat="45.7153192" lon="7.8987399">
        <ele>1606</ele>
      </trkpt>
      <trkpt lat="45.7153426" lon="7.8987129">
        <ele>1605</ele>
      </trkpt>
      <trkpt lat="45.7153407" lon="7.8986849">
        <ele>1605</ele>
      </trkpt>
      <trkpt lat="45.7153098" lon="7.8986341">
        <ele>1605</ele>
      </trkpt>
      <trkpt lat="45.7153272" lon="7.8985824">
        <ele>1604</ele>
      </trkpt>
      <trkpt lat="45.7154096" lon="7.8985392">
        <ele>1604</ele>
      </trkpt>
      <trkpt lat="45.7153963" lon="7.8984821">
        <ele>1604</ele>
      </trkpt>
      <trkpt lat="45.7154074" lon="7.8984691">
        <ele>1604</ele>
      </trkpt>
      <trkpt lat="45.7154701" lon="7.8983090">
        <ele>1603</ele>
      </trkpt>
      <trkpt lat="45.7155192" lon="7.8983001">
        <ele>1603</ele>
      </trkpt>
      <trkpt lat="45.7156270" lon="7.8984451">
        <ele>1603</ele>
      </trkpt>
      <trkpt lat="45.7157817" lon="7.8985482">
        <ele>1602</ele>
      </trkpt>
      <trkpt lat="45.7158021" lon="7.8986083">
        <ele>1602</ele>
      </trkpt>
      <trkpt lat="45.7157968" lon="7.8986525">
        <ele>1602</ele>
      </trkpt>
      <trkpt lat="45.7157445" lon="7.8987047">
        <ele>1601</ele>
      </trkpt>
      <trkpt lat="45.7155877" lon="7.8987846">
        <ele>1601</ele>
      </trkpt>
      <trkpt lat="45.7155908" lon="7.8988388">
        <ele>1601</ele>
      </trkpt>
      <trkpt lat="45.7158222" lon="7.8990532">
        <ele>1601</ele>
      </trkpt>
      <trkpt lat="45.7158330" lon="7.8991017">
        <ele>1600</ele>
      </trkpt>
      <trkpt lat="45.7157934" lon="7.8991584">
        <ele>1600</ele>
      </trkpt>
      <trkpt lat="45.7158156" lon="7.8992387">
        <ele>1600</ele>
      </trkpt>
      <trkpt lat="45.7158056" lon="7.8993065">
        <ele>1599</ele>
      </trkpt>
      <trkpt lat="45.7158222" lon="7.8993360">
        <ele>1599</ele>
      </trkpt>
      <trkpt lat="45.7157991" lon="7.8993923">
        <ele>1599</ele>
      </trkpt>
      <trkpt lat="45.7159471" lon="7.8995814">
        <ele>1598</ele>
      </trkpt>
      <trkpt lat="45.7159946" lon="7.8996886">
        <ele>1598</ele>
      </trkpt>
      <trkpt lat="45.7160660" lon="7.8997676">
        <ele>1598</ele>
      </trkpt>
      <trkpt lat="45.7160733" lon="7.8998055">
        <ele>1598</ele>
      </trkpt>
      <trkpt lat="45.7163526" lon="7.9000587">
        <ele>1597</ele>
      </trkpt>
      <trkpt lat="45.7163498" lon="7.9001036">
        <ele>1597</ele>
      </trkpt>
      <trkpt lat="45.7163889" lon="7.9001606">
        <ele>1597</ele>
      </trkpt>
      <trkpt lat="45.7163676" lon="7.9001901">
        <ele>1596</ele>
      </trkpt>
      <trkpt lat="45.7164187" lon="7.9002545">
        <ele>1596</ele>
      </trkpt>
      <trkpt lat="45.7163252" lon="7.9003151">
        <ele>1596</ele>
      </trkpt>
      <trkpt lat="45.7163252" lon="7.9003597">
        <ele>1596</ele>
      </trkpt>
      <trkpt lat="45.7163004" lon="7.9004280">
        <ele>1595</ele>
      </trkpt>
      <trkpt lat="45.7162703" lon="7.9004502">
        <ele>1595</ele>
      </trkpt>
      <trkpt lat="45.7162584" lon="7.9005083">
        <ele>1595</ele>
      </trkpt>
      <trkpt lat="45.7162379" lon="7.9005106">
        <ele>1594</ele>
      </trkpt>
      <trkpt lat="45.7162201" lon="7.9005457">
        <ele>1594</ele>
      </trkpt>
      <trkpt lat="45.7162604" lon="7.9005912">
        <ele>1594</ele>
      </trkpt>
      <trkpt lat="45.7162427" lon="7.9006721">
        <ele>1593</ele>
      </trkpt>
      <trkpt lat="45.7163146" lon="7.9007304">
        <ele>1593</ele>
      </trkpt>
      <trkpt lat="45.7163252" lon="7.9007813">
        <ele>1593</ele>
      </trkpt>
      <trkpt lat="45.7162665" lon="7.9007846">
        <ele>1593</ele>
      </trkpt>
      <trkpt lat="45.7162569" lon="7.9008014">
        <ele>1592</ele>
      </trkpt>
      <trkpt lat="45.7163053" lon="7.9008368">
        <ele>1592</ele>
      </trkpt>
      <trkpt lat="45.7163019" lon="7.9008839">
        <ele>1592</ele>
      </trkpt>
      <trkpt lat="45.7162372" lon="7.9008974">
        <ele>1591</ele>
      </trkpt>
      <trkpt lat="45.7162432" lon="7.9009517">
        <ele>1591</ele>
      </trkpt>
      <trkpt lat="45.7161848" lon="7.9009913">
        <ele>1591</ele>
      </trkpt>
      <trkpt lat="45.7161611" lon="7.9010544">
        <ele>1590</ele>
      </trkpt>
      <trkpt lat="45.7163243" lon="7.9012024">
        <ele>1590</ele>
      </trkpt>
      <trkpt lat="45.7163221" lon="7.9012356">
        <ele>1590</ele>
      </trkpt>
      <trkpt lat="45.7162991" lon="7.9012609">
        <ele>1590</ele>
      </trkpt>
      <trkpt lat="45.7163340" lon="7.9013231">
        <ele>1589</ele>
      </trkpt>
      <trkpt lat="45.7163532" lon="7.9014287">
        <ele>1589</ele>
      </trkpt>
      <trkpt lat="45.7163433" lon="7.9014698">
        <ele>1589</ele>
      </trkpt>
      <trkpt lat="45.7163956" lon="7.9015958">
        <ele>1588</ele>
      </trkpt>
      <trkpt lat="45.7163661" lon="7.9015949">
        <ele>1588</ele>
      </trkpt>
      <trkpt lat="45.7164276" lon="7.9016797">
        <ele>1588</ele>
      </trkpt>
      <trkpt lat="45.7165080" lon="7.9017417">
        <ele>1588</ele>
      </trkpt>
      <trkpt lat="45.7164635" lon="7.9017676">
        <ele>1587</ele>
      </trkpt>
      <trkpt lat="45.7163243" lon="7.9017887">
        <ele>1587</ele>
      </trkpt>
      <trkpt lat="45.7163254" lon="7.9018050">
        <ele>1587</ele>
      </trkpt>
      <trkpt lat="45.7162750" lon="7.9018417">
        <ele>1586</ele>
      </trkpt>
      <trkpt lat="45.7162821" lon="7.9018960">
        <ele>1586</ele>
      </trkpt>
      <trkpt lat="45.7163229" lon="7.9019424">
        <ele>1586</ele>
      </trkpt>
      <trkpt lat="45.7165257" lon="7.9020329">
        <ele>1585</ele>
      </trkpt>
      <trkpt lat="45.7165367" lon="7.9020644">
        <ele>1585</ele>
      </trkpt>
      <trkpt lat="45.7165169" lon="7.9020810">
        <ele>1585</ele>
      </trkpt>
      <trkpt lat="45.7165602" lon="7.9021283">
        <ele>1585</ele>
      </trkpt>
      <trkpt lat="45.7165293" lon="7.9021921">
        <ele>1584</ele>
      </trkpt>
      <trkpt lat="45.7165376" lon="7.9022355">
        <ele>1584</ele>
      </trkpt>
      <trkpt lat="45.7165681" lon="7.9022508">
        <ele>1584</ele>
      </trkpt>
      <trkpt lat="45.7165815" lon="7.9023120">
        <ele>1583</ele>
      </trkpt>
      <trkpt lat="45.7165482" lon="7.9023570">
        <ele>1583</ele>
      </trkpt>
      <trkpt lat="45.7165891" lon="7.9024068">
        <ele>1583</ele>
      </trkpt>
      <trkpt lat="45.7165817" lon="7.9024741">
        <ele>1582</ele>
      </trkpt>
      <trkpt lat="45.7168283" lon="7.9027921">
        <ele>1582</ele>
      </trkpt>
      <trkpt lat="45.7168297" lon="7.9028147">
        <ele>1582</ele>
      </trkpt>
      <trkpt lat="45.7167989" lon="7.9028479">
        <ele>1582</ele>
      </trkpt>
      <trkpt lat="45.7166820" lon="7.9029057">
        <ele>1581</ele>
      </trkpt>
      <trkpt lat="45.7166842" lon="7.9029295">
        <ele>1581</ele>
      </trkpt>
      <trkpt lat="45.7167464" lon="7.9030051">
        <ele>1581</ele>
      </trkpt>
      <trkpt lat="45.7166307" lon="7.9030486">
        <ele>1580</ele>
      </trkpt>
      <trkpt lat="45.7166249" lon="7.9030815">
        <ele>1580</ele>
      </trkpt>
      <trkpt lat="45.7166503" lon="7.9031774">
        <ele>1580</ele>
      </trkpt>
      <trkpt lat="45.7165889" lon="7.9031895">
        <ele>1580</ele>
      </trkpt>
      <trkpt lat="45.7165945" lon="7.9032382">
        <ele>1579</ele>
      </trkpt>
      <trkpt lat="45.7165634" lon="7.9032475">
        <ele>1579</ele>
      </trkpt>
      <trkpt lat="45.7165499" lon="7.9032918">
        <ele>1579</ele>
      </trkpt>
      <trkpt lat="45.7165964" lon="7.9033398">
        <ele>1578</ele>
      </trkpt>
      <trkpt lat="45.7165918" lon="7.9033862">
        <ele>1578</ele>
      </trkpt>
      <trkpt lat="45.7166173" lon="7.9034381">
        <ele>1578</ele>
      </trkpt>
      <trkpt lat="45.7166602" lon="7.9034767">
        <ele>1577</ele>
      </trkpt>
      <trkpt lat="45.7167734" lon="7.9036987">
        <ele>1577</ele>
      </trkpt>
      <trkpt lat="45.7167416" lon="7.9037212">
        <ele>1577</ele>
      </trkpt>
      <trkpt lat="45.7167228" lon="7.9037650">
        <ele>1577</ele>
      </trkpt>
      <trkpt lat="45.7167426" lon="7.9037867">
        <ele>1576</ele>
      </trkpt>
      <trkpt lat="45.7167035" lon="7.9037902">
        <ele>1576</ele>
      </trkpt>
      <trkpt lat="45.7166975" lon="7.9038178">
        <ele>1576</ele>
      </trkpt>
      <trkpt lat="45.7167157" lon="7.9038676">
        <ele>1575</ele>
      </trkpt>
      <trkpt lat="45.7167034" lon="7.9038892">
        <ele>1575</ele>
      </trkpt>
      <trkpt lat="45.7167076" lon="7.9039395">
        <ele>1575</ele>
      </trkpt>
      <trkpt lat="45.7167383" lon="7.9040235">
        <ele>1574</ele>
      </trkpt>
      <trkpt lat="45.7167118" lon="7.9041097">
        <ele>1574</ele>
      </trkpt>
      <trkpt lat="45.7166659" lon="7.9041266">
        <ele>1574</ele>
      </trkpt>
      <trkpt lat="45.7165654" lon="7.9042096">
        <ele>1574</ele>
      </trkpt>
      <trkpt lat="45.7166400" lon="7.9042525">
        <ele>1573</ele>
      </trkpt>
      <trkpt lat="45.7165879" lon="7.9043039">
        <ele>1573</ele>
      </trkpt>
      <trkpt lat="45.7166614" lon="7.9043763">
        <ele>1573</ele>
      </trkpt>
      <trkpt lat="45.7166609" lon="7.9044074">
        <ele>1572</ele>
      </trkpt>
      <trkpt lat="45.7167534" lon="7.9045017">
        <ele>1572</ele>
      </trkpt>
      <trkpt lat="45.7167749" lon="7.9045479">
        <ele>1572</ele>
      </trkpt>
      <trkpt lat="45.7167190" lon="7.9045477">
        <ele>1572</ele>
      </trkpt>
      <trkpt lat="45.7167932" lon="7.9045881">
        <ele>1571</ele>
      </trkpt>
      <trkpt lat="45.7167911" lon="7.9046144">
        <ele>1571</ele>
      </trkpt>
      <trkpt lat="45.7166831" lon="7.9046600">
        <ele>1571</ele>
      </trkpt>
      <trkpt lat="45.7166643" lon="7.9047092">
        <ele>1570</ele>
      </trkpt>
      <trkpt lat="45.7166717" lon="7.9047945">
        <ele>1570</ele>
      </trkpt>
      <trkpt lat="45.7167647" lon="7.9049194">
        <ele>1570</ele>
      </trkpt>
      <trkpt lat="45.7168100" lon="7.9049454">
        <ele>1569</ele>
      </trkpt>
      <trkpt lat="45.7168340" lon="7.9049925">
        <ele>1569</ele>
      </trkpt>
      <trkpt lat="45.7168153" lon="7.9050170">
        <ele>1569</ele>
      </trkpt>
      <trkpt lat="45.7167323" lon="7.9050289">
        <ele>1569</ele>
      </trkpt>
      <trkpt lat="45.7167064" lon="7.9050740">
        <ele>1568</ele>
      </trkpt>
      <trkpt lat="45.7167767" lon="7.9052073">
        <ele>1568</ele>
      </trkpt>
      <trkpt lat="45.7167688" lon="7.9053112">
        <ele>1568</ele>
      </trkpt>
      <trkpt lat="45.7167427" lon="7.9053771">
        <ele>1567</ele>
      </trkpt>
      <trkpt lat="45.7166284" lon="7.9055048">
        <ele>1567</ele>
      </trkpt>
      <trkpt lat="45.7167346" lon="7.9056636">
        <ele>1567</ele>
      </trkpt>
      <trkpt lat="45.7167216" lon="7.9057292">
        <ele>1567</ele>
      </trkpt>
      <trkpt lat="45.7167440" lon="7.9057363">
        <ele>1566</ele>
      </trkpt>
      <trkpt lat="45.7167101" lon="7.9057644">
        <ele>1566</ele>
      </trkpt>
      <trkpt lat="45.7166540" lon="7.9059074">
        <ele>1566</ele>
      </trkpt>
      <trkpt lat="45.7165739" lon="7.9060301">
        <ele>1565</ele>
      </trkpt>
      <trkpt lat="45.7165138" lon="7.9060876">
        <ele>1565</ele>
      </trkpt>
      <trkpt lat="45.7165045" lon="7.9061368">
        <ele>1565</ele>
      </trkpt>
      <trkpt lat="45.7164096" lon="7.9061384">
        <ele>1564</ele>
      </trkpt>
      <trkpt lat="45.7162727" lon="7.9062985">
        <ele>1564</ele>
      </trkpt>
      <trkpt lat="45.7162602" lon="7.9063558">
        <ele>1564</ele>
      </trkpt>
      <trkpt lat="45.7163080" lon="7.9063711">
        <ele>1564</ele>
      </trkpt>
      <trkpt lat="45.7164196" lon="7.9063382">
        <ele>1563</ele>
      </trkpt>
      <trkpt lat="45.7164599" lon="7.9063443">
        <ele>1563</ele>
      </trkpt>
      <trkpt lat="45.7165302" lon="7.9063207">
        <ele>1563</ele>
      </trkpt>
      <trkpt lat="45.7165449" lon="7.9062894">
        <ele>1562</ele>
      </trkpt>
      <trkpt lat="45.7167843" lon="7.9062996">
        <ele>1562</ele>
      </trkpt>
      <trkpt lat="45.7167995" lon="7.9062591">
        <ele>1562</ele>
      </trkpt>
      <trkpt lat="45.7167179" lon="7.9062048">
        <ele>1561</ele>
      </trkpt>
      <trkpt lat="45.7167737" lon="7.9062031">
        <ele>1561</ele>
      </trkpt>
      <trkpt lat="45.7167442" lon="7.9060544">
        <ele>1561</ele>
      </trkpt>
      <trkpt lat="45.7168570" lon="7.9059461">
        <ele>1561</ele>
      </trkpt>
      <trkpt lat="45.7169048" lon="7.9059410">
        <ele>1560</ele>
      </trkpt>
      <trkpt lat="45.7169165" lon="7.9058934">
        <ele>1560</ele>
      </trkpt>
      <trkpt lat="45.7169527" lon="7.9058720">
        <ele>1560</ele>
      </trkpt>
      <trkpt lat="45.7170441" lon="7.9058805">
        <ele>1559</ele>
      </trkpt>
      <trkpt lat="45.7170488" lon="7.9058368">
        <ele>1559</ele>
      </trkpt>
      <trkpt lat="45.7171357" lon="7.9058216">
        <ele>1559</ele>
      </trkpt>
      <trkpt lat="45.7171156" lon="7.9056999">
        <ele>1559</ele>
      </trkpt>
      <trkpt lat="45.7172396" lon="7.9057098">
        <ele>1558</ele>
      </trkpt>
      <trkpt lat="45.7173058" lon="7.9056638">
        <ele>1558</ele>
      </trkpt>
      <trkpt lat="45.7173911" lon="7.9057172">
        <ele>1558</ele>
      </trkpt>
      <trkpt lat="45.7174800" lon="7.9058348">
        <ele>1557</ele>
      </trkpt>
      <trkpt lat="45.7175270" lon="7.9059384">
        <ele>1557</ele>
      </trkpt>
      <trkpt lat="45.7175446" lon="7.9060335">
        <ele>1557</ele>
      </trkpt>
      <trkpt lat="45.7175679" lon="7.9060676">
        <ele>1556</ele>
      </trkpt>
      <trkpt lat="45.7176554" lon="7.9061071">
        <ele>1556</ele>
      </trkpt>
      <trkpt lat="45.7177486" lon="7.9061068">
        <ele>1556</ele>
      </trkpt>
      <trkpt lat="45.7178182" lon="7.9060021">
        <ele>1556</ele>
      </trkpt>
      <trkpt lat="45.7178425" lon="7.9058609">
        <ele>1555</ele>
      </trkpt>
      <trkpt lat="45.7179072" lon="7.9057630">
        <ele>1555</ele>
      </trkpt>
      <trkpt lat="45.7180224" lon="7.9055325">
        <ele>1555</ele>
      </trkpt>
      <trkpt lat="45.7180551" lon="7.9053588">
        <ele>1554</ele>
      </trkpt>
      <trkpt lat="45.7181077" lon="7.9052288">
        <ele>1554</ele>
      </trkpt>
      <trkpt lat="45.7181477" lon="7.9051188">
        <ele>1554</ele>
      </trkpt>
      <trkpt lat="45.7182344" lon="7.9049812">
        <ele>1553</ele>
      </trkpt>
      <trkpt lat="45.7183372" lon="7.9048330">
        <ele>1553</ele>
      </trkpt>
      <trkpt lat="45.7183941" lon="7.9046926">
        <ele>1553</ele>
      </trkpt>
      <trkpt lat="45.7184082" lon="7.9045389">
        <ele>1553</ele>
      </trkpt>
      <trkpt lat="45.7187108" lon="7.9041733">
        <ele>1552</ele>
      </trkpt>
      <trkpt lat="45.7187530" lon="7.9040837">
        <ele>1552</ele>
      </trkpt>
    </trkseg>
  </trk>
</gpx>
