<?xml version="1.0" encoding="UTF-8"?>
<gpx version="1.1" creator="sentieri-vda" xmlns="http://www.topografix.com/GPX/1/1">
  <metadata>
    <name>TAPPA  07: Rhêmes-Notre-Dame - Eaux Rousses</name>
    <desc>Catasto Sentieri VdA — AV2_S7</desc>
    <author><name>Regione Autonoma Valle d'Aosta</name></author>
  </metadata>
  <trk>
    <name>TAPPA  07: Rhêmes-Notre-Dame - Eaux Rousses</name>
    <src>Catasto Sentieri VdA (AV2_S7)</src>
    <trkseg>
      <trkpt lat="45.5688600" lon="7.1202880">
        <ele>1722</ele>
      </trkpt>
      <trkpt lat="45.5687124" lon="7.1205567">
        <ele>1722</ele>
      </trkpt>
      <trkpt lat="45.5686438" lon="7.1205933">
        <ele>1722</ele>
      </trkpt>
      <trkpt lat="45.5686249" lon="7.1205963">
        <ele>1722</ele>
      </trkpt>
      <trkpt lat="45.5685898" lon="7.1205591">
        <ele>1722</ele>
      </trkpt>
      <trkpt lat="45.5682881" lon="7.1205016">
        <ele>1722</ele>
      </trkpt>
      <trkpt lat="45.5681015" lon="7.1205368">
        <ele>1722</ele>
      </trkpt>
      <trkpt lat="45.5680344" lon="7.1205768">
        <ele>1722</ele>
      </trkpt>
      <trkpt lat="45.5680278" lon="7.1206058">
        <ele>1722</ele>
      </trkpt>
      <trkpt lat="45.5679743" lon="7.1206183">
        <ele>1722</ele>
      </trkpt>
      <trkpt lat="45.5679528" lon="7.1206591">
        <ele>1722</ele>
      </trkpt>
      <trkpt lat="45.5680113" lon="7.1207262">
        <ele>1722</ele>
      </trkpt>
      <trkpt lat="45.5680394" lon="7.1208221">
        <ele>1722</ele>
      </trkpt>
      <trkpt lat="45.5682908" lon="7.1211617">
        <ele>1722</ele>
      </trkpt>
      <trkpt lat="45.5683010" lon="7.1212013">
        <ele>1722</ele>
      </trkpt>
      <trkpt lat="45.5681653" lon="7.1212261">
        <ele>1722</ele>
      </trkpt>
      <trkpt lat="45.5680824" lon="7.1212463">
        <ele>1722</ele>
      </trkpt>
      <trkpt lat="45.5680236" lon="7.1212968">
        <ele>1721</ele>
      </trkpt>
      <trkpt lat="45.5679666" lon="7.1213997">
        <ele>1721</ele>
      </trkpt>
      <trkpt lat="45.5679115" lon="7.1214972">
        <ele>1721</ele>
      </trkpt>
      <trkpt lat="45.5678830" lon="7.1215280">
        <ele>1721</ele>
      </trkpt>
      <trkpt lat="45.5678239" lon="7.1215541">
        <ele>1721</ele>
      </trkpt>
      <trkpt lat="45.5677525" lon="7.1216234">
        <ele>1721</ele>
      </trkpt>
      <trkpt lat="45.5677289" lon="7.1217333">
        <ele>1721</ele>
      </trkpt>
      <trkpt lat="45.5676612" lon="7.1217939">
        <ele>1721</ele>
      </trkpt>
      <trkpt lat="45.5676492" lon="7.1218715">
        <ele>1721</ele>
      </trkpt>
      <trkpt lat="45.5676264" lon="7.1218742">
        <ele>1721</ele>
      </trkpt>
      <trkpt lat="45.5675699" lon="7.1219330">
        <ele>1721</ele>
      </trkpt>
      <trkpt lat="45.5675582" lon="7.1219814">
        <ele>1721</ele>
      </trkpt>
      <trkpt lat="45.5675287" lon="7.1220118">
        <ele>1721</ele>
      </trkpt>
      <trkpt lat="45.5674619" lon="7.1220291">
        <ele>1721</ele>
      </trkpt>
      <trkpt lat="45.5674278" lon="7.1220835">
        <ele>1721</ele>
      </trkpt>
      <trkpt lat="45.5673740" lon="7.1221074">
        <ele>1721</ele>
      </trkpt>
      <trkpt lat="45.5673486" lon="7.1221410">
        <ele>1721</ele>
      </trkpt>
      <trkpt lat="45.5673382" lon="7.1221434">
        <ele>1721</ele>
      </trkpt>
      <trkpt lat="45.5673204" lon="7.1220907">
        <ele>1721</ele>
      </trkpt>
      <trkpt lat="45.5672605" lon="7.1220653">
        <ele>1721</ele>
      </trkpt>
      <trkpt lat="45.5669964" lon="7.1218672">
        <ele>1721</ele>
      </trkpt>
      <trkpt lat="45.5666605" lon="7.1218514">
        <ele>1721</ele>
      </trkpt>
      <trkpt lat="45.5663268" lon="7.1216459">
        <ele>1721</ele>
      </trkpt>
      <trkpt lat="45.5662841" lon="7.1216408">
        <ele>1721</ele>
      </trkpt>
      <trkpt lat="45.5661702" lon="7.1216857">
        <ele>1721</ele>
      </trkpt>
      <trkpt lat="45.5661114" lon="7.1216782">
        <ele>1721</ele>
      </trkpt>
      <trkpt lat="45.5660602" lon="7.1216276">
        <ele>1721</ele>
      </trkpt>
      <trkpt lat="45.5658072" lon="7.1215287">
        <ele>1721</ele>
      </trkpt>
      <trkpt lat="45.5657288" lon="7.1214488">
        <ele>1721</ele>
      </trkpt>
      <trkpt lat="45.5656552" lon="7.1214142">
        <ele>1721</ele>
      </trkpt>
      <trkpt lat="45.5656147" lon="7.1213412">
        <ele>1721</ele>
      </trkpt>
      <trkpt lat="45.5655258" lon="7.1213096">
        <ele>1721</ele>
      </trkpt>
      <trkpt lat="45.5654259" lon="7.1212095">
        <ele>1720</ele>
      </trkpt>
      <trkpt lat="45.5653824" lon="7.1211929">
        <ele>1720</ele>
      </trkpt>
      <trkpt lat="45.5652507" lon="7.1212029">
        <ele>1720</ele>
      </trkpt>
      <trkpt lat="45.5652093" lon="7.1211456">
        <ele>1720</ele>
      </trkpt>
      <trkpt lat="45.5651785" lon="7.1211361">
        <ele>1720</ele>
      </trkpt>
      <trkpt lat="45.5651628" lon="7.1211734">
        <ele>1720</ele>
      </trkpt>
      <trkpt lat="45.5651655" lon="7.1212645">
        <ele>1720</ele>
      </trkpt>
      <trkpt lat="45.5650243" lon="7.1212484">
        <ele>1720</ele>
      </trkpt>
      <trkpt lat="45.5649813" lon="7.1212647">
        <ele>1720</ele>
      </trkpt>
      <trkpt lat="45.5649798" lon="7.1214254">
        <ele>1720</ele>
      </trkpt>
      <trkpt lat="45.5649403" lon="7.1214780">
        <ele>1720</ele>
      </trkpt>
      <trkpt lat="45.5649381" lon="7.1215628">
        <ele>1720</ele>
      </trkpt>
      <trkpt lat="45.5649054" lon="7.1216241">
        <ele>1720</ele>
      </trkpt>
      <trkpt lat="45.5649197" lon="7.1216802">
        <ele>1720</ele>
      </trkpt>
      <trkpt lat="45.5649096" lon="7.1217663">
        <ele>1720</ele>
      </trkpt>
      <trkpt lat="45.5648543" lon="7.1218667">
        <ele>1720</ele>
      </trkpt>
      <trkpt lat="45.5648842" lon="7.1219013">
        <ele>1720</ele>
      </trkpt>
      <trkpt lat="45.5648814" lon="7.1219314">
        <ele>1720</ele>
      </trkpt>
      <trkpt lat="45.5647230" lon="7.1219782">
        <ele>1720</ele>
      </trkpt>
      <trkpt lat="45.5646744" lon="7.1220336">
        <ele>1720</ele>
      </trkpt>
      <trkpt lat="45.5646077" lon="7.1220529">
        <ele>1720</ele>
      </trkpt>
      <trkpt lat="45.5645757" lon="7.1221168">
        <ele>1720</ele>
      </trkpt>
      <trkpt lat="45.5644708" lon="7.1222356">
        <ele>1720</ele>
      </trkpt>
      <trkpt lat="45.5643008" lon="7.1222441">
        <ele>1720</ele>
      </trkpt>
      <trkpt lat="45.5641793" lon="7.1222208">
        <ele>1720</ele>
      </trkpt>
      <trkpt lat="45.5640596" lon="7.1221419">
        <ele>1720</ele>
      </trkpt>
      <trkpt lat="45.5640263" lon="7.1220999">
        <ele>1720</ele>
      </trkpt>
      <trkpt lat="45.5637833" lon="7.1219736">
        <ele>1720</ele>
      </trkpt>
      <trkpt lat="45.5636733" lon="7.1218859">
        <ele>1720</ele>
      </trkpt>
      <trkpt lat="45.5635068" lon="7.1218439">
        <ele>1720</ele>
      </trkpt>
      <trkpt lat="45.5634413" lon="7.1218611">
        <ele>1720</ele>
      </trkpt>
      <trkpt lat="45.5632193" lon="7.1218508">
        <ele>1720</ele>
      </trkpt>
      <trkpt lat="45.5631421" lon="7.1218787">
        <ele>1720</ele>
      </trkpt>
      <trkpt lat="45.5631201" lon="7.1219062">
        <ele>1719</ele>
      </trkpt>
      <trkpt lat="45.5630181" lon="7.1219208">
        <ele>1719</ele>
      </trkpt>
      <trkpt lat="45.5629737" lon="7.1219818">
        <ele>1719</ele>
      </trkpt>
      <trkpt lat="45.5629011" lon="7.1219964">
        <ele>1719</ele>
      </trkpt>
      <trkpt lat="45.5628839" lon="7.1220377">
        <ele>1719</ele>
      </trkpt>
      <trkpt lat="45.5627965" lon="7.1220498">
        <ele>1719</ele>
      </trkpt>
      <trkpt lat="45.5627781" lon="7.1220637">
        <ele>1719</ele>
      </trkpt>
      <trkpt lat="45.5627985" lon="7.1221165">
        <ele>1719</ele>
      </trkpt>
      <trkpt lat="45.5627840" lon="7.1221779">
        <ele>1719</ele>
      </trkpt>
      <trkpt lat="45.5627331" lon="7.1222010">
        <ele>1719</ele>
      </trkpt>
      <trkpt lat="45.5627222" lon="7.1223004">
        <ele>1719</ele>
      </trkpt>
      <trkpt lat="45.5626909" lon="7.1223150">
        <ele>1719</ele>
      </trkpt>
      <trkpt lat="45.5626909" lon="7.1222915">
        <ele>1719</ele>
      </trkpt>
      <trkpt lat="45.5626291" lon="7.1223320">
        <ele>1719</ele>
      </trkpt>
      <trkpt lat="45.5626177" lon="7.1223127">
        <ele>1719</ele>
      </trkpt>
      <trkpt lat="45.5625482" lon="7.1223193">
        <ele>1719</ele>
      </trkpt>
      <trkpt lat="45.5625830" lon="7.1223325">
        <ele>1719</ele>
      </trkpt>
      <trkpt lat="45.5626070" lon="7.1224308">
        <ele>1719</ele>
      </trkpt>
      <trkpt lat="45.5626430" lon="7.1224806">
        <ele>1719</ele>
      </trkpt>
      <trkpt lat="45.5625611" lon="7.1225155">
        <ele>1719</ele>
      </trkpt>
      <trkpt lat="45.5625126" lon="7.1226135">
        <ele>1719</ele>
      </trkpt>
      <trkpt lat="45.5625445" lon="7.1226547">
        <ele>1719</ele>
      </trkpt>
      <trkpt lat="45.5626105" lon="7.1226727">
        <ele>1719</ele>
      </trkpt>
      <trkpt lat="45.5625671" lon="7.1227236">
        <ele>1719</ele>
      </trkpt>
      <trkpt lat="45.5626029" lon="7.1227573">
        <ele>1719</ele>
      </trkpt>
      <trkpt lat="45.5625531" lon="7.1228459">
        <ele>1719</ele>
      </trkpt>
      <trkpt lat="45.5625149" lon="7.1228547">
        <ele>1719</ele>
      </trkpt>
      <trkpt lat="45.5624663" lon="7.1228246">
        <ele>1719</ele>
      </trkpt>
      <trkpt lat="45.5623680" lon="7.1228185">
        <ele>1719</ele>
      </trkpt>
      <trkpt lat="45.5623498" lon="7.1228302">
        <ele>1719</ele>
      </trkpt>
      <trkpt lat="45.5623291" lon="7.1228971">
        <ele>1719</ele>
      </trkpt>
      <trkpt lat="45.5623495" lon="7.1229215">
        <ele>1719</ele>
      </trkpt>
      <trkpt lat="45.5621688" lon="7.1230218">
        <ele>1719</ele>
      </trkpt>
      <trkpt lat="45.5621023" lon="7.1230890">
        <ele>1718</ele>
      </trkpt>
      <trkpt lat="45.5620914" lon="7.1231279">
        <ele>1718</ele>
      </trkpt>
      <trkpt lat="45.5621229" lon="7.1231535">
        <ele>1718</ele>
      </trkpt>
      <trkpt lat="45.5617923" lon="7.1232738">
        <ele>1718</ele>
      </trkpt>
      <trkpt lat="45.5617490" lon="7.1233088">
        <ele>1718</ele>
      </trkpt>
      <trkpt lat="45.5616719" lon="7.1232607">
        <ele>1718</ele>
      </trkpt>
      <trkpt lat="45.5615532" lon="7.1233008">
        <ele>1718</ele>
      </trkpt>
      <trkpt lat="45.5615120" lon="7.1232567">
        <ele>1718</ele>
      </trkpt>
      <trkpt lat="45.5614889" lon="7.1232764">
        <ele>1718</ele>
      </trkpt>
      <trkpt lat="45.5613563" lon="7.1232650">
        <ele>1718</ele>
      </trkpt>
      <trkpt lat="45.5613087" lon="7.1232843">
        <ele>1718</ele>
      </trkpt>
      <trkpt lat="45.5612748" lon="7.1232632">
        <ele>1718</ele>
      </trkpt>
      <trkpt lat="45.5611953" lon="7.1233463">
        <ele>1718</ele>
      </trkpt>
      <trkpt lat="45.5610907" lon="7.1233654">
        <ele>1718</ele>
      </trkpt>
      <trkpt lat="45.5609088" lon="7.1234477">
        <ele>1718</ele>
      </trkpt>
      <trkpt lat="45.5609047" lon="7.1234967">
        <ele>1718</ele>
      </trkpt>
      <trkpt lat="45.5608257" lon="7.1235945">
        <ele>1718</ele>
      </trkpt>
      <trkpt lat="45.5607318" lon="7.1236406">
        <ele>1718</ele>
      </trkpt>
      <trkpt lat="45.5606656" lon="7.1237398">
        <ele>1718</ele>
      </trkpt>
      <trkpt lat="45.5605911" lon="7.1238067">
        <ele>1718</ele>
      </trkpt>
      <trkpt lat="45.5605098" lon="7.1238329">
        <ele>1718</ele>
      </trkpt>
      <trkpt lat="45.5604400" lon="7.1238821">
        <ele>1718</ele>
      </trkpt>
      <trkpt lat="45.5603878" lon="7.1238686">
        <ele>1718</ele>
      </trkpt>
      <trkpt lat="45.5603465" lon="7.1238862">
        <ele>1718</ele>
      </trkpt>
      <trkpt lat="45.5603155" lon="7.1239279">
        <ele>1718</ele>
      </trkpt>
      <trkpt lat="45.5603006" lon="7.1239217">
        <ele>1718</ele>
      </trkpt>
      <trkpt lat="45.5602277" lon="7.1239875">
        <ele>1718</ele>
      </trkpt>
      <trkpt lat="45.5601859" lon="7.1239989">
        <ele>1718</ele>
      </trkpt>
      <trkpt lat="45.5601515" lon="7.1240727">
        <ele>1718</ele>
      </trkpt>
      <trkpt lat="45.5601043" lon="7.1240698">
        <ele>1718</ele>
      </trkpt>
      <trkpt lat="45.5600743" lon="7.1240897">
        <ele>1718</ele>
      </trkpt>
      <trkpt lat="45.5600459" lon="7.1240823">
        <ele>1718</ele>
      </trkpt>
      <trkpt lat="45.5600122" lon="7.1240415">
        <ele>1717</ele>
      </trkpt>
      <trkpt lat="45.5599888" lon="7.1240777">
        <ele>1717</ele>
      </trkpt>
      <trkpt lat="45.5599865" lon="7.1241273">
        <ele>1717</ele>
      </trkpt>
      <trkpt lat="45.5600070" lon="7.1241803">
        <ele>1717</ele>
      </trkpt>
      <trkpt lat="45.5600357" lon="7.1241811">
        <ele>1717</ele>
      </trkpt>
      <trkpt lat="45.5600844" lon="7.1242562">
        <ele>1717</ele>
      </trkpt>
      <trkpt lat="45.5600878" lon="7.1242934">
        <ele>1717</ele>
      </trkpt>
      <trkpt lat="45.5601511" lon="7.1243155">
        <ele>1717</ele>
      </trkpt>
      <trkpt lat="45.5602043" lon="7.1244050">
        <ele>1717</ele>
      </trkpt>
      <trkpt lat="45.5602569" lon="7.1244432">
        <ele>1717</ele>
      </trkpt>
      <trkpt lat="45.5602887" lon="7.1245076">
        <ele>1717</ele>
      </trkpt>
      <trkpt lat="45.5603274" lon="7.1245065">
        <ele>1717</ele>
      </trkpt>
      <trkpt lat="45.5603425" lon="7.1245323">
        <ele>1717</ele>
      </trkpt>
      <trkpt lat="45.5603782" lon="7.1245373">
        <ele>1717</ele>
      </trkpt>
      <trkpt lat="45.5604535" lon="7.1246840">
        <ele>1717</ele>
      </trkpt>
      <trkpt lat="45.5604391" lon="7.1247062">
        <ele>1717</ele>
      </trkpt>
      <trkpt lat="45.5602603" lon="7.1246874">
        <ele>1717</ele>
      </trkpt>
      <trkpt lat="45.5602901" lon="7.1247238">
        <ele>1717</ele>
      </trkpt>
      <trkpt lat="45.5603096" lon="7.1248219">
        <ele>1717</ele>
      </trkpt>
      <trkpt lat="45.5603743" lon="7.1248342">
        <ele>1717</ele>
      </trkpt>
      <trkpt lat="45.5603652" lon="7.1248871">
        <ele>1717</ele>
      </trkpt>
      <trkpt lat="45.5604170" lon="7.1249980">
        <ele>1717</ele>
      </trkpt>
      <trkpt lat="45.5604321" lon="7.1251036">
        <ele>1717</ele>
      </trkpt>
      <trkpt lat="45.5604685" lon="7.1251295">
        <ele>1717</ele>
      </trkpt>
      <trkpt lat="45.5605007" lon="7.1252327">
        <ele>1717</ele>
      </trkpt>
      <trkpt lat="45.5604854" lon="7.1252600">
        <ele>1717</ele>
      </trkpt>
      <trkpt lat="45.5604424" lon="7.1252508">
        <ele>1717</ele>
      </trkpt>
      <trkpt lat="45.5603638" lon="7.1252735">
        <ele>1717</ele>
      </trkpt>
      <trkpt lat="45.5602512" lon="7.1252272">
        <ele>1717</ele>
      </trkpt>
      <trkpt lat="45.5601591" lon="7.1252303">
        <ele>1717</ele>
      </trkpt>
      <trkpt lat="45.5601918" lon="7.1253188">
        <ele>1717</ele>
      </trkpt>
      <trkpt lat="45.5602347" lon="7.1253705">
        <ele>1717</ele>
      </trkpt>
      <trkpt lat="45.5602449" lon="7.1254879">
        <ele>1717</ele>
      </trkpt>
      <trkpt lat="45.5602742" lon="7.1255326">
        <ele>1716</ele>
      </trkpt>
      <trkpt lat="45.5602640" lon="7.1255797">
        <ele>1716</ele>
      </trkpt>
      <trkpt lat="45.5602439" lon="7.1255873">
        <ele>1716</ele>
      </trkpt>
      <trkpt lat="45.5602009" lon="7.1255375">
        <ele>1716</ele>
      </trkpt>
      <trkpt lat="45.5600742" lon="7.1255129">
        <ele>1716</ele>
      </trkpt>
      <trkpt lat="45.5600457" lon="7.1254826">
        <ele>1716</ele>
      </trkpt>
      <trkpt lat="45.5600002" lon="7.1255141">
        <ele>1716</ele>
      </trkpt>
      <trkpt lat="45.5600801" lon="7.1256537">
        <ele>1716</ele>
      </trkpt>
      <trkpt lat="45.5600729" lon="7.1256859">
        <ele>1716</ele>
      </trkpt>
      <trkpt lat="45.5600401" lon="7.1257104">
        <ele>1716</ele>
      </trkpt>
      <trkpt lat="45.5600188" lon="7.1257056">
        <ele>1716</ele>
      </trkpt>
      <trkpt lat="45.5599793" lon="7.1256477">
        <ele>1716</ele>
      </trkpt>
      <trkpt lat="45.5598623" lon="7.1255870">
        <ele>1716</ele>
      </trkpt>
      <trkpt lat="45.5598481" lon="7.1256792">
        <ele>1716</ele>
      </trkpt>
      <trkpt lat="45.5599317" lon="7.1257360">
        <ele>1716</ele>
      </trkpt>
      <trkpt lat="45.5599616" lon="7.1257820">
        <ele>1716</ele>
      </trkpt>
      <trkpt lat="45.5599205" lon="7.1258692">
        <ele>1716</ele>
      </trkpt>
      <trkpt lat="45.5599147" lon="7.1258440">
        <ele>1716</ele>
      </trkpt>
      <trkpt lat="45.5598518" lon="7.1258215">
        <ele>1716</ele>
      </trkpt>
      <trkpt lat="45.5598468" lon="7.1257538">
        <ele>1716</ele>
      </trkpt>
      <trkpt lat="45.5598327" lon="7.1257515">
        <ele>1716</ele>
      </trkpt>
      <trkpt lat="45.5598219" lon="7.1257087">
        <ele>1716</ele>
      </trkpt>
      <trkpt lat="45.5597845" lon="7.1256805">
        <ele>1716</ele>
      </trkpt>
      <trkpt lat="45.5597474" lon="7.1256890">
        <ele>1716</ele>
      </trkpt>
      <trkpt lat="45.5597061" lon="7.1256456">
        <ele>1716</ele>
      </trkpt>
      <trkpt lat="45.5596861" lon="7.1256764">
        <ele>1716</ele>
      </trkpt>
      <trkpt lat="45.5596875" lon="7.1256201">
        <ele>1716</ele>
      </trkpt>
      <trkpt lat="45.5594230" lon="7.1253539">
        <ele>1716</ele>
      </trkpt>
      <trkpt lat="45.5593334" lon="7.1253044">
        <ele>1716</ele>
      </trkpt>
      <trkpt lat="45.5592951" lon="7.1253171">
        <ele>1716</ele>
      </trkpt>
      <trkpt lat="45.5590953" lon="7.1252892">
        <ele>1716</ele>
      </trkpt>
      <trkpt lat="45.5590243" lon="7.1253527">
        <ele>1716</ele>
      </trkpt>
      <trkpt lat="45.5589251" lon="7.1255484">
        <ele>1716</ele>
      </trkpt>
      <trkpt lat="45.5588472" lon="7.1256263">
        <ele>1715</ele>
      </trkpt>
      <trkpt lat="45.5584434" lon="7.1261401">
        <ele>1715</ele>
      </trkpt>
      <trkpt lat="45.5583227" lon="7.1262326">
        <ele>1715</ele>
      </trkpt>
      <trkpt lat="45.5582254" lon="7.1262134">
        <ele>1715</ele>
      </trkpt>
      <trkpt lat="45.5581945" lon="7.1262039">
        <ele>1715</ele>
      </trkpt>
      <trkpt lat="45.5581793" lon="7.1262017">
        <ele>1715</ele>
      </trkpt>
      <trkpt lat="45.5581470" lon="7.1262526">
        <ele>1715</ele>
      </trkpt>
      <trkpt lat="45.5580939" lon="7.1263015">
        <ele>1715</ele>
      </trkpt>
      <trkpt lat="45.5579909" lon="7.1263999">
        <ele>1715</ele>
      </trkpt>
      <trkpt lat="45.5579289" lon="7.1264828">
        <ele>1715</ele>
      </trkpt>
      <trkpt lat="45.5578678" lon="7.1265629">
        <ele>1715</ele>
      </trkpt>
      <trkpt lat="45.5578217" lon="7.1266251">
        <ele>1715</ele>
      </trkpt>
      <trkpt lat="45.5577675" lon="7.1266673">
        <ele>1715</ele>
      </trkpt>
      <trkpt lat="45.5577327" lon="7.1267317">
        <ele>1715</ele>
      </trkpt>
      <trkpt lat="45.5577104" lon="7.1268097">
        <ele>1715</ele>
      </trkpt>
      <trkpt lat="45.5576549" lon="7.1268573">
        <ele>1715</ele>
      </trkpt>
      <trkpt lat="45.5575678" lon="7.1270779">
        <ele>1715</ele>
      </trkpt>
      <trkpt lat="45.5575554" lon="7.1271730">
        <ele>1715</ele>
      </trkpt>
      <trkpt lat="45.5575678" lon="7.1272768">
        <ele>1715</ele>
      </trkpt>
      <trkpt lat="45.5575342" lon="7.1272916">
        <ele>1715</ele>
      </trkpt>
      <trkpt lat="45.5575126" lon="7.1273457">
        <ele>1715</ele>
      </trkpt>
      <trkpt lat="45.5575435" lon="7.1273699">
        <ele>1715</ele>
      </trkpt>
      <trkpt lat="45.5575453" lon="7.1274284">
        <ele>1715</ele>
      </trkpt>
      <trkpt lat="45.5574825" lon="7.1275431">
        <ele>1715</ele>
      </trkpt>
      <trkpt lat="45.5574766" lon="7.1276586">
        <ele>1715</ele>
      </trkpt>
      <trkpt lat="45.5574457" lon="7.1277062">
        <ele>1715</ele>
      </trkpt>
      <trkpt lat="45.5574413" lon="7.1277731">
        <ele>1715</ele>
      </trkpt>
      <trkpt lat="45.5574119" lon="7.1278323">
        <ele>1715</ele>
      </trkpt>
      <trkpt lat="45.5573964" lon="7.1278313">
        <ele>1715</ele>
      </trkpt>
      <trkpt lat="45.5573737" lon="7.1279814">
        <ele>1715</ele>
      </trkpt>
      <trkpt lat="45.5573031" lon="7.1282593">
        <ele>1715</ele>
      </trkpt>
      <trkpt lat="45.5572875" lon="7.1283891">
        <ele>1715</ele>
      </trkpt>
      <trkpt lat="45.5572264" lon="7.1285799">
        <ele>1714</ele>
      </trkpt>
      <trkpt lat="45.5571611" lon="7.1287264">
        <ele>1714</ele>
      </trkpt>
      <trkpt lat="45.5570971" lon="7.1290290">
        <ele>1714</ele>
      </trkpt>
      <trkpt lat="45.5570505" lon="7.1291088">
        <ele>1714</ele>
      </trkpt>
      <trkpt lat="45.5570006" lon="7.1292778">
        <ele>1714</ele>
      </trkpt>
      <trkpt lat="45.5568569" lon="7.1295823">
        <ele>1714</ele>
      </trkpt>
      <trkpt lat="45.5567899" lon="7.1297688">
        <ele>1714</ele>
      </trkpt>
      <trkpt lat="45.5567516" lon="7.1298203">
        <ele>1714</ele>
      </trkpt>
      <trkpt lat="45.5566478" lon="7.1300398">
        <ele>1714</ele>
      </trkpt>
      <trkpt lat="45.5565624" lon="7.1301404">
        <ele>1714</ele>
      </trkpt>
      <trkpt lat="45.5565013" lon="7.1302719">
        <ele>1714</ele>
      </trkpt>
      <trkpt lat="45.5564594" lon="7.1303219">
        <ele>1714</ele>
      </trkpt>
      <trkpt lat="45.5563883" lon="7.1304983">
        <ele>1714</ele>
      </trkpt>
      <trkpt lat="45.5561528" lon="7.1306963">
        <ele>1714</ele>
      </trkpt>
      <trkpt lat="45.5560727" lon="7.1307976">
        <ele>1714</ele>
      </trkpt>
      <trkpt lat="45.5559282" lon="7.1309270">
        <ele>1714</ele>
      </trkpt>
      <trkpt lat="45.5558306" lon="7.1310513">
        <ele>1714</ele>
      </trkpt>
      <trkpt lat="45.5556771" lon="7.1313089">
        <ele>1714</ele>
      </trkpt>
      <trkpt lat="45.5555983" lon="7.1315971">
        <ele>1714</ele>
      </trkpt>
      <trkpt lat="45.5554373" lon="7.1317300">
        <ele>1714</ele>
      </trkpt>
      <trkpt lat="45.5552486" lon="7.1318091">
        <ele>1714</ele>
      </trkpt>
      <trkpt lat="45.5551334" lon="7.1318811">
        <ele>1714</ele>
      </trkpt>
      <trkpt lat="45.5550281" lon="7.1320780">
        <ele>1714</ele>
      </trkpt>
      <trkpt lat="45.5549270" lon="7.1322265">
        <ele>1714</ele>
      </trkpt>
      <trkpt lat="45.5547817" lon="7.1323487">
        <ele>1714</ele>
      </trkpt>
      <trkpt lat="45.5545966" lon="7.1326000">
        <ele>1714</ele>
      </trkpt>
      <trkpt lat="45.5544967" lon="7.1328569">
        <ele>1714</ele>
      </trkpt>
      <trkpt lat="45.5544617" lon="7.1330323">
        <ele>1714</ele>
      </trkpt>
      <trkpt lat="45.5544207" lon="7.1331097">
        <ele>1714</ele>
      </trkpt>
      <trkpt lat="45.5544069" lon="7.1332027">
        <ele>1714</ele>
      </trkpt>
      <trkpt lat="45.5543591" lon="7.1333526">
        <ele>1714</ele>
      </trkpt>
      <trkpt lat="45.5543572" lon="7.1334276">
        <ele>1714</ele>
      </trkpt>
      <trkpt lat="45.5542758" lon="7.1336641">
        <ele>1714</ele>
      </trkpt>
      <trkpt lat="45.5542295" lon="7.1337483">
        <ele>1713</ele>
      </trkpt>
      <trkpt lat="45.5541296" lon="7.1338634">
        <ele>1713</ele>
      </trkpt>
      <trkpt lat="45.5540405" lon="7.1341286">
        <ele>1713</ele>
      </trkpt>
      <trkpt lat="45.5539586" lon="7.1342644">
        <ele>1713</ele>
      </trkpt>
      <trkpt lat="45.5539217" lon="7.1342923">
        <ele>1713</ele>
      </trkpt>
      <trkpt lat="45.5538714" lon="7.1343710">
        <ele>1713</ele>
      </trkpt>
      <trkpt lat="45.5537911" lon="7.1345731">
        <ele>1713</ele>
      </trkpt>
      <trkpt lat="45.5537280" lon="7.1346336">
        <ele>1713</ele>
      </trkpt>
      <trkpt lat="45.5536929" lon="7.1347445">
        <ele>1713</ele>
      </trkpt>
      <trkpt lat="45.5536587" lon="7.1349340">
        <ele>1713</ele>
      </trkpt>
      <trkpt lat="45.5535863" lon="7.1350403">
        <ele>1713</ele>
      </trkpt>
      <trkpt lat="45.5535807" lon="7.1350976">
        <ele>1713</ele>
      </trkpt>
      <trkpt lat="45.5535446" lon="7.1351916">
        <ele>1713</ele>
      </trkpt>
      <trkpt lat="45.5533917" lon="7.1355072">
        <ele>1713</ele>
      </trkpt>
      <trkpt lat="45.5533307" lon="7.1355466">
        <ele>1713</ele>
      </trkpt>
      <trkpt lat="45.5532696" lon="7.1355556">
        <ele>1713</ele>
      </trkpt>
      <trkpt lat="45.5531936" lon="7.1356167">
        <ele>1713</ele>
      </trkpt>
      <trkpt lat="45.5531637" lon="7.1356407">
        <ele>1713</ele>
      </trkpt>
      <trkpt lat="45.5531352" lon="7.1356928">
        <ele>1713</ele>
      </trkpt>
      <trkpt lat="45.5530710" lon="7.1358104">
        <ele>1713</ele>
      </trkpt>
      <trkpt lat="45.5530493" lon="7.1358704">
        <ele>1713</ele>
      </trkpt>
      <trkpt lat="45.5530412" lon="7.1358884">
        <ele>1713</ele>
      </trkpt>
      <trkpt lat="45.5529747" lon="7.1359404">
        <ele>1713</ele>
      </trkpt>
      <trkpt lat="45.5529372" lon="7.1359687">
        <ele>1713</ele>
      </trkpt>
      <trkpt lat="45.5528986" lon="7.1360346">
        <ele>1713</ele>
      </trkpt>
      <trkpt lat="45.5528290" lon="7.1361796">
        <ele>1713</ele>
      </trkpt>
      <trkpt lat="45.5527904" lon="7.1362722">
        <ele>1713</ele>
      </trkpt>
      <trkpt lat="45.5527340" lon="7.1363338">
        <ele>1713</ele>
      </trkpt>
      <trkpt lat="45.5526756" lon="7.1363383">
        <ele>1713</ele>
      </trkpt>
      <trkpt lat="45.5525570" lon="7.1364131">
        <ele>1713</ele>
      </trkpt>
      <trkpt lat="45.5524212" lon="7.1365695">
        <ele>1713</ele>
      </trkpt>
      <trkpt lat="45.5524085" lon="7.1365726">
        <ele>1713</ele>
      </trkpt>
      <trkpt lat="45.5523767" lon="7.1365925">
        <ele>1713</ele>
      </trkpt>
      <trkpt lat="45.5523636" lon="7.1366158">
        <ele>1712</ele>
      </trkpt>
      <trkpt lat="45.5523390" lon="7.1366598">
        <ele>1712</ele>
      </trkpt>
      <trkpt lat="45.5522980" lon="7.1366988">
        <ele>1712</ele>
      </trkpt>
      <trkpt lat="45.5522201" lon="7.1367404">
        <ele>1712</ele>
      </trkpt>
      <trkpt lat="45.5522013" lon="7.1367503">
        <ele>1712</ele>
      </trkpt>
      <trkpt lat="45.5521164" lon="7.1368549">
        <ele>1712</ele>
      </trkpt>
      <trkpt lat="45.5519437" lon="7.1370187">
        <ele>1712</ele>
      </trkpt>
      <trkpt lat="45.5518556" lon="7.1370730">
        <ele>1712</ele>
      </trkpt>
      <trkpt lat="45.5517713" lon="7.1371202">
        <ele>1712</ele>
      </trkpt>
      <trkpt lat="45.5517393" lon="7.1371361">
        <ele>1712</ele>
      </trkpt>
      <trkpt lat="45.5516980" lon="7.1371550">
        <ele>1712</ele>
      </trkpt>
      <trkpt lat="45.5516679" lon="7.1371654">
        <ele>1712</ele>
      </trkpt>
      <trkpt lat="45.5516387" lon="7.1371717">
        <ele>1712</ele>
      </trkpt>
      <trkpt lat="45.5515993" lon="7.1371867">
        <ele>1712</ele>
      </trkpt>
      <trkpt lat="45.5515769" lon="7.1372299">
        <ele>1712</ele>
      </trkpt>
      <trkpt lat="45.5515275" lon="7.1372522">
        <ele>1712</ele>
      </trkpt>
      <trkpt lat="45.5514365" lon="7.1373587">
        <ele>1712</ele>
      </trkpt>
      <trkpt lat="45.5512420" lon="7.1376527">
        <ele>1712</ele>
      </trkpt>
      <trkpt lat="45.5512274" lon="7.1376802">
        <ele>1712</ele>
      </trkpt>
      <trkpt lat="45.5512251" lon="7.1377146">
        <ele>1712</ele>
      </trkpt>
      <trkpt lat="45.5512370" lon="7.1377452">
        <ele>1712</ele>
      </trkpt>
      <trkpt lat="45.5512594" lon="7.1377573">
        <ele>1712</ele>
      </trkpt>
      <trkpt lat="45.5512903" lon="7.1377657">
        <ele>1712</ele>
      </trkpt>
      <trkpt lat="45.5513184" lon="7.1377809">
        <ele>1712</ele>
      </trkpt>
      <trkpt lat="45.5513458" lon="7.1378126">
        <ele>1712</ele>
      </trkpt>
      <trkpt lat="45.5513881" lon="7.1378517">
        <ele>1712</ele>
      </trkpt>
      <trkpt lat="45.5514000" lon="7.1378614">
        <ele>1712</ele>
      </trkpt>
      <trkpt lat="45.5514041" lon="7.1378801">
        <ele>1712</ele>
      </trkpt>
      <trkpt lat="45.5514021" lon="7.1378983">
        <ele>1712</ele>
      </trkpt>
      <trkpt lat="45.5513931" lon="7.1379276">
        <ele>1712</ele>
      </trkpt>
      <trkpt lat="45.5513921" lon="7.1379572">
        <ele>1712</ele>
      </trkpt>
      <trkpt lat="45.5514027" lon="7.1379939">
        <ele>1712</ele>
      </trkpt>
      <trkpt lat="45.5514177" lon="7.1380129">
        <ele>1711</ele>
      </trkpt>
      <trkpt lat="45.5514338" lon="7.1380198">
        <ele>1711</ele>
      </trkpt>
      <trkpt lat="45.5514357" lon="7.1380198">
        <ele>1711</ele>
      </trkpt>
      <trkpt lat="45.5514789" lon="7.1380134">
        <ele>1711</ele>
      </trkpt>
      <trkpt lat="45.5514806" lon="7.1380136">
        <ele>1711</ele>
      </trkpt>
      <trkpt lat="45.5515316" lon="7.1380072">
        <ele>1711</ele>
      </trkpt>
      <trkpt lat="45.5515416" lon="7.1380136">
        <ele>1711</ele>
      </trkpt>
      <trkpt lat="45.5515522" lon="7.1380212">
        <ele>1711</ele>
      </trkpt>
      <trkpt lat="45.5515533" lon="7.1380482">
        <ele>1711</ele>
      </trkpt>
      <trkpt lat="45.5514773" lon="7.1381613">
        <ele>1711</ele>
      </trkpt>
      <trkpt lat="45.5514367" lon="7.1382502">
        <ele>1711</ele>
      </trkpt>
      <trkpt lat="45.5514176" lon="7.1383414">
        <ele>1711</ele>
      </trkpt>
      <trkpt lat="45.5514084" lon="7.1383832">
        <ele>1711</ele>
      </trkpt>
      <trkpt lat="45.5513968" lon="7.1383944">
        <ele>1711</ele>
      </trkpt>
      <trkpt lat="45.5513828" lon="7.1384056">
        <ele>1711</ele>
      </trkpt>
      <trkpt lat="45.5513500" lon="7.1383959">
        <ele>1711</ele>
      </trkpt>
      <trkpt lat="45.5513185" lon="7.1383795">
        <ele>1711</ele>
      </trkpt>
      <trkpt lat="45.5512825" lon="7.1383780">
        <ele>1711</ele>
      </trkpt>
      <trkpt lat="45.5512558" lon="7.1383912">
        <ele>1711</ele>
      </trkpt>
      <trkpt lat="45.5512520" lon="7.1383931">
        <ele>1711</ele>
      </trkpt>
      <trkpt lat="45.5512402" lon="7.1384204">
        <ele>1711</ele>
      </trkpt>
      <trkpt lat="45.5512374" lon="7.1384549">
        <ele>1711</ele>
      </trkpt>
      <trkpt lat="45.5512411" lon="7.1385066">
        <ele>1711</ele>
      </trkpt>
      <trkpt lat="45.5512429" lon="7.1385288">
        <ele>1711</ele>
      </trkpt>
      <trkpt lat="45.5512404" lon="7.1385511">
        <ele>1711</ele>
      </trkpt>
      <trkpt lat="45.5512461" lon="7.1386128">
        <ele>1711</ele>
      </trkpt>
      <trkpt lat="45.5512708" lon="7.1386450">
        <ele>1711</ele>
      </trkpt>
      <trkpt lat="45.5512984" lon="7.1386831">
        <ele>1711</ele>
      </trkpt>
      <trkpt lat="45.5513197" lon="7.1387168">
        <ele>1711</ele>
      </trkpt>
      <trkpt lat="45.5513579" lon="7.1387976">
        <ele>1711</ele>
      </trkpt>
      <trkpt lat="45.5513846" lon="7.1388338">
        <ele>1711</ele>
      </trkpt>
      <trkpt lat="45.5514319" lon="7.1388632">
        <ele>1711</ele>
      </trkpt>
      <trkpt lat="45.5514994" lon="7.1388556">
        <ele>1711</ele>
      </trkpt>
      <trkpt lat="45.5516066" lon="7.1388723">
        <ele>1710</ele>
      </trkpt>
      <trkpt lat="45.5517423" lon="7.1388967">
        <ele>1710</ele>
      </trkpt>
      <trkpt lat="45.5518057" lon="7.1389148">
        <ele>1710</ele>
      </trkpt>
      <trkpt lat="45.5518163" lon="7.1389225">
        <ele>1710</ele>
      </trkpt>
      <trkpt lat="45.5518183" lon="7.1389306">
        <ele>1710</ele>
      </trkpt>
      <trkpt lat="45.5518187" lon="7.1389541">
        <ele>1710</ele>
      </trkpt>
      <trkpt lat="45.5517968" lon="7.1390040">
        <ele>1710</ele>
      </trkpt>
      <trkpt lat="45.5517773" lon="7.1390592">
        <ele>1710</ele>
      </trkpt>
      <trkpt lat="45.5517641" lon="7.1391195">
        <ele>1710</ele>
      </trkpt>
      <trkpt lat="45.5517600" lon="7.1391863">
        <ele>1710</ele>
      </trkpt>
      <trkpt lat="45.5517672" lon="7.1392238">
        <ele>1710</ele>
      </trkpt>
      <trkpt lat="45.5517824" lon="7.1392556">
        <ele>1710</ele>
      </trkpt>
      <trkpt lat="45.5517911" lon="7.1392688">
        <ele>1710</ele>
      </trkpt>
      <trkpt lat="45.5517995" lon="7.1392908">
        <ele>1710</ele>
      </trkpt>
      <trkpt lat="45.5518061" lon="7.1393168">
        <ele>1710</ele>
      </trkpt>
      <trkpt lat="45.5518107" lon="7.1393638">
        <ele>1710</ele>
      </trkpt>
      <trkpt lat="45.5518068" lon="7.1393937">
        <ele>1710</ele>
      </trkpt>
      <trkpt lat="45.5517653" lon="7.1395123">
        <ele>1710</ele>
      </trkpt>
      <trkpt lat="45.5517468" lon="7.1395366">
        <ele>1710</ele>
      </trkpt>
      <trkpt lat="45.5517351" lon="7.1395774">
        <ele>1710</ele>
      </trkpt>
      <trkpt lat="45.5517359" lon="7.1395969">
        <ele>1710</ele>
      </trkpt>
      <trkpt lat="45.5517480" lon="7.1396086">
        <ele>1710</ele>
      </trkpt>
      <trkpt lat="45.5517608" lon="7.1396122">
        <ele>1710</ele>
      </trkpt>
      <trkpt lat="45.5517750" lon="7.1396164">
        <ele>1710</ele>
      </trkpt>
      <trkpt lat="45.5517932" lon="7.1396280">
        <ele>1710</ele>
      </trkpt>
      <trkpt lat="45.5518096" lon="7.1396483">
        <ele>1710</ele>
      </trkpt>
      <trkpt lat="45.5518448" lon="7.1396902">
        <ele>1710</ele>
      </trkpt>
      <trkpt lat="45.5518857" lon="7.1397293">
        <ele>1710</ele>
      </trkpt>
      <trkpt lat="45.5519271" lon="7.1397599">
        <ele>1710</ele>
      </trkpt>
      <trkpt lat="45.5519441" lon="7.1397849">
        <ele>1710</ele>
      </trkpt>
      <trkpt lat="45.5519631" lon="7.1398227">
        <ele>1710</ele>
      </trkpt>
      <trkpt lat="45.5520184" lon="7.1398444">
        <ele>1710</ele>
      </trkpt>
      <trkpt lat="45.5520868" lon="7.1398657">
        <ele>1710</ele>
      </trkpt>
      <trkpt lat="45.5521845" lon="7.1399194">
        <ele>1709</ele>
      </trkpt>
      <trkpt lat="45.5522481" lon="7.1399637">
        <ele>1709</ele>
      </trkpt>
      <trkpt lat="45.5522797" lon="7.1399883">
        <ele>1709</ele>
      </trkpt>
      <trkpt lat="45.5522876" lon="7.1399941">
        <ele>1709</ele>
      </trkpt>
      <trkpt lat="45.5522382" lon="7.1401892">
        <ele>1709</ele>
      </trkpt>
      <trkpt lat="45.5522136" lon="7.1403867">
        <ele>1709</ele>
      </trkpt>
      <trkpt lat="45.5522204" lon="7.1404788">
        <ele>1709</ele>
      </trkpt>
      <trkpt lat="45.5521914" lon="7.1405908">
        <ele>1709</ele>
      </trkpt>
      <trkpt lat="45.5521473" lon="7.1406095">
        <ele>1709</ele>
      </trkpt>
      <trkpt lat="45.5521285" lon="7.1406460">
        <ele>1709</ele>
      </trkpt>
      <trkpt lat="45.5520735" lon="7.1406594">
        <ele>1709</ele>
      </trkpt>
      <trkpt lat="45.5519982" lon="7.1407385">
        <ele>1709</ele>
      </trkpt>
      <trkpt lat="45.5518904" lon="7.1409331">
        <ele>1709</ele>
      </trkpt>
      <trkpt lat="45.5518410" lon="7.1409663">
        <ele>1709</ele>
      </trkpt>
      <trkpt lat="45.5517488" lon="7.1411296">
        <ele>1709</ele>
      </trkpt>
      <trkpt lat="45.5517066" lon="7.1411752">
        <ele>1709</ele>
      </trkpt>
      <trkpt lat="45.5516904" lon="7.1412237">
        <ele>1709</ele>
      </trkpt>
      <trkpt lat="45.5516459" lon="7.1412346">
        <ele>1709</ele>
      </trkpt>
      <trkpt lat="45.5515642" lon="7.1413386">
        <ele>1709</ele>
      </trkpt>
      <trkpt lat="45.5515196" lon="7.1413621">
        <ele>1709</ele>
      </trkpt>
      <trkpt lat="45.5514351" lon="7.1413563">
        <ele>1709</ele>
      </trkpt>
      <trkpt lat="45.5513741" lon="7.1413828">
        <ele>1709</ele>
      </trkpt>
      <trkpt lat="45.5512809" lon="7.1414948">
        <ele>1709</ele>
      </trkpt>
      <trkpt lat="45.5512096" lon="7.1415467">
        <ele>1709</ele>
      </trkpt>
      <trkpt lat="45.5510467" lon="7.1415703">
        <ele>1709</ele>
      </trkpt>
      <trkpt lat="45.5509364" lon="7.1416246">
        <ele>1709</ele>
      </trkpt>
      <trkpt lat="45.5507454" lon="7.1416753">
        <ele>1709</ele>
      </trkpt>
      <trkpt lat="45.5506516" lon="7.1417683">
        <ele>1709</ele>
      </trkpt>
      <trkpt lat="45.5505218" lon="7.1418423">
        <ele>1709</ele>
      </trkpt>
      <trkpt lat="45.5504370" lon="7.1420028">
        <ele>1709</ele>
      </trkpt>
      <trkpt lat="45.5504369" lon="7.1420642">
        <ele>1709</ele>
      </trkpt>
      <trkpt lat="45.5503968" lon="7.1421694">
        <ele>1709</ele>
      </trkpt>
      <trkpt lat="45.5504003" lon="7.1422216">
        <ele>1708</ele>
      </trkpt>
      <trkpt lat="45.5503508" lon="7.1423154">
        <ele>1708</ele>
      </trkpt>
      <trkpt lat="45.5503561" lon="7.1423733">
        <ele>1708</ele>
      </trkpt>
      <trkpt lat="45.5503156" lon="7.1424220">
        <ele>1708</ele>
      </trkpt>
      <trkpt lat="45.5502530" lon="7.1425963">
        <ele>1708</ele>
      </trkpt>
      <trkpt lat="45.5502179" lon="7.1427825">
        <ele>1708</ele>
      </trkpt>
      <trkpt lat="45.5502050" lon="7.1429542">
        <ele>1708</ele>
      </trkpt>
      <trkpt lat="45.5502194" lon="7.1430312">
        <ele>1708</ele>
      </trkpt>
      <trkpt lat="45.5502140" lon="7.1430849">
        <ele>1708</ele>
      </trkpt>
      <trkpt lat="45.5502313" lon="7.1431048">
        <ele>1708</ele>
      </trkpt>
      <trkpt lat="45.5502292" lon="7.1431877">
        <ele>1708</ele>
      </trkpt>
      <trkpt lat="45.5500505" lon="7.1433467">
        <ele>1708</ele>
      </trkpt>
      <trkpt lat="45.5499322" lon="7.1436366">
        <ele>1708</ele>
      </trkpt>
      <trkpt lat="45.5498117" lon="7.1437200">
        <ele>1708</ele>
      </trkpt>
      <trkpt lat="45.5498023" lon="7.1437770">
        <ele>1708</ele>
      </trkpt>
      <trkpt lat="45.5497265" lon="7.1439129">
        <ele>1708</ele>
      </trkpt>
      <trkpt lat="45.5497025" lon="7.1440140">
        <ele>1708</ele>
      </trkpt>
      <trkpt lat="45.5496673" lon="7.1440631">
        <ele>1708</ele>
      </trkpt>
      <trkpt lat="45.5496180" lon="7.1441953">
        <ele>1708</ele>
      </trkpt>
      <trkpt lat="45.5495779" lon="7.1442548">
        <ele>1708</ele>
      </trkpt>
      <trkpt lat="45.5494593" lon="7.1443098">
        <ele>1708</ele>
      </trkpt>
      <trkpt lat="45.5494163" lon="7.1443538">
        <ele>1708</ele>
      </trkpt>
      <trkpt lat="45.5493858" lon="7.1443966">
        <ele>1708</ele>
      </trkpt>
      <trkpt lat="45.5494056" lon="7.1444354">
        <ele>1708</ele>
      </trkpt>
      <trkpt lat="45.5494296" lon="7.1444692">
        <ele>1708</ele>
      </trkpt>
      <trkpt lat="45.5495634" lon="7.1445453">
        <ele>1708</ele>
      </trkpt>
      <trkpt lat="45.5498660" lon="7.1445178">
        <ele>1708</ele>
      </trkpt>
      <trkpt lat="45.5498896" lon="7.1445389">
        <ele>1708</ele>
      </trkpt>
      <trkpt lat="45.5498882" lon="7.1445677">
        <ele>1708</ele>
      </trkpt>
      <trkpt lat="45.5497888" lon="7.1447885">
        <ele>1708</ele>
      </trkpt>
      <trkpt lat="45.5496985" lon="7.1448617">
        <ele>1708</ele>
      </trkpt>
      <trkpt lat="45.5496559" lon="7.1448518">
        <ele>1708</ele>
      </trkpt>
      <trkpt lat="45.5495964" lon="7.1449259">
        <ele>1708</ele>
      </trkpt>
      <trkpt lat="45.5496115" lon="7.1450000">
        <ele>1707</ele>
      </trkpt>
      <trkpt lat="45.5495316" lon="7.1454317">
        <ele>1707</ele>
      </trkpt>
      <trkpt lat="45.5495147" lon="7.1456539">
        <ele>1707</ele>
      </trkpt>
      <trkpt lat="45.5495225" lon="7.1457181">
        <ele>1707</ele>
      </trkpt>
      <trkpt lat="45.5494944" lon="7.1457546">
        <ele>1707</ele>
      </trkpt>
      <trkpt lat="45.5494430" lon="7.1458904">
        <ele>1707</ele>
      </trkpt>
      <trkpt lat="45.5494462" lon="7.1459279">
        <ele>1707</ele>
      </trkpt>
      <trkpt lat="45.5494277" lon="7.1459634">
        <ele>1707</ele>
      </trkpt>
      <trkpt lat="45.5494468" lon="7.1460346">
        <ele>1707</ele>
      </trkpt>
      <trkpt lat="45.5493977" lon="7.1461285">
        <ele>1707</ele>
      </trkpt>
      <trkpt lat="45.5493856" lon="7.1462378">
        <ele>1707</ele>
      </trkpt>
      <trkpt lat="45.5493264" lon="7.1464860">
        <ele>1707</ele>
      </trkpt>
      <trkpt lat="45.5493198" lon="7.1466158">
        <ele>1707</ele>
      </trkpt>
      <trkpt lat="45.5492546" lon="7.1467540">
        <ele>1707</ele>
      </trkpt>
      <trkpt lat="45.5492184" lon="7.1467795">
        <ele>1707</ele>
      </trkpt>
      <trkpt lat="45.5491085" lon="7.1469269">
        <ele>1707</ele>
      </trkpt>
      <trkpt lat="45.5490977" lon="7.1469916">
        <ele>1707</ele>
      </trkpt>
      <trkpt lat="45.5490329" lon="7.1470470">
        <ele>1707</ele>
      </trkpt>
      <trkpt lat="45.5490322" lon="7.1471278">
        <ele>1707</ele>
      </trkpt>
      <trkpt lat="45.5489898" lon="7.1471739">
        <ele>1707</ele>
      </trkpt>
      <trkpt lat="45.5489078" lon="7.1472009">
        <ele>1707</ele>
      </trkpt>
      <trkpt lat="45.5489078" lon="7.1472438">
        <ele>1707</ele>
      </trkpt>
      <trkpt lat="45.5488318" lon="7.1473334">
        <ele>1707</ele>
      </trkpt>
      <trkpt lat="45.5487055" lon="7.1476306">
        <ele>1707</ele>
      </trkpt>
      <trkpt lat="45.5487355" lon="7.1477826">
        <ele>1707</ele>
      </trkpt>
      <trkpt lat="45.5486871" lon="7.1479281">
        <ele>1707</ele>
      </trkpt>
      <trkpt lat="45.5486949" lon="7.1480111">
        <ele>1707</ele>
      </trkpt>
      <trkpt lat="45.5486773" lon="7.1481565">
        <ele>1707</ele>
      </trkpt>
      <trkpt lat="45.5486199" lon="7.1483166">
        <ele>1707</ele>
      </trkpt>
      <trkpt lat="45.5486329" lon="7.1483420">
        <ele>1707</ele>
      </trkpt>
      <trkpt lat="45.5484929" lon="7.1485224">
        <ele>1707</ele>
      </trkpt>
      <trkpt lat="45.5485031" lon="7.1485515">
        <ele>1707</ele>
      </trkpt>
      <trkpt lat="45.5486760" lon="7.1486447">
        <ele>1706</ele>
      </trkpt>
      <trkpt lat="45.5486690" lon="7.1486752">
        <ele>1706</ele>
      </trkpt>
      <trkpt lat="45.5486244" lon="7.1486806">
        <ele>1706</ele>
      </trkpt>
      <trkpt lat="45.5485640" lon="7.1487218">
        <ele>1706</ele>
      </trkpt>
      <trkpt lat="45.5486182" lon="7.1487962">
        <ele>1706</ele>
      </trkpt>
      <trkpt lat="45.5486656" lon="7.1488215">
        <ele>1706</ele>
      </trkpt>
      <trkpt lat="45.5486850" lon="7.1488638">
        <ele>1706</ele>
      </trkpt>
      <trkpt lat="45.5486684" lon="7.1488867">
        <ele>1706</ele>
      </trkpt>
      <trkpt lat="45.5486849" lon="7.1489240">
        <ele>1706</ele>
      </trkpt>
      <trkpt lat="45.5486363" lon="7.1490063">
        <ele>1706</ele>
      </trkpt>
      <trkpt lat="45.5486643" lon="7.1490418">
        <ele>1706</ele>
      </trkpt>
      <trkpt lat="45.5486906" lon="7.1490840">
        <ele>1706</ele>
      </trkpt>
      <trkpt lat="45.5486575" lon="7.1491396">
        <ele>1706</ele>
      </trkpt>
      <trkpt lat="45.5486347" lon="7.1492202">
        <ele>1706</ele>
      </trkpt>
      <trkpt lat="45.5486081" lon="7.1492576">
        <ele>1706</ele>
      </trkpt>
      <trkpt lat="45.5486251" lon="7.1494026">
        <ele>1706</ele>
      </trkpt>
      <trkpt lat="45.5485635" lon="7.1495457">
        <ele>1706</ele>
      </trkpt>
      <trkpt lat="45.5485533" lon="7.1496225">
        <ele>1706</ele>
      </trkpt>
      <trkpt lat="45.5485828" lon="7.1496525">
        <ele>1706</ele>
      </trkpt>
      <trkpt lat="45.5485800" lon="7.1496757">
        <ele>1706</ele>
      </trkpt>
      <trkpt lat="45.5485098" lon="7.1498366">
        <ele>1706</ele>
      </trkpt>
      <trkpt lat="45.5484660" lon="7.1498971">
        <ele>1706</ele>
      </trkpt>
      <trkpt lat="45.5484413" lon="7.1499344">
        <ele>1706</ele>
      </trkpt>
      <trkpt lat="45.5484421" lon="7.1499815">
        <ele>1706</ele>
      </trkpt>
      <trkpt lat="45.5485159" lon="7.1499252">
        <ele>1706</ele>
      </trkpt>
      <trkpt lat="45.5485062" lon="7.1501061">
        <ele>1706</ele>
      </trkpt>
      <trkpt lat="45.5485732" lon="7.1500414">
        <ele>1706</ele>
      </trkpt>
      <trkpt lat="45.5485937" lon="7.1500573">
        <ele>1706</ele>
      </trkpt>
      <trkpt lat="45.5485621" lon="7.1503309">
        <ele>1706</ele>
      </trkpt>
      <trkpt lat="45.5485413" lon="7.1503828">
        <ele>1706</ele>
      </trkpt>
      <trkpt lat="45.5485417" lon="7.1505235">
        <ele>1706</ele>
      </trkpt>
      <trkpt lat="45.5485112" lon="7.1506433">
        <ele>1706</ele>
      </trkpt>
      <trkpt lat="45.5484320" lon="7.1506930">
        <ele>1706</ele>
      </trkpt>
      <trkpt lat="45.5483790" lon="7.1507494">
        <ele>1705</ele>
      </trkpt>
      <trkpt lat="45.5483528" lon="7.1508562">
        <ele>1705</ele>
      </trkpt>
      <trkpt lat="45.5482724" lon="7.1509244">
        <ele>1705</ele>
      </trkpt>
      <trkpt lat="45.5481408" lon="7.1511418">
        <ele>1705</ele>
      </trkpt>
      <trkpt lat="45.5481270" lon="7.1512125">
        <ele>1705</ele>
      </trkpt>
      <trkpt lat="45.5481698" lon="7.1512616">
        <ele>1705</ele>
      </trkpt>
      <trkpt lat="45.5481866" lon="7.1513395">
        <ele>1705</ele>
      </trkpt>
      <trkpt lat="45.5481656" lon="7.1513730">
        <ele>1705</ele>
      </trkpt>
      <trkpt lat="45.5481465" lon="7.1513889">
        <ele>1705</ele>
      </trkpt>
      <trkpt lat="45.5481303" lon="7.1515012">
        <ele>1705</ele>
      </trkpt>
      <trkpt lat="45.5481023" lon="7.1515964">
        <ele>1705</ele>
      </trkpt>
      <trkpt lat="45.5480405" lon="7.1517937">
        <ele>1705</ele>
      </trkpt>
      <trkpt lat="45.5480297" lon="7.1518910">
        <ele>1705</ele>
      </trkpt>
      <trkpt lat="45.5480385" lon="7.1519593">
        <ele>1705</ele>
      </trkpt>
      <trkpt lat="45.5480612" lon="7.1519654">
        <ele>1705</ele>
      </trkpt>
      <trkpt lat="45.5480524" lon="7.1519994">
        <ele>1705</ele>
      </trkpt>
      <trkpt lat="45.5480757" lon="7.1520002">
        <ele>1705</ele>
      </trkpt>
      <trkpt lat="45.5481179" lon="7.1520502">
        <ele>1705</ele>
      </trkpt>
      <trkpt lat="45.5481397" lon="7.1520517">
        <ele>1705</ele>
      </trkpt>
      <trkpt lat="45.5481748" lon="7.1521975">
        <ele>1705</ele>
      </trkpt>
      <trkpt lat="45.5481784" lon="7.1522969">
        <ele>1705</ele>
      </trkpt>
      <trkpt lat="45.5481509" lon="7.1523324">
        <ele>1705</ele>
      </trkpt>
      <trkpt lat="45.5481622" lon="7.1524248">
        <ele>1705</ele>
      </trkpt>
      <trkpt lat="45.5482126" lon="7.1524932">
        <ele>1705</ele>
      </trkpt>
      <trkpt lat="45.5482012" lon="7.1525662">
        <ele>1705</ele>
      </trkpt>
      <trkpt lat="45.5482106" lon="7.1525913">
        <ele>1705</ele>
      </trkpt>
      <trkpt lat="45.5482474" lon="7.1526231">
        <ele>1705</ele>
      </trkpt>
      <trkpt lat="45.5482962" lon="7.1527131">
        <ele>1705</ele>
      </trkpt>
      <trkpt lat="45.5483328" lon="7.1528792">
        <ele>1705</ele>
      </trkpt>
      <trkpt lat="45.5483444" lon="7.1531559">
        <ele>1705</ele>
      </trkpt>
      <trkpt lat="45.5483685" lon="7.1533446">
        <ele>1705</ele>
      </trkpt>
      <trkpt lat="45.5483738" lon="7.1534452">
        <ele>1705</ele>
      </trkpt>
      <trkpt lat="45.5483673" lon="7.1535726">
        <ele>1705</ele>
      </trkpt>
      <trkpt lat="45.5484497" lon="7.1534627">
        <ele>1704</ele>
      </trkpt>
      <trkpt lat="45.5484593" lon="7.1535011">
        <ele>1704</ele>
      </trkpt>
      <trkpt lat="45.5484640" lon="7.1536373">
        <ele>1704</ele>
      </trkpt>
      <trkpt lat="45.5484589" lon="7.1536725">
        <ele>1704</ele>
      </trkpt>
      <trkpt lat="45.5485069" lon="7.1539349">
        <ele>1704</ele>
      </trkpt>
      <trkpt lat="45.5484952" lon="7.1540048">
        <ele>1704</ele>
      </trkpt>
      <trkpt lat="45.5485158" lon="7.1544509">
        <ele>1704</ele>
      </trkpt>
      <trkpt lat="45.5485023" lon="7.1544928">
        <ele>1704</ele>
      </trkpt>
      <trkpt lat="45.5485328" lon="7.1545218">
        <ele>1704</ele>
      </trkpt>
      <trkpt lat="45.5484475" lon="7.1547144">
        <ele>1704</ele>
      </trkpt>
      <trkpt lat="45.5485149" lon="7.1547015">
        <ele>1704</ele>
      </trkpt>
      <trkpt lat="45.5484955" lon="7.1547453">
        <ele>1704</ele>
      </trkpt>
      <trkpt lat="45.5484612" lon="7.1548332">
        <ele>1704</ele>
      </trkpt>
      <trkpt lat="45.5485245" lon="7.1548143">
        <ele>1704</ele>
      </trkpt>
      <trkpt lat="45.5485795" lon="7.1548314">
        <ele>1704</ele>
      </trkpt>
      <trkpt lat="45.5485812" lon="7.1548584">
        <ele>1704</ele>
      </trkpt>
      <trkpt lat="45.5485157" lon="7.1549904">
        <ele>1704</ele>
      </trkpt>
      <trkpt lat="45.5485367" lon="7.1549944">
        <ele>1704</ele>
      </trkpt>
      <trkpt lat="45.5484992" lon="7.1551072">
        <ele>1704</ele>
      </trkpt>
      <trkpt lat="45.5484980" lon="7.1551751">
        <ele>1704</ele>
      </trkpt>
      <trkpt lat="45.5484612" lon="7.1552871">
        <ele>1704</ele>
      </trkpt>
      <trkpt lat="45.5484610" lon="7.1553204">
        <ele>1704</ele>
      </trkpt>
      <trkpt lat="45.5484305" lon="7.1553344">
        <ele>1704</ele>
      </trkpt>
      <trkpt lat="45.5484207" lon="7.1553903">
        <ele>1704</ele>
      </trkpt>
      <trkpt lat="45.5485116" lon="7.1554596">
        <ele>1704</ele>
      </trkpt>
      <trkpt lat="45.5485814" lon="7.1554701">
        <ele>1704</ele>
      </trkpt>
      <trkpt lat="45.5485918" lon="7.1554877">
        <ele>1704</ele>
      </trkpt>
      <trkpt lat="45.5485798" lon="7.1555128">
        <ele>1704</ele>
      </trkpt>
      <trkpt lat="45.5486383" lon="7.1555882">
        <ele>1704</ele>
      </trkpt>
      <trkpt lat="45.5486184" lon="7.1556020">
        <ele>1704</ele>
      </trkpt>
      <trkpt lat="45.5485788" lon="7.1557240">
        <ele>1704</ele>
      </trkpt>
      <trkpt lat="45.5486150" lon="7.1557260">
        <ele>1704</ele>
      </trkpt>
      <trkpt lat="45.5485931" lon="7.1557931">
        <ele>1703</ele>
      </trkpt>
      <trkpt lat="45.5486018" lon="7.1559329">
        <ele>1703</ele>
      </trkpt>
      <trkpt lat="45.5485224" lon="7.1560324">
        <ele>1703</ele>
      </trkpt>
      <trkpt lat="45.5485352" lon="7.1560536">
        <ele>1703</ele>
      </trkpt>
      <trkpt lat="45.5485168" lon="7.1560844">
        <ele>1703</ele>
      </trkpt>
      <trkpt lat="45.5485208" lon="7.1561296">
        <ele>1703</ele>
      </trkpt>
      <trkpt lat="45.5485506" lon="7.1561433">
        <ele>1703</ele>
      </trkpt>
      <trkpt lat="45.5485844" lon="7.1561270">
        <ele>1703</ele>
      </trkpt>
      <trkpt lat="45.5485939" lon="7.1561423">
        <ele>1703</ele>
      </trkpt>
      <trkpt lat="45.5485312" lon="7.1562305">
        <ele>1703</ele>
      </trkpt>
      <trkpt lat="45.5485359" lon="7.1562715">
        <ele>1703</ele>
      </trkpt>
      <trkpt lat="45.5485092" lon="7.1563590">
        <ele>1703</ele>
      </trkpt>
      <trkpt lat="45.5485406" lon="7.1564015">
        <ele>1703</ele>
      </trkpt>
      <trkpt lat="45.5484451" lon="7.1564839">
        <ele>1703</ele>
      </trkpt>
      <trkpt lat="45.5484531" lon="7.1565776">
        <ele>1703</ele>
      </trkpt>
      <trkpt lat="45.5484355" lon="7.1565881">
        <ele>1703</ele>
      </trkpt>
      <trkpt lat="45.5484414" lon="7.1566490">
        <ele>1703</ele>
      </trkpt>
      <trkpt lat="45.5484008" lon="7.1566604">
        <ele>1703</ele>
      </trkpt>
      <trkpt lat="45.5483655" lon="7.1567519">
        <ele>1703</ele>
      </trkpt>
      <trkpt lat="45.5482617" lon="7.1567344">
        <ele>1703</ele>
      </trkpt>
      <trkpt lat="45.5482431" lon="7.1566874">
        <ele>1703</ele>
      </trkpt>
      <trkpt lat="45.5482155" lon="7.1566680">
        <ele>1703</ele>
      </trkpt>
      <trkpt lat="45.5481757" lon="7.1567317">
        <ele>1703</ele>
      </trkpt>
      <trkpt lat="45.5481685" lon="7.1567822">
        <ele>1703</ele>
      </trkpt>
      <trkpt lat="45.5481062" lon="7.1568635">
        <ele>1703</ele>
      </trkpt>
      <trkpt lat="45.5480471" lon="7.1568156">
        <ele>1703</ele>
      </trkpt>
      <trkpt lat="45.5480246" lon="7.1568963">
        <ele>1703</ele>
      </trkpt>
      <trkpt lat="45.5479784" lon="7.1569247">
        <ele>1703</ele>
      </trkpt>
      <trkpt lat="45.5480007" lon="7.1569769">
        <ele>1703</ele>
      </trkpt>
      <trkpt lat="45.5479574" lon="7.1570054">
        <ele>1703</ele>
      </trkpt>
      <trkpt lat="45.5479827" lon="7.1570275">
        <ele>1703</ele>
      </trkpt>
      <trkpt lat="45.5479853" lon="7.1570670">
        <ele>1703</ele>
      </trkpt>
      <trkpt lat="45.5479835" lon="7.1571844">
        <ele>1703</ele>
      </trkpt>
      <trkpt lat="45.5479637" lon="7.1572442">
        <ele>1702</ele>
      </trkpt>
      <trkpt lat="45.5480102" lon="7.1573340">
        <ele>1702</ele>
      </trkpt>
      <trkpt lat="45.5479806" lon="7.1573500">
        <ele>1702</ele>
      </trkpt>
      <trkpt lat="45.5479802" lon="7.1573870">
        <ele>1702</ele>
      </trkpt>
      <trkpt lat="45.5479599" lon="7.1574150">
        <ele>1702</ele>
      </trkpt>
      <trkpt lat="45.5479764" lon="7.1574540">
        <ele>1702</ele>
      </trkpt>
      <trkpt lat="45.5479724" lon="7.1574972">
        <ele>1702</ele>
      </trkpt>
      <trkpt lat="45.5479269" lon="7.1575742">
        <ele>1702</ele>
      </trkpt>
      <trkpt lat="45.5479165" lon="7.1576669">
        <ele>1702</ele>
      </trkpt>
      <trkpt lat="45.5478094" lon="7.1579231">
        <ele>1702</ele>
      </trkpt>
      <trkpt lat="45.5476581" lon="7.1580413">
        <ele>1702</ele>
      </trkpt>
      <trkpt lat="45.5476512" lon="7.1580630">
        <ele>1702</ele>
      </trkpt>
      <trkpt lat="45.5476839" lon="7.1581602">
        <ele>1702</ele>
      </trkpt>
      <trkpt lat="45.5476727" lon="7.1582283">
        <ele>1702</ele>
      </trkpt>
      <trkpt lat="45.5476942" lon="7.1582508">
        <ele>1702</ele>
      </trkpt>
      <trkpt lat="45.5477587" lon="7.1582525">
        <ele>1702</ele>
      </trkpt>
      <trkpt lat="45.5478051" lon="7.1583044">
        <ele>1702</ele>
      </trkpt>
      <trkpt lat="45.5478661" lon="7.1582823">
        <ele>1702</ele>
      </trkpt>
      <trkpt lat="45.5479169" lon="7.1583090">
        <ele>1702</ele>
      </trkpt>
      <trkpt lat="45.5478397" lon="7.1583966">
        <ele>1702</ele>
      </trkpt>
      <trkpt lat="45.5478954" lon="7.1584105">
        <ele>1702</ele>
      </trkpt>
      <trkpt lat="45.5478713" lon="7.1584619">
        <ele>1702</ele>
      </trkpt>
      <trkpt lat="45.5478922" lon="7.1585817">
        <ele>1702</ele>
      </trkpt>
      <trkpt lat="45.5478800" lon="7.1586312">
        <ele>1702</ele>
      </trkpt>
      <trkpt lat="45.5478968" lon="7.1586684">
        <ele>1702</ele>
      </trkpt>
      <trkpt lat="45.5478726" lon="7.1587688">
        <ele>1702</ele>
      </trkpt>
      <trkpt lat="45.5479128" lon="7.1587854">
        <ele>1702</ele>
      </trkpt>
      <trkpt lat="45.5481123" lon="7.1587154">
        <ele>1702</ele>
      </trkpt>
      <trkpt lat="45.5482039" lon="7.1587874">
        <ele>1702</ele>
      </trkpt>
      <trkpt lat="45.5482233" lon="7.1588374">
        <ele>1702</ele>
      </trkpt>
      <trkpt lat="45.5483341" lon="7.1588434">
        <ele>1702</ele>
      </trkpt>
      <trkpt lat="45.5483693" lon="7.1589025">
        <ele>1702</ele>
      </trkpt>
      <trkpt lat="45.5483575" lon="7.1590368">
        <ele>1702</ele>
      </trkpt>
      <trkpt lat="45.5483884" lon="7.1591643">
        <ele>1701</ele>
      </trkpt>
      <trkpt lat="45.5484907" lon="7.1592678">
        <ele>1701</ele>
      </trkpt>
      <trkpt lat="45.5484426" lon="7.1592802">
        <ele>1701</ele>
      </trkpt>
      <trkpt lat="45.5483668" lon="7.1593338">
        <ele>1701</ele>
      </trkpt>
      <trkpt lat="45.5484727" lon="7.1593883">
        <ele>1701</ele>
      </trkpt>
      <trkpt lat="45.5485837" lon="7.1594762">
        <ele>1701</ele>
      </trkpt>
      <trkpt lat="45.5486102" lon="7.1595384">
        <ele>1701</ele>
      </trkpt>
      <trkpt lat="45.5486543" lon="7.1596342">
        <ele>1701</ele>
      </trkpt>
      <trkpt lat="45.5488400" lon="7.1597173">
        <ele>1701</ele>
      </trkpt>
      <trkpt lat="45.5489555" lon="7.1598171">
        <ele>1701</ele>
      </trkpt>
      <trkpt lat="45.5490214" lon="7.1598383">
        <ele>1701</ele>
      </trkpt>
      <trkpt lat="45.5490959" lon="7.1598224">
        <ele>1701</ele>
      </trkpt>
      <trkpt lat="45.5491767" lon="7.1597732">
        <ele>1701</ele>
      </trkpt>
      <trkpt lat="45.5491736" lon="7.1598097">
        <ele>1701</ele>
      </trkpt>
      <trkpt lat="45.5491379" lon="7.1598698">
        <ele>1701</ele>
      </trkpt>
      <trkpt lat="45.5490324" lon="7.1599898">
        <ele>1701</ele>
      </trkpt>
      <trkpt lat="45.5489664" lon="7.1600357">
        <ele>1701</ele>
      </trkpt>
      <trkpt lat="45.5488962" lon="7.1600532">
        <ele>1701</ele>
      </trkpt>
      <trkpt lat="45.5488517" lon="7.1600984">
        <ele>1701</ele>
      </trkpt>
      <trkpt lat="45.5489756" lon="7.1601614">
        <ele>1701</ele>
      </trkpt>
      <trkpt lat="45.5492376" lon="7.1601321">
        <ele>1701</ele>
      </trkpt>
      <trkpt lat="45.5493412" lon="7.1601993">
        <ele>1701</ele>
      </trkpt>
      <trkpt lat="45.5495052" lon="7.1604000">
        <ele>1701</ele>
      </trkpt>
      <trkpt lat="45.5495763" lon="7.1604422">
        <ele>1701</ele>
      </trkpt>
      <trkpt lat="45.5499046" lon="7.1605832">
        <ele>1701</ele>
      </trkpt>
      <trkpt lat="45.5500783" lon="7.1607429">
        <ele>1701</ele>
      </trkpt>
      <trkpt lat="45.5501569" lon="7.1609317">
        <ele>1701</ele>
      </trkpt>
      <trkpt lat="45.5502348" lon="7.1609841">
        <ele>1701</ele>
      </trkpt>
      <trkpt lat="45.5502644" lon="7.1610611">
        <ele>1701</ele>
      </trkpt>
      <trkpt lat="45.5503965" lon="7.1612583">
        <ele>1701</ele>
      </trkpt>
      <trkpt lat="45.5505943" lon="7.1613853">
        <ele>1701</ele>
      </trkpt>
      <trkpt lat="45.5506750" lon="7.1614616">
        <ele>1701</ele>
      </trkpt>
      <trkpt lat="45.5507716" lon="7.1614654">
        <ele>1700</ele>
      </trkpt>
      <trkpt lat="45.5508060" lon="7.1615071">
        <ele>1700</ele>
      </trkpt>
      <trkpt lat="45.5507968" lon="7.1615913">
        <ele>1700</ele>
      </trkpt>
      <trkpt lat="45.5508061" lon="7.1616450">
        <ele>1700</ele>
      </trkpt>
      <trkpt lat="45.5508600" lon="7.1617612">
        <ele>1700</ele>
      </trkpt>
      <trkpt lat="45.5508967" lon="7.1617893">
        <ele>1700</ele>
      </trkpt>
      <trkpt lat="45.5509783" lon="7.1617967">
        <ele>1700</ele>
      </trkpt>
      <trkpt lat="45.5510563" lon="7.1618440">
        <ele>1700</ele>
      </trkpt>
      <trkpt lat="45.5511226" lon="7.1619233">
        <ele>1700</ele>
      </trkpt>
      <trkpt lat="45.5511589" lon="7.1620125">
        <ele>1700</ele>
      </trkpt>
      <trkpt lat="45.5512659" lon="7.1620419">
        <ele>1700</ele>
      </trkpt>
      <trkpt lat="45.5513089" lon="7.1621513">
        <ele>1700</ele>
      </trkpt>
      <trkpt lat="45.5513232" lon="7.1621716">
        <ele>1700</ele>
      </trkpt>
      <trkpt lat="45.5514228" lon="7.1621687">
        <ele>1700</ele>
      </trkpt>
      <trkpt lat="45.5515378" lon="7.1622131">
        <ele>1700</ele>
      </trkpt>
      <trkpt lat="45.5516266" lon="7.1622139">
        <ele>1700</ele>
      </trkpt>
      <trkpt lat="45.5517330" lon="7.1623019">
        <ele>1700</ele>
      </trkpt>
      <trkpt lat="45.5518675" lon="7.1626053">
        <ele>1700</ele>
      </trkpt>
      <trkpt lat="45.5517232" lon="7.1625454">
        <ele>1700</ele>
      </trkpt>
      <trkpt lat="45.5517131" lon="7.1625736">
        <ele>1700</ele>
      </trkpt>
      <trkpt lat="45.5516012" lon="7.1624957">
        <ele>1700</ele>
      </trkpt>
      <trkpt lat="45.5514586" lon="7.1624912">
        <ele>1700</ele>
      </trkpt>
      <trkpt lat="45.5512893" lon="7.1625738">
        <ele>1700</ele>
      </trkpt>
      <trkpt lat="45.5511634" lon="7.1625908">
        <ele>1700</ele>
      </trkpt>
      <trkpt lat="45.5511412" lon="7.1626190">
        <ele>1700</ele>
      </trkpt>
      <trkpt lat="45.5512660" lon="7.1626830">
        <ele>1700</ele>
      </trkpt>
      <trkpt lat="45.5514094" lon="7.1627216">
        <ele>1700</ele>
      </trkpt>
      <trkpt lat="45.5514715" lon="7.1627822">
        <ele>1700</ele>
      </trkpt>
      <trkpt lat="45.5516830" lon="7.1631330">
        <ele>1700</ele>
      </trkpt>
      <trkpt lat="45.5517817" lon="7.1632744">
        <ele>1700</ele>
      </trkpt>
      <trkpt lat="45.5518270" lon="7.1633833">
        <ele>1700</ele>
      </trkpt>
      <trkpt lat="45.5518919" lon="7.1634489">
        <ele>1700</ele>
      </trkpt>
      <trkpt lat="45.5521588" lon="7.1638265">
        <ele>1700</ele>
      </trkpt>
      <trkpt lat="45.5525694" lon="7.1641542">
        <ele>1699</ele>
      </trkpt>
      <trkpt lat="45.5526654" lon="7.1643195">
        <ele>1699</ele>
      </trkpt>
      <trkpt lat="45.5526799" lon="7.1643548">
        <ele>1699</ele>
      </trkpt>
      <trkpt lat="45.5526778" lon="7.1644006">
        <ele>1699</ele>
      </trkpt>
      <trkpt lat="45.5525234" lon="7.1642922">
        <ele>1699</ele>
      </trkpt>
      <trkpt lat="45.5523639" lon="7.1642989">
        <ele>1699</ele>
      </trkpt>
      <trkpt lat="45.5522952" lon="7.1643311">
        <ele>1699</ele>
      </trkpt>
      <trkpt lat="45.5522480" lon="7.1643567">
        <ele>1699</ele>
      </trkpt>
      <trkpt lat="45.5521233" lon="7.1643606">
        <ele>1699</ele>
      </trkpt>
      <trkpt lat="45.5519028" lon="7.1643922">
        <ele>1699</ele>
      </trkpt>
      <trkpt lat="45.5517968" lon="7.1644691">
        <ele>1699</ele>
      </trkpt>
      <trkpt lat="45.5517102" lon="7.1645102">
        <ele>1699</ele>
      </trkpt>
      <trkpt lat="45.5515161" lon="7.1648240">
        <ele>1699</ele>
      </trkpt>
      <trkpt lat="45.5514374" lon="7.1650042">
        <ele>1699</ele>
      </trkpt>
      <trkpt lat="45.5513727" lon="7.1652194">
        <ele>1699</ele>
      </trkpt>
      <trkpt lat="45.5513122" lon="7.1652973">
        <ele>1699</ele>
      </trkpt>
      <trkpt lat="45.5512380" lon="7.1653571">
        <ele>1699</ele>
      </trkpt>
      <trkpt lat="45.5511581" lon="7.1653826">
        <ele>1699</ele>
      </trkpt>
      <trkpt lat="45.5510861" lon="7.1653661">
        <ele>1699</ele>
      </trkpt>
      <trkpt lat="45.5510076" lon="7.1654293">
        <ele>1699</ele>
      </trkpt>
      <trkpt lat="45.5511339" lon="7.1655302">
        <ele>1699</ele>
      </trkpt>
      <trkpt lat="45.5511701" lon="7.1655877">
        <ele>1699</ele>
      </trkpt>
      <trkpt lat="45.5512695" lon="7.1656806">
        <ele>1699</ele>
      </trkpt>
      <trkpt lat="45.5513430" lon="7.1657052">
        <ele>1699</ele>
      </trkpt>
      <trkpt lat="45.5514255" lon="7.1657187">
        <ele>1699</ele>
      </trkpt>
      <trkpt lat="45.5513885" lon="7.1657737">
        <ele>1699</ele>
      </trkpt>
      <trkpt lat="45.5511216" lon="7.1658774">
        <ele>1699</ele>
      </trkpt>
      <trkpt lat="45.5509767" lon="7.1657870">
        <ele>1699</ele>
      </trkpt>
      <trkpt lat="45.5509529" lon="7.1658074">
        <ele>1699</ele>
      </trkpt>
      <trkpt lat="45.5511683" lon="7.1660805">
        <ele>1699</ele>
      </trkpt>
      <trkpt lat="45.5513817" lon="7.1662037">
        <ele>1699</ele>
      </trkpt>
      <trkpt lat="45.5515165" lon="7.1663099">
        <ele>1699</ele>
      </trkpt>
      <trkpt lat="45.5516260" lon="7.1662912">
        <ele>1699</ele>
      </trkpt>
      <trkpt lat="45.5518271" lon="7.1663892">
        <ele>1698</ele>
      </trkpt>
      <trkpt lat="45.5519060" lon="7.1664095">
        <ele>1698</ele>
      </trkpt>
      <trkpt lat="45.5519086" lon="7.1664339">
        <ele>1698</ele>
      </trkpt>
      <trkpt lat="45.5518706" lon="7.1664776">
        <ele>1698</ele>
      </trkpt>
      <trkpt lat="45.5517920" lon="7.1664912">
        <ele>1698</ele>
      </trkpt>
      <trkpt lat="45.5517424" lon="7.1664672">
        <ele>1698</ele>
      </trkpt>
      <trkpt lat="45.5517190" lon="7.1664828">
        <ele>1698</ele>
      </trkpt>
      <trkpt lat="45.5518940" lon="7.1667323">
        <ele>1698</ele>
      </trkpt>
      <trkpt lat="45.5519200" lon="7.1668769">
        <ele>1698</ele>
      </trkpt>
      <trkpt lat="45.5520644" lon="7.1670439">
        <ele>1698</ele>
      </trkpt>
      <trkpt lat="45.5521504" lon="7.1672740">
        <ele>1698</ele>
      </trkpt>
      <trkpt lat="45.5522033" lon="7.1673316">
        <ele>1698</ele>
      </trkpt>
      <trkpt lat="45.5522319" lon="7.1674047">
        <ele>1698</ele>
      </trkpt>
      <trkpt lat="45.5522292" lon="7.1675125">
        <ele>1698</ele>
      </trkpt>
      <trkpt lat="45.5522274" lon="7.1676082">
        <ele>1698</ele>
      </trkpt>
      <trkpt lat="45.5522050" lon="7.1676291">
        <ele>1698</ele>
      </trkpt>
      <trkpt lat="45.5521835" lon="7.1676110">
        <ele>1698</ele>
      </trkpt>
      <trkpt lat="45.5520574" lon="7.1674954">
        <ele>1698</ele>
      </trkpt>
      <trkpt lat="45.5519485" lon="7.1674825">
        <ele>1698</ele>
      </trkpt>
      <trkpt lat="45.5517607" lon="7.1673717">
        <ele>1698</ele>
      </trkpt>
      <trkpt lat="45.5516947" lon="7.1672969">
        <ele>1698</ele>
      </trkpt>
      <trkpt lat="45.5516817" lon="7.1673101">
        <ele>1698</ele>
      </trkpt>
      <trkpt lat="45.5517195" lon="7.1674840">
        <ele>1698</ele>
      </trkpt>
      <trkpt lat="45.5517578" lon="7.1676598">
        <ele>1698</ele>
      </trkpt>
      <trkpt lat="45.5517726" lon="7.1678189">
        <ele>1698</ele>
      </trkpt>
      <trkpt lat="45.5517908" lon="7.1679574">
        <ele>1698</ele>
      </trkpt>
      <trkpt lat="45.5518156" lon="7.1679976">
        <ele>1698</ele>
      </trkpt>
      <trkpt lat="45.5518717" lon="7.1680384">
        <ele>1698</ele>
      </trkpt>
      <trkpt lat="45.5519071" lon="7.1681007">
        <ele>1698</ele>
      </trkpt>
      <trkpt lat="45.5519693" lon="7.1681418">
        <ele>1698</ele>
      </trkpt>
      <trkpt lat="45.5520264" lon="7.1681642">
        <ele>1698</ele>
      </trkpt>
      <trkpt lat="45.5520916" lon="7.1682173">
        <ele>1698</ele>
      </trkpt>
      <trkpt lat="45.5522066" lon="7.1683105">
        <ele>1697</ele>
      </trkpt>
      <trkpt lat="45.5523299" lon="7.1683886">
        <ele>1697</ele>
      </trkpt>
      <trkpt lat="45.5524458" lon="7.1684737">
        <ele>1697</ele>
      </trkpt>
      <trkpt lat="45.5525097" lon="7.1685356">
        <ele>1697</ele>
      </trkpt>
      <trkpt lat="45.5525650" lon="7.1685621">
        <ele>1697</ele>
      </trkpt>
      <trkpt lat="45.5525974" lon="7.1685745">
        <ele>1697</ele>
      </trkpt>
      <trkpt lat="45.5526004" lon="7.1685865">
        <ele>1697</ele>
      </trkpt>
      <trkpt lat="45.5525972" lon="7.1686065">
        <ele>1697</ele>
      </trkpt>
      <trkpt lat="45.5525130" lon="7.1686821">
        <ele>1697</ele>
      </trkpt>
      <trkpt lat="45.5525003" lon="7.1686881">
        <ele>1697</ele>
      </trkpt>
      <trkpt lat="45.5524583" lon="7.1687245">
        <ele>1697</ele>
      </trkpt>
      <trkpt lat="45.5524367" lon="7.1687656">
        <ele>1697</ele>
      </trkpt>
      <trkpt lat="45.5524260" lon="7.1688050">
        <ele>1697</ele>
      </trkpt>
      <trkpt lat="45.5524188" lon="7.1688544">
        <ele>1697</ele>
      </trkpt>
      <trkpt lat="45.5524381" lon="7.1689413">
        <ele>1697</ele>
      </trkpt>
      <trkpt lat="45.5524555" lon="7.1690242">
        <ele>1697</ele>
      </trkpt>
      <trkpt lat="45.5524803" lon="7.1691244">
        <ele>1697</ele>
      </trkpt>
      <trkpt lat="45.5525388" lon="7.1692605">
        <ele>1697</ele>
      </trkpt>
      <trkpt lat="45.5525588" lon="7.1693265">
        <ele>1697</ele>
      </trkpt>
      <trkpt lat="45.5526000" lon="7.1695070">
        <ele>1697</ele>
      </trkpt>
      <trkpt lat="45.5526279" lon="7.1695923">
        <ele>1697</ele>
      </trkpt>
      <trkpt lat="45.5526887" lon="7.1698226">
        <ele>1697</ele>
      </trkpt>
      <trkpt lat="45.5527414" lon="7.1699825">
        <ele>1697</ele>
      </trkpt>
      <trkpt lat="45.5527986" lon="7.1700695">
        <ele>1697</ele>
      </trkpt>
      <trkpt lat="45.5528403" lon="7.1701611">
        <ele>1697</ele>
      </trkpt>
      <trkpt lat="45.5528797" lon="7.1703214">
        <ele>1697</ele>
      </trkpt>
      <trkpt lat="45.5529443" lon="7.1704553">
        <ele>1697</ele>
      </trkpt>
      <trkpt lat="45.5530245" lon="7.1706197">
        <ele>1697</ele>
      </trkpt>
      <trkpt lat="45.5531376" lon="7.1707642">
        <ele>1697</ele>
      </trkpt>
      <trkpt lat="45.5532501" lon="7.1708790">
        <ele>1697</ele>
      </trkpt>
      <trkpt lat="45.5533933" lon="7.1710454">
        <ele>1697</ele>
      </trkpt>
      <trkpt lat="45.5535227" lon="7.1712122">
        <ele>1697</ele>
      </trkpt>
      <trkpt lat="45.5536332" lon="7.1713164">
        <ele>1697</ele>
      </trkpt>
      <trkpt lat="45.5537706" lon="7.1714338">
        <ele>1696</ele>
      </trkpt>
      <trkpt lat="45.5539158" lon="7.1715207">
        <ele>1696</ele>
      </trkpt>
      <trkpt lat="45.5540177" lon="7.1715618">
        <ele>1696</ele>
      </trkpt>
      <trkpt lat="45.5540682" lon="7.1715857">
        <ele>1696</ele>
      </trkpt>
      <trkpt lat="45.5540821" lon="7.1716154">
        <ele>1696</ele>
      </trkpt>
      <trkpt lat="45.5540556" lon="7.1716185">
        <ele>1696</ele>
      </trkpt>
      <trkpt lat="45.5539366" lon="7.1716920">
        <ele>1696</ele>
      </trkpt>
      <trkpt lat="45.5537588" lon="7.1717789">
        <ele>1696</ele>
      </trkpt>
      <trkpt lat="45.5534994" lon="7.1717937">
        <ele>1696</ele>
      </trkpt>
      <trkpt lat="45.5534246" lon="7.1718174">
        <ele>1696</ele>
      </trkpt>
      <trkpt lat="45.5534122" lon="7.1718319">
        <ele>1696</ele>
      </trkpt>
      <trkpt lat="45.5534325" lon="7.1718703">
        <ele>1696</ele>
      </trkpt>
      <trkpt lat="45.5536774" lon="7.1719614">
        <ele>1696</ele>
      </trkpt>
      <trkpt lat="45.5537295" lon="7.1720021">
        <ele>1696</ele>
      </trkpt>
      <trkpt lat="45.5538135" lon="7.1720425">
        <ele>1696</ele>
      </trkpt>
      <trkpt lat="45.5539312" lon="7.1721110">
        <ele>1696</ele>
      </trkpt>
      <trkpt lat="45.5539847" lon="7.1721450">
        <ele>1696</ele>
      </trkpt>
      <trkpt lat="45.5540412" lon="7.1722199">
        <ele>1696</ele>
      </trkpt>
      <trkpt lat="45.5541058" lon="7.1723064">
        <ele>1696</ele>
      </trkpt>
      <trkpt lat="45.5541315" lon="7.1723756">
        <ele>1696</ele>
      </trkpt>
      <trkpt lat="45.5541949" lon="7.1724684">
        <ele>1696</ele>
      </trkpt>
      <trkpt lat="45.5542278" lon="7.1725132">
        <ele>1696</ele>
      </trkpt>
      <trkpt lat="45.5543070" lon="7.1726281">
        <ele>1696</ele>
      </trkpt>
      <trkpt lat="45.5543743" lon="7.1726926">
        <ele>1696</ele>
      </trkpt>
      <trkpt lat="45.5543950" lon="7.1727168">
        <ele>1696</ele>
      </trkpt>
      <trkpt lat="45.5544567" lon="7.1727818">
        <ele>1696</ele>
      </trkpt>
      <trkpt lat="45.5545032" lon="7.1728510">
        <ele>1696</ele>
      </trkpt>
      <trkpt lat="45.5545745" lon="7.1729315">
        <ele>1696</ele>
      </trkpt>
      <trkpt lat="45.5546169" lon="7.1729793">
        <ele>1696</ele>
      </trkpt>
      <trkpt lat="45.5546653" lon="7.1730464">
        <ele>1696</ele>
      </trkpt>
      <trkpt lat="45.5547296" lon="7.1731477">
        <ele>1696</ele>
      </trkpt>
      <trkpt lat="45.5547926" lon="7.1732446">
        <ele>1696</ele>
      </trkpt>
      <trkpt lat="45.5548513" lon="7.1733309">
        <ele>1696</ele>
      </trkpt>
      <trkpt lat="45.5548968" lon="7.1733830">
        <ele>1695</ele>
      </trkpt>
      <trkpt lat="45.5549466" lon="7.1734480">
        <ele>1695</ele>
      </trkpt>
      <trkpt lat="45.5550201" lon="7.1734921">
        <ele>1695</ele>
      </trkpt>
      <trkpt lat="45.5551205" lon="7.1735114">
        <ele>1695</ele>
      </trkpt>
      <trkpt lat="45.5551993" lon="7.1735284">
        <ele>1695</ele>
      </trkpt>
      <trkpt lat="45.5553031" lon="7.1736200">
        <ele>1695</ele>
      </trkpt>
      <trkpt lat="45.5554121" lon="7.1736919">
        <ele>1695</ele>
      </trkpt>
      <trkpt lat="45.5554700" lon="7.1737654">
        <ele>1695</ele>
      </trkpt>
      <trkpt lat="45.5555952" lon="7.1739014">
        <ele>1695</ele>
      </trkpt>
      <trkpt lat="45.5557652" lon="7.1740036">
        <ele>1695</ele>
      </trkpt>
      <trkpt lat="45.5559277" lon="7.1741034">
        <ele>1695</ele>
      </trkpt>
      <trkpt lat="45.5560016" lon="7.1741145">
        <ele>1695</ele>
      </trkpt>
      <trkpt lat="45.5560893" lon="7.1741548">
        <ele>1695</ele>
      </trkpt>
      <trkpt lat="45.5562793" lon="7.1742617">
        <ele>1695</ele>
      </trkpt>
      <trkpt lat="45.5563434" lon="7.1743620">
        <ele>1695</ele>
      </trkpt>
      <trkpt lat="45.5564725" lon="7.1745113">
        <ele>1695</ele>
      </trkpt>
      <trkpt lat="45.5566866" lon="7.1745260">
        <ele>1695</ele>
      </trkpt>
      <trkpt lat="45.5568450" lon="7.1744319">
        <ele>1695</ele>
      </trkpt>
      <trkpt lat="45.5569170" lon="7.1744377">
        <ele>1695</ele>
      </trkpt>
      <trkpt lat="45.5569612" lon="7.1744821">
        <ele>1695</ele>
      </trkpt>
      <trkpt lat="45.5569784" lon="7.1746108">
        <ele>1695</ele>
      </trkpt>
      <trkpt lat="45.5569768" lon="7.1747205">
        <ele>1695</ele>
      </trkpt>
      <trkpt lat="45.5569380" lon="7.1748616">
        <ele>1695</ele>
      </trkpt>
      <trkpt lat="45.5569053" lon="7.1749533">
        <ele>1695</ele>
      </trkpt>
      <trkpt lat="45.5568310" lon="7.1750252">
        <ele>1695</ele>
      </trkpt>
      <trkpt lat="45.5568181" lon="7.1751861">
        <ele>1695</ele>
      </trkpt>
      <trkpt lat="45.5568244" lon="7.1755172">
        <ele>1695</ele>
      </trkpt>
      <trkpt lat="45.5568471" lon="7.1756189">
        <ele>1695</ele>
      </trkpt>
      <trkpt lat="45.5569575" lon="7.1758104">
        <ele>1695</ele>
      </trkpt>
      <trkpt lat="45.5569784" lon="7.1759072">
        <ele>1695</ele>
      </trkpt>
      <trkpt lat="45.5572974" lon="7.1765205">
        <ele>1695</ele>
      </trkpt>
      <trkpt lat="45.5577119" lon="7.1766998">
        <ele>1695</ele>
      </trkpt>
      <trkpt lat="45.5578712" lon="7.1769630">
        <ele>1694</ele>
      </trkpt>
      <trkpt lat="45.5581073" lon="7.1772779">
        <ele>1694</ele>
      </trkpt>
      <trkpt lat="45.5582414" lon="7.1774278">
        <ele>1694</ele>
      </trkpt>
      <trkpt lat="45.5582677" lon="7.1774843">
        <ele>1694</ele>
      </trkpt>
      <trkpt lat="45.5583244" lon="7.1776649">
        <ele>1694</ele>
      </trkpt>
      <trkpt lat="45.5583400" lon="7.1779191">
        <ele>1694</ele>
      </trkpt>
      <trkpt lat="45.5584265" lon="7.1782957">
        <ele>1694</ele>
      </trkpt>
      <trkpt lat="45.5584697" lon="7.1782875">
        <ele>1694</ele>
      </trkpt>
      <trkpt lat="45.5585005" lon="7.1783214">
        <ele>1694</ele>
      </trkpt>
      <trkpt lat="45.5585869" lon="7.1784951">
        <ele>1694</ele>
      </trkpt>
      <trkpt lat="45.5585970" lon="7.1785461">
        <ele>1694</ele>
      </trkpt>
      <trkpt lat="45.5586063" lon="7.1786845">
        <ele>1694</ele>
      </trkpt>
      <trkpt lat="45.5585943" lon="7.1789876">
        <ele>1694</ele>
      </trkpt>
      <trkpt lat="45.5586275" lon="7.1793988">
        <ele>1694</ele>
      </trkpt>
      <trkpt lat="45.5586116" lon="7.1795176">
        <ele>1694</ele>
      </trkpt>
      <trkpt lat="45.5586373" lon="7.1797027">
        <ele>1694</ele>
      </trkpt>
      <trkpt lat="45.5586294" lon="7.1801352">
        <ele>1694</ele>
      </trkpt>
      <trkpt lat="45.5586724" lon="7.1805021">
        <ele>1694</ele>
      </trkpt>
      <trkpt lat="45.5588097" lon="7.1806574">
        <ele>1694</ele>
      </trkpt>
      <trkpt lat="45.5588880" lon="7.1808857">
        <ele>1694</ele>
      </trkpt>
      <trkpt lat="45.5591271" lon="7.1812233">
        <ele>1694</ele>
      </trkpt>
      <trkpt lat="45.5592091" lon="7.1814011">
        <ele>1694</ele>
      </trkpt>
      <trkpt lat="45.5592898" lon="7.1814856">
        <ele>1694</ele>
      </trkpt>
      <trkpt lat="45.5593257" lon="7.1814754">
        <ele>1694</ele>
      </trkpt>
      <trkpt lat="45.5594406" lon="7.1815042">
        <ele>1694</ele>
      </trkpt>
      <trkpt lat="45.5594931" lon="7.1815516">
        <ele>1694</ele>
      </trkpt>
      <trkpt lat="45.5596121" lon="7.1815893">
        <ele>1694</ele>
      </trkpt>
      <trkpt lat="45.5596680" lon="7.1815737">
        <ele>1694</ele>
      </trkpt>
      <trkpt lat="45.5597240" lon="7.1816558">
        <ele>1694</ele>
      </trkpt>
      <trkpt lat="45.5597688" lon="7.1817599">
        <ele>1694</ele>
      </trkpt>
      <trkpt lat="45.5598918" lon="7.1819199">
        <ele>1694</ele>
      </trkpt>
      <trkpt lat="45.5599729" lon="7.1820818">
        <ele>1694</ele>
      </trkpt>
      <trkpt lat="45.5601290" lon="7.1822908">
        <ele>1694</ele>
      </trkpt>
      <trkpt lat="45.5601718" lon="7.1823197">
        <ele>1693</ele>
      </trkpt>
      <trkpt lat="45.5602298" lon="7.1824299">
        <ele>1693</ele>
      </trkpt>
      <trkpt lat="45.5602760" lon="7.1824665">
        <ele>1693</ele>
      </trkpt>
      <trkpt lat="45.5602791" lon="7.1825139">
        <ele>1693</ele>
      </trkpt>
      <trkpt lat="45.5603139" lon="7.1825381">
        <ele>1693</ele>
      </trkpt>
      <trkpt lat="45.5603542" lon="7.1826280">
        <ele>1693</ele>
      </trkpt>
      <trkpt lat="45.5604047" lon="7.1828371">
        <ele>1693</ele>
      </trkpt>
      <trkpt lat="45.5605798" lon="7.1830131">
        <ele>1693</ele>
      </trkpt>
      <trkpt lat="45.5606673" lon="7.1830637">
        <ele>1693</ele>
      </trkpt>
      <trkpt lat="45.5608846" lon="7.1832727">
        <ele>1693</ele>
      </trkpt>
      <trkpt lat="45.5609308" lon="7.1833627">
        <ele>1693</ele>
      </trkpt>
      <trkpt lat="45.5612088" lon="7.1834807">
        <ele>1693</ele>
      </trkpt>
      <trkpt lat="45.5613533" lon="7.1835027">
        <ele>1693</ele>
      </trkpt>
      <trkpt lat="45.5613936" lon="7.1835259">
        <ele>1693</ele>
      </trkpt>
      <trkpt lat="45.5614219" lon="7.1835672">
        <ele>1693</ele>
      </trkpt>
      <trkpt lat="45.5615269" lon="7.1836379">
        <ele>1693</ele>
      </trkpt>
      <trkpt lat="45.5615626" lon="7.1836854">
        <ele>1693</ele>
      </trkpt>
      <trkpt lat="45.5617648" lon="7.1838492">
        <ele>1693</ele>
      </trkpt>
      <trkpt lat="45.5618148" lon="7.1839122">
        <ele>1693</ele>
      </trkpt>
      <trkpt lat="45.5620086" lon="7.1840524">
        <ele>1693</ele>
      </trkpt>
      <trkpt lat="45.5620222" lon="7.1840913">
        <ele>1693</ele>
      </trkpt>
      <trkpt lat="45.5622781" lon="7.1843874">
        <ele>1693</ele>
      </trkpt>
      <trkpt lat="45.5623478" lon="7.1844491">
        <ele>1693</ele>
      </trkpt>
      <trkpt lat="45.5624242" lon="7.1844862">
        <ele>1693</ele>
      </trkpt>
      <trkpt lat="45.5625551" lon="7.1846568">
        <ele>1693</ele>
      </trkpt>
      <trkpt lat="45.5626729" lon="7.1846933">
        <ele>1693</ele>
      </trkpt>
      <trkpt lat="45.5627136" lon="7.1847252">
        <ele>1693</ele>
      </trkpt>
      <trkpt lat="45.5628927" lon="7.1849443">
        <ele>1693</ele>
      </trkpt>
      <trkpt lat="45.5630556" lon="7.1852688">
        <ele>1693</ele>
      </trkpt>
      <trkpt lat="45.5631230" lon="7.1853362">
        <ele>1693</ele>
      </trkpt>
      <trkpt lat="45.5631983" lon="7.1854779">
        <ele>1693</ele>
      </trkpt>
      <trkpt lat="45.5633729" lon="7.1856372">
        <ele>1693</ele>
      </trkpt>
      <trkpt lat="45.5635068" lon="7.1859711">
        <ele>1693</ele>
      </trkpt>
      <trkpt lat="45.5636856" lon="7.1861061">
        <ele>1692</ele>
      </trkpt>
      <trkpt lat="45.5637295" lon="7.1861700">
        <ele>1692</ele>
      </trkpt>
      <trkpt lat="45.5639485" lon="7.1868701">
        <ele>1692</ele>
      </trkpt>
      <trkpt lat="45.5639697" lon="7.1871282">
        <ele>1692</ele>
      </trkpt>
      <trkpt lat="45.5640372" lon="7.1873668">
        <ele>1692</ele>
      </trkpt>
      <trkpt lat="45.5640770" lon="7.1874837">
        <ele>1692</ele>
      </trkpt>
      <trkpt lat="45.5642089" lon="7.1876104">
        <ele>1692</ele>
      </trkpt>
      <trkpt lat="45.5642494" lon="7.1877763">
        <ele>1692</ele>
      </trkpt>
      <trkpt lat="45.5643207" lon="7.1878868">
        <ele>1692</ele>
      </trkpt>
      <trkpt lat="45.5643220" lon="7.1880228">
        <ele>1692</ele>
      </trkpt>
      <trkpt lat="45.5643137" lon="7.1881968">
        <ele>1692</ele>
      </trkpt>
      <trkpt lat="45.5644516" lon="7.1884325">
        <ele>1692</ele>
      </trkpt>
      <trkpt lat="45.5644953" lon="7.1885227">
        <ele>1692</ele>
      </trkpt>
      <trkpt lat="45.5645092" lon="7.1887444">
        <ele>1692</ele>
      </trkpt>
      <trkpt lat="45.5646046" lon="7.1888284">
        <ele>1692</ele>
      </trkpt>
      <trkpt lat="45.5646814" lon="7.1889369">
        <ele>1692</ele>
      </trkpt>
      <trkpt lat="45.5647363" lon="7.1891692">
        <ele>1692</ele>
      </trkpt>
      <trkpt lat="45.5647753" lon="7.1892090">
        <ele>1692</ele>
      </trkpt>
      <trkpt lat="45.5648225" lon="7.1892192">
        <ele>1692</ele>
      </trkpt>
      <trkpt lat="45.5649113" lon="7.1892366">
        <ele>1692</ele>
      </trkpt>
      <trkpt lat="45.5650227" lon="7.1892989">
        <ele>1692</ele>
      </trkpt>
      <trkpt lat="45.5650451" lon="7.1893418">
        <ele>1692</ele>
      </trkpt>
      <trkpt lat="45.5650587" lon="7.1893616">
        <ele>1692</ele>
      </trkpt>
      <trkpt lat="45.5650746" lon="7.1894095">
        <ele>1692</ele>
      </trkpt>
      <trkpt lat="45.5651128" lon="7.1894918">
        <ele>1692</ele>
      </trkpt>
      <trkpt lat="45.5651870" lon="7.1895756">
        <ele>1692</ele>
      </trkpt>
      <trkpt lat="45.5652523" lon="7.1896395">
        <ele>1692</ele>
      </trkpt>
      <trkpt lat="45.5653038" lon="7.1896608">
        <ele>1692</ele>
      </trkpt>
      <trkpt lat="45.5653190" lon="7.1896697">
        <ele>1692</ele>
      </trkpt>
      <trkpt lat="45.5653425" lon="7.1897175">
        <ele>1692</ele>
      </trkpt>
      <trkpt lat="45.5654308" lon="7.1897954">
        <ele>1692</ele>
      </trkpt>
      <trkpt lat="45.5654804" lon="7.1898235">
        <ele>1692</ele>
      </trkpt>
      <trkpt lat="45.5655272" lon="7.1899068">
        <ele>1691</ele>
      </trkpt>
      <trkpt lat="45.5655923" lon="7.1900152">
        <ele>1691</ele>
      </trkpt>
      <trkpt lat="45.5656545" lon="7.1900947">
        <ele>1691</ele>
      </trkpt>
      <trkpt lat="45.5656849" lon="7.1901584">
        <ele>1691</ele>
      </trkpt>
      <trkpt lat="45.5657265" lon="7.1903348">
        <ele>1691</ele>
      </trkpt>
      <trkpt lat="45.5657554" lon="7.1904309">
        <ele>1691</ele>
      </trkpt>
      <trkpt lat="45.5658004" lon="7.1905803">
        <ele>1691</ele>
      </trkpt>
      <trkpt lat="45.5658250" lon="7.1906388">
        <ele>1691</ele>
      </trkpt>
      <trkpt lat="45.5658564" lon="7.1906829">
        <ele>1691</ele>
      </trkpt>
      <trkpt lat="45.5658923" lon="7.1907210">
        <ele>1691</ele>
      </trkpt>
      <trkpt lat="45.5659356" lon="7.1908002">
        <ele>1691</ele>
      </trkpt>
      <trkpt lat="45.5660006" lon="7.1909019">
        <ele>1691</ele>
      </trkpt>
      <trkpt lat="45.5660311" lon="7.1909750">
        <ele>1691</ele>
      </trkpt>
      <trkpt lat="45.5660469" lon="7.1910768">
        <ele>1691</ele>
      </trkpt>
      <trkpt lat="45.5660548" lon="7.1911601">
        <ele>1691</ele>
      </trkpt>
      <trkpt lat="45.5660654" lon="7.1912918">
        <ele>1691</ele>
      </trkpt>
      <trkpt lat="45.5660814" lon="7.1914650">
        <ele>1691</ele>
      </trkpt>
      <trkpt lat="45.5660972" lon="7.1915669">
        <ele>1691</ele>
      </trkpt>
      <trkpt lat="45.5661513" lon="7.1917524">
        <ele>1691</ele>
      </trkpt>
      <trkpt lat="45.5661978" lon="7.1918856">
        <ele>1691</ele>
      </trkpt>
      <trkpt lat="45.5662390" lon="7.1919772">
        <ele>1691</ele>
      </trkpt>
      <trkpt lat="45.5663223" lon="7.1921752">
        <ele>1691</ele>
      </trkpt>
      <trkpt lat="45.5663991" lon="7.1923034">
        <ele>1691</ele>
      </trkpt>
      <trkpt lat="45.5664815" lon="7.1923971">
        <ele>1691</ele>
      </trkpt>
      <trkpt lat="45.5666255" lon="7.1925312">
        <ele>1691</ele>
      </trkpt>
      <trkpt lat="45.5667408" lon="7.1926380">
        <ele>1691</ele>
      </trkpt>
      <trkpt lat="45.5668816" lon="7.1927493">
        <ele>1691</ele>
      </trkpt>
      <trkpt lat="45.5670007" lon="7.1928889">
        <ele>1691</ele>
      </trkpt>
      <trkpt lat="45.5671035" lon="7.1929920">
        <ele>1691</ele>
      </trkpt>
      <trkpt lat="45.5672094" lon="7.1930466">
        <ele>1691</ele>
      </trkpt>
      <trkpt lat="45.5672889" lon="7.1931060">
        <ele>1691</ele>
      </trkpt>
      <trkpt lat="45.5674616" lon="7.1932277">
        <ele>1691</ele>
      </trkpt>
      <trkpt lat="45.5675798" lon="7.1932819">
        <ele>1691</ele>
      </trkpt>
      <trkpt lat="45.5676548" lon="7.1933010">
        <ele>1690</ele>
      </trkpt>
      <trkpt lat="45.5677962" lon="7.1933584">
        <ele>1690</ele>
      </trkpt>
      <trkpt lat="45.5679110" lon="7.1933763">
        <ele>1690</ele>
      </trkpt>
      <trkpt lat="45.5680397" lon="7.1933789">
        <ele>1690</ele>
      </trkpt>
      <trkpt lat="45.5681544" lon="7.1933820">
        <ele>1690</ele>
      </trkpt>
      <trkpt lat="45.5682456" lon="7.1933454">
        <ele>1690</ele>
      </trkpt>
      <trkpt lat="45.5683496" lon="7.1932774">
        <ele>1690</ele>
      </trkpt>
      <trkpt lat="45.5684477" lon="7.1932136">
        <ele>1690</ele>
      </trkpt>
      <trkpt lat="45.5684484" lon="7.1932116">
        <ele>1690</ele>
      </trkpt>
      <trkpt lat="45.5684578" lon="7.1932126">
        <ele>1690</ele>
      </trkpt>
      <trkpt lat="45.5686468" lon="7.1930772">
        <ele>1690</ele>
      </trkpt>
      <trkpt lat="45.5689054" lon="7.1929181">
        <ele>1690</ele>
      </trkpt>
      <trkpt lat="45.5690322" lon="7.1928008">
        <ele>1690</ele>
      </trkpt>
      <trkpt lat="45.5690903" lon="7.1927007">
        <ele>1690</ele>
      </trkpt>
      <trkpt lat="45.5691898" lon="7.1924119">
        <ele>1690</ele>
      </trkpt>
      <trkpt lat="45.5692447" lon="7.1922038">
        <ele>1690</ele>
      </trkpt>
      <trkpt lat="45.5692933" lon="7.1921786">
        <ele>1690</ele>
      </trkpt>
      <trkpt lat="45.5693275" lon="7.1922401">
        <ele>1690</ele>
      </trkpt>
      <trkpt lat="45.5694978" lon="7.1924295">
        <ele>1690</ele>
      </trkpt>
      <trkpt lat="45.5695641" lon="7.1924722">
        <ele>1690</ele>
      </trkpt>
      <trkpt lat="45.5703776" lon="7.1926153">
        <ele>1690</ele>
      </trkpt>
      <trkpt lat="45.5705165" lon="7.1926796">
        <ele>1690</ele>
      </trkpt>
      <trkpt lat="45.5707304" lon="7.1928644">
        <ele>1690</ele>
      </trkpt>
      <trkpt lat="45.5710200" lon="7.1930121">
        <ele>1690</ele>
      </trkpt>
      <trkpt lat="45.5711226" lon="7.1930260">
        <ele>1690</ele>
      </trkpt>
      <trkpt lat="45.5711949" lon="7.1930030">
        <ele>1690</ele>
      </trkpt>
      <trkpt lat="45.5713492" lon="7.1930131">
        <ele>1690</ele>
      </trkpt>
      <trkpt lat="45.5713567" lon="7.1930115">
        <ele>1690</ele>
      </trkpt>
      <trkpt lat="45.5713593" lon="7.1930131">
        <ele>1690</ele>
      </trkpt>
      <trkpt lat="45.5714962" lon="7.1930545">
        <ele>1690</ele>
      </trkpt>
      <trkpt lat="45.5717088" lon="7.1930962">
        <ele>1690</ele>
      </trkpt>
      <trkpt lat="45.5719097" lon="7.1931221">
        <ele>1690</ele>
      </trkpt>
      <trkpt lat="45.5719697" lon="7.1931444">
        <ele>1689</ele>
      </trkpt>
      <trkpt lat="45.5722300" lon="7.1932573">
        <ele>1689</ele>
      </trkpt>
      <trkpt lat="45.5723782" lon="7.1933523">
        <ele>1689</ele>
      </trkpt>
      <trkpt lat="45.5725062" lon="7.1934317">
        <ele>1689</ele>
      </trkpt>
      <trkpt lat="45.5725405" lon="7.1934494">
        <ele>1689</ele>
      </trkpt>
      <trkpt lat="45.5726509" lon="7.1935355">
        <ele>1689</ele>
      </trkpt>
      <trkpt lat="45.5727334" lon="7.1936029">
        <ele>1689</ele>
      </trkpt>
      <trkpt lat="45.5728018" lon="7.1936236">
        <ele>1689</ele>
      </trkpt>
      <trkpt lat="45.5729054" lon="7.1936512">
        <ele>1689</ele>
      </trkpt>
      <trkpt lat="45.5729704" lon="7.1936923">
        <ele>1689</ele>
      </trkpt>
      <trkpt lat="45.5729753" lon="7.1936886">
        <ele>1689</ele>
      </trkpt>
      <trkpt lat="45.5729789" lon="7.1936940">
        <ele>1689</ele>
      </trkpt>
      <trkpt lat="45.5730753" lon="7.1937448">
        <ele>1689</ele>
      </trkpt>
      <trkpt lat="45.5731443" lon="7.1938019">
        <ele>1689</ele>
      </trkpt>
      <trkpt lat="45.5732331" lon="7.1939122">
        <ele>1689</ele>
      </trkpt>
      <trkpt lat="45.5733726" lon="7.1940586">
        <ele>1689</ele>
      </trkpt>
      <trkpt lat="45.5734760" lon="7.1941375">
        <ele>1689</ele>
      </trkpt>
      <trkpt lat="45.5735390" lon="7.1941705">
        <ele>1689</ele>
      </trkpt>
      <trkpt lat="45.5737034" lon="7.1941868">
        <ele>1689</ele>
      </trkpt>
      <trkpt lat="45.5738308" lon="7.1941678">
        <ele>1689</ele>
      </trkpt>
      <trkpt lat="45.5739040" lon="7.1941291">
        <ele>1689</ele>
      </trkpt>
      <trkpt lat="45.5739219" lon="7.1940949">
        <ele>1689</ele>
      </trkpt>
      <trkpt lat="45.5739505" lon="7.1940491">
        <ele>1689</ele>
      </trkpt>
      <trkpt lat="45.5739888" lon="7.1939480">
        <ele>1689</ele>
      </trkpt>
      <trkpt lat="45.5741199" lon="7.1937315">
        <ele>1689</ele>
      </trkpt>
      <trkpt lat="45.5742023" lon="7.1936383">
        <ele>1689</ele>
      </trkpt>
      <trkpt lat="45.5742385" lon="7.1935716">
        <ele>1689</ele>
      </trkpt>
      <trkpt lat="45.5744325" lon="7.1933609">
        <ele>1689</ele>
      </trkpt>
      <trkpt lat="45.5744929" lon="7.1933416">
        <ele>1689</ele>
      </trkpt>
      <trkpt lat="45.5745921" lon="7.1932271">
        <ele>1689</ele>
      </trkpt>
      <trkpt lat="45.5747947" lon="7.1930629">
        <ele>1689</ele>
      </trkpt>
      <trkpt lat="45.5748253" lon="7.1929811">
        <ele>1689</ele>
      </trkpt>
      <trkpt lat="45.5749643" lon="7.1928190">
        <ele>1689</ele>
      </trkpt>
      <trkpt lat="45.5750789" lon="7.1925507">
        <ele>1688</ele>
      </trkpt>
      <trkpt lat="45.5753516" lon="7.1923538">
        <ele>1688</ele>
      </trkpt>
      <trkpt lat="45.5755782" lon="7.1921452">
        <ele>1688</ele>
      </trkpt>
      <trkpt lat="45.5756382" lon="7.1921160">
        <ele>1688</ele>
      </trkpt>
      <trkpt lat="45.5759117" lon="7.1921119">
        <ele>1688</ele>
      </trkpt>
      <trkpt lat="45.5760837" lon="7.1920311">
        <ele>1688</ele>
      </trkpt>
      <trkpt lat="45.5761355" lon="7.1919647">
        <ele>1688</ele>
      </trkpt>
      <trkpt lat="45.5762408" lon="7.1917523">
        <ele>1688</ele>
      </trkpt>
      <trkpt lat="45.5763111" lon="7.1914909">
        <ele>1688</ele>
      </trkpt>
      <trkpt lat="45.5764065" lon="7.1912682">
        <ele>1688</ele>
      </trkpt>
      <trkpt lat="45.5764786" lon="7.1911626">
        <ele>1688</ele>
      </trkpt>
      <trkpt lat="45.5765805" lon="7.1909308">
        <ele>1688</ele>
      </trkpt>
      <trkpt lat="45.5766607" lon="7.1908256">
        <ele>1688</ele>
      </trkpt>
      <trkpt lat="45.5768904" lon="7.1907084">
        <ele>1688</ele>
      </trkpt>
      <trkpt lat="45.5769555" lon="7.1906408">
        <ele>1688</ele>
      </trkpt>
      <trkpt lat="45.5771671" lon="7.1906011">
        <ele>1688</ele>
      </trkpt>
      <trkpt lat="45.5773772" lon="7.1906804">
        <ele>1688</ele>
      </trkpt>
      <trkpt lat="45.5775352" lon="7.1906572">
        <ele>1688</ele>
      </trkpt>
      <trkpt lat="45.5775408" lon="7.1906578">
        <ele>1688</ele>
      </trkpt>
      <trkpt lat="45.5777474" lon="7.1906808">
        <ele>1688</ele>
      </trkpt>
      <trkpt lat="45.5778368" lon="7.1907076">
        <ele>1688</ele>
      </trkpt>
      <trkpt lat="45.5778981" lon="7.1907541">
        <ele>1688</ele>
      </trkpt>
      <trkpt lat="45.5779534" lon="7.1907793">
        <ele>1688</ele>
      </trkpt>
      <trkpt lat="45.5780119" lon="7.1907747">
        <ele>1688</ele>
      </trkpt>
      <trkpt lat="45.5782577" lon="7.1908800">
        <ele>1688</ele>
      </trkpt>
      <trkpt lat="45.5783606" lon="7.1909252">
        <ele>1688</ele>
      </trkpt>
      <trkpt lat="45.5785685" lon="7.1910896">
        <ele>1688</ele>
      </trkpt>
      <trkpt lat="45.5787011" lon="7.1912174">
        <ele>1688</ele>
      </trkpt>
      <trkpt lat="45.5787478" lon="7.1912994">
        <ele>1688</ele>
      </trkpt>
      <trkpt lat="45.5787658" lon="7.1913622">
        <ele>1688</ele>
      </trkpt>
      <trkpt lat="45.5787451" lon="7.1914868">
        <ele>1688</ele>
      </trkpt>
      <trkpt lat="45.5786747" lon="7.1915807">
        <ele>1688</ele>
      </trkpt>
      <trkpt lat="45.5785449" lon="7.1917321">
        <ele>1688</ele>
      </trkpt>
      <trkpt lat="45.5784326" lon="7.1918469">
        <ele>1687</ele>
      </trkpt>
      <trkpt lat="45.5782930" lon="7.1920439">
        <ele>1687</ele>
      </trkpt>
      <trkpt lat="45.5782871" lon="7.1920472">
        <ele>1687</ele>
      </trkpt>
      <trkpt lat="45.5782295" lon="7.1921164">
        <ele>1687</ele>
      </trkpt>
      <trkpt lat="45.5782045" lon="7.1921535">
        <ele>1687</ele>
      </trkpt>
      <trkpt lat="45.5782014" lon="7.1921941">
        <ele>1687</ele>
      </trkpt>
      <trkpt lat="45.5782163" lon="7.1922354">
        <ele>1687</ele>
      </trkpt>
      <trkpt lat="45.5782476" lon="7.1923004">
        <ele>1687</ele>
      </trkpt>
      <trkpt lat="45.5782923" lon="7.1923784">
        <ele>1687</ele>
      </trkpt>
      <trkpt lat="45.5783502" lon="7.1924520">
        <ele>1687</ele>
      </trkpt>
      <trkpt lat="45.5784141" lon="7.1924796">
        <ele>1687</ele>
      </trkpt>
      <trkpt lat="45.5784880" lon="7.1924455">
        <ele>1687</ele>
      </trkpt>
      <trkpt lat="45.5786817" lon="7.1922847">
        <ele>1687</ele>
      </trkpt>
      <trkpt lat="45.5789140" lon="7.1922359">
        <ele>1687</ele>
      </trkpt>
      <trkpt lat="45.5790787" lon="7.1921764">
        <ele>1687</ele>
      </trkpt>
      <trkpt lat="45.5792176" lon="7.1921877">
        <ele>1687</ele>
      </trkpt>
      <trkpt lat="45.5794800" lon="7.1922204">
        <ele>1687</ele>
      </trkpt>
      <trkpt lat="45.5795798" lon="7.1921848">
        <ele>1687</ele>
      </trkpt>
      <trkpt lat="45.5797000" lon="7.1922059">
        <ele>1687</ele>
      </trkpt>
      <trkpt lat="45.5799751" lon="7.1922803">
        <ele>1687</ele>
      </trkpt>
      <trkpt lat="45.5799808" lon="7.1924334">
        <ele>1687</ele>
      </trkpt>
      <trkpt lat="45.5799825" lon="7.1925701">
        <ele>1687</ele>
      </trkpt>
      <trkpt lat="45.5799978" lon="7.1927009">
        <ele>1687</ele>
      </trkpt>
      <trkpt lat="45.5800106" lon="7.1927915">
        <ele>1687</ele>
      </trkpt>
      <trkpt lat="45.5800504" lon="7.1928807">
        <ele>1687</ele>
      </trkpt>
      <trkpt lat="45.5801298" lon="7.1929785">
        <ele>1687</ele>
      </trkpt>
      <trkpt lat="45.5801315" lon="7.1930153">
        <ele>1687</ele>
      </trkpt>
      <trkpt lat="45.5800437" lon="7.1931830">
        <ele>1687</ele>
      </trkpt>
      <trkpt lat="45.5798954" lon="7.1937182">
        <ele>1687</ele>
      </trkpt>
      <trkpt lat="45.5797746" lon="7.1938758">
        <ele>1687</ele>
      </trkpt>
      <trkpt lat="45.5796861" lon="7.1941237">
        <ele>1687</ele>
      </trkpt>
      <trkpt lat="45.5796240" lon="7.1941630">
        <ele>1687</ele>
      </trkpt>
      <trkpt lat="45.5796924" lon="7.1942628">
        <ele>1686</ele>
      </trkpt>
      <trkpt lat="45.5796940" lon="7.1942976">
        <ele>1686</ele>
      </trkpt>
      <trkpt lat="45.5796056" lon="7.1943400">
        <ele>1686</ele>
      </trkpt>
      <trkpt lat="45.5795290" lon="7.1944665">
        <ele>1686</ele>
      </trkpt>
      <trkpt lat="45.5796105" lon="7.1947117">
        <ele>1686</ele>
      </trkpt>
      <trkpt lat="45.5795355" lon="7.1946926">
        <ele>1686</ele>
      </trkpt>
      <trkpt lat="45.5795046" lon="7.1947744">
        <ele>1686</ele>
      </trkpt>
      <trkpt lat="45.5795791" lon="7.1948570">
        <ele>1686</ele>
      </trkpt>
      <trkpt lat="45.5796444" lon="7.1949431">
        <ele>1686</ele>
      </trkpt>
      <trkpt lat="45.5796116" lon="7.1949749">
        <ele>1686</ele>
      </trkpt>
      <trkpt lat="45.5795018" lon="7.1950011">
        <ele>1686</ele>
      </trkpt>
      <trkpt lat="45.5792647" lon="7.1948468">
        <ele>1686</ele>
      </trkpt>
      <trkpt lat="45.5792466" lon="7.1948420">
        <ele>1686</ele>
      </trkpt>
      <trkpt lat="45.5792384" lon="7.1948527">
        <ele>1686</ele>
      </trkpt>
      <trkpt lat="45.5792377" lon="7.1948921">
        <ele>1686</ele>
      </trkpt>
      <trkpt lat="45.5792653" lon="7.1949586">
        <ele>1686</ele>
      </trkpt>
      <trkpt lat="45.5793461" lon="7.1950422">
        <ele>1686</ele>
      </trkpt>
      <trkpt lat="45.5794125" lon="7.1951385">
        <ele>1686</ele>
      </trkpt>
      <trkpt lat="45.5794461" lon="7.1951428">
        <ele>1686</ele>
      </trkpt>
      <trkpt lat="45.5794715" lon="7.1951932">
        <ele>1686</ele>
      </trkpt>
      <trkpt lat="45.5794675" lon="7.1952997">
        <ele>1686</ele>
      </trkpt>
      <trkpt lat="45.5794624" lon="7.1954009">
        <ele>1686</ele>
      </trkpt>
      <trkpt lat="45.5794416" lon="7.1954437">
        <ele>1686</ele>
      </trkpt>
      <trkpt lat="45.5793788" lon="7.1954877">
        <ele>1686</ele>
      </trkpt>
      <trkpt lat="45.5792011" lon="7.1955698">
        <ele>1686</ele>
      </trkpt>
      <trkpt lat="45.5790697" lon="7.1957456">
        <ele>1686</ele>
      </trkpt>
      <trkpt lat="45.5790497" lon="7.1958554">
        <ele>1686</ele>
      </trkpt>
      <trkpt lat="45.5790220" lon="7.1959201">
        <ele>1686</ele>
      </trkpt>
      <trkpt lat="45.5789815" lon="7.1959306">
        <ele>1686</ele>
      </trkpt>
      <trkpt lat="45.5788445" lon="7.1959239">
        <ele>1686</ele>
      </trkpt>
      <trkpt lat="45.5788016" lon="7.1959869">
        <ele>1686</ele>
      </trkpt>
      <trkpt lat="45.5787642" lon="7.1960164">
        <ele>1686</ele>
      </trkpt>
      <trkpt lat="45.5786716" lon="7.1960575">
        <ele>1686</ele>
      </trkpt>
      <trkpt lat="45.5785435" lon="7.1960793">
        <ele>1685</ele>
      </trkpt>
      <trkpt lat="45.5784967" lon="7.1961250">
        <ele>1685</ele>
      </trkpt>
      <trkpt lat="45.5783371" lon="7.1963269">
        <ele>1685</ele>
      </trkpt>
      <trkpt lat="45.5781807" lon="7.1964855">
        <ele>1685</ele>
      </trkpt>
      <trkpt lat="45.5781216" lon="7.1965525">
        <ele>1685</ele>
      </trkpt>
      <trkpt lat="45.5780993" lon="7.1966288">
        <ele>1685</ele>
      </trkpt>
      <trkpt lat="45.5780715" lon="7.1966867">
        <ele>1685</ele>
      </trkpt>
      <trkpt lat="45.5779981" lon="7.1967781">
        <ele>1685</ele>
      </trkpt>
      <trkpt lat="45.5778563" lon="7.1969352">
        <ele>1685</ele>
      </trkpt>
      <trkpt lat="45.5778112" lon="7.1970168">
        <ele>1685</ele>
      </trkpt>
      <trkpt lat="45.5777640" lon="7.1970803">
        <ele>1685</ele>
      </trkpt>
      <trkpt lat="45.5777247" lon="7.1971190">
        <ele>1685</ele>
      </trkpt>
      <trkpt lat="45.5776654" lon="7.1971694">
        <ele>1685</ele>
      </trkpt>
      <trkpt lat="45.5775908" lon="7.1972075">
        <ele>1685</ele>
      </trkpt>
      <trkpt lat="45.5775073" lon="7.1972229">
        <ele>1685</ele>
      </trkpt>
      <trkpt lat="45.5774716" lon="7.1972227">
        <ele>1685</ele>
      </trkpt>
      <trkpt lat="45.5774179" lon="7.1972332">
        <ele>1685</ele>
      </trkpt>
      <trkpt lat="45.5773840" lon="7.1972188">
        <ele>1685</ele>
      </trkpt>
      <trkpt lat="45.5773287" lon="7.1972172">
        <ele>1685</ele>
      </trkpt>
      <trkpt lat="45.5772557" lon="7.1972276">
        <ele>1685</ele>
      </trkpt>
      <trkpt lat="45.5772111" lon="7.1972459">
        <ele>1685</ele>
      </trkpt>
      <trkpt lat="45.5771588" lon="7.1972927">
        <ele>1685</ele>
      </trkpt>
      <trkpt lat="45.5770884" lon="7.1973387">
        <ele>1685</ele>
      </trkpt>
      <trkpt lat="45.5770137" lon="7.1974058">
        <ele>1685</ele>
      </trkpt>
      <trkpt lat="45.5769648" lon="7.1974367">
        <ele>1685</ele>
      </trkpt>
      <trkpt lat="45.5769282" lon="7.1974526">
        <ele>1685</ele>
      </trkpt>
      <trkpt lat="45.5768661" lon="7.1974445">
        <ele>1685</ele>
      </trkpt>
      <trkpt lat="45.5768111" lon="7.1974382">
        <ele>1685</ele>
      </trkpt>
      <trkpt lat="45.5767944" lon="7.1974455">
        <ele>1685</ele>
      </trkpt>
      <trkpt lat="45.5767481" lon="7.1974813">
        <ele>1685</ele>
      </trkpt>
      <trkpt lat="45.5766956" lon="7.1975113">
        <ele>1685</ele>
      </trkpt>
      <trkpt lat="45.5766531" lon="7.1975436">
        <ele>1685</ele>
      </trkpt>
      <trkpt lat="45.5766248" lon="7.1975641">
        <ele>1685</ele>
      </trkpt>
      <trkpt lat="45.5765744" lon="7.1975818">
        <ele>1684</ele>
      </trkpt>
      <trkpt lat="45.5765559" lon="7.1976040">
        <ele>1684</ele>
      </trkpt>
      <trkpt lat="45.5765191" lon="7.1976719">
        <ele>1684</ele>
      </trkpt>
      <trkpt lat="45.5764245" lon="7.1978669">
        <ele>1684</ele>
      </trkpt>
      <trkpt lat="45.5763411" lon="7.1980063">
        <ele>1684</ele>
      </trkpt>
      <trkpt lat="45.5762690" lon="7.1981096">
        <ele>1684</ele>
      </trkpt>
      <trkpt lat="45.5762583" lon="7.1981730">
        <ele>1684</ele>
      </trkpt>
      <trkpt lat="45.5762469" lon="7.1982602">
        <ele>1684</ele>
      </trkpt>
      <trkpt lat="45.5761948" lon="7.1983420">
        <ele>1684</ele>
      </trkpt>
      <trkpt lat="45.5761525" lon="7.1984236">
        <ele>1684</ele>
      </trkpt>
      <trkpt lat="45.5761025" lon="7.1985730">
        <ele>1684</ele>
      </trkpt>
      <trkpt lat="45.5760906" lon="7.1986280">
        <ele>1684</ele>
      </trkpt>
      <trkpt lat="45.5760630" lon="7.1988847">
        <ele>1684</ele>
      </trkpt>
      <trkpt lat="45.5759510" lon="7.1994270">
        <ele>1684</ele>
      </trkpt>
      <trkpt lat="45.5758486" lon="7.1997118">
        <ele>1684</ele>
      </trkpt>
      <trkpt lat="45.5757937" lon="7.2000107">
        <ele>1684</ele>
      </trkpt>
      <trkpt lat="45.5757611" lon="7.2000778">
        <ele>1684</ele>
      </trkpt>
      <trkpt lat="45.5756486" lon="7.2002097">
        <ele>1684</ele>
      </trkpt>
      <trkpt lat="45.5755586" lon="7.2003742">
        <ele>1684</ele>
      </trkpt>
      <trkpt lat="45.5753778" lon="7.2005176">
        <ele>1684</ele>
      </trkpt>
      <trkpt lat="45.5753388" lon="7.2006265">
        <ele>1684</ele>
      </trkpt>
      <trkpt lat="45.5751900" lon="7.2009196">
        <ele>1684</ele>
      </trkpt>
      <trkpt lat="45.5751040" lon="7.2011647">
        <ele>1684</ele>
      </trkpt>
      <trkpt lat="45.5750110" lon="7.2013200">
        <ele>1684</ele>
      </trkpt>
      <trkpt lat="45.5749811" lon="7.2014083">
        <ele>1684</ele>
      </trkpt>
      <trkpt lat="45.5748427" lon="7.2016842">
        <ele>1684</ele>
      </trkpt>
      <trkpt lat="45.5747443" lon="7.2018318">
        <ele>1684</ele>
      </trkpt>
      <trkpt lat="45.5747082" lon="7.2019494">
        <ele>1684</ele>
      </trkpt>
      <trkpt lat="45.5746297" lon="7.2020905">
        <ele>1684</ele>
      </trkpt>
      <trkpt lat="45.5744352" lon="7.2022147">
        <ele>1684</ele>
      </trkpt>
      <trkpt lat="45.5743412" lon="7.2023368">
        <ele>1684</ele>
      </trkpt>
      <trkpt lat="45.5742050" lon="7.2024609">
        <ele>1684</ele>
      </trkpt>
      <trkpt lat="45.5740004" lon="7.2025744">
        <ele>1683</ele>
      </trkpt>
      <trkpt lat="45.5737890" lon="7.2027391">
        <ele>1683</ele>
      </trkpt>
      <trkpt lat="45.5738226" lon="7.2027505">
        <ele>1683</ele>
      </trkpt>
      <trkpt lat="45.5739927" lon="7.2027102">
        <ele>1683</ele>
      </trkpt>
      <trkpt lat="45.5742832" lon="7.2027244">
        <ele>1683</ele>
      </trkpt>
      <trkpt lat="45.5744202" lon="7.2028120">
        <ele>1683</ele>
      </trkpt>
      <trkpt lat="45.5744250" lon="7.2028645">
        <ele>1683</ele>
      </trkpt>
      <trkpt lat="45.5742240" lon="7.2029935">
        <ele>1683</ele>
      </trkpt>
      <trkpt lat="45.5740493" lon="7.2032375">
        <ele>1683</ele>
      </trkpt>
      <trkpt lat="45.5739759" lon="7.2032498">
        <ele>1683</ele>
      </trkpt>
      <trkpt lat="45.5737816" lon="7.2033305">
        <ele>1683</ele>
      </trkpt>
      <trkpt lat="45.5737338" lon="7.2033174">
        <ele>1683</ele>
      </trkpt>
      <trkpt lat="45.5737098" lon="7.2032855">
        <ele>1683</ele>
      </trkpt>
      <trkpt lat="45.5735558" lon="7.2032031">
        <ele>1683</ele>
      </trkpt>
      <trkpt lat="45.5734979" lon="7.2031499">
        <ele>1683</ele>
      </trkpt>
      <trkpt lat="45.5734337" lon="7.2031311">
        <ele>1683</ele>
      </trkpt>
      <trkpt lat="45.5733416" lon="7.2032001">
        <ele>1683</ele>
      </trkpt>
      <trkpt lat="45.5732477" lon="7.2032215">
        <ele>1683</ele>
      </trkpt>
      <trkpt lat="45.5731702" lon="7.2032238">
        <ele>1683</ele>
      </trkpt>
      <trkpt lat="45.5731039" lon="7.2031835">
        <ele>1683</ele>
      </trkpt>
      <trkpt lat="45.5729422" lon="7.2032211">
        <ele>1683</ele>
      </trkpt>
      <trkpt lat="45.5729098" lon="7.2031984">
        <ele>1683</ele>
      </trkpt>
      <trkpt lat="45.5728014" lon="7.2032109">
        <ele>1683</ele>
      </trkpt>
      <trkpt lat="45.5727814" lon="7.2032736">
        <ele>1683</ele>
      </trkpt>
      <trkpt lat="45.5727361" lon="7.2033370">
        <ele>1683</ele>
      </trkpt>
      <trkpt lat="45.5727073" lon="7.2033512">
        <ele>1683</ele>
      </trkpt>
      <trkpt lat="45.5726900" lon="7.2034084">
        <ele>1683</ele>
      </trkpt>
      <trkpt lat="45.5726082" lon="7.2034788">
        <ele>1683</ele>
      </trkpt>
      <trkpt lat="45.5724367" lon="7.2035556">
        <ele>1683</ele>
      </trkpt>
      <trkpt lat="45.5723697" lon="7.2036113">
        <ele>1683</ele>
      </trkpt>
      <trkpt lat="45.5723395" lon="7.2037718">
        <ele>1683</ele>
      </trkpt>
      <trkpt lat="45.5722932" lon="7.2038739">
        <ele>1683</ele>
      </trkpt>
      <trkpt lat="45.5722858" lon="7.2039620">
        <ele>1683</ele>
      </trkpt>
      <trkpt lat="45.5722162" lon="7.2040779">
        <ele>1682</ele>
      </trkpt>
      <trkpt lat="45.5721474" lon="7.2041518">
        <ele>1682</ele>
      </trkpt>
      <trkpt lat="45.5720886" lon="7.2044382">
        <ele>1682</ele>
      </trkpt>
      <trkpt lat="45.5720293" lon="7.2044894">
        <ele>1682</ele>
      </trkpt>
      <trkpt lat="45.5719127" lon="7.2045379">
        <ele>1682</ele>
      </trkpt>
      <trkpt lat="45.5717082" lon="7.2045785">
        <ele>1682</ele>
      </trkpt>
      <trkpt lat="45.5715013" lon="7.2045345">
        <ele>1682</ele>
      </trkpt>
      <trkpt lat="45.5713302" lon="7.2045756">
        <ele>1682</ele>
      </trkpt>
      <trkpt lat="45.5712161" lon="7.2045152">
        <ele>1682</ele>
      </trkpt>
      <trkpt lat="45.5711544" lon="7.2045180">
        <ele>1682</ele>
      </trkpt>
      <trkpt lat="45.5710914" lon="7.2045393">
        <ele>1682</ele>
      </trkpt>
      <trkpt lat="45.5710172" lon="7.2046090">
        <ele>1682</ele>
      </trkpt>
      <trkpt lat="45.5709070" lon="7.2046369">
        <ele>1682</ele>
      </trkpt>
      <trkpt lat="45.5708501" lon="7.2045830">
        <ele>1682</ele>
      </trkpt>
      <trkpt lat="45.5707361" lon="7.2045722">
        <ele>1682</ele>
      </trkpt>
      <trkpt lat="45.5705414" lon="7.2048167">
        <ele>1682</ele>
      </trkpt>
      <trkpt lat="45.5703077" lon="7.2049249">
        <ele>1682</ele>
      </trkpt>
      <trkpt lat="45.5702701" lon="7.2049766">
        <ele>1682</ele>
      </trkpt>
      <trkpt lat="45.5702474" lon="7.2051443">
        <ele>1682</ele>
      </trkpt>
      <trkpt lat="45.5701779" lon="7.2052189">
        <ele>1682</ele>
      </trkpt>
      <trkpt lat="45.5700200" lon="7.2052188">
        <ele>1682</ele>
      </trkpt>
      <trkpt lat="45.5699270" lon="7.2051953">
        <ele>1682</ele>
      </trkpt>
      <trkpt lat="45.5697702" lon="7.2052154">
        <ele>1682</ele>
      </trkpt>
      <trkpt lat="45.5695979" lon="7.2053008">
        <ele>1682</ele>
      </trkpt>
      <trkpt lat="45.5695853" lon="7.2053449">
        <ele>1682</ele>
      </trkpt>
      <trkpt lat="45.5697135" lon="7.2053846">
        <ele>1682</ele>
      </trkpt>
      <trkpt lat="45.5698249" lon="7.2053543">
        <ele>1682</ele>
      </trkpt>
      <trkpt lat="45.5701239" lon="7.2055672">
        <ele>1682</ele>
      </trkpt>
      <trkpt lat="45.5702340" lon="7.2056083">
        <ele>1682</ele>
      </trkpt>
      <trkpt lat="45.5703899" lon="7.2056052">
        <ele>1682</ele>
      </trkpt>
      <trkpt lat="45.5707125" lon="7.2056726">
        <ele>1682</ele>
      </trkpt>
      <trkpt lat="45.5708777" lon="7.2056664">
        <ele>1682</ele>
      </trkpt>
      <trkpt lat="45.5710034" lon="7.2056945">
        <ele>1682</ele>
      </trkpt>
      <trkpt lat="45.5710926" lon="7.2056613">
        <ele>1681</ele>
      </trkpt>
      <trkpt lat="45.5712483" lon="7.2056779">
        <ele>1681</ele>
      </trkpt>
      <trkpt lat="45.5713479" lon="7.2056885">
        <ele>1681</ele>
      </trkpt>
      <trkpt lat="45.5715269" lon="7.2057534">
        <ele>1681</ele>
      </trkpt>
      <trkpt lat="45.5715826" lon="7.2058103">
        <ele>1681</ele>
      </trkpt>
      <trkpt lat="45.5716493" lon="7.2059807">
        <ele>1681</ele>
      </trkpt>
      <trkpt lat="45.5716743" lon="7.2060044">
        <ele>1681</ele>
      </trkpt>
      <trkpt lat="45.5718944" lon="7.2059868">
        <ele>1681</ele>
      </trkpt>
      <trkpt lat="45.5720038" lon="7.2060417">
        <ele>1681</ele>
      </trkpt>
      <trkpt lat="45.5721331" lon="7.2061427">
        <ele>1681</ele>
      </trkpt>
      <trkpt lat="45.5722502" lon="7.2061901">
        <ele>1681</ele>
      </trkpt>
      <trkpt lat="45.5724152" lon="7.2062442">
        <ele>1681</ele>
      </trkpt>
      <trkpt lat="45.5725127" lon="7.2063030">
        <ele>1681</ele>
      </trkpt>
      <trkpt lat="45.5725799" lon="7.2063682">
        <ele>1681</ele>
      </trkpt>
      <trkpt lat="45.5726142" lon="7.2064426">
        <ele>1681</ele>
      </trkpt>
      <trkpt lat="45.5726787" lon="7.2064702">
        <ele>1681</ele>
      </trkpt>
      <trkpt lat="45.5727512" lon="7.2064361">
        <ele>1681</ele>
      </trkpt>
      <trkpt lat="45.5727803" lon="7.2063814">
        <ele>1681</ele>
      </trkpt>
      <trkpt lat="45.5728214" lon="7.2062524">
        <ele>1681</ele>
      </trkpt>
      <trkpt lat="45.5728563" lon="7.2062115">
        <ele>1681</ele>
      </trkpt>
      <trkpt lat="45.5728765" lon="7.2062125">
        <ele>1681</ele>
      </trkpt>
      <trkpt lat="45.5728323" lon="7.2065281">
        <ele>1681</ele>
      </trkpt>
      <trkpt lat="45.5728037" lon="7.2066110">
        <ele>1681</ele>
      </trkpt>
      <trkpt lat="45.5727665" lon="7.2066526">
        <ele>1681</ele>
      </trkpt>
      <trkpt lat="45.5726669" lon="7.2066989">
        <ele>1681</ele>
      </trkpt>
      <trkpt lat="45.5725594" lon="7.2067171">
        <ele>1681</ele>
      </trkpt>
      <trkpt lat="45.5724866" lon="7.2067221">
        <ele>1681</ele>
      </trkpt>
      <trkpt lat="45.5724104" lon="7.2067367">
        <ele>1681</ele>
      </trkpt>
      <trkpt lat="45.5723341" lon="7.2067432">
        <ele>1681</ele>
      </trkpt>
      <trkpt lat="45.5723339" lon="7.2067432">
        <ele>1681</ele>
      </trkpt>
      <trkpt lat="45.5722771" lon="7.2067396">
        <ele>1681</ele>
      </trkpt>
      <trkpt lat="45.5722659" lon="7.2067521">
        <ele>1681</ele>
      </trkpt>
      <trkpt lat="45.5722769" lon="7.2067908">
        <ele>1680</ele>
      </trkpt>
      <trkpt lat="45.5723191" lon="7.2068285">
        <ele>1680</ele>
      </trkpt>
      <trkpt lat="45.5724154" lon="7.2068699">
        <ele>1680</ele>
      </trkpt>
      <trkpt lat="45.5725319" lon="7.2068824">
        <ele>1680</ele>
      </trkpt>
      <trkpt lat="45.5726097" lon="7.2068862">
        <ele>1680</ele>
      </trkpt>
      <trkpt lat="45.5726658" lon="7.2068883">
        <ele>1680</ele>
      </trkpt>
      <trkpt lat="45.5727074" lon="7.2068618">
        <ele>1680</ele>
      </trkpt>
      <trkpt lat="45.5728555" lon="7.2068668">
        <ele>1680</ele>
      </trkpt>
      <trkpt lat="45.5730293" lon="7.2066942">
        <ele>1680</ele>
      </trkpt>
      <trkpt lat="45.5731038" lon="7.2064774">
        <ele>1680</ele>
      </trkpt>
      <trkpt lat="45.5731184" lon="7.2064705">
        <ele>1680</ele>
      </trkpt>
      <trkpt lat="45.5731273" lon="7.2063845">
        <ele>1680</ele>
      </trkpt>
      <trkpt lat="45.5731644" lon="7.2063386">
        <ele>1680</ele>
      </trkpt>
      <trkpt lat="45.5732077" lon="7.2063203">
        <ele>1680</ele>
      </trkpt>
      <trkpt lat="45.5732239" lon="7.2062721">
        <ele>1680</ele>
      </trkpt>
      <trkpt lat="45.5732584" lon="7.2062565">
        <ele>1680</ele>
      </trkpt>
      <trkpt lat="45.5732985" lon="7.2062935">
        <ele>1680</ele>
      </trkpt>
      <trkpt lat="45.5733472" lon="7.2063849">
        <ele>1680</ele>
      </trkpt>
      <trkpt lat="45.5733714" lon="7.2064192">
        <ele>1680</ele>
      </trkpt>
      <trkpt lat="45.5734156" lon="7.2064582">
        <ele>1680</ele>
      </trkpt>
      <trkpt lat="45.5734950" lon="7.2065176">
        <ele>1680</ele>
      </trkpt>
      <trkpt lat="45.5735597" lon="7.2065977">
        <ele>1680</ele>
      </trkpt>
      <trkpt lat="45.5736217" lon="7.2066941">
        <ele>1680</ele>
      </trkpt>
      <trkpt lat="45.5736884" lon="7.2067836">
        <ele>1680</ele>
      </trkpt>
      <trkpt lat="45.5737782" lon="7.2068400">
        <ele>1680</ele>
      </trkpt>
      <trkpt lat="45.5738365" lon="7.2068732">
        <ele>1680</ele>
      </trkpt>
      <trkpt lat="45.5739159" lon="7.2068901">
        <ele>1680</ele>
      </trkpt>
      <trkpt lat="45.5738962" lon="7.2069036">
        <ele>1680</ele>
      </trkpt>
      <trkpt lat="45.5737276" lon="7.2069482">
        <ele>1680</ele>
      </trkpt>
      <trkpt lat="45.5736284" lon="7.2069404">
        <ele>1680</ele>
      </trkpt>
      <trkpt lat="45.5734680" lon="7.2069051">
        <ele>1680</ele>
      </trkpt>
      <trkpt lat="45.5734212" lon="7.2068991">
        <ele>1680</ele>
      </trkpt>
      <trkpt lat="45.5733981" lon="7.2069859">
        <ele>1680</ele>
      </trkpt>
      <trkpt lat="45.5732606" lon="7.2071702">
        <ele>1679</ele>
      </trkpt>
      <trkpt lat="45.5732062" lon="7.2072781">
        <ele>1679</ele>
      </trkpt>
      <trkpt lat="45.5731526" lon="7.2074706">
        <ele>1679</ele>
      </trkpt>
      <trkpt lat="45.5730964" lon="7.2075409">
        <ele>1679</ele>
      </trkpt>
      <trkpt lat="45.5728791" lon="7.2076178">
        <ele>1679</ele>
      </trkpt>
      <trkpt lat="45.5726478" lon="7.2078197">
        <ele>1679</ele>
      </trkpt>
      <trkpt lat="45.5725301" lon="7.2078911">
        <ele>1679</ele>
      </trkpt>
      <trkpt lat="45.5724820" lon="7.2079185">
        <ele>1679</ele>
      </trkpt>
      <trkpt lat="45.5724348" lon="7.2079268">
        <ele>1679</ele>
      </trkpt>
      <trkpt lat="45.5723918" lon="7.2079026">
        <ele>1679</ele>
      </trkpt>
      <trkpt lat="45.5722947" lon="7.2078612">
        <ele>1679</ele>
      </trkpt>
      <trkpt lat="45.5721746" lon="7.2078196">
        <ele>1679</ele>
      </trkpt>
      <trkpt lat="45.5720839" lon="7.2077950">
        <ele>1679</ele>
      </trkpt>
      <trkpt lat="45.5720666" lon="7.2077648">
        <ele>1679</ele>
      </trkpt>
      <trkpt lat="45.5719627" lon="7.2078527">
        <ele>1679</ele>
      </trkpt>
      <trkpt lat="45.5718856" lon="7.2078375">
        <ele>1679</ele>
      </trkpt>
      <trkpt lat="45.5717481" lon="7.2079151">
        <ele>1679</ele>
      </trkpt>
      <trkpt lat="45.5717048" lon="7.2078931">
        <ele>1679</ele>
      </trkpt>
      <trkpt lat="45.5715719" lon="7.2078919">
        <ele>1679</ele>
      </trkpt>
      <trkpt lat="45.5714884" lon="7.2078495">
        <ele>1679</ele>
      </trkpt>
      <trkpt lat="45.5713521" lon="7.2078197">
        <ele>1679</ele>
      </trkpt>
      <trkpt lat="45.5713064" lon="7.2078280">
        <ele>1679</ele>
      </trkpt>
      <trkpt lat="45.5711951" lon="7.2078477">
        <ele>1679</ele>
      </trkpt>
      <trkpt lat="45.5710202" lon="7.2079166">
        <ele>1679</ele>
      </trkpt>
      <trkpt lat="45.5709256" lon="7.2079407">
        <ele>1679</ele>
      </trkpt>
      <trkpt lat="45.5707403" lon="7.2080791">
        <ele>1679</ele>
      </trkpt>
      <trkpt lat="45.5706795" lon="7.2080917">
        <ele>1679</ele>
      </trkpt>
      <trkpt lat="45.5706010" lon="7.2081575">
        <ele>1679</ele>
      </trkpt>
      <trkpt lat="45.5705222" lon="7.2082570">
        <ele>1679</ele>
      </trkpt>
      <trkpt lat="45.5705093" lon="7.2082804">
        <ele>1679</ele>
      </trkpt>
      <trkpt lat="45.5705219" lon="7.2083015">
        <ele>1679</ele>
      </trkpt>
      <trkpt lat="45.5705429" lon="7.2083089">
        <ele>1679</ele>
      </trkpt>
      <trkpt lat="45.5705964" lon="7.2082843">
        <ele>1679</ele>
      </trkpt>
      <trkpt lat="45.5706862" lon="7.2082034">
        <ele>1678</ele>
      </trkpt>
      <trkpt lat="45.5707573" lon="7.2081721">
        <ele>1678</ele>
      </trkpt>
      <trkpt lat="45.5708347" lon="7.2081971">
        <ele>1678</ele>
      </trkpt>
      <trkpt lat="45.5708182" lon="7.2082243">
        <ele>1678</ele>
      </trkpt>
      <trkpt lat="45.5707543" lon="7.2082461">
        <ele>1678</ele>
      </trkpt>
      <trkpt lat="45.5706771" lon="7.2083078">
        <ele>1678</ele>
      </trkpt>
      <trkpt lat="45.5706925" lon="7.2083264">
        <ele>1678</ele>
      </trkpt>
      <trkpt lat="45.5707402" lon="7.2083067">
        <ele>1678</ele>
      </trkpt>
      <trkpt lat="45.5708397" lon="7.2083337">
        <ele>1678</ele>
      </trkpt>
      <trkpt lat="45.5708364" lon="7.2083858">
        <ele>1678</ele>
      </trkpt>
      <trkpt lat="45.5707676" lon="7.2084607">
        <ele>1678</ele>
      </trkpt>
      <trkpt lat="45.5705968" lon="7.2085497">
        <ele>1678</ele>
      </trkpt>
      <trkpt lat="45.5704532" lon="7.2085650">
        <ele>1678</ele>
      </trkpt>
      <trkpt lat="45.5702826" lon="7.2085662">
        <ele>1678</ele>
      </trkpt>
      <trkpt lat="45.5700113" lon="7.2087005">
        <ele>1678</ele>
      </trkpt>
      <trkpt lat="45.5698346" lon="7.2088457">
        <ele>1678</ele>
      </trkpt>
      <trkpt lat="45.5698317" lon="7.2088463">
        <ele>1678</ele>
      </trkpt>
      <trkpt lat="45.5698297" lon="7.2088624">
        <ele>1678</ele>
      </trkpt>
      <trkpt lat="45.5697093" lon="7.2089120">
        <ele>1678</ele>
      </trkpt>
      <trkpt lat="45.5695512" lon="7.2089655">
        <ele>1678</ele>
      </trkpt>
      <trkpt lat="45.5693845" lon="7.2089546">
        <ele>1678</ele>
      </trkpt>
      <trkpt lat="45.5692445" lon="7.2089537">
        <ele>1678</ele>
      </trkpt>
      <trkpt lat="45.5691237" lon="7.2089144">
        <ele>1678</ele>
      </trkpt>
      <trkpt lat="45.5690293" lon="7.2089282">
        <ele>1678</ele>
      </trkpt>
      <trkpt lat="45.5689144" lon="7.2089588">
        <ele>1678</ele>
      </trkpt>
      <trkpt lat="45.5688729" lon="7.2089817">
        <ele>1678</ele>
      </trkpt>
      <trkpt lat="45.5688363" lon="7.2090190">
        <ele>1678</ele>
      </trkpt>
      <trkpt lat="45.5688110" lon="7.2090779">
        <ele>1678</ele>
      </trkpt>
      <trkpt lat="45.5687651" lon="7.2091050">
        <ele>1678</ele>
      </trkpt>
      <trkpt lat="45.5686708" lon="7.2091269">
        <ele>1678</ele>
      </trkpt>
      <trkpt lat="45.5685755" lon="7.2091420">
        <ele>1678</ele>
      </trkpt>
      <trkpt lat="45.5685141" lon="7.2091345">
        <ele>1678</ele>
      </trkpt>
      <trkpt lat="45.5684087" lon="7.2091109">
        <ele>1677</ele>
      </trkpt>
      <trkpt lat="45.5683778" lon="7.2090907">
        <ele>1677</ele>
      </trkpt>
      <trkpt lat="45.5683284" lon="7.2090583">
        <ele>1677</ele>
      </trkpt>
      <trkpt lat="45.5682279" lon="7.2089820">
        <ele>1677</ele>
      </trkpt>
      <trkpt lat="45.5682250" lon="7.2089769">
        <ele>1677</ele>
      </trkpt>
      <trkpt lat="45.5682214" lon="7.2089755">
        <ele>1677</ele>
      </trkpt>
      <trkpt lat="45.5680591" lon="7.2088230">
        <ele>1677</ele>
      </trkpt>
      <trkpt lat="45.5679301" lon="7.2087423">
        <ele>1677</ele>
      </trkpt>
      <trkpt lat="45.5678473" lon="7.2087139">
        <ele>1677</ele>
      </trkpt>
      <trkpt lat="45.5677980" lon="7.2087020">
        <ele>1677</ele>
      </trkpt>
      <trkpt lat="45.5677536" lon="7.2087101">
        <ele>1677</ele>
      </trkpt>
      <trkpt lat="45.5677388" lon="7.2087281">
        <ele>1677</ele>
      </trkpt>
      <trkpt lat="45.5677253" lon="7.2087757">
        <ele>1677</ele>
      </trkpt>
      <trkpt lat="45.5676828" lon="7.2088619">
        <ele>1677</ele>
      </trkpt>
      <trkpt lat="45.5676202" lon="7.2089757">
        <ele>1677</ele>
      </trkpt>
      <trkpt lat="45.5675658" lon="7.2089444">
        <ele>1677</ele>
      </trkpt>
      <trkpt lat="45.5675257" lon="7.2089188">
        <ele>1677</ele>
      </trkpt>
    </trkseg>
  </trk>
</gpx>
