<?xml version="1.0" encoding="UTF-8"?>
<gpx version="1.1" creator="sentieri-vda" xmlns="http://www.topografix.com/GPX/1/1">
  <metadata>
    <name>TAPPA 11: Rifugio Sogno di Berzé - Rifugio Dondena</name>
    <desc>Catasto Sentieri VdA — AV2_S11</desc>
    <author><name>Regione Autonoma Valle d'Aosta</name></author>
  </metadata>
  <trk>
    <name>TAPPA 11: Rifugio Sogno di Berzé - Rifugio Dondena</name>
    <src>Catasto Sentieri VdA (AV2_S11)</src>
    <trkseg>
      <trkpt lat="45.5963876" lon="7.4890130">
        <ele>2527</ele>
      </trkpt>
      <trkpt lat="45.5963194" lon="7.4893320">
        <ele>2527</ele>
      </trkpt>
      <trkpt lat="45.5962882" lon="7.4894275">
        <ele>2526</ele>
      </trkpt>
      <trkpt lat="45.5962819" lon="7.4895377">
        <ele>2526</ele>
      </trkpt>
      <trkpt lat="45.5963052" lon="7.4896626">
        <ele>2526</ele>
      </trkpt>
      <trkpt lat="45.5963719" lon="7.4899097">
        <ele>2526</ele>
      </trkpt>
      <trkpt lat="45.5963997" lon="7.4900256">
        <ele>2525</ele>
      </trkpt>
      <trkpt lat="45.5964545" lon="7.4901959">
        <ele>2525</ele>
      </trkpt>
      <trkpt lat="45.5964946" lon="7.4903050">
        <ele>2525</ele>
      </trkpt>
      <trkpt lat="45.5965105" lon="7.4903376">
        <ele>2524</ele>
      </trkpt>
      <trkpt lat="45.5965402" lon="7.4903632">
        <ele>2524</ele>
      </trkpt>
      <trkpt lat="45.5965622" lon="7.4903912">
        <ele>2524</ele>
      </trkpt>
      <trkpt lat="45.5966005" lon="7.4904783">
        <ele>2523</ele>
      </trkpt>
      <trkpt lat="45.5966613" lon="7.4906374">
        <ele>2523</ele>
      </trkpt>
      <trkpt lat="45.5967317" lon="7.4908139">
        <ele>2523</ele>
      </trkpt>
      <trkpt lat="45.5967495" lon="7.4908795">
        <ele>2523</ele>
      </trkpt>
      <trkpt lat="45.5967552" lon="7.4909012">
        <ele>2522</ele>
      </trkpt>
      <trkpt lat="45.5967675" lon="7.4909225">
        <ele>2522</ele>
      </trkpt>
      <trkpt lat="45.5968049" lon="7.4909479">
        <ele>2522</ele>
      </trkpt>
      <trkpt lat="45.5968540" lon="7.4910038">
        <ele>2521</ele>
      </trkpt>
      <trkpt lat="45.5970453" lon="7.4911529">
        <ele>2521</ele>
      </trkpt>
      <trkpt lat="45.5971439" lon="7.4912729">
        <ele>2521</ele>
      </trkpt>
      <trkpt lat="45.5972089" lon="7.4913687">
        <ele>2521</ele>
      </trkpt>
      <trkpt lat="45.5972845" lon="7.4914680">
        <ele>2520</ele>
      </trkpt>
      <trkpt lat="45.5973442" lon="7.4915456">
        <ele>2520</ele>
      </trkpt>
      <trkpt lat="45.5973929" lon="7.4915994">
        <ele>2520</ele>
      </trkpt>
      <trkpt lat="45.5974458" lon="7.4916288">
        <ele>2519</ele>
      </trkpt>
      <trkpt lat="45.5975044" lon="7.4916162">
        <ele>2519</ele>
      </trkpt>
      <trkpt lat="45.5975563" lon="7.4915686">
        <ele>2519</ele>
      </trkpt>
      <trkpt lat="45.5976058" lon="7.4914505">
        <ele>2518</ele>
      </trkpt>
      <trkpt lat="45.5976734" lon="7.4913078">
        <ele>2518</ele>
      </trkpt>
      <trkpt lat="45.5977852" lon="7.4911352">
        <ele>2518</ele>
      </trkpt>
      <trkpt lat="45.5979530" lon="7.4909656">
        <ele>2518</ele>
      </trkpt>
      <trkpt lat="45.5980053" lon="7.4908320">
        <ele>2517</ele>
      </trkpt>
      <trkpt lat="45.5980632" lon="7.4906477">
        <ele>2517</ele>
      </trkpt>
      <trkpt lat="45.5981190" lon="7.4905427">
        <ele>2517</ele>
      </trkpt>
      <trkpt lat="45.5981382" lon="7.4904783">
        <ele>2516</ele>
      </trkpt>
      <trkpt lat="45.5981444" lon="7.4903593">
        <ele>2516</ele>
      </trkpt>
      <trkpt lat="45.5981648" lon="7.4902640">
        <ele>2516</ele>
      </trkpt>
      <trkpt lat="45.5981711" lon="7.4902263">
        <ele>2516</ele>
      </trkpt>
      <trkpt lat="45.5981777" lon="7.4901866">
        <ele>2515</ele>
      </trkpt>
      <trkpt lat="45.5981768" lon="7.4901250">
        <ele>2515</ele>
      </trkpt>
      <trkpt lat="45.5981845" lon="7.4901182">
        <ele>2515</ele>
      </trkpt>
      <trkpt lat="45.5981938" lon="7.4901190">
        <ele>2514</ele>
      </trkpt>
      <trkpt lat="45.5981981" lon="7.4901282">
        <ele>2514</ele>
      </trkpt>
      <trkpt lat="45.5981980" lon="7.4901470">
        <ele>2514</ele>
      </trkpt>
      <trkpt lat="45.5982062" lon="7.4901842">
        <ele>2514</ele>
      </trkpt>
      <trkpt lat="45.5982239" lon="7.4902663">
        <ele>2513</ele>
      </trkpt>
      <trkpt lat="45.5982362" lon="7.4903441">
        <ele>2513</ele>
      </trkpt>
      <trkpt lat="45.5982481" lon="7.4903994">
        <ele>2513</ele>
      </trkpt>
      <trkpt lat="45.5982570" lon="7.4904575">
        <ele>2512</ele>
      </trkpt>
      <trkpt lat="45.5982627" lon="7.4905091">
        <ele>2512</ele>
      </trkpt>
      <trkpt lat="45.5982622" lon="7.4905339">
        <ele>2512</ele>
      </trkpt>
      <trkpt lat="45.5982555" lon="7.4905754">
        <ele>2511</ele>
      </trkpt>
      <trkpt lat="45.5982488" lon="7.4905954">
        <ele>2511</ele>
      </trkpt>
      <trkpt lat="45.5982399" lon="7.4906292">
        <ele>2511</ele>
      </trkpt>
      <trkpt lat="45.5982396" lon="7.4906661">
        <ele>2511</ele>
      </trkpt>
      <trkpt lat="45.5982391" lon="7.4906890">
        <ele>2510</ele>
      </trkpt>
      <trkpt lat="45.5982378" lon="7.4907052">
        <ele>2510</ele>
      </trkpt>
      <trkpt lat="45.5982349" lon="7.4907342">
        <ele>2510</ele>
      </trkpt>
      <trkpt lat="45.5982344" lon="7.4907648">
        <ele>2509</ele>
      </trkpt>
      <trkpt lat="45.5982375" lon="7.4908275">
        <ele>2509</ele>
      </trkpt>
      <trkpt lat="45.5982349" lon="7.4908639">
        <ele>2509</ele>
      </trkpt>
      <trkpt lat="45.5982322" lon="7.4908746">
        <ele>2509</ele>
      </trkpt>
      <trkpt lat="45.5982283" lon="7.4908905">
        <ele>2508</ele>
      </trkpt>
      <trkpt lat="45.5982196" lon="7.4909347">
        <ele>2508</ele>
      </trkpt>
      <trkpt lat="45.5982265" lon="7.4909863">
        <ele>2508</ele>
      </trkpt>
      <trkpt lat="45.5982492" lon="7.4910639">
        <ele>2507</ele>
      </trkpt>
      <trkpt lat="45.5982553" lon="7.4910929">
        <ele>2507</ele>
      </trkpt>
      <trkpt lat="45.5982537" lon="7.4911166">
        <ele>2507</ele>
      </trkpt>
      <trkpt lat="45.5982437" lon="7.4911499">
        <ele>2506</ele>
      </trkpt>
      <trkpt lat="45.5982314" lon="7.4911805">
        <ele>2506</ele>
      </trkpt>
      <trkpt lat="45.5982271" lon="7.4912065">
        <ele>2506</ele>
      </trkpt>
      <trkpt lat="45.5982266" lon="7.4912324">
        <ele>2506</ele>
      </trkpt>
      <trkpt lat="45.5982375" lon="7.4913516">
        <ele>2505</ele>
      </trkpt>
      <trkpt lat="45.5982428" lon="7.4914313">
        <ele>2505</ele>
      </trkpt>
      <trkpt lat="45.5982426" lon="7.4915034">
        <ele>2505</ele>
      </trkpt>
      <trkpt lat="45.5982394" lon="7.4915552">
        <ele>2504</ele>
      </trkpt>
      <trkpt lat="45.5982420" lon="7.4916047">
        <ele>2504</ele>
      </trkpt>
      <trkpt lat="45.5982423" lon="7.4916542">
        <ele>2504</ele>
      </trkpt>
      <trkpt lat="45.5982506" lon="7.4916964">
        <ele>2504</ele>
      </trkpt>
      <trkpt lat="45.5982502" lon="7.4917283">
        <ele>2503</ele>
      </trkpt>
      <trkpt lat="45.5982464" lon="7.4917587">
        <ele>2503</ele>
      </trkpt>
      <trkpt lat="45.5982452" lon="7.4917863">
        <ele>2503</ele>
      </trkpt>
      <trkpt lat="45.5982477" lon="7.4918011">
        <ele>2502</ele>
      </trkpt>
      <trkpt lat="45.5982460" lon="7.4918204">
        <ele>2502</ele>
      </trkpt>
      <trkpt lat="45.5982421" lon="7.4918469">
        <ele>2502</ele>
      </trkpt>
      <trkpt lat="45.5982425" lon="7.4918733">
        <ele>2501</ele>
      </trkpt>
      <trkpt lat="45.5982450" lon="7.4918898">
        <ele>2501</ele>
      </trkpt>
      <trkpt lat="45.5982646" lon="7.4919702">
        <ele>2501</ele>
      </trkpt>
      <trkpt lat="45.5982707" lon="7.4920185">
        <ele>2501</ele>
      </trkpt>
      <trkpt lat="45.5982760" lon="7.4920442">
        <ele>2500</ele>
      </trkpt>
      <trkpt lat="45.5982855" lon="7.4920577">
        <ele>2500</ele>
      </trkpt>
      <trkpt lat="45.5983068" lon="7.4920638">
        <ele>2500</ele>
      </trkpt>
      <trkpt lat="45.5983151" lon="7.4920564">
        <ele>2499</ele>
      </trkpt>
      <trkpt lat="45.5983178" lon="7.4920427">
        <ele>2499</ele>
      </trkpt>
      <trkpt lat="45.5983198" lon="7.4920320">
        <ele>2499</ele>
      </trkpt>
      <trkpt lat="45.5983251" lon="7.4919933">
        <ele>2499</ele>
      </trkpt>
      <trkpt lat="45.5983320" lon="7.4919585">
        <ele>2498</ele>
      </trkpt>
      <trkpt lat="45.5983407" lon="7.4919186">
        <ele>2498</ele>
      </trkpt>
      <trkpt lat="45.5983482" lon="7.4918975">
        <ele>2498</ele>
      </trkpt>
      <trkpt lat="45.5983655" lon="7.4918629">
        <ele>2497</ele>
      </trkpt>
      <trkpt lat="45.5983756" lon="7.4918103">
        <ele>2497</ele>
      </trkpt>
      <trkpt lat="45.5983800" lon="7.4917898">
        <ele>2497</ele>
      </trkpt>
      <trkpt lat="45.5983904" lon="7.4917700">
        <ele>2496</ele>
      </trkpt>
      <trkpt lat="45.5984024" lon="7.4917380">
        <ele>2496</ele>
      </trkpt>
      <trkpt lat="45.5984115" lon="7.4916987">
        <ele>2496</ele>
      </trkpt>
      <trkpt lat="45.5984216" lon="7.4916423">
        <ele>2496</ele>
      </trkpt>
      <trkpt lat="45.5984287" lon="7.4915947">
        <ele>2495</ele>
      </trkpt>
      <trkpt lat="45.5984372" lon="7.4915664">
        <ele>2495</ele>
      </trkpt>
      <trkpt lat="45.5984525" lon="7.4915225">
        <ele>2495</ele>
      </trkpt>
      <trkpt lat="45.5984694" lon="7.4914979">
        <ele>2494</ele>
      </trkpt>
      <trkpt lat="45.5984969" lon="7.4914426">
        <ele>2494</ele>
      </trkpt>
      <trkpt lat="45.5985035" lon="7.4914160">
        <ele>2494</ele>
      </trkpt>
      <trkpt lat="45.5985053" lon="7.4913758">
        <ele>2494</ele>
      </trkpt>
      <trkpt lat="45.5985130" lon="7.4913464">
        <ele>2493</ele>
      </trkpt>
      <trkpt lat="45.5985193" lon="7.4913258">
        <ele>2493</ele>
      </trkpt>
      <trkpt lat="45.5985232" lon="7.4913032">
        <ele>2493</ele>
      </trkpt>
      <trkpt lat="45.5985233" lon="7.4912773">
        <ele>2492</ele>
      </trkpt>
      <trkpt lat="45.5985221" lon="7.4912503">
        <ele>2492</ele>
      </trkpt>
      <trkpt lat="45.5985239" lon="7.4912217">
        <ele>2492</ele>
      </trkpt>
      <trkpt lat="45.5985324" lon="7.4911895">
        <ele>2491</ele>
      </trkpt>
      <trkpt lat="45.5985391" lon="7.4911734">
        <ele>2491</ele>
      </trkpt>
      <trkpt lat="45.5985403" lon="7.4911447">
        <ele>2491</ele>
      </trkpt>
      <trkpt lat="45.5985433" lon="7.4911077">
        <ele>2491</ele>
      </trkpt>
      <trkpt lat="45.5985662" lon="7.4910636">
        <ele>2490</ele>
      </trkpt>
      <trkpt lat="45.5985917" lon="7.4910288">
        <ele>2490</ele>
      </trkpt>
      <trkpt lat="45.5986003" lon="7.4910104">
        <ele>2490</ele>
      </trkpt>
      <trkpt lat="45.5986001" lon="7.4909620">
        <ele>2489</ele>
      </trkpt>
      <trkpt lat="45.5986020" lon="7.4909447">
        <ele>2489</ele>
      </trkpt>
      <trkpt lat="45.5986046" lon="7.4909211">
        <ele>2489</ele>
      </trkpt>
      <trkpt lat="45.5986105" lon="7.4909055">
        <ele>2489</ele>
      </trkpt>
      <trkpt lat="45.5986221" lon="7.4909008">
        <ele>2488</ele>
      </trkpt>
      <trkpt lat="45.5986290" lon="7.4909023">
        <ele>2488</ele>
      </trkpt>
      <trkpt lat="45.5986373" lon="7.4909142">
        <ele>2488</ele>
      </trkpt>
      <trkpt lat="45.5986446" lon="7.4909377">
        <ele>2487</ele>
      </trkpt>
      <trkpt lat="45.5986533" lon="7.4909655">
        <ele>2487</ele>
      </trkpt>
      <trkpt lat="45.5986538" lon="7.4909903">
        <ele>2487</ele>
      </trkpt>
      <trkpt lat="45.5986512" lon="7.4910261">
        <ele>2487</ele>
      </trkpt>
      <trkpt lat="45.5986440" lon="7.4910709">
        <ele>2486</ele>
      </trkpt>
      <trkpt lat="45.5986414" lon="7.4911024">
        <ele>2486</ele>
      </trkpt>
      <trkpt lat="45.5986454" lon="7.4911468">
        <ele>2486</ele>
      </trkpt>
      <trkpt lat="45.5986536" lon="7.4911786">
        <ele>2485</ele>
      </trkpt>
      <trkpt lat="45.5986613" lon="7.4912052">
        <ele>2485</ele>
      </trkpt>
      <trkpt lat="45.5986853" lon="7.4913106">
        <ele>2485</ele>
      </trkpt>
      <trkpt lat="45.5986854" lon="7.4913352">
        <ele>2484</ele>
      </trkpt>
      <trkpt lat="45.5986844" lon="7.4913781">
        <ele>2484</ele>
      </trkpt>
      <trkpt lat="45.5986828" lon="7.4914294">
        <ele>2484</ele>
      </trkpt>
      <trkpt lat="45.5986733" lon="7.4914715">
        <ele>2484</ele>
      </trkpt>
      <trkpt lat="45.5986692" lon="7.4915123">
        <ele>2483</ele>
      </trkpt>
      <trkpt lat="45.5986684" lon="7.4915421">
        <ele>2483</ele>
      </trkpt>
      <trkpt lat="45.5986700" lon="7.4915718">
        <ele>2483</ele>
      </trkpt>
      <trkpt lat="45.5986746" lon="7.4915981">
        <ele>2482</ele>
      </trkpt>
      <trkpt lat="45.5986799" lon="7.4916243">
        <ele>2482</ele>
      </trkpt>
      <trkpt lat="45.5986805" lon="7.4916651">
        <ele>2482</ele>
      </trkpt>
      <trkpt lat="45.5986910" lon="7.4917011">
        <ele>2482</ele>
      </trkpt>
      <trkpt lat="45.5986970" lon="7.4917197">
        <ele>2481</ele>
      </trkpt>
      <trkpt lat="45.5987000" lon="7.4917664">
        <ele>2481</ele>
      </trkpt>
      <trkpt lat="45.5987003" lon="7.4917923">
        <ele>2481</ele>
      </trkpt>
      <trkpt lat="45.5987045" lon="7.4918147">
        <ele>2480</ele>
      </trkpt>
      <trkpt lat="45.5987090" lon="7.4918328">
        <ele>2480</ele>
      </trkpt>
      <trkpt lat="45.5987165" lon="7.4918502">
        <ele>2480</ele>
      </trkpt>
      <trkpt lat="45.5987193" lon="7.4918540">
        <ele>2479</ele>
      </trkpt>
      <trkpt lat="45.5987226" lon="7.4918808">
        <ele>2479</ele>
      </trkpt>
      <trkpt lat="45.5987291" lon="7.4919269">
        <ele>2479</ele>
      </trkpt>
      <trkpt lat="45.5987415" lon="7.4919596">
        <ele>2479</ele>
      </trkpt>
      <trkpt lat="45.5987479" lon="7.4919809">
        <ele>2478</ele>
      </trkpt>
      <trkpt lat="45.5987434" lon="7.4920157">
        <ele>2478</ele>
      </trkpt>
      <trkpt lat="45.5987404" lon="7.4920543">
        <ele>2478</ele>
      </trkpt>
      <trkpt lat="45.5987405" lon="7.4920929">
        <ele>2477</ele>
      </trkpt>
      <trkpt lat="45.5987409" lon="7.4921220">
        <ele>2477</ele>
      </trkpt>
      <trkpt lat="45.5987419" lon="7.4921380">
        <ele>2477</ele>
      </trkpt>
      <trkpt lat="45.5987510" lon="7.4921845">
        <ele>2477</ele>
      </trkpt>
      <trkpt lat="45.5987508" lon="7.4922308">
        <ele>2476</ele>
      </trkpt>
      <trkpt lat="45.5987544" lon="7.4922978">
        <ele>2476</ele>
      </trkpt>
      <trkpt lat="45.5987615" lon="7.4923389">
        <ele>2476</ele>
      </trkpt>
      <trkpt lat="45.5987669" lon="7.4923647">
        <ele>2475</ele>
      </trkpt>
      <trkpt lat="45.5987763" lon="7.4923997">
        <ele>2475</ele>
      </trkpt>
      <trkpt lat="45.5987791" lon="7.4924502">
        <ele>2475</ele>
      </trkpt>
      <trkpt lat="45.5987860" lon="7.4924991">
        <ele>2474</ele>
      </trkpt>
      <trkpt lat="45.5987858" lon="7.4926048">
        <ele>2474</ele>
      </trkpt>
      <trkpt lat="45.5987873" lon="7.4926576">
        <ele>2474</ele>
      </trkpt>
      <trkpt lat="45.5987968" lon="7.4927371">
        <ele>2474</ele>
      </trkpt>
      <trkpt lat="45.5988019" lon="7.4927684">
        <ele>2473</ele>
      </trkpt>
      <trkpt lat="45.5988011" lon="7.4927981">
        <ele>2473</ele>
      </trkpt>
      <trkpt lat="45.5987887" lon="7.4928519">
        <ele>2473</ele>
      </trkpt>
      <trkpt lat="45.5987762" lon="7.4928979">
        <ele>2472</ele>
      </trkpt>
      <trkpt lat="45.5987752" lon="7.4929398">
        <ele>2472</ele>
      </trkpt>
      <trkpt lat="45.5987756" lon="7.4929739">
        <ele>2472</ele>
      </trkpt>
      <trkpt lat="45.5987699" lon="7.4930093">
        <ele>2472</ele>
      </trkpt>
      <trkpt lat="45.5987665" lon="7.4930402">
        <ele>2471</ele>
      </trkpt>
      <trkpt lat="45.5987676" lon="7.4931244">
        <ele>2471</ele>
      </trkpt>
      <trkpt lat="45.5987838" lon="7.4932099">
        <ele>2471</ele>
      </trkpt>
      <trkpt lat="45.5987997" lon="7.4933052">
        <ele>2470</ele>
      </trkpt>
      <trkpt lat="45.5988207" lon="7.4933531">
        <ele>2470</ele>
      </trkpt>
      <trkpt lat="45.5988322" lon="7.4933996">
        <ele>2470</ele>
      </trkpt>
      <trkpt lat="45.5988381" lon="7.4934374">
        <ele>2469</ele>
      </trkpt>
      <trkpt lat="45.5988450" lon="7.4934686">
        <ele>2469</ele>
      </trkpt>
      <trkpt lat="45.5988541" lon="7.4934827">
        <ele>2469</ele>
      </trkpt>
      <trkpt lat="45.5988641" lon="7.4934747">
        <ele>2469</ele>
      </trkpt>
      <trkpt lat="45.5988767" lon="7.4934386">
        <ele>2468</ele>
      </trkpt>
      <trkpt lat="45.5988923" lon="7.4933859">
        <ele>2468</ele>
      </trkpt>
      <trkpt lat="45.5989020" lon="7.4933333">
        <ele>2468</ele>
      </trkpt>
      <trkpt lat="45.5989124" lon="7.4932411">
        <ele>2467</ele>
      </trkpt>
      <trkpt lat="45.5989222" lon="7.4931973">
        <ele>2467</ele>
      </trkpt>
      <trkpt lat="45.5989345" lon="7.4931574">
        <ele>2467</ele>
      </trkpt>
      <trkpt lat="45.5989743" lon="7.4930600">
        <ele>2467</ele>
      </trkpt>
      <trkpt lat="45.5989882" lon="7.4930282">
        <ele>2466</ele>
      </trkpt>
      <trkpt lat="45.5990025" lon="7.4929651">
        <ele>2466</ele>
      </trkpt>
      <trkpt lat="45.5990167" lon="7.4929019">
        <ele>2466</ele>
      </trkpt>
      <trkpt lat="45.5990328" lon="7.4928591">
        <ele>2465</ele>
      </trkpt>
      <trkpt lat="45.5990430" lon="7.4928175">
        <ele>2465</ele>
      </trkpt>
      <trkpt lat="45.5990598" lon="7.4927703">
        <ele>2465</ele>
      </trkpt>
      <trkpt lat="45.5990676" lon="7.4927628">
        <ele>2464</ele>
      </trkpt>
      <trkpt lat="45.5991189" lon="7.4930801">
        <ele>2464</ele>
      </trkpt>
      <trkpt lat="45.5991243" lon="7.4930989">
        <ele>2464</ele>
      </trkpt>
      <trkpt lat="45.5991307" lon="7.4931400">
        <ele>2464</ele>
      </trkpt>
      <trkpt lat="45.5991320" lon="7.4931840">
        <ele>2463</ele>
      </trkpt>
      <trkpt lat="45.5991239" lon="7.4932453">
        <ele>2463</ele>
      </trkpt>
      <trkpt lat="45.5991149" lon="7.4932902">
        <ele>2463</ele>
      </trkpt>
      <trkpt lat="45.5991143" lon="7.4933270">
        <ele>2462</ele>
      </trkpt>
      <trkpt lat="45.5991318" lon="7.4934304">
        <ele>2462</ele>
      </trkpt>
      <trkpt lat="45.5991440" lon="7.4934584">
        <ele>2462</ele>
      </trkpt>
      <trkpt lat="45.5991524" lon="7.4935066">
        <ele>2462</ele>
      </trkpt>
      <trkpt lat="45.5991561" lon="7.4935506">
        <ele>2461</ele>
      </trkpt>
      <trkpt lat="45.5991587" lon="7.4935890">
        <ele>2461</ele>
      </trkpt>
      <trkpt lat="45.5991628" lon="7.4936506">
        <ele>2461</ele>
      </trkpt>
      <trkpt lat="45.5991706" lon="7.4937154">
        <ele>2460</ele>
      </trkpt>
      <trkpt lat="45.5991762" lon="7.4937868">
        <ele>2460</ele>
      </trkpt>
      <trkpt lat="45.5991830" lon="7.4938339">
        <ele>2460</ele>
      </trkpt>
      <trkpt lat="45.5991912" lon="7.4938712">
        <ele>2460</ele>
      </trkpt>
      <trkpt lat="45.5991965" lon="7.4939228">
        <ele>2459</ele>
      </trkpt>
      <trkpt lat="45.5992010" lon="7.4939711">
        <ele>2459</ele>
      </trkpt>
      <trkpt lat="45.5991982" lon="7.4940504">
        <ele>2459</ele>
      </trkpt>
      <trkpt lat="45.5991960" lon="7.4941133">
        <ele>2458</ele>
      </trkpt>
      <trkpt lat="45.5992037" lon="7.4941758">
        <ele>2458</ele>
      </trkpt>
      <trkpt lat="45.5992320" lon="7.4942808">
        <ele>2458</ele>
      </trkpt>
      <trkpt lat="45.5992347" lon="7.4943093">
        <ele>2457</ele>
      </trkpt>
      <trkpt lat="45.5992272" lon="7.4943833">
        <ele>2457</ele>
      </trkpt>
      <trkpt lat="45.5992218" lon="7.4944495">
        <ele>2457</ele>
      </trkpt>
      <trkpt lat="45.5992249" lon="7.4945045">
        <ele>2457</ele>
      </trkpt>
      <trkpt lat="45.5992315" lon="7.4945384">
        <ele>2456</ele>
      </trkpt>
      <trkpt lat="45.5992083" lon="7.4945952">
        <ele>2456</ele>
      </trkpt>
      <trkpt lat="45.5991869" lon="7.4946740">
        <ele>2456</ele>
      </trkpt>
      <trkpt lat="45.5991777" lon="7.4947370">
        <ele>2455</ele>
      </trkpt>
      <trkpt lat="45.5991805" lon="7.4947754">
        <ele>2455</ele>
      </trkpt>
      <trkpt lat="45.5991900" lon="7.4948467">
        <ele>2455</ele>
      </trkpt>
      <trkpt lat="45.5991909" lon="7.4949194">
        <ele>2455</ele>
      </trkpt>
      <trkpt lat="45.5992007" lon="7.4949599">
        <ele>2454</ele>
      </trkpt>
      <trkpt lat="45.5991974" lon="7.4950018">
        <ele>2454</ele>
      </trkpt>
      <trkpt lat="45.5991790" lon="7.4950706">
        <ele>2454</ele>
      </trkpt>
      <trkpt lat="45.5991721" lon="7.4951313">
        <ele>2453</ele>
      </trkpt>
      <trkpt lat="45.5991789" lon="7.4952390">
        <ele>2453</ele>
      </trkpt>
      <trkpt lat="45.5991855" lon="7.4953280">
        <ele>2453</ele>
      </trkpt>
      <trkpt lat="45.5991787" lon="7.4953976">
        <ele>2452</ele>
      </trkpt>
      <trkpt lat="45.5991877" lon="7.4954359">
        <ele>2452</ele>
      </trkpt>
      <trkpt lat="45.5991928" lon="7.4954732">
        <ele>2452</ele>
      </trkpt>
      <trkpt lat="45.5991906" lon="7.4955415">
        <ele>2452</ele>
      </trkpt>
      <trkpt lat="45.5991830" lon="7.4956089">
        <ele>2451</ele>
      </trkpt>
      <trkpt lat="45.5991688" lon="7.4956445">
        <ele>2451</ele>
      </trkpt>
      <trkpt lat="45.5991722" lon="7.4956653">
        <ele>2451</ele>
      </trkpt>
      <trkpt lat="45.5991929" lon="7.4956527">
        <ele>2450</ele>
      </trkpt>
      <trkpt lat="45.5992112" lon="7.4956332">
        <ele>2450</ele>
      </trkpt>
      <trkpt lat="45.5992477" lon="7.4955873">
        <ele>2450</ele>
      </trkpt>
      <trkpt lat="45.5992674" lon="7.4955582">
        <ele>2450</ele>
      </trkpt>
      <trkpt lat="45.5992770" lon="7.4955282">
        <ele>2449</ele>
      </trkpt>
      <trkpt lat="45.5992833" lon="7.4954774">
        <ele>2449</ele>
      </trkpt>
      <trkpt lat="45.5992959" lon="7.4954330">
        <ele>2449</ele>
      </trkpt>
      <trkpt lat="45.5993230" lon="7.4953827">
        <ele>2448</ele>
      </trkpt>
      <trkpt lat="45.5993583" lon="7.4953036">
        <ele>2448</ele>
      </trkpt>
      <trkpt lat="45.5993818" lon="7.4952688">
        <ele>2448</ele>
      </trkpt>
      <trkpt lat="45.5993989" lon="7.4952463">
        <ele>2447</ele>
      </trkpt>
      <trkpt lat="45.5994168" lon="7.4952228">
        <ele>2447</ele>
      </trkpt>
      <trkpt lat="45.5994755" lon="7.4951331">
        <ele>2447</ele>
      </trkpt>
      <trkpt lat="45.5995066" lon="7.4950299">
        <ele>2447</ele>
      </trkpt>
      <trkpt lat="45.5995689" lon="7.4948344">
        <ele>2446</ele>
      </trkpt>
      <trkpt lat="45.5996134" lon="7.4946890">
        <ele>2446</ele>
      </trkpt>
      <trkpt lat="45.5996440" lon="7.4945472">
        <ele>2446</ele>
      </trkpt>
      <trkpt lat="45.5996455" lon="7.4945031">
        <ele>2445</ele>
      </trkpt>
      <trkpt lat="45.5996535" lon="7.4944763">
        <ele>2445</ele>
      </trkpt>
      <trkpt lat="45.5996627" lon="7.4944575">
        <ele>2445</ele>
      </trkpt>
      <trkpt lat="45.5996752" lon="7.4944627">
        <ele>2445</ele>
      </trkpt>
      <trkpt lat="45.5996855" lon="7.4944845">
        <ele>2444</ele>
      </trkpt>
      <trkpt lat="45.5997027" lon="7.4945556">
        <ele>2444</ele>
      </trkpt>
      <trkpt lat="45.5997205" lon="7.4946200">
        <ele>2444</ele>
      </trkpt>
      <trkpt lat="45.5997257" lon="7.4946584">
        <ele>2443</ele>
      </trkpt>
      <trkpt lat="45.5997334" lon="7.4947210">
        <ele>2443</ele>
      </trkpt>
      <trkpt lat="45.5997311" lon="7.4947750">
        <ele>2443</ele>
      </trkpt>
      <trkpt lat="45.5997265" lon="7.4948368">
        <ele>2442</ele>
      </trkpt>
      <trkpt lat="45.5997278" lon="7.4948830">
        <ele>2442</ele>
      </trkpt>
      <trkpt lat="45.5997323" lon="7.4949280">
        <ele>2442</ele>
      </trkpt>
      <trkpt lat="45.5997231" lon="7.4949899">
        <ele>2442</ele>
      </trkpt>
      <trkpt lat="45.5997044" lon="7.4950962">
        <ele>2441</ele>
      </trkpt>
      <trkpt lat="45.5997116" lon="7.4951774">
        <ele>2441</ele>
      </trkpt>
      <trkpt lat="45.5997170" lon="7.4952265">
        <ele>2441</ele>
      </trkpt>
      <trkpt lat="45.5996925" lon="7.4953960">
        <ele>2440</ele>
      </trkpt>
      <trkpt lat="45.5996883" lon="7.4954038">
        <ele>2440</ele>
      </trkpt>
      <trkpt lat="45.5996833" lon="7.4954876">
        <ele>2440</ele>
      </trkpt>
      <trkpt lat="45.5996870" lon="7.4955382">
        <ele>2440</ele>
      </trkpt>
      <trkpt lat="45.5996814" lon="7.4955823">
        <ele>2439</ele>
      </trkpt>
      <trkpt lat="45.5996882" lon="7.4956306">
        <ele>2439</ele>
      </trkpt>
      <trkpt lat="45.5996856" lon="7.4956648">
        <ele>2439</ele>
      </trkpt>
      <trkpt lat="45.5996808" lon="7.4957090">
        <ele>2438</ele>
      </trkpt>
      <trkpt lat="45.5996827" lon="7.4957365">
        <ele>2438</ele>
      </trkpt>
      <trkpt lat="45.5996811" lon="7.4958543">
        <ele>2438</ele>
      </trkpt>
      <trkpt lat="45.5996739" lon="7.4959492">
        <ele>2437</ele>
      </trkpt>
      <trkpt lat="45.5996818" lon="7.4960789">
        <ele>2437</ele>
      </trkpt>
      <trkpt lat="45.5996705" lon="7.4961651">
        <ele>2437</ele>
      </trkpt>
      <trkpt lat="45.5996626" lon="7.4962644">
        <ele>2437</ele>
      </trkpt>
      <trkpt lat="45.5996695" lon="7.4963832">
        <ele>2436</ele>
      </trkpt>
      <trkpt lat="45.5996647" lon="7.4964890">
        <ele>2436</ele>
      </trkpt>
      <trkpt lat="45.5996591" lon="7.4965321">
        <ele>2436</ele>
      </trkpt>
      <trkpt lat="45.5996306" lon="7.4966551">
        <ele>2435</ele>
      </trkpt>
      <trkpt lat="45.5996057" lon="7.4967581">
        <ele>2435</ele>
      </trkpt>
      <trkpt lat="45.5995851" lon="7.4968369">
        <ele>2435</ele>
      </trkpt>
      <trkpt lat="45.5995578" lon="7.4969367">
        <ele>2435</ele>
      </trkpt>
      <trkpt lat="45.5995508" lon="7.4970525">
        <ele>2434</ele>
      </trkpt>
      <trkpt lat="45.5995501" lon="7.4971142">
        <ele>2434</ele>
      </trkpt>
      <trkpt lat="45.5995414" lon="7.4972157">
        <ele>2434</ele>
      </trkpt>
      <trkpt lat="45.5995365" lon="7.4972544">
        <ele>2433</ele>
      </trkpt>
      <trkpt lat="45.5995247" lon="7.4973461">
        <ele>2433</ele>
      </trkpt>
      <trkpt lat="45.5995078" lon="7.4974104">
        <ele>2433</ele>
      </trkpt>
      <trkpt lat="45.5994968" lon="7.4974547">
        <ele>2433</ele>
      </trkpt>
      <trkpt lat="45.5995002" lon="7.4974778">
        <ele>2432</ele>
      </trkpt>
      <trkpt lat="45.5995133" lon="7.4974730">
        <ele>2432</ele>
      </trkpt>
      <trkpt lat="45.5995354" lon="7.4974504">
        <ele>2432</ele>
      </trkpt>
      <trkpt lat="45.5995501" lon="7.4974330">
        <ele>2431</ele>
      </trkpt>
      <trkpt lat="45.5995658" lon="7.4974143">
        <ele>2431</ele>
      </trkpt>
      <trkpt lat="45.5995944" lon="7.4973738">
        <ele>2431</ele>
      </trkpt>
      <trkpt lat="45.5996204" lon="7.4973369">
        <ele>2430</ele>
      </trkpt>
      <trkpt lat="45.5996493" lon="7.4973009">
        <ele>2430</ele>
      </trkpt>
      <trkpt lat="45.5996777" lon="7.4972847">
        <ele>2430</ele>
      </trkpt>
      <trkpt lat="45.5996850" lon="7.4972827">
        <ele>2430</ele>
      </trkpt>
      <trkpt lat="45.5996910" lon="7.4973041">
        <ele>2429</ele>
      </trkpt>
      <trkpt lat="45.5996723" lon="7.4973454">
        <ele>2429</ele>
      </trkpt>
      <trkpt lat="45.5996599" lon="7.4974019">
        <ele>2429</ele>
      </trkpt>
      <trkpt lat="45.5996418" lon="7.4974873">
        <ele>2428</ele>
      </trkpt>
      <trkpt lat="45.5996218" lon="7.4975593">
        <ele>2428</ele>
      </trkpt>
      <trkpt lat="45.5995855" lon="7.4976186">
        <ele>2428</ele>
      </trkpt>
      <trkpt lat="45.5995558" lon="7.4976536">
        <ele>2428</ele>
      </trkpt>
      <trkpt lat="45.5995206" lon="7.4976787">
        <ele>2427</ele>
      </trkpt>
      <trkpt lat="45.5995053" lon="7.4976890">
        <ele>2427</ele>
      </trkpt>
      <trkpt lat="45.5995041" lon="7.4976950">
        <ele>2427</ele>
      </trkpt>
      <trkpt lat="45.5995017" lon="7.4977078">
        <ele>2426</ele>
      </trkpt>
      <trkpt lat="45.5995126" lon="7.4977197">
        <ele>2426</ele>
      </trkpt>
      <trkpt lat="45.5995405" lon="7.4977244">
        <ele>2426</ele>
      </trkpt>
      <trkpt lat="45.5995722" lon="7.4977203">
        <ele>2425</ele>
      </trkpt>
      <trkpt lat="45.5996099" lon="7.4977094">
        <ele>2425</ele>
      </trkpt>
      <trkpt lat="45.5996195" lon="7.4977178">
        <ele>2425</ele>
      </trkpt>
      <trkpt lat="45.5996166" lon="7.4977648">
        <ele>2425</ele>
      </trkpt>
      <trkpt lat="45.5995955" lon="7.4977945">
        <ele>2424</ele>
      </trkpt>
      <trkpt lat="45.5995685" lon="7.4978569">
        <ele>2424</ele>
      </trkpt>
      <trkpt lat="45.5995533" lon="7.4978738">
        <ele>2424</ele>
      </trkpt>
      <trkpt lat="45.5995137" lon="7.4979145">
        <ele>2423</ele>
      </trkpt>
      <trkpt lat="45.5994955" lon="7.4979458">
        <ele>2423</ele>
      </trkpt>
      <trkpt lat="45.5994731" lon="7.4980081">
        <ele>2423</ele>
      </trkpt>
      <trkpt lat="45.5994533" lon="7.4980879">
        <ele>2423</ele>
      </trkpt>
      <trkpt lat="45.5994250" lon="7.4982252">
        <ele>2422</ele>
      </trkpt>
      <trkpt lat="45.5994180" lon="7.4982830">
        <ele>2422</ele>
      </trkpt>
      <trkpt lat="45.5993729" lon="7.4983372">
        <ele>2422</ele>
      </trkpt>
      <trkpt lat="45.5993744" lon="7.4983685">
        <ele>2421</ele>
      </trkpt>
      <trkpt lat="45.5993860" lon="7.4983793">
        <ele>2421</ele>
      </trkpt>
      <trkpt lat="45.5994322" lon="7.4983626">
        <ele>2421</ele>
      </trkpt>
      <trkpt lat="45.5995110" lon="7.4983022">
        <ele>2420</ele>
      </trkpt>
      <trkpt lat="45.5995851" lon="7.4982374">
        <ele>2420</ele>
      </trkpt>
      <trkpt lat="45.5996586" lon="7.4981782">
        <ele>2420</ele>
      </trkpt>
      <trkpt lat="45.5997297" lon="7.4981191">
        <ele>2420</ele>
      </trkpt>
      <trkpt lat="45.5997884" lon="7.4980735">
        <ele>2419</ele>
      </trkpt>
      <trkpt lat="45.5998551" lon="7.4980353">
        <ele>2419</ele>
      </trkpt>
      <trkpt lat="45.5999119" lon="7.4979991">
        <ele>2419</ele>
      </trkpt>
      <trkpt lat="45.5999586" lon="7.4979569">
        <ele>2418</ele>
      </trkpt>
      <trkpt lat="45.5999799" lon="7.4979266">
        <ele>2418</ele>
      </trkpt>
      <trkpt lat="45.5999948" lon="7.4979111">
        <ele>2418</ele>
      </trkpt>
      <trkpt lat="45.6000091" lon="7.4978997">
        <ele>2418</ele>
      </trkpt>
      <trkpt lat="45.6000238" lon="7.4978982">
        <ele>2417</ele>
      </trkpt>
      <trkpt lat="45.6000215" lon="7.4979324">
        <ele>2417</ele>
      </trkpt>
      <trkpt lat="45.6000001" lon="7.4980067">
        <ele>2417</ele>
      </trkpt>
      <trkpt lat="45.5999731" lon="7.4980727">
        <ele>2416</ele>
      </trkpt>
      <trkpt lat="45.5999329" lon="7.4981558">
        <ele>2416</ele>
      </trkpt>
      <trkpt lat="45.5998960" lon="7.4982327">
        <ele>2416</ele>
      </trkpt>
      <trkpt lat="45.5998576" lon="7.4983119">
        <ele>2415</ele>
      </trkpt>
      <trkpt lat="45.5998347" lon="7.4983929">
        <ele>2415</ele>
      </trkpt>
      <trkpt lat="45.5997930" lon="7.4985097">
        <ele>2415</ele>
      </trkpt>
      <trkpt lat="45.5997542" lon="7.4986175">
        <ele>2415</ele>
      </trkpt>
      <trkpt lat="45.5997327" lon="7.4986841">
        <ele>2414</ele>
      </trkpt>
      <trkpt lat="45.5997092" lon="7.4987623">
        <ele>2414</ele>
      </trkpt>
      <trkpt lat="45.5996736" lon="7.4988695">
        <ele>2414</ele>
      </trkpt>
      <trkpt lat="45.5996569" lon="7.4988910">
        <ele>2413</ele>
      </trkpt>
      <trkpt lat="45.5996233" lon="7.4989205">
        <ele>2413</ele>
      </trkpt>
      <trkpt lat="45.5995738" lon="7.4989758">
        <ele>2413</ele>
      </trkpt>
      <trkpt lat="45.5995093" lon="7.4990645">
        <ele>2413</ele>
      </trkpt>
      <trkpt lat="45.5994627" lon="7.4991441">
        <ele>2412</ele>
      </trkpt>
      <trkpt lat="45.5993968" lon="7.4992018">
        <ele>2412</ele>
      </trkpt>
      <trkpt lat="45.5994403" lon="7.4992320">
        <ele>2412</ele>
      </trkpt>
      <trkpt lat="45.5994978" lon="7.4992553">
        <ele>2411</ele>
      </trkpt>
      <trkpt lat="45.5995358" lon="7.4992608">
        <ele>2411</ele>
      </trkpt>
      <trkpt lat="45.5995560" lon="7.4993583">
        <ele>2411</ele>
      </trkpt>
      <trkpt lat="45.5995400" lon="7.4994003">
        <ele>2410</ele>
      </trkpt>
      <trkpt lat="45.5995139" lon="7.4994456">
        <ele>2410</ele>
      </trkpt>
      <trkpt lat="45.5995100" lon="7.4994782">
        <ele>2410</ele>
      </trkpt>
      <trkpt lat="45.5995144" lon="7.4996344">
        <ele>2410</ele>
      </trkpt>
      <trkpt lat="45.5995346" lon="7.4997572">
        <ele>2409</ele>
      </trkpt>
      <trkpt lat="45.5995704" lon="7.4998542">
        <ele>2409</ele>
      </trkpt>
      <trkpt lat="45.5995847" lon="7.4998836">
        <ele>2409</ele>
      </trkpt>
      <trkpt lat="45.5996070" lon="7.4998949">
        <ele>2408</ele>
      </trkpt>
      <trkpt lat="45.5996045" lon="7.5000689">
        <ele>2408</ele>
      </trkpt>
      <trkpt lat="45.5995370" lon="7.5002966">
        <ele>2408</ele>
      </trkpt>
      <trkpt lat="45.5994669" lon="7.5004714">
        <ele>2408</ele>
      </trkpt>
      <trkpt lat="45.5993784" lon="7.5006025">
        <ele>2407</ele>
      </trkpt>
      <trkpt lat="45.5993290" lon="7.5007355">
        <ele>2407</ele>
      </trkpt>
      <trkpt lat="45.5992673" lon="7.5009940">
        <ele>2407</ele>
      </trkpt>
      <trkpt lat="45.5992669" lon="7.5010451">
        <ele>2406</ele>
      </trkpt>
      <trkpt lat="45.5992644" lon="7.5010510">
        <ele>2406</ele>
      </trkpt>
      <trkpt lat="45.5992562" lon="7.5010744">
        <ele>2406</ele>
      </trkpt>
      <trkpt lat="45.5992372" lon="7.5010969">
        <ele>2406</ele>
      </trkpt>
      <trkpt lat="45.5992122" lon="7.5011317">
        <ele>2405</ele>
      </trkpt>
      <trkpt lat="45.5991987" lon="7.5011640">
        <ele>2405</ele>
      </trkpt>
      <trkpt lat="45.5991867" lon="7.5011962">
        <ele>2405</ele>
      </trkpt>
      <trkpt lat="45.5991525" lon="7.5012423">
        <ele>2404</ele>
      </trkpt>
      <trkpt lat="45.5991244" lon="7.5012783">
        <ele>2404</ele>
      </trkpt>
      <trkpt lat="45.5991049" lon="7.5013228">
        <ele>2404</ele>
      </trkpt>
      <trkpt lat="45.5990861" lon="7.5013663">
        <ele>2403</ele>
      </trkpt>
      <trkpt lat="45.5990760" lon="7.5014172">
        <ele>2403</ele>
      </trkpt>
      <trkpt lat="45.5990742" lon="7.5014547">
        <ele>2403</ele>
      </trkpt>
      <trkpt lat="45.5990691" lon="7.5014845">
        <ele>2403</ele>
      </trkpt>
      <trkpt lat="45.5990415" lon="7.5015535">
        <ele>2402</ele>
      </trkpt>
      <trkpt lat="45.5990191" lon="7.5016191">
        <ele>2402</ele>
      </trkpt>
      <trkpt lat="45.5990059" lon="7.5017009">
        <ele>2402</ele>
      </trkpt>
      <trkpt lat="45.5989928" lon="7.5017618">
        <ele>2401</ele>
      </trkpt>
      <trkpt lat="45.5989648" lon="7.5018055">
        <ele>2401</ele>
      </trkpt>
      <trkpt lat="45.5989348" lon="7.5018768">
        <ele>2401</ele>
      </trkpt>
      <trkpt lat="45.5989315" lon="7.5019187">
        <ele>2401</ele>
      </trkpt>
      <trkpt lat="45.5989333" lon="7.5019418">
        <ele>2400</ele>
      </trkpt>
      <trkpt lat="45.5989289" lon="7.5019595">
        <ele>2400</ele>
      </trkpt>
      <trkpt lat="45.5989215" lon="7.5019851">
        <ele>2400</ele>
      </trkpt>
      <trkpt lat="45.5989144" lon="7.5020026">
        <ele>2399</ele>
      </trkpt>
      <trkpt lat="45.5989106" lon="7.5020404">
        <ele>2399</ele>
      </trkpt>
      <trkpt lat="45.5989031" lon="7.5021111">
        <ele>2399</ele>
      </trkpt>
      <trkpt lat="45.5989119" lon="7.5021634">
        <ele>2398</ele>
      </trkpt>
      <trkpt lat="45.5989101" lon="7.5023593">
        <ele>2398</ele>
      </trkpt>
      <trkpt lat="45.5989680" lon="7.5025497">
        <ele>2398</ele>
      </trkpt>
      <trkpt lat="45.5989893" lon="7.5026780">
        <ele>2398</ele>
      </trkpt>
      <trkpt lat="45.5990245" lon="7.5027685">
        <ele>2397</ele>
      </trkpt>
      <trkpt lat="45.5990152" lon="7.5028280">
        <ele>2397</ele>
      </trkpt>
      <trkpt lat="45.5990265" lon="7.5028645">
        <ele>2397</ele>
      </trkpt>
      <trkpt lat="45.5990655" lon="7.5028930">
        <ele>2396</ele>
      </trkpt>
      <trkpt lat="45.5991488" lon="7.5032082">
        <ele>2396</ele>
      </trkpt>
      <trkpt lat="45.5991287" lon="7.5034671">
        <ele>2396</ele>
      </trkpt>
      <trkpt lat="45.5991384" lon="7.5035596">
        <ele>2396</ele>
      </trkpt>
      <trkpt lat="45.5991802" lon="7.5036677">
        <ele>2395</ele>
      </trkpt>
      <trkpt lat="45.5992723" lon="7.5037000">
        <ele>2395</ele>
      </trkpt>
      <trkpt lat="45.5992828" lon="7.5037449">
        <ele>2395</ele>
      </trkpt>
      <trkpt lat="45.5992951" lon="7.5038492">
        <ele>2394</ele>
      </trkpt>
      <trkpt lat="45.5992841" lon="7.5039079">
        <ele>2394</ele>
      </trkpt>
      <trkpt lat="45.5992520" lon="7.5040397">
        <ele>2394</ele>
      </trkpt>
      <trkpt lat="45.5992564" lon="7.5042270">
        <ele>2393</ele>
      </trkpt>
      <trkpt lat="45.5992347" lon="7.5043755">
        <ele>2393</ele>
      </trkpt>
      <trkpt lat="45.5992677" lon="7.5043709">
        <ele>2393</ele>
      </trkpt>
      <trkpt lat="45.5992889" lon="7.5043959">
        <ele>2393</ele>
      </trkpt>
      <trkpt lat="45.5992615" lon="7.5044955">
        <ele>2392</ele>
      </trkpt>
      <trkpt lat="45.5992792" lon="7.5045854">
        <ele>2392</ele>
      </trkpt>
      <trkpt lat="45.5992659" lon="7.5046659">
        <ele>2392</ele>
      </trkpt>
      <trkpt lat="45.5993039" lon="7.5047579">
        <ele>2391</ele>
      </trkpt>
      <trkpt lat="45.5992875" lon="7.5050873">
        <ele>2391</ele>
      </trkpt>
      <trkpt lat="45.5993261" lon="7.5052613">
        <ele>2391</ele>
      </trkpt>
      <trkpt lat="45.5993266" lon="7.5052621">
        <ele>2391</ele>
      </trkpt>
      <trkpt lat="45.5993705" lon="7.5053116">
        <ele>2390</ele>
      </trkpt>
      <trkpt lat="45.5993979" lon="7.5053406">
        <ele>2390</ele>
      </trkpt>
      <trkpt lat="45.5994123" lon="7.5053743">
        <ele>2390</ele>
      </trkpt>
      <trkpt lat="45.5994184" lon="7.5054314">
        <ele>2389</ele>
      </trkpt>
      <trkpt lat="45.5994106" lon="7.5054988">
        <ele>2389</ele>
      </trkpt>
      <trkpt lat="45.5994066" lon="7.5055331">
        <ele>2389</ele>
      </trkpt>
      <trkpt lat="45.5994185" lon="7.5056131">
        <ele>2388</ele>
      </trkpt>
      <trkpt lat="45.5994412" lon="7.5056792">
        <ele>2388</ele>
      </trkpt>
      <trkpt lat="45.5994584" lon="7.5058628">
        <ele>2388</ele>
      </trkpt>
      <trkpt lat="45.5994530" lon="7.5061296">
        <ele>2388</ele>
      </trkpt>
      <trkpt lat="45.5994565" lon="7.5061549">
        <ele>2387</ele>
      </trkpt>
      <trkpt lat="45.5994670" lon="7.5061866">
        <ele>2387</ele>
      </trkpt>
      <trkpt lat="45.5994688" lon="7.5062064">
        <ele>2387</ele>
      </trkpt>
      <trkpt lat="45.5994608" lon="7.5062451">
        <ele>2386</ele>
      </trkpt>
      <trkpt lat="45.5994603" lon="7.5062935">
        <ele>2386</ele>
      </trkpt>
      <trkpt lat="45.5994855" lon="7.5064912">
        <ele>2386</ele>
      </trkpt>
      <trkpt lat="45.5995020" lon="7.5065017">
        <ele>2386</ele>
      </trkpt>
      <trkpt lat="45.5995225" lon="7.5065331">
        <ele>2385</ele>
      </trkpt>
      <trkpt lat="45.5995653" lon="7.5066123">
        <ele>2385</ele>
      </trkpt>
      <trkpt lat="45.5995993" lon="7.5066698">
        <ele>2385</ele>
      </trkpt>
      <trkpt lat="45.5996375" lon="7.5067271">
        <ele>2384</ele>
      </trkpt>
      <trkpt lat="45.5996615" lon="7.5067881">
        <ele>2384</ele>
      </trkpt>
      <trkpt lat="45.5996784" lon="7.5068394">
        <ele>2384</ele>
      </trkpt>
      <trkpt lat="45.5997000" lon="7.5068950">
        <ele>2383</ele>
      </trkpt>
      <trkpt lat="45.5997053" lon="7.5069433">
        <ele>2383</ele>
      </trkpt>
      <trkpt lat="45.5997055" lon="7.5070182">
        <ele>2383</ele>
      </trkpt>
      <trkpt lat="45.5997228" lon="7.5070453">
        <ele>2383</ele>
      </trkpt>
      <trkpt lat="45.5997373" lon="7.5070856">
        <ele>2382</ele>
      </trkpt>
      <trkpt lat="45.5997455" lon="7.5071261">
        <ele>2382</ele>
      </trkpt>
      <trkpt lat="45.5997566" lon="7.5072167">
        <ele>2382</ele>
      </trkpt>
      <trkpt lat="45.5998576" lon="7.5077473">
        <ele>2381</ele>
      </trkpt>
      <trkpt lat="45.5999120" lon="7.5078083">
        <ele>2381</ele>
      </trkpt>
      <trkpt lat="45.5999981" lon="7.5079522">
        <ele>2381</ele>
      </trkpt>
      <trkpt lat="45.6000192" lon="7.5080156">
        <ele>2381</ele>
      </trkpt>
      <trkpt lat="45.6000180" lon="7.5082208">
        <ele>2380</ele>
      </trkpt>
      <trkpt lat="45.6000132" lon="7.5082345">
        <ele>2380</ele>
      </trkpt>
      <trkpt lat="45.6000011" lon="7.5082590">
        <ele>2380</ele>
      </trkpt>
      <trkpt lat="45.5999977" lon="7.5082921">
        <ele>2379</ele>
      </trkpt>
      <trkpt lat="45.5999980" lon="7.5083163">
        <ele>2379</ele>
      </trkpt>
      <trkpt lat="45.5999993" lon="7.5083380">
        <ele>2379</ele>
      </trkpt>
      <trkpt lat="45.5999837" lon="7.5083800">
        <ele>2379</ele>
      </trkpt>
      <trkpt lat="45.5999825" lon="7.5084777">
        <ele>2378</ele>
      </trkpt>
      <trkpt lat="45.6000145" lon="7.5085152">
        <ele>2378</ele>
      </trkpt>
      <trkpt lat="45.6000280" lon="7.5085435">
        <ele>2378</ele>
      </trkpt>
      <trkpt lat="45.6000372" lon="7.5085972">
        <ele>2377</ele>
      </trkpt>
      <trkpt lat="45.6000454" lon="7.5086650">
        <ele>2377</ele>
      </trkpt>
      <trkpt lat="45.6000542" lon="7.5088153">
        <ele>2377</ele>
      </trkpt>
      <trkpt lat="45.6000975" lon="7.5090661">
        <ele>2376</ele>
      </trkpt>
      <trkpt lat="45.6000779" lon="7.5091921">
        <ele>2376</ele>
      </trkpt>
      <trkpt lat="45.6000758" lon="7.5091974">
        <ele>2376</ele>
      </trkpt>
      <trkpt lat="45.6000617" lon="7.5092440">
        <ele>2376</ele>
      </trkpt>
      <trkpt lat="45.6000622" lon="7.5092836">
        <ele>2375</ele>
      </trkpt>
      <trkpt lat="45.6000630" lon="7.5092874">
        <ele>2375</ele>
      </trkpt>
      <trkpt lat="45.6000713" lon="7.5093252">
        <ele>2375</ele>
      </trkpt>
      <trkpt lat="45.6000740" lon="7.5093538">
        <ele>2374</ele>
      </trkpt>
      <trkpt lat="45.6000686" lon="7.5094211">
        <ele>2374</ele>
      </trkpt>
      <trkpt lat="45.6000668" lon="7.5094586">
        <ele>2374</ele>
      </trkpt>
      <trkpt lat="45.6000658" lon="7.5095004">
        <ele>2374</ele>
      </trkpt>
      <trkpt lat="45.6000595" lon="7.5095490">
        <ele>2373</ele>
      </trkpt>
      <trkpt lat="45.6000503" lon="7.5095655">
        <ele>2373</ele>
      </trkpt>
      <trkpt lat="45.6000384" lon="7.5095870">
        <ele>2373</ele>
      </trkpt>
      <trkpt lat="45.6000163" lon="7.5096184">
        <ele>2372</ele>
      </trkpt>
      <trkpt lat="45.6000170" lon="7.5096658">
        <ele>2372</ele>
      </trkpt>
      <trkpt lat="45.6000217" lon="7.5097317">
        <ele>2372</ele>
      </trkpt>
      <trkpt lat="45.6000329" lon="7.5097582">
        <ele>2371</ele>
      </trkpt>
      <trkpt lat="45.6000505" lon="7.5099801">
        <ele>2371</ele>
      </trkpt>
      <trkpt lat="45.6000600" lon="7.5100060">
        <ele>2371</ele>
      </trkpt>
      <trkpt lat="45.6000729" lon="7.5100464">
        <ele>2371</ele>
      </trkpt>
      <trkpt lat="45.6000790" lon="7.5100980">
        <ele>2370</ele>
      </trkpt>
      <trkpt lat="45.6000846" lon="7.5101683">
        <ele>2370</ele>
      </trkpt>
      <trkpt lat="45.6000844" lon="7.5101789">
        <ele>2370</ele>
      </trkpt>
      <trkpt lat="45.6001146" lon="7.5102860">
        <ele>2369</ele>
      </trkpt>
      <trkpt lat="45.6001487" lon="7.5105025">
        <ele>2369</ele>
      </trkpt>
      <trkpt lat="45.6001427" lon="7.5105940">
        <ele>2369</ele>
      </trkpt>
      <trkpt lat="45.6001341" lon="7.5106460">
        <ele>2369</ele>
      </trkpt>
      <trkpt lat="45.6001266" lon="7.5107232">
        <ele>2368</ele>
      </trkpt>
      <trkpt lat="45.6001319" lon="7.5108354">
        <ele>2368</ele>
      </trkpt>
      <trkpt lat="45.6001329" lon="7.5109070">
        <ele>2368</ele>
      </trkpt>
      <trkpt lat="45.6001320" lon="7.5109598">
        <ele>2367</ele>
      </trkpt>
      <trkpt lat="45.6001330" lon="7.5110358">
        <ele>2367</ele>
      </trkpt>
      <trkpt lat="45.6001414" lon="7.5110851">
        <ele>2367</ele>
      </trkpt>
      <trkpt lat="45.6001565" lon="7.5111318">
        <ele>2366</ele>
      </trkpt>
      <trkpt lat="45.6001897" lon="7.5112027">
        <ele>2366</ele>
      </trkpt>
      <trkpt lat="45.6002055" lon="7.5114505">
        <ele>2366</ele>
      </trkpt>
      <trkpt lat="45.6002905" lon="7.5116225">
        <ele>2366</ele>
      </trkpt>
      <trkpt lat="45.6002805" lon="7.5118685">
        <ele>2365</ele>
      </trkpt>
      <trkpt lat="45.6003704" lon="7.5122125">
        <ele>2365</ele>
      </trkpt>
      <trkpt lat="45.6003415" lon="7.5125041">
        <ele>2365</ele>
      </trkpt>
      <trkpt lat="45.6003801" lon="7.5127535">
        <ele>2364</ele>
      </trkpt>
      <trkpt lat="45.6004349" lon="7.5129901">
        <ele>2364</ele>
      </trkpt>
      <trkpt lat="45.6004832" lon="7.5130542">
        <ele>2364</ele>
      </trkpt>
      <trkpt lat="45.6005102" lon="7.5131812">
        <ele>2364</ele>
      </trkpt>
      <trkpt lat="45.6005303" lon="7.5132225">
        <ele>2363</ele>
      </trkpt>
      <trkpt lat="45.6005294" lon="7.5132682">
        <ele>2363</ele>
      </trkpt>
      <trkpt lat="45.6005345" lon="7.5133022">
        <ele>2363</ele>
      </trkpt>
      <trkpt lat="45.6005353" lon="7.5133617">
        <ele>2362</ele>
      </trkpt>
      <trkpt lat="45.6005401" lon="7.5134342">
        <ele>2362</ele>
      </trkpt>
      <trkpt lat="45.6005526" lon="7.5135077">
        <ele>2362</ele>
      </trkpt>
      <trkpt lat="45.6005665" lon="7.5135657">
        <ele>2361</ele>
      </trkpt>
      <trkpt lat="45.6005955" lon="7.5136519">
        <ele>2361</ele>
      </trkpt>
      <trkpt lat="45.6006408" lon="7.5137091">
        <ele>2361</ele>
      </trkpt>
      <trkpt lat="45.6006707" lon="7.5137468">
        <ele>2361</ele>
      </trkpt>
      <trkpt lat="45.6006838" lon="7.5137825">
        <ele>2360</ele>
      </trkpt>
      <trkpt lat="45.6006859" lon="7.5137882">
        <ele>2360</ele>
      </trkpt>
      <trkpt lat="45.6007195" lon="7.5138699">
        <ele>2360</ele>
      </trkpt>
      <trkpt lat="45.6007337" lon="7.5138982">
        <ele>2359</ele>
      </trkpt>
      <trkpt lat="45.6007763" lon="7.5139620">
        <ele>2359</ele>
      </trkpt>
      <trkpt lat="45.6007940" lon="7.5140111">
        <ele>2359</ele>
      </trkpt>
      <trkpt lat="45.6008165" lon="7.5140392">
        <ele>2359</ele>
      </trkpt>
      <trkpt lat="45.6008324" lon="7.5140696">
        <ele>2358</ele>
      </trkpt>
      <trkpt lat="45.6008450" lon="7.5141441">
        <ele>2358</ele>
      </trkpt>
      <trkpt lat="45.6008604" lon="7.5141988">
        <ele>2358</ele>
      </trkpt>
      <trkpt lat="45.6008654" lon="7.5142317">
        <ele>2357</ele>
      </trkpt>
      <trkpt lat="45.6008775" lon="7.5142699">
        <ele>2357</ele>
      </trkpt>
      <trkpt lat="45.6008981" lon="7.5143090">
        <ele>2357</ele>
      </trkpt>
      <trkpt lat="45.6009195" lon="7.5143502">
        <ele>2357</ele>
      </trkpt>
      <trkpt lat="45.6009557" lon="7.5144010">
        <ele>2356</ele>
      </trkpt>
      <trkpt lat="45.6009908" lon="7.5144548">
        <ele>2356</ele>
      </trkpt>
      <trkpt lat="45.6010816" lon="7.5145673">
        <ele>2356</ele>
      </trkpt>
      <trkpt lat="45.6011046" lon="7.5145722">
        <ele>2355</ele>
      </trkpt>
      <trkpt lat="45.6011344" lon="7.5146033">
        <ele>2355</ele>
      </trkpt>
      <trkpt lat="45.6011402" lon="7.5146167">
        <ele>2355</ele>
      </trkpt>
      <trkpt lat="45.6011551" lon="7.5146512">
        <ele>2354</ele>
      </trkpt>
      <trkpt lat="45.6011832" lon="7.5147254">
        <ele>2354</ele>
      </trkpt>
      <trkpt lat="45.6011936" lon="7.5147570">
        <ele>2354</ele>
      </trkpt>
      <trkpt lat="45.6012111" lon="7.5147929">
        <ele>2354</ele>
      </trkpt>
      <trkpt lat="45.6012464" lon="7.5148371">
        <ele>2353</ele>
      </trkpt>
      <trkpt lat="45.6013069" lon="7.5148736">
        <ele>2353</ele>
      </trkpt>
      <trkpt lat="45.6013579" lon="7.5149219">
        <ele>2353</ele>
      </trkpt>
      <trkpt lat="45.6013627" lon="7.5149475">
        <ele>2352</ele>
      </trkpt>
      <trkpt lat="45.6013837" lon="7.5150218">
        <ele>2352</ele>
      </trkpt>
      <trkpt lat="45.6013941" lon="7.5150501">
        <ele>2352</ele>
      </trkpt>
      <trkpt lat="45.6014256" lon="7.5150686">
        <ele>2352</ele>
      </trkpt>
      <trkpt lat="45.6014610" lon="7.5151387">
        <ele>2351</ele>
      </trkpt>
      <trkpt lat="45.6014138" lon="7.5151328">
        <ele>2351</ele>
      </trkpt>
      <trkpt lat="45.6014461" lon="7.5152021">
        <ele>2351</ele>
      </trkpt>
      <trkpt lat="45.6014844" lon="7.5152390">
        <ele>2350</ele>
      </trkpt>
      <trkpt lat="45.6015470" lon="7.5154657">
        <ele>2350</ele>
      </trkpt>
      <trkpt lat="45.6015478" lon="7.5154666">
        <ele>2350</ele>
      </trkpt>
      <trkpt lat="45.6015922" lon="7.5154903">
        <ele>2349</ele>
      </trkpt>
      <trkpt lat="45.6016060" lon="7.5155103">
        <ele>2349</ele>
      </trkpt>
      <trkpt lat="45.6016059" lon="7.5155335">
        <ele>2349</ele>
      </trkpt>
      <trkpt lat="45.6016022" lon="7.5155468">
        <ele>2349</ele>
      </trkpt>
      <trkpt lat="45.6015695" lon="7.5155537">
        <ele>2348</ele>
      </trkpt>
      <trkpt lat="45.6015286" lon="7.5155608">
        <ele>2348</ele>
      </trkpt>
      <trkpt lat="45.6015012" lon="7.5155643">
        <ele>2348</ele>
      </trkpt>
      <trkpt lat="45.6014721" lon="7.5155574">
        <ele>2347</ele>
      </trkpt>
      <trkpt lat="45.6014361" lon="7.5155539">
        <ele>2347</ele>
      </trkpt>
      <trkpt lat="45.6014207" lon="7.5155527">
        <ele>2347</ele>
      </trkpt>
      <trkpt lat="45.6014088" lon="7.5155629">
        <ele>2347</ele>
      </trkpt>
      <trkpt lat="45.6013884" lon="7.5156097">
        <ele>2346</ele>
      </trkpt>
      <trkpt lat="45.6013762" lon="7.5156573">
        <ele>2346</ele>
      </trkpt>
      <trkpt lat="45.6013588" lon="7.5156875">
        <ele>2346</ele>
      </trkpt>
      <trkpt lat="45.6013337" lon="7.5157157">
        <ele>2345</ele>
      </trkpt>
      <trkpt lat="45.6013235" lon="7.5157364">
        <ele>2345</ele>
      </trkpt>
      <trkpt lat="45.6012936" lon="7.5157713">
        <ele>2345</ele>
      </trkpt>
      <trkpt lat="45.6012818" lon="7.5157892">
        <ele>2344</ele>
      </trkpt>
      <trkpt lat="45.6012760" lon="7.5157916">
        <ele>2344</ele>
      </trkpt>
      <trkpt lat="45.6012708" lon="7.5158022">
        <ele>2344</ele>
      </trkpt>
      <trkpt lat="45.6012583" lon="7.5158262">
        <ele>2344</ele>
      </trkpt>
      <trkpt lat="45.6012439" lon="7.5158420">
        <ele>2343</ele>
      </trkpt>
      <trkpt lat="45.6012271" lon="7.5158643">
        <ele>2343</ele>
      </trkpt>
      <trkpt lat="45.6012179" lon="7.5158910">
        <ele>2343</ele>
      </trkpt>
      <trkpt lat="45.6012010" lon="7.5159760">
        <ele>2342</ele>
      </trkpt>
      <trkpt lat="45.6012234" lon="7.5160182">
        <ele>2342</ele>
      </trkpt>
      <trkpt lat="45.6012393" lon="7.5160293">
        <ele>2342</ele>
      </trkpt>
      <trkpt lat="45.6012519" lon="7.5160449">
        <ele>2342</ele>
      </trkpt>
      <trkpt lat="45.6012587" lon="7.5160607">
        <ele>2341</ele>
      </trkpt>
      <trkpt lat="45.6012638" lon="7.5160721">
        <ele>2341</ele>
      </trkpt>
      <trkpt lat="45.6012713" lon="7.5160796">
        <ele>2341</ele>
      </trkpt>
      <trkpt lat="45.6012757" lon="7.5160916">
        <ele>2340</ele>
      </trkpt>
      <trkpt lat="45.6012780" lon="7.5161211">
        <ele>2340</ele>
      </trkpt>
      <trkpt lat="45.6013289" lon="7.5162173">
        <ele>2340</ele>
      </trkpt>
      <trkpt lat="45.6013235" lon="7.5162467">
        <ele>2339</ele>
      </trkpt>
      <trkpt lat="45.6013104" lon="7.5162636">
        <ele>2339</ele>
      </trkpt>
      <trkpt lat="45.6012975" lon="7.5162827">
        <ele>2339</ele>
      </trkpt>
      <trkpt lat="45.6012927" lon="7.5162993">
        <ele>2339</ele>
      </trkpt>
      <trkpt lat="45.6012925" lon="7.5163131">
        <ele>2338</ele>
      </trkpt>
      <trkpt lat="45.6012934" lon="7.5163279">
        <ele>2338</ele>
      </trkpt>
      <trkpt lat="45.6012917" lon="7.5163412">
        <ele>2338</ele>
      </trkpt>
      <trkpt lat="45.6012836" lon="7.5163739">
        <ele>2337</ele>
      </trkpt>
      <trkpt lat="45.6012763" lon="7.5164060">
        <ele>2337</ele>
      </trkpt>
      <trkpt lat="45.6012693" lon="7.5164342">
        <ele>2337</ele>
      </trkpt>
      <trkpt lat="45.6012550" lon="7.5164941">
        <ele>2337</ele>
      </trkpt>
      <trkpt lat="45.6012356" lon="7.5165750">
        <ele>2336</ele>
      </trkpt>
      <trkpt lat="45.6012227" lon="7.5166271">
        <ele>2336</ele>
      </trkpt>
      <trkpt lat="45.6012105" lon="7.5166637">
        <ele>2336</ele>
      </trkpt>
      <trkpt lat="45.6012048" lon="7.5166771">
        <ele>2335</ele>
      </trkpt>
      <trkpt lat="45.6011994" lon="7.5167031">
        <ele>2335</ele>
      </trkpt>
      <trkpt lat="45.6012009" lon="7.5167154">
        <ele>2335</ele>
      </trkpt>
      <trkpt lat="45.6012218" lon="7.5168218">
        <ele>2334</ele>
      </trkpt>
      <trkpt lat="45.6013224" lon="7.5170837">
        <ele>2334</ele>
      </trkpt>
      <trkpt lat="45.6013364" lon="7.5171031">
        <ele>2334</ele>
      </trkpt>
      <trkpt lat="45.6013431" lon="7.5171183">
        <ele>2334</ele>
      </trkpt>
      <trkpt lat="45.6013511" lon="7.5171374">
        <ele>2333</ele>
      </trkpt>
      <trkpt lat="45.6013564" lon="7.5171554">
        <ele>2333</ele>
      </trkpt>
      <trkpt lat="45.6013559" lon="7.5171711">
        <ele>2333</ele>
      </trkpt>
      <trkpt lat="45.6013550" lon="7.5172017">
        <ele>2332</ele>
      </trkpt>
      <trkpt lat="45.6013500" lon="7.5172574">
        <ele>2332</ele>
      </trkpt>
      <trkpt lat="45.6013423" lon="7.5173198">
        <ele>2332</ele>
      </trkpt>
      <trkpt lat="45.6013401" lon="7.5173579">
        <ele>2332</ele>
      </trkpt>
      <trkpt lat="45.6013419" lon="7.5173843">
        <ele>2331</ele>
      </trkpt>
      <trkpt lat="45.6013517" lon="7.5174242">
        <ele>2331</ele>
      </trkpt>
      <trkpt lat="45.6013569" lon="7.5174631">
        <ele>2331</ele>
      </trkpt>
      <trkpt lat="45.6013544" lon="7.5174803">
        <ele>2330</ele>
      </trkpt>
      <trkpt lat="45.6013546" lon="7.5174984">
        <ele>2330</ele>
      </trkpt>
      <trkpt lat="45.6013601" lon="7.5175330">
        <ele>2330</ele>
      </trkpt>
      <trkpt lat="45.6013630" lon="7.5175533">
        <ele>2330</ele>
      </trkpt>
      <trkpt lat="45.6013696" lon="7.5175884">
        <ele>2329</ele>
      </trkpt>
      <trkpt lat="45.6013698" lon="7.5176002">
        <ele>2329</ele>
      </trkpt>
      <trkpt lat="45.6013657" lon="7.5176110">
        <ele>2329</ele>
      </trkpt>
      <trkpt lat="45.6013652" lon="7.5176330">
        <ele>2328</ele>
      </trkpt>
      <trkpt lat="45.6013642" lon="7.5176485">
        <ele>2328</ele>
      </trkpt>
      <trkpt lat="45.6013630" lon="7.5176711">
        <ele>2328</ele>
      </trkpt>
      <trkpt lat="45.6013643" lon="7.5176870">
        <ele>2327</ele>
      </trkpt>
      <trkpt lat="45.6013715" lon="7.5177004">
        <ele>2327</ele>
      </trkpt>
      <trkpt lat="45.6014140" lon="7.5177963">
        <ele>2327</ele>
      </trkpt>
      <trkpt lat="45.6014407" lon="7.5180017">
        <ele>2327</ele>
      </trkpt>
      <trkpt lat="45.6014411" lon="7.5180374">
        <ele>2326</ele>
      </trkpt>
      <trkpt lat="45.6014436" lon="7.5181056">
        <ele>2326</ele>
      </trkpt>
      <trkpt lat="45.6014460" lon="7.5181457">
        <ele>2326</ele>
      </trkpt>
      <trkpt lat="45.6014423" lon="7.5181827">
        <ele>2325</ele>
      </trkpt>
      <trkpt lat="45.6014386" lon="7.5182268">
        <ele>2325</ele>
      </trkpt>
      <trkpt lat="45.6014321" lon="7.5182666">
        <ele>2325</ele>
      </trkpt>
      <trkpt lat="45.6014237" lon="7.5183026">
        <ele>2325</ele>
      </trkpt>
      <trkpt lat="45.6014197" lon="7.5183198">
        <ele>2324</ele>
      </trkpt>
      <trkpt lat="45.6014208" lon="7.5183457">
        <ele>2324</ele>
      </trkpt>
      <trkpt lat="45.6014141" lon="7.5183937">
        <ele>2324</ele>
      </trkpt>
      <trkpt lat="45.6014055" lon="7.5184435">
        <ele>2323</ele>
      </trkpt>
      <trkpt lat="45.6014057" lon="7.5184936">
        <ele>2323</ele>
      </trkpt>
      <trkpt lat="45.6014030" lon="7.5185559">
        <ele>2323</ele>
      </trkpt>
      <trkpt lat="45.6014018" lon="7.5185807">
        <ele>2322</ele>
      </trkpt>
      <trkpt lat="45.6014000" lon="7.5186226">
        <ele>2322</ele>
      </trkpt>
      <trkpt lat="45.6014051" lon="7.5186830">
        <ele>2322</ele>
      </trkpt>
      <trkpt lat="45.6014021" lon="7.5187233">
        <ele>2322</ele>
      </trkpt>
      <trkpt lat="45.6013998" lon="7.5187509">
        <ele>2321</ele>
      </trkpt>
      <trkpt lat="45.6014032" lon="7.5187767">
        <ele>2321</ele>
      </trkpt>
      <trkpt lat="45.6014038" lon="7.5187910">
        <ele>2321</ele>
      </trkpt>
      <trkpt lat="45.6014048" lon="7.5188119">
        <ele>2320</ele>
      </trkpt>
      <trkpt lat="45.6014053" lon="7.5188212">
        <ele>2320</ele>
      </trkpt>
      <trkpt lat="45.6014047" lon="7.5188598">
        <ele>2320</ele>
      </trkpt>
      <trkpt lat="45.6014048" lon="7.5188977">
        <ele>2320</ele>
      </trkpt>
      <trkpt lat="45.6014008" lon="7.5189182">
        <ele>2319</ele>
      </trkpt>
      <trkpt lat="45.6013922" lon="7.5189449">
        <ele>2319</ele>
      </trkpt>
      <trkpt lat="45.6013887" lon="7.5189725">
        <ele>2319</ele>
      </trkpt>
      <trkpt lat="45.6013867" lon="7.5190232">
        <ele>2318</ele>
      </trkpt>
      <trkpt lat="45.6013810" lon="7.5190630">
        <ele>2318</ele>
      </trkpt>
      <trkpt lat="45.6013788" lon="7.5190977">
        <ele>2318</ele>
      </trkpt>
      <trkpt lat="45.6013773" lon="7.5191325">
        <ele>2317</ele>
      </trkpt>
      <trkpt lat="45.6013788" lon="7.5191616">
        <ele>2317</ele>
      </trkpt>
      <trkpt lat="45.6013913" lon="7.5192026">
        <ele>2317</ele>
      </trkpt>
      <trkpt lat="45.6014020" lon="7.5192502">
        <ele>2317</ele>
      </trkpt>
      <trkpt lat="45.6014082" lon="7.5192820">
        <ele>2316</ele>
      </trkpt>
      <trkpt lat="45.6014109" lon="7.5193078">
        <ele>2316</ele>
      </trkpt>
      <trkpt lat="45.6014100" lon="7.5193315">
        <ele>2316</ele>
      </trkpt>
      <trkpt lat="45.6014121" lon="7.5193743">
        <ele>2315</ele>
      </trkpt>
      <trkpt lat="45.6014007" lon="7.5194209">
        <ele>2315</ele>
      </trkpt>
      <trkpt lat="45.6013790" lon="7.5194451">
        <ele>2315</ele>
      </trkpt>
      <trkpt lat="45.6013566" lon="7.5194733">
        <ele>2315</ele>
      </trkpt>
      <trkpt lat="45.6013422" lon="7.5194957">
        <ele>2314</ele>
      </trkpt>
      <trkpt lat="45.6013180" lon="7.5195293">
        <ele>2314</ele>
      </trkpt>
      <trkpt lat="45.6012998" lon="7.5195606">
        <ele>2314</ele>
      </trkpt>
      <trkpt lat="45.6012883" lon="7.5195973">
        <ele>2313</ele>
      </trkpt>
      <trkpt lat="45.6012869" lon="7.5196381">
        <ele>2313</ele>
      </trkpt>
      <trkpt lat="45.6012915" lon="7.5196581">
        <ele>2313</ele>
      </trkpt>
      <trkpt lat="45.6012966" lon="7.5196809">
        <ele>2312</ele>
      </trkpt>
      <trkpt lat="45.6013110" lon="7.5197084">
        <ele>2312</ele>
      </trkpt>
      <trkpt lat="45.6013219" lon="7.5197445">
        <ele>2312</ele>
      </trkpt>
      <trkpt lat="45.6013222" lon="7.5197671">
        <ele>2312</ele>
      </trkpt>
      <trkpt lat="45.6013217" lon="7.5197918">
        <ele>2311</ele>
      </trkpt>
      <trkpt lat="45.6013205" lon="7.5198431">
        <ele>2311</ele>
      </trkpt>
      <trkpt lat="45.6013319" lon="7.5198879">
        <ele>2311</ele>
      </trkpt>
      <trkpt lat="45.6013462" lon="7.5199459">
        <ele>2310</ele>
      </trkpt>
      <trkpt lat="45.6013580" lon="7.5199891">
        <ele>2310</ele>
      </trkpt>
      <trkpt lat="45.6013599" lon="7.5200215">
        <ele>2310</ele>
      </trkpt>
      <trkpt lat="45.6013708" lon="7.5200570">
        <ele>2310</ele>
      </trkpt>
      <trkpt lat="45.6013805" lon="7.5200909">
        <ele>2309</ele>
      </trkpt>
      <trkpt lat="45.6013845" lon="7.5201013">
        <ele>2309</ele>
      </trkpt>
      <trkpt lat="45.6013979" lon="7.5201295">
        <ele>2309</ele>
      </trkpt>
      <trkpt lat="45.6014120" lon="7.5201622">
        <ele>2308</ele>
      </trkpt>
      <trkpt lat="45.6014181" lon="7.5201896">
        <ele>2308</ele>
      </trkpt>
      <trkpt lat="45.6014227" lon="7.5202137">
        <ele>2308</ele>
      </trkpt>
      <trkpt lat="45.6014312" lon="7.5202465">
        <ele>2307</ele>
      </trkpt>
      <trkpt lat="45.6014389" lon="7.5202711">
        <ele>2307</ele>
      </trkpt>
      <trkpt lat="45.6014486" lon="7.5203088">
        <ele>2307</ele>
      </trkpt>
      <trkpt lat="45.6014626" lon="7.5203503">
        <ele>2307</ele>
      </trkpt>
      <trkpt lat="45.6014696" lon="7.5203804">
        <ele>2306</ele>
      </trkpt>
      <trkpt lat="45.6014741" lon="7.5204023">
        <ele>2306</ele>
      </trkpt>
      <trkpt lat="45.6014759" lon="7.5204198">
        <ele>2306</ele>
      </trkpt>
      <trkpt lat="45.6014800" lon="7.5204379">
        <ele>2305</ele>
      </trkpt>
      <trkpt lat="45.6014860" lon="7.5204526">
        <ele>2305</ele>
      </trkpt>
      <trkpt lat="45.6014931" lon="7.5204678">
        <ele>2305</ele>
      </trkpt>
      <trkpt lat="45.6014972" lon="7.5204815">
        <ele>2305</ele>
      </trkpt>
      <trkpt lat="45.6015014" lon="7.5205117">
        <ele>2304</ele>
      </trkpt>
      <trkpt lat="45.6015018" lon="7.5205370">
        <ele>2304</ele>
      </trkpt>
      <trkpt lat="45.6015036" lon="7.5205584">
        <ele>2304</ele>
      </trkpt>
      <trkpt lat="45.6015113" lon="7.5205863">
        <ele>2303</ele>
      </trkpt>
      <trkpt lat="45.6015230" lon="7.5206245">
        <ele>2303</ele>
      </trkpt>
      <trkpt lat="45.6015314" lon="7.5206441">
        <ele>2303</ele>
      </trkpt>
      <trkpt lat="45.6015358" lon="7.5206616">
        <ele>2303</ele>
      </trkpt>
      <trkpt lat="45.6015402" lon="7.5206967">
        <ele>2302</ele>
      </trkpt>
      <trkpt lat="45.6015420" lon="7.5207226">
        <ele>2302</ele>
      </trkpt>
      <trkpt lat="45.6015425" lon="7.5207297">
        <ele>2302</ele>
      </trkpt>
      <trkpt lat="45.6015727" lon="7.5208308">
        <ele>2301</ele>
      </trkpt>
      <trkpt lat="45.6016409" lon="7.5209861">
        <ele>2301</ele>
      </trkpt>
      <trkpt lat="45.6016900" lon="7.5210811">
        <ele>2301</ele>
      </trkpt>
      <trkpt lat="45.6018588" lon="7.5213342">
        <ele>2300</ele>
      </trkpt>
      <trkpt lat="45.6019262" lon="7.5214534">
        <ele>2300</ele>
      </trkpt>
      <trkpt lat="45.6021829" lon="7.5219357">
        <ele>2300</ele>
      </trkpt>
      <trkpt lat="45.6023433" lon="7.5220405">
        <ele>2300</ele>
      </trkpt>
      <trkpt lat="45.6024380" lon="7.5221602">
        <ele>2299</ele>
      </trkpt>
      <trkpt lat="45.6025466" lon="7.5222587">
        <ele>2299</ele>
      </trkpt>
      <trkpt lat="45.6026174" lon="7.5222832">
        <ele>2299</ele>
      </trkpt>
      <trkpt lat="45.6026772" lon="7.5223048">
        <ele>2298</ele>
      </trkpt>
      <trkpt lat="45.6026919" lon="7.5222769">
        <ele>2298</ele>
      </trkpt>
      <trkpt lat="45.6027101" lon="7.5222393">
        <ele>2298</ele>
      </trkpt>
      <trkpt lat="45.6028071" lon="7.5220784">
        <ele>2298</ele>
      </trkpt>
      <trkpt lat="45.6028178" lon="7.5220423">
        <ele>2297</ele>
      </trkpt>
      <trkpt lat="45.6028672" lon="7.5219783">
        <ele>2297</ele>
      </trkpt>
      <trkpt lat="45.6029213" lon="7.5219174">
        <ele>2297</ele>
      </trkpt>
      <trkpt lat="45.6029466" lon="7.5219023">
        <ele>2296</ele>
      </trkpt>
      <trkpt lat="45.6031323" lon="7.5217979">
        <ele>2296</ele>
      </trkpt>
      <trkpt lat="45.6031919" lon="7.5217787">
        <ele>2296</ele>
      </trkpt>
      <trkpt lat="45.6034654" lon="7.5216443">
        <ele>2295</ele>
      </trkpt>
      <trkpt lat="45.6035194" lon="7.5216192">
        <ele>2295</ele>
      </trkpt>
      <trkpt lat="45.6036444" lon="7.5216468">
        <ele>2295</ele>
      </trkpt>
      <trkpt lat="45.6037237" lon="7.5216579">
        <ele>2295</ele>
      </trkpt>
      <trkpt lat="45.6038504" lon="7.5216898">
        <ele>2294</ele>
      </trkpt>
      <trkpt lat="45.6039098" lon="7.5216905">
        <ele>2294</ele>
      </trkpt>
      <trkpt lat="45.6039456" lon="7.5216904">
        <ele>2294</ele>
      </trkpt>
      <trkpt lat="45.6039658" lon="7.5216984">
        <ele>2293</ele>
      </trkpt>
      <trkpt lat="45.6039904" lon="7.5217038">
        <ele>2293</ele>
      </trkpt>
      <trkpt lat="45.6040249" lon="7.5216863">
        <ele>2293</ele>
      </trkpt>
      <trkpt lat="45.6040636" lon="7.5216487">
        <ele>2293</ele>
      </trkpt>
      <trkpt lat="45.6041473" lon="7.5216069">
        <ele>2292</ele>
      </trkpt>
      <trkpt lat="45.6041657" lon="7.5216689">
        <ele>2292</ele>
      </trkpt>
      <trkpt lat="45.6041783" lon="7.5217142">
        <ele>2292</ele>
      </trkpt>
      <trkpt lat="45.6041882" lon="7.5217591">
        <ele>2291</ele>
      </trkpt>
      <trkpt lat="45.6041979" lon="7.5218211">
        <ele>2291</ele>
      </trkpt>
      <trkpt lat="45.6042059" lon="7.5218837">
        <ele>2291</ele>
      </trkpt>
      <trkpt lat="45.6042181" lon="7.5219555">
        <ele>2290</ele>
      </trkpt>
      <trkpt lat="45.6042276" lon="7.5220070">
        <ele>2290</ele>
      </trkpt>
      <trkpt lat="45.6042288" lon="7.5220383">
        <ele>2290</ele>
      </trkpt>
      <trkpt lat="45.6042269" lon="7.5220697">
        <ele>2290</ele>
      </trkpt>
      <trkpt lat="45.6042216" lon="7.5221095">
        <ele>2289</ele>
      </trkpt>
      <trkpt lat="45.6042158" lon="7.5221361">
        <ele>2289</ele>
      </trkpt>
      <trkpt lat="45.6042094" lon="7.5221727">
        <ele>2289</ele>
      </trkpt>
      <trkpt lat="45.6042051" lon="7.5222438">
        <ele>2288</ele>
      </trkpt>
      <trkpt lat="45.6042089" lon="7.5222602">
        <ele>2288</ele>
      </trkpt>
      <trkpt lat="45.6042097" lon="7.5222932">
        <ele>2288</ele>
      </trkpt>
      <trkpt lat="45.6042118" lon="7.5223333">
        <ele>2288</ele>
      </trkpt>
      <trkpt lat="45.6042174" lon="7.5223849">
        <ele>2287</ele>
      </trkpt>
      <trkpt lat="45.6042182" lon="7.5224152">
        <ele>2287</ele>
      </trkpt>
      <trkpt lat="45.6042162" lon="7.5224395">
        <ele>2287</ele>
      </trkpt>
      <trkpt lat="45.6042125" lon="7.5224548">
        <ele>2286</ele>
      </trkpt>
      <trkpt lat="45.6042078" lon="7.5224738">
        <ele>2286</ele>
      </trkpt>
      <trkpt lat="45.6042114" lon="7.5225464">
        <ele>2286</ele>
      </trkpt>
      <trkpt lat="45.6042177" lon="7.5225760">
        <ele>2285</ele>
      </trkpt>
      <trkpt lat="45.6042429" lon="7.5226137">
        <ele>2285</ele>
      </trkpt>
      <trkpt lat="45.6042659" lon="7.5226886">
        <ele>2285</ele>
      </trkpt>
      <trkpt lat="45.6042545" lon="7.5227127">
        <ele>2285</ele>
      </trkpt>
      <trkpt lat="45.6042405" lon="7.5227923">
        <ele>2284</ele>
      </trkpt>
      <trkpt lat="45.6042381" lon="7.5228436">
        <ele>2284</ele>
      </trkpt>
      <trkpt lat="45.6042390" lon="7.5228827">
        <ele>2284</ele>
      </trkpt>
      <trkpt lat="45.6042478" lon="7.5229122">
        <ele>2283</ele>
      </trkpt>
      <trkpt lat="45.6042788" lon="7.5229736">
        <ele>2283</ele>
      </trkpt>
      <trkpt lat="45.6042935" lon="7.5230046">
        <ele>2283</ele>
      </trkpt>
      <trkpt lat="45.6043119" lon="7.5230586">
        <ele>2283</ele>
      </trkpt>
      <trkpt lat="45.6043308" lon="7.5231209">
        <ele>2282</ele>
      </trkpt>
      <trkpt lat="45.6043560" lon="7.5231571">
        <ele>2282</ele>
      </trkpt>
      <trkpt lat="45.6043757" lon="7.5231835">
        <ele>2282</ele>
      </trkpt>
      <trkpt lat="45.6043926" lon="7.5232029">
        <ele>2281</ele>
      </trkpt>
      <trkpt lat="45.6044014" lon="7.5232297">
        <ele>2281</ele>
      </trkpt>
      <trkpt lat="45.6044005" lon="7.5232517">
        <ele>2281</ele>
      </trkpt>
      <trkpt lat="45.6043895" lon="7.5232630">
        <ele>2280</ele>
      </trkpt>
      <trkpt lat="45.6043729" lon="7.5232657">
        <ele>2280</ele>
      </trkpt>
      <trkpt lat="45.6043539" lon="7.5232612">
        <ele>2280</ele>
      </trkpt>
      <trkpt lat="45.6043415" lon="7.5232555">
        <ele>2280</ele>
      </trkpt>
      <trkpt lat="45.6043306" lon="7.5232547">
        <ele>2279</ele>
      </trkpt>
      <trkpt lat="45.6043265" lon="7.5232630">
        <ele>2279</ele>
      </trkpt>
      <trkpt lat="45.6043270" lon="7.5232762">
        <ele>2279</ele>
      </trkpt>
      <trkpt lat="45.6043342" lon="7.5232898">
        <ele>2278</ele>
      </trkpt>
      <trkpt lat="45.6043823" lon="7.5233331">
        <ele>2278</ele>
      </trkpt>
      <trkpt lat="45.6044212" lon="7.5233624">
        <ele>2278</ele>
      </trkpt>
      <trkpt lat="45.6044360" lon="7.5233677">
        <ele>2278</ele>
      </trkpt>
      <trkpt lat="45.6045512" lon="7.5234076">
        <ele>2277</ele>
      </trkpt>
      <trkpt lat="45.6045744" lon="7.5234237">
        <ele>2277</ele>
      </trkpt>
      <trkpt lat="45.6045885" lon="7.5234489">
        <ele>2277</ele>
      </trkpt>
      <trkpt lat="45.6046208" lon="7.5234987">
        <ele>2276</ele>
      </trkpt>
      <trkpt lat="45.6046688" lon="7.5235646">
        <ele>2276</ele>
      </trkpt>
      <trkpt lat="45.6047065" lon="7.5235863">
        <ele>2276</ele>
      </trkpt>
      <trkpt lat="45.6047327" lon="7.5236014">
        <ele>2276</ele>
      </trkpt>
      <trkpt lat="45.6047379" lon="7.5236176">
        <ele>2275</ele>
      </trkpt>
      <trkpt lat="45.6047560" lon="7.5236735">
        <ele>2275</ele>
      </trkpt>
      <trkpt lat="45.6047614" lon="7.5237306">
        <ele>2275</ele>
      </trkpt>
      <trkpt lat="45.6047791" lon="7.5237819">
        <ele>2274</ele>
      </trkpt>
      <trkpt lat="45.6048436" lon="7.5238386">
        <ele>2274</ele>
      </trkpt>
      <trkpt lat="45.6049015" lon="7.5238943">
        <ele>2274</ele>
      </trkpt>
      <trkpt lat="45.6049400" lon="7.5239451">
        <ele>2273</ele>
      </trkpt>
      <trkpt lat="45.6049689" lon="7.5239663">
        <ele>2273</ele>
      </trkpt>
      <trkpt lat="45.6049891" lon="7.5239768">
        <ele>2273</ele>
      </trkpt>
      <trkpt lat="45.6050076" lon="7.5239739">
        <ele>2273</ele>
      </trkpt>
      <trkpt lat="45.6050109" lon="7.5239722">
        <ele>2272</ele>
      </trkpt>
      <trkpt lat="45.6050138" lon="7.5239740">
        <ele>2272</ele>
      </trkpt>
      <trkpt lat="45.6050431" lon="7.5239622">
        <ele>2272</ele>
      </trkpt>
      <trkpt lat="45.6050954" lon="7.5239421">
        <ele>2271</ele>
      </trkpt>
      <trkpt lat="45.6051214" lon="7.5239271">
        <ele>2271</ele>
      </trkpt>
      <trkpt lat="45.6051880" lon="7.5239011">
        <ele>2271</ele>
      </trkpt>
      <trkpt lat="45.6052466" lon="7.5238941">
        <ele>2271</ele>
      </trkpt>
      <trkpt lat="45.6052984" lon="7.5238971">
        <ele>2270</ele>
      </trkpt>
      <trkpt lat="45.6053482" lon="7.5238930">
        <ele>2270</ele>
      </trkpt>
      <trkpt lat="45.6053799" lon="7.5238875">
        <ele>2270</ele>
      </trkpt>
      <trkpt lat="45.6054126" lon="7.5238963">
        <ele>2269</ele>
      </trkpt>
      <trkpt lat="45.6054662" lon="7.5239137">
        <ele>2269</ele>
      </trkpt>
      <trkpt lat="45.6055118" lon="7.5239279">
        <ele>2269</ele>
      </trkpt>
      <trkpt lat="45.6055524" lon="7.5239227">
        <ele>2268</ele>
      </trkpt>
      <trkpt lat="45.6057320" lon="7.5238813">
        <ele>2268</ele>
      </trkpt>
      <trkpt lat="45.6058368" lon="7.5238224">
        <ele>2268</ele>
      </trkpt>
      <trkpt lat="45.6059534" lon="7.5237577">
        <ele>2268</ele>
      </trkpt>
      <trkpt lat="45.6060211" lon="7.5237284">
        <ele>2267</ele>
      </trkpt>
      <trkpt lat="45.6060711" lon="7.5237117">
        <ele>2267</ele>
      </trkpt>
      <trkpt lat="45.6060957" lon="7.5237165">
        <ele>2267</ele>
      </trkpt>
      <trkpt lat="45.6061137" lon="7.5237348">
        <ele>2266</ele>
      </trkpt>
      <trkpt lat="45.6061411" lon="7.5237605">
        <ele>2266</ele>
      </trkpt>
      <trkpt lat="45.6061939" lon="7.5238406">
        <ele>2266</ele>
      </trkpt>
      <trkpt lat="45.6062316" lon="7.5238859">
        <ele>2266</ele>
      </trkpt>
      <trkpt lat="45.6062838" lon="7.5239175">
        <ele>2265</ele>
      </trkpt>
      <trkpt lat="45.6064148" lon="7.5239791">
        <ele>2265</ele>
      </trkpt>
      <trkpt lat="45.6064892" lon="7.5240024">
        <ele>2265</ele>
      </trkpt>
      <trkpt lat="45.6065597" lon="7.5240215">
        <ele>2264</ele>
      </trkpt>
      <trkpt lat="45.6066601" lon="7.5240695">
        <ele>2264</ele>
      </trkpt>
      <trkpt lat="45.6067088" lon="7.5240837">
        <ele>2264</ele>
      </trkpt>
      <trkpt lat="45.6067924" lon="7.5241096">
        <ele>2263</ele>
      </trkpt>
      <trkpt lat="45.6068431" lon="7.5241154">
        <ele>2263</ele>
      </trkpt>
      <trkpt lat="45.6069244" lon="7.5241138">
        <ele>2263</ele>
      </trkpt>
      <trkpt lat="45.6069604" lon="7.5240842">
        <ele>2263</ele>
      </trkpt>
      <trkpt lat="45.6070074" lon="7.5240742">
        <ele>2262</ele>
      </trkpt>
      <trkpt lat="45.6071004" lon="7.5240938">
        <ele>2262</ele>
      </trkpt>
      <trkpt lat="45.6071773" lon="7.5241237">
        <ele>2262</ele>
      </trkpt>
      <trkpt lat="45.6072355" lon="7.5241409">
        <ele>2261</ele>
      </trkpt>
      <trkpt lat="45.6072990" lon="7.5241778">
        <ele>2261</ele>
      </trkpt>
      <trkpt lat="45.6073654" lon="7.5242366">
        <ele>2261</ele>
      </trkpt>
      <trkpt lat="45.6074292" lon="7.5243274">
        <ele>2261</ele>
      </trkpt>
      <trkpt lat="45.6074909" lon="7.5244370">
        <ele>2260</ele>
      </trkpt>
      <trkpt lat="45.6075438" lon="7.5245260">
        <ele>2260</ele>
      </trkpt>
      <trkpt lat="45.6075966" lon="7.5246303">
        <ele>2260</ele>
      </trkpt>
      <trkpt lat="45.6076871" lon="7.5248129">
        <ele>2259</ele>
      </trkpt>
      <trkpt lat="45.6077867" lon="7.5249909">
        <ele>2259</ele>
      </trkpt>
      <trkpt lat="45.6078640" lon="7.5251056">
        <ele>2259</ele>
      </trkpt>
      <trkpt lat="45.6079367" lon="7.5251742">
        <ele>2258</ele>
      </trkpt>
      <trkpt lat="45.6080211" lon="7.5252447">
        <ele>2258</ele>
      </trkpt>
      <trkpt lat="45.6081283" lon="7.5254026">
        <ele>2258</ele>
      </trkpt>
      <trkpt lat="45.6082258" lon="7.5255300">
        <ele>2258</ele>
      </trkpt>
      <trkpt lat="45.6083574" lon="7.5256675">
        <ele>2257</ele>
      </trkpt>
      <trkpt lat="45.6084642" lon="7.5257947">
        <ele>2257</ele>
      </trkpt>
      <trkpt lat="45.6085452" lon="7.5258719">
        <ele>2257</ele>
      </trkpt>
      <trkpt lat="45.6086344" lon="7.5259554">
        <ele>2256</ele>
      </trkpt>
      <trkpt lat="45.6087599" lon="7.5260997">
        <ele>2256</ele>
      </trkpt>
      <trkpt lat="45.6088182" lon="7.5261841">
        <ele>2256</ele>
      </trkpt>
      <trkpt lat="45.6088832" lon="7.5262529">
        <ele>2256</ele>
      </trkpt>
      <trkpt lat="45.6089788" lon="7.5263561">
        <ele>2255</ele>
      </trkpt>
      <trkpt lat="45.6090242" lon="7.5263989">
        <ele>2255</ele>
      </trkpt>
      <trkpt lat="45.6090950" lon="7.5264896">
        <ele>2255</ele>
      </trkpt>
      <trkpt lat="45.6091514" lon="7.5265476">
        <ele>2254</ele>
      </trkpt>
      <trkpt lat="45.6092475" lon="7.5266904">
        <ele>2254</ele>
      </trkpt>
      <trkpt lat="45.6093220" lon="7.5268339">
        <ele>2254</ele>
      </trkpt>
      <trkpt lat="45.6094067" lon="7.5269902">
        <ele>2253</ele>
      </trkpt>
      <trkpt lat="45.6094940" lon="7.5271619">
        <ele>2253</ele>
      </trkpt>
      <trkpt lat="45.6095590" lon="7.5272902">
        <ele>2253</ele>
      </trkpt>
      <trkpt lat="45.6096268" lon="7.5273919">
        <ele>2253</ele>
      </trkpt>
      <trkpt lat="45.6096683" lon="7.5274944">
        <ele>2252</ele>
      </trkpt>
      <trkpt lat="45.6096986" lon="7.5275685">
        <ele>2252</ele>
      </trkpt>
      <trkpt lat="45.6097223" lon="7.5277264">
        <ele>2252</ele>
      </trkpt>
      <trkpt lat="45.6097469" lon="7.5278337">
        <ele>2251</ele>
      </trkpt>
      <trkpt lat="45.6097739" lon="7.5279189">
        <ele>2251</ele>
      </trkpt>
      <trkpt lat="45.6098198" lon="7.5280058">
        <ele>2251</ele>
      </trkpt>
      <trkpt lat="45.6098302" lon="7.5280309">
        <ele>2251</ele>
      </trkpt>
      <trkpt lat="45.6098351" lon="7.5280539">
        <ele>2250</ele>
      </trkpt>
      <trkpt lat="45.6098347" lon="7.5280792">
        <ele>2250</ele>
      </trkpt>
      <trkpt lat="45.6098304" lon="7.5281052">
        <ele>2250</ele>
      </trkpt>
      <trkpt lat="45.6098165" lon="7.5281265">
        <ele>2249</ele>
      </trkpt>
      <trkpt lat="45.6097947" lon="7.5281485">
        <ele>2249</ele>
      </trkpt>
      <trkpt lat="45.6097326" lon="7.5281584">
        <ele>2249</ele>
      </trkpt>
      <trkpt lat="45.6096701" lon="7.5281753">
        <ele>2249</ele>
      </trkpt>
      <trkpt lat="45.6096118" lon="7.5281930">
        <ele>2248</ele>
      </trkpt>
      <trkpt lat="45.6095776" lon="7.5282076">
        <ele>2248</ele>
      </trkpt>
      <trkpt lat="45.6095515" lon="7.5282248">
        <ele>2248</ele>
      </trkpt>
      <trkpt lat="45.6095277" lon="7.5282486">
        <ele>2247</ele>
      </trkpt>
      <trkpt lat="45.6094925" lon="7.5283035">
        <ele>2247</ele>
      </trkpt>
      <trkpt lat="45.6094714" lon="7.5283411">
        <ele>2247</ele>
      </trkpt>
      <trkpt lat="45.6093874" lon="7.5285044">
        <ele>2246</ele>
      </trkpt>
      <trkpt lat="45.6093681" lon="7.5285666">
        <ele>2246</ele>
      </trkpt>
      <trkpt lat="45.6093581" lon="7.5286330">
        <ele>2246</ele>
      </trkpt>
      <trkpt lat="45.6093620" lon="7.5286945">
        <ele>2246</ele>
      </trkpt>
      <trkpt lat="45.6093767" lon="7.5287514">
        <ele>2245</ele>
      </trkpt>
      <trkpt lat="45.6093959" lon="7.5288038">
        <ele>2245</ele>
      </trkpt>
      <trkpt lat="45.6094245" lon="7.5288647">
        <ele>2245</ele>
      </trkpt>
      <trkpt lat="45.6094455" lon="7.5289302">
        <ele>2244</ele>
      </trkpt>
      <trkpt lat="45.6094711" lon="7.5290022">
        <ele>2244</ele>
      </trkpt>
      <trkpt lat="45.6095090" lon="7.5290607">
        <ele>2244</ele>
      </trkpt>
      <trkpt lat="45.6095720" lon="7.5291538">
        <ele>2244</ele>
      </trkpt>
      <trkpt lat="45.6096131" lon="7.5292276">
        <ele>2243</ele>
      </trkpt>
      <trkpt lat="45.6096813" lon="7.5293558">
        <ele>2243</ele>
      </trkpt>
      <trkpt lat="45.6097594" lon="7.5295409">
        <ele>2243</ele>
      </trkpt>
      <trkpt lat="45.6098730" lon="7.5297758">
        <ele>2242</ele>
      </trkpt>
      <trkpt lat="45.6099666" lon="7.5299672">
        <ele>2242</ele>
      </trkpt>
      <trkpt lat="45.6100298" lon="7.5300735">
        <ele>2242</ele>
      </trkpt>
      <trkpt lat="45.6100700" lon="7.5301892">
        <ele>2241</ele>
      </trkpt>
      <trkpt lat="45.6101004" lon="7.5302743">
        <ele>2241</ele>
      </trkpt>
      <trkpt lat="45.6101372" lon="7.5303702">
        <ele>2241</ele>
      </trkpt>
      <trkpt lat="45.6101773" lon="7.5304837">
        <ele>2241</ele>
      </trkpt>
      <trkpt lat="45.6102346" lon="7.5306100">
        <ele>2240</ele>
      </trkpt>
      <trkpt lat="45.6103448" lon="7.5307965">
        <ele>2240</ele>
      </trkpt>
      <trkpt lat="45.6104145" lon="7.5309225">
        <ele>2240</ele>
      </trkpt>
      <trkpt lat="45.6104951" lon="7.5310635">
        <ele>2239</ele>
      </trkpt>
      <trkpt lat="45.6105660" lon="7.5311630">
        <ele>2239</ele>
      </trkpt>
      <trkpt lat="45.6106672" lon="7.5313454">
        <ele>2239</ele>
      </trkpt>
      <trkpt lat="45.6107462" lon="7.5314711">
        <ele>2239</ele>
      </trkpt>
      <trkpt lat="45.6108156" lon="7.5315794">
        <ele>2238</ele>
      </trkpt>
      <trkpt lat="45.6109037" lon="7.5317004">
        <ele>2238</ele>
      </trkpt>
      <trkpt lat="45.6109837" lon="7.5317336">
        <ele>2238</ele>
      </trkpt>
      <trkpt lat="45.6110518" lon="7.5317406">
        <ele>2237</ele>
      </trkpt>
      <trkpt lat="45.6111521" lon="7.5317248">
        <ele>2237</ele>
      </trkpt>
      <trkpt lat="45.6112073" lon="7.5316881">
        <ele>2237</ele>
      </trkpt>
      <trkpt lat="45.6112496" lon="7.5316121">
        <ele>2236</ele>
      </trkpt>
      <trkpt lat="45.6112888" lon="7.5315362">
        <ele>2236</ele>
      </trkpt>
      <trkpt lat="45.6113067" lon="7.5314873">
        <ele>2236</ele>
      </trkpt>
      <trkpt lat="45.6113343" lon="7.5314689">
        <ele>2236</ele>
      </trkpt>
      <trkpt lat="45.6113669" lon="7.5314747">
        <ele>2235</ele>
      </trkpt>
      <trkpt lat="45.6113906" lon="7.5315203">
        <ele>2235</ele>
      </trkpt>
      <trkpt lat="45.6114244" lon="7.5316230">
        <ele>2235</ele>
      </trkpt>
      <trkpt lat="45.6114579" lon="7.5317036">
        <ele>2234</ele>
      </trkpt>
      <trkpt lat="45.6115102" lon="7.5318300">
        <ele>2234</ele>
      </trkpt>
      <trkpt lat="45.6115421" lon="7.5319106">
        <ele>2234</ele>
      </trkpt>
      <trkpt lat="45.6115799" lon="7.5319603">
        <ele>2234</ele>
      </trkpt>
      <trkpt lat="45.6116720" lon="7.5320350">
        <ele>2233</ele>
      </trkpt>
      <trkpt lat="45.6117345" lon="7.5320818">
        <ele>2233</ele>
      </trkpt>
      <trkpt lat="45.6117787" lon="7.5321512">
        <ele>2233</ele>
      </trkpt>
      <trkpt lat="45.6118245" lon="7.5322293">
        <ele>2232</ele>
      </trkpt>
      <trkpt lat="45.6119013" lon="7.5323132">
        <ele>2232</ele>
      </trkpt>
      <trkpt lat="45.6119931" lon="7.5324143">
        <ele>2232</ele>
      </trkpt>
      <trkpt lat="45.6120915" lon="7.5324976">
        <ele>2231</ele>
      </trkpt>
      <trkpt lat="45.6121667" lon="7.5325728">
        <ele>2231</ele>
      </trkpt>
      <trkpt lat="45.6122419" lon="7.5326523">
        <ele>2231</ele>
      </trkpt>
      <trkpt lat="45.6122877" lon="7.5327260">
        <ele>2231</ele>
      </trkpt>
      <trkpt lat="45.6123058" lon="7.5328092">
        <ele>2230</ele>
      </trkpt>
      <trkpt lat="45.6123181" lon="7.5329279">
        <ele>2230</ele>
      </trkpt>
      <trkpt lat="45.6123209" lon="7.5330269">
        <ele>2230</ele>
      </trkpt>
      <trkpt lat="45.6123389" lon="7.5331300">
        <ele>2229</ele>
      </trkpt>
      <trkpt lat="45.6123967" lon="7.5332981">
        <ele>2229</ele>
      </trkpt>
      <trkpt lat="45.6124992" lon="7.5334540">
        <ele>2229</ele>
      </trkpt>
      <trkpt lat="45.6126230" lon="7.5337063">
        <ele>2229</ele>
      </trkpt>
      <trkpt lat="45.6126741" lon="7.5338371">
        <ele>2228</ele>
      </trkpt>
      <trkpt lat="45.6127211" lon="7.5340011">
        <ele>2228</ele>
      </trkpt>
      <trkpt lat="45.6127411" lon="7.5341481">
        <ele>2228</ele>
      </trkpt>
      <trkpt lat="45.6127466" lon="7.5342185">
        <ele>2227</ele>
      </trkpt>
      <trkpt lat="45.6127421" lon="7.5343485">
        <ele>2227</ele>
      </trkpt>
      <trkpt lat="45.6127354" lon="7.5345470">
        <ele>2227</ele>
      </trkpt>
      <trkpt lat="45.6127295" lon="7.5346925">
        <ele>2226</ele>
      </trkpt>
      <trkpt lat="45.6127332" lon="7.5347365">
        <ele>2226</ele>
      </trkpt>
      <trkpt lat="45.6127588" lon="7.5348019">
        <ele>2226</ele>
      </trkpt>
      <trkpt lat="45.6127971" lon="7.5348978">
        <ele>2226</ele>
      </trkpt>
      <trkpt lat="45.6128419" lon="7.5350134">
        <ele>2225</ele>
      </trkpt>
      <trkpt lat="45.6128682" lon="7.5351404">
        <ele>2225</ele>
      </trkpt>
      <trkpt lat="45.6128975" lon="7.5352520">
        <ele>2225</ele>
      </trkpt>
      <trkpt lat="45.6129635" lon="7.5354001">
        <ele>2224</ele>
      </trkpt>
      <trkpt lat="45.6130652" lon="7.5356089">
        <ele>2224</ele>
      </trkpt>
      <trkpt lat="45.6131680" lon="7.5357934">
        <ele>2224</ele>
      </trkpt>
      <trkpt lat="45.6132258" lon="7.5359593">
        <ele>2224</ele>
      </trkpt>
      <trkpt lat="45.6132911" lon="7.5361118">
        <ele>2223</ele>
      </trkpt>
      <trkpt lat="45.6133396" lon="7.5362780">
        <ele>2223</ele>
      </trkpt>
      <trkpt lat="45.6133776" lon="7.5363805">
        <ele>2223</ele>
      </trkpt>
      <trkpt lat="45.6134265" lon="7.5364563">
        <ele>2222</ele>
      </trkpt>
      <trkpt lat="45.6134905" lon="7.5365031">
        <ele>2222</ele>
      </trkpt>
      <trkpt lat="45.6135574" lon="7.5365344">
        <ele>2222</ele>
      </trkpt>
      <trkpt lat="45.6136120" lon="7.5365771">
        <ele>2222</ele>
      </trkpt>
      <trkpt lat="45.6137326" lon="7.5366929">
        <ele>2221</ele>
      </trkpt>
      <trkpt lat="45.6138607" lon="7.5368019">
        <ele>2221</ele>
      </trkpt>
      <trkpt lat="45.6139057" lon="7.5368404">
        <ele>2221</ele>
      </trkpt>
      <trkpt lat="45.6139410" lon="7.5369430">
        <ele>2220</ele>
      </trkpt>
      <trkpt lat="45.6140025" lon="7.5371616">
        <ele>2220</ele>
      </trkpt>
      <trkpt lat="45.6140320" lon="7.5372908">
        <ele>2220</ele>
      </trkpt>
      <trkpt lat="45.6140407" lon="7.5373677">
        <ele>2219</ele>
      </trkpt>
      <trkpt lat="45.6140248" lon="7.5374540">
        <ele>2219</ele>
      </trkpt>
      <trkpt lat="45.6139855" lon="7.5375255">
        <ele>2219</ele>
      </trkpt>
      <trkpt lat="45.6139178" lon="7.5376291">
        <ele>2219</ele>
      </trkpt>
      <trkpt lat="45.6138869" lon="7.5376713">
        <ele>2218</ele>
      </trkpt>
      <trkpt lat="45.6138780" lon="7.5376979">
        <ele>2218</ele>
      </trkpt>
      <trkpt lat="45.6138785" lon="7.5377398">
        <ele>2218</ele>
      </trkpt>
      <trkpt lat="45.6138996" lon="7.5378163">
        <ele>2217</ele>
      </trkpt>
      <trkpt lat="45.6139653" lon="7.5379997">
        <ele>2217</ele>
      </trkpt>
      <trkpt lat="45.6139957" lon="7.5380760">
        <ele>2217</ele>
      </trkpt>
      <trkpt lat="45.6140331" lon="7.5382182">
        <ele>2217</ele>
      </trkpt>
      <trkpt lat="45.6140935" lon="7.5384721">
        <ele>2216</ele>
      </trkpt>
      <trkpt lat="45.6141200" lon="7.5386102">
        <ele>2216</ele>
      </trkpt>
      <trkpt lat="45.6141323" lon="7.5388478">
        <ele>2216</ele>
      </trkpt>
      <trkpt lat="45.6141259" lon="7.5389493">
        <ele>2215</ele>
      </trkpt>
      <trkpt lat="45.6141440" lon="7.5391603">
        <ele>2215</ele>
      </trkpt>
      <trkpt lat="45.6141622" lon="7.5392523">
        <ele>2215</ele>
      </trkpt>
      <trkpt lat="45.6142353" lon="7.5394068">
        <ele>2214</ele>
      </trkpt>
      <trkpt lat="45.6142847" lon="7.5395245">
        <ele>2214</ele>
      </trkpt>
      <trkpt lat="45.6143151" lon="7.5395986">
        <ele>2214</ele>
      </trkpt>
      <trkpt lat="45.6143290" lon="7.5397238">
        <ele>2214</ele>
      </trkpt>
      <trkpt lat="45.6143239" lon="7.5399266">
        <ele>2213</ele>
      </trkpt>
      <trkpt lat="45.6143069" lon="7.5400482">
        <ele>2213</ele>
      </trkpt>
      <trkpt lat="45.6142700" lon="7.5401813">
        <ele>2213</ele>
      </trkpt>
      <trkpt lat="45.6142621" lon="7.5402894">
        <ele>2212</ele>
      </trkpt>
      <trkpt lat="45.6142898" lon="7.5404076">
        <ele>2212</ele>
      </trkpt>
      <trkpt lat="45.6143266" lon="7.5405036">
        <ele>2212</ele>
      </trkpt>
      <trkpt lat="45.6143599" lon="7.5406856">
        <ele>2212</ele>
      </trkpt>
      <trkpt lat="45.6143929" lon="7.5408477">
        <ele>2211</ele>
      </trkpt>
      <trkpt lat="45.6144271" lon="7.5409878">
        <ele>2211</ele>
      </trkpt>
      <trkpt lat="45.6144438" lon="7.5411173">
        <ele>2211</ele>
      </trkpt>
      <trkpt lat="45.6144834" lon="7.5413124">
        <ele>2210</ele>
      </trkpt>
      <trkpt lat="45.6145279" lon="7.5415271">
        <ele>2210</ele>
      </trkpt>
      <trkpt lat="45.6145662" lon="7.5417420">
        <ele>2210</ele>
      </trkpt>
      <trkpt lat="45.6146349" lon="7.5420353">
        <ele>2209</ele>
      </trkpt>
      <trkpt lat="45.6146752" lon="7.5421973">
        <ele>2209</ele>
      </trkpt>
      <trkpt lat="45.6147106" lon="7.5423087">
        <ele>2209</ele>
      </trkpt>
      <trkpt lat="45.6147339" lon="7.5424381">
        <ele>2209</ele>
      </trkpt>
      <trkpt lat="45.6147433" lon="7.5425656">
        <ele>2208</ele>
      </trkpt>
      <trkpt lat="45.6147580" lon="7.5427459">
        <ele>2208</ele>
      </trkpt>
      <trkpt lat="45.6147817" lon="7.5429127">
        <ele>2208</ele>
      </trkpt>
      <trkpt lat="45.6148193" lon="7.5430703">
        <ele>2207</ele>
      </trkpt>
      <trkpt lat="45.6148488" lon="7.5432281">
        <ele>2207</ele>
      </trkpt>
      <trkpt lat="45.6148968" lon="7.5434824">
        <ele>2207</ele>
      </trkpt>
      <trkpt lat="45.6149115" lon="7.5436604">
        <ele>2207</ele>
      </trkpt>
      <trkpt lat="45.6149170" lon="7.5438541">
        <ele>2206</ele>
      </trkpt>
      <trkpt lat="45.6149204" lon="7.5439972">
        <ele>2206</ele>
      </trkpt>
      <trkpt lat="45.6149152" lon="7.5441934">
        <ele>2206</ele>
      </trkpt>
      <trkpt lat="45.6149173" lon="7.5443630">
        <ele>2205</ele>
      </trkpt>
      <trkpt lat="45.6149394" lon="7.5445166">
        <ele>2205</ele>
      </trkpt>
      <trkpt lat="45.6149608" lon="7.5446493">
        <ele>2205</ele>
      </trkpt>
      <trkpt lat="45.6149806" lon="7.5448129">
        <ele>2204</ele>
      </trkpt>
      <trkpt lat="45.6149731" lon="7.5449453">
        <ele>2204</ele>
      </trkpt>
      <trkpt lat="45.6149572" lon="7.5450338">
        <ele>2204</ele>
      </trkpt>
      <trkpt lat="45.6149181" lon="7.5451251">
        <ele>2204</ele>
      </trkpt>
      <trkpt lat="45.6148784" lon="7.5451933">
        <ele>2203</ele>
      </trkpt>
      <trkpt lat="45.6148248" lon="7.5452598">
        <ele>2203</ele>
      </trkpt>
      <trkpt lat="45.6145206" lon="7.5455390">
        <ele>2203</ele>
      </trkpt>
      <trkpt lat="45.6144311" lon="7.5456179">
        <ele>2202</ele>
      </trkpt>
      <trkpt lat="45.6143002" lon="7.5457755">
        <ele>2202</ele>
      </trkpt>
      <trkpt lat="45.6142215" lon="7.5459141">
        <ele>2202</ele>
      </trkpt>
      <trkpt lat="45.6141073" lon="7.5460514">
        <ele>2202</ele>
      </trkpt>
      <trkpt lat="45.6140862" lon="7.5460894">
        <ele>2201</ele>
      </trkpt>
      <trkpt lat="45.6140703" lon="7.5461779">
        <ele>2201</ele>
      </trkpt>
      <trkpt lat="45.6140456" lon="7.5463041">
        <ele>2201</ele>
      </trkpt>
      <trkpt lat="45.6140175" lon="7.5464040">
        <ele>2200</ele>
      </trkpt>
      <trkpt lat="45.6139942" lon="7.5465147">
        <ele>2200</ele>
      </trkpt>
      <trkpt lat="45.6139894" lon="7.5466228">
        <ele>2200</ele>
      </trkpt>
      <trkpt lat="45.6139971" lon="7.5467415">
        <ele>2199</ele>
      </trkpt>
      <trkpt lat="45.6139988" lon="7.5468736">
        <ele>2199</ele>
      </trkpt>
      <trkpt lat="45.6139955" lon="7.5470720">
        <ele>2199</ele>
      </trkpt>
      <trkpt lat="45.6139811" lon="7.5472728">
        <ele>2199</ele>
      </trkpt>
      <trkpt lat="45.6139604" lon="7.5474716">
        <ele>2198</ele>
      </trkpt>
      <trkpt lat="45.6139199" lon="7.5476885">
        <ele>2198</ele>
      </trkpt>
      <trkpt lat="45.6138760" lon="7.5478835">
        <ele>2198</ele>
      </trkpt>
      <trkpt lat="45.6137885" lon="7.5481809">
        <ele>2197</ele>
      </trkpt>
      <trkpt lat="45.6137470" lon="7.5483141">
        <ele>2197</ele>
      </trkpt>
      <trkpt lat="45.6137133" lon="7.5484604">
        <ele>2197</ele>
      </trkpt>
      <trkpt lat="45.6136769" lon="7.5486441">
        <ele>2197</ele>
      </trkpt>
      <trkpt lat="45.6136431" lon="7.5487772">
        <ele>2196</ele>
      </trkpt>
      <trkpt lat="45.6135985" lon="7.5489171">
        <ele>2196</ele>
      </trkpt>
      <trkpt lat="45.6135526" lon="7.5490460">
        <ele>2196</ele>
      </trkpt>
      <trkpt lat="45.6134895" lon="7.5491908">
        <ele>2195</ele>
      </trkpt>
      <trkpt lat="45.6134748" lon="7.5492540">
        <ele>2195</ele>
      </trkpt>
      <trkpt lat="45.6134634" lon="7.5493248">
        <ele>2195</ele>
      </trkpt>
      <trkpt lat="45.6133010" lon="7.5497772">
        <ele>2195</ele>
      </trkpt>
      <trkpt lat="45.6132360" lon="7.5501357">
        <ele>2194</ele>
      </trkpt>
      <trkpt lat="45.6131581" lon="7.5503212">
        <ele>2194</ele>
      </trkpt>
      <trkpt lat="45.6131316" lon="7.5506636">
        <ele>2194</ele>
      </trkpt>
      <trkpt lat="45.6130545" lon="7.5511352">
        <ele>2193</ele>
      </trkpt>
      <trkpt lat="45.6130619" lon="7.5515209">
        <ele>2193</ele>
      </trkpt>
      <trkpt lat="45.6130444" lon="7.5516352">
        <ele>2193</ele>
      </trkpt>
      <trkpt lat="45.6128524" lon="7.5521837">
        <ele>2192</ele>
      </trkpt>
      <trkpt lat="45.6128050" lon="7.5522682">
        <ele>2192</ele>
      </trkpt>
      <trkpt lat="45.6127486" lon="7.5523327">
        <ele>2192</ele>
      </trkpt>
      <trkpt lat="45.6126957" lon="7.5523755">
        <ele>2192</ele>
      </trkpt>
      <trkpt lat="45.6126404" lon="7.5524011">
        <ele>2191</ele>
      </trkpt>
      <trkpt lat="45.6125820" lon="7.5524136">
        <ele>2191</ele>
      </trkpt>
      <trkpt lat="45.6125067" lon="7.5524163">
        <ele>2191</ele>
      </trkpt>
      <trkpt lat="45.6124474" lon="7.5524050">
        <ele>2190</ele>
      </trkpt>
      <trkpt lat="45.6124004" lon="7.5523842">
        <ele>2190</ele>
      </trkpt>
      <trkpt lat="45.6123876" lon="7.5523716">
        <ele>2190</ele>
      </trkpt>
      <trkpt lat="45.6123565" lon="7.5523413">
        <ele>2190</ele>
      </trkpt>
      <trkpt lat="45.6123226" lon="7.5522838">
        <ele>2189</ele>
      </trkpt>
      <trkpt lat="45.6122927" lon="7.5522416">
        <ele>2189</ele>
      </trkpt>
      <trkpt lat="45.6122526" lon="7.5522207">
        <ele>2189</ele>
      </trkpt>
      <trkpt lat="45.6122266" lon="7.5522222">
        <ele>2188</ele>
      </trkpt>
      <trkpt lat="45.6122170" lon="7.5522299">
        <ele>2188</ele>
      </trkpt>
      <trkpt lat="45.6121530" lon="7.5522855">
        <ele>2188</ele>
      </trkpt>
      <trkpt lat="45.6121024" lon="7.5523377">
        <ele>2187</ele>
      </trkpt>
      <trkpt lat="45.6120712" lon="7.5523760">
        <ele>2187</ele>
      </trkpt>
      <trkpt lat="45.6120599" lon="7.5523939">
        <ele>2187</ele>
      </trkpt>
      <trkpt lat="45.6120925" lon="7.5525296">
        <ele>2187</ele>
      </trkpt>
      <trkpt lat="45.6121404" lon="7.5527101">
        <ele>2186</ele>
      </trkpt>
      <trkpt lat="45.6121478" lon="7.5527673">
        <ele>2186</ele>
      </trkpt>
    </trkseg>
  </trk>
</gpx>
