<?xml version="1.0" encoding="UTF-8"?>
<gpx version="1.1" creator="sentieri-vda" xmlns="http://www.topografix.com/GPX/1/1">
  <metadata>
    <name>TAPPA 13: Champorcher - Crest</name>
    <desc>Catasto Sentieri VdA — AV2_S13</desc>
    <author><name>Regione Autonoma Valle d'Aosta</name></author>
  </metadata>
  <trk>
    <name>TAPPA 13: Champorcher - Crest</name>
    <src>Catasto Sentieri VdA (AV2_S13)</src>
    <trkseg>
      <trkpt lat="45.6221676" lon="7.6203273">
        <ele>1411</ele>
      </trkpt>
      <trkpt lat="45.6221278" lon="7.6204423">
        <ele>1411</ele>
      </trkpt>
      <trkpt lat="45.6221216" lon="7.6205061">
        <ele>1411</ele>
      </trkpt>
      <trkpt lat="45.6221429" lon="7.6205882">
        <ele>1410</ele>
      </trkpt>
      <trkpt lat="45.6221834" lon="7.6208226">
        <ele>1410</ele>
      </trkpt>
      <trkpt lat="45.6221828" lon="7.6209600">
        <ele>1410</ele>
      </trkpt>
      <trkpt lat="45.6221655" lon="7.6210180">
        <ele>1410</ele>
      </trkpt>
      <trkpt lat="45.6221516" lon="7.6210655">
        <ele>1410</ele>
      </trkpt>
      <trkpt lat="45.6221353" lon="7.6211097">
        <ele>1409</ele>
      </trkpt>
      <trkpt lat="45.6221342" lon="7.6211650">
        <ele>1409</ele>
      </trkpt>
      <trkpt lat="45.6221301" lon="7.6212040">
        <ele>1409</ele>
      </trkpt>
      <trkpt lat="45.6221115" lon="7.6212466">
        <ele>1409</ele>
      </trkpt>
      <trkpt lat="45.6220968" lon="7.6212791">
        <ele>1409</ele>
      </trkpt>
      <trkpt lat="45.6220869" lon="7.6213240">
        <ele>1408</ele>
      </trkpt>
      <trkpt lat="45.6220507" lon="7.6214851">
        <ele>1408</ele>
      </trkpt>
      <trkpt lat="45.6220167" lon="7.6215959">
        <ele>1408</ele>
      </trkpt>
      <trkpt lat="45.6219962" lon="7.6216757">
        <ele>1408</ele>
      </trkpt>
      <trkpt lat="45.6219672" lon="7.6217707">
        <ele>1408</ele>
      </trkpt>
      <trkpt lat="45.6218523" lon="7.6220675">
        <ele>1407</ele>
      </trkpt>
      <trkpt lat="45.6218362" lon="7.6222607">
        <ele>1407</ele>
      </trkpt>
      <trkpt lat="45.6218451" lon="7.6225109">
        <ele>1407</ele>
      </trkpt>
      <trkpt lat="45.6218262" lon="7.6225963">
        <ele>1407</ele>
      </trkpt>
      <trkpt lat="45.6217441" lon="7.6226982">
        <ele>1406</ele>
      </trkpt>
      <trkpt lat="45.6217052" lon="7.6228219">
        <ele>1406</ele>
      </trkpt>
      <trkpt lat="45.6216265" lon="7.6229486">
        <ele>1406</ele>
      </trkpt>
      <trkpt lat="45.6216078" lon="7.6230972">
        <ele>1406</ele>
      </trkpt>
      <trkpt lat="45.6215497" lon="7.6232568">
        <ele>1406</ele>
      </trkpt>
      <trkpt lat="45.6214964" lon="7.6233107">
        <ele>1405</ele>
      </trkpt>
      <trkpt lat="45.6215335" lon="7.6238023">
        <ele>1405</ele>
      </trkpt>
      <trkpt lat="45.6215151" lon="7.6244050">
        <ele>1405</ele>
      </trkpt>
      <trkpt lat="45.6214301" lon="7.6248560">
        <ele>1405</ele>
      </trkpt>
      <trkpt lat="45.6211631" lon="7.6251200">
        <ele>1405</ele>
      </trkpt>
      <trkpt lat="45.6211661" lon="7.6253760">
        <ele>1404</ele>
      </trkpt>
      <trkpt lat="45.6213501" lon="7.6256280">
        <ele>1404</ele>
      </trkpt>
      <trkpt lat="45.6212431" lon="7.6261120">
        <ele>1404</ele>
      </trkpt>
      <trkpt lat="45.6214031" lon="7.6263320">
        <ele>1404</ele>
      </trkpt>
      <trkpt lat="45.6214751" lon="7.6266830">
        <ele>1404</ele>
      </trkpt>
      <trkpt lat="45.6213451" lon="7.6271350">
        <ele>1403</ele>
      </trkpt>
      <trkpt lat="45.6215291" lon="7.6274840">
        <ele>1403</ele>
      </trkpt>
      <trkpt lat="45.6210861" lon="7.6280720">
        <ele>1403</ele>
      </trkpt>
      <trkpt lat="45.6209591" lon="7.6286840">
        <ele>1403</ele>
      </trkpt>
      <trkpt lat="45.6210841" lon="7.6297710">
        <ele>1403</ele>
      </trkpt>
      <trkpt lat="45.6210531" lon="7.6308940">
        <ele>1402</ele>
      </trkpt>
      <trkpt lat="45.6209051" lon="7.6316680">
        <ele>1402</ele>
      </trkpt>
      <trkpt lat="45.6208491" lon="7.6326310">
        <ele>1402</ele>
      </trkpt>
      <trkpt lat="45.6204521" lon="7.6333140">
        <ele>1402</ele>
      </trkpt>
      <trkpt lat="45.6203721" lon="7.6335590">
        <ele>1402</ele>
      </trkpt>
      <trkpt lat="45.6202732" lon="7.6336472">
        <ele>1401</ele>
      </trkpt>
      <trkpt lat="45.6201732" lon="7.6337072">
        <ele>1401</ele>
      </trkpt>
      <trkpt lat="45.6201232" lon="7.6338272">
        <ele>1401</ele>
      </trkpt>
      <trkpt lat="45.6200034" lon="7.6342229">
        <ele>1401</ele>
      </trkpt>
      <trkpt lat="45.6198875" lon="7.6342631">
        <ele>1401</ele>
      </trkpt>
      <trkpt lat="45.6198102" lon="7.6343190">
        <ele>1400</ele>
      </trkpt>
      <trkpt lat="45.6195884" lon="7.6345837">
        <ele>1400</ele>
      </trkpt>
      <trkpt lat="45.6193203" lon="7.6351205">
        <ele>1400</ele>
      </trkpt>
      <trkpt lat="45.6190183" lon="7.6358389">
        <ele>1400</ele>
      </trkpt>
      <trkpt lat="45.6188434" lon="7.6362604">
        <ele>1399</ele>
      </trkpt>
      <trkpt lat="45.6186793" lon="7.6364676">
        <ele>1399</ele>
      </trkpt>
      <trkpt lat="45.6185133" lon="7.6367173">
        <ele>1399</ele>
      </trkpt>
      <trkpt lat="45.6183136" lon="7.6371198">
        <ele>1399</ele>
      </trkpt>
      <trkpt lat="45.6182921" lon="7.6372085">
        <ele>1399</ele>
      </trkpt>
      <trkpt lat="45.6182231" lon="7.6372520">
        <ele>1398</ele>
      </trkpt>
      <trkpt lat="45.6180748" lon="7.6374824">
        <ele>1398</ele>
      </trkpt>
      <trkpt lat="45.6179618" lon="7.6375741">
        <ele>1398</ele>
      </trkpt>
      <trkpt lat="45.6177931" lon="7.6376886">
        <ele>1398</ele>
      </trkpt>
      <trkpt lat="45.6176822" lon="7.6377741">
        <ele>1398</ele>
      </trkpt>
      <trkpt lat="45.6175084" lon="7.6379991">
        <ele>1397</ele>
      </trkpt>
      <trkpt lat="45.6173893" lon="7.6381124">
        <ele>1397</ele>
      </trkpt>
      <trkpt lat="45.6173174" lon="7.6382277">
        <ele>1397</ele>
      </trkpt>
      <trkpt lat="45.6171767" lon="7.6384703">
        <ele>1397</ele>
      </trkpt>
      <trkpt lat="45.6168247" lon="7.6388394">
        <ele>1397</ele>
      </trkpt>
      <trkpt lat="45.6167656" lon="7.6389352">
        <ele>1396</ele>
      </trkpt>
      <trkpt lat="45.6166578" lon="7.6390999">
        <ele>1396</ele>
      </trkpt>
      <trkpt lat="45.6166188" lon="7.6391800">
        <ele>1396</ele>
      </trkpt>
      <trkpt lat="45.6165834" lon="7.6391703">
        <ele>1396</ele>
      </trkpt>
      <trkpt lat="45.6165585" lon="7.6391255">
        <ele>1396</ele>
      </trkpt>
      <trkpt lat="45.6165504" lon="7.6390658">
        <ele>1395</ele>
      </trkpt>
      <trkpt lat="45.6165676" lon="7.6388608">
        <ele>1395</ele>
      </trkpt>
      <trkpt lat="45.6165698" lon="7.6387652">
        <ele>1395</ele>
      </trkpt>
      <trkpt lat="45.6165602" lon="7.6387091">
        <ele>1395</ele>
      </trkpt>
      <trkpt lat="45.6165375" lon="7.6386146">
        <ele>1395</ele>
      </trkpt>
      <trkpt lat="45.6164066" lon="7.6384888">
        <ele>1394</ele>
      </trkpt>
      <trkpt lat="45.6163334" lon="7.6384610">
        <ele>1394</ele>
      </trkpt>
      <trkpt lat="45.6163145" lon="7.6384367">
        <ele>1394</ele>
      </trkpt>
      <trkpt lat="45.6162744" lon="7.6384788">
        <ele>1394</ele>
      </trkpt>
      <trkpt lat="45.6162517" lon="7.6384698">
        <ele>1394</ele>
      </trkpt>
      <trkpt lat="45.6162396" lon="7.6384098">
        <ele>1393</ele>
      </trkpt>
      <trkpt lat="45.6162803" lon="7.6383265">
        <ele>1393</ele>
      </trkpt>
      <trkpt lat="45.6162764" lon="7.6382865">
        <ele>1393</ele>
      </trkpt>
      <trkpt lat="45.6162578" lon="7.6382618">
        <ele>1393</ele>
      </trkpt>
      <trkpt lat="45.6161579" lon="7.6382267">
        <ele>1392</ele>
      </trkpt>
      <trkpt lat="45.6161388" lon="7.6381944">
        <ele>1392</ele>
      </trkpt>
      <trkpt lat="45.6160953" lon="7.6381772">
        <ele>1392</ele>
      </trkpt>
      <trkpt lat="45.6160307" lon="7.6381634">
        <ele>1392</ele>
      </trkpt>
      <trkpt lat="45.6159913" lon="7.6381808">
        <ele>1392</ele>
      </trkpt>
      <trkpt lat="45.6159165" lon="7.6381211">
        <ele>1391</ele>
      </trkpt>
      <trkpt lat="45.6158773" lon="7.6381425">
        <ele>1391</ele>
      </trkpt>
      <trkpt lat="45.6157015" lon="7.6380703">
        <ele>1391</ele>
      </trkpt>
      <trkpt lat="45.6156738" lon="7.6380589">
        <ele>1391</ele>
      </trkpt>
      <trkpt lat="45.6155042" lon="7.6380937">
        <ele>1391</ele>
      </trkpt>
      <trkpt lat="45.6152938" lon="7.6381386">
        <ele>1390</ele>
      </trkpt>
      <trkpt lat="45.6151984" lon="7.6381108">
        <ele>1390</ele>
      </trkpt>
      <trkpt lat="45.6151452" lon="7.6380606">
        <ele>1390</ele>
      </trkpt>
      <trkpt lat="45.6150671" lon="7.6379082">
        <ele>1390</ele>
      </trkpt>
      <trkpt lat="45.6150035" lon="7.6378570">
        <ele>1390</ele>
      </trkpt>
      <trkpt lat="45.6148858" lon="7.6377931">
        <ele>1389</ele>
      </trkpt>
      <trkpt lat="45.6146597" lon="7.6377210">
        <ele>1389</ele>
      </trkpt>
      <trkpt lat="45.6146143" lon="7.6376540">
        <ele>1389</ele>
      </trkpt>
      <trkpt lat="45.6145459" lon="7.6375944">
        <ele>1389</ele>
      </trkpt>
      <trkpt lat="45.6144671" lon="7.6374736">
        <ele>1389</ele>
      </trkpt>
      <trkpt lat="45.6144087" lon="7.6374614">
        <ele>1388</ele>
      </trkpt>
      <trkpt lat="45.6143642" lon="7.6373824">
        <ele>1388</ele>
      </trkpt>
      <trkpt lat="45.6142817" lon="7.6372976">
        <ele>1388</ele>
      </trkpt>
      <trkpt lat="45.6142324" lon="7.6372730">
        <ele>1388</ele>
      </trkpt>
      <trkpt lat="45.6141908" lon="7.6372773">
        <ele>1388</ele>
      </trkpt>
      <trkpt lat="45.6140716" lon="7.6371904">
        <ele>1387</ele>
      </trkpt>
      <trkpt lat="45.6138590" lon="7.6368973">
        <ele>1387</ele>
      </trkpt>
      <trkpt lat="45.6138319" lon="7.6368798">
        <ele>1387</ele>
      </trkpt>
      <trkpt lat="45.6136779" lon="7.6367824">
        <ele>1387</ele>
      </trkpt>
      <trkpt lat="45.6135093" lon="7.6367190">
        <ele>1387</ele>
      </trkpt>
      <trkpt lat="45.6134318" lon="7.6367208">
        <ele>1386</ele>
      </trkpt>
      <trkpt lat="45.6133710" lon="7.6366733">
        <ele>1386</ele>
      </trkpt>
      <trkpt lat="45.6133230" lon="7.6366253">
        <ele>1386</ele>
      </trkpt>
      <trkpt lat="45.6132186" lon="7.6365328">
        <ele>1386</ele>
      </trkpt>
      <trkpt lat="45.6130807" lon="7.6363337">
        <ele>1385</ele>
      </trkpt>
      <trkpt lat="45.6129679" lon="7.6362169">
        <ele>1385</ele>
      </trkpt>
      <trkpt lat="45.6128654" lon="7.6361084">
        <ele>1385</ele>
      </trkpt>
      <trkpt lat="45.6128169" lon="7.6360630">
        <ele>1385</ele>
      </trkpt>
      <trkpt lat="45.6127151" lon="7.6358639">
        <ele>1385</ele>
      </trkpt>
      <trkpt lat="45.6125721" lon="7.6356970">
        <ele>1384</ele>
      </trkpt>
      <trkpt lat="45.6120521" lon="7.6352470">
        <ele>1384</ele>
      </trkpt>
      <trkpt lat="45.6117180" lon="7.6346494">
        <ele>1384</ele>
      </trkpt>
      <trkpt lat="45.6116071" lon="7.6343700">
        <ele>1384</ele>
      </trkpt>
      <trkpt lat="45.6115900" lon="7.6342398">
        <ele>1384</ele>
      </trkpt>
      <trkpt lat="45.6115735" lon="7.6342205">
        <ele>1383</ele>
      </trkpt>
      <trkpt lat="45.6115375" lon="7.6340895">
        <ele>1383</ele>
      </trkpt>
      <trkpt lat="45.6115003" lon="7.6340352">
        <ele>1383</ele>
      </trkpt>
      <trkpt lat="45.6114884" lon="7.6339404">
        <ele>1383</ele>
      </trkpt>
      <trkpt lat="45.6114683" lon="7.6338796">
        <ele>1383</ele>
      </trkpt>
      <trkpt lat="45.6114354" lon="7.6338313">
        <ele>1382</ele>
      </trkpt>
      <trkpt lat="45.6113868" lon="7.6337190">
        <ele>1382</ele>
      </trkpt>
      <trkpt lat="45.6113734" lon="7.6336856">
        <ele>1382</ele>
      </trkpt>
      <trkpt lat="45.6113084" lon="7.6334664">
        <ele>1382</ele>
      </trkpt>
      <trkpt lat="45.6112567" lon="7.6332837">
        <ele>1382</ele>
      </trkpt>
      <trkpt lat="45.6111107" lon="7.6329499">
        <ele>1381</ele>
      </trkpt>
      <trkpt lat="45.6108948" lon="7.6324491">
        <ele>1381</ele>
      </trkpt>
      <trkpt lat="45.6107721" lon="7.6321370">
        <ele>1381</ele>
      </trkpt>
      <trkpt lat="45.6107021" lon="7.6318270">
        <ele>1381</ele>
      </trkpt>
      <trkpt lat="45.6106221" lon="7.6317570">
        <ele>1381</ele>
      </trkpt>
      <trkpt lat="45.6104721" lon="7.6311370">
        <ele>1380</ele>
      </trkpt>
      <trkpt lat="45.6102421" lon="7.6307570">
        <ele>1380</ele>
      </trkpt>
      <trkpt lat="45.6101521" lon="7.6302670">
        <ele>1380</ele>
      </trkpt>
      <trkpt lat="45.6099021" lon="7.6299170">
        <ele>1380</ele>
      </trkpt>
      <trkpt lat="45.6097121" lon="7.6298170">
        <ele>1380</ele>
      </trkpt>
      <trkpt lat="45.6095521" lon="7.6292970">
        <ele>1379</ele>
      </trkpt>
      <trkpt lat="45.6094232" lon="7.6287252">
        <ele>1379</ele>
      </trkpt>
      <trkpt lat="45.6093937" lon="7.6285972">
        <ele>1379</ele>
      </trkpt>
      <trkpt lat="45.6093821" lon="7.6283270">
        <ele>1379</ele>
      </trkpt>
      <trkpt lat="45.6093021" lon="7.6281370">
        <ele>1378</ele>
      </trkpt>
      <trkpt lat="45.6091721" lon="7.6280970">
        <ele>1378</ele>
      </trkpt>
      <trkpt lat="45.6091021" lon="7.6278970">
        <ele>1378</ele>
      </trkpt>
      <trkpt lat="45.6090721" lon="7.6275470">
        <ele>1378</ele>
      </trkpt>
      <trkpt lat="45.6090321" lon="7.6275170">
        <ele>1378</ele>
      </trkpt>
      <trkpt lat="45.6089821" lon="7.6271970">
        <ele>1377</ele>
      </trkpt>
      <trkpt lat="45.6087995" lon="7.6271029">
        <ele>1377</ele>
      </trkpt>
      <trkpt lat="45.6086821" lon="7.6269770">
        <ele>1377</ele>
      </trkpt>
      <trkpt lat="45.6086827" lon="7.6267010">
        <ele>1377</ele>
      </trkpt>
      <trkpt lat="45.6085521" lon="7.6265270">
        <ele>1377</ele>
      </trkpt>
      <trkpt lat="45.6083497" lon="7.6259455">
        <ele>1376</ele>
      </trkpt>
      <trkpt lat="45.6081688" lon="7.6258901">
        <ele>1376</ele>
      </trkpt>
      <trkpt lat="45.6080917" lon="7.6258337">
        <ele>1376</ele>
      </trkpt>
      <trkpt lat="45.6080067" lon="7.6257484">
        <ele>1376</ele>
      </trkpt>
      <trkpt lat="45.6079057" lon="7.6255592">
        <ele>1376</ele>
      </trkpt>
      <trkpt lat="45.6078380" lon="7.6253631">
        <ele>1375</ele>
      </trkpt>
      <trkpt lat="45.6076270" lon="7.6249159">
        <ele>1375</ele>
      </trkpt>
      <trkpt lat="45.6075901" lon="7.6247712">
        <ele>1375</ele>
      </trkpt>
      <trkpt lat="45.6075130" lon="7.6246891">
        <ele>1375</ele>
      </trkpt>
      <trkpt lat="45.6074782" lon="7.6246835">
        <ele>1375</ele>
      </trkpt>
      <trkpt lat="45.6074402" lon="7.6246583">
        <ele>1374</ele>
      </trkpt>
      <trkpt lat="45.6074159" lon="7.6246114">
        <ele>1374</ele>
      </trkpt>
      <trkpt lat="45.6073757" lon="7.6245541">
        <ele>1374</ele>
      </trkpt>
      <trkpt lat="45.6073418" lon="7.6245289">
        <ele>1374</ele>
      </trkpt>
      <trkpt lat="45.6073156" lon="7.6245019">
        <ele>1374</ele>
      </trkpt>
      <trkpt lat="45.6072980" lon="7.6244701">
        <ele>1373</ele>
      </trkpt>
      <trkpt lat="45.6072919" lon="7.6244262">
        <ele>1373</ele>
      </trkpt>
      <trkpt lat="45.6072796" lon="7.6243932">
        <ele>1373</ele>
      </trkpt>
      <trkpt lat="45.6071372" lon="7.6242126">
        <ele>1373</ele>
      </trkpt>
      <trkpt lat="45.6068821" lon="7.6237370">
        <ele>1373</ele>
      </trkpt>
      <trkpt lat="45.6068540" lon="7.6236975">
        <ele>1372</ele>
      </trkpt>
      <trkpt lat="45.6067551" lon="7.6236800">
        <ele>1372</ele>
      </trkpt>
      <trkpt lat="45.6066188" lon="7.6236542">
        <ele>1372</ele>
      </trkpt>
      <trkpt lat="45.6064521" lon="7.6238070">
        <ele>1372</ele>
      </trkpt>
      <trkpt lat="45.6062956" lon="7.6236637">
        <ele>1371</ele>
      </trkpt>
      <trkpt lat="45.6056021" lon="7.6232270">
        <ele>1371</ele>
      </trkpt>
      <trkpt lat="45.6055237" lon="7.6231766">
        <ele>1371</ele>
      </trkpt>
      <trkpt lat="45.6053074" lon="7.6231727">
        <ele>1371</ele>
      </trkpt>
      <trkpt lat="45.6050521" lon="7.6230770">
        <ele>1371</ele>
      </trkpt>
      <trkpt lat="45.6049721" lon="7.6229570">
        <ele>1370</ele>
      </trkpt>
      <trkpt lat="45.6049617" lon="7.6228423">
        <ele>1370</ele>
      </trkpt>
      <trkpt lat="45.6048549" lon="7.6227269">
        <ele>1370</ele>
      </trkpt>
      <trkpt lat="45.6048131" lon="7.6225424">
        <ele>1370</ele>
      </trkpt>
      <trkpt lat="45.6047828" lon="7.6225324">
        <ele>1370</ele>
      </trkpt>
      <trkpt lat="45.6040757" lon="7.6229222">
        <ele>1369</ele>
      </trkpt>
      <trkpt lat="45.6039361" lon="7.6228250">
        <ele>1369</ele>
      </trkpt>
      <trkpt lat="45.6037890" lon="7.6225797">
        <ele>1369</ele>
      </trkpt>
      <trkpt lat="45.6034921" lon="7.6226770">
        <ele>1369</ele>
      </trkpt>
      <trkpt lat="45.6034281" lon="7.6224270">
        <ele>1369</ele>
      </trkpt>
      <trkpt lat="45.6033021" lon="7.6223870">
        <ele>1368</ele>
      </trkpt>
      <trkpt lat="45.6030721" lon="7.6224870">
        <ele>1368</ele>
      </trkpt>
      <trkpt lat="45.6027781" lon="7.6222890">
        <ele>1368</ele>
      </trkpt>
      <trkpt lat="45.6025211" lon="7.6218850">
        <ele>1368</ele>
      </trkpt>
      <trkpt lat="45.6021421" lon="7.6216070">
        <ele>1368</ele>
      </trkpt>
      <trkpt lat="45.6020121" lon="7.6214770">
        <ele>1367</ele>
      </trkpt>
      <trkpt lat="45.6019381" lon="7.6213350">
        <ele>1367</ele>
      </trkpt>
      <trkpt lat="45.6017607" lon="7.6211944">
        <ele>1367</ele>
      </trkpt>
      <trkpt lat="45.6017816" lon="7.6210513">
        <ele>1367</ele>
      </trkpt>
      <trkpt lat="45.6017894" lon="7.6209821">
        <ele>1367</ele>
      </trkpt>
      <trkpt lat="45.6017721" lon="7.6209070">
        <ele>1366</ele>
      </trkpt>
      <trkpt lat="45.6013903" lon="7.6206638">
        <ele>1366</ele>
      </trkpt>
      <trkpt lat="45.6013119" lon="7.6204940">
        <ele>1366</ele>
      </trkpt>
      <trkpt lat="45.6010321" lon="7.6203070">
        <ele>1366</ele>
      </trkpt>
      <trkpt lat="45.6007421" lon="7.6196070">
        <ele>1366</ele>
      </trkpt>
      <trkpt lat="45.6005721" lon="7.6196270">
        <ele>1365</ele>
      </trkpt>
      <trkpt lat="45.6004721" lon="7.6193870">
        <ele>1365</ele>
      </trkpt>
      <trkpt lat="45.6003321" lon="7.6192970">
        <ele>1365</ele>
      </trkpt>
      <trkpt lat="45.6001991" lon="7.6192872">
        <ele>1365</ele>
      </trkpt>
      <trkpt lat="45.6000721" lon="7.6191470">
        <ele>1365</ele>
      </trkpt>
      <trkpt lat="45.5999731" lon="7.6191962">
        <ele>1364</ele>
      </trkpt>
      <trkpt lat="45.5998973" lon="7.6192486">
        <ele>1364</ele>
      </trkpt>
      <trkpt lat="45.5998530" lon="7.6193279">
        <ele>1364</ele>
      </trkpt>
      <trkpt lat="45.5998121" lon="7.6195370">
        <ele>1364</ele>
      </trkpt>
      <trkpt lat="45.5997111" lon="7.6196058">
        <ele>1363</ele>
      </trkpt>
      <trkpt lat="45.5995579" lon="7.6196141">
        <ele>1363</ele>
      </trkpt>
      <trkpt lat="45.5994569" lon="7.6196304">
        <ele>1363</ele>
      </trkpt>
      <trkpt lat="45.5993747" lon="7.6196876">
        <ele>1363</ele>
      </trkpt>
      <trkpt lat="45.5991821" lon="7.6196590">
        <ele>1363</ele>
      </trkpt>
      <trkpt lat="45.5988700" lon="7.6195973">
        <ele>1362</ele>
      </trkpt>
      <trkpt lat="45.5986621" lon="7.6194770">
        <ele>1362</ele>
      </trkpt>
      <trkpt lat="45.5984945" lon="7.6193811">
        <ele>1362</ele>
      </trkpt>
      <trkpt lat="45.5982821" lon="7.6192470">
        <ele>1362</ele>
      </trkpt>
      <trkpt lat="45.5980321" lon="7.6190570">
        <ele>1362</ele>
      </trkpt>
      <trkpt lat="45.5979269" lon="7.6190317">
        <ele>1361</ele>
      </trkpt>
      <trkpt lat="45.5978887" lon="7.6190741">
        <ele>1361</ele>
      </trkpt>
      <trkpt lat="45.5979486" lon="7.6192244">
        <ele>1361</ele>
      </trkpt>
      <trkpt lat="45.5979213" lon="7.6192542">
        <ele>1361</ele>
      </trkpt>
      <trkpt lat="45.5978721" lon="7.6192570">
        <ele>1361</ele>
      </trkpt>
      <trkpt lat="45.5976352" lon="7.6190696">
        <ele>1360</ele>
      </trkpt>
      <trkpt lat="45.5974229" lon="7.6189915">
        <ele>1360</ele>
      </trkpt>
      <trkpt lat="45.5973001" lon="7.6189889">
        <ele>1360</ele>
      </trkpt>
      <trkpt lat="45.5970521" lon="7.6193970">
        <ele>1360</ele>
      </trkpt>
      <trkpt lat="45.5969074" lon="7.6194247">
        <ele>1360</ele>
      </trkpt>
      <trkpt lat="45.5967721" lon="7.6195070">
        <ele>1359</ele>
      </trkpt>
      <trkpt lat="45.5967325" lon="7.6195792">
        <ele>1359</ele>
      </trkpt>
      <trkpt lat="45.5966630" lon="7.6199582">
        <ele>1359</ele>
      </trkpt>
      <trkpt lat="45.5966712" lon="7.6201586">
        <ele>1359</ele>
      </trkpt>
      <trkpt lat="45.5966745" lon="7.6202520">
        <ele>1359</ele>
      </trkpt>
      <trkpt lat="45.5966924" lon="7.6203083">
        <ele>1358</ele>
      </trkpt>
      <trkpt lat="45.5967006" lon="7.6203679">
        <ele>1358</ele>
      </trkpt>
      <trkpt lat="45.5966756" lon="7.6204344">
        <ele>1358</ele>
      </trkpt>
      <trkpt lat="45.5966226" lon="7.6205001">
        <ele>1358</ele>
      </trkpt>
      <trkpt lat="45.5965267" lon="7.6205776">
        <ele>1358</ele>
      </trkpt>
      <trkpt lat="45.5964638" lon="7.6206236">
        <ele>1357</ele>
      </trkpt>
      <trkpt lat="45.5964084" lon="7.6206755">
        <ele>1357</ele>
      </trkpt>
      <trkpt lat="45.5963010" lon="7.6206919">
        <ele>1357</ele>
      </trkpt>
      <trkpt lat="45.5962012" lon="7.6206944">
        <ele>1357</ele>
      </trkpt>
      <trkpt lat="45.5960847" lon="7.6207050">
        <ele>1356</ele>
      </trkpt>
      <trkpt lat="45.5960381" lon="7.6207262">
        <ele>1356</ele>
      </trkpt>
      <trkpt lat="45.5959890" lon="7.6207210">
        <ele>1356</ele>
      </trkpt>
      <trkpt lat="45.5958620" lon="7.6207226">
        <ele>1356</ele>
      </trkpt>
      <trkpt lat="45.5957819" lon="7.6207491">
        <ele>1356</ele>
      </trkpt>
      <trkpt lat="45.5957216" lon="7.6207690">
        <ele>1355</ele>
      </trkpt>
      <trkpt lat="45.5956044" lon="7.6207734">
        <ele>1355</ele>
      </trkpt>
      <trkpt lat="45.5944172" lon="7.6204944">
        <ele>1355</ele>
      </trkpt>
      <trkpt lat="45.5942881" lon="7.6204498">
        <ele>1355</ele>
      </trkpt>
      <trkpt lat="45.5942624" lon="7.6204185">
        <ele>1355</ele>
      </trkpt>
      <trkpt lat="45.5942134" lon="7.6203660">
        <ele>1354</ele>
      </trkpt>
      <trkpt lat="45.5941733" lon="7.6203486">
        <ele>1354</ele>
      </trkpt>
      <trkpt lat="45.5941170" lon="7.6203208">
        <ele>1354</ele>
      </trkpt>
      <trkpt lat="45.5940662" lon="7.6202976">
        <ele>1354</ele>
      </trkpt>
      <trkpt lat="45.5940282" lon="7.6202755">
        <ele>1354</ele>
      </trkpt>
      <trkpt lat="45.5939882" lon="7.6202596">
        <ele>1353</ele>
      </trkpt>
      <trkpt lat="45.5939501" lon="7.6202238">
        <ele>1353</ele>
      </trkpt>
      <trkpt lat="45.5939317" lon="7.6202104">
        <ele>1353</ele>
      </trkpt>
      <trkpt lat="45.5939046" lon="7.6201988">
        <ele>1353</ele>
      </trkpt>
      <trkpt lat="45.5938758" lon="7.6201919">
        <ele>1353</ele>
      </trkpt>
      <trkpt lat="45.5938332" lon="7.6201408">
        <ele>1352</ele>
      </trkpt>
      <trkpt lat="45.5938167" lon="7.6201105">
        <ele>1352</ele>
      </trkpt>
      <trkpt lat="45.5937971" lon="7.6200972">
        <ele>1352</ele>
      </trkpt>
      <trkpt lat="45.5937680" lon="7.6200887">
        <ele>1352</ele>
      </trkpt>
      <trkpt lat="45.5937150" lon="7.6200655">
        <ele>1352</ele>
      </trkpt>
      <trkpt lat="45.5936280" lon="7.6200401">
        <ele>1351</ele>
      </trkpt>
      <trkpt lat="45.5935688" lon="7.6200260">
        <ele>1351</ele>
      </trkpt>
      <trkpt lat="45.5933799" lon="7.6199410">
        <ele>1351</ele>
      </trkpt>
      <trkpt lat="45.5933011" lon="7.6199254">
        <ele>1351</ele>
      </trkpt>
      <trkpt lat="45.5931726" lon="7.6198903">
        <ele>1351</ele>
      </trkpt>
      <trkpt lat="45.5930741" lon="7.6198390">
        <ele>1350</ele>
      </trkpt>
      <trkpt lat="45.5929854" lon="7.6198044">
        <ele>1350</ele>
      </trkpt>
      <trkpt lat="45.5929572" lon="7.6197837">
        <ele>1350</ele>
      </trkpt>
      <trkpt lat="45.5929089" lon="7.6197741">
        <ele>1350</ele>
      </trkpt>
      <trkpt lat="45.5928080" lon="7.6197061">
        <ele>1349</ele>
      </trkpt>
      <trkpt lat="45.5926885" lon="7.6196569">
        <ele>1349</ele>
      </trkpt>
      <trkpt lat="45.5926159" lon="7.6196142">
        <ele>1349</ele>
      </trkpt>
      <trkpt lat="45.5924205" lon="7.6195439">
        <ele>1349</ele>
      </trkpt>
      <trkpt lat="45.5923427" lon="7.6195151">
        <ele>1349</ele>
      </trkpt>
      <trkpt lat="45.5922919" lon="7.6194965">
        <ele>1348</ele>
      </trkpt>
      <trkpt lat="45.5922485" lon="7.6194715">
        <ele>1348</ele>
      </trkpt>
      <trkpt lat="45.5922060" lon="7.6194235">
        <ele>1348</ele>
      </trkpt>
      <trkpt lat="45.5921996" lon="7.6194099">
        <ele>1348</ele>
      </trkpt>
      <trkpt lat="45.5921810" lon="7.6193796">
        <ele>1348</ele>
      </trkpt>
      <trkpt lat="45.5921301" lon="7.6193548">
        <ele>1347</ele>
      </trkpt>
      <trkpt lat="45.5921020" lon="7.6193494">
        <ele>1347</ele>
      </trkpt>
      <trkpt lat="45.5920669" lon="7.6193502">
        <ele>1347</ele>
      </trkpt>
      <trkpt lat="45.5919977" lon="7.6193565">
        <ele>1347</ele>
      </trkpt>
      <trkpt lat="45.5919324" lon="7.6193781">
        <ele>1347</ele>
      </trkpt>
      <trkpt lat="45.5918796" lon="7.6193747">
        <ele>1346</ele>
      </trkpt>
      <trkpt lat="45.5918020" lon="7.6194104">
        <ele>1346</ele>
      </trkpt>
      <trkpt lat="45.5917466" lon="7.6194608">
        <ele>1346</ele>
      </trkpt>
      <trkpt lat="45.5916855" lon="7.6194776">
        <ele>1346</ele>
      </trkpt>
      <trkpt lat="45.5916173" lon="7.6195299">
        <ele>1346</ele>
      </trkpt>
      <trkpt lat="45.5915547" lon="7.6196034">
        <ele>1345</ele>
      </trkpt>
      <trkpt lat="45.5915031" lon="7.6196170">
        <ele>1345</ele>
      </trkpt>
      <trkpt lat="45.5910090" lon="7.6195126">
        <ele>1345</ele>
      </trkpt>
      <trkpt lat="45.5907078" lon="7.6196518">
        <ele>1345</ele>
      </trkpt>
      <trkpt lat="45.5902331" lon="7.6194070">
        <ele>1345</ele>
      </trkpt>
      <trkpt lat="45.5897731" lon="7.6192670">
        <ele>1344</ele>
      </trkpt>
      <trkpt lat="45.5894631" lon="7.6189970">
        <ele>1344</ele>
      </trkpt>
      <trkpt lat="45.5893951" lon="7.6189575">
        <ele>1344</ele>
      </trkpt>
      <trkpt lat="45.5892691" lon="7.6189529">
        <ele>1344</ele>
      </trkpt>
      <trkpt lat="45.5891641" lon="7.6189820">
        <ele>1344</ele>
      </trkpt>
      <trkpt lat="45.5890731" lon="7.6188670">
        <ele>1343</ele>
      </trkpt>
      <trkpt lat="45.5888249" lon="7.6188350">
        <ele>1343</ele>
      </trkpt>
      <trkpt lat="45.5887532" lon="7.6187862">
        <ele>1343</ele>
      </trkpt>
      <trkpt lat="45.5887231" lon="7.6187770">
        <ele>1343</ele>
      </trkpt>
      <trkpt lat="45.5884331" lon="7.6188070">
        <ele>1342</ele>
      </trkpt>
      <trkpt lat="45.5882431" lon="7.6186570">
        <ele>1342</ele>
      </trkpt>
      <trkpt lat="45.5878789" lon="7.6185685">
        <ele>1342</ele>
      </trkpt>
      <trkpt lat="45.5876086" lon="7.6186792">
        <ele>1342</ele>
      </trkpt>
      <trkpt lat="45.5875322" lon="7.6186843">
        <ele>1342</ele>
      </trkpt>
      <trkpt lat="45.5875020" lon="7.6186774">
        <ele>1341</ele>
      </trkpt>
      <trkpt lat="45.5874376" lon="7.6186974">
        <ele>1341</ele>
      </trkpt>
      <trkpt lat="45.5872623" lon="7.6187002">
        <ele>1341</ele>
      </trkpt>
      <trkpt lat="45.5871687" lon="7.6186841">
        <ele>1341</ele>
      </trkpt>
      <trkpt lat="45.5870943" lon="7.6186736">
        <ele>1341</ele>
      </trkpt>
      <trkpt lat="45.5870265" lon="7.6186738">
        <ele>1340</ele>
      </trkpt>
      <trkpt lat="45.5869306" lon="7.6187083">
        <ele>1340</ele>
      </trkpt>
      <trkpt lat="45.5868134" lon="7.6188062">
        <ele>1340</ele>
      </trkpt>
      <trkpt lat="45.5867568" lon="7.6188352">
        <ele>1340</ele>
      </trkpt>
      <trkpt lat="45.5867382" lon="7.6188314">
        <ele>1340</ele>
      </trkpt>
      <trkpt lat="45.5867031" lon="7.6187470">
        <ele>1339</ele>
      </trkpt>
      <trkpt lat="45.5865431" lon="7.6187270">
        <ele>1339</ele>
      </trkpt>
      <trkpt lat="45.5862931" lon="7.6189870">
        <ele>1339</ele>
      </trkpt>
      <trkpt lat="45.5858713" lon="7.6191247">
        <ele>1339</ele>
      </trkpt>
      <trkpt lat="45.5857343" lon="7.6190963">
        <ele>1339</ele>
      </trkpt>
      <trkpt lat="45.5855814" lon="7.6190862">
        <ele>1338</ele>
      </trkpt>
      <trkpt lat="45.5855514" lon="7.6190992">
        <ele>1338</ele>
      </trkpt>
      <trkpt lat="45.5855286" lon="7.6190768">
        <ele>1338</ele>
      </trkpt>
      <trkpt lat="45.5854445" lon="7.6190697">
        <ele>1338</ele>
      </trkpt>
      <trkpt lat="45.5853897" lon="7.6190741">
        <ele>1338</ele>
      </trkpt>
      <trkpt lat="45.5852534" lon="7.6189947">
        <ele>1337</ele>
      </trkpt>
      <trkpt lat="45.5851430" lon="7.6189453">
        <ele>1337</ele>
      </trkpt>
      <trkpt lat="45.5850231" lon="7.6189370">
        <ele>1337</ele>
      </trkpt>
      <trkpt lat="45.5847031" lon="7.6189670">
        <ele>1337</ele>
      </trkpt>
      <trkpt lat="45.5846431" lon="7.6190170">
        <ele>1337</ele>
      </trkpt>
      <trkpt lat="45.5844878" lon="7.6190487">
        <ele>1336</ele>
      </trkpt>
      <trkpt lat="45.5844106" lon="7.6190705">
        <ele>1336</ele>
      </trkpt>
      <trkpt lat="45.5842920" lon="7.6190474">
        <ele>1336</ele>
      </trkpt>
      <trkpt lat="45.5842131" lon="7.6189870">
        <ele>1336</ele>
      </trkpt>
      <trkpt lat="45.5839531" lon="7.6187870">
        <ele>1335</ele>
      </trkpt>
      <trkpt lat="45.5838031" lon="7.6189570">
        <ele>1335</ele>
      </trkpt>
      <trkpt lat="45.5839031" lon="7.6190670">
        <ele>1335</ele>
      </trkpt>
      <trkpt lat="45.5839231" lon="7.6192970">
        <ele>1335</ele>
      </trkpt>
      <trkpt lat="45.5840231" lon="7.6193770">
        <ele>1335</ele>
      </trkpt>
      <trkpt lat="45.5839731" lon="7.6196370">
        <ele>1334</ele>
      </trkpt>
      <trkpt lat="45.5839731" lon="7.6198170">
        <ele>1334</ele>
      </trkpt>
      <trkpt lat="45.5839510" lon="7.6198849">
        <ele>1334</ele>
      </trkpt>
      <trkpt lat="45.5839331" lon="7.6199570">
        <ele>1334</ele>
      </trkpt>
      <trkpt lat="45.5839613" lon="7.6200271">
        <ele>1334</ele>
      </trkpt>
      <trkpt lat="45.5839571" lon="7.6200840">
        <ele>1333</ele>
      </trkpt>
      <trkpt lat="45.5839211" lon="7.6201360">
        <ele>1333</ele>
      </trkpt>
      <trkpt lat="45.5838851" lon="7.6201370">
        <ele>1333</ele>
      </trkpt>
      <trkpt lat="45.5838235" lon="7.6202006">
        <ele>1333</ele>
      </trkpt>
      <trkpt lat="45.5836204" lon="7.6205596">
        <ele>1333</ele>
      </trkpt>
      <trkpt lat="45.5831431" lon="7.6209570">
        <ele>1332</ele>
      </trkpt>
      <trkpt lat="45.5830642" lon="7.6211043">
        <ele>1332</ele>
      </trkpt>
      <trkpt lat="45.5830541" lon="7.6211850">
        <ele>1332</ele>
      </trkpt>
      <trkpt lat="45.5830345" lon="7.6212499">
        <ele>1332</ele>
      </trkpt>
      <trkpt lat="45.5830366" lon="7.6213356">
        <ele>1332</ele>
      </trkpt>
      <trkpt lat="45.5830061" lon="7.6213931">
        <ele>1331</ele>
      </trkpt>
      <trkpt lat="45.5829794" lon="7.6214106">
        <ele>1331</ele>
      </trkpt>
      <trkpt lat="45.5829531" lon="7.6214170">
        <ele>1331</ele>
      </trkpt>
      <trkpt lat="45.5828654" lon="7.6214624">
        <ele>1331</ele>
      </trkpt>
      <trkpt lat="45.5827896" lon="7.6216022">
        <ele>1331</ele>
      </trkpt>
      <trkpt lat="45.5827772" lon="7.6217024">
        <ele>1330</ele>
      </trkpt>
      <trkpt lat="45.5822984" lon="7.6220369">
        <ele>1330</ele>
      </trkpt>
      <trkpt lat="45.5815004" lon="7.6225943">
        <ele>1330</ele>
      </trkpt>
      <trkpt lat="45.5814733" lon="7.6226628">
        <ele>1330</ele>
      </trkpt>
      <trkpt lat="45.5813831" lon="7.6226870">
        <ele>1330</ele>
      </trkpt>
      <trkpt lat="45.5811927" lon="7.6229045">
        <ele>1329</ele>
      </trkpt>
      <trkpt lat="45.5811491" lon="7.6229508">
        <ele>1329</ele>
      </trkpt>
      <trkpt lat="45.5810709" lon="7.6229803">
        <ele>1329</ele>
      </trkpt>
      <trkpt lat="45.5810392" lon="7.6229798">
        <ele>1329</ele>
      </trkpt>
      <trkpt lat="45.5809730" lon="7.6229811">
        <ele>1329</ele>
      </trkpt>
      <trkpt lat="45.5809108" lon="7.6230041">
        <ele>1328</ele>
      </trkpt>
      <trkpt lat="45.5808464" lon="7.6230118">
        <ele>1328</ele>
      </trkpt>
      <trkpt lat="45.5807775" lon="7.6230135">
        <ele>1328</ele>
      </trkpt>
      <trkpt lat="45.5807321" lon="7.6229931">
        <ele>1328</ele>
      </trkpt>
      <trkpt lat="45.5807040" lon="7.6229831">
        <ele>1327</ele>
      </trkpt>
      <trkpt lat="45.5806553" lon="7.6229613">
        <ele>1327</ele>
      </trkpt>
      <trkpt lat="45.5806151" lon="7.6229316">
        <ele>1327</ele>
      </trkpt>
      <trkpt lat="45.5805730" lon="7.6228990">
        <ele>1327</ele>
      </trkpt>
      <trkpt lat="45.5805134" lon="7.6228621">
        <ele>1327</ele>
      </trkpt>
      <trkpt lat="45.5804576" lon="7.6227868">
        <ele>1326</ele>
      </trkpt>
      <trkpt lat="45.5803881" lon="7.6227349">
        <ele>1326</ele>
      </trkpt>
      <trkpt lat="45.5803237" lon="7.6227097">
        <ele>1326</ele>
      </trkpt>
      <trkpt lat="45.5802889" lon="7.6226722">
        <ele>1326</ele>
      </trkpt>
      <trkpt lat="45.5802822" lon="7.6226555">
        <ele>1326</ele>
      </trkpt>
      <trkpt lat="45.5802531" lon="7.6226547">
        <ele>1325</ele>
      </trkpt>
      <trkpt lat="45.5802218" lon="7.6226447">
        <ele>1325</ele>
      </trkpt>
      <trkpt lat="45.5801751" lon="7.6226121">
        <ele>1325</ele>
      </trkpt>
      <trkpt lat="45.5801143" lon="7.6225615">
        <ele>1325</ele>
      </trkpt>
      <trkpt lat="45.5800782" lon="7.6225164">
        <ele>1325</ele>
      </trkpt>
      <trkpt lat="45.5800108" lon="7.6224599">
        <ele>1324</ele>
      </trkpt>
      <trkpt lat="45.5799568" lon="7.6224183">
        <ele>1324</ele>
      </trkpt>
      <trkpt lat="45.5799045" lon="7.6223659">
        <ele>1324</ele>
      </trkpt>
      <trkpt lat="45.5798681" lon="7.6222963">
        <ele>1324</ele>
      </trkpt>
      <trkpt lat="45.5797970" lon="7.6221954">
        <ele>1324</ele>
      </trkpt>
      <trkpt lat="45.5797707" lon="7.6221577">
        <ele>1323</ele>
      </trkpt>
      <trkpt lat="45.5797585" lon="7.6220852">
        <ele>1323</ele>
      </trkpt>
      <trkpt lat="45.5797375" lon="7.6220367">
        <ele>1323</ele>
      </trkpt>
      <trkpt lat="45.5796784" lon="7.6219569">
        <ele>1323</ele>
      </trkpt>
      <trkpt lat="45.5796312" lon="7.6218784">
        <ele>1323</ele>
      </trkpt>
      <trkpt lat="45.5795352" lon="7.6217765">
        <ele>1322</ele>
      </trkpt>
      <trkpt lat="45.5794917" lon="7.6217362">
        <ele>1322</ele>
      </trkpt>
      <trkpt lat="45.5794609" lon="7.6216802">
        <ele>1322</ele>
      </trkpt>
      <trkpt lat="45.5794488" lon="7.6216560">
        <ele>1322</ele>
      </trkpt>
      <trkpt lat="45.5794125" lon="7.6216362">
        <ele>1322</ele>
      </trkpt>
      <trkpt lat="45.5793706" lon="7.6216418">
        <ele>1321</ele>
      </trkpt>
      <trkpt lat="45.5793273" lon="7.6216214">
        <ele>1321</ele>
      </trkpt>
      <trkpt lat="45.5792565" lon="7.6216400">
        <ele>1321</ele>
      </trkpt>
      <trkpt lat="45.5792275" lon="7.6216224">
        <ele>1321</ele>
      </trkpt>
      <trkpt lat="45.5791963" lon="7.6216247">
        <ele>1320</ele>
      </trkpt>
      <trkpt lat="45.5791630" lon="7.6216285">
        <ele>1320</ele>
      </trkpt>
      <trkpt lat="45.5791094" lon="7.6215839">
        <ele>1320</ele>
      </trkpt>
      <trkpt lat="45.5790692" lon="7.6215680">
        <ele>1320</ele>
      </trkpt>
      <trkpt lat="45.5790309" lon="7.6215827">
        <ele>1320</ele>
      </trkpt>
      <trkpt lat="45.5790031" lon="7.6216070">
        <ele>1319</ele>
      </trkpt>
      <trkpt lat="45.5788826" lon="7.6216495">
        <ele>1319</ele>
      </trkpt>
      <trkpt lat="45.5788031" lon="7.6217458">
        <ele>1319</ele>
      </trkpt>
      <trkpt lat="45.5787514" lon="7.6218328">
        <ele>1319</ele>
      </trkpt>
      <trkpt lat="45.5787208" lon="7.6218872">
        <ele>1319</ele>
      </trkpt>
      <trkpt lat="45.5787054" lon="7.6219443">
        <ele>1318</ele>
      </trkpt>
      <trkpt lat="45.5787068" lon="7.6219719">
        <ele>1318</ele>
      </trkpt>
      <trkpt lat="45.5787158" lon="7.6220008">
        <ele>1318</ele>
      </trkpt>
      <trkpt lat="45.5787170" lon="7.6220145">
        <ele>1318</ele>
      </trkpt>
      <trkpt lat="45.5786950" lon="7.6220672">
        <ele>1318</ele>
      </trkpt>
      <trkpt lat="45.5786234" lon="7.6221072">
        <ele>1317</ele>
      </trkpt>
      <trkpt lat="45.5786008" lon="7.6221062">
        <ele>1317</ele>
      </trkpt>
      <trkpt lat="45.5785941" lon="7.6220895">
        <ele>1317</ele>
      </trkpt>
      <trkpt lat="45.5785639" lon="7.6220796">
        <ele>1317</ele>
      </trkpt>
      <trkpt lat="45.5785623" lon="7.6220790">
        <ele>1317</ele>
      </trkpt>
      <trkpt lat="45.5785455" lon="7.6220723">
        <ele>1316</ele>
      </trkpt>
      <trkpt lat="45.5785138" lon="7.6220272">
        <ele>1316</ele>
      </trkpt>
      <trkpt lat="45.5784699" lon="7.6219577">
        <ele>1316</ele>
      </trkpt>
      <trkpt lat="45.5784329" lon="7.6219219">
        <ele>1316</ele>
      </trkpt>
      <trkpt lat="45.5784165" lon="7.6219085">
        <ele>1316</ele>
      </trkpt>
      <trkpt lat="45.5783287" lon="7.6219382">
        <ele>1315</ele>
      </trkpt>
      <trkpt lat="45.5783041" lon="7.6219467">
        <ele>1315</ele>
      </trkpt>
      <trkpt lat="45.5782859" lon="7.6219392">
        <ele>1315</ele>
      </trkpt>
      <trkpt lat="45.5782490" lon="7.6219126">
        <ele>1315</ele>
      </trkpt>
      <trkpt lat="45.5781830" lon="7.6219709">
        <ele>1315</ele>
      </trkpt>
      <trkpt lat="45.5781369" lon="7.6219674">
        <ele>1314</ele>
      </trkpt>
      <trkpt lat="45.5780743" lon="7.6219536">
        <ele>1314</ele>
      </trkpt>
      <trkpt lat="45.5780280" lon="7.6219517">
        <ele>1314</ele>
      </trkpt>
      <trkpt lat="45.5779481" lon="7.6219261">
        <ele>1314</ele>
      </trkpt>
      <trkpt lat="45.5779006" lon="7.6219119">
        <ele>1313</ele>
      </trkpt>
      <trkpt lat="45.5778540" lon="7.6218900">
        <ele>1313</ele>
      </trkpt>
      <trkpt lat="45.5777973" lon="7.6218960">
        <ele>1313</ele>
      </trkpt>
      <trkpt lat="45.5777231" lon="7.6219070">
        <ele>1313</ele>
      </trkpt>
      <trkpt lat="45.5776211" lon="7.6219394">
        <ele>1313</ele>
      </trkpt>
      <trkpt lat="45.5775847" lon="7.6219319">
        <ele>1312</ele>
      </trkpt>
      <trkpt lat="45.5775353" lon="7.6219408">
        <ele>1312</ele>
      </trkpt>
      <trkpt lat="45.5774668" lon="7.6219746">
        <ele>1312</ele>
      </trkpt>
      <trkpt lat="45.5774338" lon="7.6219999">
        <ele>1312</ele>
      </trkpt>
      <trkpt lat="45.5774220" lon="7.6220337">
        <ele>1312</ele>
      </trkpt>
      <trkpt lat="45.5774015" lon="7.6220927">
        <ele>1311</ele>
      </trkpt>
      <trkpt lat="45.5773655" lon="7.6221411">
        <ele>1311</ele>
      </trkpt>
      <trkpt lat="45.5773463" lon="7.6221569">
        <ele>1311</ele>
      </trkpt>
      <trkpt lat="45.5773251" lon="7.6221700">
        <ele>1311</ele>
      </trkpt>
      <trkpt lat="45.5772716" lon="7.6222031">
        <ele>1311</ele>
      </trkpt>
      <trkpt lat="45.5772356" lon="7.6222515">
        <ele>1310</ele>
      </trkpt>
      <trkpt lat="45.5771942" lon="7.6223046">
        <ele>1310</ele>
      </trkpt>
      <trkpt lat="45.5771511" lon="7.6223854">
        <ele>1310</ele>
      </trkpt>
      <trkpt lat="45.5771084" lon="7.6224806">
        <ele>1310</ele>
      </trkpt>
      <trkpt lat="45.5770867" lon="7.6225532">
        <ele>1310</ele>
      </trkpt>
      <trkpt lat="45.5770540" lon="7.6227042">
        <ele>1309</ele>
      </trkpt>
      <trkpt lat="45.5770469" lon="7.6227632">
        <ele>1309</ele>
      </trkpt>
      <trkpt lat="45.5770287" lon="7.6228749">
        <ele>1309</ele>
      </trkpt>
      <trkpt lat="45.5770078" lon="7.6229773">
        <ele>1309</ele>
      </trkpt>
      <trkpt lat="45.5769886" lon="7.6230291">
        <ele>1309</ele>
      </trkpt>
      <trkpt lat="45.5769719" lon="7.6230755">
        <ele>1308</ele>
      </trkpt>
      <trkpt lat="45.5769518" lon="7.6231059">
        <ele>1308</ele>
      </trkpt>
      <trkpt lat="45.5769342" lon="7.6231163">
        <ele>1308</ele>
      </trkpt>
      <trkpt lat="45.5769087" lon="7.6230970">
        <ele>1308</ele>
      </trkpt>
      <trkpt lat="45.5768907" lon="7.6230760">
        <ele>1308</ele>
      </trkpt>
      <trkpt lat="45.5768561" lon="7.6230741">
        <ele>1307</ele>
      </trkpt>
      <trkpt lat="45.5768412" lon="7.6230772">
        <ele>1307</ele>
      </trkpt>
      <trkpt lat="45.5767653" lon="7.6231916">
        <ele>1307</ele>
      </trkpt>
      <trkpt lat="45.5767233" lon="7.6231896">
        <ele>1307</ele>
      </trkpt>
      <trkpt lat="45.5766854" lon="7.6231660">
        <ele>1306</ele>
      </trkpt>
      <trkpt lat="45.5766169" lon="7.6231079">
        <ele>1306</ele>
      </trkpt>
      <trkpt lat="45.5765717" lon="7.6231106">
        <ele>1306</ele>
      </trkpt>
      <trkpt lat="45.5765549" lon="7.6231462">
        <ele>1306</ele>
      </trkpt>
      <trkpt lat="45.5765448" lon="7.6231970">
        <ele>1306</ele>
      </trkpt>
      <trkpt lat="45.5765228" lon="7.6232451">
        <ele>1305</ele>
      </trkpt>
      <trkpt lat="45.5764802" lon="7.6232860">
        <ele>1305</ele>
      </trkpt>
      <trkpt lat="45.5764898" lon="7.6233715">
        <ele>1305</ele>
      </trkpt>
      <trkpt lat="45.5764972" lon="7.6234419">
        <ele>1305</ele>
      </trkpt>
      <trkpt lat="45.5764866" lon="7.6234605">
        <ele>1305</ele>
      </trkpt>
      <trkpt lat="45.5764818" lon="7.6235097">
        <ele>1304</ele>
      </trkpt>
      <trkpt lat="45.5764522" lon="7.6235280">
        <ele>1304</ele>
      </trkpt>
      <trkpt lat="45.5764646" lon="7.6235752">
        <ele>1304</ele>
      </trkpt>
      <trkpt lat="45.5764674" lon="7.6236288">
        <ele>1304</ele>
      </trkpt>
      <trkpt lat="45.5764724" lon="7.6236869">
        <ele>1304</ele>
      </trkpt>
      <trkpt lat="45.5764645" lon="7.6237499">
        <ele>1303</ele>
      </trkpt>
      <trkpt lat="45.5764524" lon="7.6238146">
        <ele>1303</ele>
      </trkpt>
      <trkpt lat="45.5764325" lon="7.6238579">
        <ele>1303</ele>
      </trkpt>
      <trkpt lat="45.5764113" lon="7.6238876">
        <ele>1303</ele>
      </trkpt>
      <trkpt lat="45.5763827" lon="7.6239205">
        <ele>1303</ele>
      </trkpt>
      <trkpt lat="45.5763682" lon="7.6239699">
        <ele>1302</ele>
      </trkpt>
      <trkpt lat="45.5763763" lon="7.6240172">
        <ele>1302</ele>
      </trkpt>
      <trkpt lat="45.5763950" lon="7.6240489">
        <ele>1302</ele>
      </trkpt>
      <trkpt lat="45.5763966" lon="7.6240933">
        <ele>1302</ele>
      </trkpt>
      <trkpt lat="45.5764003" lon="7.6241330">
        <ele>1302</ele>
      </trkpt>
      <trkpt lat="45.5764127" lon="7.6241772">
        <ele>1301</ele>
      </trkpt>
      <trkpt lat="45.5764175" lon="7.6242752">
        <ele>1301</ele>
      </trkpt>
      <trkpt lat="45.5764078" lon="7.6242876">
        <ele>1301</ele>
      </trkpt>
      <trkpt lat="45.5763952" lon="7.6243170">
        <ele>1301</ele>
      </trkpt>
      <trkpt lat="45.5763829" lon="7.6243679">
        <ele>1301</ele>
      </trkpt>
      <trkpt lat="45.5763779" lon="7.6244002">
        <ele>1300</ele>
      </trkpt>
      <trkpt lat="45.5763545" lon="7.6244222">
        <ele>1300</ele>
      </trkpt>
      <trkpt lat="45.5763298" lon="7.6244198">
        <ele>1300</ele>
      </trkpt>
      <trkpt lat="45.5763038" lon="7.6244051">
        <ele>1300</ele>
      </trkpt>
      <trkpt lat="45.5762338" lon="7.6244037">
        <ele>1299</ele>
      </trkpt>
      <trkpt lat="45.5761313" lon="7.6243863">
        <ele>1299</ele>
      </trkpt>
      <trkpt lat="45.5760636" lon="7.6243880">
        <ele>1299</ele>
      </trkpt>
      <trkpt lat="45.5759896" lon="7.6244158">
        <ele>1299</ele>
      </trkpt>
      <trkpt lat="45.5759483" lon="7.6244720">
        <ele>1299</ele>
      </trkpt>
      <trkpt lat="45.5759479" lon="7.6245071">
        <ele>1298</ele>
      </trkpt>
      <trkpt lat="45.5759478" lon="7.6245149">
        <ele>1298</ele>
      </trkpt>
      <trkpt lat="45.5759826" lon="7.6245493">
        <ele>1298</ele>
      </trkpt>
      <trkpt lat="45.5759915" lon="7.6245706">
        <ele>1298</ele>
      </trkpt>
      <trkpt lat="45.5760616" lon="7.6246715">
        <ele>1298</ele>
      </trkpt>
      <trkpt lat="45.5760907" lon="7.6246769">
        <ele>1297</ele>
      </trkpt>
      <trkpt lat="45.5761338" lon="7.6246774">
        <ele>1297</ele>
      </trkpt>
      <trkpt lat="45.5761642" lon="7.6246997">
        <ele>1297</ele>
      </trkpt>
      <trkpt lat="45.5761719" lon="7.6247194">
        <ele>1297</ele>
      </trkpt>
      <trkpt lat="45.5761723" lon="7.6247470">
        <ele>1297</ele>
      </trkpt>
      <trkpt lat="45.5761653" lon="7.6247550">
        <ele>1296</ele>
      </trkpt>
      <trkpt lat="45.5761627" lon="7.6247579">
        <ele>1296</ele>
      </trkpt>
      <trkpt lat="45.5761503" lon="7.6248011">
        <ele>1296</ele>
      </trkpt>
      <trkpt lat="45.5761119" lon="7.6248297">
        <ele>1296</ele>
      </trkpt>
      <trkpt lat="45.5760433" lon="7.6248543">
        <ele>1296</ele>
      </trkpt>
      <trkpt lat="45.5760170" lon="7.6249025">
        <ele>1295</ele>
      </trkpt>
      <trkpt lat="45.5760047" lon="7.6249518">
        <ele>1295</ele>
      </trkpt>
      <trkpt lat="45.5760047" lon="7.6249534">
        <ele>1295</ele>
      </trkpt>
      <trkpt lat="45.5760029" lon="7.6249557">
        <ele>1295</ele>
      </trkpt>
      <trkpt lat="45.5759832" lon="7.6250197">
        <ele>1295</ele>
      </trkpt>
      <trkpt lat="45.5759761" lon="7.6250575">
        <ele>1294</ele>
      </trkpt>
      <trkpt lat="45.5759781" lon="7.6250881">
        <ele>1294</ele>
      </trkpt>
      <trkpt lat="45.5759914" lon="7.6251207">
        <ele>1294</ele>
      </trkpt>
      <trkpt lat="45.5759912" lon="7.6251498">
        <ele>1294</ele>
      </trkpt>
      <trkpt lat="45.5759842" lon="7.6251921">
        <ele>1294</ele>
      </trkpt>
      <trkpt lat="45.5759845" lon="7.6252634">
        <ele>1293</ele>
      </trkpt>
      <trkpt lat="45.5759814" lon="7.6253217">
        <ele>1293</ele>
      </trkpt>
      <trkpt lat="45.5759744" lon="7.6254046">
        <ele>1293</ele>
      </trkpt>
      <trkpt lat="45.5759777" lon="7.6254589">
        <ele>1293</ele>
      </trkpt>
      <trkpt lat="45.5759854" lon="7.6255162">
        <ele>1292</ele>
      </trkpt>
      <trkpt lat="45.5760010" lon="7.6255602">
        <ele>1292</ele>
      </trkpt>
      <trkpt lat="45.5760243" lon="7.6256187">
        <ele>1292</ele>
      </trkpt>
      <trkpt lat="45.5760359" lon="7.6256475">
        <ele>1292</ele>
      </trkpt>
      <trkpt lat="45.5760455" lon="7.6257224">
        <ele>1292</ele>
      </trkpt>
      <trkpt lat="45.5760582" lon="7.6257558">
        <ele>1291</ele>
      </trkpt>
      <trkpt lat="45.5760921" lon="7.6257986">
        <ele>1291</ele>
      </trkpt>
      <trkpt lat="45.5761087" lon="7.6258380">
        <ele>1291</ele>
      </trkpt>
      <trkpt lat="45.5761206" lon="7.6258837">
        <ele>1291</ele>
      </trkpt>
      <trkpt lat="45.5761226" lon="7.6259130">
        <ele>1291</ele>
      </trkpt>
      <trkpt lat="45.5761069" lon="7.6259396">
        <ele>1290</ele>
      </trkpt>
      <trkpt lat="45.5760468" lon="7.6260445">
        <ele>1290</ele>
      </trkpt>
      <trkpt lat="45.5760028" lon="7.6261483">
        <ele>1290</ele>
      </trkpt>
      <trkpt lat="45.5759523" lon="7.6262836">
        <ele>1290</ele>
      </trkpt>
      <trkpt lat="45.5759145" lon="7.6264140">
        <ele>1290</ele>
      </trkpt>
      <trkpt lat="45.5759028" lon="7.6265077">
        <ele>1289</ele>
      </trkpt>
      <trkpt lat="45.5759098" lon="7.6265733">
        <ele>1289</ele>
      </trkpt>
      <trkpt lat="45.5758931" lon="7.6270070">
        <ele>1289</ele>
      </trkpt>
      <trkpt lat="45.5757831" lon="7.6272470">
        <ele>1289</ele>
      </trkpt>
      <trkpt lat="45.5758288" lon="7.6275207">
        <ele>1289</ele>
      </trkpt>
      <trkpt lat="45.5758276" lon="7.6275263">
        <ele>1288</ele>
      </trkpt>
      <trkpt lat="45.5758112" lon="7.6275520">
        <ele>1288</ele>
      </trkpt>
      <trkpt lat="45.5757895" lon="7.6275824">
        <ele>1288</ele>
      </trkpt>
      <trkpt lat="45.5757744" lon="7.6276257">
        <ele>1288</ele>
      </trkpt>
      <trkpt lat="45.5757704" lon="7.6276465">
        <ele>1288</ele>
      </trkpt>
      <trkpt lat="45.5757414" lon="7.6277000">
        <ele>1287</ele>
      </trkpt>
      <trkpt lat="45.5757235" lon="7.6277311">
        <ele>1287</ele>
      </trkpt>
      <trkpt lat="45.5756982" lon="7.6277739">
        <ele>1287</ele>
      </trkpt>
      <trkpt lat="45.5756837" lon="7.6278225">
        <ele>1287</ele>
      </trkpt>
      <trkpt lat="45.5756739" lon="7.6278542">
        <ele>1287</ele>
      </trkpt>
      <trkpt lat="45.5756009" lon="7.6278973">
        <ele>1286</ele>
      </trkpt>
      <trkpt lat="45.5755668" lon="7.6279204">
        <ele>1286</ele>
      </trkpt>
      <trkpt lat="45.5755446" lon="7.6279569">
        <ele>1286</ele>
      </trkpt>
      <trkpt lat="45.5755220" lon="7.6279988">
        <ele>1286</ele>
      </trkpt>
      <trkpt lat="45.5754948" lon="7.6280255">
        <ele>1286</ele>
      </trkpt>
      <trkpt lat="45.5754693" lon="7.6280469">
        <ele>1285</ele>
      </trkpt>
      <trkpt lat="45.5754507" lon="7.6280649">
        <ele>1285</ele>
      </trkpt>
      <trkpt lat="45.5754449" lon="7.6280758">
        <ele>1285</ele>
      </trkpt>
      <trkpt lat="45.5754391" lon="7.6280905">
        <ele>1285</ele>
      </trkpt>
      <trkpt lat="45.5754434" lon="7.6281364">
        <ele>1284</ele>
      </trkpt>
      <trkpt lat="45.5754341" lon="7.6281680">
        <ele>1284</ele>
      </trkpt>
      <trkpt lat="45.5754348" lon="7.6281818">
        <ele>1284</ele>
      </trkpt>
      <trkpt lat="45.5754459" lon="7.6282091">
        <ele>1284</ele>
      </trkpt>
      <trkpt lat="45.5754294" lon="7.6282520">
        <ele>1284</ele>
      </trkpt>
      <trkpt lat="45.5754002" lon="7.6282895">
        <ele>1283</ele>
      </trkpt>
      <trkpt lat="45.5753752" lon="7.6283131">
        <ele>1283</ele>
      </trkpt>
      <trkpt lat="45.5753652" lon="7.6283302">
        <ele>1283</ele>
      </trkpt>
      <trkpt lat="45.5753622" lon="7.6283487">
        <ele>1283</ele>
      </trkpt>
      <trkpt lat="45.5753619" lon="7.6283671">
        <ele>1283</ele>
      </trkpt>
      <trkpt lat="45.5753508" lon="7.6283827">
        <ele>1282</ele>
      </trkpt>
      <trkpt lat="45.5753413" lon="7.6283997">
        <ele>1282</ele>
      </trkpt>
      <trkpt lat="45.5753240" lon="7.6285607">
        <ele>1282</ele>
      </trkpt>
      <trkpt lat="45.5753246" lon="7.6285869">
        <ele>1282</ele>
      </trkpt>
      <trkpt lat="45.5752531" lon="7.6289060">
        <ele>1282</ele>
      </trkpt>
      <trkpt lat="45.5750431" lon="7.6291860">
        <ele>1281</ele>
      </trkpt>
      <trkpt lat="45.5749531" lon="7.6294060">
        <ele>1281</ele>
      </trkpt>
      <trkpt lat="45.5749374" lon="7.6297086">
        <ele>1281</ele>
      </trkpt>
      <trkpt lat="45.5750153" lon="7.6298347">
        <ele>1281</ele>
      </trkpt>
      <trkpt lat="45.5750378" lon="7.6299100">
        <ele>1281</ele>
      </trkpt>
      <trkpt lat="45.5750418" lon="7.6299804">
        <ele>1280</ele>
      </trkpt>
      <trkpt lat="45.5750439" lon="7.6301198">
        <ele>1280</ele>
      </trkpt>
      <trkpt lat="45.5749931" lon="7.6303260">
        <ele>1280</ele>
      </trkpt>
      <trkpt lat="45.5749727" lon="7.6304173">
        <ele>1280</ele>
      </trkpt>
      <trkpt lat="45.5746631" lon="7.6306460">
        <ele>1280</ele>
      </trkpt>
      <trkpt lat="45.5745031" lon="7.6308660">
        <ele>1279</ele>
      </trkpt>
      <trkpt lat="45.5744931" lon="7.6309660">
        <ele>1279</ele>
      </trkpt>
      <trkpt lat="45.5746231" lon="7.6311160">
        <ele>1279</ele>
      </trkpt>
      <trkpt lat="45.5744731" lon="7.6314160">
        <ele>1279</ele>
      </trkpt>
      <trkpt lat="45.5745531" lon="7.6317060">
        <ele>1279</ele>
      </trkpt>
      <trkpt lat="45.5744231" lon="7.6318760">
        <ele>1278</ele>
      </trkpt>
      <trkpt lat="45.5743331" lon="7.6321960">
        <ele>1278</ele>
      </trkpt>
      <trkpt lat="45.5743324" lon="7.6322605">
        <ele>1278</ele>
      </trkpt>
      <trkpt lat="45.5743631" lon="7.6324160">
        <ele>1278</ele>
      </trkpt>
      <trkpt lat="45.5742631" lon="7.6327060">
        <ele>1277</ele>
      </trkpt>
      <trkpt lat="45.5740631" lon="7.6329860">
        <ele>1277</ele>
      </trkpt>
      <trkpt lat="45.5739031" lon="7.6334160">
        <ele>1277</ele>
      </trkpt>
      <trkpt lat="45.5738941" lon="7.6335570">
        <ele>1277</ele>
      </trkpt>
      <trkpt lat="45.5738611" lon="7.6338140">
        <ele>1277</ele>
      </trkpt>
      <trkpt lat="45.5738261" lon="7.6339680">
        <ele>1276</ele>
      </trkpt>
      <trkpt lat="45.5738368" lon="7.6340722">
        <ele>1276</ele>
      </trkpt>
      <trkpt lat="45.5738301" lon="7.6342760">
        <ele>1276</ele>
      </trkpt>
      <trkpt lat="45.5737951" lon="7.6343280">
        <ele>1276</ele>
      </trkpt>
      <trkpt lat="45.5737971" lon="7.6344820">
        <ele>1276</ele>
      </trkpt>
      <trkpt lat="45.5737611" lon="7.6345340">
        <ele>1275</ele>
      </trkpt>
      <trkpt lat="45.5737981" lon="7.6345840">
        <ele>1275</ele>
      </trkpt>
      <trkpt lat="45.5738341" lon="7.6345830">
        <ele>1275</ele>
      </trkpt>
      <trkpt lat="45.5738361" lon="7.6347370">
        <ele>1275</ele>
      </trkpt>
      <trkpt lat="45.5739091" lon="7.6348380">
        <ele>1275</ele>
      </trkpt>
      <trkpt lat="45.5739461" lon="7.6349400">
        <ele>1274</ele>
      </trkpt>
      <trkpt lat="45.5739471" lon="7.6349910">
        <ele>1274</ele>
      </trkpt>
      <trkpt lat="45.5739558" lon="7.6350333">
        <ele>1274</ele>
      </trkpt>
      <trkpt lat="45.5739575" lon="7.6350363">
        <ele>1274</ele>
      </trkpt>
      <trkpt lat="45.5739862" lon="7.6350562">
        <ele>1274</ele>
      </trkpt>
      <trkpt lat="45.5740058" lon="7.6350711">
        <ele>1273</ele>
      </trkpt>
      <trkpt lat="45.5740213" lon="7.6351098">
        <ele>1273</ele>
      </trkpt>
      <trkpt lat="45.5740349" lon="7.6351646">
        <ele>1273</ele>
      </trkpt>
      <trkpt lat="45.5740533" lon="7.6352224">
        <ele>1273</ele>
      </trkpt>
      <trkpt lat="45.5740719" lon="7.6352703">
        <ele>1273</ele>
      </trkpt>
      <trkpt lat="45.5741706" lon="7.6354610">
        <ele>1272</ele>
      </trkpt>
      <trkpt lat="45.5741766" lon="7.6355205">
        <ele>1272</ele>
      </trkpt>
      <trkpt lat="45.5741831" lon="7.6355549">
        <ele>1272</ele>
      </trkpt>
      <trkpt lat="45.5741929" lon="7.6355734">
        <ele>1272</ele>
      </trkpt>
      <trkpt lat="45.5742079" lon="7.6356144">
        <ele>1272</ele>
      </trkpt>
      <trkpt lat="45.5742153" lon="7.6356510">
        <ele>1271</ele>
      </trkpt>
      <trkpt lat="45.5742456" lon="7.6357085">
        <ele>1271</ele>
      </trkpt>
      <trkpt lat="45.5742685" lon="7.6357761">
        <ele>1271</ele>
      </trkpt>
      <trkpt lat="45.5742774" lon="7.6358119">
        <ele>1271</ele>
      </trkpt>
      <trkpt lat="45.5742998" lon="7.6358632">
        <ele>1270</ele>
      </trkpt>
      <trkpt lat="45.5743103" lon="7.6359111">
        <ele>1270</ele>
      </trkpt>
      <trkpt lat="45.5743185" lon="7.6359523">
        <ele>1270</ele>
      </trkpt>
      <trkpt lat="45.5743191" lon="7.6360070">
        <ele>1270</ele>
      </trkpt>
      <trkpt lat="45.5743331" lon="7.6360458">
        <ele>1270</ele>
      </trkpt>
      <trkpt lat="45.5743331" lon="7.6360676">
        <ele>1269</ele>
      </trkpt>
      <trkpt lat="45.5743227" lon="7.6360954">
        <ele>1269</ele>
      </trkpt>
      <trkpt lat="45.5743071" lon="7.6361410">
        <ele>1269</ele>
      </trkpt>
      <trkpt lat="45.5743124" lon="7.6361777">
        <ele>1269</ele>
      </trkpt>
      <trkpt lat="45.5743168" lon="7.6362274">
        <ele>1269</ele>
      </trkpt>
      <trkpt lat="45.5743142" lon="7.6362834">
        <ele>1268</ele>
      </trkpt>
      <trkpt lat="45.5743171" lon="7.6363423">
        <ele>1268</ele>
      </trkpt>
      <trkpt lat="45.5743180" lon="7.6363798">
        <ele>1268</ele>
      </trkpt>
      <trkpt lat="45.5743277" lon="7.6364232">
        <ele>1268</ele>
      </trkpt>
      <trkpt lat="45.5743314" lon="7.6364607">
        <ele>1268</ele>
      </trkpt>
      <trkpt lat="45.5743328" lon="7.6364875">
        <ele>1267</ele>
      </trkpt>
      <trkpt lat="45.5743185" lon="7.6365568">
        <ele>1267</ele>
      </trkpt>
      <trkpt lat="45.5742905" lon="7.6366885">
        <ele>1267</ele>
      </trkpt>
      <trkpt lat="45.5742801" lon="7.6367630">
        <ele>1267</ele>
      </trkpt>
      <trkpt lat="45.5742720" lon="7.6368023">
        <ele>1267</ele>
      </trkpt>
      <trkpt lat="45.5742582" lon="7.6369130">
        <ele>1266</ele>
      </trkpt>
      <trkpt lat="45.5742625" lon="7.6370048">
        <ele>1266</ele>
      </trkpt>
      <trkpt lat="45.5742948" lon="7.6371389">
        <ele>1266</ele>
      </trkpt>
      <trkpt lat="45.5743093" lon="7.6372251">
        <ele>1266</ele>
      </trkpt>
      <trkpt lat="45.5743341" lon="7.6372880">
        <ele>1266</ele>
      </trkpt>
      <trkpt lat="45.5743919" lon="7.6373855">
        <ele>1265</ele>
      </trkpt>
      <trkpt lat="45.5744091" lon="7.6374920">
        <ele>1265</ele>
      </trkpt>
      <trkpt lat="45.5745201" lon="7.6377450">
        <ele>1265</ele>
      </trkpt>
      <trkpt lat="45.5745951" lon="7.6380000">
        <ele>1265</ele>
      </trkpt>
      <trkpt lat="45.5747051" lon="7.6381510">
        <ele>1265</ele>
      </trkpt>
      <trkpt lat="45.5748151" lon="7.6383530">
        <ele>1264</ele>
      </trkpt>
      <trkpt lat="45.5748396" lon="7.6384332">
        <ele>1264</ele>
      </trkpt>
      <trkpt lat="45.5748703" lon="7.6384792">
        <ele>1264</ele>
      </trkpt>
      <trkpt lat="45.5748954" lon="7.6385092">
        <ele>1264</ele>
      </trkpt>
      <trkpt lat="45.5749527" lon="7.6385542">
        <ele>1263</ele>
      </trkpt>
      <trkpt lat="45.5749920" lon="7.6386061">
        <ele>1263</ele>
      </trkpt>
      <trkpt lat="45.5750088" lon="7.6386164">
        <ele>1263</ele>
      </trkpt>
      <trkpt lat="45.5750300" lon="7.6386320">
        <ele>1263</ele>
      </trkpt>
      <trkpt lat="45.5750506" lon="7.6386874">
        <ele>1263</ele>
      </trkpt>
      <trkpt lat="45.5750712" lon="7.6387505">
        <ele>1262</ele>
      </trkpt>
      <trkpt lat="45.5751245" lon="7.6388508">
        <ele>1262</ele>
      </trkpt>
      <trkpt lat="45.5751607" lon="7.6389127">
        <ele>1262</ele>
      </trkpt>
      <trkpt lat="45.5751761" lon="7.6390257">
        <ele>1262</ele>
      </trkpt>
      <trkpt lat="45.5752008" lon="7.6390642">
        <ele>1262</ele>
      </trkpt>
      <trkpt lat="45.5752515" lon="7.6391024">
        <ele>1261</ele>
      </trkpt>
      <trkpt lat="45.5752871" lon="7.6391568">
        <ele>1261</ele>
      </trkpt>
      <trkpt lat="45.5753378" lon="7.6392498">
        <ele>1261</ele>
      </trkpt>
      <trkpt lat="45.5753964" lon="7.6393886">
        <ele>1261</ele>
      </trkpt>
      <trkpt lat="45.5754235" lon="7.6394484">
        <ele>1261</ele>
      </trkpt>
      <trkpt lat="45.5754520" lon="7.6395029">
        <ele>1260</ele>
      </trkpt>
      <trkpt lat="45.5754631" lon="7.6395306">
        <ele>1260</ele>
      </trkpt>
      <trkpt lat="45.5754791" lon="7.6396700">
        <ele>1260</ele>
      </trkpt>
      <trkpt lat="45.5754431" lon="7.6397220">
        <ele>1260</ele>
      </trkpt>
      <trkpt lat="45.5754811" lon="7.6398750">
        <ele>1260</ele>
      </trkpt>
      <trkpt lat="45.5754821" lon="7.6399780">
        <ele>1259</ele>
      </trkpt>
      <trkpt lat="45.5753741" lon="7.6399800">
        <ele>1259</ele>
      </trkpt>
      <trkpt lat="45.5753381" lon="7.6399300">
        <ele>1259</ele>
      </trkpt>
      <trkpt lat="45.5753268" lon="7.6399461">
        <ele>1259</ele>
      </trkpt>
      <trkpt lat="45.5753114" lon="7.6400484">
        <ele>1259</ele>
      </trkpt>
      <trkpt lat="45.5753129" lon="7.6401357">
        <ele>1258</ele>
      </trkpt>
      <trkpt lat="45.5753234" lon="7.6401998">
        <ele>1258</ele>
      </trkpt>
      <trkpt lat="45.5753468" lon="7.6402682">
        <ele>1258</ele>
      </trkpt>
      <trkpt lat="45.5753503" lon="7.6402926">
        <ele>1258</ele>
      </trkpt>
      <trkpt lat="45.5753467" lon="7.6403042">
        <ele>1258</ele>
      </trkpt>
      <trkpt lat="45.5753366" lon="7.6403581">
        <ele>1257</ele>
      </trkpt>
      <trkpt lat="45.5753363" lon="7.6405293">
        <ele>1257</ele>
      </trkpt>
      <trkpt lat="45.5753390" lon="7.6405783">
        <ele>1257</ele>
      </trkpt>
      <trkpt lat="45.5753564" lon="7.6406331">
        <ele>1257</ele>
      </trkpt>
      <trkpt lat="45.5753800" lon="7.6406731">
        <ele>1256</ele>
      </trkpt>
      <trkpt lat="45.5753885" lon="7.6407074">
        <ele>1256</ele>
      </trkpt>
      <trkpt lat="45.5753985" lon="7.6407347">
        <ele>1256</ele>
      </trkpt>
      <trkpt lat="45.5754132" lon="7.6407941">
        <ele>1256</ele>
      </trkpt>
      <trkpt lat="45.5754511" lon="7.6408687">
        <ele>1256</ele>
      </trkpt>
      <trkpt lat="45.5754789" lon="7.6409055">
        <ele>1255</ele>
      </trkpt>
      <trkpt lat="45.5754917" lon="7.6409366">
        <ele>1255</ele>
      </trkpt>
      <trkpt lat="45.5755150" lon="7.6409981">
        <ele>1255</ele>
      </trkpt>
      <trkpt lat="45.5755260" lon="7.6410592">
        <ele>1255</ele>
      </trkpt>
      <trkpt lat="45.5755240" lon="7.6411182">
        <ele>1255</ele>
      </trkpt>
      <trkpt lat="45.5755097" lon="7.6411868">
        <ele>1254</ele>
      </trkpt>
      <trkpt lat="45.5754906" lon="7.6412891">
        <ele>1254</ele>
      </trkpt>
      <trkpt lat="45.5754913" lon="7.6413466">
        <ele>1254</ele>
      </trkpt>
      <trkpt lat="45.5755046" lon="7.6414206">
        <ele>1254</ele>
      </trkpt>
      <trkpt lat="45.5755317" lon="7.6414804">
        <ele>1254</ele>
      </trkpt>
      <trkpt lat="45.5755427" lon="7.6415055">
        <ele>1253</ele>
      </trkpt>
      <trkpt lat="45.5755459" lon="7.6415491">
        <ele>1253</ele>
      </trkpt>
      <trkpt lat="45.5755600" lon="7.6416039">
        <ele>1253</ele>
      </trkpt>
      <trkpt lat="45.5756044" lon="7.6417407">
        <ele>1253</ele>
      </trkpt>
      <trkpt lat="45.5756373" lon="7.6418349">
        <ele>1253</ele>
      </trkpt>
      <trkpt lat="45.5756547" lon="7.6418935">
        <ele>1252</ele>
      </trkpt>
      <trkpt lat="45.5756518" lon="7.6419196">
        <ele>1252</ele>
      </trkpt>
      <trkpt lat="45.5756407" lon="7.6419444">
        <ele>1252</ele>
      </trkpt>
      <trkpt lat="45.5756402" lon="7.6419889">
        <ele>1252</ele>
      </trkpt>
      <trkpt lat="45.5756412" lon="7.6420249">
        <ele>1252</ele>
      </trkpt>
      <trkpt lat="45.5756394" lon="7.6420609">
        <ele>1251</ele>
      </trkpt>
      <trkpt lat="45.5756402" lon="7.6421214">
        <ele>1251</ele>
      </trkpt>
      <trkpt lat="45.5756338" lon="7.6421737">
        <ele>1251</ele>
      </trkpt>
      <trkpt lat="45.5755970" lon="7.6422397">
        <ele>1251</ele>
      </trkpt>
      <trkpt lat="45.5755774" lon="7.6423045">
        <ele>1251</ele>
      </trkpt>
      <trkpt lat="45.5755607" lon="7.6423953">
        <ele>1250</ele>
      </trkpt>
      <trkpt lat="45.5755642" lon="7.6424634">
        <ele>1250</ele>
      </trkpt>
      <trkpt lat="45.5755534" lon="7.6425066">
        <ele>1250</ele>
      </trkpt>
      <trkpt lat="45.5755524" lon="7.6426016">
        <ele>1250</ele>
      </trkpt>
      <trkpt lat="45.5755613" lon="7.6426696">
        <ele>1249</ele>
      </trkpt>
      <trkpt lat="45.5755629" lon="7.6427156">
        <ele>1249</ele>
      </trkpt>
      <trkpt lat="45.5755594" lon="7.6427884">
        <ele>1249</ele>
      </trkpt>
      <trkpt lat="45.5755575" lon="7.6429344">
        <ele>1249</ele>
      </trkpt>
      <trkpt lat="45.5755541" lon="7.6429500">
        <ele>1249</ele>
      </trkpt>
      <trkpt lat="45.5755406" lon="7.6430394">
        <ele>1248</ele>
      </trkpt>
      <trkpt lat="45.5755313" lon="7.6431592">
        <ele>1248</ele>
      </trkpt>
      <trkpt lat="45.5755147" lon="7.6432569">
        <ele>1248</ele>
      </trkpt>
      <trkpt lat="45.5754976" lon="7.6433132">
        <ele>1248</ele>
      </trkpt>
      <trkpt lat="45.5754916" lon="7.6433540">
        <ele>1248</ele>
      </trkpt>
      <trkpt lat="45.5754871" lon="7.6433817">
        <ele>1247</ele>
      </trkpt>
      <trkpt lat="45.5754747" lon="7.6434256">
        <ele>1247</ele>
      </trkpt>
      <trkpt lat="45.5754615" lon="7.6434895">
        <ele>1247</ele>
      </trkpt>
      <trkpt lat="45.5754640" lon="7.6435653">
        <ele>1247</ele>
      </trkpt>
      <trkpt lat="45.5754648" lon="7.6435883">
        <ele>1247</ele>
      </trkpt>
      <trkpt lat="45.5754614" lon="7.6436391">
        <ele>1246</ele>
      </trkpt>
      <trkpt lat="45.5754572" lon="7.6437030">
        <ele>1246</ele>
      </trkpt>
      <trkpt lat="45.5754445" lon="7.6437700">
        <ele>1246</ele>
      </trkpt>
      <trkpt lat="45.5754023" lon="7.6438821">
        <ele>1246</ele>
      </trkpt>
      <trkpt lat="45.5753924" lon="7.6439152">
        <ele>1246</ele>
      </trkpt>
      <trkpt lat="45.5753795" lon="7.6439585">
        <ele>1245</ele>
      </trkpt>
      <trkpt lat="45.5753678" lon="7.6440615">
        <ele>1245</ele>
      </trkpt>
      <trkpt lat="45.5753656" lon="7.6441435">
        <ele>1245</ele>
      </trkpt>
      <trkpt lat="45.5753812" lon="7.6442366">
        <ele>1245</ele>
      </trkpt>
      <trkpt lat="45.5754056" lon="7.6443463">
        <ele>1245</ele>
      </trkpt>
      <trkpt lat="45.5754114" lon="7.6443807">
        <ele>1244</ele>
      </trkpt>
      <trkpt lat="45.5753911" lon="7.6443890">
        <ele>1244</ele>
      </trkpt>
      <trkpt lat="45.5752400" lon="7.6445817">
        <ele>1244</ele>
      </trkpt>
      <trkpt lat="45.5751421" lon="7.6447020">
        <ele>1244</ele>
      </trkpt>
      <trkpt lat="45.5751811" lon="7.6449070">
        <ele>1244</ele>
      </trkpt>
      <trkpt lat="45.5752020" lon="7.6449642">
        <ele>1243</ele>
      </trkpt>
      <trkpt lat="45.5751995" lon="7.6449972">
        <ele>1243</ele>
      </trkpt>
      <trkpt lat="45.5751837" lon="7.6450734">
        <ele>1243</ele>
      </trkpt>
      <trkpt lat="45.5751768" lon="7.6451272">
        <ele>1243</ele>
      </trkpt>
      <trkpt lat="45.5751699" lon="7.6451358">
        <ele>1243</ele>
      </trkpt>
      <trkpt lat="45.5751459" lon="7.6451509">
        <ele>1242</ele>
      </trkpt>
      <trkpt lat="45.5751295" lon="7.6451642">
        <ele>1242</ele>
      </trkpt>
      <trkpt lat="45.5751187" lon="7.6451731">
        <ele>1242</ele>
      </trkpt>
      <trkpt lat="45.5750815" lon="7.6452115">
        <ele>1242</ele>
      </trkpt>
      <trkpt lat="45.5750608" lon="7.6452334">
        <ele>1241</ele>
      </trkpt>
      <trkpt lat="45.5750485" lon="7.6452582">
        <ele>1241</ele>
      </trkpt>
      <trkpt lat="45.5750450" lon="7.6452652">
        <ele>1241</ele>
      </trkpt>
      <trkpt lat="45.5750310" lon="7.6453085">
        <ele>1241</ele>
      </trkpt>
      <trkpt lat="45.5750203" lon="7.6453639">
        <ele>1241</ele>
      </trkpt>
      <trkpt lat="45.5750124" lon="7.6454231">
        <ele>1240</ele>
      </trkpt>
      <trkpt lat="45.5750119" lon="7.6454737">
        <ele>1240</ele>
      </trkpt>
      <trkpt lat="45.5750256" lon="7.6455339">
        <ele>1240</ele>
      </trkpt>
      <trkpt lat="45.5750421" lon="7.6455687">
        <ele>1240</ele>
      </trkpt>
      <trkpt lat="45.5750501" lon="7.6456076">
        <ele>1240</ele>
      </trkpt>
      <trkpt lat="45.5750517" lon="7.6456160">
        <ele>1239</ele>
      </trkpt>
      <trkpt lat="45.5750461" lon="7.6456790">
        <ele>1239</ele>
      </trkpt>
      <trkpt lat="45.5750111" lon="7.6457310">
        <ele>1239</ele>
      </trkpt>
      <trkpt lat="45.5748311" lon="7.6457870">
        <ele>1239</ele>
      </trkpt>
      <trkpt lat="45.5747601" lon="7.6458400">
        <ele>1239</ele>
      </trkpt>
      <trkpt lat="45.5746171" lon="7.6458940">
        <ele>1238</ele>
      </trkpt>
      <trkpt lat="45.5744411" lon="7.6462570">
        <ele>1238</ele>
      </trkpt>
      <trkpt lat="45.5744801" lon="7.6465130">
        <ele>1238</ele>
      </trkpt>
      <trkpt lat="45.5745171" lon="7.6466140">
        <ele>1238</ele>
      </trkpt>
      <trkpt lat="45.5745201" lon="7.6468710">
        <ele>1238</ele>
      </trkpt>
      <trkpt lat="45.5745921" lon="7.6468690">
        <ele>1237</ele>
      </trkpt>
      <trkpt lat="45.5745931" lon="7.6469200">
        <ele>1237</ele>
      </trkpt>
      <trkpt lat="45.5746681" lon="7.6472260">
        <ele>1237</ele>
      </trkpt>
      <trkpt lat="45.5746341" lon="7.6473810">
        <ele>1237</ele>
      </trkpt>
      <trkpt lat="45.5745991" lon="7.6474330">
        <ele>1237</ele>
      </trkpt>
      <trkpt lat="45.5746731" lon="7.6476360">
        <ele>1236</ele>
      </trkpt>
      <trkpt lat="45.5746771" lon="7.6479950">
        <ele>1236</ele>
      </trkpt>
      <trkpt lat="45.5746061" lon="7.6480480">
        <ele>1236</ele>
      </trkpt>
      <trkpt lat="45.5745001" lon="7.6482550">
        <ele>1236</ele>
      </trkpt>
      <trkpt lat="45.5744691" lon="7.6486150">
        <ele>1236</ele>
      </trkpt>
      <trkpt lat="45.5744711" lon="7.6488200">
        <ele>1235</ele>
      </trkpt>
      <trkpt lat="45.5745091" lon="7.6489730">
        <ele>1235</ele>
      </trkpt>
      <trkpt lat="45.5745204" lon="7.6490260">
        <ele>1235</ele>
      </trkpt>
      <trkpt lat="45.5745538" lon="7.6490803">
        <ele>1235</ele>
      </trkpt>
      <trkpt lat="45.5745676" lon="7.6491091">
        <ele>1234</ele>
      </trkpt>
      <trkpt lat="45.5745726" lon="7.6491171">
        <ele>1234</ele>
      </trkpt>
      <trkpt lat="45.5745835" lon="7.6491348">
        <ele>1234</ele>
      </trkpt>
      <trkpt lat="45.5745949" lon="7.6491882">
        <ele>1234</ele>
      </trkpt>
      <trkpt lat="45.5746020" lon="7.6492378">
        <ele>1234</ele>
      </trkpt>
      <trkpt lat="45.5746038" lon="7.6493044">
        <ele>1233</ele>
      </trkpt>
      <trkpt lat="45.5745957" lon="7.6493919">
        <ele>1233</ele>
      </trkpt>
      <trkpt lat="45.5745868" lon="7.6494403">
        <ele>1233</ele>
      </trkpt>
      <trkpt lat="45.5745790" lon="7.6494820">
        <ele>1233</ele>
      </trkpt>
      <trkpt lat="45.5745713" lon="7.6495549">
        <ele>1233</ele>
      </trkpt>
      <trkpt lat="45.5745702" lon="7.6495986">
        <ele>1232</ele>
      </trkpt>
      <trkpt lat="45.5745672" lon="7.6496661">
        <ele>1232</ele>
      </trkpt>
      <trkpt lat="45.5745718" lon="7.6497350">
        <ele>1232</ele>
      </trkpt>
      <trkpt lat="45.5745763" lon="7.6497992">
        <ele>1232</ele>
      </trkpt>
      <trkpt lat="45.5745965" lon="7.6498700">
        <ele>1232</ele>
      </trkpt>
      <trkpt lat="45.5746013" lon="7.6499097">
        <ele>1231</ele>
      </trkpt>
      <trkpt lat="45.5746136" lon="7.6500060">
        <ele>1231</ele>
      </trkpt>
      <trkpt lat="45.5746301" lon="7.6500855">
        <ele>1231</ele>
      </trkpt>
      <trkpt lat="45.5746312" lon="7.6501782">
        <ele>1231</ele>
      </trkpt>
      <trkpt lat="45.5746204" lon="7.6502173">
        <ele>1231</ele>
      </trkpt>
      <trkpt lat="45.5746050" lon="7.6502751">
        <ele>1230</ele>
      </trkpt>
      <trkpt lat="45.5746007" lon="7.6503227">
        <ele>1230</ele>
      </trkpt>
      <trkpt lat="45.5746027" lon="7.6503534">
        <ele>1230</ele>
      </trkpt>
      <trkpt lat="45.5745626" lon="7.6504929">
        <ele>1230</ele>
      </trkpt>
      <trkpt lat="45.5745658" lon="7.6505454">
        <ele>1230</ele>
      </trkpt>
      <trkpt lat="45.5745627" lon="7.6506052">
        <ele>1229</ele>
      </trkpt>
      <trkpt lat="45.5745575" lon="7.6506658">
        <ele>1229</ele>
      </trkpt>
      <trkpt lat="45.5745510" lon="7.6507052">
        <ele>1229</ele>
      </trkpt>
      <trkpt lat="45.5745435" lon="7.6507505">
        <ele>1229</ele>
      </trkpt>
      <trkpt lat="45.5745360" lon="7.6508035">
        <ele>1229</ele>
      </trkpt>
      <trkpt lat="45.5745480" lon="7.6508607">
        <ele>1228</ele>
      </trkpt>
      <trkpt lat="45.5745625" lon="7.6509078">
        <ele>1228</ele>
      </trkpt>
      <trkpt lat="45.5745679" lon="7.6509225">
        <ele>1228</ele>
      </trkpt>
      <trkpt lat="45.5745781" lon="7.6509504">
        <ele>1228</ele>
      </trkpt>
      <trkpt lat="45.5745941" lon="7.6509875">
        <ele>1227</ele>
      </trkpt>
      <trkpt lat="45.5745938" lon="7.6510059">
        <ele>1227</ele>
      </trkpt>
      <trkpt lat="45.5745894" lon="7.6510390">
        <ele>1227</ele>
      </trkpt>
      <trkpt lat="45.5745879" lon="7.6510562">
        <ele>1227</ele>
      </trkpt>
      <trkpt lat="45.5745842" lon="7.6510996">
        <ele>1227</ele>
      </trkpt>
      <trkpt lat="45.5745873" lon="7.6511409">
        <ele>1226</ele>
      </trkpt>
      <trkpt lat="45.5746270" lon="7.6512373">
        <ele>1226</ele>
      </trkpt>
      <trkpt lat="45.5746590" lon="7.6513078">
        <ele>1226</ele>
      </trkpt>
      <trkpt lat="45.5746816" lon="7.6513118">
        <ele>1226</ele>
      </trkpt>
      <trkpt lat="45.5747187" lon="7.6513086">
        <ele>1226</ele>
      </trkpt>
      <trkpt lat="45.5747524" lon="7.6512994">
        <ele>1225</ele>
      </trkpt>
      <trkpt lat="45.5747727" lon="7.6512974">
        <ele>1225</ele>
      </trkpt>
      <trkpt lat="45.5747863" lon="7.6513124">
        <ele>1225</ele>
      </trkpt>
      <trkpt lat="45.5748067" lon="7.6513050">
        <ele>1225</ele>
      </trkpt>
      <trkpt lat="45.5748172" lon="7.6512841">
        <ele>1225</ele>
      </trkpt>
      <trkpt lat="45.5748247" lon="7.6512839">
        <ele>1224</ele>
      </trkpt>
      <trkpt lat="45.5748320" lon="7.6513090">
        <ele>1224</ele>
      </trkpt>
      <trkpt lat="45.5748215" lon="7.6513805">
        <ele>1224</ele>
      </trkpt>
      <trkpt lat="45.5748192" lon="7.6514556">
        <ele>1224</ele>
      </trkpt>
      <trkpt lat="45.5747999" lon="7.6515526">
        <ele>1224</ele>
      </trkpt>
      <trkpt lat="45.5747822" lon="7.6516496">
        <ele>1223</ele>
      </trkpt>
      <trkpt lat="45.5747901" lon="7.6517207">
        <ele>1223</ele>
      </trkpt>
      <trkpt lat="45.5747899" lon="7.6517567">
        <ele>1223</ele>
      </trkpt>
      <trkpt lat="45.5747839" lon="7.6518357">
        <ele>1223</ele>
      </trkpt>
      <trkpt lat="45.5747676" lon="7.6519158">
        <ele>1223</ele>
      </trkpt>
      <trkpt lat="45.5747575" lon="7.6519682">
        <ele>1222</ele>
      </trkpt>
      <trkpt lat="45.5747413" lon="7.6520130">
        <ele>1222</ele>
      </trkpt>
      <trkpt lat="45.5747320" lon="7.6520868">
        <ele>1222</ele>
      </trkpt>
      <trkpt lat="45.5747293" lon="7.6521811">
        <ele>1222</ele>
      </trkpt>
      <trkpt lat="45.5747490" lon="7.6522503">
        <ele>1222</ele>
      </trkpt>
      <trkpt lat="45.5747546" lon="7.6523153">
        <ele>1221</ele>
      </trkpt>
      <trkpt lat="45.5747948" lon="7.6523948">
        <ele>1221</ele>
      </trkpt>
      <trkpt lat="45.5748106" lon="7.6524143">
        <ele>1221</ele>
      </trkpt>
      <trkpt lat="45.5748177" lon="7.6524716">
        <ele>1221</ele>
      </trkpt>
      <trkpt lat="45.5748258" lon="7.6525166">
        <ele>1220</ele>
      </trkpt>
      <trkpt lat="45.5748237" lon="7.6525688">
        <ele>1220</ele>
      </trkpt>
      <trkpt lat="45.5748227" lon="7.6526661">
        <ele>1220</ele>
      </trkpt>
      <trkpt lat="45.5748277" lon="7.6527189">
        <ele>1220</ele>
      </trkpt>
      <trkpt lat="45.5748280" lon="7.6527711">
        <ele>1220</ele>
      </trkpt>
      <trkpt lat="45.5748282" lon="7.6528108">
        <ele>1219</ele>
      </trkpt>
      <trkpt lat="45.5748427" lon="7.6528598">
        <ele>1219</ele>
      </trkpt>
      <trkpt lat="45.5748451" lon="7.6530660">
        <ele>1219</ele>
      </trkpt>
      <trkpt lat="45.5748811" lon="7.6530650">
        <ele>1219</ele>
      </trkpt>
      <trkpt lat="45.5748976" lon="7.6531526">
        <ele>1219</ele>
      </trkpt>
      <trkpt lat="45.5748936" lon="7.6532272">
        <ele>1218</ele>
      </trkpt>
      <trkpt lat="45.5749021" lon="7.6533465">
        <ele>1218</ele>
      </trkpt>
      <trkpt lat="45.5749161" lon="7.6533944">
        <ele>1218</ele>
      </trkpt>
      <trkpt lat="45.5749309" lon="7.6534638">
        <ele>1218</ele>
      </trkpt>
      <trkpt lat="45.5749447" lon="7.6534957">
        <ele>1218</ele>
      </trkpt>
      <trkpt lat="45.5749660" lon="7.6535204">
        <ele>1217</ele>
      </trkpt>
      <trkpt lat="45.5750056" lon="7.6535509">
        <ele>1217</ele>
      </trkpt>
      <trkpt lat="45.5750374" lon="7.6536482">
        <ele>1217</ele>
      </trkpt>
      <trkpt lat="45.5750739" lon="7.6537784">
        <ele>1217</ele>
      </trkpt>
      <trkpt lat="45.5750892" lon="7.6538423">
        <ele>1217</ele>
      </trkpt>
      <trkpt lat="45.5751033" lon="7.6539439">
        <ele>1216</ele>
      </trkpt>
      <trkpt lat="45.5751267" lon="7.6540648">
        <ele>1216</ele>
      </trkpt>
      <trkpt lat="45.5751493" lon="7.6541608">
        <ele>1216</ele>
      </trkpt>
      <trkpt lat="45.5751831" lon="7.6541860">
        <ele>1216</ele>
      </trkpt>
      <trkpt lat="45.5752551" lon="7.6541840">
        <ele>1216</ele>
      </trkpt>
      <trkpt lat="45.5752201" lon="7.6542870">
        <ele>1215</ele>
      </trkpt>
      <trkpt lat="45.5752561" lon="7.6542870">
        <ele>1215</ele>
      </trkpt>
      <trkpt lat="45.5752921" lon="7.6543370">
        <ele>1215</ele>
      </trkpt>
      <trkpt lat="45.5752931" lon="7.6543880">
        <ele>1215</ele>
      </trkpt>
      <trkpt lat="45.5752779" lon="7.6544332">
        <ele>1215</ele>
      </trkpt>
      <trkpt lat="45.5752835" lon="7.6544602">
        <ele>1214</ele>
      </trkpt>
      <trkpt lat="45.5753038" lon="7.6545410">
        <ele>1214</ele>
      </trkpt>
      <trkpt lat="45.5753036" lon="7.6545685">
        <ele>1214</ele>
      </trkpt>
      <trkpt lat="45.5752992" lon="7.6546483">
        <ele>1214</ele>
      </trkpt>
      <trkpt lat="45.5752789" lon="7.6547124">
        <ele>1213</ele>
      </trkpt>
      <trkpt lat="45.5752661" lon="7.6548077">
        <ele>1213</ele>
      </trkpt>
      <trkpt lat="45.5752739" lon="7.6548374">
        <ele>1213</ele>
      </trkpt>
      <trkpt lat="45.5752632" lon="7.6548875">
        <ele>1213</ele>
      </trkpt>
      <trkpt lat="45.5752781" lon="7.6549584">
        <ele>1213</ele>
      </trkpt>
      <trkpt lat="45.5752718" lon="7.6550229">
        <ele>1212</ele>
      </trkpt>
      <trkpt lat="45.5752677" lon="7.6551310">
        <ele>1212</ele>
      </trkpt>
      <trkpt lat="45.5752789" lon="7.6552120">
        <ele>1212</ele>
      </trkpt>
      <trkpt lat="45.5752733" lon="7.6552849">
        <ele>1212</ele>
      </trkpt>
      <trkpt lat="45.5752714" lon="7.6553102">
        <ele>1212</ele>
      </trkpt>
      <trkpt lat="45.5752727" lon="7.6553270">
        <ele>1211</ele>
      </trkpt>
      <trkpt lat="45.5752441" lon="7.6553653">
        <ele>1211</ele>
      </trkpt>
      <trkpt lat="45.5752413" lon="7.6553967">
        <ele>1211</ele>
      </trkpt>
      <trkpt lat="45.5752550" lon="7.6554240">
        <ele>1211</ele>
      </trkpt>
      <trkpt lat="45.5752731" lon="7.6554489">
        <ele>1211</ele>
      </trkpt>
      <trkpt lat="45.5752878" lon="7.6554669">
        <ele>1210</ele>
      </trkpt>
      <trkpt lat="45.5752974" lon="7.6555034">
        <ele>1210</ele>
      </trkpt>
      <trkpt lat="45.5753074" lon="7.6555331">
        <ele>1210</ele>
      </trkpt>
      <trkpt lat="45.5753159" lon="7.6555635">
        <ele>1210</ele>
      </trkpt>
      <trkpt lat="45.5753232" lon="7.6555917">
        <ele>1210</ele>
      </trkpt>
      <trkpt lat="45.5753430" lon="7.6556303">
        <ele>1209</ele>
      </trkpt>
      <trkpt lat="45.5753628" lon="7.6556681">
        <ele>1209</ele>
      </trkpt>
      <trkpt lat="45.5753722" lon="7.6556863">
        <ele>1209</ele>
      </trkpt>
      <trkpt lat="45.5754267" lon="7.6557237">
        <ele>1209</ele>
      </trkpt>
      <trkpt lat="45.5754666" lon="7.6557266">
        <ele>1209</ele>
      </trkpt>
      <trkpt lat="45.5754737" lon="7.6557166">
        <ele>1208</ele>
      </trkpt>
      <trkpt lat="45.5755031" lon="7.6556759">
        <ele>1208</ele>
      </trkpt>
      <trkpt lat="45.5755195" lon="7.6556556">
        <ele>1208</ele>
      </trkpt>
      <trkpt lat="45.5755215" lon="7.6556739">
        <ele>1208</ele>
      </trkpt>
      <trkpt lat="45.5755186" lon="7.6557008">
        <ele>1208</ele>
      </trkpt>
      <trkpt lat="45.5755092" lon="7.6557302">
        <ele>1207</ele>
      </trkpt>
      <trkpt lat="45.5754962" lon="7.6557619">
        <ele>1207</ele>
      </trkpt>
      <trkpt lat="45.5754810" lon="7.6557983">
        <ele>1207</ele>
      </trkpt>
      <trkpt lat="45.5754645" lon="7.6558140">
        <ele>1207</ele>
      </trkpt>
      <trkpt lat="45.5754572" lon="7.6558341">
        <ele>1206</ele>
      </trkpt>
      <trkpt lat="45.5754550" lon="7.6558755">
        <ele>1206</ele>
      </trkpt>
      <trkpt lat="45.5754403" lon="7.6559073">
        <ele>1206</ele>
      </trkpt>
      <trkpt lat="45.5754347" lon="7.6559373">
        <ele>1206</ele>
      </trkpt>
      <trkpt lat="45.5754392" lon="7.6559533">
        <ele>1206</ele>
      </trkpt>
      <trkpt lat="45.5754495" lon="7.6559584">
        <ele>1205</ele>
      </trkpt>
      <trkpt lat="45.5754685" lon="7.6559732">
        <ele>1205</ele>
      </trkpt>
      <trkpt lat="45.5754725" lon="7.6559938">
        <ele>1205</ele>
      </trkpt>
      <trkpt lat="45.5754695" lon="7.6560092">
        <ele>1205</ele>
      </trkpt>
      <trkpt lat="45.5754648" lon="7.6560239">
        <ele>1205</ele>
      </trkpt>
      <trkpt lat="45.5754533" lon="7.6560502">
        <ele>1204</ele>
      </trkpt>
      <trkpt lat="45.5754499" lon="7.6560794">
        <ele>1204</ele>
      </trkpt>
      <trkpt lat="45.5754581" lon="7.6560938">
        <ele>1204</ele>
      </trkpt>
      <trkpt lat="45.5754759" lon="7.6560964">
        <ele>1204</ele>
      </trkpt>
      <trkpt lat="45.5754867" lon="7.6560985">
        <ele>1204</ele>
      </trkpt>
      <trkpt lat="45.5754933" lon="7.6561106">
        <ele>1203</ele>
      </trkpt>
      <trkpt lat="45.5754865" lon="7.6561337">
        <ele>1203</ele>
      </trkpt>
      <trkpt lat="45.5754780" lon="7.6561416">
        <ele>1203</ele>
      </trkpt>
      <trkpt lat="45.5754622" lon="7.6561718">
        <ele>1203</ele>
      </trkpt>
      <trkpt lat="45.5754462" lon="7.6562289">
        <ele>1203</ele>
      </trkpt>
      <trkpt lat="45.5754648" lon="7.6563097">
        <ele>1202</ele>
      </trkpt>
      <trkpt lat="45.5754693" lon="7.6563280">
        <ele>1202</ele>
      </trkpt>
      <trkpt lat="45.5754762" lon="7.6563600">
        <ele>1202</ele>
      </trkpt>
      <trkpt lat="45.5754802" lon="7.6563859">
        <ele>1202</ele>
      </trkpt>
      <trkpt lat="45.5754858" lon="7.6564019">
        <ele>1202</ele>
      </trkpt>
      <trkpt lat="45.5754983" lon="7.6564154">
        <ele>1201</ele>
      </trkpt>
      <trkpt lat="45.5755193" lon="7.6564149">
        <ele>1201</ele>
      </trkpt>
      <trkpt lat="45.5755451" lon="7.6564120">
        <ele>1201</ele>
      </trkpt>
      <trkpt lat="45.5755656" lon="7.6564153">
        <ele>1201</ele>
      </trkpt>
      <trkpt lat="45.5755912" lon="7.6564385">
        <ele>1201</ele>
      </trkpt>
      <trkpt lat="45.5755973" lon="7.6564605">
        <ele>1200</ele>
      </trkpt>
      <trkpt lat="45.5756030" lon="7.6564864">
        <ele>1200</ele>
      </trkpt>
      <trkpt lat="45.5756236" lon="7.6564959">
        <ele>1200</ele>
      </trkpt>
      <trkpt lat="45.5756781" lon="7.6564810">
        <ele>1200</ele>
      </trkpt>
      <trkpt lat="45.5757861" lon="7.6565300">
        <ele>1200</ele>
      </trkpt>
      <trkpt lat="45.5758591" lon="7.6566300">
        <ele>1199</ele>
      </trkpt>
      <trkpt lat="45.5758611" lon="7.6567840">
        <ele>1199</ele>
      </trkpt>
      <trkpt lat="45.5758567" lon="7.6569780">
        <ele>1199</ele>
      </trkpt>
      <trkpt lat="45.5758548" lon="7.6570853">
        <ele>1199</ele>
      </trkpt>
      <trkpt lat="45.5758543" lon="7.6571398">
        <ele>1198</ele>
      </trkpt>
      <trkpt lat="45.5758492" lon="7.6571859">
        <ele>1198</ele>
      </trkpt>
      <trkpt lat="45.5758398" lon="7.6572417">
        <ele>1198</ele>
      </trkpt>
      <trkpt lat="45.5758385" lon="7.6572581">
        <ele>1198</ele>
      </trkpt>
      <trkpt lat="45.5758312" lon="7.6572538">
        <ele>1198</ele>
      </trkpt>
      <trkpt lat="45.5758038" lon="7.6572375">
        <ele>1197</ele>
      </trkpt>
      <trkpt lat="45.5758062" lon="7.6573003">
        <ele>1197</ele>
      </trkpt>
      <trkpt lat="45.5757918" lon="7.6573106">
        <ele>1197</ele>
      </trkpt>
      <trkpt lat="45.5757691" lon="7.6573019">
        <ele>1197</ele>
      </trkpt>
      <trkpt lat="45.5757489" lon="7.6573047">
        <ele>1197</ele>
      </trkpt>
      <trkpt lat="45.5757370" lon="7.6573249">
        <ele>1196</ele>
      </trkpt>
      <trkpt lat="45.5757408" lon="7.6574152">
        <ele>1196</ele>
      </trkpt>
      <trkpt lat="45.5757410" lon="7.6574528">
        <ele>1196</ele>
      </trkpt>
      <trkpt lat="45.5757234" lon="7.6574455">
        <ele>1196</ele>
      </trkpt>
      <trkpt lat="45.5756975" lon="7.6574369">
        <ele>1196</ele>
      </trkpt>
      <trkpt lat="45.5756870" lon="7.6574632">
        <ele>1195</ele>
      </trkpt>
      <trkpt lat="45.5756912" lon="7.6575015">
        <ele>1195</ele>
      </trkpt>
      <trkpt lat="45.5756841" lon="7.6575629">
        <ele>1195</ele>
      </trkpt>
      <trkpt lat="45.5756551" lon="7.6576090">
        <ele>1195</ele>
      </trkpt>
      <trkpt lat="45.5756201" lon="7.6576620">
        <ele>1195</ele>
      </trkpt>
      <trkpt lat="45.5755953" lon="7.6578548">
        <ele>1194</ele>
      </trkpt>
      <trkpt lat="45.5755275" lon="7.6579317">
        <ele>1194</ele>
      </trkpt>
      <trkpt lat="45.5754459" lon="7.6580455">
        <ele>1194</ele>
      </trkpt>
      <trkpt lat="45.5754262" lon="7.6581073">
        <ele>1194</ele>
      </trkpt>
      <trkpt lat="45.5754283" lon="7.6581961">
        <ele>1194</ele>
      </trkpt>
      <trkpt lat="45.5753479" lon="7.6583099">
        <ele>1193</ele>
      </trkpt>
      <trkpt lat="45.5753333" lon="7.6583516">
        <ele>1193</ele>
      </trkpt>
      <trkpt lat="45.5753088" lon="7.6583706">
        <ele>1193</ele>
      </trkpt>
      <trkpt lat="45.5752998" lon="7.6584337">
        <ele>1193</ele>
      </trkpt>
      <trkpt lat="45.5752955" lon="7.6585257">
        <ele>1193</ele>
      </trkpt>
      <trkpt lat="45.5752931" lon="7.6585932">
        <ele>1192</ele>
      </trkpt>
      <trkpt lat="45.5752829" lon="7.6586953">
        <ele>1192</ele>
      </trkpt>
      <trkpt lat="45.5752818" lon="7.6587068">
        <ele>1192</ele>
      </trkpt>
      <trkpt lat="45.5752942" lon="7.6588491">
        <ele>1192</ele>
      </trkpt>
      <trkpt lat="45.5752391" lon="7.6588274">
        <ele>1191</ele>
      </trkpt>
      <trkpt lat="45.5752023" lon="7.6588129">
        <ele>1191</ele>
      </trkpt>
      <trkpt lat="45.5751397" lon="7.6587945">
        <ele>1191</ele>
      </trkpt>
      <trkpt lat="45.5751069" lon="7.6587709">
        <ele>1191</ele>
      </trkpt>
      <trkpt lat="45.5751006" lon="7.6587663">
        <ele>1191</ele>
      </trkpt>
      <trkpt lat="45.5750638" lon="7.6587488">
        <ele>1190</ele>
      </trkpt>
      <trkpt lat="45.5750068" lon="7.6587486">
        <ele>1190</ele>
      </trkpt>
      <trkpt lat="45.5749995" lon="7.6587733">
        <ele>1190</ele>
      </trkpt>
      <trkpt lat="45.5749871" lon="7.6588887">
        <ele>1190</ele>
      </trkpt>
      <trkpt lat="45.5749840" lon="7.6589177">
        <ele>1190</ele>
      </trkpt>
      <trkpt lat="45.5749665" lon="7.6589825">
        <ele>1189</ele>
      </trkpt>
      <trkpt lat="45.5749531" lon="7.6590380">
        <ele>1189</ele>
      </trkpt>
      <trkpt lat="45.5749416" lon="7.6590628">
        <ele>1189</ele>
      </trkpt>
      <trkpt lat="45.5748957" lon="7.6590976">
        <ele>1189</ele>
      </trkpt>
      <trkpt lat="45.5748704" lon="7.6591426">
        <ele>1189</ele>
      </trkpt>
      <trkpt lat="45.5748677" lon="7.6591841">
        <ele>1188</ele>
      </trkpt>
      <trkpt lat="45.5748291" lon="7.6591942">
        <ele>1188</ele>
      </trkpt>
      <trkpt lat="45.5748098" lon="7.6592147">
        <ele>1188</ele>
      </trkpt>
      <trkpt lat="45.5747637" lon="7.6592639">
        <ele>1188</ele>
      </trkpt>
      <trkpt lat="45.5747474" lon="7.6593425">
        <ele>1188</ele>
      </trkpt>
      <trkpt lat="45.5747664" lon="7.6594064">
        <ele>1187</ele>
      </trkpt>
      <trkpt lat="45.5747210" lon="7.6594779">
        <ele>1187</ele>
      </trkpt>
      <trkpt lat="45.5747205" lon="7.6595224">
        <ele>1187</ele>
      </trkpt>
      <trkpt lat="45.5746666" lon="7.6596110">
        <ele>1187</ele>
      </trkpt>
      <trkpt lat="45.5746654" lon="7.6596877">
        <ele>1187</ele>
      </trkpt>
      <trkpt lat="45.5746569" lon="7.6597951">
        <ele>1186</ele>
      </trkpt>
      <trkpt lat="45.5746785" lon="7.6599785">
        <ele>1186</ele>
      </trkpt>
      <trkpt lat="45.5746434" lon="7.6600858">
        <ele>1186</ele>
      </trkpt>
      <trkpt lat="45.5746442" lon="7.6601517">
        <ele>1186</ele>
      </trkpt>
      <trkpt lat="45.5746306" lon="7.6601903">
        <ele>1186</ele>
      </trkpt>
      <trkpt lat="45.5746412" lon="7.6602652">
        <ele>1185</ele>
      </trkpt>
      <trkpt lat="45.5746141" lon="7.6603409">
        <ele>1185</ele>
      </trkpt>
      <trkpt lat="45.5746010" lon="7.6605052">
        <ele>1185</ele>
      </trkpt>
      <trkpt lat="45.5745958" lon="7.6606110">
        <ele>1185</ele>
      </trkpt>
      <trkpt lat="45.5745972" lon="7.6606386">
        <ele>1184</ele>
      </trkpt>
      <trkpt lat="45.5745924" lon="7.6607881">
        <ele>1184</ele>
      </trkpt>
      <trkpt lat="45.5746137" lon="7.6609470">
        <ele>1184</ele>
      </trkpt>
      <trkpt lat="45.5746427" lon="7.6613079">
        <ele>1184</ele>
      </trkpt>
      <trkpt lat="45.5746486" lon="7.6614472">
        <ele>1184</ele>
      </trkpt>
      <trkpt lat="45.5746571" lon="7.6615290">
        <ele>1183</ele>
      </trkpt>
      <trkpt lat="45.5746591" lon="7.6616830">
        <ele>1183</ele>
      </trkpt>
      <trkpt lat="45.5746231" lon="7.6617350">
        <ele>1183</ele>
      </trkpt>
      <trkpt lat="45.5745191" lon="7.6620450">
        <ele>1183</ele>
      </trkpt>
      <trkpt lat="45.5745298" lon="7.6620447">
        <ele>1183</ele>
      </trkpt>
      <trkpt lat="45.5745223" lon="7.6620563">
        <ele>1182</ele>
      </trkpt>
      <trkpt lat="45.5745816" lon="7.6621560">
        <ele>1182</ele>
      </trkpt>
      <trkpt lat="45.5746876" lon="7.6622975">
        <ele>1182</ele>
      </trkpt>
      <trkpt lat="45.5748076" lon="7.6625291">
        <ele>1182</ele>
      </trkpt>
      <trkpt lat="45.5749250" lon="7.6627163">
        <ele>1182</ele>
      </trkpt>
      <trkpt lat="45.5750802" lon="7.6629210">
        <ele>1181</ele>
      </trkpt>
      <trkpt lat="45.5751607" lon="7.6632271">
        <ele>1181</ele>
      </trkpt>
      <trkpt lat="45.5752793" lon="7.6634251">
        <ele>1181</ele>
      </trkpt>
      <trkpt lat="45.5754162" lon="7.6636348">
        <ele>1181</ele>
      </trkpt>
      <trkpt lat="45.5754899" lon="7.6637695">
        <ele>1181</ele>
      </trkpt>
      <trkpt lat="45.5755710" lon="7.6639369">
        <ele>1180</ele>
      </trkpt>
      <trkpt lat="45.5756917" lon="7.6641393">
        <ele>1180</ele>
      </trkpt>
      <trkpt lat="45.5758034" lon="7.6642148">
        <ele>1180</ele>
      </trkpt>
      <trkpt lat="45.5758395" lon="7.6642615">
        <ele>1180</ele>
      </trkpt>
      <trkpt lat="45.5758702" lon="7.6643113">
        <ele>1180</ele>
      </trkpt>
      <trkpt lat="45.5758933" lon="7.6643537">
        <ele>1179</ele>
      </trkpt>
      <trkpt lat="45.5759207" lon="7.6643990">
        <ele>1179</ele>
      </trkpt>
      <trkpt lat="45.5759469" lon="7.6644758">
        <ele>1179</ele>
      </trkpt>
      <trkpt lat="45.5759841" lon="7.6646174">
        <ele>1179</ele>
      </trkpt>
      <trkpt lat="45.5760412" lon="7.6647126">
        <ele>1179</ele>
      </trkpt>
      <trkpt lat="45.5761105" lon="7.6647523">
        <ele>1178</ele>
      </trkpt>
      <trkpt lat="45.5761908" lon="7.6649021">
        <ele>1178</ele>
      </trkpt>
      <trkpt lat="45.5762595" lon="7.6649802">
        <ele>1178</ele>
      </trkpt>
      <trkpt lat="45.5762949" lon="7.6650485">
        <ele>1178</ele>
      </trkpt>
      <trkpt lat="45.5762887" lon="7.6650845">
        <ele>1177</ele>
      </trkpt>
      <trkpt lat="45.5762992" lon="7.6651501">
        <ele>1177</ele>
      </trkpt>
      <trkpt lat="45.5763191" lon="7.6652002">
        <ele>1177</ele>
      </trkpt>
      <trkpt lat="45.5763972" lon="7.6653393">
        <ele>1177</ele>
      </trkpt>
      <trkpt lat="45.5764382" lon="7.6654426">
        <ele>1177</ele>
      </trkpt>
      <trkpt lat="45.5765065" lon="7.6655336">
        <ele>1176</ele>
      </trkpt>
      <trkpt lat="45.5765341" lon="7.6655928">
        <ele>1176</ele>
      </trkpt>
      <trkpt lat="45.5765505" lon="7.6656169">
        <ele>1176</ele>
      </trkpt>
      <trkpt lat="45.5765866" lon="7.6656651">
        <ele>1176</ele>
      </trkpt>
      <trkpt lat="45.5766590" lon="7.6657814">
        <ele>1176</ele>
      </trkpt>
      <trkpt lat="45.5767278" lon="7.6658671">
        <ele>1175</ele>
      </trkpt>
      <trkpt lat="45.5767680" lon="7.6659029">
        <ele>1175</ele>
      </trkpt>
      <trkpt lat="45.5767887" lon="7.6659193">
        <ele>1175</ele>
      </trkpt>
      <trkpt lat="45.5768215" lon="7.6659691">
        <ele>1175</ele>
      </trkpt>
      <trkpt lat="45.5768655" lon="7.6660462">
        <ele>1175</ele>
      </trkpt>
      <trkpt lat="45.5769055" lon="7.6660667">
        <ele>1174</ele>
      </trkpt>
      <trkpt lat="45.5769621" lon="7.6661260">
        <ele>1174</ele>
      </trkpt>
      <trkpt lat="45.5770021" lon="7.6662360">
        <ele>1174</ele>
      </trkpt>
      <trkpt lat="45.5770263" lon="7.6662715">
        <ele>1174</ele>
      </trkpt>
      <trkpt lat="45.5771460" lon="7.6662962">
        <ele>1174</ele>
      </trkpt>
      <trkpt lat="45.5772334" lon="7.6663079">
        <ele>1173</ele>
      </trkpt>
      <trkpt lat="45.5772478" lon="7.6663079">
        <ele>1173</ele>
      </trkpt>
      <trkpt lat="45.5773621" lon="7.6663560">
        <ele>1173</ele>
      </trkpt>
      <trkpt lat="45.5774221" lon="7.6664160">
        <ele>1173</ele>
      </trkpt>
      <trkpt lat="45.5775321" lon="7.6665860">
        <ele>1173</ele>
      </trkpt>
      <trkpt lat="45.5775739" lon="7.6666069">
        <ele>1172</ele>
      </trkpt>
      <trkpt lat="45.5776721" lon="7.6668360">
        <ele>1172</ele>
      </trkpt>
      <trkpt lat="45.5777921" lon="7.6670560">
        <ele>1172</ele>
      </trkpt>
      <trkpt lat="45.5777921" lon="7.6672960">
        <ele>1172</ele>
      </trkpt>
      <trkpt lat="45.5778068" lon="7.6673777">
        <ele>1172</ele>
      </trkpt>
      <trkpt lat="45.5778060" lon="7.6674751">
        <ele>1171</ele>
      </trkpt>
      <trkpt lat="45.5778296" lon="7.6676462">
        <ele>1171</ele>
      </trkpt>
      <trkpt lat="45.5778466" lon="7.6677270">
        <ele>1171</ele>
      </trkpt>
      <trkpt lat="45.5778565" lon="7.6678340">
        <ele>1171</ele>
      </trkpt>
      <trkpt lat="45.5779020" lon="7.6679525">
        <ele>1170</ele>
      </trkpt>
      <trkpt lat="45.5779883" lon="7.6680608">
        <ele>1170</ele>
      </trkpt>
      <trkpt lat="45.5780729" lon="7.6681170">
        <ele>1170</ele>
      </trkpt>
      <trkpt lat="45.5781324" lon="7.6681463">
        <ele>1170</ele>
      </trkpt>
      <trkpt lat="45.5782002" lon="7.6681493">
        <ele>1170</ele>
      </trkpt>
      <trkpt lat="45.5783284" lon="7.6681570">
        <ele>1169</ele>
      </trkpt>
      <trkpt lat="45.5783558" lon="7.6681413">
        <ele>1169</ele>
      </trkpt>
      <trkpt lat="45.5783984" lon="7.6681170">
        <ele>1169</ele>
      </trkpt>
      <trkpt lat="45.5784418" lon="7.6681451">
        <ele>1169</ele>
      </trkpt>
      <trkpt lat="45.5784571" lon="7.6681677">
        <ele>1169</ele>
      </trkpt>
      <trkpt lat="45.5785020" lon="7.6682341">
        <ele>1168</ele>
      </trkpt>
      <trkpt lat="45.5785552" lon="7.6682696">
        <ele>1168</ele>
      </trkpt>
      <trkpt lat="45.5786061" lon="7.6683006">
        <ele>1168</ele>
      </trkpt>
      <trkpt lat="45.5786918" lon="7.6683552">
        <ele>1168</ele>
      </trkpt>
      <trkpt lat="45.5787589" lon="7.6683889">
        <ele>1168</ele>
      </trkpt>
      <trkpt lat="45.5788225" lon="7.6684433">
        <ele>1167</ele>
      </trkpt>
      <trkpt lat="45.5788702" lon="7.6684759">
        <ele>1167</ele>
      </trkpt>
      <trkpt lat="45.5788912" lon="7.6685214">
        <ele>1167</ele>
      </trkpt>
      <trkpt lat="45.5789268" lon="7.6686202">
        <ele>1167</ele>
      </trkpt>
      <trkpt lat="45.5789536" lon="7.6687069">
        <ele>1167</ele>
      </trkpt>
      <trkpt lat="45.5789921" lon="7.6687660">
        <ele>1166</ele>
      </trkpt>
      <trkpt lat="45.5790921" lon="7.6688860">
        <ele>1166</ele>
      </trkpt>
      <trkpt lat="45.5791050" lon="7.6689753">
        <ele>1166</ele>
      </trkpt>
      <trkpt lat="45.5790962" lon="7.6690537">
        <ele>1166</ele>
      </trkpt>
      <trkpt lat="45.5791008" lon="7.6691151">
        <ele>1166</ele>
      </trkpt>
      <trkpt lat="45.5791026" lon="7.6691378">
        <ele>1165</ele>
      </trkpt>
      <trkpt lat="45.5791361" lon="7.6692489">
        <ele>1165</ele>
      </trkpt>
      <trkpt lat="45.5791593" lon="7.6692989">
        <ele>1165</ele>
      </trkpt>
      <trkpt lat="45.5791674" lon="7.6693447">
        <ele>1165</ele>
      </trkpt>
      <trkpt lat="45.5791767" lon="7.6694073">
        <ele>1165</ele>
      </trkpt>
      <trkpt lat="45.5792045" lon="7.6694848">
        <ele>1164</ele>
      </trkpt>
      <trkpt lat="45.5793149" lon="7.6696531">
        <ele>1164</ele>
      </trkpt>
      <trkpt lat="45.5793743" lon="7.6697666">
        <ele>1164</ele>
      </trkpt>
      <trkpt lat="45.5794289" lon="7.6698343">
        <ele>1164</ele>
      </trkpt>
      <trkpt lat="45.5794683" lon="7.6698885">
        <ele>1164</ele>
      </trkpt>
      <trkpt lat="45.5795021" lon="7.6699060">
        <ele>1163</ele>
      </trkpt>
      <trkpt lat="45.5795621" lon="7.6699460">
        <ele>1163</ele>
      </trkpt>
      <trkpt lat="45.5796121" lon="7.6700360">
        <ele>1163</ele>
      </trkpt>
      <trkpt lat="45.5796481" lon="7.6702400">
        <ele>1163</ele>
      </trkpt>
      <trkpt lat="45.5797321" lon="7.6703060">
        <ele>1162</ele>
      </trkpt>
      <trkpt lat="45.5798021" lon="7.6702760">
        <ele>1162</ele>
      </trkpt>
      <trkpt lat="45.5798421" lon="7.6703160">
        <ele>1162</ele>
      </trkpt>
      <trkpt lat="45.5799821" lon="7.6703560">
        <ele>1162</ele>
      </trkpt>
      <trkpt lat="45.5800721" lon="7.6704360">
        <ele>1162</ele>
      </trkpt>
      <trkpt lat="45.5801221" lon="7.6705660">
        <ele>1161</ele>
      </trkpt>
      <trkpt lat="45.5802221" lon="7.6706760">
        <ele>1161</ele>
      </trkpt>
      <trkpt lat="45.5802729" lon="7.6707369">
        <ele>1161</ele>
      </trkpt>
      <trkpt lat="45.5802959" lon="7.6707701">
        <ele>1161</ele>
      </trkpt>
      <trkpt lat="45.5803167" lon="7.6708018">
        <ele>1161</ele>
      </trkpt>
      <trkpt lat="45.5803281" lon="7.6708521">
        <ele>1160</ele>
      </trkpt>
      <trkpt lat="45.5803474" lon="7.6708896">
        <ele>1160</ele>
      </trkpt>
      <trkpt lat="45.5804021" lon="7.6709260">
        <ele>1160</ele>
      </trkpt>
      <trkpt lat="45.5804320" lon="7.6709908">
        <ele>1160</ele>
      </trkpt>
      <trkpt lat="45.5805024" lon="7.6710572">
        <ele>1160</ele>
      </trkpt>
      <trkpt lat="45.5805393" lon="7.6710885">
        <ele>1159</ele>
      </trkpt>
      <trkpt lat="45.5805876" lon="7.6711640">
        <ele>1159</ele>
      </trkpt>
      <trkpt lat="45.5806507" lon="7.6712268">
        <ele>1159</ele>
      </trkpt>
      <trkpt lat="45.5807321" lon="7.6713060">
        <ele>1159</ele>
      </trkpt>
      <trkpt lat="45.5807389" lon="7.6714155">
        <ele>1159</ele>
      </trkpt>
      <trkpt lat="45.5807519" lon="7.6714352">
        <ele>1158</ele>
      </trkpt>
      <trkpt lat="45.5808533" lon="7.6714573">
        <ele>1158</ele>
      </trkpt>
      <trkpt lat="45.5809425" lon="7.6714506">
        <ele>1158</ele>
      </trkpt>
      <trkpt lat="45.5809910" lon="7.6714556">
        <ele>1158</ele>
      </trkpt>
      <trkpt lat="45.5810031" lon="7.6714737">
        <ele>1158</ele>
      </trkpt>
      <trkpt lat="45.5810121" lon="7.6714960">
        <ele>1157</ele>
      </trkpt>
      <trkpt lat="45.5808950" lon="7.6719373">
        <ele>1157</ele>
      </trkpt>
      <trkpt lat="45.5808659" lon="7.6719857">
        <ele>1157</ele>
      </trkpt>
      <trkpt lat="45.5808643" lon="7.6720333">
        <ele>1157</ele>
      </trkpt>
      <trkpt lat="45.5809019" lon="7.6720485">
        <ele>1157</ele>
      </trkpt>
      <trkpt lat="45.5809524" lon="7.6720457">
        <ele>1156</ele>
      </trkpt>
      <trkpt lat="45.5809579" lon="7.6720533">
        <ele>1156</ele>
      </trkpt>
      <trkpt lat="45.5809621" lon="7.6720760">
        <ele>1156</ele>
      </trkpt>
      <trkpt lat="45.5809621" lon="7.6722260">
        <ele>1156</ele>
      </trkpt>
      <trkpt lat="45.5810121" lon="7.6724860">
        <ele>1155</ele>
      </trkpt>
      <trkpt lat="45.5810406" lon="7.6725003">
        <ele>1155</ele>
      </trkpt>
      <trkpt lat="45.5810959" lon="7.6724722">
        <ele>1155</ele>
      </trkpt>
      <trkpt lat="45.5811592" lon="7.6724524">
        <ele>1155</ele>
      </trkpt>
      <trkpt lat="45.5812021" lon="7.6724660">
        <ele>1155</ele>
      </trkpt>
      <trkpt lat="45.5813821" lon="7.6727260">
        <ele>1154</ele>
      </trkpt>
      <trkpt lat="45.5813921" lon="7.6727760">
        <ele>1154</ele>
      </trkpt>
      <trkpt lat="45.5815221" lon="7.6729160">
        <ele>1154</ele>
      </trkpt>
      <trkpt lat="45.5815021" lon="7.6729560">
        <ele>1154</ele>
      </trkpt>
      <trkpt lat="45.5815921" lon="7.6730860">
        <ele>1154</ele>
      </trkpt>
      <trkpt lat="45.5816621" lon="7.6731260">
        <ele>1153</ele>
      </trkpt>
      <trkpt lat="45.5817121" lon="7.6731860">
        <ele>1153</ele>
      </trkpt>
      <trkpt lat="45.5818221" lon="7.6732260">
        <ele>1153</ele>
      </trkpt>
      <trkpt lat="45.5818321" lon="7.6733360">
        <ele>1153</ele>
      </trkpt>
      <trkpt lat="45.5818725" lon="7.6733495">
        <ele>1153</ele>
      </trkpt>
      <trkpt lat="45.5819403" lon="7.6734546">
        <ele>1152</ele>
      </trkpt>
      <trkpt lat="45.5820961" lon="7.6736195">
        <ele>1152</ele>
      </trkpt>
      <trkpt lat="45.5821908" lon="7.6737169">
        <ele>1152</ele>
      </trkpt>
      <trkpt lat="45.5822439" lon="7.6737708">
        <ele>1152</ele>
      </trkpt>
      <trkpt lat="45.5823143" lon="7.6738075">
        <ele>1152</ele>
      </trkpt>
      <trkpt lat="45.5823340" lon="7.6738163">
        <ele>1151</ele>
      </trkpt>
      <trkpt lat="45.5823629" lon="7.6738957">
        <ele>1151</ele>
      </trkpt>
      <trkpt lat="45.5823639" lon="7.6739328">
        <ele>1151</ele>
      </trkpt>
      <trkpt lat="45.5824005" lon="7.6740269">
        <ele>1151</ele>
      </trkpt>
      <trkpt lat="45.5824367" lon="7.6740874">
        <ele>1151</ele>
      </trkpt>
      <trkpt lat="45.5825715" lon="7.6741976">
        <ele>1150</ele>
      </trkpt>
      <trkpt lat="45.5826121" lon="7.6742160">
        <ele>1150</ele>
      </trkpt>
      <trkpt lat="45.5826904" lon="7.6742446">
        <ele>1150</ele>
      </trkpt>
      <trkpt lat="45.5827421" lon="7.6742860">
        <ele>1150</ele>
      </trkpt>
      <trkpt lat="45.5828921" lon="7.6743160">
        <ele>1150</ele>
      </trkpt>
      <trkpt lat="45.5829721" lon="7.6743860">
        <ele>1149</ele>
      </trkpt>
      <trkpt lat="45.5831021" lon="7.6745560">
        <ele>1149</ele>
      </trkpt>
      <trkpt lat="45.5831321" lon="7.6746860">
        <ele>1149</ele>
      </trkpt>
      <trkpt lat="45.5832221" lon="7.6748060">
        <ele>1149</ele>
      </trkpt>
      <trkpt lat="45.5833075" lon="7.6748416">
        <ele>1148</ele>
      </trkpt>
      <trkpt lat="45.5833436" lon="7.6748722">
        <ele>1148</ele>
      </trkpt>
      <trkpt lat="45.5834443" lon="7.6749564">
        <ele>1148</ele>
      </trkpt>
      <trkpt lat="45.5835243" lon="7.6749864">
        <ele>1148</ele>
      </trkpt>
      <trkpt lat="45.5836526" lon="7.6750917">
        <ele>1148</ele>
      </trkpt>
      <trkpt lat="45.5838321" lon="7.6751360">
        <ele>1147</ele>
      </trkpt>
      <trkpt lat="45.5840521" lon="7.6750860">
        <ele>1147</ele>
      </trkpt>
      <trkpt lat="45.5840821" lon="7.6751060">
        <ele>1147</ele>
      </trkpt>
      <trkpt lat="45.5841621" lon="7.6754460">
        <ele>1147</ele>
      </trkpt>
      <trkpt lat="45.5843321" lon="7.6756960">
        <ele>1147</ele>
      </trkpt>
      <trkpt lat="45.5843621" lon="7.6758560">
        <ele>1146</ele>
      </trkpt>
      <trkpt lat="45.5843921" lon="7.6759260">
        <ele>1146</ele>
      </trkpt>
      <trkpt lat="45.5845121" lon="7.6758960">
        <ele>1146</ele>
      </trkpt>
      <trkpt lat="45.5845621" lon="7.6759260">
        <ele>1146</ele>
      </trkpt>
      <trkpt lat="45.5845821" lon="7.6759760">
        <ele>1146</ele>
      </trkpt>
      <trkpt lat="45.5846421" lon="7.6759860">
        <ele>1145</ele>
      </trkpt>
      <trkpt lat="45.5846921" lon="7.6760260">
        <ele>1145</ele>
      </trkpt>
      <trkpt lat="45.5847421" lon="7.6760460">
        <ele>1145</ele>
      </trkpt>
      <trkpt lat="45.5848321" lon="7.6760160">
        <ele>1145</ele>
      </trkpt>
      <trkpt lat="45.5849621" lon="7.6760960">
        <ele>1145</ele>
      </trkpt>
      <trkpt lat="45.5849821" lon="7.6760060">
        <ele>1144</ele>
      </trkpt>
      <trkpt lat="45.5850321" lon="7.6759760">
        <ele>1144</ele>
      </trkpt>
      <trkpt lat="45.5851921" lon="7.6760860">
        <ele>1144</ele>
      </trkpt>
      <trkpt lat="45.5853149" lon="7.6760557">
        <ele>1144</ele>
      </trkpt>
      <trkpt lat="45.5854790" lon="7.6761990">
        <ele>1144</ele>
      </trkpt>
      <trkpt lat="45.5856051" lon="7.6763002">
        <ele>1143</ele>
      </trkpt>
      <trkpt lat="45.5857421" lon="7.6764060">
        <ele>1143</ele>
      </trkpt>
      <trkpt lat="45.5858921" lon="7.6764060">
        <ele>1143</ele>
      </trkpt>
      <trkpt lat="45.5859821" lon="7.6763460">
        <ele>1143</ele>
      </trkpt>
      <trkpt lat="45.5860521" lon="7.6764160">
        <ele>1143</ele>
      </trkpt>
      <trkpt lat="45.5860921" lon="7.6764160">
        <ele>1142</ele>
      </trkpt>
      <trkpt lat="45.5860621" lon="7.6763260">
        <ele>1142</ele>
      </trkpt>
      <trkpt lat="45.5861471" lon="7.6761817">
        <ele>1142</ele>
      </trkpt>
      <trkpt lat="45.5862682" lon="7.6762249">
        <ele>1142</ele>
      </trkpt>
      <trkpt lat="45.5863510" lon="7.6760865">
        <ele>1141</ele>
      </trkpt>
      <trkpt lat="45.5864278" lon="7.6761184">
        <ele>1141</ele>
      </trkpt>
      <trkpt lat="45.5868166" lon="7.6764212">
        <ele>1141</ele>
      </trkpt>
      <trkpt lat="45.5870914" lon="7.6767366">
        <ele>1141</ele>
      </trkpt>
      <trkpt lat="45.5871722" lon="7.6769157">
        <ele>1141</ele>
      </trkpt>
      <trkpt lat="45.5872522" lon="7.6769757">
        <ele>1140</ele>
      </trkpt>
      <trkpt lat="45.5875821" lon="7.6770560">
        <ele>1140</ele>
      </trkpt>
      <trkpt lat="45.5876110" lon="7.6770685">
        <ele>1140</ele>
      </trkpt>
      <trkpt lat="45.5876121" lon="7.6771060">
        <ele>1140</ele>
      </trkpt>
      <trkpt lat="45.5875117" lon="7.6771189">
        <ele>1140</ele>
      </trkpt>
      <trkpt lat="45.5874285" lon="7.6771843">
        <ele>1139</ele>
      </trkpt>
      <trkpt lat="45.5872685" lon="7.6772608">
        <ele>1139</ele>
      </trkpt>
      <trkpt lat="45.5873121" lon="7.6773560">
        <ele>1139</ele>
      </trkpt>
      <trkpt lat="45.5873821" lon="7.6774060">
        <ele>1139</ele>
      </trkpt>
      <trkpt lat="45.5872243" lon="7.6774872">
        <ele>1139</ele>
      </trkpt>
      <trkpt lat="45.5873032" lon="7.6776141">
        <ele>1138</ele>
      </trkpt>
      <trkpt lat="45.5874021" lon="7.6777260">
        <ele>1138</ele>
      </trkpt>
      <trkpt lat="45.5874321" lon="7.6777760">
        <ele>1138</ele>
      </trkpt>
      <trkpt lat="45.5875521" lon="7.6777360">
        <ele>1138</ele>
      </trkpt>
      <trkpt lat="45.5876621" lon="7.6778060">
        <ele>1138</ele>
      </trkpt>
      <trkpt lat="45.5876921" lon="7.6778660">
        <ele>1137</ele>
      </trkpt>
      <trkpt lat="45.5878721" lon="7.6779760">
        <ele>1137</ele>
      </trkpt>
      <trkpt lat="45.5879421" lon="7.6779560">
        <ele>1137</ele>
      </trkpt>
      <trkpt lat="45.5880021" lon="7.6779660">
        <ele>1137</ele>
      </trkpt>
      <trkpt lat="45.5881821" lon="7.6781260">
        <ele>1137</ele>
      </trkpt>
      <trkpt lat="45.5882421" lon="7.6782060">
        <ele>1136</ele>
      </trkpt>
      <trkpt lat="45.5884021" lon="7.6782560">
        <ele>1136</ele>
      </trkpt>
      <trkpt lat="45.5884821" lon="7.6783260">
        <ele>1136</ele>
      </trkpt>
      <trkpt lat="45.5885821" lon="7.6783260">
        <ele>1136</ele>
      </trkpt>
      <trkpt lat="45.5886421" lon="7.6783660">
        <ele>1136</ele>
      </trkpt>
      <trkpt lat="45.5887221" lon="7.6785260">
        <ele>1135</ele>
      </trkpt>
      <trkpt lat="45.5888121" lon="7.6785960">
        <ele>1135</ele>
      </trkpt>
      <trkpt lat="45.5889521" lon="7.6786360">
        <ele>1135</ele>
      </trkpt>
      <trkpt lat="45.5894686" lon="7.6791573">
        <ele>1135</ele>
      </trkpt>
      <trkpt lat="45.5895521" lon="7.6792360">
        <ele>1134</ele>
      </trkpt>
      <trkpt lat="45.5898821" lon="7.6789960">
        <ele>1134</ele>
      </trkpt>
      <trkpt lat="45.5899821" lon="7.6787760">
        <ele>1134</ele>
      </trkpt>
      <trkpt lat="45.5900421" lon="7.6787260">
        <ele>1134</ele>
      </trkpt>
      <trkpt lat="45.5900621" lon="7.6787560">
        <ele>1134</ele>
      </trkpt>
      <trkpt lat="45.5900921" lon="7.6787160">
        <ele>1133</ele>
      </trkpt>
      <trkpt lat="45.5901721" lon="7.6787660">
        <ele>1133</ele>
      </trkpt>
      <trkpt lat="45.5902221" lon="7.6788860">
        <ele>1133</ele>
      </trkpt>
      <trkpt lat="45.5902721" lon="7.6791360">
        <ele>1133</ele>
      </trkpt>
      <trkpt lat="45.5904721" lon="7.6794160">
        <ele>1133</ele>
      </trkpt>
      <trkpt lat="45.5905721" lon="7.6796760">
        <ele>1132</ele>
      </trkpt>
      <trkpt lat="45.5905721" lon="7.6798060">
        <ele>1132</ele>
      </trkpt>
      <trkpt lat="45.5906021" lon="7.6799260">
        <ele>1132</ele>
      </trkpt>
      <trkpt lat="45.5906721" lon="7.6798960">
        <ele>1132</ele>
      </trkpt>
      <trkpt lat="45.5908921" lon="7.6800260">
        <ele>1132</ele>
      </trkpt>
      <trkpt lat="45.5911521" lon="7.6799560">
        <ele>1131</ele>
      </trkpt>
      <trkpt lat="45.5912405" lon="7.6799772">
        <ele>1131</ele>
      </trkpt>
      <trkpt lat="45.5915160" lon="7.6801883">
        <ele>1131</ele>
      </trkpt>
      <trkpt lat="45.5919421" lon="7.6804260">
        <ele>1131</ele>
      </trkpt>
      <trkpt lat="45.5921721" lon="7.6806160">
        <ele>1131</ele>
      </trkpt>
      <trkpt lat="45.5922921" lon="7.6806460">
        <ele>1130</ele>
      </trkpt>
      <trkpt lat="45.5924721" lon="7.6807560">
        <ele>1130</ele>
      </trkpt>
      <trkpt lat="45.5927121" lon="7.6807560">
        <ele>1130</ele>
      </trkpt>
      <trkpt lat="45.5929921" lon="7.6809860">
        <ele>1130</ele>
      </trkpt>
      <trkpt lat="45.5931221" lon="7.6810160">
        <ele>1130</ele>
      </trkpt>
      <trkpt lat="45.5932521" lon="7.6809960">
        <ele>1129</ele>
      </trkpt>
      <trkpt lat="45.5933821" lon="7.6810160">
        <ele>1129</ele>
      </trkpt>
      <trkpt lat="45.5935921" lon="7.6812360">
        <ele>1129</ele>
      </trkpt>
      <trkpt lat="45.5936521" lon="7.6812260">
        <ele>1129</ele>
      </trkpt>
      <trkpt lat="45.5937421" lon="7.6811760">
        <ele>1129</ele>
      </trkpt>
      <trkpt lat="45.5939021" lon="7.6812360">
        <ele>1128</ele>
      </trkpt>
      <trkpt lat="45.5940521" lon="7.6813760">
        <ele>1128</ele>
      </trkpt>
      <trkpt lat="45.5941921" lon="7.6814260">
        <ele>1128</ele>
      </trkpt>
      <trkpt lat="45.5943121" lon="7.6815160">
        <ele>1128</ele>
      </trkpt>
      <trkpt lat="45.5944121" lon="7.6815560">
        <ele>1127</ele>
      </trkpt>
      <trkpt lat="45.5945344" lon="7.6816397">
        <ele>1127</ele>
      </trkpt>
      <trkpt lat="45.5945752" lon="7.6818105">
        <ele>1127</ele>
      </trkpt>
      <trkpt lat="45.5946749" lon="7.6818756">
        <ele>1127</ele>
      </trkpt>
      <trkpt lat="45.5948721" lon="7.6818860">
        <ele>1127</ele>
      </trkpt>
      <trkpt lat="45.5951021" lon="7.6819260">
        <ele>1126</ele>
      </trkpt>
      <trkpt lat="45.5952721" lon="7.6820260">
        <ele>1126</ele>
      </trkpt>
      <trkpt lat="45.5954421" lon="7.6821960">
        <ele>1126</ele>
      </trkpt>
      <trkpt lat="45.5960521" lon="7.6825960">
        <ele>1126</ele>
      </trkpt>
      <trkpt lat="45.5964621" lon="7.6830860">
        <ele>1126</ele>
      </trkpt>
      <trkpt lat="45.5965321" lon="7.6831260">
        <ele>1125</ele>
      </trkpt>
      <trkpt lat="45.5967121" lon="7.6831660">
        <ele>1125</ele>
      </trkpt>
      <trkpt lat="45.5968121" lon="7.6832160">
        <ele>1125</ele>
      </trkpt>
      <trkpt lat="45.5969421" lon="7.6834160">
        <ele>1125</ele>
      </trkpt>
      <trkpt lat="45.5974121" lon="7.6838460">
        <ele>1125</ele>
      </trkpt>
      <trkpt lat="45.5976021" lon="7.6840560">
        <ele>1124</ele>
      </trkpt>
      <trkpt lat="45.5977821" lon="7.6842060">
        <ele>1124</ele>
      </trkpt>
      <trkpt lat="45.5979593" lon="7.6844829">
        <ele>1124</ele>
      </trkpt>
    </trkseg>
  </trk>
</gpx>
