<?xml version="1.0" encoding="UTF-8"?>
<gpx version="1.1" creator="sentieri-vda" xmlns="http://www.topografix.com/GPX/1/1">
  <metadata>
    <name>TAPPA  02: Rifugio Elisabetta - La Thuile</name>
    <desc>Catasto Sentieri VdA — AV2_S2</desc>
    <author><name>Regione Autonoma Valle d'Aosta</name></author>
  </metadata>
  <trk>
    <name>TAPPA  02: Rifugio Elisabetta - La Thuile</name>
    <src>Catasto Sentieri VdA (AV2_S2)</src>
    <trkseg>
      <trkpt lat="45.7180984" lon="6.9478724">
        <ele>2152</ele>
      </trkpt>
      <trkpt lat="45.7180529" lon="6.9476281">
        <ele>2151</ele>
      </trkpt>
      <trkpt lat="45.7180071" lon="6.9475354">
        <ele>2151</ele>
      </trkpt>
      <trkpt lat="45.7178778" lon="6.9472885">
        <ele>2150</ele>
      </trkpt>
      <trkpt lat="45.7177154" lon="6.9468373">
        <ele>2150</ele>
      </trkpt>
      <trkpt lat="45.7176654" lon="6.9466473">
        <ele>2149</ele>
      </trkpt>
      <trkpt lat="45.7176456" lon="6.9465633">
        <ele>2149</ele>
      </trkpt>
      <trkpt lat="45.7174356" lon="6.9463733">
        <ele>2148</ele>
      </trkpt>
      <trkpt lat="45.7173372" lon="6.9462760">
        <ele>2148</ele>
      </trkpt>
      <trkpt lat="45.7171272" lon="6.9460660">
        <ele>2147</ele>
      </trkpt>
      <trkpt lat="45.7169123" lon="6.9458999">
        <ele>2146</ele>
      </trkpt>
      <trkpt lat="45.7167362" lon="6.9457040">
        <ele>2146</ele>
      </trkpt>
      <trkpt lat="45.7166110" lon="6.9455740">
        <ele>2145</ele>
      </trkpt>
      <trkpt lat="45.7162162" lon="6.9451340">
        <ele>2145</ele>
      </trkpt>
      <trkpt lat="45.7159469" lon="6.9447611">
        <ele>2144</ele>
      </trkpt>
      <trkpt lat="45.7157162" lon="6.9444440">
        <ele>2144</ele>
      </trkpt>
      <trkpt lat="45.7154462" lon="6.9441012">
        <ele>2143</ele>
      </trkpt>
      <trkpt lat="45.7151462" lon="6.9441940">
        <ele>2143</ele>
      </trkpt>
      <trkpt lat="45.7150562" lon="6.9441940">
        <ele>2142</ele>
      </trkpt>
      <trkpt lat="45.7150162" lon="6.9440140">
        <ele>2141</ele>
      </trkpt>
      <trkpt lat="45.7151087" lon="6.9438007">
        <ele>2141</ele>
      </trkpt>
      <trkpt lat="45.7149244" lon="6.9435942">
        <ele>2140</ele>
      </trkpt>
      <trkpt lat="45.7148313" lon="6.9435372">
        <ele>2140</ele>
      </trkpt>
      <trkpt lat="45.7147621" lon="6.9434024">
        <ele>2139</ele>
      </trkpt>
      <trkpt lat="45.7146665" lon="6.9433134">
        <ele>2139</ele>
      </trkpt>
      <trkpt lat="45.7145510" lon="6.9432790">
        <ele>2138</ele>
      </trkpt>
      <trkpt lat="45.7144440" lon="6.9431825">
        <ele>2138</ele>
      </trkpt>
      <trkpt lat="45.7143191" lon="6.9428382">
        <ele>2137</ele>
      </trkpt>
      <trkpt lat="45.7142983" lon="6.9427572">
        <ele>2136</ele>
      </trkpt>
      <trkpt lat="45.7142992" lon="6.9427012">
        <ele>2136</ele>
      </trkpt>
      <trkpt lat="45.7141858" lon="6.9426271">
        <ele>2135</ele>
      </trkpt>
      <trkpt lat="45.7141932" lon="6.9425580">
        <ele>2135</ele>
      </trkpt>
      <trkpt lat="45.7142930" lon="6.9424627">
        <ele>2134</ele>
      </trkpt>
      <trkpt lat="45.7142479" lon="6.9422404">
        <ele>2134</ele>
      </trkpt>
      <trkpt lat="45.7141996" lon="6.9419740">
        <ele>2133</ele>
      </trkpt>
      <trkpt lat="45.7141496" lon="6.9417840">
        <ele>2133</ele>
      </trkpt>
      <trkpt lat="45.7140829" lon="6.9416096">
        <ele>2132</ele>
      </trkpt>
      <trkpt lat="45.7139441" lon="6.9412539">
        <ele>2131</ele>
      </trkpt>
      <trkpt lat="45.7138562" lon="6.9410640">
        <ele>2131</ele>
      </trkpt>
      <trkpt lat="45.7138425" lon="6.9410112">
        <ele>2130</ele>
      </trkpt>
      <trkpt lat="45.7138289" lon="6.9409017">
        <ele>2130</ele>
      </trkpt>
      <trkpt lat="45.7137862" lon="6.9407940">
        <ele>2129</ele>
      </trkpt>
      <trkpt lat="45.7134925" lon="6.9402656">
        <ele>2129</ele>
      </trkpt>
      <trkpt lat="45.7133821" lon="6.9399933">
        <ele>2128</ele>
      </trkpt>
      <trkpt lat="45.7132562" lon="6.9396540">
        <ele>2128</ele>
      </trkpt>
      <trkpt lat="45.7130302" lon="6.9390544">
        <ele>2127</ele>
      </trkpt>
      <trkpt lat="45.7129802" lon="6.9388344">
        <ele>2126</ele>
      </trkpt>
      <trkpt lat="45.7129594" lon="6.9387738">
        <ele>2126</ele>
      </trkpt>
      <trkpt lat="45.7129379" lon="6.9386910">
        <ele>2125</ele>
      </trkpt>
      <trkpt lat="45.7126662" lon="6.9383440">
        <ele>2125</ele>
      </trkpt>
      <trkpt lat="45.7126662" lon="6.9382240">
        <ele>2124</ele>
      </trkpt>
      <trkpt lat="45.7126790" lon="6.9381622">
        <ele>2124</ele>
      </trkpt>
      <trkpt lat="45.7124857" lon="6.9376651">
        <ele>2123</ele>
      </trkpt>
      <trkpt lat="45.7124304" lon="6.9374785">
        <ele>2122</ele>
      </trkpt>
      <trkpt lat="45.7124393" lon="6.9373757">
        <ele>2122</ele>
      </trkpt>
      <trkpt lat="45.7124613" lon="6.9372834">
        <ele>2121</ele>
      </trkpt>
      <trkpt lat="45.7124689" lon="6.9371529">
        <ele>2121</ele>
      </trkpt>
      <trkpt lat="45.7124575" lon="6.9370404">
        <ele>2120</ele>
      </trkpt>
      <trkpt lat="45.7123436" lon="6.9365504">
        <ele>2120</ele>
      </trkpt>
      <trkpt lat="45.7123202" lon="6.9364633">
        <ele>2119</ele>
      </trkpt>
      <trkpt lat="45.7122940" lon="6.9364287">
        <ele>2119</ele>
      </trkpt>
      <trkpt lat="45.7122805" lon="6.9363705">
        <ele>2118</ele>
      </trkpt>
      <trkpt lat="45.7122743" lon="6.9362294">
        <ele>2117</ele>
      </trkpt>
      <trkpt lat="45.7122362" lon="6.9360440">
        <ele>2117</ele>
      </trkpt>
      <trkpt lat="45.7121415" lon="6.9354824">
        <ele>2116</ele>
      </trkpt>
      <trkpt lat="45.7121405" lon="6.9353931">
        <ele>2116</ele>
      </trkpt>
      <trkpt lat="45.7119759" lon="6.9348982">
        <ele>2115</ele>
      </trkpt>
      <trkpt lat="45.7118742" lon="6.9345277">
        <ele>2115</ele>
      </trkpt>
      <trkpt lat="45.7119245" lon="6.9344849">
        <ele>2114</ele>
      </trkpt>
      <trkpt lat="45.7119740" lon="6.9344725">
        <ele>2114</ele>
      </trkpt>
      <trkpt lat="45.7122160" lon="6.9344931">
        <ele>2113</ele>
      </trkpt>
      <trkpt lat="45.7122696" lon="6.9344695">
        <ele>2112</ele>
      </trkpt>
      <trkpt lat="45.7123338" lon="6.9343925">
        <ele>2112</ele>
      </trkpt>
      <trkpt lat="45.7123609" lon="6.9342935">
        <ele>2111</ele>
      </trkpt>
      <trkpt lat="45.7123842" lon="6.9340858">
        <ele>2111</ele>
      </trkpt>
      <trkpt lat="45.7125948" lon="6.9327905">
        <ele>2110</ele>
      </trkpt>
      <trkpt lat="45.7126524" lon="6.9324396">
        <ele>2110</ele>
      </trkpt>
      <trkpt lat="45.7126840" lon="6.9322500">
        <ele>2109</ele>
      </trkpt>
      <trkpt lat="45.7127491" lon="6.9318693">
        <ele>2109</ele>
      </trkpt>
      <trkpt lat="45.7128071" lon="6.9316482">
        <ele>2108</ele>
      </trkpt>
      <trkpt lat="45.7128628" lon="6.9314396">
        <ele>2107</ele>
      </trkpt>
      <trkpt lat="45.7131221" lon="6.9296076">
        <ele>2107</ele>
      </trkpt>
      <trkpt lat="45.7132265" lon="6.9291601">
        <ele>2106</ele>
      </trkpt>
      <trkpt lat="45.7132545" lon="6.9289651">
        <ele>2106</ele>
      </trkpt>
      <trkpt lat="45.7132474" lon="6.9283226">
        <ele>2105</ele>
      </trkpt>
      <trkpt lat="45.7134365" lon="6.9270922">
        <ele>2105</ele>
      </trkpt>
      <trkpt lat="45.7134932" lon="6.9264963">
        <ele>2104</ele>
      </trkpt>
      <trkpt lat="45.7136565" lon="6.9253267">
        <ele>2104</ele>
      </trkpt>
      <trkpt lat="45.7137319" lon="6.9249690">
        <ele>2103</ele>
      </trkpt>
      <trkpt lat="45.7138181" lon="6.9247582">
        <ele>2102</ele>
      </trkpt>
      <trkpt lat="45.7139110" lon="6.9245630">
        <ele>2102</ele>
      </trkpt>
      <trkpt lat="45.7139897" lon="6.9244495">
        <ele>2101</ele>
      </trkpt>
      <trkpt lat="45.7141012" lon="6.9242912">
        <ele>2101</ele>
      </trkpt>
      <trkpt lat="45.7142062" lon="6.9241766">
        <ele>2100</ele>
      </trkpt>
      <trkpt lat="45.7143082" lon="6.9240426">
        <ele>2100</ele>
      </trkpt>
      <trkpt lat="45.7146538" lon="6.9233285">
        <ele>2099</ele>
      </trkpt>
      <trkpt lat="45.7148930" lon="6.9227974">
        <ele>2099</ele>
      </trkpt>
      <trkpt lat="45.7149651" lon="6.9225665">
        <ele>2098</ele>
      </trkpt>
      <trkpt lat="45.7149951" lon="6.9225077">
        <ele>2097</ele>
      </trkpt>
      <trkpt lat="45.7150256" lon="6.9224901">
        <ele>2097</ele>
      </trkpt>
      <trkpt lat="45.7150612" lon="6.9224914">
        <ele>2096</ele>
      </trkpt>
      <trkpt lat="45.7151020" lon="6.9225437">
        <ele>2096</ele>
      </trkpt>
      <trkpt lat="45.7151080" lon="6.9226212">
        <ele>2095</ele>
      </trkpt>
      <trkpt lat="45.7150204" lon="6.9231164">
        <ele>2095</ele>
      </trkpt>
      <trkpt lat="45.7149880" lon="6.9233123">
        <ele>2094</ele>
      </trkpt>
      <trkpt lat="45.7149828" lon="6.9234358">
        <ele>2094</ele>
      </trkpt>
      <trkpt lat="45.7149883" lon="6.9235683">
        <ele>2093</ele>
      </trkpt>
      <trkpt lat="45.7150329" lon="6.9238653">
        <ele>2092</ele>
      </trkpt>
      <trkpt lat="45.7150266" lon="6.9239638">
        <ele>2092</ele>
      </trkpt>
      <trkpt lat="45.7149739" lon="6.9242697">
        <ele>2091</ele>
      </trkpt>
      <trkpt lat="45.7149585" lon="6.9244112">
        <ele>2091</ele>
      </trkpt>
      <trkpt lat="45.7149867" lon="6.9244804">
        <ele>2090</ele>
      </trkpt>
      <trkpt lat="45.7150546" lon="6.9244988">
        <ele>2090</ele>
      </trkpt>
      <trkpt lat="45.7151030" lon="6.9244396">
        <ele>2089</ele>
      </trkpt>
      <trkpt lat="45.7152213" lon="6.9240176">
        <ele>2089</ele>
      </trkpt>
      <trkpt lat="45.7153255" lon="6.9235564">
        <ele>2088</ele>
      </trkpt>
      <trkpt lat="45.7153773" lon="6.9234364">
        <ele>2087</ele>
      </trkpt>
      <trkpt lat="45.7158297" lon="6.9228262">
        <ele>2087</ele>
      </trkpt>
      <trkpt lat="45.7158993" lon="6.9226928">
        <ele>2086</ele>
      </trkpt>
      <trkpt lat="45.7159564" lon="6.9225169">
        <ele>2086</ele>
      </trkpt>
      <trkpt lat="45.7160041" lon="6.9223303">
        <ele>2085</ele>
      </trkpt>
      <trkpt lat="45.7160135" lon="6.9222010">
        <ele>2085</ele>
      </trkpt>
      <trkpt lat="45.7160095" lon="6.9220492">
        <ele>2084</ele>
      </trkpt>
      <trkpt lat="45.7160043" lon="6.9217846">
        <ele>2084</ele>
      </trkpt>
      <trkpt lat="45.7160195" lon="6.9216327">
        <ele>2083</ele>
      </trkpt>
      <trkpt lat="45.7160743" lon="6.9214275">
        <ele>2082</ele>
      </trkpt>
      <trkpt lat="45.7161951" lon="6.9211411">
        <ele>2082</ele>
      </trkpt>
      <trkpt lat="45.7161889" lon="6.9210212">
        <ele>2081</ele>
      </trkpt>
      <trkpt lat="45.7161646" lon="6.9209217">
        <ele>2081</ele>
      </trkpt>
      <trkpt lat="45.7160945" lon="6.9207805">
        <ele>2080</ele>
      </trkpt>
      <trkpt lat="45.7161058" lon="6.9206879">
        <ele>2080</ele>
      </trkpt>
      <trkpt lat="45.7162455" lon="6.9204499">
        <ele>2079</ele>
      </trkpt>
      <trkpt lat="45.7162749" lon="6.9203351">
        <ele>2079</ele>
      </trkpt>
      <trkpt lat="45.7162979" lon="6.9201163">
        <ele>2078</ele>
      </trkpt>
      <trkpt lat="45.7162936" lon="6.9198966">
        <ele>2077</ele>
      </trkpt>
      <trkpt lat="45.7160736" lon="6.9177041">
        <ele>2077</ele>
      </trkpt>
      <trkpt lat="45.7160206" lon="6.9174272">
        <ele>2076</ele>
      </trkpt>
      <trkpt lat="45.7157810" lon="6.9168708">
        <ele>2076</ele>
      </trkpt>
      <trkpt lat="45.7154599" lon="6.9162949">
        <ele>2075</ele>
      </trkpt>
      <trkpt lat="45.7154628" lon="6.9162036">
        <ele>2075</ele>
      </trkpt>
      <trkpt lat="45.7154980" lon="6.9161626">
        <ele>2074</ele>
      </trkpt>
      <trkpt lat="45.7155660" lon="6.9161881">
        <ele>2074</ele>
      </trkpt>
      <trkpt lat="45.7158154" lon="6.9165402">
        <ele>2073</ele>
      </trkpt>
      <trkpt lat="45.7161049" lon="6.9168635">
        <ele>2072</ele>
      </trkpt>
      <trkpt lat="45.7162447" lon="6.9171294">
        <ele>2072</ele>
      </trkpt>
      <trkpt lat="45.7162904" lon="6.9171670">
        <ele>2071</ele>
      </trkpt>
      <trkpt lat="45.7163254" lon="6.9171538">
        <ele>2071</ele>
      </trkpt>
      <trkpt lat="45.7163570" lon="6.9171188">
        <ele>2070</ele>
      </trkpt>
      <trkpt lat="45.7163533" lon="6.9170436">
        <ele>2070</ele>
      </trkpt>
      <trkpt lat="45.7163319" lon="6.9169728">
        <ele>2069</ele>
      </trkpt>
      <trkpt lat="45.7162343" lon="6.9168049">
        <ele>2068</ele>
      </trkpt>
      <trkpt lat="45.7160931" lon="6.9164657">
        <ele>2068</ele>
      </trkpt>
      <trkpt lat="45.7161146" lon="6.9164107">
        <ele>2067</ele>
      </trkpt>
      <trkpt lat="45.7162091" lon="6.9164088">
        <ele>2067</ele>
      </trkpt>
      <trkpt lat="45.7164721" lon="6.9168111">
        <ele>2066</ele>
      </trkpt>
      <trkpt lat="45.7166824" lon="6.9172377">
        <ele>2066</ele>
      </trkpt>
      <trkpt lat="45.7168332" lon="6.9176696">
        <ele>2065</ele>
      </trkpt>
      <trkpt lat="45.7168742" lon="6.9177038">
        <ele>2065</ele>
      </trkpt>
      <trkpt lat="45.7168975" lon="6.9176929">
        <ele>2064</ele>
      </trkpt>
      <trkpt lat="45.7169102" lon="6.9176586">
        <ele>2063</ele>
      </trkpt>
      <trkpt lat="45.7169021" lon="6.9175655">
        <ele>2063</ele>
      </trkpt>
      <trkpt lat="45.7168584" lon="6.9174411">
        <ele>2062</ele>
      </trkpt>
      <trkpt lat="45.7168494" lon="6.9173543">
        <ele>2062</ele>
      </trkpt>
      <trkpt lat="45.7168553" lon="6.9172222">
        <ele>2061</ele>
      </trkpt>
      <trkpt lat="45.7168003" lon="6.9169187">
        <ele>2061</ele>
      </trkpt>
      <trkpt lat="45.7167898" lon="6.9166883">
        <ele>2060</ele>
      </trkpt>
      <trkpt lat="45.7168200" lon="6.9163690">
        <ele>2060</ele>
      </trkpt>
      <trkpt lat="45.7168255" lon="6.9160532">
        <ele>2059</ele>
      </trkpt>
      <trkpt lat="45.7168567" lon="6.9157161">
        <ele>2058</ele>
      </trkpt>
      <trkpt lat="45.7169836" lon="6.9150339">
        <ele>2058</ele>
      </trkpt>
      <trkpt lat="45.7169948" lon="6.9149099">
        <ele>2057</ele>
      </trkpt>
      <trkpt lat="45.7170170" lon="6.9141788">
        <ele>2057</ele>
      </trkpt>
      <trkpt lat="45.7169989" lon="6.9139250">
        <ele>2056</ele>
      </trkpt>
      <trkpt lat="45.7170023" lon="6.9133431">
        <ele>2056</ele>
      </trkpt>
      <trkpt lat="45.7169279" lon="6.9128943">
        <ele>2055</ele>
      </trkpt>
      <trkpt lat="45.7168708" lon="6.9127245">
        <ele>2055</ele>
      </trkpt>
      <trkpt lat="45.7167104" lon="6.9124096">
        <ele>2054</ele>
      </trkpt>
      <trkpt lat="45.7164454" lon="6.9121079">
        <ele>2053</ele>
      </trkpt>
      <trkpt lat="45.7162850" lon="6.9119379">
        <ele>2053</ele>
      </trkpt>
      <trkpt lat="45.7162294" lon="6.9118508">
        <ele>2052</ele>
      </trkpt>
      <trkpt lat="45.7161861" lon="6.9117033">
        <ele>2052</ele>
      </trkpt>
      <trkpt lat="45.7161417" lon="6.9111866">
        <ele>2051</ele>
      </trkpt>
      <trkpt lat="45.7160263" lon="6.9107102">
        <ele>2051</ele>
      </trkpt>
      <trkpt lat="45.7160098" lon="6.9105597">
        <ele>2050</ele>
      </trkpt>
      <trkpt lat="45.7160214" lon="6.9102366">
        <ele>2050</ele>
      </trkpt>
      <trkpt lat="45.7160062" lon="6.9101436">
        <ele>2049</ele>
      </trkpt>
      <trkpt lat="45.7159822" lon="6.9100642">
        <ele>2048</ele>
      </trkpt>
      <trkpt lat="45.7157948" lon="6.9097846">
        <ele>2048</ele>
      </trkpt>
      <trkpt lat="45.7157658" lon="6.9096773">
        <ele>2047</ele>
      </trkpt>
      <trkpt lat="45.7157763" lon="6.9095111">
        <ele>2047</ele>
      </trkpt>
      <trkpt lat="45.7158020" lon="6.9094438">
        <ele>2046</ele>
      </trkpt>
      <trkpt lat="45.7159191" lon="6.9093462">
        <ele>2046</ele>
      </trkpt>
      <trkpt lat="45.7160426" lon="6.9092865">
        <ele>2045</ele>
      </trkpt>
      <trkpt lat="45.7161295" lon="6.9091623">
        <ele>2045</ele>
      </trkpt>
      <trkpt lat="45.7161549" lon="6.9090755">
        <ele>2044</ele>
      </trkpt>
      <trkpt lat="45.7161576" lon="6.9089770">
        <ele>2043</ele>
      </trkpt>
      <trkpt lat="45.7161388" lon="6.9086928">
        <ele>2043</ele>
      </trkpt>
      <trkpt lat="45.7160864" lon="6.9085325">
        <ele>2042</ele>
      </trkpt>
      <trkpt lat="45.7160040" lon="6.9084033">
        <ele>2042</ele>
      </trkpt>
      <trkpt lat="45.7158239" lon="6.9081543">
        <ele>2041</ele>
      </trkpt>
      <trkpt lat="45.7157546" lon="6.9080245">
        <ele>2041</ele>
      </trkpt>
      <trkpt lat="45.7157257" lon="6.9079204">
        <ele>2040</ele>
      </trkpt>
      <trkpt lat="45.7157294" lon="6.9077151">
        <ele>2040</ele>
      </trkpt>
      <trkpt lat="45.7157788" lon="6.9074663">
        <ele>2039</ele>
      </trkpt>
      <trkpt lat="45.7158583" lon="6.9073153">
        <ele>2038</ele>
      </trkpt>
      <trkpt lat="45.7159375" lon="6.9072187">
        <ele>2038</ele>
      </trkpt>
      <trkpt lat="45.7160451" lon="6.9071300">
        <ele>2037</ele>
      </trkpt>
      <trkpt lat="45.7161438" lon="6.9070002">
        <ele>2037</ele>
      </trkpt>
      <trkpt lat="45.7162427" lon="6.9067875">
        <ele>2036</ele>
      </trkpt>
      <trkpt lat="45.7163339" lon="6.9065317">
        <ele>2036</ele>
      </trkpt>
      <trkpt lat="45.7164170" lon="6.9064619">
        <ele>2035</ele>
      </trkpt>
      <trkpt lat="45.7165582" lon="6.9062865">
        <ele>2035</ele>
      </trkpt>
      <trkpt lat="45.7166049" lon="6.9061337">
        <ele>2034</ele>
      </trkpt>
      <trkpt lat="45.7166383" lon="6.9059417">
        <ele>2033</ele>
      </trkpt>
      <trkpt lat="45.7166378" lon="6.9057515">
        <ele>2033</ele>
      </trkpt>
      <trkpt lat="45.7166192" lon="6.9056171">
        <ele>2032</ele>
      </trkpt>
      <trkpt lat="45.7165717" lon="6.9052998">
        <ele>2032</ele>
      </trkpt>
      <trkpt lat="45.7164647" lon="6.9048669">
        <ele>2031</ele>
      </trkpt>
      <trkpt lat="45.7163210" lon="6.9044833">
        <ele>2031</ele>
      </trkpt>
      <trkpt lat="45.7162297" lon="6.9041072">
        <ele>2030</ele>
      </trkpt>
      <trkpt lat="45.7161502" lon="6.9033049">
        <ele>2030</ele>
      </trkpt>
      <trkpt lat="45.7161298" lon="6.9026657">
        <ele>2029</ele>
      </trkpt>
      <trkpt lat="45.7161451" lon="6.9025540">
        <ele>2028</ele>
      </trkpt>
      <trkpt lat="45.7161864" lon="6.9024618">
        <ele>2028</ele>
      </trkpt>
      <trkpt lat="45.7162569" lon="6.9023440">
        <ele>2027</ele>
      </trkpt>
      <trkpt lat="45.7169313" lon="6.9013546">
        <ele>2027</ele>
      </trkpt>
      <trkpt lat="45.7171942" lon="6.9010454">
        <ele>2026</ele>
      </trkpt>
      <trkpt lat="45.7175739" lon="6.9005724">
        <ele>2026</ele>
      </trkpt>
      <trkpt lat="45.7177673" lon="6.9003210">
        <ele>2025</ele>
      </trkpt>
      <trkpt lat="45.7178293" lon="6.9002673">
        <ele>2025</ele>
      </trkpt>
      <trkpt lat="45.7185079" lon="6.8998041">
        <ele>2024</ele>
      </trkpt>
      <trkpt lat="45.7190067" lon="6.8995034">
        <ele>2023</ele>
      </trkpt>
      <trkpt lat="45.7195069" lon="6.8992919">
        <ele>2023</ele>
      </trkpt>
      <trkpt lat="45.7199697" lon="6.8991456">
        <ele>2022</ele>
      </trkpt>
      <trkpt lat="45.7202377" lon="6.8990328">
        <ele>2022</ele>
      </trkpt>
      <trkpt lat="45.7205610" lon="6.8989147">
        <ele>2021</ele>
      </trkpt>
      <trkpt lat="45.7209263" lon="6.8988261">
        <ele>2021</ele>
      </trkpt>
      <trkpt lat="45.7211050" lon="6.8987552">
        <ele>2020</ele>
      </trkpt>
      <trkpt lat="45.7217599" lon="6.8985737">
        <ele>2020</ele>
      </trkpt>
      <trkpt lat="45.7223834" lon="6.8983832">
        <ele>2019</ele>
      </trkpt>
      <trkpt lat="45.7227340" lon="6.8983878">
        <ele>2018</ele>
      </trkpt>
      <trkpt lat="45.7239038" lon="6.8979724">
        <ele>2018</ele>
      </trkpt>
      <trkpt lat="45.7246273" lon="6.8977994">
        <ele>2017</ele>
      </trkpt>
      <trkpt lat="45.7247877" lon="6.8977223">
        <ele>2017</ele>
      </trkpt>
      <trkpt lat="45.7248974" lon="6.8977253">
        <ele>2016</ele>
      </trkpt>
      <trkpt lat="45.7253144" lon="6.8976534">
        <ele>2016</ele>
      </trkpt>
      <trkpt lat="45.7257119" lon="6.8975240">
        <ele>2015</ele>
      </trkpt>
      <trkpt lat="45.7260013" lon="6.8973799">
        <ele>2014</ele>
      </trkpt>
      <trkpt lat="45.7266633" lon="6.8971623">
        <ele>2014</ele>
      </trkpt>
      <trkpt lat="45.7270775" lon="6.8971064">
        <ele>2013</ele>
      </trkpt>
      <trkpt lat="45.7273195" lon="6.8970459">
        <ele>2013</ele>
      </trkpt>
      <trkpt lat="45.7276978" lon="6.8968726">
        <ele>2012</ele>
      </trkpt>
      <trkpt lat="45.7281430" lon="6.8966117">
        <ele>2012</ele>
      </trkpt>
      <trkpt lat="45.7282417" lon="6.8965951">
        <ele>2011</ele>
      </trkpt>
      <trkpt lat="45.7283950" lon="6.8966000">
        <ele>2011</ele>
      </trkpt>
      <trkpt lat="45.7285882" lon="6.8966274">
        <ele>2010</ele>
      </trkpt>
      <trkpt lat="45.7291388" lon="6.8963498">
        <ele>2009</ele>
      </trkpt>
      <trkpt lat="45.7293657" lon="6.8962902">
        <ele>2009</ele>
      </trkpt>
      <trkpt lat="45.7296157" lon="6.8961780">
        <ele>2008</ele>
      </trkpt>
      <trkpt lat="45.7298090" lon="6.8960722">
        <ele>2008</ele>
      </trkpt>
      <trkpt lat="45.7298850" lon="6.8960106">
        <ele>2007</ele>
      </trkpt>
      <trkpt lat="45.7300196" lon="6.8958953">
        <ele>2007</ele>
      </trkpt>
      <trkpt lat="45.7301271" lon="6.8957966">
        <ele>2006</ele>
      </trkpt>
      <trkpt lat="45.7303418" lon="6.8956641">
        <ele>2006</ele>
      </trkpt>
      <trkpt lat="45.7305312" lon="6.8956060">
        <ele>2005</ele>
      </trkpt>
      <trkpt lat="45.7307426" lon="6.8955801">
        <ele>2004</ele>
      </trkpt>
      <trkpt lat="45.7308598" lon="6.8954846">
        <ele>2004</ele>
      </trkpt>
      <trkpt lat="45.7310820" lon="6.8953348">
        <ele>2003</ele>
      </trkpt>
      <trkpt lat="45.7312160" lon="6.8952784">
        <ele>2003</ele>
      </trkpt>
      <trkpt lat="45.7313092" lon="6.8952123">
        <ele>2002</ele>
      </trkpt>
      <trkpt lat="45.7314165" lon="6.8951698">
        <ele>2002</ele>
      </trkpt>
      <trkpt lat="45.7316030" lon="6.8950342">
        <ele>2001</ele>
      </trkpt>
      <trkpt lat="45.7318182" lon="6.8949017">
        <ele>2001</ele>
      </trkpt>
      <trkpt lat="45.7322321" lon="6.8946114">
        <ele>2000</ele>
      </trkpt>
      <trkpt lat="45.7322764" lon="6.8945712">
        <ele>1999</ele>
      </trkpt>
      <trkpt lat="45.7323990" lon="6.8943866">
        <ele>1999</ele>
      </trkpt>
      <trkpt lat="45.7327878" lon="6.8939993">
        <ele>1998</ele>
      </trkpt>
      <trkpt lat="45.7329471" lon="6.8938519">
        <ele>1998</ele>
      </trkpt>
      <trkpt lat="45.7330901" lon="6.8937951">
        <ele>1997</ele>
      </trkpt>
      <trkpt lat="45.7332645" lon="6.8934930">
        <ele>1997</ele>
      </trkpt>
      <trkpt lat="45.7333899" lon="6.8933988">
        <ele>1996</ele>
      </trkpt>
      <trkpt lat="45.7336850" lon="6.8932977">
        <ele>1996</ele>
      </trkpt>
      <trkpt lat="45.7339429" lon="6.8930698">
        <ele>1995</ele>
      </trkpt>
      <trkpt lat="45.7343093" lon="6.8927108">
        <ele>1994</ele>
      </trkpt>
      <trkpt lat="45.7346383" lon="6.8924928">
        <ele>1994</ele>
      </trkpt>
      <trkpt lat="45.7347041" lon="6.8923728">
        <ele>1993</ele>
      </trkpt>
      <trkpt lat="45.7348137" lon="6.8919702">
        <ele>1993</ele>
      </trkpt>
      <trkpt lat="45.7348738" lon="6.8918137">
        <ele>1992</ele>
      </trkpt>
      <trkpt lat="45.7349051" lon="6.8917804">
        <ele>1992</ele>
      </trkpt>
      <trkpt lat="45.7350109" lon="6.8916608">
        <ele>1991</ele>
      </trkpt>
      <trkpt lat="45.7352331" lon="6.8915110">
        <ele>1991</ele>
      </trkpt>
      <trkpt lat="45.7353642" lon="6.8914861">
        <ele>1990</ele>
      </trkpt>
      <trkpt lat="45.7356975" lon="6.8913148">
        <ele>1989</ele>
      </trkpt>
      <trkpt lat="45.7359959" lon="6.8909879">
        <ele>1989</ele>
      </trkpt>
      <trkpt lat="45.7361030" lon="6.8908807">
        <ele>1988</ele>
      </trkpt>
      <trkpt lat="45.7366489" lon="6.8905232">
        <ele>1988</ele>
      </trkpt>
      <trkpt lat="45.7367657" lon="6.8903296">
        <ele>1987</ele>
      </trkpt>
      <trkpt lat="45.7369515" lon="6.8901555">
        <ele>1987</ele>
      </trkpt>
      <trkpt lat="45.7370649" lon="6.8899526">
        <ele>1986</ele>
      </trkpt>
      <trkpt lat="45.7372300" lon="6.8896251">
        <ele>1986</ele>
      </trkpt>
      <trkpt lat="45.7374156" lon="6.8894381">
        <ele>1985</ele>
      </trkpt>
      <trkpt lat="45.7374869" lon="6.8893148">
        <ele>1984</ele>
      </trkpt>
      <trkpt lat="45.7379825" lon="6.8883707">
        <ele>1984</ele>
      </trkpt>
      <trkpt lat="45.7380084" lon="6.8880452">
        <ele>1983</ele>
      </trkpt>
      <trkpt lat="45.7380415" lon="6.8878897">
        <ele>1983</ele>
      </trkpt>
      <trkpt lat="45.7381119" lon="6.8877568">
        <ele>1982</ele>
      </trkpt>
      <trkpt lat="45.7383328" lon="6.8873630">
        <ele>1982</ele>
      </trkpt>
      <trkpt lat="45.7384347" lon="6.8870902">
        <ele>1981</ele>
      </trkpt>
      <trkpt lat="45.7386173" lon="6.8870068">
        <ele>1981</ele>
      </trkpt>
      <trkpt lat="45.7387609" lon="6.8870352">
        <ele>1980</ele>
      </trkpt>
      <trkpt lat="45.7389371" lon="6.8869794">
        <ele>1979</ele>
      </trkpt>
      <trkpt lat="45.7390259" lon="6.8869117">
        <ele>1979</ele>
      </trkpt>
      <trkpt lat="45.7391219" lon="6.8866355">
        <ele>1978</ele>
      </trkpt>
      <trkpt lat="45.7392355" lon="6.8864513">
        <ele>1978</ele>
      </trkpt>
      <trkpt lat="45.7393628" lon="6.8861246">
        <ele>1977</ele>
      </trkpt>
      <trkpt lat="45.7394578" lon="6.8859463">
        <ele>1977</ele>
      </trkpt>
      <trkpt lat="45.7395189" lon="6.8858412">
        <ele>1976</ele>
      </trkpt>
      <trkpt lat="45.7398030" lon="6.8854494">
        <ele>1976</ele>
      </trkpt>
      <trkpt lat="45.7400418" lon="6.8852218">
        <ele>1975</ele>
      </trkpt>
      <trkpt lat="45.7400939" lon="6.8851433">
        <ele>1974</ele>
      </trkpt>
      <trkpt lat="45.7401311" lon="6.8850472">
        <ele>1974</ele>
      </trkpt>
      <trkpt lat="45.7401459" lon="6.8849683">
        <ele>1973</ele>
      </trkpt>
      <trkpt lat="45.7401491" lon="6.8848700">
        <ele>1973</ele>
      </trkpt>
      <trkpt lat="45.7401174" lon="6.8847422">
        <ele>1972</ele>
      </trkpt>
      <trkpt lat="45.7401230" lon="6.8846643">
        <ele>1972</ele>
      </trkpt>
      <trkpt lat="45.7402432" lon="6.8844346">
        <ele>1971</ele>
      </trkpt>
      <trkpt lat="45.7404150" lon="6.8839373">
        <ele>1971</ele>
      </trkpt>
      <trkpt lat="45.7406393" lon="6.8831469">
        <ele>1970</ele>
      </trkpt>
      <trkpt lat="45.7412375" lon="6.8814275">
        <ele>1969</ele>
      </trkpt>
      <trkpt lat="45.7412892" lon="6.8810057">
        <ele>1969</ele>
      </trkpt>
      <trkpt lat="45.7413900" lon="6.8806163">
        <ele>1968</ele>
      </trkpt>
      <trkpt lat="45.7414254" lon="6.8803968">
        <ele>1968</ele>
      </trkpt>
      <trkpt lat="45.7415877" lon="6.8799279">
        <ele>1967</ele>
      </trkpt>
      <trkpt lat="45.7416748" lon="6.8795292">
        <ele>1967</ele>
      </trkpt>
      <trkpt lat="45.7417707" lon="6.8793035">
        <ele>1966</ele>
      </trkpt>
      <trkpt lat="45.7417962" lon="6.8792255">
        <ele>1966</ele>
      </trkpt>
      <trkpt lat="45.7418602" lon="6.8789806">
        <ele>1965</ele>
      </trkpt>
      <trkpt lat="45.7419304" lon="6.8787958">
        <ele>1964</ele>
      </trkpt>
      <trkpt lat="45.7420355" lon="6.8786375">
        <ele>1964</ele>
      </trkpt>
      <trkpt lat="45.7421814" lon="6.8784588">
        <ele>1963</ele>
      </trkpt>
      <trkpt lat="45.7422261" lon="6.8781422">
        <ele>1963</ele>
      </trkpt>
      <trkpt lat="45.7424963" lon="6.8775908">
        <ele>1962</ele>
      </trkpt>
      <trkpt lat="45.7427083" lon="6.8773771">
        <ele>1962</ele>
      </trkpt>
      <trkpt lat="45.7427387" lon="6.8773184">
        <ele>1961</ele>
      </trkpt>
      <trkpt lat="45.7427622" lon="6.8772630">
        <ele>1961</ele>
      </trkpt>
      <trkpt lat="45.7427554" lon="6.8771760">
        <ele>1960</ele>
      </trkpt>
      <trkpt lat="45.7427289" lon="6.8771076">
        <ele>1959</ele>
      </trkpt>
      <trkpt lat="45.7426458" lon="6.8769951">
        <ele>1959</ele>
      </trkpt>
      <trkpt lat="45.7425881" lon="6.8767916">
        <ele>1958</ele>
      </trkpt>
      <trkpt lat="45.7426062" lon="6.8766384">
        <ele>1958</ele>
      </trkpt>
      <trkpt lat="45.7426843" lon="6.8761581">
        <ele>1957</ele>
      </trkpt>
      <trkpt lat="45.7427376" lon="6.8758014">
        <ele>1957</ele>
      </trkpt>
      <trkpt lat="45.7428230" lon="6.8755540">
        <ele>1956</ele>
      </trkpt>
      <trkpt lat="45.7428453" lon="6.8753405">
        <ele>1955</ele>
      </trkpt>
      <trkpt lat="45.7428794" lon="6.8752363">
        <ele>1955</ele>
      </trkpt>
      <trkpt lat="45.7430076" lon="6.8750038">
        <ele>1954</ele>
      </trkpt>
      <trkpt lat="45.7431579" lon="6.8746042">
        <ele>1954</ele>
      </trkpt>
      <trkpt lat="45.7432615" lon="6.8743689">
        <ele>1953</ele>
      </trkpt>
      <trkpt lat="45.7433650" lon="6.8742071">
        <ele>1953</ele>
      </trkpt>
      <trkpt lat="45.7434508" lon="6.8739853">
        <ele>1952</ele>
      </trkpt>
      <trkpt lat="45.7434990" lon="6.8735047">
        <ele>1952</ele>
      </trkpt>
      <trkpt lat="45.7436072" lon="6.8731628">
        <ele>1951</ele>
      </trkpt>
      <trkpt lat="45.7436323" lon="6.8729340">
        <ele>1950</ele>
      </trkpt>
      <trkpt lat="45.7437169" lon="6.8727447">
        <ele>1950</ele>
      </trkpt>
      <trkpt lat="45.7437548" lon="6.8727406">
        <ele>1949</ele>
      </trkpt>
      <trkpt lat="45.7439320" lon="6.8725951">
        <ele>1949</ele>
      </trkpt>
      <trkpt lat="45.7440043" lon="6.8725110">
        <ele>1948</ele>
      </trkpt>
      <trkpt lat="45.7440611" lon="6.8723852">
        <ele>1948</ele>
      </trkpt>
      <trkpt lat="45.7441515" lon="6.8721430">
        <ele>1947</ele>
      </trkpt>
      <trkpt lat="45.7442361" lon="6.8718023">
        <ele>1947</ele>
      </trkpt>
      <trkpt lat="45.7442781" lon="6.8717171">
        <ele>1946</ele>
      </trkpt>
      <trkpt lat="45.7443849" lon="6.8715783">
        <ele>1945</ele>
      </trkpt>
      <trkpt lat="45.7445026" lon="6.8712548">
        <ele>1945</ele>
      </trkpt>
      <trkpt lat="45.7446317" lon="6.8710780">
        <ele>1944</ele>
      </trkpt>
      <trkpt lat="45.7447434" lon="6.8708824">
        <ele>1944</ele>
      </trkpt>
      <trkpt lat="45.7447772" lon="6.8707654">
        <ele>1943</ele>
      </trkpt>
      <trkpt lat="45.7448090" lon="6.8703871">
        <ele>1943</ele>
      </trkpt>
      <trkpt lat="45.7449060" lon="6.8702805">
        <ele>1942</ele>
      </trkpt>
      <trkpt lat="45.7450093" lon="6.8700278">
        <ele>1942</ele>
      </trkpt>
      <trkpt lat="45.7450243" lon="6.8699867">
        <ele>1941</ele>
      </trkpt>
      <trkpt lat="45.7451104" lon="6.8697777">
        <ele>1940</ele>
      </trkpt>
      <trkpt lat="45.7451871" lon="6.8696455">
        <ele>1940</ele>
      </trkpt>
      <trkpt lat="45.7452527" lon="6.8695363">
        <ele>1939</ele>
      </trkpt>
      <trkpt lat="45.7454309" lon="6.8688768">
        <ele>1939</ele>
      </trkpt>
      <trkpt lat="45.7455867" lon="6.8685702">
        <ele>1938</ele>
      </trkpt>
      <trkpt lat="45.7456543" lon="6.8683831">
        <ele>1938</ele>
      </trkpt>
      <trkpt lat="45.7456901" lon="6.8683689">
        <ele>1937</ele>
      </trkpt>
      <trkpt lat="45.7457316" lon="6.8683922">
        <ele>1937</ele>
      </trkpt>
      <trkpt lat="45.7457326" lon="6.8684473">
        <ele>1936</ele>
      </trkpt>
      <trkpt lat="45.7456416" lon="6.8687054">
        <ele>1935</ele>
      </trkpt>
      <trkpt lat="45.7455908" lon="6.8688744">
        <ele>1935</ele>
      </trkpt>
      <trkpt lat="45.7455484" lon="6.8690368">
        <ele>1934</ele>
      </trkpt>
      <trkpt lat="45.7455585" lon="6.8695570">
        <ele>1934</ele>
      </trkpt>
      <trkpt lat="45.7454476" lon="6.8699709">
        <ele>1933</ele>
      </trkpt>
      <trkpt lat="45.7454564" lon="6.8702462">
        <ele>1933</ele>
      </trkpt>
      <trkpt lat="45.7453428" lon="6.8707736">
        <ele>1932</ele>
      </trkpt>
      <trkpt lat="45.7453615" lon="6.8712427">
        <ele>1932</ele>
      </trkpt>
      <trkpt lat="45.7451721" lon="6.8721798">
        <ele>1931</ele>
      </trkpt>
      <trkpt lat="45.7451103" lon="6.8723707">
        <ele>1930</ele>
      </trkpt>
      <trkpt lat="45.7450300" lon="6.8727723">
        <ele>1930</ele>
      </trkpt>
      <trkpt lat="45.7449475" lon="6.8730681">
        <ele>1929</ele>
      </trkpt>
      <trkpt lat="45.7449409" lon="6.8731258">
        <ele>1929</ele>
      </trkpt>
      <trkpt lat="45.7449460" lon="6.8731577">
        <ele>1928</ele>
      </trkpt>
      <trkpt lat="45.7449679" lon="6.8731774">
        <ele>1928</ele>
      </trkpt>
      <trkpt lat="45.7449977" lon="6.8731743">
        <ele>1927</ele>
      </trkpt>
      <trkpt lat="45.7450325" lon="6.8731087">
        <ele>1927</ele>
      </trkpt>
      <trkpt lat="45.7450850" lon="6.8729319">
        <ele>1926</ele>
      </trkpt>
      <trkpt lat="45.7452586" lon="6.8725892">
        <ele>1925</ele>
      </trkpt>
      <trkpt lat="45.7455584" lon="6.8720557">
        <ele>1925</ele>
      </trkpt>
      <trkpt lat="45.7458715" lon="6.8713670">
        <ele>1924</ele>
      </trkpt>
      <trkpt lat="45.7459699" lon="6.8712246">
        <ele>1924</ele>
      </trkpt>
      <trkpt lat="45.7461019" lon="6.8710653">
        <ele>1923</ele>
      </trkpt>
      <trkpt lat="45.7462462" lon="6.8707291">
        <ele>1923</ele>
      </trkpt>
      <trkpt lat="45.7464125" lon="6.8704786">
        <ele>1922</ele>
      </trkpt>
      <trkpt lat="45.7465113" lon="6.8702621">
        <ele>1922</ele>
      </trkpt>
      <trkpt lat="45.7466071" lon="6.8700913">
        <ele>1921</ele>
      </trkpt>
      <trkpt lat="45.7467034" lon="6.8699151">
        <ele>1920</ele>
      </trkpt>
      <trkpt lat="45.7468172" lon="6.8697748">
        <ele>1920</ele>
      </trkpt>
      <trkpt lat="45.7468610" lon="6.8697526">
        <ele>1919</ele>
      </trkpt>
      <trkpt lat="45.7469239" lon="6.8697064">
        <ele>1919</ele>
      </trkpt>
      <trkpt lat="45.7469528" lon="6.8696673">
        <ele>1918</ele>
      </trkpt>
      <trkpt lat="45.7469800" lon="6.8695880">
        <ele>1918</ele>
      </trkpt>
      <trkpt lat="45.7470254" lon="6.8694493">
        <ele>1917</ele>
      </trkpt>
      <trkpt lat="45.7471950" lon="6.8691357">
        <ele>1917</ele>
      </trkpt>
      <trkpt lat="45.7474543" lon="6.8685602">
        <ele>1916</ele>
      </trkpt>
      <trkpt lat="45.7475696" lon="6.8683234">
        <ele>1915</ele>
      </trkpt>
      <trkpt lat="45.7476635" lon="6.8681932">
        <ele>1915</ele>
      </trkpt>
      <trkpt lat="45.7482333" lon="6.8674103">
        <ele>1914</ele>
      </trkpt>
      <trkpt lat="45.7483902" lon="6.8671343">
        <ele>1914</ele>
      </trkpt>
      <trkpt lat="45.7485478" lon="6.8669162">
        <ele>1913</ele>
      </trkpt>
      <trkpt lat="45.7487262" lon="6.8668667">
        <ele>1913</ele>
      </trkpt>
      <trkpt lat="45.7487714" lon="6.8668374">
        <ele>1912</ele>
      </trkpt>
      <trkpt lat="45.7489190" lon="6.8666735">
        <ele>1912</ele>
      </trkpt>
      <trkpt lat="45.7490787" lon="6.8664466">
        <ele>1911</ele>
      </trkpt>
      <trkpt lat="45.7490815" lon="6.8663956">
        <ele>1910</ele>
      </trkpt>
      <trkpt lat="45.7490706" lon="6.8663355">
        <ele>1910</ele>
      </trkpt>
      <trkpt lat="45.7489675" lon="6.8662261">
        <ele>1909</ele>
      </trkpt>
      <trkpt lat="45.7489016" lon="6.8660743">
        <ele>1909</ele>
      </trkpt>
      <trkpt lat="45.7488845" lon="6.8659441">
        <ele>1908</ele>
      </trkpt>
      <trkpt lat="45.7488819" lon="6.8658179">
        <ele>1908</ele>
      </trkpt>
      <trkpt lat="45.7488986" lon="6.8657284">
        <ele>1907</ele>
      </trkpt>
      <trkpt lat="45.7489205" lon="6.8656559">
        <ele>1907</ele>
      </trkpt>
      <trkpt lat="45.7490142" lon="6.8653695">
        <ele>1906</ele>
      </trkpt>
      <trkpt lat="45.7490425" lon="6.8652930">
        <ele>1905</ele>
      </trkpt>
      <trkpt lat="45.7491393" lon="6.8651736">
        <ele>1905</ele>
      </trkpt>
      <trkpt lat="45.7491834" lon="6.8651625">
        <ele>1904</ele>
      </trkpt>
      <trkpt lat="45.7492183" lon="6.8651977">
        <ele>1904</ele>
      </trkpt>
      <trkpt lat="45.7493721" lon="6.8655890">
        <ele>1903</ele>
      </trkpt>
      <trkpt lat="45.7494113" lon="6.8656119">
        <ele>1903</ele>
      </trkpt>
      <trkpt lat="45.7494573" lon="6.8656066">
        <ele>1902</ele>
      </trkpt>
      <trkpt lat="45.7494849" lon="6.8655522">
        <ele>1901</ele>
      </trkpt>
      <trkpt lat="45.7494669" lon="6.8653668">
        <ele>1901</ele>
      </trkpt>
      <trkpt lat="45.7494907" lon="6.8651354">
        <ele>1900</ele>
      </trkpt>
      <trkpt lat="45.7495518" lon="6.8650302">
        <ele>1900</ele>
      </trkpt>
      <trkpt lat="45.7495970" lon="6.8650413">
        <ele>1899</ele>
      </trkpt>
      <trkpt lat="45.7496346" lon="6.8651299">
        <ele>1899</ele>
      </trkpt>
      <trkpt lat="45.7497460" lon="6.8654787">
        <ele>1898</ele>
      </trkpt>
      <trkpt lat="45.7497740" lon="6.8655291">
        <ele>1898</ele>
      </trkpt>
      <trkpt lat="45.7499577" lon="6.8657278">
        <ele>1897</ele>
      </trkpt>
      <trkpt lat="45.7501954" lon="6.8659244">
        <ele>1896</ele>
      </trkpt>
      <trkpt lat="45.7503210" lon="6.8661446">
        <ele>1896</ele>
      </trkpt>
      <trkpt lat="45.7503704" lon="6.8661363">
        <ele>1895</ele>
      </trkpt>
      <trkpt lat="45.7504489" lon="6.8660048">
        <ele>1895</ele>
      </trkpt>
      <trkpt lat="45.7505267" lon="6.8657712">
        <ele>1894</ele>
      </trkpt>
      <trkpt lat="45.7506042" lon="6.8655895">
        <ele>1894</ele>
      </trkpt>
      <trkpt lat="45.7506800" lon="6.8654465">
        <ele>1893</ele>
      </trkpt>
      <trkpt lat="45.7507268" lon="6.8653233">
        <ele>1893</ele>
      </trkpt>
      <trkpt lat="45.7507592" lon="6.8651292">
        <ele>1892</ele>
      </trkpt>
      <trkpt lat="45.7507549" lon="6.8648979">
        <ele>1891</ele>
      </trkpt>
      <trkpt lat="45.7507430" lon="6.8647441">
        <ele>1891</ele>
      </trkpt>
      <trkpt lat="45.7505506" lon="6.8639106">
        <ele>1890</ele>
      </trkpt>
      <trkpt lat="45.7505219" lon="6.8638067">
        <ele>1890</ele>
      </trkpt>
      <trkpt lat="45.7504798" lon="6.8637541">
        <ele>1889</ele>
      </trkpt>
      <trkpt lat="45.7504388" lon="6.8637192">
        <ele>1889</ele>
      </trkpt>
      <trkpt lat="45.7503445" lon="6.8636807">
        <ele>1888</ele>
      </trkpt>
      <trkpt lat="45.7501544" lon="6.8636237">
        <ele>1888</ele>
      </trkpt>
      <trkpt lat="45.7500184" lon="6.8635375">
        <ele>1887</ele>
      </trkpt>
      <trkpt lat="45.7499725" lon="6.8634878">
        <ele>1886</ele>
      </trkpt>
      <trkpt lat="45.7499163" lon="6.8633743">
        <ele>1886</ele>
      </trkpt>
      <trkpt lat="45.7498862" lon="6.8632083">
        <ele>1885</ele>
      </trkpt>
      <trkpt lat="45.7498651" lon="6.8630420">
        <ele>1885</ele>
      </trkpt>
      <trkpt lat="45.7498717" lon="6.8629131">
        <ele>1884</ele>
      </trkpt>
      <trkpt lat="45.7500700" lon="6.8619670">
        <ele>1884</ele>
      </trkpt>
      <trkpt lat="45.7502412" lon="6.8614977">
        <ele>1883</ele>
      </trkpt>
      <trkpt lat="45.7502833" lon="6.8613418">
        <ele>1883</ele>
      </trkpt>
      <trkpt lat="45.7503244" lon="6.8611345">
        <ele>1882</ele>
      </trkpt>
      <trkpt lat="45.7503412" lon="6.8610084">
        <ele>1881</ele>
      </trkpt>
      <trkpt lat="45.7505104" lon="6.8603081">
        <ele>1881</ele>
      </trkpt>
      <trkpt lat="45.7505610" lon="6.8601262">
        <ele>1880</ele>
      </trkpt>
      <trkpt lat="45.7506422" lon="6.8599394">
        <ele>1880</ele>
      </trkpt>
      <trkpt lat="45.7506774" lon="6.8597968">
        <ele>1879</ele>
      </trkpt>
      <trkpt lat="45.7507728" lon="6.8591246">
        <ele>1879</ele>
      </trkpt>
      <trkpt lat="45.7508823" lon="6.8587218">
        <ele>1878</ele>
      </trkpt>
      <trkpt lat="45.7509042" lon="6.8584510">
        <ele>1878</ele>
      </trkpt>
      <trkpt lat="45.7509614" lon="6.8581402">
        <ele>1877</ele>
      </trkpt>
      <trkpt lat="45.7509842" lon="6.8579208">
        <ele>1876</ele>
      </trkpt>
      <trkpt lat="45.7509968" lon="6.8572411">
        <ele>1876</ele>
      </trkpt>
      <trkpt lat="45.7510041" lon="6.8571345">
        <ele>1875</ele>
      </trkpt>
      <trkpt lat="45.7510413" lon="6.8569619">
        <ele>1875</ele>
      </trkpt>
      <trkpt lat="45.7510525" lon="6.8568619">
        <ele>1874</ele>
      </trkpt>
      <trkpt lat="45.7510525" lon="6.8567611">
        <ele>1874</ele>
      </trkpt>
      <trkpt lat="45.7510374" lon="6.8565872">
        <ele>1873</ele>
      </trkpt>
      <trkpt lat="45.7510372" lon="6.8564274">
        <ele>1873</ele>
      </trkpt>
      <trkpt lat="45.7510885" lon="6.8560756">
        <ele>1872</ele>
      </trkpt>
      <trkpt lat="45.7511536" lon="6.8558258">
        <ele>1871</ele>
      </trkpt>
      <trkpt lat="45.7512632" lon="6.8555188">
        <ele>1871</ele>
      </trkpt>
      <trkpt lat="45.7513345" lon="6.8550018">
        <ele>1870</ele>
      </trkpt>
      <trkpt lat="45.7513486" lon="6.8547955">
        <ele>1870</ele>
      </trkpt>
      <trkpt lat="45.7514630" lon="6.8544647">
        <ele>1869</ele>
      </trkpt>
      <trkpt lat="45.7515089" lon="6.8542237">
        <ele>1869</ele>
      </trkpt>
      <trkpt lat="45.7514856" lon="6.8539417">
        <ele>1868</ele>
      </trkpt>
      <trkpt lat="45.7514450" lon="6.8536990">
        <ele>1868</ele>
      </trkpt>
      <trkpt lat="45.7513213" lon="6.8534873">
        <ele>1867</ele>
      </trkpt>
      <trkpt lat="45.7512032" lon="6.8532840">
        <ele>1866</ele>
      </trkpt>
      <trkpt lat="45.7511478" lon="6.8531978">
        <ele>1866</ele>
      </trkpt>
      <trkpt lat="45.7511045" lon="6.8530838">
        <ele>1865</ele>
      </trkpt>
      <trkpt lat="45.7511417" lon="6.8528363">
        <ele>1865</ele>
      </trkpt>
      <trkpt lat="45.7511841" lon="6.8526933">
        <ele>1864</ele>
      </trkpt>
      <trkpt lat="45.7512468" lon="6.8525670">
        <ele>1864</ele>
      </trkpt>
      <trkpt lat="45.7512689" lon="6.8524715">
        <ele>1863</ele>
      </trkpt>
      <trkpt lat="45.7512423" lon="6.8523964">
        <ele>1863</ele>
      </trkpt>
      <trkpt lat="45.7512337" lon="6.8523344">
        <ele>1862</ele>
      </trkpt>
      <trkpt lat="45.7512556" lon="6.8522406">
        <ele>1861</ele>
      </trkpt>
      <trkpt lat="45.7514632" lon="6.8518749">
        <ele>1861</ele>
      </trkpt>
      <trkpt lat="45.7515959" lon="6.8517541">
        <ele>1860</ele>
      </trkpt>
      <trkpt lat="45.7516456" lon="6.8516097">
        <ele>1860</ele>
      </trkpt>
      <trkpt lat="45.7516636" lon="6.8514406">
        <ele>1859</ele>
      </trkpt>
      <trkpt lat="45.7516602" lon="6.8512608">
        <ele>1859</ele>
      </trkpt>
      <trkpt lat="45.7516395" lon="6.8511201">
        <ele>1858</ele>
      </trkpt>
      <trkpt lat="45.7515822" lon="6.8510216">
        <ele>1858</ele>
      </trkpt>
      <trkpt lat="45.7514787" lon="6.8508887">
        <ele>1857</ele>
      </trkpt>
      <trkpt lat="45.7514218" lon="6.8507366">
        <ele>1856</ele>
      </trkpt>
      <trkpt lat="45.7513749" lon="6.8505412">
        <ele>1856</ele>
      </trkpt>
      <trkpt lat="45.7513808" lon="6.8503738">
        <ele>1855</ele>
      </trkpt>
      <trkpt lat="45.7514240" lon="6.8502822">
        <ele>1855</ele>
      </trkpt>
      <trkpt lat="45.7515842" lon="6.8501603">
        <ele>1854</ele>
      </trkpt>
      <trkpt lat="45.7516280" lon="6.8500944">
        <ele>1854</ele>
      </trkpt>
      <trkpt lat="45.7516856" lon="6.8497804">
        <ele>1853</ele>
      </trkpt>
      <trkpt lat="45.7517285" lon="6.8494159">
        <ele>1853</ele>
      </trkpt>
      <trkpt lat="45.7518636" lon="6.8491573">
        <ele>1852</ele>
      </trkpt>
      <trkpt lat="45.7518979" lon="6.8490660">
        <ele>1851</ele>
      </trkpt>
      <trkpt lat="45.7518959" lon="6.8489632">
        <ele>1851</ele>
      </trkpt>
      <trkpt lat="45.7518371" lon="6.8487083">
        <ele>1850</ele>
      </trkpt>
      <trkpt lat="45.7517613" lon="6.8485055">
        <ele>1850</ele>
      </trkpt>
      <trkpt lat="45.7517312" lon="6.8483395">
        <ele>1849</ele>
      </trkpt>
      <trkpt lat="45.7515302" lon="6.8478136">
        <ele>1849</ele>
      </trkpt>
      <trkpt lat="45.7515120" lon="6.8476922">
        <ele>1848</ele>
      </trkpt>
      <trkpt lat="45.7515081" lon="6.8474987">
        <ele>1847</ele>
      </trkpt>
      <trkpt lat="45.7515376" lon="6.8472103">
        <ele>1847</ele>
      </trkpt>
      <trkpt lat="45.7515427" lon="6.8469540">
        <ele>1846</ele>
      </trkpt>
      <trkpt lat="45.7515688" lon="6.8467746">
        <ele>1846</ele>
      </trkpt>
      <trkpt lat="45.7515945" lon="6.8466414">
        <ele>1845</ele>
      </trkpt>
      <trkpt lat="45.7515924" lon="6.8465258">
        <ele>1845</ele>
      </trkpt>
      <trkpt lat="45.7515493" lon="6.8463280">
        <ele>1844</ele>
      </trkpt>
      <trkpt lat="45.7514649" lon="6.8461512">
        <ele>1844</ele>
      </trkpt>
      <trkpt lat="45.7513798" lon="6.8458654">
        <ele>1843</ele>
      </trkpt>
      <trkpt lat="45.7513361" lon="6.8455262">
        <ele>1842</ele>
      </trkpt>
      <trkpt lat="45.7513296" lon="6.8453292">
        <ele>1842</ele>
      </trkpt>
      <trkpt lat="45.7512609" lon="6.8446978">
        <ele>1841</ele>
      </trkpt>
      <trkpt lat="45.7512630" lon="6.8445005">
        <ele>1841</ele>
      </trkpt>
      <trkpt lat="45.7513011" lon="6.8443487">
        <ele>1840</ele>
      </trkpt>
      <trkpt lat="45.7513299" lon="6.8441595">
        <ele>1840</ele>
      </trkpt>
      <trkpt lat="45.7513439" lon="6.8438484">
        <ele>1839</ele>
      </trkpt>
      <trkpt lat="45.7513366" lon="6.8436154">
        <ele>1839</ele>
      </trkpt>
      <trkpt lat="45.7512950" lon="6.8434038">
        <ele>1838</ele>
      </trkpt>
      <trkpt lat="45.7512456" lon="6.8431531">
        <ele>1837</ele>
      </trkpt>
      <trkpt lat="45.7512057" lon="6.8429830">
        <ele>1837</ele>
      </trkpt>
      <trkpt lat="45.7511638" lon="6.8428076">
        <ele>1836</ele>
      </trkpt>
      <trkpt lat="45.7511130" lon="6.8425925">
        <ele>1836</ele>
      </trkpt>
      <trkpt lat="45.7510864" lon="6.8424670">
        <ele>1835</ele>
      </trkpt>
      <trkpt lat="45.7510760" lon="6.8424401">
        <ele>1835</ele>
      </trkpt>
      <trkpt lat="45.7510134" lon="6.8422566">
        <ele>1834</ele>
      </trkpt>
      <trkpt lat="45.7509584" lon="6.8420382">
        <ele>1834</ele>
      </trkpt>
      <trkpt lat="45.7509453" lon="6.8419399">
        <ele>1833</ele>
      </trkpt>
      <trkpt lat="45.7509316" lon="6.8418711">
        <ele>1832</ele>
      </trkpt>
      <trkpt lat="45.7509102" lon="6.8417625">
        <ele>1832</ele>
      </trkpt>
      <trkpt lat="45.7508945" lon="6.8416133">
        <ele>1831</ele>
      </trkpt>
      <trkpt lat="45.7508418" lon="6.8414925">
        <ele>1831</ele>
      </trkpt>
      <trkpt lat="45.7508195" lon="6.8414018">
        <ele>1830</ele>
      </trkpt>
      <trkpt lat="45.7508165" lon="6.8413414">
        <ele>1830</ele>
      </trkpt>
      <trkpt lat="45.7508132" lon="6.8412335">
        <ele>1829</ele>
      </trkpt>
      <trkpt lat="45.7507865" lon="6.8411714">
        <ele>1829</ele>
      </trkpt>
      <trkpt lat="45.7507562" lon="6.8411165">
        <ele>1828</ele>
      </trkpt>
      <trkpt lat="45.7507177" lon="6.8410540">
        <ele>1827</ele>
      </trkpt>
      <trkpt lat="45.7506672" lon="6.8409696">
        <ele>1827</ele>
      </trkpt>
      <trkpt lat="45.7505939" lon="6.8407804">
        <ele>1826</ele>
      </trkpt>
      <trkpt lat="45.7505422" lon="6.8406151">
        <ele>1826</ele>
      </trkpt>
      <trkpt lat="45.7504931" lon="6.8404587">
        <ele>1825</ele>
      </trkpt>
      <trkpt lat="45.7504540" lon="6.8403490">
        <ele>1825</ele>
      </trkpt>
      <trkpt lat="45.7504229" lon="6.8402844">
        <ele>1824</ele>
      </trkpt>
      <trkpt lat="45.7503818" lon="6.8401544">
        <ele>1824</ele>
      </trkpt>
      <trkpt lat="45.7503547" lon="6.8400380">
        <ele>1823</ele>
      </trkpt>
      <trkpt lat="45.7503084" lon="6.8398904">
        <ele>1822</ele>
      </trkpt>
      <trkpt lat="45.7502600" lon="6.8397695">
        <ele>1822</ele>
      </trkpt>
      <trkpt lat="45.7502136" lon="6.8396201">
        <ele>1821</ele>
      </trkpt>
      <trkpt lat="45.7501712" lon="6.8394225">
        <ele>1821</ele>
      </trkpt>
      <trkpt lat="45.7501533" lon="6.8392655">
        <ele>1820</ele>
      </trkpt>
      <trkpt lat="45.7501362" lon="6.8391827">
        <ele>1820</ele>
      </trkpt>
      <trkpt lat="45.7501036" lon="6.8388882">
        <ele>1819</ele>
      </trkpt>
      <trkpt lat="45.7500645" lon="6.8387226">
        <ele>1819</ele>
      </trkpt>
      <trkpt lat="45.7500210" lon="6.8383257">
        <ele>1818</ele>
      </trkpt>
      <trkpt lat="45.7499813" lon="6.8381344">
        <ele>1817</ele>
      </trkpt>
      <trkpt lat="45.7498734" lon="6.8372737">
        <ele>1817</ele>
      </trkpt>
      <trkpt lat="45.7498141" lon="6.8369931">
        <ele>1816</ele>
      </trkpt>
      <trkpt lat="45.7495756" lon="6.8361959">
        <ele>1816</ele>
      </trkpt>
      <trkpt lat="45.7495714" lon="6.8361564">
        <ele>1815</ele>
      </trkpt>
      <trkpt lat="45.7495782" lon="6.8361412">
        <ele>1815</ele>
      </trkpt>
      <trkpt lat="45.7496141" lon="6.8361104">
        <ele>1814</ele>
      </trkpt>
      <trkpt lat="45.7496568" lon="6.8360940">
        <ele>1814</ele>
      </trkpt>
      <trkpt lat="45.7496923" lon="6.8360927">
        <ele>1813</ele>
      </trkpt>
      <trkpt lat="45.7497352" lon="6.8360843">
        <ele>1812</ele>
      </trkpt>
      <trkpt lat="45.7497635" lon="6.8360979">
        <ele>1812</ele>
      </trkpt>
      <trkpt lat="45.7497846" lon="6.8361278">
        <ele>1811</ele>
      </trkpt>
      <trkpt lat="45.7498033" lon="6.8361391">
        <ele>1811</ele>
      </trkpt>
      <trkpt lat="45.7498062" lon="6.8360870">
        <ele>1810</ele>
      </trkpt>
      <trkpt lat="45.7498069" lon="6.8360877">
        <ele>1810</ele>
      </trkpt>
      <trkpt lat="45.7498095" lon="6.8360594">
        <ele>1809</ele>
      </trkpt>
      <trkpt lat="45.7498122" lon="6.8360426">
        <ele>1809</ele>
      </trkpt>
      <trkpt lat="45.7498208" lon="6.8360383">
        <ele>1808</ele>
      </trkpt>
      <trkpt lat="45.7498275" lon="6.8360467">
        <ele>1807</ele>
      </trkpt>
      <trkpt lat="45.7498326" lon="6.8360692">
        <ele>1807</ele>
      </trkpt>
      <trkpt lat="45.7498423" lon="6.8360882">
        <ele>1806</ele>
      </trkpt>
      <trkpt lat="45.7498599" lon="6.8361042">
        <ele>1806</ele>
      </trkpt>
      <trkpt lat="45.7498739" lon="6.8361524">
        <ele>1805</ele>
      </trkpt>
      <trkpt lat="45.7498835" lon="6.8361925">
        <ele>1805</ele>
      </trkpt>
      <trkpt lat="45.7499127" lon="6.8362515">
        <ele>1804</ele>
      </trkpt>
      <trkpt lat="45.7499440" lon="6.8362716">
        <ele>1804</ele>
      </trkpt>
      <trkpt lat="45.7500031" lon="6.8362814">
        <ele>1803</ele>
      </trkpt>
      <trkpt lat="45.7500108" lon="6.8362845">
        <ele>1802</ele>
      </trkpt>
      <trkpt lat="45.7502331" lon="6.8364992">
        <ele>1802</ele>
      </trkpt>
      <trkpt lat="45.7502581" lon="6.8365035">
        <ele>1801</ele>
      </trkpt>
      <trkpt lat="45.7502853" lon="6.8365338">
        <ele>1801</ele>
      </trkpt>
      <trkpt lat="45.7503062" lon="6.8365537">
        <ele>1800</ele>
      </trkpt>
      <trkpt lat="45.7503462" lon="6.8366084">
        <ele>1800</ele>
      </trkpt>
      <trkpt lat="45.7503862" lon="6.8366470">
        <ele>1799</ele>
      </trkpt>
      <trkpt lat="45.7503733" lon="6.8365991">
        <ele>1799</ele>
      </trkpt>
      <trkpt lat="45.7503576" lon="6.8365751">
        <ele>1798</ele>
      </trkpt>
      <trkpt lat="45.7503393" lon="6.8365219">
        <ele>1797</ele>
      </trkpt>
      <trkpt lat="45.7503190" lon="6.8364619">
        <ele>1797</ele>
      </trkpt>
      <trkpt lat="45.7502897" lon="6.8363942">
        <ele>1796</ele>
      </trkpt>
      <trkpt lat="45.7502703" lon="6.8363283">
        <ele>1796</ele>
      </trkpt>
      <trkpt lat="45.7502661" lon="6.8363044">
        <ele>1795</ele>
      </trkpt>
      <trkpt lat="45.7502470" lon="6.8362344">
        <ele>1795</ele>
      </trkpt>
      <trkpt lat="45.7502323" lon="6.8361982">
        <ele>1794</ele>
      </trkpt>
      <trkpt lat="45.7502205" lon="6.8361666">
        <ele>1793</ele>
      </trkpt>
      <trkpt lat="45.7502151" lon="6.8361314">
        <ele>1793</ele>
      </trkpt>
      <trkpt lat="45.7502222" lon="6.8361131">
        <ele>1792</ele>
      </trkpt>
      <trkpt lat="45.7502344" lon="6.8361106">
        <ele>1792</ele>
      </trkpt>
      <trkpt lat="45.7502462" lon="6.8361270">
        <ele>1791</ele>
      </trkpt>
      <trkpt lat="45.7502836" lon="6.8361659">
        <ele>1791</ele>
      </trkpt>
      <trkpt lat="45.7502900" lon="6.8361678">
        <ele>1790</ele>
      </trkpt>
      <trkpt lat="45.7503358" lon="6.8361887">
        <ele>1790</ele>
      </trkpt>
      <trkpt lat="45.7503648" lon="6.8362136">
        <ele>1789</ele>
      </trkpt>
      <trkpt lat="45.7503885" lon="6.8362321">
        <ele>1788</ele>
      </trkpt>
      <trkpt lat="45.7504233" lon="6.8362915">
        <ele>1788</ele>
      </trkpt>
      <trkpt lat="45.7504544" lon="6.8363251">
        <ele>1787</ele>
      </trkpt>
      <trkpt lat="45.7504707" lon="6.8363605">
        <ele>1787</ele>
      </trkpt>
      <trkpt lat="45.7507238" lon="6.8366237">
        <ele>1786</ele>
      </trkpt>
      <trkpt lat="45.7507820" lon="6.8366208">
        <ele>1786</ele>
      </trkpt>
      <trkpt lat="45.7508029" lon="6.8366347">
        <ele>1785</ele>
      </trkpt>
      <trkpt lat="45.7508332" lon="6.8366543">
        <ele>1785</ele>
      </trkpt>
      <trkpt lat="45.7508639" lon="6.8366691">
        <ele>1784</ele>
      </trkpt>
      <trkpt lat="45.7508884" lon="6.8366548">
        <ele>1783</ele>
      </trkpt>
      <trkpt lat="45.7509492" lon="6.8366451">
        <ele>1783</ele>
      </trkpt>
      <trkpt lat="45.7509908" lon="6.8366655">
        <ele>1782</ele>
      </trkpt>
      <trkpt lat="45.7510260" lon="6.8366749">
        <ele>1782</ele>
      </trkpt>
      <trkpt lat="45.7510680" lon="6.8366772">
        <ele>1781</ele>
      </trkpt>
      <trkpt lat="45.7510822" lon="6.8366867">
        <ele>1781</ele>
      </trkpt>
      <trkpt lat="45.7510914" lon="6.8367031">
        <ele>1780</ele>
      </trkpt>
      <trkpt lat="45.7510963" lon="6.8367109">
        <ele>1780</ele>
      </trkpt>
      <trkpt lat="45.7511178" lon="6.8367354">
        <ele>1779</ele>
      </trkpt>
      <trkpt lat="45.7511315" lon="6.8367456">
        <ele>1778</ele>
      </trkpt>
      <trkpt lat="45.7511560" lon="6.8367560">
        <ele>1778</ele>
      </trkpt>
      <trkpt lat="45.7511678" lon="6.8367602">
        <ele>1777</ele>
      </trkpt>
      <trkpt lat="45.7511824" lon="6.8367630">
        <ele>1777</ele>
      </trkpt>
      <trkpt lat="45.7511918" lon="6.8367687">
        <ele>1776</ele>
      </trkpt>
      <trkpt lat="45.7512028" lon="6.8367783">
        <ele>1776</ele>
      </trkpt>
      <trkpt lat="45.7512198" lon="6.8367869">
        <ele>1775</ele>
      </trkpt>
      <trkpt lat="45.7512397" lon="6.8367914">
        <ele>1775</ele>
      </trkpt>
      <trkpt lat="45.7512499" lon="6.8367875">
        <ele>1774</ele>
      </trkpt>
      <trkpt lat="45.7512555" lon="6.8367866">
        <ele>1773</ele>
      </trkpt>
      <trkpt lat="45.7512757" lon="6.8367878">
        <ele>1773</ele>
      </trkpt>
      <trkpt lat="45.7513019" lon="6.8367935">
        <ele>1772</ele>
      </trkpt>
      <trkpt lat="45.7513237" lon="6.8368073">
        <ele>1772</ele>
      </trkpt>
      <trkpt lat="45.7513545" lon="6.8368288">
        <ele>1771</ele>
      </trkpt>
      <trkpt lat="45.7513782" lon="6.8368299">
        <ele>1771</ele>
      </trkpt>
      <trkpt lat="45.7514058" lon="6.8368315">
        <ele>1770</ele>
      </trkpt>
      <trkpt lat="45.7514246" lon="6.8368348">
        <ele>1770</ele>
      </trkpt>
      <trkpt lat="45.7514372" lon="6.8368377">
        <ele>1769</ele>
      </trkpt>
      <trkpt lat="45.7514537" lon="6.8368450">
        <ele>1768</ele>
      </trkpt>
      <trkpt lat="45.7514735" lon="6.8368510">
        <ele>1768</ele>
      </trkpt>
      <trkpt lat="45.7515124" lon="6.8368568">
        <ele>1767</ele>
      </trkpt>
      <trkpt lat="45.7515571" lon="6.8368591">
        <ele>1767</ele>
      </trkpt>
      <trkpt lat="45.7515774" lon="6.8368683">
        <ele>1766</ele>
      </trkpt>
      <trkpt lat="45.7515879" lon="6.8368773">
        <ele>1766</ele>
      </trkpt>
      <trkpt lat="45.7516027" lon="6.8368947">
        <ele>1765</ele>
      </trkpt>
      <trkpt lat="45.7516170" lon="6.8369102">
        <ele>1765</ele>
      </trkpt>
      <trkpt lat="45.7516400" lon="6.8369120">
        <ele>1764</ele>
      </trkpt>
      <trkpt lat="45.7516660" lon="6.8369030">
        <ele>1763</ele>
      </trkpt>
      <trkpt lat="45.7516905" lon="6.8368913">
        <ele>1763</ele>
      </trkpt>
      <trkpt lat="45.7517107" lon="6.8368926">
        <ele>1762</ele>
      </trkpt>
      <trkpt lat="45.7517243" lon="6.8368954">
        <ele>1762</ele>
      </trkpt>
      <trkpt lat="45.7517419" lon="6.8369114">
        <ele>1761</ele>
      </trkpt>
      <trkpt lat="45.7517443" lon="6.8369159">
        <ele>1761</ele>
      </trkpt>
      <trkpt lat="45.7517448" lon="6.8369160">
        <ele>1760</ele>
      </trkpt>
      <trkpt lat="45.7517576" lon="6.8369241">
        <ele>1760</ele>
      </trkpt>
      <trkpt lat="45.7517773" lon="6.8369314">
        <ele>1759</ele>
      </trkpt>
      <trkpt lat="45.7518069" lon="6.8369389">
        <ele>1758</ele>
      </trkpt>
      <trkpt lat="45.7518339" lon="6.8369539">
        <ele>1758</ele>
      </trkpt>
      <trkpt lat="45.7518547" lon="6.8369645">
        <ele>1757</ele>
      </trkpt>
      <trkpt lat="45.7518761" lon="6.8369603">
        <ele>1757</ele>
      </trkpt>
      <trkpt lat="45.7519117" lon="6.8369502">
        <ele>1756</ele>
      </trkpt>
      <trkpt lat="45.7519348" lon="6.8369587">
        <ele>1756</ele>
      </trkpt>
      <trkpt lat="45.7519527" lon="6.8369687">
        <ele>1755</ele>
      </trkpt>
      <trkpt lat="45.7519673" lon="6.8369715">
        <ele>1755</ele>
      </trkpt>
      <trkpt lat="45.7519891" lon="6.8369626">
        <ele>1754</ele>
      </trkpt>
      <trkpt lat="45.7520195" lon="6.8369407">
        <ele>1753</ele>
      </trkpt>
      <trkpt lat="45.7520390" lon="6.8369340">
        <ele>1753</ele>
      </trkpt>
      <trkpt lat="45.7520646" lon="6.8369490">
        <ele>1752</ele>
      </trkpt>
      <trkpt lat="45.7520984" lon="6.8369711">
        <ele>1752</ele>
      </trkpt>
      <trkpt lat="45.7521266" lon="6.8369994">
        <ele>1751</ele>
      </trkpt>
      <trkpt lat="45.7521656" lon="6.8370593">
        <ele>1751</ele>
      </trkpt>
      <trkpt lat="45.7521967" lon="6.8371054">
        <ele>1750</ele>
      </trkpt>
      <trkpt lat="45.7522221" lon="6.8371345">
        <ele>1750</ele>
      </trkpt>
      <trkpt lat="45.7522556" lon="6.8371272">
        <ele>1749</ele>
      </trkpt>
      <trkpt lat="45.7523011" lon="6.8370942">
        <ele>1748</ele>
      </trkpt>
      <trkpt lat="45.7523544" lon="6.8370687">
        <ele>1748</ele>
      </trkpt>
      <trkpt lat="45.7523919" lon="6.8370700">
        <ele>1747</ele>
      </trkpt>
      <trkpt lat="45.7524270" lon="6.8370947">
        <ele>1747</ele>
      </trkpt>
      <trkpt lat="45.7524719" lon="6.8371348">
        <ele>1746</ele>
      </trkpt>
      <trkpt lat="45.7524992" lon="6.8371685">
        <ele>1746</ele>
      </trkpt>
      <trkpt lat="45.7525208" lon="6.8371978">
        <ele>1745</ele>
      </trkpt>
      <trkpt lat="45.7525343" lon="6.8372213">
        <ele>1745</ele>
      </trkpt>
      <trkpt lat="45.7525483" lon="6.8372408">
        <ele>1744</ele>
      </trkpt>
      <trkpt lat="45.7525644" lon="6.8372549">
        <ele>1743</ele>
      </trkpt>
      <trkpt lat="45.7525821" lon="6.8372468">
        <ele>1743</ele>
      </trkpt>
      <trkpt lat="45.7526074" lon="6.8372271">
        <ele>1742</ele>
      </trkpt>
      <trkpt lat="45.7526306" lon="6.8372030">
        <ele>1742</ele>
      </trkpt>
      <trkpt lat="45.7527207" lon="6.8371488">
        <ele>1741</ele>
      </trkpt>
      <trkpt lat="45.7527538" lon="6.8371197">
        <ele>1741</ele>
      </trkpt>
      <trkpt lat="45.7527538" lon="6.8371194">
        <ele>1740</ele>
      </trkpt>
      <trkpt lat="45.7527587" lon="6.8370825">
        <ele>1739</ele>
      </trkpt>
      <trkpt lat="45.7527615" lon="6.8370550">
        <ele>1739</ele>
      </trkpt>
      <trkpt lat="45.7527558" lon="6.8370238">
        <ele>1738</ele>
      </trkpt>
      <trkpt lat="45.7527345" lon="6.8369893">
        <ele>1738</ele>
      </trkpt>
      <trkpt lat="45.7527011" lon="6.8369498">
        <ele>1737</ele>
      </trkpt>
      <trkpt lat="45.7526972" lon="6.8369500">
        <ele>1737</ele>
      </trkpt>
      <trkpt lat="45.7526962" lon="6.8369470">
        <ele>1736</ele>
      </trkpt>
      <trkpt lat="45.7526821" lon="6.8369360">
        <ele>1736</ele>
      </trkpt>
      <trkpt lat="45.7526788" lon="6.8369081">
        <ele>1735</ele>
      </trkpt>
      <trkpt lat="45.7526921" lon="6.8368735">
        <ele>1734</ele>
      </trkpt>
      <trkpt lat="45.7527240" lon="6.8368529">
        <ele>1734</ele>
      </trkpt>
      <trkpt lat="45.7528051" lon="6.8368397">
        <ele>1733</ele>
      </trkpt>
      <trkpt lat="45.7528071" lon="6.8368423">
        <ele>1733</ele>
      </trkpt>
      <trkpt lat="45.7528080" lon="6.8368380">
        <ele>1732</ele>
      </trkpt>
      <trkpt lat="45.7528233" lon="6.8368390">
        <ele>1732</ele>
      </trkpt>
      <trkpt lat="45.7528454" lon="6.8368168">
        <ele>1731</ele>
      </trkpt>
      <trkpt lat="45.7528599" lon="6.8367444">
        <ele>1731</ele>
      </trkpt>
      <trkpt lat="45.7528643" lon="6.8366808">
        <ele>1730</ele>
      </trkpt>
      <trkpt lat="45.7528550" lon="6.8366083">
        <ele>1729</ele>
      </trkpt>
      <trkpt lat="45.7528301" lon="6.8365291">
        <ele>1729</ele>
      </trkpt>
      <trkpt lat="45.7527789" lon="6.8364104">
        <ele>1728</ele>
      </trkpt>
      <trkpt lat="45.7526988" lon="6.8362558">
        <ele>1728</ele>
      </trkpt>
      <trkpt lat="45.7526126" lon="6.8361139">
        <ele>1727</ele>
      </trkpt>
      <trkpt lat="45.7525525" lon="6.8360247">
        <ele>1727</ele>
      </trkpt>
      <trkpt lat="45.7524778" lon="6.8359113">
        <ele>1726</ele>
      </trkpt>
      <trkpt lat="45.7524437" lon="6.8358261">
        <ele>1726</ele>
      </trkpt>
      <trkpt lat="45.7524149" lon="6.8357604">
        <ele>1725</ele>
      </trkpt>
      <trkpt lat="45.7523850" lon="6.8357148">
        <ele>1724</ele>
      </trkpt>
      <trkpt lat="45.7523475" lon="6.8356568">
        <ele>1724</ele>
      </trkpt>
      <trkpt lat="45.7523391" lon="6.8356365">
        <ele>1723</ele>
      </trkpt>
      <trkpt lat="45.7523323" lon="6.8356214">
        <ele>1723</ele>
      </trkpt>
      <trkpt lat="45.7523269" lon="6.8356075">
        <ele>1722</ele>
      </trkpt>
      <trkpt lat="45.7522873" lon="6.8355696">
        <ele>1722</ele>
      </trkpt>
      <trkpt lat="45.7522836" lon="6.8355680">
        <ele>1721</ele>
      </trkpt>
      <trkpt lat="45.7522009" lon="6.8354170">
        <ele>1721</ele>
      </trkpt>
      <trkpt lat="45.7521899" lon="6.8353799">
        <ele>1720</ele>
      </trkpt>
      <trkpt lat="45.7521755" lon="6.8353357">
        <ele>1719</ele>
      </trkpt>
      <trkpt lat="45.7521436" lon="6.8352601">
        <ele>1719</ele>
      </trkpt>
      <trkpt lat="45.7521022" lon="6.8351461">
        <ele>1718</ele>
      </trkpt>
      <trkpt lat="45.7520745" lon="6.8350333">
        <ele>1718</ele>
      </trkpt>
      <trkpt lat="45.7520609" lon="6.8349610">
        <ele>1717</ele>
      </trkpt>
      <trkpt lat="45.7520305" lon="6.8348626">
        <ele>1717</ele>
      </trkpt>
      <trkpt lat="45.7519847" lon="6.8346881">
        <ele>1716</ele>
      </trkpt>
      <trkpt lat="45.7519415" lon="6.8345439">
        <ele>1716</ele>
      </trkpt>
      <trkpt lat="45.7519271" lon="6.8345238">
        <ele>1715</ele>
      </trkpt>
      <trkpt lat="45.7519146" lon="6.8344829">
        <ele>1714</ele>
      </trkpt>
      <trkpt lat="45.7518913" lon="6.8344123">
        <ele>1714</ele>
      </trkpt>
      <trkpt lat="45.7518681" lon="6.8343464">
        <ele>1713</ele>
      </trkpt>
      <trkpt lat="45.7518162" lon="6.8342470">
        <ele>1713</ele>
      </trkpt>
      <trkpt lat="45.7518056" lon="6.8342346">
        <ele>1712</ele>
      </trkpt>
      <trkpt lat="45.7517883" lon="6.8341831">
        <ele>1712</ele>
      </trkpt>
      <trkpt lat="45.7517777" lon="6.8341181">
        <ele>1711</ele>
      </trkpt>
      <trkpt lat="45.7517802" lon="6.8340786">
        <ele>1711</ele>
      </trkpt>
      <trkpt lat="45.7517955" lon="6.8340328">
        <ele>1710</ele>
      </trkpt>
      <trkpt lat="45.7517957" lon="6.8340323">
        <ele>1709</ele>
      </trkpt>
      <trkpt lat="45.7518126" lon="6.8339882">
        <ele>1709</ele>
      </trkpt>
      <trkpt lat="45.7518169" lon="6.8339413">
        <ele>1708</ele>
      </trkpt>
      <trkpt lat="45.7518121" lon="6.8338880">
        <ele>1708</ele>
      </trkpt>
      <trkpt lat="45.7517961" lon="6.8338553">
        <ele>1707</ele>
      </trkpt>
      <trkpt lat="45.7517801" lon="6.8338024">
        <ele>1707</ele>
      </trkpt>
      <trkpt lat="45.7517743" lon="6.8337659">
        <ele>1706</ele>
      </trkpt>
      <trkpt lat="45.7517757" lon="6.8337178">
        <ele>1706</ele>
      </trkpt>
      <trkpt lat="45.7517720" lon="6.8336939">
        <ele>1705</ele>
      </trkpt>
      <trkpt lat="45.7517647" lon="6.8336554">
        <ele>1704</ele>
      </trkpt>
      <trkpt lat="45.7517603" lon="6.8336429">
        <ele>1704</ele>
      </trkpt>
      <trkpt lat="45.7517591" lon="6.8336369">
        <ele>1703</ele>
      </trkpt>
      <trkpt lat="45.7517565" lon="6.8336281">
        <ele>1703</ele>
      </trkpt>
      <trkpt lat="45.7517534" lon="6.8336042">
        <ele>1702</ele>
      </trkpt>
      <trkpt lat="45.7517565" lon="6.8335817">
        <ele>1702</ele>
      </trkpt>
      <trkpt lat="45.7517641" lon="6.8335507">
        <ele>1701</ele>
      </trkpt>
      <trkpt lat="45.7517723" lon="6.8335336">
        <ele>1701</ele>
      </trkpt>
      <trkpt lat="45.7517753" lon="6.8335327">
        <ele>1700</ele>
      </trkpt>
      <trkpt lat="45.7517824" lon="6.8335261">
        <ele>1699</ele>
      </trkpt>
      <trkpt lat="45.7517921" lon="6.8335291">
        <ele>1699</ele>
      </trkpt>
      <trkpt lat="45.7518066" lon="6.8335405">
        <ele>1698</ele>
      </trkpt>
      <trkpt lat="45.7518271" lon="6.8335561">
        <ele>1698</ele>
      </trkpt>
      <trkpt lat="45.7518401" lon="6.8335757">
        <ele>1697</ele>
      </trkpt>
      <trkpt lat="45.7518695" lon="6.8335983">
        <ele>1697</ele>
      </trkpt>
      <trkpt lat="45.7518911" lon="6.8336265">
        <ele>1696</ele>
      </trkpt>
      <trkpt lat="45.7519045" lon="6.8336355">
        <ele>1696</ele>
      </trkpt>
      <trkpt lat="45.7519119" lon="6.8336208">
        <ele>1695</ele>
      </trkpt>
      <trkpt lat="45.7519088" lon="6.8336009">
        <ele>1694</ele>
      </trkpt>
      <trkpt lat="45.7519041" lon="6.8335750">
        <ele>1694</ele>
      </trkpt>
      <trkpt lat="45.7518960" lon="6.8335452">
        <ele>1693</ele>
      </trkpt>
      <trkpt lat="45.7518850" lon="6.8335049">
        <ele>1693</ele>
      </trkpt>
      <trkpt lat="45.7518850" lon="6.8334595">
        <ele>1692</ele>
      </trkpt>
      <trkpt lat="45.7518809" lon="6.8334358">
        <ele>1692</ele>
      </trkpt>
      <trkpt lat="45.7518754" lon="6.8334191">
        <ele>1691</ele>
      </trkpt>
      <trkpt lat="45.7518653" lon="6.8334041">
        <ele>1691</ele>
      </trkpt>
      <trkpt lat="45.7518612" lon="6.8333863">
        <ele>1690</ele>
      </trkpt>
      <trkpt lat="45.7518687" lon="6.8333711">
        <ele>1689</ele>
      </trkpt>
      <trkpt lat="45.7518782" lon="6.8333761">
        <ele>1689</ele>
      </trkpt>
      <trkpt lat="45.7518896" lon="6.8333877">
        <ele>1688</ele>
      </trkpt>
      <trkpt lat="45.7519072" lon="6.8334017">
        <ele>1688</ele>
      </trkpt>
      <trkpt lat="45.7519354" lon="6.8334333">
        <ele>1687</ele>
      </trkpt>
      <trkpt lat="45.7519679" lon="6.8334748">
        <ele>1687</ele>
      </trkpt>
      <trkpt lat="45.7519907" lon="6.8335017">
        <ele>1686</ele>
      </trkpt>
      <trkpt lat="45.7520033" lon="6.8335272">
        <ele>1685</ele>
      </trkpt>
      <trkpt lat="45.7520297" lon="6.8335649">
        <ele>1685</ele>
      </trkpt>
      <trkpt lat="45.7520524" lon="6.8336008">
        <ele>1684</ele>
      </trkpt>
      <trkpt lat="45.7520833" lon="6.8336283">
        <ele>1684</ele>
      </trkpt>
      <trkpt lat="45.7521303" lon="6.8336372">
        <ele>1683</ele>
      </trkpt>
      <trkpt lat="45.7521584" lon="6.8336560">
        <ele>1683</ele>
      </trkpt>
      <trkpt lat="45.7521818" lon="6.8337045">
        <ele>1682</ele>
      </trkpt>
      <trkpt lat="45.7521984" lon="6.8337413">
        <ele>1682</ele>
      </trkpt>
      <trkpt lat="45.7522127" lon="6.8337574">
        <ele>1681</ele>
      </trkpt>
      <trkpt lat="45.7522360" lon="6.8337772">
        <ele>1680</ele>
      </trkpt>
      <trkpt lat="45.7522534" lon="6.8337886">
        <ele>1680</ele>
      </trkpt>
      <trkpt lat="45.7522915" lon="6.8338225">
        <ele>1679</ele>
      </trkpt>
      <trkpt lat="45.7523225" lon="6.8338567">
        <ele>1679</ele>
      </trkpt>
      <trkpt lat="45.7523498" lon="6.8338798">
        <ele>1678</ele>
      </trkpt>
      <trkpt lat="45.7523850" lon="6.8339118">
        <ele>1678</ele>
      </trkpt>
      <trkpt lat="45.7523886" lon="6.8339309">
        <ele>1677</ele>
      </trkpt>
      <trkpt lat="45.7524013" lon="6.8339325">
        <ele>1677</ele>
      </trkpt>
      <trkpt lat="45.7524046" lon="6.8339150">
        <ele>1676</ele>
      </trkpt>
      <trkpt lat="45.7523952" lon="6.8338526">
        <ele>1675</ele>
      </trkpt>
      <trkpt lat="45.7523914" lon="6.8338267">
        <ele>1675</ele>
      </trkpt>
      <trkpt lat="45.7523798" lon="6.8337550">
        <ele>1674</ele>
      </trkpt>
      <trkpt lat="45.7523840" lon="6.8337080">
        <ele>1674</ele>
      </trkpt>
      <trkpt lat="45.7523872" lon="6.8336799">
        <ele>1673</ele>
      </trkpt>
      <trkpt lat="45.7523974" lon="6.8336735">
        <ele>1673</ele>
      </trkpt>
      <trkpt lat="45.7524105" lon="6.8336729">
        <ele>1672</ele>
      </trkpt>
      <trkpt lat="45.7524228" lon="6.8336798">
        <ele>1672</ele>
      </trkpt>
      <trkpt lat="45.7524356" lon="6.8336907">
        <ele>1671</ele>
      </trkpt>
      <trkpt lat="45.7524566" lon="6.8337106">
        <ele>1670</ele>
      </trkpt>
      <trkpt lat="45.7524732" lon="6.8337480">
        <ele>1670</ele>
      </trkpt>
      <trkpt lat="45.7524726" lon="6.8337531">
        <ele>1669</ele>
      </trkpt>
      <trkpt lat="45.7524748" lon="6.8337551">
        <ele>1669</ele>
      </trkpt>
      <trkpt lat="45.7524812" lon="6.8337744">
        <ele>1668</ele>
      </trkpt>
      <trkpt lat="45.7525116" lon="6.8338200">
        <ele>1668</ele>
      </trkpt>
      <trkpt lat="45.7525439" lon="6.8338515">
        <ele>1667</ele>
      </trkpt>
      <trkpt lat="45.7525857" lon="6.8338590">
        <ele>1667</ele>
      </trkpt>
      <trkpt lat="45.7526112" lon="6.8338690">
        <ele>1666</ele>
      </trkpt>
      <trkpt lat="45.7526285" lon="6.8338811">
        <ele>1665</ele>
      </trkpt>
      <trkpt lat="45.7526480" lon="6.8339027">
        <ele>1665</ele>
      </trkpt>
      <trkpt lat="45.7526731" lon="6.8339200">
        <ele>1664</ele>
      </trkpt>
      <trkpt lat="45.7526980" lon="6.8339257">
        <ele>1664</ele>
      </trkpt>
      <trkpt lat="45.7527102" lon="6.8339299">
        <ele>1663</ele>
      </trkpt>
      <trkpt lat="45.7527226" lon="6.8339401">
        <ele>1663</ele>
      </trkpt>
      <trkpt lat="45.7527479" lon="6.8339438">
        <ele>1662</ele>
      </trkpt>
      <trkpt lat="45.7527633" lon="6.8339432">
        <ele>1662</ele>
      </trkpt>
      <trkpt lat="45.7527764" lon="6.8339434">
        <ele>1661</ele>
      </trkpt>
      <trkpt lat="45.7527858" lon="6.8339470">
        <ele>1660</ele>
      </trkpt>
      <trkpt lat="45.7527968" lon="6.8339573">
        <ele>1660</ele>
      </trkpt>
      <trkpt lat="45.7528214" lon="6.8339717">
        <ele>1659</ele>
      </trkpt>
      <trkpt lat="45.7528440" lon="6.8339566">
        <ele>1659</ele>
      </trkpt>
      <trkpt lat="45.7528652" lon="6.8339516">
        <ele>1658</ele>
      </trkpt>
      <trkpt lat="45.7529237" lon="6.8340101">
        <ele>1658</ele>
      </trkpt>
      <trkpt lat="45.7529486" lon="6.8340022">
        <ele>1657</ele>
      </trkpt>
      <trkpt lat="45.7529639" lon="6.8340059">
        <ele>1657</ele>
      </trkpt>
      <trkpt lat="45.7530002" lon="6.8340232">
        <ele>1656</ele>
      </trkpt>
      <trkpt lat="45.7530408" lon="6.8340733">
        <ele>1655</ele>
      </trkpt>
      <trkpt lat="45.7530834" lon="6.8340790">
        <ele>1655</ele>
      </trkpt>
      <trkpt lat="45.7531427" lon="6.8341215">
        <ele>1654</ele>
      </trkpt>
      <trkpt lat="45.7531662" lon="6.8341214">
        <ele>1654</ele>
      </trkpt>
      <trkpt lat="45.7531868" lon="6.8341164">
        <ele>1653</ele>
      </trkpt>
      <trkpt lat="45.7532023" lon="6.8341205">
        <ele>1653</ele>
      </trkpt>
      <trkpt lat="45.7532314" lon="6.8341287">
        <ele>1652</ele>
      </trkpt>
      <trkpt lat="45.7532779" lon="6.8341623">
        <ele>1652</ele>
      </trkpt>
      <trkpt lat="45.7533178" lon="6.8341848">
        <ele>1651</ele>
      </trkpt>
      <trkpt lat="45.7533464" lon="6.8342124">
        <ele>1650</ele>
      </trkpt>
      <trkpt lat="45.7533835" lon="6.8342417">
        <ele>1650</ele>
      </trkpt>
      <trkpt lat="45.7534033" lon="6.8342757">
        <ele>1649</ele>
      </trkpt>
      <trkpt lat="45.7534231" lon="6.8342956">
        <ele>1649</ele>
      </trkpt>
      <trkpt lat="45.7534507" lon="6.8342995">
        <ele>1648</ele>
      </trkpt>
      <trkpt lat="45.7534612" lon="6.8343006">
        <ele>1648</ele>
      </trkpt>
      <trkpt lat="45.7534761" lon="6.8342994">
        <ele>1647</ele>
      </trkpt>
      <trkpt lat="45.7534978" lon="6.8342831">
        <ele>1647</ele>
      </trkpt>
      <trkpt lat="45.7534996" lon="6.8342817">
        <ele>1646</ele>
      </trkpt>
      <trkpt lat="45.7535238" lon="6.8342697">
        <ele>1645</ele>
      </trkpt>
      <trkpt lat="45.7535725" lon="6.8342515">
        <ele>1645</ele>
      </trkpt>
      <trkpt lat="45.7536533" lon="6.8342217">
        <ele>1644</ele>
      </trkpt>
      <trkpt lat="45.7536836" lon="6.8342158">
        <ele>1644</ele>
      </trkpt>
      <trkpt lat="45.7536849" lon="6.8342177">
        <ele>1643</ele>
      </trkpt>
      <trkpt lat="45.7536868" lon="6.8342170">
        <ele>1643</ele>
      </trkpt>
      <trkpt lat="45.7537033" lon="6.8342264">
        <ele>1642</ele>
      </trkpt>
      <trkpt lat="45.7537217" lon="6.8342351">
        <ele>1642</ele>
      </trkpt>
      <trkpt lat="45.7537299" lon="6.8342214">
        <ele>1641</ele>
      </trkpt>
      <trkpt lat="45.7537214" lon="6.8341973">
        <ele>1640</ele>
      </trkpt>
      <trkpt lat="45.7537166" lon="6.8341647">
        <ele>1640</ele>
      </trkpt>
      <trkpt lat="45.7536990" lon="6.8341246">
        <ele>1639</ele>
      </trkpt>
      <trkpt lat="45.7536649" lon="6.8340473">
        <ele>1639</ele>
      </trkpt>
      <trkpt lat="45.7536345" lon="6.8339950">
        <ele>1638</ele>
      </trkpt>
      <trkpt lat="45.7536086" lon="6.8339466">
        <ele>1638</ele>
      </trkpt>
      <trkpt lat="45.7535775" lon="6.8338883">
        <ele>1637</ele>
      </trkpt>
      <trkpt lat="45.7535460" lon="6.8338535">
        <ele>1637</ele>
      </trkpt>
      <trkpt lat="45.7535295" lon="6.8338201">
        <ele>1636</ele>
      </trkpt>
      <trkpt lat="45.7535108" lon="6.8337941">
        <ele>1635</ele>
      </trkpt>
      <trkpt lat="45.7535110" lon="6.8337847">
        <ele>1635</ele>
      </trkpt>
      <trkpt lat="45.7535258" lon="6.8337734">
        <ele>1634</ele>
      </trkpt>
      <trkpt lat="45.7535633" lon="6.8337800">
        <ele>1634</ele>
      </trkpt>
      <trkpt lat="45.7536064" lon="6.8337810">
        <ele>1633</ele>
      </trkpt>
      <trkpt lat="45.7536320" lon="6.8337878">
        <ele>1633</ele>
      </trkpt>
      <trkpt lat="45.7537073" lon="6.8338143">
        <ele>1632</ele>
      </trkpt>
      <trkpt lat="45.7537533" lon="6.8338232">
        <ele>1631</ele>
      </trkpt>
      <trkpt lat="45.7538194" lon="6.8338554">
        <ele>1631</ele>
      </trkpt>
      <trkpt lat="45.7538878" lon="6.8339115">
        <ele>1630</ele>
      </trkpt>
      <trkpt lat="45.7539740" lon="6.8339215">
        <ele>1630</ele>
      </trkpt>
      <trkpt lat="45.7540192" lon="6.8339385">
        <ele>1629</ele>
      </trkpt>
      <trkpt lat="45.7540627" lon="6.8339635">
        <ele>1629</ele>
      </trkpt>
      <trkpt lat="45.7541008" lon="6.8339968">
        <ele>1628</ele>
      </trkpt>
      <trkpt lat="45.7541820" lon="6.8340391">
        <ele>1628</ele>
      </trkpt>
      <trkpt lat="45.7542364" lon="6.8340476">
        <ele>1627</ele>
      </trkpt>
      <trkpt lat="45.7542556" lon="6.8340709">
        <ele>1626</ele>
      </trkpt>
      <trkpt lat="45.7542831" lon="6.8341447">
        <ele>1626</ele>
      </trkpt>
      <trkpt lat="45.7542839" lon="6.8341477">
        <ele>1625</ele>
      </trkpt>
      <trkpt lat="45.7543110" lon="6.8341782">
        <ele>1625</ele>
      </trkpt>
      <trkpt lat="45.7543338" lon="6.8342050">
        <ele>1624</ele>
      </trkpt>
      <trkpt lat="45.7543733" lon="6.8342187">
        <ele>1624</ele>
      </trkpt>
      <trkpt lat="45.7544052" lon="6.8342214">
        <ele>1623</ele>
      </trkpt>
      <trkpt lat="45.7544521" lon="6.8342303">
        <ele>1623</ele>
      </trkpt>
      <trkpt lat="45.7544816" lon="6.8342532">
        <ele>1622</ele>
      </trkpt>
      <trkpt lat="45.7545036" lon="6.8342791">
        <ele>1621</ele>
      </trkpt>
      <trkpt lat="45.7545486" lon="6.8342916">
        <ele>1621</ele>
      </trkpt>
      <trkpt lat="45.7545973" lon="6.8343024">
        <ele>1620</ele>
      </trkpt>
      <trkpt lat="45.7546092" lon="6.8343021">
        <ele>1620</ele>
      </trkpt>
      <trkpt lat="45.7546651" lon="6.8342919">
        <ele>1619</ele>
      </trkpt>
      <trkpt lat="45.7547145" lon="6.8342953">
        <ele>1619</ele>
      </trkpt>
      <trkpt lat="45.7547806" lon="6.8343248">
        <ele>1618</ele>
      </trkpt>
      <trkpt lat="45.7548448" lon="6.8343571">
        <ele>1618</ele>
      </trkpt>
      <trkpt lat="45.7548717" lon="6.8343948">
        <ele>1617</ele>
      </trkpt>
      <trkpt lat="45.7548818" lon="6.8344159">
        <ele>1616</ele>
      </trkpt>
      <trkpt lat="45.7548847" lon="6.8344173">
        <ele>1616</ele>
      </trkpt>
      <trkpt lat="45.7549396" lon="6.8344534">
        <ele>1615</ele>
      </trkpt>
      <trkpt lat="45.7549623" lon="6.8344712">
        <ele>1615</ele>
      </trkpt>
      <trkpt lat="45.7549782" lon="6.8344989">
        <ele>1614</ele>
      </trkpt>
      <trkpt lat="45.7549983" lon="6.8345101">
        <ele>1614</ele>
      </trkpt>
      <trkpt lat="45.7550331" lon="6.8345248">
        <ele>1613</ele>
      </trkpt>
      <trkpt lat="45.7550465" lon="6.8345243">
        <ele>1613</ele>
      </trkpt>
      <trkpt lat="45.7550915" lon="6.8345465">
        <ele>1612</ele>
      </trkpt>
      <trkpt lat="45.7551079" lon="6.8345687">
        <ele>1611</ele>
      </trkpt>
      <trkpt lat="45.7551326" lon="6.8345891">
        <ele>1611</ele>
      </trkpt>
      <trkpt lat="45.7551749" lon="6.8346022">
        <ele>1610</ele>
      </trkpt>
      <trkpt lat="45.7552061" lon="6.8346210">
        <ele>1610</ele>
      </trkpt>
      <trkpt lat="45.7552223" lon="6.8346351">
        <ele>1609</ele>
      </trkpt>
      <trkpt lat="45.7552448" lon="6.8346369">
        <ele>1609</ele>
      </trkpt>
      <trkpt lat="45.7552454" lon="6.8346208">
        <ele>1608</ele>
      </trkpt>
      <trkpt lat="45.7552372" lon="6.8345824">
        <ele>1608</ele>
      </trkpt>
      <trkpt lat="45.7552185" lon="6.8345363">
        <ele>1607</ele>
      </trkpt>
      <trkpt lat="45.7551779" lon="6.8344758">
        <ele>1606</ele>
      </trkpt>
      <trkpt lat="45.7551608" lon="6.8344504">
        <ele>1606</ele>
      </trkpt>
      <trkpt lat="45.7551144" lon="6.8343694">
        <ele>1605</ele>
      </trkpt>
      <trkpt lat="45.7550822" lon="6.8342998">
        <ele>1605</ele>
      </trkpt>
      <trkpt lat="45.7550897" lon="6.8342608">
        <ele>1604</ele>
      </trkpt>
      <trkpt lat="45.7550897" lon="6.8342564">
        <ele>1604</ele>
      </trkpt>
      <trkpt lat="45.7549866" lon="6.8339962">
        <ele>1603</ele>
      </trkpt>
      <trkpt lat="45.7549744" lon="6.8339419">
        <ele>1603</ele>
      </trkpt>
      <trkpt lat="45.7549615" lon="6.8339050">
        <ele>1602</ele>
      </trkpt>
      <trkpt lat="45.7549429" lon="6.8338576">
        <ele>1601</ele>
      </trkpt>
      <trkpt lat="45.7549370" lon="6.8338252">
        <ele>1601</ele>
      </trkpt>
      <trkpt lat="45.7549366" lon="6.8338231">
        <ele>1600</ele>
      </trkpt>
      <trkpt lat="45.7549420" lon="6.8338109">
        <ele>1600</ele>
      </trkpt>
      <trkpt lat="45.7549569" lon="6.8338076">
        <ele>1599</ele>
      </trkpt>
      <trkpt lat="45.7549701" lon="6.8338151">
        <ele>1599</ele>
      </trkpt>
      <trkpt lat="45.7549920" lon="6.8338330">
        <ele>1598</ele>
      </trkpt>
      <trkpt lat="45.7550249" lon="6.8338411">
        <ele>1598</ele>
      </trkpt>
      <trkpt lat="45.7550540" lon="6.8338493">
        <ele>1597</ele>
      </trkpt>
      <trkpt lat="45.7550905" lon="6.8338505">
        <ele>1596</ele>
      </trkpt>
      <trkpt lat="45.7551499" lon="6.8338763">
        <ele>1596</ele>
      </trkpt>
      <trkpt lat="45.7551556" lon="6.8338928">
        <ele>1595</ele>
      </trkpt>
      <trkpt lat="45.7552132" lon="6.8339239">
        <ele>1595</ele>
      </trkpt>
      <trkpt lat="45.7552751" lon="6.8339296">
        <ele>1594</ele>
      </trkpt>
      <trkpt lat="45.7553110" lon="6.8339509">
        <ele>1594</ele>
      </trkpt>
      <trkpt lat="45.7553504" lon="6.8339547">
        <ele>1593</ele>
      </trkpt>
      <trkpt lat="45.7553766" lon="6.8339577">
        <ele>1593</ele>
      </trkpt>
      <trkpt lat="45.7554417" lon="6.8339979">
        <ele>1592</ele>
      </trkpt>
      <trkpt lat="45.7554897" lon="6.8340148">
        <ele>1591</ele>
      </trkpt>
      <trkpt lat="45.7555390" lon="6.8340490">
        <ele>1591</ele>
      </trkpt>
      <trkpt lat="45.7555544" lon="6.8340835">
        <ele>1590</ele>
      </trkpt>
      <trkpt lat="45.7555628" lon="6.8340867">
        <ele>1590</ele>
      </trkpt>
      <trkpt lat="45.7555717" lon="6.8341118">
        <ele>1589</ele>
      </trkpt>
      <trkpt lat="45.7555818" lon="6.8341007">
        <ele>1589</ele>
      </trkpt>
      <trkpt lat="45.7555917" lon="6.8340790">
        <ele>1588</ele>
      </trkpt>
      <trkpt lat="45.7555911" lon="6.8340456">
        <ele>1588</ele>
      </trkpt>
      <trkpt lat="45.7555801" lon="6.8340086">
        <ele>1587</ele>
      </trkpt>
      <trkpt lat="45.7555444" lon="6.8339031">
        <ele>1586</ele>
      </trkpt>
      <trkpt lat="45.7555031" lon="6.8337938">
        <ele>1586</ele>
      </trkpt>
      <trkpt lat="45.7554621" lon="6.8336564">
        <ele>1585</ele>
      </trkpt>
      <trkpt lat="45.7554539" lon="6.8336207">
        <ele>1585</ele>
      </trkpt>
      <trkpt lat="45.7554215" lon="6.8336078">
        <ele>1584</ele>
      </trkpt>
      <trkpt lat="45.7554186" lon="6.8335981">
        <ele>1584</ele>
      </trkpt>
      <trkpt lat="45.7554084" lon="6.8335890">
        <ele>1583</ele>
      </trkpt>
      <trkpt lat="45.7554101" lon="6.8335700">
        <ele>1583</ele>
      </trkpt>
      <trkpt lat="45.7554146" lon="6.8335180">
        <ele>1582</ele>
      </trkpt>
      <trkpt lat="45.7554045" lon="6.8334309">
        <ele>1581</ele>
      </trkpt>
      <trkpt lat="45.7553787" lon="6.8333036">
        <ele>1581</ele>
      </trkpt>
      <trkpt lat="45.7553502" lon="6.8332312">
        <ele>1580</ele>
      </trkpt>
      <trkpt lat="45.7552829" lon="6.8331350">
        <ele>1580</ele>
      </trkpt>
      <trkpt lat="45.7552400" lon="6.8330885">
        <ele>1579</ele>
      </trkpt>
      <trkpt lat="45.7552284" lon="6.8330689">
        <ele>1579</ele>
      </trkpt>
      <trkpt lat="45.7552157" lon="6.8330427">
        <ele>1578</ele>
      </trkpt>
      <trkpt lat="45.7552217" lon="6.8330131">
        <ele>1578</ele>
      </trkpt>
      <trkpt lat="45.7552398" lon="6.8329816">
        <ele>1577</ele>
      </trkpt>
      <trkpt lat="45.7552511" lon="6.8329371">
        <ele>1576</ele>
      </trkpt>
      <trkpt lat="45.7552540" lon="6.8328916">
        <ele>1576</ele>
      </trkpt>
      <trkpt lat="45.7552286" lon="6.8327727">
        <ele>1575</ele>
      </trkpt>
      <trkpt lat="45.7552273" lon="6.8327647">
        <ele>1575</ele>
      </trkpt>
      <trkpt lat="45.7552136" lon="6.8326877">
        <ele>1574</ele>
      </trkpt>
      <trkpt lat="45.7552224" lon="6.8326580">
        <ele>1574</ele>
      </trkpt>
      <trkpt lat="45.7552520" lon="6.8326902">
        <ele>1573</ele>
      </trkpt>
      <trkpt lat="45.7553008" lon="6.8327458">
        <ele>1572</ele>
      </trkpt>
      <trkpt lat="45.7553292" lon="6.8327791">
        <ele>1572</ele>
      </trkpt>
      <trkpt lat="45.7553455" lon="6.8327998">
        <ele>1571</ele>
      </trkpt>
      <trkpt lat="45.7553670" lon="6.8328458">
        <ele>1571</ele>
      </trkpt>
      <trkpt lat="45.7553965" lon="6.8328727">
        <ele>1570</ele>
      </trkpt>
      <trkpt lat="45.7554160" lon="6.8328653">
        <ele>1570</ele>
      </trkpt>
      <trkpt lat="45.7554423" lon="6.8328736">
        <ele>1569</ele>
      </trkpt>
      <trkpt lat="45.7555121" lon="6.8329016">
        <ele>1569</ele>
      </trkpt>
      <trkpt lat="45.7555612" lon="6.8329264">
        <ele>1568</ele>
      </trkpt>
      <trkpt lat="45.7555971" lon="6.8329451">
        <ele>1567</ele>
      </trkpt>
      <trkpt lat="45.7556014" lon="6.8329478">
        <ele>1567</ele>
      </trkpt>
      <trkpt lat="45.7556242" lon="6.8329666">
        <ele>1566</ele>
      </trkpt>
      <trkpt lat="45.7556395" lon="6.8329878">
        <ele>1566</ele>
      </trkpt>
      <trkpt lat="45.7556612" lon="6.8330154">
        <ele>1565</ele>
      </trkpt>
      <trkpt lat="45.7556779" lon="6.8330277">
        <ele>1565</ele>
      </trkpt>
      <trkpt lat="45.7557220" lon="6.8330456">
        <ele>1564</ele>
      </trkpt>
      <trkpt lat="45.7557601" lon="6.8330681">
        <ele>1564</ele>
      </trkpt>
      <trkpt lat="45.7558041" lon="6.8330926">
        <ele>1563</ele>
      </trkpt>
      <trkpt lat="45.7558288" lon="6.8331148">
        <ele>1562</ele>
      </trkpt>
      <trkpt lat="45.7558338" lon="6.8331184">
        <ele>1562</ele>
      </trkpt>
      <trkpt lat="45.7558380" lon="6.8331165">
        <ele>1561</ele>
      </trkpt>
      <trkpt lat="45.7558401" lon="6.8331107">
        <ele>1561</ele>
      </trkpt>
      <trkpt lat="45.7558399" lon="6.8330974">
        <ele>1560</ele>
      </trkpt>
      <trkpt lat="45.7558357" lon="6.8330735">
        <ele>1560</ele>
      </trkpt>
      <trkpt lat="45.7558296" lon="6.8330497">
        <ele>1559</ele>
      </trkpt>
      <trkpt lat="45.7558099" lon="6.8329943">
        <ele>1559</ele>
      </trkpt>
      <trkpt lat="45.7557977" lon="6.8329440">
        <ele>1558</ele>
      </trkpt>
      <trkpt lat="45.7557892" lon="6.8328936">
        <ele>1557</ele>
      </trkpt>
      <trkpt lat="45.7557812" lon="6.8328618">
        <ele>1557</ele>
      </trkpt>
      <trkpt lat="45.7557578" lon="6.8328119">
        <ele>1556</ele>
      </trkpt>
      <trkpt lat="45.7557475" lon="6.8327642">
        <ele>1556</ele>
      </trkpt>
      <trkpt lat="45.7557388" lon="6.8327004">
        <ele>1555</ele>
      </trkpt>
      <trkpt lat="45.7557357" lon="6.8326338">
        <ele>1555</ele>
      </trkpt>
      <trkpt lat="45.7557273" lon="6.8325887">
        <ele>1554</ele>
      </trkpt>
      <trkpt lat="45.7557034" lon="6.8325121">
        <ele>1554</ele>
      </trkpt>
      <trkpt lat="45.7556935" lon="6.8324804">
        <ele>1553</ele>
      </trkpt>
      <trkpt lat="45.7556723" lon="6.8324465">
        <ele>1552</ele>
      </trkpt>
      <trkpt lat="45.7556697" lon="6.8324118">
        <ele>1552</ele>
      </trkpt>
      <trkpt lat="45.7556562" lon="6.8323910">
        <ele>1551</ele>
      </trkpt>
      <trkpt lat="45.7556295" lon="6.8323626">
        <ele>1551</ele>
      </trkpt>
      <trkpt lat="45.7556241" lon="6.8323582">
        <ele>1550</ele>
      </trkpt>
      <trkpt lat="45.7556018" lon="6.8323399">
        <ele>1550</ele>
      </trkpt>
      <trkpt lat="45.7555863" lon="6.8323370">
        <ele>1549</ele>
      </trkpt>
      <trkpt lat="45.7555755" lon="6.8323276">
        <ele>1549</ele>
      </trkpt>
      <trkpt lat="45.7555696" lon="6.8323101">
        <ele>1548</ele>
      </trkpt>
      <trkpt lat="45.7555703" lon="6.8322981">
        <ele>1547</ele>
      </trkpt>
      <trkpt lat="45.7555799" lon="6.8322269">
        <ele>1547</ele>
      </trkpt>
      <trkpt lat="45.7555863" lon="6.8321733">
        <ele>1546</ele>
      </trkpt>
      <trkpt lat="45.7555778" lon="6.8321028">
        <ele>1546</ele>
      </trkpt>
      <trkpt lat="45.7555534" lon="6.8319968">
        <ele>1545</ele>
      </trkpt>
      <trkpt lat="45.7555340" lon="6.8319302">
        <ele>1545</ele>
      </trkpt>
      <trkpt lat="45.7555233" lon="6.8319134">
        <ele>1544</ele>
      </trkpt>
      <trkpt lat="45.7555148" lon="6.8319012">
        <ele>1544</ele>
      </trkpt>
      <trkpt lat="45.7555086" lon="6.8318928">
        <ele>1543</ele>
      </trkpt>
      <trkpt lat="45.7555047" lon="6.8318841">
        <ele>1542</ele>
      </trkpt>
      <trkpt lat="45.7555049" lon="6.8318716">
        <ele>1542</ele>
      </trkpt>
      <trkpt lat="45.7555099" lon="6.8318645">
        <ele>1541</ele>
      </trkpt>
      <trkpt lat="45.7555199" lon="6.8318680">
        <ele>1541</ele>
      </trkpt>
      <trkpt lat="45.7555325" lon="6.8318767">
        <ele>1540</ele>
      </trkpt>
      <trkpt lat="45.7555434" lon="6.8318852">
        <ele>1540</ele>
      </trkpt>
      <trkpt lat="45.7556660" lon="6.8319203">
        <ele>1539</ele>
      </trkpt>
      <trkpt lat="45.7557044" lon="6.8319452">
        <ele>1539</ele>
      </trkpt>
      <trkpt lat="45.7557274" lon="6.8319743">
        <ele>1538</ele>
      </trkpt>
      <trkpt lat="45.7557445" lon="6.8319905">
        <ele>1537</ele>
      </trkpt>
      <trkpt lat="45.7557756" lon="6.8320205">
        <ele>1537</ele>
      </trkpt>
      <trkpt lat="45.7558076" lon="6.8320352">
        <ele>1536</ele>
      </trkpt>
      <trkpt lat="45.7558254" lon="6.8320505">
        <ele>1536</ele>
      </trkpt>
      <trkpt lat="45.7558527" lon="6.8320797">
        <ele>1535</ele>
      </trkpt>
      <trkpt lat="45.7558820" lon="6.8321168">
        <ele>1535</ele>
      </trkpt>
      <trkpt lat="45.7559165" lon="6.8321271">
        <ele>1534</ele>
      </trkpt>
      <trkpt lat="45.7559180" lon="6.8321274">
        <ele>1534</ele>
      </trkpt>
      <trkpt lat="45.7560788" lon="6.8323071">
        <ele>1533</ele>
      </trkpt>
      <trkpt lat="45.7560918" lon="6.8323208">
        <ele>1532</ele>
      </trkpt>
      <trkpt lat="45.7561013" lon="6.8323503">
        <ele>1532</ele>
      </trkpt>
      <trkpt lat="45.7561257" lon="6.8323894">
        <ele>1531</ele>
      </trkpt>
      <trkpt lat="45.7561892" lon="6.8324519">
        <ele>1531</ele>
      </trkpt>
      <trkpt lat="45.7562500" lon="6.8325073">
        <ele>1530</ele>
      </trkpt>
      <trkpt lat="45.7562850" lon="6.8325380">
        <ele>1530</ele>
      </trkpt>
      <trkpt lat="45.7563009" lon="6.8325840">
        <ele>1529</ele>
      </trkpt>
      <trkpt lat="45.7563165" lon="6.8326001">
        <ele>1529</ele>
      </trkpt>
      <trkpt lat="45.7563322" lon="6.8326155">
        <ele>1528</ele>
      </trkpt>
      <trkpt lat="45.7563481" lon="6.8326190">
        <ele>1527</ele>
      </trkpt>
      <trkpt lat="45.7563654" lon="6.8326085">
        <ele>1527</ele>
      </trkpt>
      <trkpt lat="45.7563930" lon="6.8325954">
        <ele>1526</ele>
      </trkpt>
      <trkpt lat="45.7564306" lon="6.8326088">
        <ele>1526</ele>
      </trkpt>
      <trkpt lat="45.7565012" lon="6.8326809">
        <ele>1525</ele>
      </trkpt>
      <trkpt lat="45.7566172" lon="6.8327385">
        <ele>1525</ele>
      </trkpt>
      <trkpt lat="45.7566394" lon="6.8327740">
        <ele>1524</ele>
      </trkpt>
      <trkpt lat="45.7566566" lon="6.8327973">
        <ele>1524</ele>
      </trkpt>
      <trkpt lat="45.7566887" lon="6.8328130">
        <ele>1523</ele>
      </trkpt>
      <trkpt lat="45.7567204" lon="6.8328204">
        <ele>1522</ele>
      </trkpt>
      <trkpt lat="45.7567500" lon="6.8328302">
        <ele>1522</ele>
      </trkpt>
      <trkpt lat="45.7567677" lon="6.8328428">
        <ele>1521</ele>
      </trkpt>
      <trkpt lat="45.7567920" lon="6.8328739">
        <ele>1521</ele>
      </trkpt>
      <trkpt lat="45.7567947" lon="6.8328843">
        <ele>1520</ele>
      </trkpt>
      <trkpt lat="45.7569311" lon="6.8330016">
        <ele>1520</ele>
      </trkpt>
      <trkpt lat="45.7569484" lon="6.8330080">
        <ele>1519</ele>
      </trkpt>
      <trkpt lat="45.7569949" lon="6.8330275">
        <ele>1518</ele>
      </trkpt>
      <trkpt lat="45.7570074" lon="6.8330315">
        <ele>1518</ele>
      </trkpt>
      <trkpt lat="45.7570291" lon="6.8330573">
        <ele>1517</ele>
      </trkpt>
      <trkpt lat="45.7570536" lon="6.8331044">
        <ele>1517</ele>
      </trkpt>
      <trkpt lat="45.7570564" lon="6.8331093">
        <ele>1516</ele>
      </trkpt>
      <trkpt lat="45.7571362" lon="6.8331780">
        <ele>1516</ele>
      </trkpt>
      <trkpt lat="45.7571850" lon="6.8331847">
        <ele>1515</ele>
      </trkpt>
      <trkpt lat="45.7572376" lon="6.8331996">
        <ele>1515</ele>
      </trkpt>
      <trkpt lat="45.7572656" lon="6.8332003">
        <ele>1514</ele>
      </trkpt>
      <trkpt lat="45.7572970" lon="6.8332160">
        <ele>1513</ele>
      </trkpt>
      <trkpt lat="45.7573262" lon="6.8332543">
        <ele>1513</ele>
      </trkpt>
      <trkpt lat="45.7574508" lon="6.8334124">
        <ele>1512</ele>
      </trkpt>
      <trkpt lat="45.7576421" lon="6.8336375">
        <ele>1512</ele>
      </trkpt>
      <trkpt lat="45.7577571" lon="6.8337800">
        <ele>1511</ele>
      </trkpt>
      <trkpt lat="45.7578357" lon="6.8338839">
        <ele>1511</ele>
      </trkpt>
      <trkpt lat="45.7579262" lon="6.8340193">
        <ele>1510</ele>
      </trkpt>
      <trkpt lat="45.7580301" lon="6.8341703">
        <ele>1510</ele>
      </trkpt>
      <trkpt lat="45.7581311" lon="6.8343076">
        <ele>1509</ele>
      </trkpt>
      <trkpt lat="45.7581633" lon="6.8343299">
        <ele>1508</ele>
      </trkpt>
      <trkpt lat="45.7581805" lon="6.8343524">
        <ele>1508</ele>
      </trkpt>
      <trkpt lat="45.7581996" lon="6.8343765">
        <ele>1507</ele>
      </trkpt>
      <trkpt lat="45.7582383" lon="6.8344471">
        <ele>1507</ele>
      </trkpt>
      <trkpt lat="45.7582437" lon="6.8344568">
        <ele>1506</ele>
      </trkpt>
      <trkpt lat="45.7582446" lon="6.8344580">
        <ele>1506</ele>
      </trkpt>
      <trkpt lat="45.7582783" lon="6.8344993">
        <ele>1505</ele>
      </trkpt>
      <trkpt lat="45.7583062" lon="6.8345223">
        <ele>1505</ele>
      </trkpt>
      <trkpt lat="45.7583540" lon="6.8345783">
        <ele>1504</ele>
      </trkpt>
      <trkpt lat="45.7583879" lon="6.8346277">
        <ele>1503</ele>
      </trkpt>
      <trkpt lat="45.7583955" lon="6.8346430">
        <ele>1503</ele>
      </trkpt>
      <trkpt lat="45.7584284" lon="6.8346834">
        <ele>1502</ele>
      </trkpt>
      <trkpt lat="45.7584899" lon="6.8347665">
        <ele>1502</ele>
      </trkpt>
      <trkpt lat="45.7584920" lon="6.8347694">
        <ele>1501</ele>
      </trkpt>
      <trkpt lat="45.7585183" lon="6.8347858">
        <ele>1501</ele>
      </trkpt>
      <trkpt lat="45.7585524" lon="6.8348148">
        <ele>1500</ele>
      </trkpt>
      <trkpt lat="45.7585828" lon="6.8348385">
        <ele>1500</ele>
      </trkpt>
      <trkpt lat="45.7586055" lon="6.8348572">
        <ele>1499</ele>
      </trkpt>
      <trkpt lat="45.7586336" lon="6.8348899">
        <ele>1498</ele>
      </trkpt>
      <trkpt lat="45.7586427" lon="6.8349072">
        <ele>1498</ele>
      </trkpt>
      <trkpt lat="45.7587375" lon="6.8349757">
        <ele>1497</ele>
      </trkpt>
      <trkpt lat="45.7588200" lon="6.8350861">
        <ele>1497</ele>
      </trkpt>
      <trkpt lat="45.7588962" lon="6.8351606">
        <ele>1496</ele>
      </trkpt>
      <trkpt lat="45.7590568" lon="6.8353415">
        <ele>1496</ele>
      </trkpt>
      <trkpt lat="45.7591395" lon="6.8354639">
        <ele>1495</ele>
      </trkpt>
      <trkpt lat="45.7591863" lon="6.8354881">
        <ele>1495</ele>
      </trkpt>
      <trkpt lat="45.7592841" lon="6.8355755">
        <ele>1494</ele>
      </trkpt>
      <trkpt lat="45.7593153" lon="6.8356081">
        <ele>1493</ele>
      </trkpt>
      <trkpt lat="45.7593858" lon="6.8356516">
        <ele>1493</ele>
      </trkpt>
      <trkpt lat="45.7594522" lon="6.8357015">
        <ele>1492</ele>
      </trkpt>
      <trkpt lat="45.7594902" lon="6.8357374">
        <ele>1492</ele>
      </trkpt>
      <trkpt lat="45.7595071" lon="6.8357732">
        <ele>1491</ele>
      </trkpt>
      <trkpt lat="45.7595079" lon="6.8358077">
        <ele>1491</ele>
      </trkpt>
      <trkpt lat="45.7595066" lon="6.8358306">
        <ele>1490</ele>
      </trkpt>
      <trkpt lat="45.7595150" lon="6.8358445">
        <ele>1490</ele>
      </trkpt>
      <trkpt lat="45.7595353" lon="6.8358642">
        <ele>1489</ele>
      </trkpt>
      <trkpt lat="45.7595585" lon="6.8358758">
        <ele>1488</ele>
      </trkpt>
      <trkpt lat="45.7595711" lon="6.8358666">
        <ele>1488</ele>
      </trkpt>
      <trkpt lat="45.7595818" lon="6.8358562">
        <ele>1487</ele>
      </trkpt>
      <trkpt lat="45.7595936" lon="6.8358566">
        <ele>1487</ele>
      </trkpt>
      <trkpt lat="45.7596125" lon="6.8358666">
        <ele>1486</ele>
      </trkpt>
      <trkpt lat="45.7596363" lon="6.8359057">
        <ele>1486</ele>
      </trkpt>
      <trkpt lat="45.7596751" lon="6.8359636">
        <ele>1485</ele>
      </trkpt>
      <trkpt lat="45.7597306" lon="6.8359937">
        <ele>1485</ele>
      </trkpt>
      <trkpt lat="45.7598019" lon="6.8360452">
        <ele>1484</ele>
      </trkpt>
      <trkpt lat="45.7598450" lon="6.8360995">
        <ele>1483</ele>
      </trkpt>
      <trkpt lat="45.7598796" lon="6.8361551">
        <ele>1483</ele>
      </trkpt>
      <trkpt lat="45.7599088" lon="6.8362483">
        <ele>1482</ele>
      </trkpt>
      <trkpt lat="45.7599088" lon="6.8362485">
        <ele>1482</ele>
      </trkpt>
      <trkpt lat="45.7599391" lon="6.8362920">
        <ele>1481</ele>
      </trkpt>
      <trkpt lat="45.7599669" lon="6.8363546">
        <ele>1481</ele>
      </trkpt>
      <trkpt lat="45.7600289" lon="6.8364749">
        <ele>1480</ele>
      </trkpt>
      <trkpt lat="45.7600773" lon="6.8365318">
        <ele>1480</ele>
      </trkpt>
      <trkpt lat="45.7601406" lon="6.8365880">
        <ele>1479</ele>
      </trkpt>
      <trkpt lat="45.7601465" lon="6.8365897">
        <ele>1478</ele>
      </trkpt>
      <trkpt lat="45.7601662" lon="6.8366180">
        <ele>1478</ele>
      </trkpt>
      <trkpt lat="45.7606122" lon="6.8368988">
        <ele>1477</ele>
      </trkpt>
      <trkpt lat="45.7608406" lon="6.8373276">
        <ele>1477</ele>
      </trkpt>
      <trkpt lat="45.7612435" lon="6.8376621">
        <ele>1476</ele>
      </trkpt>
      <trkpt lat="45.7615762" lon="6.8380880">
        <ele>1476</ele>
      </trkpt>
      <trkpt lat="45.7616835" lon="6.8382785">
        <ele>1475</ele>
      </trkpt>
      <trkpt lat="45.7617862" lon="6.8387380">
        <ele>1475</ele>
      </trkpt>
      <trkpt lat="45.7620675" lon="6.8393136">
        <ele>1474</ele>
      </trkpt>
      <trkpt lat="45.7620780" lon="6.8393661">
        <ele>1473</ele>
      </trkpt>
      <trkpt lat="45.7621251" lon="6.8394870">
        <ele>1473</ele>
      </trkpt>
      <trkpt lat="45.7621621" lon="6.8395318">
        <ele>1472</ele>
      </trkpt>
      <trkpt lat="45.7621837" lon="6.8395514">
        <ele>1472</ele>
      </trkpt>
      <trkpt lat="45.7622162" lon="6.8396180">
        <ele>1471</ele>
      </trkpt>
      <trkpt lat="45.7627262" lon="6.8399780">
        <ele>1471</ele>
      </trkpt>
      <trkpt lat="45.7629741" lon="6.8402624">
        <ele>1470</ele>
      </trkpt>
      <trkpt lat="45.7629925" lon="6.8403084">
        <ele>1470</ele>
      </trkpt>
      <trkpt lat="45.7630667" lon="6.8404123">
        <ele>1469</ele>
      </trkpt>
      <trkpt lat="45.7631213" lon="6.8404689">
        <ele>1468</ele>
      </trkpt>
      <trkpt lat="45.7631849" lon="6.8405430">
        <ele>1468</ele>
      </trkpt>
      <trkpt lat="45.7632448" lon="6.8406154">
        <ele>1467</ele>
      </trkpt>
      <trkpt lat="45.7632967" lon="6.8406561">
        <ele>1467</ele>
      </trkpt>
      <trkpt lat="45.7633336" lon="6.8406747">
        <ele>1466</ele>
      </trkpt>
      <trkpt lat="45.7634062" lon="6.8407580">
        <ele>1466</ele>
      </trkpt>
      <trkpt lat="45.7635577" lon="6.8407958">
        <ele>1465</ele>
      </trkpt>
      <trkpt lat="45.7636539" lon="6.8407360">
        <ele>1464</ele>
      </trkpt>
      <trkpt lat="45.7638562" lon="6.8407280">
        <ele>1464</ele>
      </trkpt>
      <trkpt lat="45.7638887" lon="6.8407338">
        <ele>1463</ele>
      </trkpt>
      <trkpt lat="45.7639368" lon="6.8407728">
        <ele>1463</ele>
      </trkpt>
      <trkpt lat="45.7639632" lon="6.8407861">
        <ele>1462</ele>
      </trkpt>
      <trkpt lat="45.7639937" lon="6.8408169">
        <ele>1462</ele>
      </trkpt>
      <trkpt lat="45.7640180" lon="6.8408533">
        <ele>1461</ele>
      </trkpt>
      <trkpt lat="45.7640524" lon="6.8408965">
        <ele>1461</ele>
      </trkpt>
      <trkpt lat="45.7640958" lon="6.8409517">
        <ele>1460</ele>
      </trkpt>
      <trkpt lat="45.7641179" lon="6.8409989">
        <ele>1459</ele>
      </trkpt>
      <trkpt lat="45.7641325" lon="6.8410303">
        <ele>1459</ele>
      </trkpt>
      <trkpt lat="45.7643862" lon="6.8413080">
        <ele>1458</ele>
      </trkpt>
      <trkpt lat="45.7646857" lon="6.8414919">
        <ele>1458</ele>
      </trkpt>
      <trkpt lat="45.7650562" lon="6.8415980">
        <ele>1457</ele>
      </trkpt>
      <trkpt lat="45.7651289" lon="6.8415216">
        <ele>1457</ele>
      </trkpt>
      <trkpt lat="45.7651832" lon="6.8413021">
        <ele>1456</ele>
      </trkpt>
      <trkpt lat="45.7653062" lon="6.8409780">
        <ele>1456</ele>
      </trkpt>
      <trkpt lat="45.7654883" lon="6.8399418">
        <ele>1455</ele>
      </trkpt>
      <trkpt lat="45.7655831" lon="6.8397398">
        <ele>1454</ele>
      </trkpt>
      <trkpt lat="45.7657175" lon="6.8396557">
        <ele>1454</ele>
      </trkpt>
      <trkpt lat="45.7657390" lon="6.8396308">
        <ele>1453</ele>
      </trkpt>
      <trkpt lat="45.7658388" lon="6.8396631">
        <ele>1453</ele>
      </trkpt>
      <trkpt lat="45.7659230" lon="6.8396665">
        <ele>1452</ele>
      </trkpt>
      <trkpt lat="45.7659944" lon="6.8396798">
        <ele>1452</ele>
      </trkpt>
      <trkpt lat="45.7660521" lon="6.8397150">
        <ele>1451</ele>
      </trkpt>
      <trkpt lat="45.7660860" lon="6.8397401">
        <ele>1451</ele>
      </trkpt>
      <trkpt lat="45.7661176" lon="6.8397776">
        <ele>1450</ele>
      </trkpt>
      <trkpt lat="45.7661511" lon="6.8398204">
        <ele>1449</ele>
      </trkpt>
      <trkpt lat="45.7661901" lon="6.8398523">
        <ele>1449</ele>
      </trkpt>
      <trkpt lat="45.7662283" lon="6.8398455">
        <ele>1448</ele>
      </trkpt>
      <trkpt lat="45.7662644" lon="6.8398220">
        <ele>1448</ele>
      </trkpt>
      <trkpt lat="45.7662818" lon="6.8398087">
        <ele>1447</ele>
      </trkpt>
      <trkpt lat="45.7663255" lon="6.8397949">
        <ele>1447</ele>
      </trkpt>
      <trkpt lat="45.7663556" lon="6.8398005">
        <ele>1446</ele>
      </trkpt>
      <trkpt lat="45.7663936" lon="6.8398195">
        <ele>1446</ele>
      </trkpt>
      <trkpt lat="45.7664209" lon="6.8398354">
        <ele>1445</ele>
      </trkpt>
      <trkpt lat="45.7664562" lon="6.8397914">
        <ele>1444</ele>
      </trkpt>
      <trkpt lat="45.7664939" lon="6.8397748">
        <ele>1444</ele>
      </trkpt>
      <trkpt lat="45.7666005" lon="6.8396857">
        <ele>1443</ele>
      </trkpt>
      <trkpt lat="45.7666626" lon="6.8396455">
        <ele>1443</ele>
      </trkpt>
      <trkpt lat="45.7666791" lon="6.8396440">
        <ele>1442</ele>
      </trkpt>
      <trkpt lat="45.7667093" lon="6.8396037">
        <ele>1442</ele>
      </trkpt>
      <trkpt lat="45.7667527" lon="6.8395732">
        <ele>1441</ele>
      </trkpt>
      <trkpt lat="45.7668460" lon="6.8395390">
        <ele>1441</ele>
      </trkpt>
      <trkpt lat="45.7668791" lon="6.8395266">
        <ele>1440</ele>
      </trkpt>
    </trkseg>
  </trk>
</gpx>
