<?xml version="1.0" encoding="UTF-8"?>
<gpx version="1.1" creator="sentieri-vda" xmlns="http://www.topografix.com/GPX/1/1">
  <metadata>
    <name>TAPPA 20: Fénis - Châtillon</name>
    <desc>Catasto Sentieri VdA — PCB_S20</desc>
    <author><name>Regione Autonoma Valle d'Aosta</name></author>
  </metadata>
  <trk>
    <name>TAPPA 20: Fénis - Châtillon</name>
    <src>Catasto Sentieri VdA (PCB_S20)</src>
    <trkseg>
      <trkpt lat="45.7380367" lon="7.4895221">
        <ele>522</ele>
      </trkpt>
      <trkpt lat="45.7380784" lon="7.4893544">
        <ele>522</ele>
      </trkpt>
      <trkpt lat="45.7380946" lon="7.4892577">
        <ele>522</ele>
      </trkpt>
      <trkpt lat="45.7381004" lon="7.4891639">
        <ele>522</ele>
      </trkpt>
      <trkpt lat="45.7380946" lon="7.4890773">
        <ele>522</ele>
      </trkpt>
      <trkpt lat="45.7380844" lon="7.4889881">
        <ele>522</ele>
      </trkpt>
      <trkpt lat="45.7380693" lon="7.4888574">
        <ele>522</ele>
      </trkpt>
      <trkpt lat="45.7380354" lon="7.4886748">
        <ele>522</ele>
      </trkpt>
      <trkpt lat="45.7380025" lon="7.4885680">
        <ele>522</ele>
      </trkpt>
      <trkpt lat="45.7379778" lon="7.4884489">
        <ele>522</ele>
      </trkpt>
      <trkpt lat="45.7379701" lon="7.4883810">
        <ele>522</ele>
      </trkpt>
      <trkpt lat="45.7379643" lon="7.4883010">
        <ele>522</ele>
      </trkpt>
      <trkpt lat="45.7379572" lon="7.4881833">
        <ele>522</ele>
      </trkpt>
      <trkpt lat="45.7379318" lon="7.4879819">
        <ele>522</ele>
      </trkpt>
      <trkpt lat="45.7379255" lon="7.4878527">
        <ele>522</ele>
      </trkpt>
      <trkpt lat="45.7379249" lon="7.4878114">
        <ele>522</ele>
      </trkpt>
      <trkpt lat="45.7379241" lon="7.4877483">
        <ele>522</ele>
      </trkpt>
      <trkpt lat="45.7379140" lon="7.4876614">
        <ele>522</ele>
      </trkpt>
      <trkpt lat="45.7378789" lon="7.4875061">
        <ele>522</ele>
      </trkpt>
      <trkpt lat="45.7378135" lon="7.4873410">
        <ele>522</ele>
      </trkpt>
      <trkpt lat="45.7377563" lon="7.4872411">
        <ele>522</ele>
      </trkpt>
      <trkpt lat="45.7377313" lon="7.4871719">
        <ele>522</ele>
      </trkpt>
      <trkpt lat="45.7377127" lon="7.4870760">
        <ele>522</ele>
      </trkpt>
      <trkpt lat="45.7376928" lon="7.4869319">
        <ele>522</ele>
      </trkpt>
      <trkpt lat="45.7376841" lon="7.4868545">
        <ele>522</ele>
      </trkpt>
      <trkpt lat="45.7376799" lon="7.4868077">
        <ele>522</ele>
      </trkpt>
      <trkpt lat="45.7376842" lon="7.4867274">
        <ele>522</ele>
      </trkpt>
      <trkpt lat="45.7376981" lon="7.4866526">
        <ele>522</ele>
      </trkpt>
      <trkpt lat="45.7377165" lon="7.4865828">
        <ele>523</ele>
      </trkpt>
      <trkpt lat="45.7377410" lon="7.4865258">
        <ele>523</ele>
      </trkpt>
      <trkpt lat="45.7378253" lon="7.4864383">
        <ele>523</ele>
      </trkpt>
      <trkpt lat="45.7379182" lon="7.4863684">
        <ele>523</ele>
      </trkpt>
      <trkpt lat="45.7380075" lon="7.4863106">
        <ele>523</ele>
      </trkpt>
      <trkpt lat="45.7380273" lon="7.4862757">
        <ele>523</ele>
      </trkpt>
      <trkpt lat="45.7380511" lon="7.4863293">
        <ele>523</ele>
      </trkpt>
      <trkpt lat="45.7380694" lon="7.4863648">
        <ele>523</ele>
      </trkpt>
      <trkpt lat="45.7380845" lon="7.4864003">
        <ele>523</ele>
      </trkpt>
      <trkpt lat="45.7381002" lon="7.4864366">
        <ele>523</ele>
      </trkpt>
      <trkpt lat="45.7381124" lon="7.4864523">
        <ele>523</ele>
      </trkpt>
      <trkpt lat="45.7381179" lon="7.4865136">
        <ele>523</ele>
      </trkpt>
      <trkpt lat="45.7381332" lon="7.4865555">
        <ele>523</ele>
      </trkpt>
      <trkpt lat="45.7381572" lon="7.4865803">
        <ele>523</ele>
      </trkpt>
      <trkpt lat="45.7381851" lon="7.4865938">
        <ele>523</ele>
      </trkpt>
      <trkpt lat="45.7382096" lon="7.4866011">
        <ele>523</ele>
      </trkpt>
      <trkpt lat="45.7382364" lon="7.4866030">
        <ele>523</ele>
      </trkpt>
      <trkpt lat="45.7382547" lon="7.4865998">
        <ele>523</ele>
      </trkpt>
      <trkpt lat="45.7382790" lon="7.4865865">
        <ele>523</ele>
      </trkpt>
      <trkpt lat="45.7383034" lon="7.4865615">
        <ele>523</ele>
      </trkpt>
      <trkpt lat="45.7383133" lon="7.4865464">
        <ele>523</ele>
      </trkpt>
      <trkpt lat="45.7383244" lon="7.4865102">
        <ele>523</ele>
      </trkpt>
      <trkpt lat="45.7383607" lon="7.4864837">
        <ele>523</ele>
      </trkpt>
      <trkpt lat="45.7383878" lon="7.4864667">
        <ele>523</ele>
      </trkpt>
      <trkpt lat="45.7384180" lon="7.4864567">
        <ele>523</ele>
      </trkpt>
      <trkpt lat="45.7384559" lon="7.4864617">
        <ele>523</ele>
      </trkpt>
      <trkpt lat="45.7385262" lon="7.4864835">
        <ele>523</ele>
      </trkpt>
      <trkpt lat="45.7386229" lon="7.4865507">
        <ele>523</ele>
      </trkpt>
      <trkpt lat="45.7386679" lon="7.4865805">
        <ele>523</ele>
      </trkpt>
      <trkpt lat="45.7387956" lon="7.4866749">
        <ele>523</ele>
      </trkpt>
      <trkpt lat="45.7388492" lon="7.4867158">
        <ele>523</ele>
      </trkpt>
      <trkpt lat="45.7388864" lon="7.4867431">
        <ele>523</ele>
      </trkpt>
      <trkpt lat="45.7389062" lon="7.4867438">
        <ele>523</ele>
      </trkpt>
      <trkpt lat="45.7389529" lon="7.4867387">
        <ele>523</ele>
      </trkpt>
      <trkpt lat="45.7390156" lon="7.4867267">
        <ele>523</ele>
      </trkpt>
      <trkpt lat="45.7391083" lon="7.4867011">
        <ele>523</ele>
      </trkpt>
      <trkpt lat="45.7391720" lon="7.4866859">
        <ele>523</ele>
      </trkpt>
      <trkpt lat="45.7392223" lon="7.4866852">
        <ele>523</ele>
      </trkpt>
      <trkpt lat="45.7392759" lon="7.4867011">
        <ele>523</ele>
      </trkpt>
      <trkpt lat="45.7393379" lon="7.4867270">
        <ele>523</ele>
      </trkpt>
      <trkpt lat="45.7393976" lon="7.4867536">
        <ele>523</ele>
      </trkpt>
      <trkpt lat="45.7395483" lon="7.4869231">
        <ele>523</ele>
      </trkpt>
      <trkpt lat="45.7394955" lon="7.4868300">
        <ele>523</ele>
      </trkpt>
      <trkpt lat="45.7394865" lon="7.4868076">
        <ele>523</ele>
      </trkpt>
      <trkpt lat="45.7394826" lon="7.4867879">
        <ele>523</ele>
      </trkpt>
      <trkpt lat="45.7394819" lon="7.4867718">
        <ele>523</ele>
      </trkpt>
      <trkpt lat="45.7394845" lon="7.4867594">
        <ele>523</ele>
      </trkpt>
      <trkpt lat="45.7394907" lon="7.4867399">
        <ele>523</ele>
      </trkpt>
      <trkpt lat="45.7395169" lon="7.4867070">
        <ele>523</ele>
      </trkpt>
      <trkpt lat="45.7396827" lon="7.4865427">
        <ele>523</ele>
      </trkpt>
      <trkpt lat="45.7396994" lon="7.4865225">
        <ele>523</ele>
      </trkpt>
      <trkpt lat="45.7397303" lon="7.4864795">
        <ele>523</ele>
      </trkpt>
      <trkpt lat="45.7397542" lon="7.4864349">
        <ele>523</ele>
      </trkpt>
      <trkpt lat="45.7397592" lon="7.4864188">
        <ele>523</ele>
      </trkpt>
      <trkpt lat="45.7397645" lon="7.4863829">
        <ele>523</ele>
      </trkpt>
      <trkpt lat="45.7397627" lon="7.4863496">
        <ele>524</ele>
      </trkpt>
      <trkpt lat="45.7397551" lon="7.4863170">
        <ele>524</ele>
      </trkpt>
      <trkpt lat="45.7397491" lon="7.4863011">
        <ele>524</ele>
      </trkpt>
      <trkpt lat="45.7397410" lon="7.4862866">
        <ele>524</ele>
      </trkpt>
      <trkpt lat="45.7397310" lon="7.4862735">
        <ele>524</ele>
      </trkpt>
      <trkpt lat="45.7397200" lon="7.4862626">
        <ele>524</ele>
      </trkpt>
      <trkpt lat="45.7397020" lon="7.4862499">
        <ele>524</ele>
      </trkpt>
      <trkpt lat="45.7396938" lon="7.4862452">
        <ele>524</ele>
      </trkpt>
      <trkpt lat="45.7396900" lon="7.4862375">
        <ele>524</ele>
      </trkpt>
      <trkpt lat="45.7396879" lon="7.4862252">
        <ele>524</ele>
      </trkpt>
      <trkpt lat="45.7396906" lon="7.4862074">
        <ele>524</ele>
      </trkpt>
      <trkpt lat="45.7397109" lon="7.4861393">
        <ele>524</ele>
      </trkpt>
      <trkpt lat="45.7397240" lon="7.4860830">
        <ele>524</ele>
      </trkpt>
      <trkpt lat="45.7397476" lon="7.4859714">
        <ele>524</ele>
      </trkpt>
      <trkpt lat="45.7397705" lon="7.4858413">
        <ele>524</ele>
      </trkpt>
      <trkpt lat="45.7398311" lon="7.4854335">
        <ele>524</ele>
      </trkpt>
      <trkpt lat="45.7398424" lon="7.4853818">
        <ele>524</ele>
      </trkpt>
      <trkpt lat="45.7398521" lon="7.4853459">
        <ele>524</ele>
      </trkpt>
      <trkpt lat="45.7398640" lon="7.4853085">
        <ele>524</ele>
      </trkpt>
      <trkpt lat="45.7398832" lon="7.4852573">
        <ele>524</ele>
      </trkpt>
      <trkpt lat="45.7398923" lon="7.4852423">
        <ele>524</ele>
      </trkpt>
      <trkpt lat="45.7399017" lon="7.4852339">
        <ele>524</ele>
      </trkpt>
      <trkpt lat="45.7399107" lon="7.4852293">
        <ele>524</ele>
      </trkpt>
      <trkpt lat="45.7399193" lon="7.4852285">
        <ele>524</ele>
      </trkpt>
      <trkpt lat="45.7399263" lon="7.4852319">
        <ele>524</ele>
      </trkpt>
      <trkpt lat="45.7399317" lon="7.4852396">
        <ele>524</ele>
      </trkpt>
      <trkpt lat="45.7399353" lon="7.4852487">
        <ele>524</ele>
      </trkpt>
      <trkpt lat="45.7399371" lon="7.4852592">
        <ele>524</ele>
      </trkpt>
      <trkpt lat="45.7399379" lon="7.4853051">
        <ele>524</ele>
      </trkpt>
      <trkpt lat="45.7399415" lon="7.4853520">
        <ele>524</ele>
      </trkpt>
      <trkpt lat="45.7399448" lon="7.4853705">
        <ele>524</ele>
      </trkpt>
      <trkpt lat="45.7399538" lon="7.4853969">
        <ele>524</ele>
      </trkpt>
      <trkpt lat="45.7399592" lon="7.4854058">
        <ele>524</ele>
      </trkpt>
      <trkpt lat="45.7399792" lon="7.4854274">
        <ele>524</ele>
      </trkpt>
      <trkpt lat="45.7399959" lon="7.4854385">
        <ele>524</ele>
      </trkpt>
      <trkpt lat="45.7400178" lon="7.4854494">
        <ele>524</ele>
      </trkpt>
      <trkpt lat="45.7400382" lon="7.4854568">
        <ele>524</ele>
      </trkpt>
      <trkpt lat="45.7401703" lon="7.4854817">
        <ele>524</ele>
      </trkpt>
      <trkpt lat="45.7402185" lon="7.4854877">
        <ele>524</ele>
      </trkpt>
      <trkpt lat="45.7402541" lon="7.4854894">
        <ele>524</ele>
      </trkpt>
      <trkpt lat="45.7402851" lon="7.4854857">
        <ele>524</ele>
      </trkpt>
      <trkpt lat="45.7403908" lon="7.4854545">
        <ele>524</ele>
      </trkpt>
      <trkpt lat="45.7404480" lon="7.4854448">
        <ele>524</ele>
      </trkpt>
      <trkpt lat="45.7405124" lon="7.4854397">
        <ele>524</ele>
      </trkpt>
      <trkpt lat="45.7405782" lon="7.4854399">
        <ele>524</ele>
      </trkpt>
      <trkpt lat="45.7406630" lon="7.4854442">
        <ele>524</ele>
      </trkpt>
      <trkpt lat="45.7407059" lon="7.4854423">
        <ele>524</ele>
      </trkpt>
      <trkpt lat="45.7407400" lon="7.4854369">
        <ele>524</ele>
      </trkpt>
      <trkpt lat="45.7409141" lon="7.4853998">
        <ele>524</ele>
      </trkpt>
      <trkpt lat="45.7409567" lon="7.4853925">
        <ele>524</ele>
      </trkpt>
      <trkpt lat="45.7410538" lon="7.4853798">
        <ele>524</ele>
      </trkpt>
      <trkpt lat="45.7411572" lon="7.4853704">
        <ele>524</ele>
      </trkpt>
      <trkpt lat="45.7412700" lon="7.4853662">
        <ele>524</ele>
      </trkpt>
      <trkpt lat="45.7414375" lon="7.4853716">
        <ele>524</ele>
      </trkpt>
      <trkpt lat="45.7414825" lon="7.4853708">
        <ele>524</ele>
      </trkpt>
      <trkpt lat="45.7415151" lon="7.4853664">
        <ele>524</ele>
      </trkpt>
      <trkpt lat="45.7415548" lon="7.4853581">
        <ele>525</ele>
      </trkpt>
      <trkpt lat="45.7415796" lon="7.4853496">
        <ele>525</ele>
      </trkpt>
      <trkpt lat="45.7416066" lon="7.4853371">
        <ele>525</ele>
      </trkpt>
      <trkpt lat="45.7416743" lon="7.4853025">
        <ele>525</ele>
      </trkpt>
      <trkpt lat="45.7417480" lon="7.4852618">
        <ele>525</ele>
      </trkpt>
      <trkpt lat="45.7419154" lon="7.4851597">
        <ele>525</ele>
      </trkpt>
      <trkpt lat="45.7420628" lon="7.4850573">
        <ele>525</ele>
      </trkpt>
      <trkpt lat="45.7421260" lon="7.4850102">
        <ele>525</ele>
      </trkpt>
      <trkpt lat="45.7421804" lon="7.4849666">
        <ele>525</ele>
      </trkpt>
      <trkpt lat="45.7422363" lon="7.4849176">
        <ele>525</ele>
      </trkpt>
      <trkpt lat="45.7423201" lon="7.4848383">
        <ele>525</ele>
      </trkpt>
      <trkpt lat="45.7423981" lon="7.4847605">
        <ele>525</ele>
      </trkpt>
      <trkpt lat="45.7424887" lon="7.4846649">
        <ele>525</ele>
      </trkpt>
      <trkpt lat="45.7425138" lon="7.4846352">
        <ele>525</ele>
      </trkpt>
      <trkpt lat="45.7425908" lon="7.4845222">
        <ele>525</ele>
      </trkpt>
      <trkpt lat="45.7426465" lon="7.4844472">
        <ele>525</ele>
      </trkpt>
      <trkpt lat="45.7428362" lon="7.4842426">
        <ele>525</ele>
      </trkpt>
      <trkpt lat="45.7428623" lon="7.4842157">
        <ele>525</ele>
      </trkpt>
      <trkpt lat="45.7428937" lon="7.4841836">
        <ele>525</ele>
      </trkpt>
      <trkpt lat="45.7429218" lon="7.4841580">
        <ele>525</ele>
      </trkpt>
      <trkpt lat="45.7430125" lon="7.4840973">
        <ele>525</ele>
      </trkpt>
      <trkpt lat="45.7430431" lon="7.4840736">
        <ele>525</ele>
      </trkpt>
      <trkpt lat="45.7430734" lon="7.4840464">
        <ele>525</ele>
      </trkpt>
      <trkpt lat="45.7431035" lon="7.4840127">
        <ele>525</ele>
      </trkpt>
      <trkpt lat="45.7431184" lon="7.4839935">
        <ele>525</ele>
      </trkpt>
      <trkpt lat="45.7432812" lon="7.4837770">
        <ele>525</ele>
      </trkpt>
      <trkpt lat="45.7433652" lon="7.4836683">
        <ele>525</ele>
      </trkpt>
      <trkpt lat="45.7434114" lon="7.4836115">
        <ele>525</ele>
      </trkpt>
      <trkpt lat="45.7434543" lon="7.4835627">
        <ele>525</ele>
      </trkpt>
      <trkpt lat="45.7435410" lon="7.4834719">
        <ele>525</ele>
      </trkpt>
      <trkpt lat="45.7435958" lon="7.4834191">
        <ele>525</ele>
      </trkpt>
      <trkpt lat="45.7438098" lon="7.4832351">
        <ele>525</ele>
      </trkpt>
      <trkpt lat="45.7438922" lon="7.4831599">
        <ele>525</ele>
      </trkpt>
      <trkpt lat="45.7439179" lon="7.4831342">
        <ele>525</ele>
      </trkpt>
      <trkpt lat="45.7439714" lon="7.4830707">
        <ele>525</ele>
      </trkpt>
      <trkpt lat="45.7441139" lon="7.4828915">
        <ele>525</ele>
      </trkpt>
      <trkpt lat="45.7441544" lon="7.4828452">
        <ele>525</ele>
      </trkpt>
      <trkpt lat="45.7442087" lon="7.4827951">
        <ele>525</ele>
      </trkpt>
      <trkpt lat="45.7443460" lon="7.4826783">
        <ele>525</ele>
      </trkpt>
      <trkpt lat="45.7445170" lon="7.4825510">
        <ele>525</ele>
      </trkpt>
      <trkpt lat="45.7445520" lon="7.4825185">
        <ele>525</ele>
      </trkpt>
      <trkpt lat="45.7445811" lon="7.4824832">
        <ele>525</ele>
      </trkpt>
      <trkpt lat="45.7446143" lon="7.4824345">
        <ele>525</ele>
      </trkpt>
      <trkpt lat="45.7446313" lon="7.4823647">
        <ele>525</ele>
      </trkpt>
      <trkpt lat="45.7446298" lon="7.4822845">
        <ele>525</ele>
      </trkpt>
      <trkpt lat="45.7445451" lon="7.4820819">
        <ele>525</ele>
      </trkpt>
      <trkpt lat="45.7444368" lon="7.4817942">
        <ele>525</ele>
      </trkpt>
      <trkpt lat="45.7443808" lon="7.4816044">
        <ele>525</ele>
      </trkpt>
      <trkpt lat="45.7443502" lon="7.4813390">
        <ele>525</ele>
      </trkpt>
      <trkpt lat="45.7443395" lon="7.4812339">
        <ele>525</ele>
      </trkpt>
      <trkpt lat="45.7443389" lon="7.4811267">
        <ele>525</ele>
      </trkpt>
      <trkpt lat="45.7443603" lon="7.4810761">
        <ele>525</ele>
      </trkpt>
      <trkpt lat="45.7443866" lon="7.4810291">
        <ele>525</ele>
      </trkpt>
      <trkpt lat="45.7440608" lon="7.4803569">
        <ele>525</ele>
      </trkpt>
      <trkpt lat="45.7441107" lon="7.4802519">
        <ele>525</ele>
      </trkpt>
      <trkpt lat="45.7441465" lon="7.4801781">
        <ele>526</ele>
      </trkpt>
      <trkpt lat="45.7441748" lon="7.4801067">
        <ele>526</ele>
      </trkpt>
      <trkpt lat="45.7442029" lon="7.4800223">
        <ele>526</ele>
      </trkpt>
      <trkpt lat="45.7442265" lon="7.4799317">
        <ele>526</ele>
      </trkpt>
      <trkpt lat="45.7442520" lon="7.4798218">
        <ele>526</ele>
      </trkpt>
      <trkpt lat="45.7442735" lon="7.4797473">
        <ele>526</ele>
      </trkpt>
      <trkpt lat="45.7442928" lon="7.4796760">
        <ele>526</ele>
      </trkpt>
      <trkpt lat="45.7443097" lon="7.4795888">
        <ele>526</ele>
      </trkpt>
      <trkpt lat="45.7443266" lon="7.4795048">
        <ele>526</ele>
      </trkpt>
      <trkpt lat="45.7443520" lon="7.4793852">
        <ele>526</ele>
      </trkpt>
      <trkpt lat="45.7443774" lon="7.4792688">
        <ele>526</ele>
      </trkpt>
      <trkpt lat="45.7443926" lon="7.4792234">
        <ele>526</ele>
      </trkpt>
      <trkpt lat="45.7444407" lon="7.4791225">
        <ele>526</ele>
      </trkpt>
      <trkpt lat="45.7444801" lon="7.4790378">
        <ele>526</ele>
      </trkpt>
      <trkpt lat="45.7445217" lon="7.4789499">
        <ele>526</ele>
      </trkpt>
      <trkpt lat="45.7445633" lon="7.4788620">
        <ele>526</ele>
      </trkpt>
      <trkpt lat="45.7446071" lon="7.4787741">
        <ele>526</ele>
      </trkpt>
      <trkpt lat="45.7446510" lon="7.4786893">
        <ele>526</ele>
      </trkpt>
      <trkpt lat="45.7446949" lon="7.4786046">
        <ele>526</ele>
      </trkpt>
      <trkpt lat="45.7447364" lon="7.4785134">
        <ele>526</ele>
      </trkpt>
      <trkpt lat="45.7447924" lon="7.4784114">
        <ele>526</ele>
      </trkpt>
      <trkpt lat="45.7448945" lon="7.4782073">
        <ele>526</ele>
      </trkpt>
      <trkpt lat="45.7449295" lon="7.4781356">
        <ele>526</ele>
      </trkpt>
      <trkpt lat="45.7449645" lon="7.4780608">
        <ele>526</ele>
      </trkpt>
      <trkpt lat="45.7449953" lon="7.4780085">
        <ele>526</ele>
      </trkpt>
      <trkpt lat="45.7450284" lon="7.4779530">
        <ele>526</ele>
      </trkpt>
      <trkpt lat="45.7450788" lon="7.4778584">
        <ele>526</ele>
      </trkpt>
      <trkpt lat="45.7451294" lon="7.4777670">
        <ele>526</ele>
      </trkpt>
      <trkpt lat="45.7451887" lon="7.4776723">
        <ele>526</ele>
      </trkpt>
      <trkpt lat="45.7452377" lon="7.4775869">
        <ele>526</ele>
      </trkpt>
      <trkpt lat="45.7455107" lon="7.4778581">
        <ele>526</ele>
      </trkpt>
      <trkpt lat="45.7456791" lon="7.4779965">
        <ele>526</ele>
      </trkpt>
      <trkpt lat="45.7458635" lon="7.4783322">
        <ele>526</ele>
      </trkpt>
      <trkpt lat="45.7460001" lon="7.4784474">
        <ele>526</ele>
      </trkpt>
      <trkpt lat="45.7460597" lon="7.4785321">
        <ele>526</ele>
      </trkpt>
      <trkpt lat="45.7461017" lon="7.4786455">
        <ele>526</ele>
      </trkpt>
      <trkpt lat="45.7461117" lon="7.4787155">
        <ele>526</ele>
      </trkpt>
      <trkpt lat="45.7461653" lon="7.4793633">
        <ele>526</ele>
      </trkpt>
      <trkpt lat="45.7462003" lon="7.4796246">
        <ele>526</ele>
      </trkpt>
      <trkpt lat="45.7462688" lon="7.4798290">
        <ele>526</ele>
      </trkpt>
      <trkpt lat="45.7463450" lon="7.4800140">
        <ele>526</ele>
      </trkpt>
      <trkpt lat="45.7464697" lon="7.4802351">
        <ele>526</ele>
      </trkpt>
      <trkpt lat="45.7465751" lon="7.4803987">
        <ele>526</ele>
      </trkpt>
      <trkpt lat="45.7467617" lon="7.4805523">
        <ele>526</ele>
      </trkpt>
      <trkpt lat="45.7468623" lon="7.4806765">
        <ele>526</ele>
      </trkpt>
      <trkpt lat="45.7472465" lon="7.4807986">
        <ele>526</ele>
      </trkpt>
      <trkpt lat="45.7472964" lon="7.4808290">
        <ele>526</ele>
      </trkpt>
      <trkpt lat="45.7473286" lon="7.4808844">
        <ele>526</ele>
      </trkpt>
      <trkpt lat="45.7473204" lon="7.4809417">
        <ele>526</ele>
      </trkpt>
      <trkpt lat="45.7472550" lon="7.4811029">
        <ele>526</ele>
      </trkpt>
      <trkpt lat="45.7472108" lon="7.4811632">
        <ele>526</ele>
      </trkpt>
      <trkpt lat="45.7471173" lon="7.4812368">
        <ele>526</ele>
      </trkpt>
      <trkpt lat="45.7470645" lon="7.4813303">
        <ele>526</ele>
      </trkpt>
      <trkpt lat="45.7470431" lon="7.4814104">
        <ele>526</ele>
      </trkpt>
      <trkpt lat="45.7469514" lon="7.4819609">
        <ele>526</ele>
      </trkpt>
      <trkpt lat="45.7469565" lon="7.4820061">
        <ele>527</ele>
      </trkpt>
      <trkpt lat="45.7469984" lon="7.4821122">
        <ele>527</ele>
      </trkpt>
      <trkpt lat="45.7471938" lon="7.4822512">
        <ele>527</ele>
      </trkpt>
      <trkpt lat="45.7472395" lon="7.4823046">
        <ele>527</ele>
      </trkpt>
      <trkpt lat="45.7472724" lon="7.4824097">
        <ele>527</ele>
      </trkpt>
      <trkpt lat="45.7472554" lon="7.4824845">
        <ele>527</ele>
      </trkpt>
      <trkpt lat="45.7470913" lon="7.4826722">
        <ele>527</ele>
      </trkpt>
      <trkpt lat="45.7470432" lon="7.4827759">
        <ele>527</ele>
      </trkpt>
      <trkpt lat="45.7470325" lon="7.4833250">
        <ele>527</ele>
      </trkpt>
      <trkpt lat="45.7470603" lon="7.4837256">
        <ele>527</ele>
      </trkpt>
      <trkpt lat="45.7471119" lon="7.4838837">
        <ele>527</ele>
      </trkpt>
      <trkpt lat="45.7473125" lon="7.4840759">
        <ele>527</ele>
      </trkpt>
      <trkpt lat="45.7474775" lon="7.4843016">
        <ele>527</ele>
      </trkpt>
      <trkpt lat="45.7475201" lon="7.4844592">
        <ele>527</ele>
      </trkpt>
      <trkpt lat="45.7475167" lon="7.4845428">
        <ele>527</ele>
      </trkpt>
      <trkpt lat="45.7475017" lon="7.4846062">
        <ele>527</ele>
      </trkpt>
      <trkpt lat="45.7474463" lon="7.4846668">
        <ele>527</ele>
      </trkpt>
      <trkpt lat="45.7472785" lon="7.4848222">
        <ele>527</ele>
      </trkpt>
      <trkpt lat="45.7472244" lon="7.4849006">
        <ele>527</ele>
      </trkpt>
      <trkpt lat="45.7472079" lon="7.4849602">
        <ele>527</ele>
      </trkpt>
      <trkpt lat="45.7471962" lon="7.4850234">
        <ele>527</ele>
      </trkpt>
      <trkpt lat="45.7471954" lon="7.4850858">
        <ele>527</ele>
      </trkpt>
      <trkpt lat="45.7472118" lon="7.4853047">
        <ele>527</ele>
      </trkpt>
      <trkpt lat="45.7471705" lon="7.4855827">
        <ele>527</ele>
      </trkpt>
      <trkpt lat="45.7471485" lon="7.4856859">
        <ele>527</ele>
      </trkpt>
      <trkpt lat="45.7470530" lon="7.4858860">
        <ele>527</ele>
      </trkpt>
      <trkpt lat="45.7468372" lon="7.4862418">
        <ele>527</ele>
      </trkpt>
      <trkpt lat="45.7467458" lon="7.4864736">
        <ele>527</ele>
      </trkpt>
      <trkpt lat="45.7466955" lon="7.4867153">
        <ele>527</ele>
      </trkpt>
      <trkpt lat="45.7466746" lon="7.4868772">
        <ele>527</ele>
      </trkpt>
      <trkpt lat="45.7466824" lon="7.4871241">
        <ele>527</ele>
      </trkpt>
      <trkpt lat="45.7466377" lon="7.4874397">
        <ele>527</ele>
      </trkpt>
      <trkpt lat="45.7466304" lon="7.4876196">
        <ele>527</ele>
      </trkpt>
      <trkpt lat="45.7466550" lon="7.4877728">
        <ele>527</ele>
      </trkpt>
      <trkpt lat="45.7467178" lon="7.4879928">
        <ele>527</ele>
      </trkpt>
      <trkpt lat="45.7469905" lon="7.4884437">
        <ele>527</ele>
      </trkpt>
      <trkpt lat="45.7470904" lon="7.4886288">
        <ele>527</ele>
      </trkpt>
      <trkpt lat="45.7471195" lon="7.4887970">
        <ele>527</ele>
      </trkpt>
      <trkpt lat="45.7472013" lon="7.4891994">
        <ele>527</ele>
      </trkpt>
      <trkpt lat="45.7472491" lon="7.4892693">
        <ele>527</ele>
      </trkpt>
      <trkpt lat="45.7473059" lon="7.4892845">
        <ele>527</ele>
      </trkpt>
      <trkpt lat="45.7475590" lon="7.4893640">
        <ele>527</ele>
      </trkpt>
      <trkpt lat="45.7476118" lon="7.4893417">
        <ele>527</ele>
      </trkpt>
      <trkpt lat="45.7476496" lon="7.4893458">
        <ele>527</ele>
      </trkpt>
      <trkpt lat="45.7476679" lon="7.4893697">
        <ele>527</ele>
      </trkpt>
      <trkpt lat="45.7476809" lon="7.4893976">
        <ele>527</ele>
      </trkpt>
      <trkpt lat="45.7477151" lon="7.4894057">
        <ele>527</ele>
      </trkpt>
      <trkpt lat="45.7477926" lon="7.4894053">
        <ele>527</ele>
      </trkpt>
      <trkpt lat="45.7478162" lon="7.4894899">
        <ele>527</ele>
      </trkpt>
      <trkpt lat="45.7476393" lon="7.4897236">
        <ele>527</ele>
      </trkpt>
      <trkpt lat="45.7476173" lon="7.4897608">
        <ele>527</ele>
      </trkpt>
      <trkpt lat="45.7475820" lon="7.4898132">
        <ele>527</ele>
      </trkpt>
      <trkpt lat="45.7475690" lon="7.4898473">
        <ele>527</ele>
      </trkpt>
      <trkpt lat="45.7475564" lon="7.4899151">
        <ele>527</ele>
      </trkpt>
      <trkpt lat="45.7475570" lon="7.4899649">
        <ele>527</ele>
      </trkpt>
      <trkpt lat="45.7475671" lon="7.4900450">
        <ele>527</ele>
      </trkpt>
      <trkpt lat="45.7475908" lon="7.4901395">
        <ele>528</ele>
      </trkpt>
      <trkpt lat="45.7476099" lon="7.4902202">
        <ele>528</ele>
      </trkpt>
      <trkpt lat="45.7476471" lon="7.4903136">
        <ele>528</ele>
      </trkpt>
      <trkpt lat="45.7476791" lon="7.4903501">
        <ele>528</ele>
      </trkpt>
      <trkpt lat="45.7477202" lon="7.4903940">
        <ele>528</ele>
      </trkpt>
      <trkpt lat="45.7477344" lon="7.4904506">
        <ele>528</ele>
      </trkpt>
      <trkpt lat="45.7477627" lon="7.4905475">
        <ele>528</ele>
      </trkpt>
      <trkpt lat="45.7477771" lon="7.4906130">
        <ele>528</ele>
      </trkpt>
      <trkpt lat="45.7478097" lon="7.4906969">
        <ele>528</ele>
      </trkpt>
      <trkpt lat="45.7478561" lon="7.4908061">
        <ele>528</ele>
      </trkpt>
      <trkpt lat="45.7479026" lon="7.4909145">
        <ele>528</ele>
      </trkpt>
      <trkpt lat="45.7479122" lon="7.4909605">
        <ele>528</ele>
      </trkpt>
      <trkpt lat="45.7479313" lon="7.4910411">
        <ele>528</ele>
      </trkpt>
      <trkpt lat="45.7479502" lon="7.4911149">
        <ele>528</ele>
      </trkpt>
      <trkpt lat="45.7479781" lon="7.4911793">
        <ele>528</ele>
      </trkpt>
      <trkpt lat="45.7480146" lon="7.4912148">
        <ele>528</ele>
      </trkpt>
      <trkpt lat="45.7480641" lon="7.4914553">
        <ele>528</ele>
      </trkpt>
      <trkpt lat="45.7481376" lon="7.4916402">
        <ele>528</ele>
      </trkpt>
      <trkpt lat="45.7482385" lon="7.4918566">
        <ele>528</ele>
      </trkpt>
      <trkpt lat="45.7482829" lon="7.4919543">
        <ele>528</ele>
      </trkpt>
      <trkpt lat="45.7483137" lon="7.4919689">
        <ele>528</ele>
      </trkpt>
      <trkpt lat="45.7483188" lon="7.4919985">
        <ele>528</ele>
      </trkpt>
      <trkpt lat="45.7483116" lon="7.4920864">
        <ele>528</ele>
      </trkpt>
      <trkpt lat="45.7483710" lon="7.4922235">
        <ele>528</ele>
      </trkpt>
      <trkpt lat="45.7483933" lon="7.4922819">
        <ele>528</ele>
      </trkpt>
      <trkpt lat="45.7483912" lon="7.4923911">
        <ele>528</ele>
      </trkpt>
      <trkpt lat="45.7484332" lon="7.4925132">
        <ele>528</ele>
      </trkpt>
      <trkpt lat="45.7484722" lon="7.4928147">
        <ele>528</ele>
      </trkpt>
      <trkpt lat="45.7484921" lon="7.4929568">
        <ele>528</ele>
      </trkpt>
      <trkpt lat="45.7484973" lon="7.4930093">
        <ele>528</ele>
      </trkpt>
      <trkpt lat="45.7485081" lon="7.4931504">
        <ele>528</ele>
      </trkpt>
      <trkpt lat="45.7485156" lon="7.4933748">
        <ele>528</ele>
      </trkpt>
      <trkpt lat="45.7485165" lon="7.4934419">
        <ele>528</ele>
      </trkpt>
      <trkpt lat="45.7485129" lon="7.4935099">
        <ele>528</ele>
      </trkpt>
      <trkpt lat="45.7484999" lon="7.4935504">
        <ele>528</ele>
      </trkpt>
      <trkpt lat="45.7484823" lon="7.4935822">
        <ele>528</ele>
      </trkpt>
      <trkpt lat="45.7484203" lon="7.4936582">
        <ele>528</ele>
      </trkpt>
      <trkpt lat="45.7483714" lon="7.4937049">
        <ele>528</ele>
      </trkpt>
      <trkpt lat="45.7483404" lon="7.4937435">
        <ele>528</ele>
      </trkpt>
      <trkpt lat="45.7482966" lon="7.4938331">
        <ele>528</ele>
      </trkpt>
      <trkpt lat="45.7482576" lon="7.4939450">
        <ele>528</ele>
      </trkpt>
      <trkpt lat="45.7482261" lon="7.4940857">
        <ele>528</ele>
      </trkpt>
      <trkpt lat="45.7481837" lon="7.4942776">
        <ele>528</ele>
      </trkpt>
      <trkpt lat="45.7481575" lon="7.4944189">
        <ele>528</ele>
      </trkpt>
      <trkpt lat="45.7481280" lon="7.4945699">
        <ele>528</ele>
      </trkpt>
      <trkpt lat="45.7481159" lon="7.4946783">
        <ele>528</ele>
      </trkpt>
      <trkpt lat="45.7481036" lon="7.4948917">
        <ele>528</ele>
      </trkpt>
      <trkpt lat="45.7481014" lon="7.4950725">
        <ele>528</ele>
      </trkpt>
      <trkpt lat="45.7480908" lon="7.4952901">
        <ele>528</ele>
      </trkpt>
      <trkpt lat="45.7480746" lon="7.4954272">
        <ele>528</ele>
      </trkpt>
      <trkpt lat="45.7480665" lon="7.4954953">
        <ele>528</ele>
      </trkpt>
      <trkpt lat="45.7480579" lon="7.4955277">
        <ele>528</ele>
      </trkpt>
      <trkpt lat="45.7479205" lon="7.4960620">
        <ele>528</ele>
      </trkpt>
      <trkpt lat="45.7479121" lon="7.4961053">
        <ele>528</ele>
      </trkpt>
      <trkpt lat="45.7479081" lon="7.4961447">
        <ele>528</ele>
      </trkpt>
      <trkpt lat="45.7478919" lon="7.4962826">
        <ele>529</ele>
      </trkpt>
      <trkpt lat="45.7478845" lon="7.4963716">
        <ele>529</ele>
      </trkpt>
      <trkpt lat="45.7478350" lon="7.4967120">
        <ele>529</ele>
      </trkpt>
      <trkpt lat="45.7478123" lon="7.4970372">
        <ele>529</ele>
      </trkpt>
      <trkpt lat="45.7477886" lon="7.4972905">
        <ele>529</ele>
      </trkpt>
      <trkpt lat="45.7477922" lon="7.4975616">
        <ele>529</ele>
      </trkpt>
      <trkpt lat="45.7478275" lon="7.4978515">
        <ele>529</ele>
      </trkpt>
      <trkpt lat="45.7478986" lon="7.4981280">
        <ele>529</ele>
      </trkpt>
      <trkpt lat="45.7478990" lon="7.4981541">
        <ele>529</ele>
      </trkpt>
      <trkpt lat="45.7479240" lon="7.4983648">
        <ele>529</ele>
      </trkpt>
      <trkpt lat="45.7479309" lon="7.4985313">
        <ele>529</ele>
      </trkpt>
      <trkpt lat="45.7479313" lon="7.4985590">
        <ele>529</ele>
      </trkpt>
      <trkpt lat="45.7479230" lon="7.4986147">
        <ele>529</ele>
      </trkpt>
      <trkpt lat="45.7478804" lon="7.4987906">
        <ele>529</ele>
      </trkpt>
      <trkpt lat="45.7478764" lon="7.4988301">
        <ele>529</ele>
      </trkpt>
      <trkpt lat="45.7478604" lon="7.4989864">
        <ele>529</ele>
      </trkpt>
      <trkpt lat="45.7478610" lon="7.4990326">
        <ele>529</ele>
      </trkpt>
      <trkpt lat="45.7478763" lon="7.4992746">
        <ele>529</ele>
      </trkpt>
      <trkpt lat="45.7478830" lon="7.4993365">
        <ele>529</ele>
      </trkpt>
      <trkpt lat="45.7478903" lon="7.4993712">
        <ele>529</ele>
      </trkpt>
      <trkpt lat="45.7478892" lon="7.4994119">
        <ele>529</ele>
      </trkpt>
      <trkpt lat="45.7478667" lon="7.4994671">
        <ele>529</ele>
      </trkpt>
      <trkpt lat="45.7478358" lon="7.4995170">
        <ele>529</ele>
      </trkpt>
      <trkpt lat="45.7478139" lon="7.4995549">
        <ele>529</ele>
      </trkpt>
      <trkpt lat="45.7477734" lon="7.4995564">
        <ele>529</ele>
      </trkpt>
      <trkpt lat="45.7477513" lon="7.4995827">
        <ele>529</ele>
      </trkpt>
      <trkpt lat="45.7477340" lon="7.4996378">
        <ele>529</ele>
      </trkpt>
      <trkpt lat="45.7477168" lon="7.4996993">
        <ele>529</ele>
      </trkpt>
      <trkpt lat="45.7477129" lon="7.4997444">
        <ele>529</ele>
      </trkpt>
      <trkpt lat="45.7477046" lon="7.4998025">
        <ele>529</ele>
      </trkpt>
      <trkpt lat="45.7476919" lon="7.4998607">
        <ele>529</ele>
      </trkpt>
      <trkpt lat="45.7476790" lon="7.4999060">
        <ele>529</ele>
      </trkpt>
      <trkpt lat="45.7476618" lon="7.4999643">
        <ele>529</ele>
      </trkpt>
      <trkpt lat="45.7476311" lon="7.5000294">
        <ele>529</ele>
      </trkpt>
      <trkpt lat="45.7476093" lon="7.5000782">
        <ele>529</ele>
      </trkpt>
      <trkpt lat="45.7475876" lon="7.5001431">
        <ele>529</ele>
      </trkpt>
      <trkpt lat="45.7475615" lon="7.5002113">
        <ele>529</ele>
      </trkpt>
      <trkpt lat="45.7475490" lon="7.5002855">
        <ele>529</ele>
      </trkpt>
      <trkpt lat="45.7475319" lon="7.5003535">
        <ele>529</ele>
      </trkpt>
      <trkpt lat="45.7475150" lon="7.5004407">
        <ele>529</ele>
      </trkpt>
      <trkpt lat="45.7474978" lon="7.5005023">
        <ele>529</ele>
      </trkpt>
      <trkpt lat="45.7474893" lon="7.5005410">
        <ele>529</ele>
      </trkpt>
      <trkpt lat="45.7474676" lon="7.5006027">
        <ele>529</ele>
      </trkpt>
      <trkpt lat="45.7474503" lon="7.5006546">
        <ele>529</ele>
      </trkpt>
      <trkpt lat="45.7474374" lon="7.5006999">
        <ele>529</ele>
      </trkpt>
      <trkpt lat="45.7474160" lon="7.5007841">
        <ele>529</ele>
      </trkpt>
      <trkpt lat="45.7474032" lon="7.5008390">
        <ele>529</ele>
      </trkpt>
      <trkpt lat="45.7473994" lon="7.5008906">
        <ele>529</ele>
      </trkpt>
      <trkpt lat="45.7473963" lon="7.5009967">
        <ele>529</ele>
      </trkpt>
      <trkpt lat="45.7473926" lon="7.5010547">
        <ele>529</ele>
      </trkpt>
      <trkpt lat="45.7473981" lon="7.5011316">
        <ele>529</ele>
      </trkpt>
      <trkpt lat="45.7474036" lon="7.5012118">
        <ele>529</ele>
      </trkpt>
      <trkpt lat="45.7473955" lon="7.5012796">
        <ele>529</ele>
      </trkpt>
      <trkpt lat="45.7473869" lon="7.5013087">
        <ele>529</ele>
      </trkpt>
      <trkpt lat="45.7473567" lon="7.5014124">
        <ele>529</ele>
      </trkpt>
      <trkpt lat="45.7473392" lon="7.5014482">
        <ele>530</ele>
      </trkpt>
      <trkpt lat="45.7472957" lon="7.5015586">
        <ele>530</ele>
      </trkpt>
      <trkpt lat="45.7472521" lon="7.5016691">
        <ele>530</ele>
      </trkpt>
      <trkpt lat="45.7472128" lon="7.5017633">
        <ele>530</ele>
      </trkpt>
      <trkpt lat="45.7471759" lon="7.5018639">
        <ele>530</ele>
      </trkpt>
      <trkpt lat="45.7471390" lon="7.5019678">
        <ele>530</ele>
      </trkpt>
      <trkpt lat="45.7471305" lon="7.5020034">
        <ele>530</ele>
      </trkpt>
      <trkpt lat="45.7471202" lon="7.5020808">
        <ele>530</ele>
      </trkpt>
      <trkpt lat="45.7471100" lon="7.5021582">
        <ele>530</ele>
      </trkpt>
      <trkpt lat="45.7471020" lon="7.5022355">
        <ele>530</ele>
      </trkpt>
      <trkpt lat="45.7470719" lon="7.5023424">
        <ele>530</ele>
      </trkpt>
      <trkpt lat="45.7470306" lon="7.5024528">
        <ele>530</ele>
      </trkpt>
      <trkpt lat="45.7469894" lon="7.5025664">
        <ele>530</ele>
      </trkpt>
      <trkpt lat="45.7469569" lon="7.5026669">
        <ele>530</ele>
      </trkpt>
      <trkpt lat="45.7469267" lon="7.5027673">
        <ele>530</ele>
      </trkpt>
      <trkpt lat="45.7468943" lon="7.5028678">
        <ele>530</ele>
      </trkpt>
      <trkpt lat="45.7468707" lon="7.5029584">
        <ele>530</ele>
      </trkpt>
      <trkpt lat="45.7468471" lon="7.5030458">
        <ele>530</ele>
      </trkpt>
      <trkpt lat="45.7468387" lon="7.5030910">
        <ele>530</ele>
      </trkpt>
      <trkpt lat="45.7468354" lon="7.5031811">
        <ele>530</ele>
      </trkpt>
      <trkpt lat="45.7468320" lon="7.5032680">
        <ele>530</ele>
      </trkpt>
      <trkpt lat="45.7468287" lon="7.5033581">
        <ele>530</ele>
      </trkpt>
      <trkpt lat="45.7468277" lon="7.5034513">
        <ele>530</ele>
      </trkpt>
      <trkpt lat="45.7468267" lon="7.5035445">
        <ele>530</ele>
      </trkpt>
      <trkpt lat="45.7468317" lon="7.5035862">
        <ele>530</ele>
      </trkpt>
      <trkpt lat="45.7468510" lon="7.5036821">
        <ele>530</ele>
      </trkpt>
      <trkpt lat="45.7468702" lon="7.5037780">
        <ele>530</ele>
      </trkpt>
      <trkpt lat="45.7468895" lon="7.5038739">
        <ele>530</ele>
      </trkpt>
      <trkpt lat="45.7469087" lon="7.5039698">
        <ele>530</ele>
      </trkpt>
      <trkpt lat="45.7469209" lon="7.5040370">
        <ele>530</ele>
      </trkpt>
      <trkpt lat="45.7469330" lon="7.5041009">
        <ele>530</ele>
      </trkpt>
      <trkpt lat="45.7469453" lon="7.5041874">
        <ele>530</ele>
      </trkpt>
      <trkpt lat="45.7469555" lon="7.5042739">
        <ele>530</ele>
      </trkpt>
      <trkpt lat="45.7469679" lon="7.5043603">
        <ele>530</ele>
      </trkpt>
      <trkpt lat="45.7469739" lon="7.5044759">
        <ele>530</ele>
      </trkpt>
      <trkpt lat="45.7469799" lon="7.5045946">
        <ele>530</ele>
      </trkpt>
      <trkpt lat="45.7469813" lon="7.5047006">
        <ele>530</ele>
      </trkpt>
      <trkpt lat="45.7469846" lon="7.5047777">
        <ele>530</ele>
      </trkpt>
      <trkpt lat="45.7469878" lon="7.5048547">
        <ele>530</ele>
      </trkpt>
      <trkpt lat="45.7470136" lon="7.5049344">
        <ele>530</ele>
      </trkpt>
      <trkpt lat="45.7470394" lon="7.5050108">
        <ele>530</ele>
      </trkpt>
      <trkpt lat="45.7470536" lon="7.5050683">
        <ele>530</ele>
      </trkpt>
      <trkpt lat="45.7470658" lon="7.5051419">
        <ele>530</ele>
      </trkpt>
      <trkpt lat="45.7470781" lon="7.5052155">
        <ele>530</ele>
      </trkpt>
      <trkpt lat="45.7470814" lon="7.5053022">
        <ele>530</ele>
      </trkpt>
      <trkpt lat="45.7470848" lon="7.5053889">
        <ele>530</ele>
      </trkpt>
      <trkpt lat="45.7470838" lon="7.5054789">
        <ele>530</ele>
      </trkpt>
      <trkpt lat="45.7470850" lon="7.5055720">
        <ele>530</ele>
      </trkpt>
      <trkpt lat="45.7470839" lon="7.5056621">
        <ele>530</ele>
      </trkpt>
      <trkpt lat="45.7470853" lon="7.5057713">
        <ele>530</ele>
      </trkpt>
      <trkpt lat="45.7470868" lon="7.5058805">
        <ele>530</ele>
      </trkpt>
      <trkpt lat="45.7470999" lon="7.5063102">
        <ele>530</ele>
      </trkpt>
      <trkpt lat="45.7470883" lon="7.5064776">
        <ele>530</ele>
      </trkpt>
      <trkpt lat="45.7470961" lon="7.5065642">
        <ele>530</ele>
      </trkpt>
      <trkpt lat="45.7471357" lon="7.5068007">
        <ele>530</ele>
      </trkpt>
      <trkpt lat="45.7471547" lon="7.5068741">
        <ele>531</ele>
      </trkpt>
      <trkpt lat="45.7471736" lon="7.5069443">
        <ele>531</ele>
      </trkpt>
      <trkpt lat="45.7471838" lon="7.5070372">
        <ele>531</ele>
      </trkpt>
      <trkpt lat="45.7471940" lon="7.5071270">
        <ele>531</ele>
      </trkpt>
      <trkpt lat="45.7472065" lon="7.5072263">
        <ele>531</ele>
      </trkpt>
      <trkpt lat="45.7472168" lon="7.5073256">
        <ele>531</ele>
      </trkpt>
      <trkpt lat="45.7472294" lon="7.5074249">
        <ele>531</ele>
      </trkpt>
      <trkpt lat="45.7472438" lon="7.5075386">
        <ele>531</ele>
      </trkpt>
      <trkpt lat="45.7472588" lon="7.5076507">
        <ele>531</ele>
      </trkpt>
      <trkpt lat="45.7472715" lon="7.5077629">
        <ele>531</ele>
      </trkpt>
      <trkpt lat="45.7472862" lon="7.5078557">
        <ele>531</ele>
      </trkpt>
      <trkpt lat="45.7472893" lon="7.5079481">
        <ele>531</ele>
      </trkpt>
      <trkpt lat="45.7472990" lon="7.5080057">
        <ele>531</ele>
      </trkpt>
      <trkpt lat="45.7473156" lon="7.5080696">
        <ele>531</ele>
      </trkpt>
      <trkpt lat="45.7473322" lon="7.5081334">
        <ele>531</ele>
      </trkpt>
      <trkpt lat="45.7473419" lon="7.5081878">
        <ele>531</ele>
      </trkpt>
      <trkpt lat="45.7473445" lon="7.5082596">
        <ele>531</ele>
      </trkpt>
      <trkpt lat="45.7473274" lon="7.5083276">
        <ele>531</ele>
      </trkpt>
      <trkpt lat="45.7472927" lon="7.5084249">
        <ele>531</ele>
      </trkpt>
      <trkpt lat="45.7472842" lon="7.5084637">
        <ele>531</ele>
      </trkpt>
      <trkpt lat="45.7472757" lon="7.5085057">
        <ele>531</ele>
      </trkpt>
      <trkpt lat="45.7472640" lon="7.5085674">
        <ele>531</ele>
      </trkpt>
      <trkpt lat="45.7472639" lon="7.5086277">
        <ele>531</ele>
      </trkpt>
      <trkpt lat="45.7472854" lon="7.5086810">
        <ele>531</ele>
      </trkpt>
      <trkpt lat="45.7473041" lon="7.5087352">
        <ele>531</ele>
      </trkpt>
      <trkpt lat="45.7473549" lon="7.5088399">
        <ele>531</ele>
      </trkpt>
      <trkpt lat="45.7474009" lon="7.5089093">
        <ele>531</ele>
      </trkpt>
      <trkpt lat="45.7474216" lon="7.5089506">
        <ele>531</ele>
      </trkpt>
      <trkpt lat="45.7474201" lon="7.5090085">
        <ele>531</ele>
      </trkpt>
      <trkpt lat="45.7473846" lon="7.5090436">
        <ele>531</ele>
      </trkpt>
      <trkpt lat="45.7473946" lon="7.5091180">
        <ele>531</ele>
      </trkpt>
      <trkpt lat="45.7473909" lon="7.5091776">
        <ele>531</ele>
      </trkpt>
      <trkpt lat="45.7473740" lon="7.5092672">
        <ele>531</ele>
      </trkpt>
      <trkpt lat="45.7473447" lon="7.5094335">
        <ele>531</ele>
      </trkpt>
      <trkpt lat="45.7473409" lon="7.5094895">
        <ele>531</ele>
      </trkpt>
      <trkpt lat="45.7473425" lon="7.5096071">
        <ele>531</ele>
      </trkpt>
      <trkpt lat="45.7473579" lon="7.5097197">
        <ele>531</ele>
      </trkpt>
      <trkpt lat="45.7473753" lon="7.5098143">
        <ele>531</ele>
      </trkpt>
      <trkpt lat="45.7474288" lon="7.5099188">
        <ele>531</ele>
      </trkpt>
      <trkpt lat="45.7475320" lon="7.5100393">
        <ele>531</ele>
      </trkpt>
      <trkpt lat="45.7476284" lon="7.5101379">
        <ele>531</ele>
      </trkpt>
      <trkpt lat="45.7477058" lon="7.5102081">
        <ele>531</ele>
      </trkpt>
      <trkpt lat="45.7478379" lon="7.5103287">
        <ele>531</ele>
      </trkpt>
      <trkpt lat="45.7478568" lon="7.5104013">
        <ele>531</ele>
      </trkpt>
      <trkpt lat="45.7478626" lon="7.5105184">
        <ele>531</ele>
      </trkpt>
      <trkpt lat="45.7478630" lon="7.5105273">
        <ele>531</ele>
      </trkpt>
      <trkpt lat="45.7478460" lon="7.5106037">
        <ele>531</ele>
      </trkpt>
      <trkpt lat="45.7477977" lon="7.5106990">
        <ele>531</ele>
      </trkpt>
      <trkpt lat="45.7477533" lon="7.5107428">
        <ele>531</ele>
      </trkpt>
      <trkpt lat="45.7476729" lon="7.5107863">
        <ele>531</ele>
      </trkpt>
      <trkpt lat="45.7475699" lon="7.5108296">
        <ele>531</ele>
      </trkpt>
      <trkpt lat="45.7475343" lon="7.5108563">
        <ele>531</ele>
      </trkpt>
      <trkpt lat="45.7474947" lon="7.5109256">
        <ele>531</ele>
      </trkpt>
      <trkpt lat="45.7474646" lon="7.5110373">
        <ele>531</ele>
      </trkpt>
      <trkpt lat="45.7474528" lon="7.5111658">
        <ele>531</ele>
      </trkpt>
      <trkpt lat="45.7474609" lon="7.5117915">
        <ele>531</ele>
      </trkpt>
      <trkpt lat="45.7474781" lon="7.5120726">
        <ele>532</ele>
      </trkpt>
      <trkpt lat="45.7475213" lon="7.5122824">
        <ele>532</ele>
      </trkpt>
      <trkpt lat="45.7475501" lon="7.5124178">
        <ele>532</ele>
      </trkpt>
      <trkpt lat="45.7475805" lon="7.5126749">
        <ele>532</ele>
      </trkpt>
      <trkpt lat="45.7475931" lon="7.5129526">
        <ele>532</ele>
      </trkpt>
      <trkpt lat="45.7475988" lon="7.5130481">
        <ele>532</ele>
      </trkpt>
      <trkpt lat="45.7476089" lon="7.5133214">
        <ele>532</ele>
      </trkpt>
      <trkpt lat="45.7476350" lon="7.5134645">
        <ele>532</ele>
      </trkpt>
      <trkpt lat="45.7476822" lon="7.5135746">
        <ele>532</ele>
      </trkpt>
      <trkpt lat="45.7477690" lon="7.5136779">
        <ele>532</ele>
      </trkpt>
      <trkpt lat="45.7478555" lon="7.5137560">
        <ele>532</ele>
      </trkpt>
      <trkpt lat="45.7479464" lon="7.5138203">
        <ele>532</ele>
      </trkpt>
      <trkpt lat="45.7479691" lon="7.5138385">
        <ele>532</ele>
      </trkpt>
      <trkpt lat="45.7480370" lon="7.5138669">
        <ele>532</ele>
      </trkpt>
      <trkpt lat="45.7480956" lon="7.5138782">
        <ele>532</ele>
      </trkpt>
      <trkpt lat="45.7481409" lon="7.5138991">
        <ele>532</ele>
      </trkpt>
      <trkpt lat="45.7481730" lon="7.5139440">
        <ele>532</ele>
      </trkpt>
      <trkpt lat="45.7482190" lon="7.5140187">
        <ele>532</ele>
      </trkpt>
      <trkpt lat="45.7482420" lon="7.5140559">
        <ele>532</ele>
      </trkpt>
      <trkpt lat="45.7482835" lon="7.5141391">
        <ele>532</ele>
      </trkpt>
      <trkpt lat="45.7483522" lon="7.5142273">
        <ele>532</ele>
      </trkpt>
      <trkpt lat="45.7484157" lon="7.5142690">
        <ele>532</ele>
      </trkpt>
      <trkpt lat="45.7485015" lon="7.5142912">
        <ele>532</ele>
      </trkpt>
      <trkpt lat="45.7485968" lon="7.5143494">
        <ele>532</ele>
      </trkpt>
      <trkpt lat="45.7486835" lon="7.5144403">
        <ele>532</ele>
      </trkpt>
      <trkpt lat="45.7487386" lon="7.5145256">
        <ele>532</ele>
      </trkpt>
      <trkpt lat="45.7487624" lon="7.5146274">
        <ele>532</ele>
      </trkpt>
      <trkpt lat="45.7487501" lon="7.5147153">
        <ele>532</ele>
      </trkpt>
      <trkpt lat="45.7487193" lon="7.5147704">
        <ele>532</ele>
      </trkpt>
      <trkpt lat="45.7486437" lon="7.5148423">
        <ele>532</ele>
      </trkpt>
      <trkpt lat="45.7485591" lon="7.5149076">
        <ele>532</ele>
      </trkpt>
      <trkpt lat="45.7484164" lon="7.5150130">
        <ele>532</ele>
      </trkpt>
      <trkpt lat="45.7483317" lon="7.5150707">
        <ele>532</ele>
      </trkpt>
      <trkpt lat="45.7482089" lon="7.5151478">
        <ele>532</ele>
      </trkpt>
      <trkpt lat="45.7480847" lon="7.5152635">
        <ele>532</ele>
      </trkpt>
      <trkpt lat="45.7480426" lon="7.5153250">
        <ele>532</ele>
      </trkpt>
      <trkpt lat="45.7479819" lon="7.5154470">
        <ele>532</ele>
      </trkpt>
      <trkpt lat="45.7478794" lon="7.5156849">
        <ele>532</ele>
      </trkpt>
      <trkpt lat="45.7478591" lon="7.5157594">
        <ele>532</ele>
      </trkpt>
      <trkpt lat="45.7478673" lon="7.5157943">
        <ele>532</ele>
      </trkpt>
      <trkpt lat="45.7478634" lon="7.5158381">
        <ele>532</ele>
      </trkpt>
      <trkpt lat="45.7478480" lon="7.5159429">
        <ele>532</ele>
      </trkpt>
      <trkpt lat="45.7477926" lon="7.5161838">
        <ele>532</ele>
      </trkpt>
      <trkpt lat="45.7476633" lon="7.5166235">
        <ele>532</ele>
      </trkpt>
      <trkpt lat="45.7475597" lon="7.5168675">
        <ele>532</ele>
      </trkpt>
      <trkpt lat="45.7474960" lon="7.5170868">
        <ele>532</ele>
      </trkpt>
      <trkpt lat="45.7474577" lon="7.5172521">
        <ele>532</ele>
      </trkpt>
      <trkpt lat="45.7474475" lon="7.5173660">
        <ele>532</ele>
      </trkpt>
      <trkpt lat="45.7474581" lon="7.5174562">
        <ele>532</ele>
      </trkpt>
      <trkpt lat="45.7474720" lon="7.5175444">
        <ele>532</ele>
      </trkpt>
      <trkpt lat="45.7475189" lon="7.5176449">
        <ele>532</ele>
      </trkpt>
      <trkpt lat="45.7474324" lon="7.5176743">
        <ele>532</ele>
      </trkpt>
      <trkpt lat="45.7473697" lon="7.5176836">
        <ele>532</ele>
      </trkpt>
      <trkpt lat="45.7473112" lon="7.5176637">
        <ele>532</ele>
      </trkpt>
      <trkpt lat="45.7472019" lon="7.5176199">
        <ele>532</ele>
      </trkpt>
      <trkpt lat="45.7471483" lon="7.5175881">
        <ele>533</ele>
      </trkpt>
      <trkpt lat="45.7471098" lon="7.5175719">
        <ele>533</ele>
      </trkpt>
      <trkpt lat="45.7470950" lon="7.5175817">
        <ele>533</ele>
      </trkpt>
      <trkpt lat="45.7470922" lon="7.5176016">
        <ele>533</ele>
      </trkpt>
      <trkpt lat="45.7471091" lon="7.5177212">
        <ele>533</ele>
      </trkpt>
      <trkpt lat="45.7471237" lon="7.5178220">
        <ele>533</ele>
      </trkpt>
      <trkpt lat="45.7471264" lon="7.5179010">
        <ele>533</ele>
      </trkpt>
      <trkpt lat="45.7471228" lon="7.5179667">
        <ele>533</ele>
      </trkpt>
      <trkpt lat="45.7471186" lon="7.5179867">
        <ele>533</ele>
      </trkpt>
      <trkpt lat="45.7471124" lon="7.5179999">
        <ele>533</ele>
      </trkpt>
      <trkpt lat="45.7471029" lon="7.5179994">
        <ele>533</ele>
      </trkpt>
      <trkpt lat="45.7470938" lon="7.5179862">
        <ele>533</ele>
      </trkpt>
      <trkpt lat="45.7470731" lon="7.5179553">
        <ele>533</ele>
      </trkpt>
      <trkpt lat="45.7470547" lon="7.5179485">
        <ele>533</ele>
      </trkpt>
      <trkpt lat="45.7470296" lon="7.5179558">
        <ele>533</ele>
      </trkpt>
      <trkpt lat="45.7470561" lon="7.5180342">
        <ele>533</ele>
      </trkpt>
      <trkpt lat="45.7470912" lon="7.5180669">
        <ele>533</ele>
      </trkpt>
      <trkpt lat="45.7471786" lon="7.5181200">
        <ele>533</ele>
      </trkpt>
      <trkpt lat="45.7472455" lon="7.5181628">
        <ele>533</ele>
      </trkpt>
      <trkpt lat="45.7473045" lon="7.5182015">
        <ele>533</ele>
      </trkpt>
      <trkpt lat="45.7473272" lon="7.5182197">
        <ele>533</ele>
      </trkpt>
      <trkpt lat="45.7473412" lon="7.5182555">
        <ele>533</ele>
      </trkpt>
      <trkpt lat="45.7473462" lon="7.5182960">
        <ele>533</ele>
      </trkpt>
      <trkpt lat="45.7473379" lon="7.5183448">
        <ele>533</ele>
      </trkpt>
      <trkpt lat="45.7473116" lon="7.5184046">
        <ele>533</ele>
      </trkpt>
      <trkpt lat="45.7472458" lon="7.5184270">
        <ele>533</ele>
      </trkpt>
      <trkpt lat="45.7471783" lon="7.5184291">
        <ele>533</ele>
      </trkpt>
      <trkpt lat="45.7470613" lon="7.5184298">
        <ele>533</ele>
      </trkpt>
      <trkpt lat="45.7469175" lon="7.5184449">
        <ele>533</ele>
      </trkpt>
      <trkpt lat="45.7468187" lon="7.5184660">
        <ele>533</ele>
      </trkpt>
      <trkpt lat="45.7466967" lon="7.5185257">
        <ele>533</ele>
      </trkpt>
      <trkpt lat="45.7466163" lon="7.5185600">
        <ele>533</ele>
      </trkpt>
      <trkpt lat="45.7466265" lon="7.5186863">
        <ele>533</ele>
      </trkpt>
      <trkpt lat="45.7466412" lon="7.5187681">
        <ele>533</ele>
      </trkpt>
      <trkpt lat="45.7466513" lon="7.5188228">
        <ele>533</ele>
      </trkpt>
      <trkpt lat="45.7466595" lon="7.5188592">
        <ele>533</ele>
      </trkpt>
      <trkpt lat="45.7466625" lon="7.5188982">
        <ele>533</ele>
      </trkpt>
      <trkpt lat="45.7466545" lon="7.5189350">
        <ele>533</ele>
      </trkpt>
      <trkpt lat="45.7466478" lon="7.5189523">
        <ele>533</ele>
      </trkpt>
      <trkpt lat="45.7466244" lon="7.5189895">
        <ele>533</ele>
      </trkpt>
      <trkpt lat="45.7465873" lon="7.5190308">
        <ele>533</ele>
      </trkpt>
      <trkpt lat="45.7465530" lon="7.5190841">
        <ele>533</ele>
      </trkpt>
      <trkpt lat="45.7465121" lon="7.5191585">
        <ele>533</ele>
      </trkpt>
      <trkpt lat="45.7464830" lon="7.5192251">
        <ele>533</ele>
      </trkpt>
      <trkpt lat="45.7464625" lon="7.5192879">
        <ele>533</ele>
      </trkpt>
      <trkpt lat="45.7464419" lon="7.5193470">
        <ele>533</ele>
      </trkpt>
      <trkpt lat="45.7464346" lon="7.5193777">
        <ele>533</ele>
      </trkpt>
      <trkpt lat="45.7464333" lon="7.5194120">
        <ele>533</ele>
      </trkpt>
      <trkpt lat="45.7464363" lon="7.5194399">
        <ele>533</ele>
      </trkpt>
      <trkpt lat="45.7464528" lon="7.5194639">
        <ele>533</ele>
      </trkpt>
      <trkpt lat="45.7464777" lon="7.5194755">
        <ele>533</ele>
      </trkpt>
      <trkpt lat="45.7465102" lon="7.5194770">
        <ele>533</ele>
      </trkpt>
      <trkpt lat="45.7465520" lon="7.5194686">
        <ele>533</ele>
      </trkpt>
      <trkpt lat="45.7465972" lon="7.5194589">
        <ele>533</ele>
      </trkpt>
      <trkpt lat="45.7466628" lon="7.5194498">
        <ele>533</ele>
      </trkpt>
      <trkpt lat="45.7466927" lon="7.5194478">
        <ele>534</ele>
      </trkpt>
      <trkpt lat="45.7467445" lon="7.5194562">
        <ele>534</ele>
      </trkpt>
      <trkpt lat="45.7467592" lon="7.5194692">
        <ele>534</ele>
      </trkpt>
      <trkpt lat="45.7467786" lon="7.5195114">
        <ele>534</ele>
      </trkpt>
      <trkpt lat="45.7467888" lon="7.5195771">
        <ele>534</ele>
      </trkpt>
      <trkpt lat="45.7467996" lon="7.5196818">
        <ele>534</ele>
      </trkpt>
      <trkpt lat="45.7468123" lon="7.5197388">
        <ele>534</ele>
      </trkpt>
      <trkpt lat="45.7468382" lon="7.5198260">
        <ele>534</ele>
      </trkpt>
      <trkpt lat="45.7468756" lon="7.5199458">
        <ele>534</ele>
      </trkpt>
      <trkpt lat="45.7469034" lon="7.5200085">
        <ele>534</ele>
      </trkpt>
      <trkpt lat="45.7469288" lon="7.5201275">
        <ele>534</ele>
      </trkpt>
      <trkpt lat="45.7469525" lon="7.5202379">
        <ele>534</ele>
      </trkpt>
      <trkpt lat="45.7469659" lon="7.5203523">
        <ele>534</ele>
      </trkpt>
      <trkpt lat="45.7469755" lon="7.5205009">
        <ele>534</ele>
      </trkpt>
      <trkpt lat="45.7469888" lon="7.5206049">
        <ele>534</ele>
      </trkpt>
      <trkpt lat="45.7469987" lon="7.5207060">
        <ele>534</ele>
      </trkpt>
      <trkpt lat="45.7469876" lon="7.5208393">
        <ele>534</ele>
      </trkpt>
      <trkpt lat="45.7469695" lon="7.5210247">
        <ele>534</ele>
      </trkpt>
      <trkpt lat="45.7469454" lon="7.5211413">
        <ele>534</ele>
      </trkpt>
      <trkpt lat="45.7469420" lon="7.5213745">
        <ele>534</ele>
      </trkpt>
      <trkpt lat="45.7471984" lon="7.5214458">
        <ele>534</ele>
      </trkpt>
      <trkpt lat="45.7472225" lon="7.5215294">
        <ele>534</ele>
      </trkpt>
      <trkpt lat="45.7473975" lon="7.5215113">
        <ele>534</ele>
      </trkpt>
      <trkpt lat="45.7474037" lon="7.5216595">
        <ele>534</ele>
      </trkpt>
      <trkpt lat="45.7474196" lon="7.5218360">
        <ele>534</ele>
      </trkpt>
      <trkpt lat="45.7474384" lon="7.5219667">
        <ele>534</ele>
      </trkpt>
      <trkpt lat="45.7474522" lon="7.5220457">
        <ele>534</ele>
      </trkpt>
      <trkpt lat="45.7474694" lon="7.5223131">
        <ele>534</ele>
      </trkpt>
      <trkpt lat="45.7474797" lon="7.5224495">
        <ele>534</ele>
      </trkpt>
      <trkpt lat="45.7474997" lon="7.5225418">
        <ele>534</ele>
      </trkpt>
      <trkpt lat="45.7475448" lon="7.5226285">
        <ele>534</ele>
      </trkpt>
      <trkpt lat="45.7475831" lon="7.5226860">
        <ele>534</ele>
      </trkpt>
      <trkpt lat="45.7476074" lon="7.5227806">
        <ele>534</ele>
      </trkpt>
      <trkpt lat="45.7476198" lon="7.5228742">
        <ele>534</ele>
      </trkpt>
      <trkpt lat="45.7476309" lon="7.5230070">
        <ele>534</ele>
      </trkpt>
      <trkpt lat="45.7476383" lon="7.5231215">
        <ele>534</ele>
      </trkpt>
      <trkpt lat="45.7476576" lon="7.5232951">
        <ele>534</ele>
      </trkpt>
      <trkpt lat="45.7476335" lon="7.5233372">
        <ele>534</ele>
      </trkpt>
      <trkpt lat="45.7475755" lon="7.5234437">
        <ele>534</ele>
      </trkpt>
      <trkpt lat="45.7474312" lon="7.5237030">
        <ele>534</ele>
      </trkpt>
      <trkpt lat="45.7473151" lon="7.5239012">
        <ele>534</ele>
      </trkpt>
      <trkpt lat="45.7472607" lon="7.5239951">
        <ele>534</ele>
      </trkpt>
      <trkpt lat="45.7472290" lon="7.5240524">
        <ele>534</ele>
      </trkpt>
      <trkpt lat="45.7473655" lon="7.5241875">
        <ele>534</ele>
      </trkpt>
      <trkpt lat="45.7475817" lon="7.5243762">
        <ele>534</ele>
      </trkpt>
      <trkpt lat="45.7477865" lon="7.5244922">
        <ele>534</ele>
      </trkpt>
      <trkpt lat="45.7479593" lon="7.5247175">
        <ele>534</ele>
      </trkpt>
      <trkpt lat="45.7480771" lon="7.5247511">
        <ele>534</ele>
      </trkpt>
      <trkpt lat="45.7481974" lon="7.5249368">
        <ele>534</ele>
      </trkpt>
      <trkpt lat="45.7484424" lon="7.5254462">
        <ele>534</ele>
      </trkpt>
      <trkpt lat="45.7486762" lon="7.5258480">
        <ele>534</ele>
      </trkpt>
      <trkpt lat="45.7488108" lon="7.5261994">
        <ele>534</ele>
      </trkpt>
      <trkpt lat="45.7491348" lon="7.5267742">
        <ele>534</ele>
      </trkpt>
      <trkpt lat="45.7491556" lon="7.5268137">
        <ele>534</ele>
      </trkpt>
      <trkpt lat="45.7491651" lon="7.5268584">
        <ele>534</ele>
      </trkpt>
      <trkpt lat="45.7491632" lon="7.5269136">
        <ele>535</ele>
      </trkpt>
      <trkpt lat="45.7491488" lon="7.5269821">
        <ele>535</ele>
      </trkpt>
      <trkpt lat="45.7491104" lon="7.5270605">
        <ele>535</ele>
      </trkpt>
      <trkpt lat="45.7490704" lon="7.5270913">
        <ele>535</ele>
      </trkpt>
      <trkpt lat="45.7490258" lon="7.5271156">
        <ele>535</ele>
      </trkpt>
      <trkpt lat="45.7489906" lon="7.5271057">
        <ele>535</ele>
      </trkpt>
      <trkpt lat="45.7488908" lon="7.5270550">
        <ele>535</ele>
      </trkpt>
      <trkpt lat="45.7487858" lon="7.5269075">
        <ele>535</ele>
      </trkpt>
      <trkpt lat="45.7485296" lon="7.5265927">
        <ele>535</ele>
      </trkpt>
      <trkpt lat="45.7484270" lon="7.5264635">
        <ele>535</ele>
      </trkpt>
      <trkpt lat="45.7483854" lon="7.5264134">
        <ele>535</ele>
      </trkpt>
      <trkpt lat="45.7483465" lon="7.5263779">
        <ele>535</ele>
      </trkpt>
      <trkpt lat="45.7483055" lon="7.5263753">
        <ele>535</ele>
      </trkpt>
      <trkpt lat="45.7482647" lon="7.5263910">
        <ele>535</ele>
      </trkpt>
      <trkpt lat="45.7482218" lon="7.5264397">
        <ele>535</ele>
      </trkpt>
      <trkpt lat="45.7481999" lon="7.5265012">
        <ele>535</ele>
      </trkpt>
      <trkpt lat="45.7481920" lon="7.5265887">
        <ele>535</ele>
      </trkpt>
      <trkpt lat="45.7482099" lon="7.5266948">
        <ele>535</ele>
      </trkpt>
      <trkpt lat="45.7482633" lon="7.5268616">
        <ele>535</ele>
      </trkpt>
      <trkpt lat="45.7483089" lon="7.5270214">
        <ele>535</ele>
      </trkpt>
      <trkpt lat="45.7483499" lon="7.5272215">
        <ele>535</ele>
      </trkpt>
      <trkpt lat="45.7484362" lon="7.5275343">
        <ele>535</ele>
      </trkpt>
      <trkpt lat="45.7484882" lon="7.5278700">
        <ele>535</ele>
      </trkpt>
      <trkpt lat="45.7484918" lon="7.5279007">
        <ele>535</ele>
      </trkpt>
      <trkpt lat="45.7484819" lon="7.5279646">
        <ele>535</ele>
      </trkpt>
      <trkpt lat="45.7484646" lon="7.5280169">
        <ele>535</ele>
      </trkpt>
      <trkpt lat="45.7484515" lon="7.5280494">
        <ele>535</ele>
      </trkpt>
      <trkpt lat="45.7484282" lon="7.5280798">
        <ele>535</ele>
      </trkpt>
      <trkpt lat="45.7483969" lon="7.5280947">
        <ele>535</ele>
      </trkpt>
      <trkpt lat="45.7483539" lon="7.5281137">
        <ele>535</ele>
      </trkpt>
      <trkpt lat="45.7482866" lon="7.5281295">
        <ele>535</ele>
      </trkpt>
      <trkpt lat="45.7481786" lon="7.5281304">
        <ele>535</ele>
      </trkpt>
      <trkpt lat="45.7480875" lon="7.5281148">
        <ele>535</ele>
      </trkpt>
      <trkpt lat="45.7479929" lon="7.5281020">
        <ele>535</ele>
      </trkpt>
      <trkpt lat="45.7479432" lon="7.5280908">
        <ele>535</ele>
      </trkpt>
      <trkpt lat="45.7478983" lon="7.5280924">
        <ele>535</ele>
      </trkpt>
      <trkpt lat="45.7478670" lon="7.5281085">
        <ele>535</ele>
      </trkpt>
      <trkpt lat="45.7478448" lon="7.5281356">
        <ele>535</ele>
      </trkpt>
      <trkpt lat="45.7478276" lon="7.5281999">
        <ele>535</ele>
      </trkpt>
      <trkpt lat="45.7478203" lon="7.5283991">
        <ele>535</ele>
      </trkpt>
      <trkpt lat="45.7478168" lon="7.5286881">
        <ele>535</ele>
      </trkpt>
      <trkpt lat="45.7478080" lon="7.5288398">
        <ele>535</ele>
      </trkpt>
      <trkpt lat="45.7478163" lon="7.5289256">
        <ele>535</ele>
      </trkpt>
      <trkpt lat="45.7478333" lon="7.5289900">
        <ele>535</ele>
      </trkpt>
      <trkpt lat="45.7478619" lon="7.5290490">
        <ele>535</ele>
      </trkpt>
      <trkpt lat="45.7479131" lon="7.5291105">
        <ele>535</ele>
      </trkpt>
      <trkpt lat="45.7480280" lon="7.5292333">
        <ele>535</ele>
      </trkpt>
      <trkpt lat="45.7481240" lon="7.5293480">
        <ele>535</ele>
      </trkpt>
      <trkpt lat="45.7481858" lon="7.5294352">
        <ele>535</ele>
      </trkpt>
      <trkpt lat="45.7482408" lon="7.5295384">
        <ele>535</ele>
      </trkpt>
      <trkpt lat="45.7482866" lon="7.5296708">
        <ele>535</ele>
      </trkpt>
      <trkpt lat="45.7483127" lon="7.5297792">
        <ele>535</ele>
      </trkpt>
      <trkpt lat="45.7483222" lon="7.5298408">
        <ele>535</ele>
      </trkpt>
      <trkpt lat="45.7483255" lon="7.5299007">
        <ele>535</ele>
      </trkpt>
      <trkpt lat="45.7483175" lon="7.5299817">
        <ele>535</ele>
      </trkpt>
      <trkpt lat="45.7482967" lon="7.5300282">
        <ele>535</ele>
      </trkpt>
      <trkpt lat="45.7482756" lon="7.5300113">
        <ele>536</ele>
      </trkpt>
      <trkpt lat="45.7482393" lon="7.5299917">
        <ele>536</ele>
      </trkpt>
      <trkpt lat="45.7481523" lon="7.5299581">
        <ele>536</ele>
      </trkpt>
      <trkpt lat="45.7480265" lon="7.5299173">
        <ele>536</ele>
      </trkpt>
      <trkpt lat="45.7479930" lon="7.5299054">
        <ele>536</ele>
      </trkpt>
      <trkpt lat="45.7479339" lon="7.5298905">
        <ele>536</ele>
      </trkpt>
      <trkpt lat="45.7478637" lon="7.5298646">
        <ele>536</ele>
      </trkpt>
      <trkpt lat="45.7478082" lon="7.5298450">
        <ele>536</ele>
      </trkpt>
      <trkpt lat="45.7476888" lon="7.5298102">
        <ele>536</ele>
      </trkpt>
      <trkpt lat="45.7476171" lon="7.5297905">
        <ele>536</ele>
      </trkpt>
      <trkpt lat="45.7475264" lon="7.5297637">
        <ele>536</ele>
      </trkpt>
      <trkpt lat="45.7474992" lon="7.5297596">
        <ele>536</ele>
      </trkpt>
      <trkpt lat="45.7474225" lon="7.5297227">
        <ele>536</ele>
      </trkpt>
      <trkpt lat="45.7473628" lon="7.5297134">
        <ele>536</ele>
      </trkpt>
      <trkpt lat="45.7473070" lon="7.5297462">
        <ele>536</ele>
      </trkpt>
      <trkpt lat="45.7472630" lon="7.5297576">
        <ele>536</ele>
      </trkpt>
      <trkpt lat="45.7471965" lon="7.5297527">
        <ele>536</ele>
      </trkpt>
      <trkpt lat="45.7470893" lon="7.5297160">
        <ele>536</ele>
      </trkpt>
      <trkpt lat="45.7470418" lon="7.5297172">
        <ele>536</ele>
      </trkpt>
      <trkpt lat="45.7469742" lon="7.5297387">
        <ele>536</ele>
      </trkpt>
      <trkpt lat="45.7469463" lon="7.5297430">
        <ele>536</ele>
      </trkpt>
      <trkpt lat="45.7468897" lon="7.5297522">
        <ele>536</ele>
      </trkpt>
      <trkpt lat="45.7467859" lon="7.5297287">
        <ele>536</ele>
      </trkpt>
      <trkpt lat="45.7467368" lon="7.5297321">
        <ele>536</ele>
      </trkpt>
      <trkpt lat="45.7467064" lon="7.5297462">
        <ele>536</ele>
      </trkpt>
      <trkpt lat="45.7466569" lon="7.5297809">
        <ele>536</ele>
      </trkpt>
      <trkpt lat="45.7466001" lon="7.5298285">
        <ele>536</ele>
      </trkpt>
      <trkpt lat="45.7465322" lon="7.5298467">
        <ele>536</ele>
      </trkpt>
      <trkpt lat="45.7464825" lon="7.5298614">
        <ele>536</ele>
      </trkpt>
      <trkpt lat="45.7464415" lon="7.5298804">
        <ele>536</ele>
      </trkpt>
      <trkpt lat="45.7464122" lon="7.5298996">
        <ele>536</ele>
      </trkpt>
      <trkpt lat="45.7463715" lon="7.5299433">
        <ele>536</ele>
      </trkpt>
      <trkpt lat="45.7463325" lon="7.5300094">
        <ele>536</ele>
      </trkpt>
      <trkpt lat="45.7463035" lon="7.5300904">
        <ele>536</ele>
      </trkpt>
      <trkpt lat="45.7462868" lon="7.5301329">
        <ele>536</ele>
      </trkpt>
      <trkpt lat="45.7462473" lon="7.5301852">
        <ele>536</ele>
      </trkpt>
      <trkpt lat="45.7462030" lon="7.5302315">
        <ele>536</ele>
      </trkpt>
      <trkpt lat="45.7461658" lon="7.5302705">
        <ele>536</ele>
      </trkpt>
      <trkpt lat="45.7461572" lon="7.5303015">
        <ele>536</ele>
      </trkpt>
      <trkpt lat="45.7461558" lon="7.5303657">
        <ele>536</ele>
      </trkpt>
      <trkpt lat="45.7461250" lon="7.5304513">
        <ele>536</ele>
      </trkpt>
      <trkpt lat="45.7461735" lon="7.5305232">
        <ele>536</ele>
      </trkpt>
      <trkpt lat="45.7462420" lon="7.5306132">
        <ele>536</ele>
      </trkpt>
      <trkpt lat="45.7462913" lon="7.5306776">
        <ele>536</ele>
      </trkpt>
      <trkpt lat="45.7464483" lon="7.5308212">
        <ele>536</ele>
      </trkpt>
      <trkpt lat="45.7463883" lon="7.5309592">
        <ele>536</ele>
      </trkpt>
      <trkpt lat="45.7463225" lon="7.5310933">
        <ele>536</ele>
      </trkpt>
      <trkpt lat="45.7462534" lon="7.5312152">
        <ele>536</ele>
      </trkpt>
      <trkpt lat="45.7462160" lon="7.5312986">
        <ele>536</ele>
      </trkpt>
      <trkpt lat="45.7461315" lon="7.5315058">
        <ele>536</ele>
      </trkpt>
      <trkpt lat="45.7461189" lon="7.5315367">
        <ele>536</ele>
      </trkpt>
      <trkpt lat="45.7461059" lon="7.5315748">
        <ele>536</ele>
      </trkpt>
      <trkpt lat="45.7460901" lon="7.5316439">
        <ele>536</ele>
      </trkpt>
      <trkpt lat="45.7460843" lon="7.5316826">
        <ele>536</ele>
      </trkpt>
      <trkpt lat="45.7460857" lon="7.5317184">
        <ele>536</ele>
      </trkpt>
      <trkpt lat="45.7461056" lon="7.5318673">
        <ele>537</ele>
      </trkpt>
      <trkpt lat="45.7461131" lon="7.5319263">
        <ele>537</ele>
      </trkpt>
      <trkpt lat="45.7462065" lon="7.5325688">
        <ele>537</ele>
      </trkpt>
      <trkpt lat="45.7462213" lon="7.5326769">
        <ele>537</ele>
      </trkpt>
      <trkpt lat="45.7462394" lon="7.5328601">
        <ele>537</ele>
      </trkpt>
      <trkpt lat="45.7462397" lon="7.5329723">
        <ele>537</ele>
      </trkpt>
      <trkpt lat="45.7462313" lon="7.5330203">
        <ele>537</ele>
      </trkpt>
      <trkpt lat="45.7462196" lon="7.5330556">
        <ele>537</ele>
      </trkpt>
      <trkpt lat="45.7462007" lon="7.5330882">
        <ele>537</ele>
      </trkpt>
      <trkpt lat="45.7461676" lon="7.5331045">
        <ele>537</ele>
      </trkpt>
      <trkpt lat="45.7461295" lon="7.5331081">
        <ele>537</ele>
      </trkpt>
      <trkpt lat="45.7460559" lon="7.5331036">
        <ele>537</ele>
      </trkpt>
      <trkpt lat="45.7459655" lon="7.5330963">
        <ele>537</ele>
      </trkpt>
      <trkpt lat="45.7458991" lon="7.5330981">
        <ele>537</ele>
      </trkpt>
      <trkpt lat="45.7457835" lon="7.5331528">
        <ele>537</ele>
      </trkpt>
      <trkpt lat="45.7457427" lon="7.5332431">
        <ele>537</ele>
      </trkpt>
      <trkpt lat="45.7457507" lon="7.5333533">
        <ele>537</ele>
      </trkpt>
      <trkpt lat="45.7457474" lon="7.5334482">
        <ele>537</ele>
      </trkpt>
      <trkpt lat="45.7457309" lon="7.5335644">
        <ele>537</ele>
      </trkpt>
      <trkpt lat="45.7456719" lon="7.5337183">
        <ele>537</ele>
      </trkpt>
      <trkpt lat="45.7456028" lon="7.5338219">
        <ele>537</ele>
      </trkpt>
      <trkpt lat="45.7455276" lon="7.5339271">
        <ele>537</ele>
      </trkpt>
      <trkpt lat="45.7454156" lon="7.5340887">
        <ele>537</ele>
      </trkpt>
      <trkpt lat="45.7453237" lon="7.5342156">
        <ele>537</ele>
      </trkpt>
      <trkpt lat="45.7452301" lon="7.5342572">
        <ele>537</ele>
      </trkpt>
      <trkpt lat="45.7451641" lon="7.5343000">
        <ele>537</ele>
      </trkpt>
      <trkpt lat="45.7451181" lon="7.5343603">
        <ele>537</ele>
      </trkpt>
      <trkpt lat="45.7450587" lon="7.5344862">
        <ele>537</ele>
      </trkpt>
      <trkpt lat="45.7450156" lon="7.5346344">
        <ele>537</ele>
      </trkpt>
      <trkpt lat="45.7449684" lon="7.5348136">
        <ele>537</ele>
      </trkpt>
      <trkpt lat="45.7449208" lon="7.5349639">
        <ele>537</ele>
      </trkpt>
      <trkpt lat="45.7448775" lon="7.5350976">
        <ele>537</ele>
      </trkpt>
      <trkpt lat="45.7448601" lon="7.5351398">
        <ele>537</ele>
      </trkpt>
      <trkpt lat="45.7448342" lon="7.5352289">
        <ele>537</ele>
      </trkpt>
      <trkpt lat="45.7448128" lon="7.5353166">
        <ele>537</ele>
      </trkpt>
      <trkpt lat="45.7448043" lon="7.5353506">
        <ele>537</ele>
      </trkpt>
      <trkpt lat="45.7447915" lon="7.5354056">
        <ele>537</ele>
      </trkpt>
      <trkpt lat="45.7447062" lon="7.5354219">
        <ele>537</ele>
      </trkpt>
      <trkpt lat="45.7447030" lon="7.5355244">
        <ele>537</ele>
      </trkpt>
      <trkpt lat="45.7447048" lon="7.5356617">
        <ele>537</ele>
      </trkpt>
      <trkpt lat="45.7447502" lon="7.5360474">
        <ele>537</ele>
      </trkpt>
      <trkpt lat="45.7447801" lon="7.5362728">
        <ele>537</ele>
      </trkpt>
      <trkpt lat="45.7447815" lon="7.5363816">
        <ele>537</ele>
      </trkpt>
      <trkpt lat="45.7447744" lon="7.5365345">
        <ele>537</ele>
      </trkpt>
      <trkpt lat="45.7447166" lon="7.5369381">
        <ele>537</ele>
      </trkpt>
      <trkpt lat="45.7446924" lon="7.5371573">
        <ele>537</ele>
      </trkpt>
      <trkpt lat="45.7446854" lon="7.5373089">
        <ele>537</ele>
      </trkpt>
      <trkpt lat="45.7446859" lon="7.5373491">
        <ele>537</ele>
      </trkpt>
      <trkpt lat="45.7447060" lon="7.5375160">
        <ele>537</ele>
      </trkpt>
      <trkpt lat="45.7447450" lon="7.5376637">
        <ele>537</ele>
      </trkpt>
      <trkpt lat="45.7447683" lon="7.5377311">
        <ele>537</ele>
      </trkpt>
      <trkpt lat="45.7448019" lon="7.5377670">
        <ele>537</ele>
      </trkpt>
      <trkpt lat="45.7448422" lon="7.5378165">
        <ele>537</ele>
      </trkpt>
      <trkpt lat="45.7448837" lon="7.5378481">
        <ele>537</ele>
      </trkpt>
      <trkpt lat="45.7449335" lon="7.5378565">
        <ele>537</ele>
      </trkpt>
      <trkpt lat="45.7449858" lon="7.5378654">
        <ele>538</ele>
      </trkpt>
      <trkpt lat="45.7450481" lon="7.5379080">
        <ele>538</ele>
      </trkpt>
      <trkpt lat="45.7450965" lon="7.5379645">
        <ele>538</ele>
      </trkpt>
      <trkpt lat="45.7451484" lon="7.5380451">
        <ele>538</ele>
      </trkpt>
      <trkpt lat="45.7451962" lon="7.5381934">
        <ele>538</ele>
      </trkpt>
      <trkpt lat="45.7452440" lon="7.5384152">
        <ele>538</ele>
      </trkpt>
      <trkpt lat="45.7452658" lon="7.5384980">
        <ele>538</ele>
      </trkpt>
      <trkpt lat="45.7453065" lon="7.5386366">
        <ele>538</ele>
      </trkpt>
      <trkpt lat="45.7453194" lon="7.5386759">
        <ele>538</ele>
      </trkpt>
      <trkpt lat="45.7454117" lon="7.5389089">
        <ele>538</ele>
      </trkpt>
      <trkpt lat="45.7454665" lon="7.5390426">
        <ele>538</ele>
      </trkpt>
      <trkpt lat="45.7454716" lon="7.5390939">
        <ele>538</ele>
      </trkpt>
      <trkpt lat="45.7454546" lon="7.5391755">
        <ele>538</ele>
      </trkpt>
      <trkpt lat="45.7453884" lon="7.5393351">
        <ele>538</ele>
      </trkpt>
      <trkpt lat="45.7453053" lon="7.5395010">
        <ele>538</ele>
      </trkpt>
      <trkpt lat="45.7452853" lon="7.5395528">
        <ele>538</ele>
      </trkpt>
      <trkpt lat="45.7452735" lon="7.5396148">
        <ele>538</ele>
      </trkpt>
      <trkpt lat="45.7452702" lon="7.5397574">
        <ele>538</ele>
      </trkpt>
      <trkpt lat="45.7452786" lon="7.5400107">
        <ele>538</ele>
      </trkpt>
      <trkpt lat="45.7452917" lon="7.5401894">
        <ele>538</ele>
      </trkpt>
      <trkpt lat="45.7453121" lon="7.5403587">
        <ele>538</ele>
      </trkpt>
      <trkpt lat="45.7453273" lon="7.5404896">
        <ele>538</ele>
      </trkpt>
      <trkpt lat="45.7453391" lon="7.5406684">
        <ele>538</ele>
      </trkpt>
      <trkpt lat="45.7453302" lon="7.5407418">
        <ele>538</ele>
      </trkpt>
      <trkpt lat="45.7453113" lon="7.5408116">
        <ele>538</ele>
      </trkpt>
      <trkpt lat="45.7452909" lon="7.5408636">
        <ele>538</ele>
      </trkpt>
      <trkpt lat="45.7452047" lon="7.5409709">
        <ele>538</ele>
      </trkpt>
      <trkpt lat="45.7451417" lon="7.5410259">
        <ele>538</ele>
      </trkpt>
      <trkpt lat="45.7451010" lon="7.5410751">
        <ele>538</ele>
      </trkpt>
      <trkpt lat="45.7450546" lon="7.5411726">
        <ele>538</ele>
      </trkpt>
      <trkpt lat="45.7449948" lon="7.5413353">
        <ele>538</ele>
      </trkpt>
      <trkpt lat="45.7449373" lon="7.5415277">
        <ele>538</ele>
      </trkpt>
      <trkpt lat="45.7449217" lon="7.5416275">
        <ele>538</ele>
      </trkpt>
      <trkpt lat="45.7449097" lon="7.5418321">
        <ele>538</ele>
      </trkpt>
      <trkpt lat="45.7449071" lon="7.5419808">
        <ele>538</ele>
      </trkpt>
      <trkpt lat="45.7449089" lon="7.5421405">
        <ele>538</ele>
      </trkpt>
      <trkpt lat="45.7449205" lon="7.5422693">
        <ele>538</ele>
      </trkpt>
      <trkpt lat="45.7449437" lon="7.5423832">
        <ele>538</ele>
      </trkpt>
      <trkpt lat="45.7449678" lon="7.5425075">
        <ele>538</ele>
      </trkpt>
      <trkpt lat="45.7450003" lon="7.5426112">
        <ele>538</ele>
      </trkpt>
      <trkpt lat="45.7450328" lon="7.5426661">
        <ele>538</ele>
      </trkpt>
      <trkpt lat="45.7450876" lon="7.5427273">
        <ele>538</ele>
      </trkpt>
      <trkpt lat="45.7451786" lon="7.5428013">
        <ele>538</ele>
      </trkpt>
      <trkpt lat="45.7452382" lon="7.5428885">
        <ele>538</ele>
      </trkpt>
      <trkpt lat="45.7452663" lon="7.5429758">
        <ele>538</ele>
      </trkpt>
      <trkpt lat="45.7452673" lon="7.5430569">
        <ele>538</ele>
      </trkpt>
      <trkpt lat="45.7452501" lon="7.5431168">
        <ele>538</ele>
      </trkpt>
      <trkpt lat="45.7452089" lon="7.5431803">
        <ele>538</ele>
      </trkpt>
      <trkpt lat="45.7451436" lon="7.5432357">
        <ele>538</ele>
      </trkpt>
      <trkpt lat="45.7450605" lon="7.5433139">
        <ele>538</ele>
      </trkpt>
      <trkpt lat="45.7449912" lon="7.5433559">
        <ele>538</ele>
      </trkpt>
      <trkpt lat="45.7449468" lon="7.5434045">
        <ele>538</ele>
      </trkpt>
      <trkpt lat="45.7449187" lon="7.5434491">
        <ele>538</ele>
      </trkpt>
      <trkpt lat="45.7448956" lon="7.5435462">
        <ele>538</ele>
      </trkpt>
      <trkpt lat="45.7448921" lon="7.5437605">
        <ele>538</ele>
      </trkpt>
      <trkpt lat="45.7449018" lon="7.5439656">
        <ele>538</ele>
      </trkpt>
      <trkpt lat="45.7449126" lon="7.5441040">
        <ele>539</ele>
      </trkpt>
      <trkpt lat="45.7449224" lon="7.5442421">
        <ele>539</ele>
      </trkpt>
      <trkpt lat="45.7449019" lon="7.5443957">
        <ele>539</ele>
      </trkpt>
      <trkpt lat="45.7448590" lon="7.5445640">
        <ele>539</ele>
      </trkpt>
      <trkpt lat="45.7448382" lon="7.5446975">
        <ele>539</ele>
      </trkpt>
      <trkpt lat="45.7448396" lon="7.5448047">
        <ele>539</ele>
      </trkpt>
      <trkpt lat="45.7448612" lon="7.5451299">
        <ele>539</ele>
      </trkpt>
      <trkpt lat="45.7448709" lon="7.5452567">
        <ele>539</ele>
      </trkpt>
      <trkpt lat="45.7448914" lon="7.5453483">
        <ele>539</ele>
      </trkpt>
      <trkpt lat="45.7448626" lon="7.5453814">
        <ele>539</ele>
      </trkpt>
      <trkpt lat="45.7448430" lon="7.5454261">
        <ele>539</ele>
      </trkpt>
      <trkpt lat="45.7447964" lon="7.5456543">
        <ele>539</ele>
      </trkpt>
      <trkpt lat="45.7447692" lon="7.5458120">
        <ele>539</ele>
      </trkpt>
      <trkpt lat="45.7447534" lon="7.5459774">
        <ele>539</ele>
      </trkpt>
      <trkpt lat="45.7447570" lon="7.5460928">
        <ele>539</ele>
      </trkpt>
      <trkpt lat="45.7447436" lon="7.5464496">
        <ele>539</ele>
      </trkpt>
      <trkpt lat="45.7447549" lon="7.5466377">
        <ele>539</ele>
      </trkpt>
      <trkpt lat="45.7447931" lon="7.5468085">
        <ele>539</ele>
      </trkpt>
      <trkpt lat="45.7448055" lon="7.5468978">
        <ele>539</ele>
      </trkpt>
      <trkpt lat="45.7448044" lon="7.5469866">
        <ele>539</ele>
      </trkpt>
      <trkpt lat="45.7447832" lon="7.5470880">
        <ele>539</ele>
      </trkpt>
      <trkpt lat="45.7447571" lon="7.5471642">
        <ele>539</ele>
      </trkpt>
      <trkpt lat="45.7447058" lon="7.5473748">
        <ele>539</ele>
      </trkpt>
      <trkpt lat="45.7446896" lon="7.5474840">
        <ele>539</ele>
      </trkpt>
      <trkpt lat="45.7446911" lon="7.5476701">
        <ele>539</ele>
      </trkpt>
      <trkpt lat="45.7447162" lon="7.5478810">
        <ele>539</ele>
      </trkpt>
      <trkpt lat="45.7447494" lon="7.5480138">
        <ele>539</ele>
      </trkpt>
      <trkpt lat="45.7447681" lon="7.5480748">
        <ele>539</ele>
      </trkpt>
      <trkpt lat="45.7448292" lon="7.5482777">
        <ele>539</ele>
      </trkpt>
      <trkpt lat="45.7448669" lon="7.5484121">
        <ele>539</ele>
      </trkpt>
      <trkpt lat="45.7448785" lon="7.5484686">
        <ele>539</ele>
      </trkpt>
      <trkpt lat="45.7448811" lon="7.5485318">
        <ele>539</ele>
      </trkpt>
      <trkpt lat="45.7448736" lon="7.5485922">
        <ele>539</ele>
      </trkpt>
      <trkpt lat="45.7448428" lon="7.5486748">
        <ele>539</ele>
      </trkpt>
      <trkpt lat="45.7448093" lon="7.5487227">
        <ele>539</ele>
      </trkpt>
      <trkpt lat="45.7447011" lon="7.5488973">
        <ele>539</ele>
      </trkpt>
      <trkpt lat="45.7446715" lon="7.5489418">
        <ele>539</ele>
      </trkpt>
      <trkpt lat="45.7446582" lon="7.5489616">
        <ele>539</ele>
      </trkpt>
      <trkpt lat="45.7446097" lon="7.5490324">
        <ele>539</ele>
      </trkpt>
      <trkpt lat="45.7446010" lon="7.5490456">
        <ele>539</ele>
      </trkpt>
      <trkpt lat="45.7445709" lon="7.5490843">
        <ele>539</ele>
      </trkpt>
      <trkpt lat="45.7445455" lon="7.5491213">
        <ele>539</ele>
      </trkpt>
      <trkpt lat="45.7445167" lon="7.5491444">
        <ele>539</ele>
      </trkpt>
      <trkpt lat="45.7444969" lon="7.5491584">
        <ele>539</ele>
      </trkpt>
      <trkpt lat="45.7444677" lon="7.5491621">
        <ele>539</ele>
      </trkpt>
      <trkpt lat="45.7444501" lon="7.5491517">
        <ele>539</ele>
      </trkpt>
      <trkpt lat="45.7444486" lon="7.5492535">
        <ele>539</ele>
      </trkpt>
      <trkpt lat="45.7444789" lon="7.5494159">
        <ele>539</ele>
      </trkpt>
      <trkpt lat="45.7445157" lon="7.5495946">
        <ele>539</ele>
      </trkpt>
      <trkpt lat="45.7445010" lon="7.5498750">
        <ele>539</ele>
      </trkpt>
      <trkpt lat="45.7444880" lon="7.5501242">
        <ele>539</ele>
      </trkpt>
      <trkpt lat="45.7444798" lon="7.5502926">
        <ele>539</ele>
      </trkpt>
      <trkpt lat="45.7445139" lon="7.5508121">
        <ele>539</ele>
      </trkpt>
      <trkpt lat="45.7445224" lon="7.5509267">
        <ele>539</ele>
      </trkpt>
      <trkpt lat="45.7445363" lon="7.5510650">
        <ele>539</ele>
      </trkpt>
      <trkpt lat="45.7445373" lon="7.5510771">
        <ele>540</ele>
      </trkpt>
      <trkpt lat="45.7445447" lon="7.5512029">
        <ele>540</ele>
      </trkpt>
      <trkpt lat="45.7445507" lon="7.5515762">
        <ele>540</ele>
      </trkpt>
      <trkpt lat="45.7445594" lon="7.5517635">
        <ele>540</ele>
      </trkpt>
      <trkpt lat="45.7445977" lon="7.5519844">
        <ele>540</ele>
      </trkpt>
      <trkpt lat="45.7446622" lon="7.5524298">
        <ele>540</ele>
      </trkpt>
      <trkpt lat="45.7446687" lon="7.5524804">
        <ele>540</ele>
      </trkpt>
      <trkpt lat="45.7446686" lon="7.5525892">
        <ele>540</ele>
      </trkpt>
      <trkpt lat="45.7446681" lon="7.5526800">
        <ele>540</ele>
      </trkpt>
      <trkpt lat="45.7446613" lon="7.5527832">
        <ele>540</ele>
      </trkpt>
      <trkpt lat="45.7445816" lon="7.5532327">
        <ele>540</ele>
      </trkpt>
      <trkpt lat="45.7445528" lon="7.5534070">
        <ele>540</ele>
      </trkpt>
      <trkpt lat="45.7445237" lon="7.5535958">
        <ele>540</ele>
      </trkpt>
      <trkpt lat="45.7444815" lon="7.5538977">
        <ele>540</ele>
      </trkpt>
      <trkpt lat="45.7444774" lon="7.5542052">
        <ele>540</ele>
      </trkpt>
      <trkpt lat="45.7444899" lon="7.5544776">
        <ele>540</ele>
      </trkpt>
      <trkpt lat="45.7444887" lon="7.5548385">
        <ele>540</ele>
      </trkpt>
      <trkpt lat="45.7444864" lon="7.5549426">
        <ele>540</ele>
      </trkpt>
      <trkpt lat="45.7444856" lon="7.5552720">
        <ele>540</ele>
      </trkpt>
      <trkpt lat="45.7444917" lon="7.5555293">
        <ele>540</ele>
      </trkpt>
      <trkpt lat="45.7444915" lon="7.5556754">
        <ele>540</ele>
      </trkpt>
      <trkpt lat="45.7444903" lon="7.5558869">
        <ele>540</ele>
      </trkpt>
      <trkpt lat="45.7444865" lon="7.5560083">
        <ele>540</ele>
      </trkpt>
      <trkpt lat="45.7444893" lon="7.5562073">
        <ele>540</ele>
      </trkpt>
      <trkpt lat="45.7444883" lon="7.5568422">
        <ele>540</ele>
      </trkpt>
      <trkpt lat="45.7444814" lon="7.5570936">
        <ele>540</ele>
      </trkpt>
      <trkpt lat="45.7444819" lon="7.5571334">
        <ele>540</ele>
      </trkpt>
      <trkpt lat="45.7444881" lon="7.5575420">
        <ele>540</ele>
      </trkpt>
      <trkpt lat="45.7444901" lon="7.5576954">
        <ele>540</ele>
      </trkpt>
      <trkpt lat="45.7445003" lon="7.5577916">
        <ele>540</ele>
      </trkpt>
      <trkpt lat="45.7445305" lon="7.5579233">
        <ele>540</ele>
      </trkpt>
      <trkpt lat="45.7445753" lon="7.5580287">
        <ele>540</ele>
      </trkpt>
      <trkpt lat="45.7446390" lon="7.5580857">
        <ele>540</ele>
      </trkpt>
      <trkpt lat="45.7447214" lon="7.5581944">
        <ele>540</ele>
      </trkpt>
      <trkpt lat="45.7448101" lon="7.5583551">
        <ele>540</ele>
      </trkpt>
      <trkpt lat="45.7448991" lon="7.5585117">
        <ele>540</ele>
      </trkpt>
      <trkpt lat="45.7449401" lon="7.5586246">
        <ele>540</ele>
      </trkpt>
      <trkpt lat="45.7449614" lon="7.5586691">
        <ele>540</ele>
      </trkpt>
      <trkpt lat="45.7449751" lon="7.5587700">
        <ele>540</ele>
      </trkpt>
      <trkpt lat="45.7449785" lon="7.5589579">
        <ele>540</ele>
      </trkpt>
      <trkpt lat="45.7449857" lon="7.5591490">
        <ele>540</ele>
      </trkpt>
      <trkpt lat="45.7450470" lon="7.5593924">
        <ele>540</ele>
      </trkpt>
      <trkpt lat="45.7450847" lon="7.5595265">
        <ele>540</ele>
      </trkpt>
      <trkpt lat="45.7451513" lon="7.5598096">
        <ele>540</ele>
      </trkpt>
      <trkpt lat="45.7451841" lon="7.5599132">
        <ele>540</ele>
      </trkpt>
      <trkpt lat="45.7452503" lon="7.5600994">
        <ele>540</ele>
      </trkpt>
      <trkpt lat="45.7453003" lon="7.5602099">
        <ele>540</ele>
      </trkpt>
      <trkpt lat="45.7453287" lon="7.5603233">
        <ele>540</ele>
      </trkpt>
      <trkpt lat="45.7453458" lon="7.5606040">
        <ele>540</ele>
      </trkpt>
      <trkpt lat="45.7453623" lon="7.5608450">
        <ele>540</ele>
      </trkpt>
      <trkpt lat="45.7453569" lon="7.5610676">
        <ele>540</ele>
      </trkpt>
      <trkpt lat="45.7453581" lon="7.5612208">
        <ele>540</ele>
      </trkpt>
      <trkpt lat="45.7453510" lon="7.5613752">
        <ele>540</ele>
      </trkpt>
      <trkpt lat="45.7453302" lon="7.5615067">
        <ele>540</ele>
      </trkpt>
      <trkpt lat="45.7452915" lon="7.5616543">
        <ele>540</ele>
      </trkpt>
      <trkpt lat="45.7452703" lon="7.5617589">
        <ele>541</ele>
      </trkpt>
      <trkpt lat="45.7452677" lon="7.5618337">
        <ele>541</ele>
      </trkpt>
      <trkpt lat="45.7452864" lon="7.5619622">
        <ele>541</ele>
      </trkpt>
      <trkpt lat="45.7453258" lon="7.5622299">
        <ele>541</ele>
      </trkpt>
      <trkpt lat="45.7453360" lon="7.5623289">
        <ele>541</ele>
      </trkpt>
      <trkpt lat="45.7453807" lon="7.5626652">
        <ele>541</ele>
      </trkpt>
      <trkpt lat="45.7453952" lon="7.5627407">
        <ele>541</ele>
      </trkpt>
      <trkpt lat="45.7454335" lon="7.5629205">
        <ele>541</ele>
      </trkpt>
      <trkpt lat="45.7454756" lon="7.5630540">
        <ele>541</ele>
      </trkpt>
      <trkpt lat="45.7455171" lon="7.5631313">
        <ele>541</ele>
      </trkpt>
      <trkpt lat="45.7456003" lon="7.5633063">
        <ele>541</ele>
      </trkpt>
      <trkpt lat="45.7457021" lon="7.5635271">
        <ele>541</ele>
      </trkpt>
      <trkpt lat="45.7458503" lon="7.5638591">
        <ele>541</ele>
      </trkpt>
      <trkpt lat="45.7459243" lon="7.5640171">
        <ele>541</ele>
      </trkpt>
      <trkpt lat="45.7460027" lon="7.5641718">
        <ele>541</ele>
      </trkpt>
      <trkpt lat="45.7461069" lon="7.5643669">
        <ele>541</ele>
      </trkpt>
      <trkpt lat="45.7461456" lon="7.5644393">
        <ele>541</ele>
      </trkpt>
      <trkpt lat="45.7462246" lon="7.5646357">
        <ele>541</ele>
      </trkpt>
      <trkpt lat="45.7462855" lon="7.5648310">
        <ele>541</ele>
      </trkpt>
      <trkpt lat="45.7463091" lon="7.5649164">
        <ele>541</ele>
      </trkpt>
      <trkpt lat="45.7463799" lon="7.5651749">
        <ele>541</ele>
      </trkpt>
      <trkpt lat="45.7463994" lon="7.5652985">
        <ele>541</ele>
      </trkpt>
      <trkpt lat="45.7464062" lon="7.5654812">
        <ele>541</ele>
      </trkpt>
      <trkpt lat="45.7464081" lon="7.5656294">
        <ele>541</ele>
      </trkpt>
      <trkpt lat="45.7464085" lon="7.5657394">
        <ele>541</ele>
      </trkpt>
      <trkpt lat="45.7464483" lon="7.5659053">
        <ele>541</ele>
      </trkpt>
      <trkpt lat="45.7464646" lon="7.5659858">
        <ele>541</ele>
      </trkpt>
      <trkpt lat="45.7464801" lon="7.5660580">
        <ele>541</ele>
      </trkpt>
      <trkpt lat="45.7464922" lon="7.5660813">
        <ele>541</ele>
      </trkpt>
      <trkpt lat="45.7465265" lon="7.5660804">
        <ele>541</ele>
      </trkpt>
      <trkpt lat="45.7465676" lon="7.5661519">
        <ele>541</ele>
      </trkpt>
      <trkpt lat="45.7466001" lon="7.5662282">
        <ele>541</ele>
      </trkpt>
      <trkpt lat="45.7466194" lon="7.5663310">
        <ele>541</ele>
      </trkpt>
      <trkpt lat="45.7466295" lon="7.5664231">
        <ele>541</ele>
      </trkpt>
      <trkpt lat="45.7466264" lon="7.5665313">
        <ele>541</ele>
      </trkpt>
      <trkpt lat="45.7466147" lon="7.5666762">
        <ele>541</ele>
      </trkpt>
      <trkpt lat="45.7465948" lon="7.5668824">
        <ele>541</ele>
      </trkpt>
      <trkpt lat="45.7465889" lon="7.5669510">
        <ele>541</ele>
      </trkpt>
      <trkpt lat="45.7465908" lon="7.5670706">
        <ele>541</ele>
      </trkpt>
      <trkpt lat="45.7466206" lon="7.5673022">
        <ele>541</ele>
      </trkpt>
      <trkpt lat="45.7466589" lon="7.5673455">
        <ele>541</ele>
      </trkpt>
      <trkpt lat="45.7467009" lon="7.5674664">
        <ele>541</ele>
      </trkpt>
      <trkpt lat="45.7467218" lon="7.5675532">
        <ele>541</ele>
      </trkpt>
      <trkpt lat="45.7467279" lon="7.5676040">
        <ele>541</ele>
      </trkpt>
      <trkpt lat="45.7466580" lon="7.5678099">
        <ele>541</ele>
      </trkpt>
      <trkpt lat="45.7466648" lon="7.5679148">
        <ele>541</ele>
      </trkpt>
      <trkpt lat="45.7466664" lon="7.5680385">
        <ele>541</ele>
      </trkpt>
      <trkpt lat="45.7466778" lon="7.5681726">
        <ele>541</ele>
      </trkpt>
      <trkpt lat="45.7466964" lon="7.5683296">
        <ele>541</ele>
      </trkpt>
      <trkpt lat="45.7467231" lon="7.5684324">
        <ele>541</ele>
      </trkpt>
      <trkpt lat="45.7467745" lon="7.5686995">
        <ele>541</ele>
      </trkpt>
      <trkpt lat="45.7468101" lon="7.5689536">
        <ele>541</ele>
      </trkpt>
      <trkpt lat="45.7468685" lon="7.5692002">
        <ele>541</ele>
      </trkpt>
      <trkpt lat="45.7468993" lon="7.5693469">
        <ele>541</ele>
      </trkpt>
      <trkpt lat="45.7469175" lon="7.5694106">
        <ele>541</ele>
      </trkpt>
      <trkpt lat="45.7470711" lon="7.5696214">
        <ele>542</ele>
      </trkpt>
      <trkpt lat="45.7471222" lon="7.5697158">
        <ele>542</ele>
      </trkpt>
      <trkpt lat="45.7472103" lon="7.5698679">
        <ele>542</ele>
      </trkpt>
      <trkpt lat="45.7472657" lon="7.5699565">
        <ele>542</ele>
      </trkpt>
      <trkpt lat="45.7473344" lon="7.5700903">
        <ele>542</ele>
      </trkpt>
      <trkpt lat="45.7473642" lon="7.5701432">
        <ele>542</ele>
      </trkpt>
      <trkpt lat="45.7473846" lon="7.5702123">
        <ele>542</ele>
      </trkpt>
      <trkpt lat="45.7473898" lon="7.5702975">
        <ele>542</ele>
      </trkpt>
      <trkpt lat="45.7473918" lon="7.5703839">
        <ele>542</ele>
      </trkpt>
      <trkpt lat="45.7473964" lon="7.5704375">
        <ele>542</ele>
      </trkpt>
      <trkpt lat="45.7474103" lon="7.5704646">
        <ele>542</ele>
      </trkpt>
      <trkpt lat="45.7474262" lon="7.5704773">
        <ele>542</ele>
      </trkpt>
      <trkpt lat="45.7474516" lon="7.5704742">
        <ele>542</ele>
      </trkpt>
      <trkpt lat="45.7474555" lon="7.5704435">
        <ele>542</ele>
      </trkpt>
      <trkpt lat="45.7475144" lon="7.5705276">
        <ele>542</ele>
      </trkpt>
      <trkpt lat="45.7475288" lon="7.5706997">
        <ele>542</ele>
      </trkpt>
      <trkpt lat="45.7475151" lon="7.5709680">
        <ele>542</ele>
      </trkpt>
      <trkpt lat="45.7474802" lon="7.5713652">
        <ele>542</ele>
      </trkpt>
      <trkpt lat="45.7474282" lon="7.5714500">
        <ele>542</ele>
      </trkpt>
      <trkpt lat="45.7472837" lon="7.5719433">
        <ele>542</ele>
      </trkpt>
      <trkpt lat="45.7472992" lon="7.5721810">
        <ele>542</ele>
      </trkpt>
      <trkpt lat="45.7473482" lon="7.5724900">
        <ele>542</ele>
      </trkpt>
      <trkpt lat="45.7473102" lon="7.5727741">
        <ele>542</ele>
      </trkpt>
      <trkpt lat="45.7474252" lon="7.5730640">
        <ele>542</ele>
      </trkpt>
      <trkpt lat="45.7474352" lon="7.5731731">
        <ele>542</ele>
      </trkpt>
      <trkpt lat="45.7474353" lon="7.5735105">
        <ele>542</ele>
      </trkpt>
      <trkpt lat="45.7473472" lon="7.5737867">
        <ele>542</ele>
      </trkpt>
      <trkpt lat="45.7472125" lon="7.5740446">
        <ele>542</ele>
      </trkpt>
      <trkpt lat="45.7471411" lon="7.5741958">
        <ele>542</ele>
      </trkpt>
      <trkpt lat="45.7471184" lon="7.5742440">
        <ele>542</ele>
      </trkpt>
      <trkpt lat="45.7469747" lon="7.5744149">
        <ele>542</ele>
      </trkpt>
      <trkpt lat="45.7469030" lon="7.5747717">
        <ele>542</ele>
      </trkpt>
      <trkpt lat="45.7468369" lon="7.5750053">
        <ele>542</ele>
      </trkpt>
      <trkpt lat="45.7467908" lon="7.5751570">
        <ele>542</ele>
      </trkpt>
      <trkpt lat="45.7467575" lon="7.5752269">
        <ele>542</ele>
      </trkpt>
      <trkpt lat="45.7467206" lon="7.5753212">
        <ele>542</ele>
      </trkpt>
      <trkpt lat="45.7466664" lon="7.5755352">
        <ele>542</ele>
      </trkpt>
      <trkpt lat="45.7466884" lon="7.5757345">
        <ele>542</ele>
      </trkpt>
      <trkpt lat="45.7466849" lon="7.5758024">
        <ele>542</ele>
      </trkpt>
      <trkpt lat="45.7466932" lon="7.5759008">
        <ele>542</ele>
      </trkpt>
      <trkpt lat="45.7466890" lon="7.5759573">
        <ele>542</ele>
      </trkpt>
      <trkpt lat="45.7466829" lon="7.5760176">
        <ele>542</ele>
      </trkpt>
      <trkpt lat="45.7466825" lon="7.5761586">
        <ele>542</ele>
      </trkpt>
      <trkpt lat="45.7467010" lon="7.5762728">
        <ele>542</ele>
      </trkpt>
      <trkpt lat="45.7467155" lon="7.5763707">
        <ele>542</ele>
      </trkpt>
      <trkpt lat="45.7467765" lon="7.5765998">
        <ele>542</ele>
      </trkpt>
      <trkpt lat="45.7467831" lon="7.5767180">
        <ele>542</ele>
      </trkpt>
      <trkpt lat="45.7467867" lon="7.5768009">
        <ele>542</ele>
      </trkpt>
      <trkpt lat="45.7467688" lon="7.5769423">
        <ele>542</ele>
      </trkpt>
      <trkpt lat="45.7467164" lon="7.5771292">
        <ele>542</ele>
      </trkpt>
      <trkpt lat="45.7466698" lon="7.5772292">
        <ele>542</ele>
      </trkpt>
      <trkpt lat="45.7466510" lon="7.5772974">
        <ele>542</ele>
      </trkpt>
      <trkpt lat="45.7466355" lon="7.5773589">
        <ele>542</ele>
      </trkpt>
      <trkpt lat="45.7466305" lon="7.5774993">
        <ele>542</ele>
      </trkpt>
      <trkpt lat="45.7466381" lon="7.5776297">
        <ele>542</ele>
      </trkpt>
      <trkpt lat="45.7466207" lon="7.5778169">
        <ele>542</ele>
      </trkpt>
      <trkpt lat="45.7466190" lon="7.5779561">
        <ele>543</ele>
      </trkpt>
      <trkpt lat="45.7466330" lon="7.5780485">
        <ele>543</ele>
      </trkpt>
      <trkpt lat="45.7466461" lon="7.5781409">
        <ele>543</ele>
      </trkpt>
      <trkpt lat="45.7466370" lon="7.5783004">
        <ele>543</ele>
      </trkpt>
      <trkpt lat="45.7466125" lon="7.5784634">
        <ele>543</ele>
      </trkpt>
      <trkpt lat="45.7465845" lon="7.5786856">
        <ele>543</ele>
      </trkpt>
      <trkpt lat="45.7465445" lon="7.5788306">
        <ele>543</ele>
      </trkpt>
      <trkpt lat="45.7464924" lon="7.5789381">
        <ele>543</ele>
      </trkpt>
      <trkpt lat="45.7464117" lon="7.5791187">
        <ele>543</ele>
      </trkpt>
      <trkpt lat="45.7464978" lon="7.5791632">
        <ele>543</ele>
      </trkpt>
      <trkpt lat="45.7465410" lon="7.5792036">
        <ele>543</ele>
      </trkpt>
      <trkpt lat="45.7465767" lon="7.5792539">
        <ele>543</ele>
      </trkpt>
      <trkpt lat="45.7465925" lon="7.5792901">
        <ele>543</ele>
      </trkpt>
      <trkpt lat="45.7466145" lon="7.5794080">
        <ele>543</ele>
      </trkpt>
      <trkpt lat="45.7466271" lon="7.5794577">
        <ele>543</ele>
      </trkpt>
      <trkpt lat="45.7466655" lon="7.5795299">
        <ele>543</ele>
      </trkpt>
      <trkpt lat="45.7466978" lon="7.5795779">
        <ele>543</ele>
      </trkpt>
      <trkpt lat="45.7467072" lon="7.5796473">
        <ele>543</ele>
      </trkpt>
      <trkpt lat="45.7467052" lon="7.5797608">
        <ele>543</ele>
      </trkpt>
      <trkpt lat="45.7467045" lon="7.5798475">
        <ele>543</ele>
      </trkpt>
      <trkpt lat="45.7467189" lon="7.5799765">
        <ele>543</ele>
      </trkpt>
      <trkpt lat="45.7467338" lon="7.5800725">
        <ele>543</ele>
      </trkpt>
      <trkpt lat="45.7467487" lon="7.5801734">
        <ele>543</ele>
      </trkpt>
      <trkpt lat="45.7467765" lon="7.5802740">
        <ele>543</ele>
      </trkpt>
      <trkpt lat="45.7468096" lon="7.5803940">
        <ele>543</ele>
      </trkpt>
      <trkpt lat="45.7468530" lon="7.5804820">
        <ele>543</ele>
      </trkpt>
      <trkpt lat="45.7468601" lon="7.5805087">
        <ele>543</ele>
      </trkpt>
      <trkpt lat="45.7468538" lon="7.5805516">
        <ele>543</ele>
      </trkpt>
      <trkpt lat="45.7468082" lon="7.5807321">
        <ele>543</ele>
      </trkpt>
      <trkpt lat="45.7467654" lon="7.5809316">
        <ele>543</ele>
      </trkpt>
      <trkpt lat="45.7467536" lon="7.5810075">
        <ele>543</ele>
      </trkpt>
      <trkpt lat="45.7466810" lon="7.5811168">
        <ele>543</ele>
      </trkpt>
      <trkpt lat="45.7466565" lon="7.5812114">
        <ele>543</ele>
      </trkpt>
      <trkpt lat="45.7466463" lon="7.5813471">
        <ele>543</ele>
      </trkpt>
      <trkpt lat="45.7466428" lon="7.5814131">
        <ele>543</ele>
      </trkpt>
      <trkpt lat="45.7466371" lon="7.5815035">
        <ele>543</ele>
      </trkpt>
      <trkpt lat="45.7466217" lon="7.5815674">
        <ele>543</ele>
      </trkpt>
      <trkpt lat="45.7465988" lon="7.5816571">
        <ele>543</ele>
      </trkpt>
      <trkpt lat="45.7465829" lon="7.5817515">
        <ele>543</ele>
      </trkpt>
      <trkpt lat="45.7465915" lon="7.5818232">
        <ele>543</ele>
      </trkpt>
      <trkpt lat="45.7466356" lon="7.5820015">
        <ele>543</ele>
      </trkpt>
      <trkpt lat="45.7466367" lon="7.5820943">
        <ele>543</ele>
      </trkpt>
      <trkpt lat="45.7466253" lon="7.5822020">
        <ele>543</ele>
      </trkpt>
      <trkpt lat="45.7466119" lon="7.5822938">
        <ele>543</ele>
      </trkpt>
      <trkpt lat="45.7466027" lon="7.5823795">
        <ele>543</ele>
      </trkpt>
      <trkpt lat="45.7466060" lon="7.5824404">
        <ele>543</ele>
      </trkpt>
      <trkpt lat="45.7466264" lon="7.5826419">
        <ele>543</ele>
      </trkpt>
      <trkpt lat="45.7465985" lon="7.5827305">
        <ele>543</ele>
      </trkpt>
      <trkpt lat="45.7465592" lon="7.5827998">
        <ele>543</ele>
      </trkpt>
      <trkpt lat="45.7465403" lon="7.5828613">
        <ele>543</ele>
      </trkpt>
      <trkpt lat="45.7465151" lon="7.5829663">
        <ele>543</ele>
      </trkpt>
      <trkpt lat="45.7464524" lon="7.5830802">
        <ele>543</ele>
      </trkpt>
      <trkpt lat="45.7464064" lon="7.5831607">
        <ele>543</ele>
      </trkpt>
      <trkpt lat="45.7463711" lon="7.5832248">
        <ele>543</ele>
      </trkpt>
      <trkpt lat="45.7464162" lon="7.5832276">
        <ele>543</ele>
      </trkpt>
      <trkpt lat="45.7464663" lon="7.5832766">
        <ele>544</ele>
      </trkpt>
      <trkpt lat="45.7464760" lon="7.5833378">
        <ele>544</ele>
      </trkpt>
      <trkpt lat="45.7464722" lon="7.5833946">
        <ele>544</ele>
      </trkpt>
      <trkpt lat="45.7464304" lon="7.5836479">
        <ele>544</ele>
      </trkpt>
      <trkpt lat="45.7464273" lon="7.5837637">
        <ele>544</ele>
      </trkpt>
      <trkpt lat="45.7464340" lon="7.5839383">
        <ele>544</ele>
      </trkpt>
      <trkpt lat="45.7464311" lon="7.5840709">
        <ele>544</ele>
      </trkpt>
      <trkpt lat="45.7464452" lon="7.5844839">
        <ele>544</ele>
      </trkpt>
      <trkpt lat="45.7465027" lon="7.5847645">
        <ele>544</ele>
      </trkpt>
      <trkpt lat="45.7465584" lon="7.5849001">
        <ele>544</ele>
      </trkpt>
      <trkpt lat="45.7466368" lon="7.5850512">
        <ele>544</ele>
      </trkpt>
      <trkpt lat="45.7466517" lon="7.5851669">
        <ele>544</ele>
      </trkpt>
      <trkpt lat="45.7466321" lon="7.5854020">
        <ele>544</ele>
      </trkpt>
      <trkpt lat="45.7466602" lon="7.5854873">
        <ele>544</ele>
      </trkpt>
      <trkpt lat="45.7466830" lon="7.5855100">
        <ele>544</ele>
      </trkpt>
      <trkpt lat="45.7467134" lon="7.5854894">
        <ele>544</ele>
      </trkpt>
      <trkpt lat="45.7469250" lon="7.5859918">
        <ele>544</ele>
      </trkpt>
      <trkpt lat="45.7470276" lon="7.5862722">
        <ele>544</ele>
      </trkpt>
      <trkpt lat="45.7471557" lon="7.5866227">
        <ele>544</ele>
      </trkpt>
      <trkpt lat="45.7472466" lon="7.5870009">
        <ele>544</ele>
      </trkpt>
      <trkpt lat="45.7473009" lon="7.5875255">
        <ele>544</ele>
      </trkpt>
      <trkpt lat="45.7473249" lon="7.5876357">
        <ele>544</ele>
      </trkpt>
      <trkpt lat="45.7473654" lon="7.5877213">
        <ele>544</ele>
      </trkpt>
      <trkpt lat="45.7474617" lon="7.5878059">
        <ele>544</ele>
      </trkpt>
      <trkpt lat="45.7475496" lon="7.5878799">
        <ele>544</ele>
      </trkpt>
      <trkpt lat="45.7475669" lon="7.5879487">
        <ele>544</ele>
      </trkpt>
      <trkpt lat="45.7475629" lon="7.5880233">
        <ele>544</ele>
      </trkpt>
      <trkpt lat="45.7475289" lon="7.5881309">
        <ele>544</ele>
      </trkpt>
      <trkpt lat="45.7475170" lon="7.5881629">
        <ele>544</ele>
      </trkpt>
      <trkpt lat="45.7475009" lon="7.5882560">
        <ele>544</ele>
      </trkpt>
      <trkpt lat="45.7474854" lon="7.5883302">
        <ele>544</ele>
      </trkpt>
      <trkpt lat="45.7474742" lon="7.5883909">
        <ele>544</ele>
      </trkpt>
      <trkpt lat="45.7474642" lon="7.5884416">
        <ele>544</ele>
      </trkpt>
      <trkpt lat="45.7473013" lon="7.5886856">
        <ele>544</ele>
      </trkpt>
      <trkpt lat="45.7472803" lon="7.5887307">
        <ele>544</ele>
      </trkpt>
      <trkpt lat="45.7472666" lon="7.5888282">
        <ele>544</ele>
      </trkpt>
      <trkpt lat="45.7472334" lon="7.5890034">
        <ele>544</ele>
      </trkpt>
      <trkpt lat="45.7472171" lon="7.5891127">
        <ele>544</ele>
      </trkpt>
      <trkpt lat="45.7472052" lon="7.5892139">
        <ele>544</ele>
      </trkpt>
      <trkpt lat="45.7471936" lon="7.5894953">
        <ele>544</ele>
      </trkpt>
      <trkpt lat="45.7472099" lon="7.5897961">
        <ele>544</ele>
      </trkpt>
      <trkpt lat="45.7472400" lon="7.5900884">
        <ele>544</ele>
      </trkpt>
      <trkpt lat="45.7472631" lon="7.5901506">
        <ele>544</ele>
      </trkpt>
      <trkpt lat="45.7472895" lon="7.5901568">
        <ele>544</ele>
      </trkpt>
      <trkpt lat="45.7473969" lon="7.5902351">
        <ele>544</ele>
      </trkpt>
      <trkpt lat="45.7474265" lon="7.5902660">
        <ele>544</ele>
      </trkpt>
      <trkpt lat="45.7474497" lon="7.5903527">
        <ele>544</ele>
      </trkpt>
      <trkpt lat="45.7474200" lon="7.5904547">
        <ele>544</ele>
      </trkpt>
      <trkpt lat="45.7473736" lon="7.5905762">
        <ele>544</ele>
      </trkpt>
      <trkpt lat="45.7473526" lon="7.5906710">
        <ele>544</ele>
      </trkpt>
      <trkpt lat="45.7473412" lon="7.5907498">
        <ele>544</ele>
      </trkpt>
      <trkpt lat="45.7473397" lon="7.5908691">
        <ele>544</ele>
      </trkpt>
      <trkpt lat="45.7473417" lon="7.5910344">
        <ele>544</ele>
      </trkpt>
      <trkpt lat="45.7473383" lon="7.5912897">
        <ele>544</ele>
      </trkpt>
      <trkpt lat="45.7473523" lon="7.5914375">
        <ele>544</ele>
      </trkpt>
      <trkpt lat="45.7473281" lon="7.5915405">
        <ele>545</ele>
      </trkpt>
      <trkpt lat="45.7472869" lon="7.5916509">
        <ele>545</ele>
      </trkpt>
      <trkpt lat="45.7472793" lon="7.5917466">
        <ele>545</ele>
      </trkpt>
      <trkpt lat="45.7472942" lon="7.5918936">
        <ele>545</ele>
      </trkpt>
      <trkpt lat="45.7473220" lon="7.5920692">
        <ele>545</ele>
      </trkpt>
      <trkpt lat="45.7473306" lon="7.5923383">
        <ele>545</ele>
      </trkpt>
      <trkpt lat="45.7472890" lon="7.5924153">
        <ele>545</ele>
      </trkpt>
      <trkpt lat="45.7472805" lon="7.5925058">
        <ele>545</ele>
      </trkpt>
      <trkpt lat="45.7472697" lon="7.5927093">
        <ele>545</ele>
      </trkpt>
      <trkpt lat="45.7472945" lon="7.5929570">
        <ele>545</ele>
      </trkpt>
      <trkpt lat="45.7473270" lon="7.5931830">
        <ele>545</ele>
      </trkpt>
      <trkpt lat="45.7473541" lon="7.5933783">
        <ele>545</ele>
      </trkpt>
      <trkpt lat="45.7473694" lon="7.5935399">
        <ele>545</ele>
      </trkpt>
      <trkpt lat="45.7473543" lon="7.5936666">
        <ele>545</ele>
      </trkpt>
      <trkpt lat="45.7473345" lon="7.5939364">
        <ele>545</ele>
      </trkpt>
      <trkpt lat="45.7473537" lon="7.5943583">
        <ele>545</ele>
      </trkpt>
      <trkpt lat="45.7473276" lon="7.5944518">
        <ele>545</ele>
      </trkpt>
      <trkpt lat="45.7472405" lon="7.5945825">
        <ele>545</ele>
      </trkpt>
      <trkpt lat="45.7471532" lon="7.5947344">
        <ele>545</ele>
      </trkpt>
      <trkpt lat="45.7470796" lon="7.5948746">
        <ele>545</ele>
      </trkpt>
      <trkpt lat="45.7470408" lon="7.5950063">
        <ele>545</ele>
      </trkpt>
      <trkpt lat="45.7470177" lon="7.5950954">
        <ele>545</ele>
      </trkpt>
      <trkpt lat="45.7469998" lon="7.5952346">
        <ele>545</ele>
      </trkpt>
      <trkpt lat="45.7469947" lon="7.5953233">
        <ele>545</ele>
      </trkpt>
      <trkpt lat="45.7469497" lon="7.5954777">
        <ele>545</ele>
      </trkpt>
      <trkpt lat="45.7469336" lon="7.5956062">
        <ele>545</ele>
      </trkpt>
      <trkpt lat="45.7468876" lon="7.5958983">
        <ele>545</ele>
      </trkpt>
      <trkpt lat="45.7468694" lon="7.5960106">
        <ele>545</ele>
      </trkpt>
      <trkpt lat="45.7468631" lon="7.5960957">
        <ele>545</ele>
      </trkpt>
      <trkpt lat="45.7468628" lon="7.5962095">
        <ele>545</ele>
      </trkpt>
      <trkpt lat="45.7468687" lon="7.5963271">
        <ele>545</ele>
      </trkpt>
      <trkpt lat="45.7468670" lon="7.5964158">
        <ele>545</ele>
      </trkpt>
      <trkpt lat="45.7468670" lon="7.5964536">
        <ele>545</ele>
      </trkpt>
      <trkpt lat="45.7468569" lon="7.5964931">
        <ele>545</ele>
      </trkpt>
      <trkpt lat="45.7467788" lon="7.5967052">
        <ele>545</ele>
      </trkpt>
      <trkpt lat="45.7467722" lon="7.5967585">
        <ele>545</ele>
      </trkpt>
      <trkpt lat="45.7467644" lon="7.5968567">
        <ele>545</ele>
      </trkpt>
      <trkpt lat="45.7467700" lon="7.5969473">
        <ele>545</ele>
      </trkpt>
      <trkpt lat="45.7468325" lon="7.5972684">
        <ele>545</ele>
      </trkpt>
      <trkpt lat="45.7468946" lon="7.5975645">
        <ele>545</ele>
      </trkpt>
      <trkpt lat="45.7469417" lon="7.5977325">
        <ele>545</ele>
      </trkpt>
      <trkpt lat="45.7471022" lon="7.5983443">
        <ele>545</ele>
      </trkpt>
      <trkpt lat="45.7471350" lon="7.5984548">
        <ele>545</ele>
      </trkpt>
      <trkpt lat="45.7472046" lon="7.5986147">
        <ele>545</ele>
      </trkpt>
      <trkpt lat="45.7472230" lon="7.5986571">
        <ele>545</ele>
      </trkpt>
      <trkpt lat="45.7472563" lon="7.5987984">
        <ele>545</ele>
      </trkpt>
      <trkpt lat="45.7472862" lon="7.5990355">
        <ele>545</ele>
      </trkpt>
      <trkpt lat="45.7473482" lon="7.5993252">
        <ele>545</ele>
      </trkpt>
      <trkpt lat="45.7473631" lon="7.5994337">
        <ele>545</ele>
      </trkpt>
      <trkpt lat="45.7474121" lon="7.5997595">
        <ele>545</ele>
      </trkpt>
      <trkpt lat="45.7474707" lon="7.6001361">
        <ele>545</ele>
      </trkpt>
      <trkpt lat="45.7475045" lon="7.6003221">
        <ele>545</ele>
      </trkpt>
      <trkpt lat="45.7475425" lon="7.6004842">
        <ele>545</ele>
      </trkpt>
      <trkpt lat="45.7474486" lon="7.6005348">
        <ele>545</ele>
      </trkpt>
      <trkpt lat="45.7473367" lon="7.6005858">
        <ele>545</ele>
      </trkpt>
      <trkpt lat="45.7474134" lon="7.6009679">
        <ele>545</ele>
      </trkpt>
      <trkpt lat="45.7474231" lon="7.6010252">
        <ele>546</ele>
      </trkpt>
      <trkpt lat="45.7474374" lon="7.6010911">
        <ele>546</ele>
      </trkpt>
      <trkpt lat="45.7476948" lon="7.6022718">
        <ele>546</ele>
      </trkpt>
      <trkpt lat="45.7477233" lon="7.6023896">
        <ele>546</ele>
      </trkpt>
      <trkpt lat="45.7478427" lon="7.6029551">
        <ele>546</ele>
      </trkpt>
      <trkpt lat="45.7480203" lon="7.6038434">
        <ele>546</ele>
      </trkpt>
      <trkpt lat="45.7480777" lon="7.6041176">
        <ele>546</ele>
      </trkpt>
      <trkpt lat="45.7481931" lon="7.6046285">
        <ele>546</ele>
      </trkpt>
      <trkpt lat="45.7482398" lon="7.6048356">
        <ele>546</ele>
      </trkpt>
      <trkpt lat="45.7482439" lon="7.6049378">
        <ele>546</ele>
      </trkpt>
      <trkpt lat="45.7482666" lon="7.6049463">
        <ele>546</ele>
      </trkpt>
      <trkpt lat="45.7482839" lon="7.6049665">
        <ele>546</ele>
      </trkpt>
      <trkpt lat="45.7483092" lon="7.6049940">
        <ele>546</ele>
      </trkpt>
      <trkpt lat="45.7483293" lon="7.6050316">
        <ele>546</ele>
      </trkpt>
      <trkpt lat="45.7483520" lon="7.6051385">
        <ele>546</ele>
      </trkpt>
      <trkpt lat="45.7483653" lon="7.6052060">
        <ele>546</ele>
      </trkpt>
      <trkpt lat="45.7483903" lon="7.6053129">
        <ele>546</ele>
      </trkpt>
      <trkpt lat="45.7484089" lon="7.6054049">
        <ele>546</ele>
      </trkpt>
      <trkpt lat="45.7484295" lon="7.6055157">
        <ele>546</ele>
      </trkpt>
      <trkpt lat="45.7484330" lon="7.6055629">
        <ele>546</ele>
      </trkpt>
      <trkpt lat="45.7484265" lon="7.6056301">
        <ele>546</ele>
      </trkpt>
      <trkpt lat="45.7483983" lon="7.6057521">
        <ele>546</ele>
      </trkpt>
      <trkpt lat="45.7483922" lon="7.6058260">
        <ele>546</ele>
      </trkpt>
      <trkpt lat="45.7483959" lon="7.6059159">
        <ele>546</ele>
      </trkpt>
      <trkpt lat="45.7484099" lon="7.6059880">
        <ele>546</ele>
      </trkpt>
      <trkpt lat="45.7484261" lon="7.6060239">
        <ele>546</ele>
      </trkpt>
      <trkpt lat="45.7484627" lon="7.6060842">
        <ele>546</ele>
      </trkpt>
      <trkpt lat="45.7485001" lon="7.6061370">
        <ele>546</ele>
      </trkpt>
      <trkpt lat="45.7485536" lon="7.6062515">
        <ele>546</ele>
      </trkpt>
      <trkpt lat="45.7485786" lon="7.6063193">
        <ele>546</ele>
      </trkpt>
      <trkpt lat="45.7486041" lon="7.6064278">
        <ele>546</ele>
      </trkpt>
      <trkpt lat="45.7486340" lon="7.6065785">
        <ele>546</ele>
      </trkpt>
      <trkpt lat="45.7486717" lon="7.6067470">
        <ele>546</ele>
      </trkpt>
      <trkpt lat="45.7486721" lon="7.6067487">
        <ele>546</ele>
      </trkpt>
      <trkpt lat="45.7486823" lon="7.6067945">
        <ele>546</ele>
      </trkpt>
      <trkpt lat="45.7487054" lon="7.6068977">
        <ele>546</ele>
      </trkpt>
      <trkpt lat="45.7488176" lon="7.6074225">
        <ele>546</ele>
      </trkpt>
      <trkpt lat="45.7488772" lon="7.6077013">
        <ele>546</ele>
      </trkpt>
      <trkpt lat="45.7489964" lon="7.6082488">
        <ele>546</ele>
      </trkpt>
      <trkpt lat="45.7491530" lon="7.6089154">
        <ele>546</ele>
      </trkpt>
      <trkpt lat="45.7492780" lon="7.6094443">
        <ele>546</ele>
      </trkpt>
      <trkpt lat="45.7493553" lon="7.6097584">
        <ele>546</ele>
      </trkpt>
      <trkpt lat="45.7493664" lon="7.6098064">
        <ele>546</ele>
      </trkpt>
      <trkpt lat="45.7493758" lon="7.6098629">
        <ele>546</ele>
      </trkpt>
      <trkpt lat="45.7493899" lon="7.6099598">
        <ele>546</ele>
      </trkpt>
      <trkpt lat="45.7493944" lon="7.6100217">
        <ele>546</ele>
      </trkpt>
      <trkpt lat="45.7493746" lon="7.6101240">
        <ele>546</ele>
      </trkpt>
      <trkpt lat="45.7493691" lon="7.6101527">
        <ele>546</ele>
      </trkpt>
      <trkpt lat="45.7493402" lon="7.6103021">
        <ele>546</ele>
      </trkpt>
      <trkpt lat="45.7493043" lon="7.6105364">
        <ele>546</ele>
      </trkpt>
      <trkpt lat="45.7492911" lon="7.6106437">
        <ele>546</ele>
      </trkpt>
      <trkpt lat="45.7492629" lon="7.6107246">
        <ele>546</ele>
      </trkpt>
      <trkpt lat="45.7492072" lon="7.6107750">
        <ele>546</ele>
      </trkpt>
      <trkpt lat="45.7491602" lon="7.6108113">
        <ele>546</ele>
      </trkpt>
      <trkpt lat="45.7491104" lon="7.6108430">
        <ele>546</ele>
      </trkpt>
      <trkpt lat="45.7490464" lon="7.6108750">
        <ele>547</ele>
      </trkpt>
      <trkpt lat="45.7489792" lon="7.6109032">
        <ele>547</ele>
      </trkpt>
      <trkpt lat="45.7489030" lon="7.6109296">
        <ele>547</ele>
      </trkpt>
      <trkpt lat="45.7488252" lon="7.6109601">
        <ele>547</ele>
      </trkpt>
      <trkpt lat="45.7487877" lon="7.6109751">
        <ele>547</ele>
      </trkpt>
      <trkpt lat="45.7487750" lon="7.6115061">
        <ele>547</ele>
      </trkpt>
      <trkpt lat="45.7487508" lon="7.6117373">
        <ele>547</ele>
      </trkpt>
      <trkpt lat="45.7486934" lon="7.6120951">
        <ele>547</ele>
      </trkpt>
      <trkpt lat="45.7486923" lon="7.6121023">
        <ele>547</ele>
      </trkpt>
      <trkpt lat="45.7486403" lon="7.6124167">
        <ele>547</ele>
      </trkpt>
      <trkpt lat="45.7486168" lon="7.6125590">
        <ele>547</ele>
      </trkpt>
      <trkpt lat="45.7485790" lon="7.6127785">
        <ele>547</ele>
      </trkpt>
      <trkpt lat="45.7485626" lon="7.6129123">
        <ele>547</ele>
      </trkpt>
      <trkpt lat="45.7485706" lon="7.6130618">
        <ele>547</ele>
      </trkpt>
      <trkpt lat="45.7485801" lon="7.6132393">
        <ele>547</ele>
      </trkpt>
      <trkpt lat="45.7485841" lon="7.6132931">
        <ele>547</ele>
      </trkpt>
      <trkpt lat="45.7485981" lon="7.6134825">
        <ele>547</ele>
      </trkpt>
      <trkpt lat="45.7486070" lon="7.6136022">
        <ele>547</ele>
      </trkpt>
      <trkpt lat="45.7486178" lon="7.6137835">
        <ele>547</ele>
      </trkpt>
      <trkpt lat="45.7487403" lon="7.6137305">
        <ele>547</ele>
      </trkpt>
      <trkpt lat="45.7487456" lon="7.6136790">
        <ele>547</ele>
      </trkpt>
      <trkpt lat="45.7488313" lon="7.6135784">
        <ele>547</ele>
      </trkpt>
      <trkpt lat="45.7489098" lon="7.6132533">
        <ele>547</ele>
      </trkpt>
      <trkpt lat="45.7489231" lon="7.6132967">
        <ele>547</ele>
      </trkpt>
      <trkpt lat="45.7489312" lon="7.6134920">
        <ele>547</ele>
      </trkpt>
      <trkpt lat="45.7489535" lon="7.6135117">
        <ele>547</ele>
      </trkpt>
      <trkpt lat="45.7490062" lon="7.6132952">
        <ele>547</ele>
      </trkpt>
      <trkpt lat="45.7490377" lon="7.6130446">
        <ele>547</ele>
      </trkpt>
    </trkseg>
  </trk>
</gpx>
