<?xml version="1.0" encoding="UTF-8"?>
<gpx version="1.1" creator="sentieri-vda" xmlns="http://www.topografix.com/GPX/1/1">
  <metadata>
    <name>Tappa 22: Verrès - Pontboset</name>
    <desc>Catasto Sentieri VdA — PCB_S22</desc>
    <author><name>Regione Autonoma Valle d'Aosta</name></author>
  </metadata>
  <trk>
    <name>Tappa 22: Verrès - Pontboset</name>
    <src>Catasto Sentieri VdA (PCB_S22)</src>
    <trkseg>
      <trkpt lat="45.6066373" lon="7.6884021">
        <ele>366</ele>
      </trkpt>
      <trkpt lat="45.6065736" lon="7.6885323">
        <ele>366</ele>
      </trkpt>
      <trkpt lat="45.6065050" lon="7.6886769">
        <ele>367</ele>
      </trkpt>
      <trkpt lat="45.6064543" lon="7.6887892">
        <ele>367</ele>
      </trkpt>
      <trkpt lat="45.6063349" lon="7.6890464">
        <ele>367</ele>
      </trkpt>
      <trkpt lat="45.6062663" lon="7.6892313">
        <ele>367</ele>
      </trkpt>
      <trkpt lat="45.6062136" lon="7.6894542">
        <ele>368</ele>
      </trkpt>
      <trkpt lat="45.6061825" lon="7.6896577">
        <ele>368</ele>
      </trkpt>
      <trkpt lat="45.6061352" lon="7.6899090">
        <ele>368</ele>
      </trkpt>
      <trkpt lat="45.6060820" lon="7.6901176">
        <ele>369</ele>
      </trkpt>
      <trkpt lat="45.6060145" lon="7.6903623">
        <ele>369</ele>
      </trkpt>
      <trkpt lat="45.6059919" lon="7.6905046">
        <ele>369</ele>
      </trkpt>
      <trkpt lat="45.6059769" lon="7.6907643">
        <ele>369</ele>
      </trkpt>
      <trkpt lat="45.6059604" lon="7.6908863">
        <ele>370</ele>
      </trkpt>
      <trkpt lat="45.6059070" lon="7.6910963">
        <ele>370</ele>
      </trkpt>
      <trkpt lat="45.6059065" lon="7.6911258">
        <ele>370</ele>
      </trkpt>
      <trkpt lat="45.6059210" lon="7.6911408">
        <ele>371</ele>
      </trkpt>
      <trkpt lat="45.6059730" lon="7.6911242">
        <ele>371</ele>
      </trkpt>
      <trkpt lat="45.6060032" lon="7.6911748">
        <ele>371</ele>
      </trkpt>
      <trkpt lat="45.6060092" lon="7.6912220">
        <ele>371</ele>
      </trkpt>
      <trkpt lat="45.6059963" lon="7.6912774">
        <ele>372</ele>
      </trkpt>
      <trkpt lat="45.6059579" lon="7.6913743">
        <ele>372</ele>
      </trkpt>
      <trkpt lat="45.6058956" lon="7.6916436">
        <ele>372</ele>
      </trkpt>
      <trkpt lat="45.6058883" lon="7.6917908">
        <ele>373</ele>
      </trkpt>
      <trkpt lat="45.6058819" lon="7.6920146">
        <ele>373</ele>
      </trkpt>
      <trkpt lat="45.6058721" lon="7.6923406">
        <ele>373</ele>
      </trkpt>
      <trkpt lat="45.6058626" lon="7.6926891">
        <ele>373</ele>
      </trkpt>
      <trkpt lat="45.6058855" lon="7.6931189">
        <ele>374</ele>
      </trkpt>
      <trkpt lat="45.6058969" lon="7.6933255">
        <ele>374</ele>
      </trkpt>
      <trkpt lat="45.6060488" lon="7.6940212">
        <ele>374</ele>
      </trkpt>
      <trkpt lat="45.6063218" lon="7.6953685">
        <ele>375</ele>
      </trkpt>
      <trkpt lat="45.6063558" lon="7.6955188">
        <ele>375</ele>
      </trkpt>
      <trkpt lat="45.6064083" lon="7.6955484">
        <ele>375</ele>
      </trkpt>
      <trkpt lat="45.6064668" lon="7.6955438">
        <ele>375</ele>
      </trkpt>
      <trkpt lat="45.6064930" lon="7.6954791">
        <ele>376</ele>
      </trkpt>
      <trkpt lat="45.6064980" lon="7.6953772">
        <ele>376</ele>
      </trkpt>
      <trkpt lat="45.6064838" lon="7.6952341">
        <ele>376</ele>
      </trkpt>
      <trkpt lat="45.6064514" lon="7.6949909">
        <ele>377</ele>
      </trkpt>
      <trkpt lat="45.6064369" lon="7.6948978">
        <ele>377</ele>
      </trkpt>
      <trkpt lat="45.6064199" lon="7.6945969">
        <ele>377</ele>
      </trkpt>
      <trkpt lat="45.6064224" lon="7.6940254">
        <ele>377</ele>
      </trkpt>
      <trkpt lat="45.6064443" lon="7.6936813">
        <ele>378</ele>
      </trkpt>
      <trkpt lat="45.6065188" lon="7.6930093">
        <ele>378</ele>
      </trkpt>
      <trkpt lat="45.6065963" lon="7.6925364">
        <ele>378</ele>
      </trkpt>
      <trkpt lat="45.6066505" lon="7.6923174">
        <ele>379</ele>
      </trkpt>
      <trkpt lat="45.6067230" lon="7.6920954">
        <ele>379</ele>
      </trkpt>
      <trkpt lat="45.6067709" lon="7.6919577">
        <ele>379</ele>
      </trkpt>
      <trkpt lat="45.6067840" lon="7.6919233">
        <ele>379</ele>
      </trkpt>
      <trkpt lat="45.6068581" lon="7.6917088">
        <ele>380</ele>
      </trkpt>
      <trkpt lat="45.6070995" lon="7.6910622">
        <ele>380</ele>
      </trkpt>
      <trkpt lat="45.6071350" lon="7.6910257">
        <ele>380</ele>
      </trkpt>
      <trkpt lat="45.6071801" lon="7.6910307">
        <ele>381</ele>
      </trkpt>
      <trkpt lat="45.6072088" lon="7.6910545">
        <ele>381</ele>
      </trkpt>
      <trkpt lat="45.6072281" lon="7.6910938">
        <ele>381</ele>
      </trkpt>
      <trkpt lat="45.6072308" lon="7.6911301">
        <ele>382</ele>
      </trkpt>
      <trkpt lat="45.6072268" lon="7.6911710">
        <ele>382</ele>
      </trkpt>
      <trkpt lat="45.6072007" lon="7.6912530">
        <ele>382</ele>
      </trkpt>
      <trkpt lat="45.6071176" lon="7.6914593">
        <ele>382</ele>
      </trkpt>
      <trkpt lat="45.6070676" lon="7.6915787">
        <ele>383</ele>
      </trkpt>
      <trkpt lat="45.6070411" lon="7.6916972">
        <ele>383</ele>
      </trkpt>
      <trkpt lat="45.6069850" lon="7.6919774">
        <ele>383</ele>
      </trkpt>
      <trkpt lat="45.6069404" lon="7.6924917">
        <ele>384</ele>
      </trkpt>
      <trkpt lat="45.6069934" lon="7.6934425">
        <ele>384</ele>
      </trkpt>
      <trkpt lat="45.6071920" lon="7.6944255">
        <ele>384</ele>
      </trkpt>
      <trkpt lat="45.6073853" lon="7.6951880">
        <ele>384</ele>
      </trkpt>
      <trkpt lat="45.6076314" lon="7.6959199">
        <ele>385</ele>
      </trkpt>
      <trkpt lat="45.6077534" lon="7.6962091">
        <ele>385</ele>
      </trkpt>
      <trkpt lat="45.6079560" lon="7.6966785">
        <ele>385</ele>
      </trkpt>
      <trkpt lat="45.6082384" lon="7.6972787">
        <ele>386</ele>
      </trkpt>
      <trkpt lat="45.6083129" lon="7.6974281">
        <ele>386</ele>
      </trkpt>
      <trkpt lat="45.6084517" lon="7.6976945">
        <ele>386</ele>
      </trkpt>
      <trkpt lat="45.6085403" lon="7.6978231">
        <ele>386</ele>
      </trkpt>
      <trkpt lat="45.6086566" lon="7.6980480">
        <ele>387</ele>
      </trkpt>
      <trkpt lat="45.6087393" lon="7.6981470">
        <ele>387</ele>
      </trkpt>
      <trkpt lat="45.6088415" lon="7.6982829">
        <ele>387</ele>
      </trkpt>
      <trkpt lat="45.6089708" lon="7.6984448">
        <ele>388</ele>
      </trkpt>
      <trkpt lat="45.6090548" lon="7.6985645">
        <ele>388</ele>
      </trkpt>
      <trkpt lat="45.6091279" lon="7.6986618">
        <ele>388</ele>
      </trkpt>
      <trkpt lat="45.6091859" lon="7.6987869">
        <ele>388</ele>
      </trkpt>
      <trkpt lat="45.6092580" lon="7.6988976">
        <ele>389</ele>
      </trkpt>
      <trkpt lat="45.6093118" lon="7.6989848">
        <ele>389</ele>
      </trkpt>
      <trkpt lat="45.6093335" lon="7.6990777">
        <ele>389</ele>
      </trkpt>
      <trkpt lat="45.6093702" lon="7.6991448">
        <ele>390</ele>
      </trkpt>
      <trkpt lat="45.6094704" lon="7.6992011">
        <ele>390</ele>
      </trkpt>
      <trkpt lat="45.6095565" lon="7.6992669">
        <ele>390</ele>
      </trkpt>
      <trkpt lat="45.6095979" lon="7.6993428">
        <ele>390</ele>
      </trkpt>
      <trkpt lat="45.6096261" lon="7.6993768">
        <ele>391</ele>
      </trkpt>
      <trkpt lat="45.6096611" lon="7.6994502">
        <ele>391</ele>
      </trkpt>
      <trkpt lat="45.6097251" lon="7.6996415">
        <ele>391</ele>
      </trkpt>
      <trkpt lat="45.6097512" lon="7.6997216">
        <ele>392</ele>
      </trkpt>
      <trkpt lat="45.6097796" lon="7.6997696">
        <ele>392</ele>
      </trkpt>
      <trkpt lat="45.6098115" lon="7.6998098">
        <ele>392</ele>
      </trkpt>
      <trkpt lat="45.6098641" lon="7.6998509">
        <ele>392</ele>
      </trkpt>
      <trkpt lat="45.6099535" lon="7.6998847">
        <ele>393</ele>
      </trkpt>
      <trkpt lat="45.6100286" lon="7.6999292">
        <ele>393</ele>
      </trkpt>
      <trkpt lat="45.6100863" lon="7.6999945">
        <ele>393</ele>
      </trkpt>
      <trkpt lat="45.6101174" lon="7.7000639">
        <ele>394</ele>
      </trkpt>
      <trkpt lat="45.6101445" lon="7.7001435">
        <ele>394</ele>
      </trkpt>
      <trkpt lat="45.6101543" lon="7.7002126">
        <ele>394</ele>
      </trkpt>
      <trkpt lat="45.6101677" lon="7.7002889">
        <ele>394</ele>
      </trkpt>
      <trkpt lat="45.6101621" lon="7.7003854">
        <ele>395</ele>
      </trkpt>
      <trkpt lat="45.6101951" lon="7.7005243">
        <ele>395</ele>
      </trkpt>
      <trkpt lat="45.6102601" lon="7.7006239">
        <ele>395</ele>
      </trkpt>
      <trkpt lat="45.6103025" lon="7.7007137">
        <ele>396</ele>
      </trkpt>
      <trkpt lat="45.6104584" lon="7.7010082">
        <ele>396</ele>
      </trkpt>
      <trkpt lat="45.6107002" lon="7.7012598">
        <ele>396</ele>
      </trkpt>
      <trkpt lat="45.6108241" lon="7.7013967">
        <ele>396</ele>
      </trkpt>
      <trkpt lat="45.6109113" lon="7.7015466">
        <ele>397</ele>
      </trkpt>
      <trkpt lat="45.6110586" lon="7.7018269">
        <ele>397</ele>
      </trkpt>
      <trkpt lat="45.6111737" lon="7.7020567">
        <ele>397</ele>
      </trkpt>
      <trkpt lat="45.6112500" lon="7.7022643">
        <ele>398</ele>
      </trkpt>
      <trkpt lat="45.6113948" lon="7.7025089">
        <ele>398</ele>
      </trkpt>
      <trkpt lat="45.6115275" lon="7.7027018">
        <ele>398</ele>
      </trkpt>
      <trkpt lat="45.6116793" lon="7.7028823">
        <ele>398</ele>
      </trkpt>
      <trkpt lat="45.6118103" lon="7.7030270">
        <ele>399</ele>
      </trkpt>
      <trkpt lat="45.6119628" lon="7.7031017">
        <ele>399</ele>
      </trkpt>
      <trkpt lat="45.6120773" lon="7.7031400">
        <ele>399</ele>
      </trkpt>
      <trkpt lat="45.6121161" lon="7.7031551">
        <ele>400</ele>
      </trkpt>
      <trkpt lat="45.6121500" lon="7.7031710">
        <ele>400</ele>
      </trkpt>
      <trkpt lat="45.6122000" lon="7.7032217">
        <ele>400</ele>
      </trkpt>
      <trkpt lat="45.6122644" lon="7.7033121">
        <ele>400</ele>
      </trkpt>
      <trkpt lat="45.6123492" lon="7.7034623">
        <ele>401</ele>
      </trkpt>
      <trkpt lat="45.6124141" lon="7.7035517">
        <ele>401</ele>
      </trkpt>
      <trkpt lat="45.6124481" lon="7.7036162">
        <ele>401</ele>
      </trkpt>
      <trkpt lat="45.6124711" lon="7.7036618">
        <ele>402</ele>
      </trkpt>
      <trkpt lat="45.6124823" lon="7.7037013">
        <ele>402</ele>
      </trkpt>
      <trkpt lat="45.6125024" lon="7.7037328">
        <ele>402</ele>
      </trkpt>
      <trkpt lat="45.6125323" lon="7.7037513">
        <ele>402</ele>
      </trkpt>
      <trkpt lat="45.6125746" lon="7.7037606">
        <ele>403</ele>
      </trkpt>
      <trkpt lat="45.6126154" lon="7.7037853">
        <ele>403</ele>
      </trkpt>
      <trkpt lat="45.6127103" lon="7.7038711">
        <ele>403</ele>
      </trkpt>
      <trkpt lat="45.6128229" lon="7.7039723">
        <ele>404</ele>
      </trkpt>
      <trkpt lat="45.6128979" lon="7.7040103">
        <ele>404</ele>
      </trkpt>
      <trkpt lat="45.6129517" lon="7.7040193">
        <ele>404</ele>
      </trkpt>
      <trkpt lat="45.6130155" lon="7.7040152">
        <ele>404</ele>
      </trkpt>
      <trkpt lat="45.6131048" lon="7.7040414">
        <ele>405</ele>
      </trkpt>
      <trkpt lat="45.6131556" lon="7.7040799">
        <ele>405</ele>
      </trkpt>
      <trkpt lat="45.6132346" lon="7.7041524">
        <ele>405</ele>
      </trkpt>
      <trkpt lat="45.6133161" lon="7.7042081">
        <ele>406</ele>
      </trkpt>
      <trkpt lat="45.6133321" lon="7.7042427">
        <ele>406</ele>
      </trkpt>
      <trkpt lat="45.6133750" lon="7.7044268">
        <ele>406</ele>
      </trkpt>
      <trkpt lat="45.6134962" lon="7.7050663">
        <ele>406</ele>
      </trkpt>
      <trkpt lat="45.6135763" lon="7.7053180">
        <ele>407</ele>
      </trkpt>
      <trkpt lat="45.6136596" lon="7.7055443">
        <ele>407</ele>
      </trkpt>
      <trkpt lat="45.6136960" lon="7.7055771">
        <ele>407</ele>
      </trkpt>
      <trkpt lat="45.6137818" lon="7.7056080">
        <ele>408</ele>
      </trkpt>
      <trkpt lat="45.6138807" lon="7.7056610">
        <ele>408</ele>
      </trkpt>
      <trkpt lat="45.6139369" lon="7.7057007">
        <ele>408</ele>
      </trkpt>
      <trkpt lat="45.6139699" lon="7.7057614">
        <ele>409</ele>
      </trkpt>
      <trkpt lat="45.6139830" lon="7.7057852">
        <ele>409</ele>
      </trkpt>
      <trkpt lat="45.6140103" lon="7.7058348">
        <ele>409</ele>
      </trkpt>
      <trkpt lat="45.6140288" lon="7.7058856">
        <ele>409</ele>
      </trkpt>
      <trkpt lat="45.6140398" lon="7.7059423">
        <ele>410</ele>
      </trkpt>
      <trkpt lat="45.6140361" lon="7.7060039">
        <ele>410</ele>
      </trkpt>
      <trkpt lat="45.6140374" lon="7.7061209">
        <ele>410</ele>
      </trkpt>
      <trkpt lat="45.6140585" lon="7.7061948">
        <ele>411</ele>
      </trkpt>
      <trkpt lat="45.6140929" lon="7.7062892">
        <ele>411</ele>
      </trkpt>
      <trkpt lat="45.6141384" lon="7.7063346">
        <ele>411</ele>
      </trkpt>
      <trkpt lat="45.6142162" lon="7.7064475">
        <ele>411</ele>
      </trkpt>
      <trkpt lat="45.6143033" lon="7.7065853">
        <ele>412</ele>
      </trkpt>
      <trkpt lat="45.6144813" lon="7.7068089">
        <ele>412</ele>
      </trkpt>
      <trkpt lat="45.6145815" lon="7.7069132">
        <ele>412</ele>
      </trkpt>
      <trkpt lat="45.6146681" lon="7.7070070">
        <ele>413</ele>
      </trkpt>
      <trkpt lat="45.6147045" lon="7.7070474">
        <ele>413</ele>
      </trkpt>
      <trkpt lat="45.6147639" lon="7.7071222">
        <ele>413</ele>
      </trkpt>
      <trkpt lat="45.6148461" lon="7.7072322">
        <ele>413</ele>
      </trkpt>
      <trkpt lat="45.6148872" lon="7.7072869">
        <ele>414</ele>
      </trkpt>
      <trkpt lat="45.6150412" lon="7.7075293">
        <ele>414</ele>
      </trkpt>
      <trkpt lat="45.6151069" lon="7.7078797">
        <ele>414</ele>
      </trkpt>
      <trkpt lat="45.6151435" lon="7.7080134">
        <ele>415</ele>
      </trkpt>
      <trkpt lat="45.6152029" lon="7.7081167">
        <ele>415</ele>
      </trkpt>
      <trkpt lat="45.6152895" lon="7.7082313">
        <ele>415</ele>
      </trkpt>
      <trkpt lat="45.6153341" lon="7.7082953">
        <ele>415</ele>
      </trkpt>
      <trkpt lat="45.6153696" lon="7.7083316">
        <ele>416</ele>
      </trkpt>
      <trkpt lat="45.6154895" lon="7.7083698">
        <ele>416</ele>
      </trkpt>
      <trkpt lat="45.6157590" lon="7.7084612">
        <ele>416</ele>
      </trkpt>
      <trkpt lat="45.6158077" lon="7.7084855">
        <ele>417</ele>
      </trkpt>
      <trkpt lat="45.6158656" lon="7.7085175">
        <ele>417</ele>
      </trkpt>
      <trkpt lat="45.6159028" lon="7.7085512">
        <ele>417</ele>
      </trkpt>
      <trkpt lat="45.6159394" lon="7.7086029">
        <ele>417</ele>
      </trkpt>
      <trkpt lat="45.6159518" lon="7.7086653">
        <ele>418</ele>
      </trkpt>
      <trkpt lat="45.6159515" lon="7.7087913">
        <ele>418</ele>
      </trkpt>
      <trkpt lat="45.6159481" lon="7.7088195">
        <ele>418</ele>
      </trkpt>
      <trkpt lat="45.6159465" lon="7.7088326">
        <ele>419</ele>
      </trkpt>
      <trkpt lat="45.6159256" lon="7.7088971">
        <ele>419</ele>
      </trkpt>
      <trkpt lat="45.6158744" lon="7.7089752">
        <ele>419</ele>
      </trkpt>
      <trkpt lat="45.6158558" lon="7.7090832">
        <ele>419</ele>
      </trkpt>
      <trkpt lat="45.6158540" lon="7.7091441">
        <ele>420</ele>
      </trkpt>
      <trkpt lat="45.6158611" lon="7.7091931">
        <ele>420</ele>
      </trkpt>
      <trkpt lat="45.6158573" lon="7.7092581">
        <ele>420</ele>
      </trkpt>
      <trkpt lat="45.6158450" lon="7.7093638">
        <ele>421</ele>
      </trkpt>
      <trkpt lat="45.6158151" lon="7.7095087">
        <ele>421</ele>
      </trkpt>
      <trkpt lat="45.6157854" lon="7.7096693">
        <ele>421</ele>
      </trkpt>
      <trkpt lat="45.6157600" lon="7.7098042">
        <ele>421</ele>
      </trkpt>
      <trkpt lat="45.6157299" lon="7.7099335">
        <ele>422</ele>
      </trkpt>
      <trkpt lat="45.6157134" lon="7.7100626">
        <ele>422</ele>
      </trkpt>
      <trkpt lat="45.6157077" lon="7.7101043">
        <ele>422</ele>
      </trkpt>
      <trkpt lat="45.6156725" lon="7.7102603">
        <ele>423</ele>
      </trkpt>
      <trkpt lat="45.6156319" lon="7.7103304">
        <ele>423</ele>
      </trkpt>
      <trkpt lat="45.6156133" lon="7.7104346">
        <ele>423</ele>
      </trkpt>
      <trkpt lat="45.6156131" lon="7.7104948">
        <ele>423</ele>
      </trkpt>
      <trkpt lat="45.6156139" lon="7.7104976">
        <ele>424</ele>
      </trkpt>
      <trkpt lat="45.6156318" lon="7.7105584">
        <ele>424</ele>
      </trkpt>
      <trkpt lat="45.6156646" lon="7.7105961">
        <ele>424</ele>
      </trkpt>
      <trkpt lat="45.6156789" lon="7.7106041">
        <ele>425</ele>
      </trkpt>
      <trkpt lat="45.6157240" lon="7.7106082">
        <ele>425</ele>
      </trkpt>
      <trkpt lat="45.6157594" lon="7.7106095">
        <ele>425</ele>
      </trkpt>
      <trkpt lat="45.6158277" lon="7.7106295">
        <ele>425</ele>
      </trkpt>
      <trkpt lat="45.6158523" lon="7.7106610">
        <ele>426</ele>
      </trkpt>
      <trkpt lat="45.6158745" lon="7.7107194">
        <ele>426</ele>
      </trkpt>
      <trkpt lat="45.6158804" lon="7.7107529">
        <ele>426</ele>
      </trkpt>
      <trkpt lat="45.6158841" lon="7.7107742">
        <ele>427</ele>
      </trkpt>
      <trkpt lat="45.6158759" lon="7.7108397">
        <ele>427</ele>
      </trkpt>
      <trkpt lat="45.6158457" lon="7.7108712">
        <ele>427</ele>
      </trkpt>
      <trkpt lat="45.6157430" lon="7.7109523">
        <ele>427</ele>
      </trkpt>
      <trkpt lat="45.6156844" lon="7.7109979">
        <ele>428</ele>
      </trkpt>
      <trkpt lat="45.6156735" lon="7.7110064">
        <ele>428</ele>
      </trkpt>
      <trkpt lat="45.6156564" lon="7.7110297">
        <ele>428</ele>
      </trkpt>
      <trkpt lat="45.6156372" lon="7.7110559">
        <ele>429</ele>
      </trkpt>
      <trkpt lat="45.6156108" lon="7.7111052">
        <ele>429</ele>
      </trkpt>
      <trkpt lat="45.6156077" lon="7.7111501">
        <ele>429</ele>
      </trkpt>
      <trkpt lat="45.6156082" lon="7.7111949">
        <ele>429</ele>
      </trkpt>
      <trkpt lat="45.6156205" lon="7.7112459">
        <ele>430</ele>
      </trkpt>
      <trkpt lat="45.6156471" lon="7.7112962">
        <ele>430</ele>
      </trkpt>
      <trkpt lat="45.6156984" lon="7.7113821">
        <ele>430</ele>
      </trkpt>
      <trkpt lat="45.6157680" lon="7.7115014">
        <ele>431</ele>
      </trkpt>
      <trkpt lat="45.6157928" lon="7.7115439">
        <ele>431</ele>
      </trkpt>
      <trkpt lat="45.6159190" lon="7.7117370">
        <ele>431</ele>
      </trkpt>
      <trkpt lat="45.6159965" lon="7.7118338">
        <ele>431</ele>
      </trkpt>
      <trkpt lat="45.6160408" lon="7.7118747">
        <ele>432</ele>
      </trkpt>
      <trkpt lat="45.6160849" lon="7.7119003">
        <ele>432</ele>
      </trkpt>
      <trkpt lat="45.6161183" lon="7.7119072">
        <ele>432</ele>
      </trkpt>
      <trkpt lat="45.6161890" lon="7.7119005">
        <ele>433</ele>
      </trkpt>
      <trkpt lat="45.6162665" lon="7.7119167">
        <ele>433</ele>
      </trkpt>
      <trkpt lat="45.6162773" lon="7.7119190">
        <ele>433</ele>
      </trkpt>
      <trkpt lat="45.6163310" lon="7.7119779">
        <ele>433</ele>
      </trkpt>
      <trkpt lat="45.6163684" lon="7.7120334">
        <ele>434</ele>
      </trkpt>
      <trkpt lat="45.6163814" lon="7.7120652">
        <ele>434</ele>
      </trkpt>
      <trkpt lat="45.6164058" lon="7.7121555">
        <ele>434</ele>
      </trkpt>
      <trkpt lat="45.6164370" lon="7.7123155">
        <ele>435</ele>
      </trkpt>
      <trkpt lat="45.6164733" lon="7.7125018">
        <ele>435</ele>
      </trkpt>
      <trkpt lat="45.6164875" lon="7.7125523">
        <ele>435</ele>
      </trkpt>
      <trkpt lat="45.6165463" lon="7.7127614">
        <ele>436</ele>
      </trkpt>
      <trkpt lat="45.6165881" lon="7.7129628">
        <ele>436</ele>
      </trkpt>
      <trkpt lat="45.6166073" lon="7.7131071">
        <ele>436</ele>
      </trkpt>
      <trkpt lat="45.6165611" lon="7.7132450">
        <ele>436</ele>
      </trkpt>
      <trkpt lat="45.6164511" lon="7.7131650">
        <ele>437</ele>
      </trkpt>
      <trkpt lat="45.6164511" lon="7.7132850">
        <ele>437</ele>
      </trkpt>
      <trkpt lat="45.6162411" lon="7.7129750">
        <ele>437</ele>
      </trkpt>
      <trkpt lat="45.6161811" lon="7.7128550">
        <ele>438</ele>
      </trkpt>
      <trkpt lat="45.6161411" lon="7.7129350">
        <ele>438</ele>
      </trkpt>
      <trkpt lat="45.6161111" lon="7.7130450">
        <ele>438</ele>
      </trkpt>
      <trkpt lat="45.6161811" lon="7.7131050">
        <ele>438</ele>
      </trkpt>
      <trkpt lat="45.6160345" lon="7.7132494">
        <ele>439</ele>
      </trkpt>
      <trkpt lat="45.6160743" lon="7.7134377">
        <ele>439</ele>
      </trkpt>
      <trkpt lat="45.6162556" lon="7.7139494">
        <ele>439</ele>
      </trkpt>
      <trkpt lat="45.6164323" lon="7.7140658">
        <ele>440</ele>
      </trkpt>
      <trkpt lat="45.6163587" lon="7.7142051">
        <ele>440</ele>
      </trkpt>
      <trkpt lat="45.6162859" lon="7.7144304">
        <ele>440</ele>
      </trkpt>
      <trkpt lat="45.6162773" lon="7.7147746">
        <ele>440</ele>
      </trkpt>
      <trkpt lat="45.6162306" lon="7.7150853">
        <ele>441</ele>
      </trkpt>
      <trkpt lat="45.6161823" lon="7.7152412">
        <ele>441</ele>
      </trkpt>
      <trkpt lat="45.6161566" lon="7.7151901">
        <ele>441</ele>
      </trkpt>
      <trkpt lat="45.6161149" lon="7.7148299">
        <ele>442</ele>
      </trkpt>
      <trkpt lat="45.6160755" lon="7.7146760">
        <ele>442</ele>
      </trkpt>
      <trkpt lat="45.6160129" lon="7.7146774">
        <ele>442</ele>
      </trkpt>
      <trkpt lat="45.6159566" lon="7.7152463">
        <ele>442</ele>
      </trkpt>
      <trkpt lat="45.6158337" lon="7.7154728">
        <ele>443</ele>
      </trkpt>
      <trkpt lat="45.6157526" lon="7.7160594">
        <ele>443</ele>
      </trkpt>
      <trkpt lat="45.6157968" lon="7.7166432">
        <ele>443</ele>
      </trkpt>
      <trkpt lat="45.6158958" lon="7.7174342">
        <ele>444</ele>
      </trkpt>
      <trkpt lat="45.6159179" lon="7.7179410">
        <ele>444</ele>
      </trkpt>
      <trkpt lat="45.6158991" lon="7.7182305">
        <ele>444</ele>
      </trkpt>
      <trkpt lat="45.6158530" lon="7.7183102">
        <ele>444</ele>
      </trkpt>
      <trkpt lat="45.6157777" lon="7.7182947">
        <ele>445</ele>
      </trkpt>
      <trkpt lat="45.6156382" lon="7.7181603">
        <ele>445</ele>
      </trkpt>
      <trkpt lat="45.6150990" lon="7.7174525">
        <ele>445</ele>
      </trkpt>
      <trkpt lat="45.6147622" lon="7.7167710">
        <ele>446</ele>
      </trkpt>
      <trkpt lat="45.6147224" lon="7.7167403">
        <ele>446</ele>
      </trkpt>
      <trkpt lat="45.6147105" lon="7.7168582">
        <ele>446</ele>
      </trkpt>
      <trkpt lat="45.6147277" lon="7.7174610">
        <ele>446</ele>
      </trkpt>
      <trkpt lat="45.6147089" lon="7.7176053">
        <ele>447</ele>
      </trkpt>
      <trkpt lat="45.6146655" lon="7.7176166">
        <ele>447</ele>
      </trkpt>
      <trkpt lat="45.6145881" lon="7.7174642">
        <ele>447</ele>
      </trkpt>
      <trkpt lat="45.6144696" lon="7.7171061">
        <ele>448</ele>
      </trkpt>
      <trkpt lat="45.6143254" lon="7.7167974">
        <ele>448</ele>
      </trkpt>
      <trkpt lat="45.6142173" lon="7.7164834">
        <ele>448</ele>
      </trkpt>
      <trkpt lat="45.6141448" lon="7.7161570">
        <ele>448</ele>
      </trkpt>
      <trkpt lat="45.6140911" lon="7.7158050">
        <ele>449</ele>
      </trkpt>
      <trkpt lat="45.6139248" lon="7.7157381">
        <ele>449</ele>
      </trkpt>
      <trkpt lat="45.6138133" lon="7.7155793">
        <ele>449</ele>
      </trkpt>
      <trkpt lat="45.6137708" lon="7.7153164">
        <ele>450</ele>
      </trkpt>
      <trkpt lat="45.6138102" lon="7.7149850">
        <ele>450</ele>
      </trkpt>
      <trkpt lat="45.6137480" lon="7.7147003">
        <ele>450</ele>
      </trkpt>
      <trkpt lat="45.6136458" lon="7.7145540">
        <ele>450</ele>
      </trkpt>
      <trkpt lat="45.6135715" lon="7.7144942">
        <ele>451</ele>
      </trkpt>
      <trkpt lat="45.6134412" lon="7.7144254">
        <ele>451</ele>
      </trkpt>
      <trkpt lat="45.6132807" lon="7.7143753">
        <ele>451</ele>
      </trkpt>
      <trkpt lat="45.6131040" lon="7.7143307">
        <ele>452</ele>
      </trkpt>
      <trkpt lat="45.6130395" lon="7.7143526">
        <ele>452</ele>
      </trkpt>
      <trkpt lat="45.6130026" lon="7.7144227">
        <ele>452</ele>
      </trkpt>
      <trkpt lat="45.6130443" lon="7.7145174">
        <ele>452</ele>
      </trkpt>
      <trkpt lat="45.6133307" lon="7.7146812">
        <ele>453</ele>
      </trkpt>
      <trkpt lat="45.6134089" lon="7.7149084">
        <ele>453</ele>
      </trkpt>
      <trkpt lat="45.6135147" lon="7.7149803">
        <ele>453</ele>
      </trkpt>
      <trkpt lat="45.6135275" lon="7.7150786">
        <ele>454</ele>
      </trkpt>
      <trkpt lat="45.6134411" lon="7.7152304">
        <ele>454</ele>
      </trkpt>
      <trkpt lat="45.6132250" lon="7.7155015">
        <ele>454</ele>
      </trkpt>
      <trkpt lat="45.6131047" lon="7.7156486">
        <ele>454</ele>
      </trkpt>
      <trkpt lat="45.6129862" lon="7.7158242">
        <ele>455</ele>
      </trkpt>
      <trkpt lat="45.6129440" lon="7.7159097">
        <ele>455</ele>
      </trkpt>
      <trkpt lat="45.6129200" lon="7.7159954">
        <ele>455</ele>
      </trkpt>
      <trkpt lat="45.6128882" lon="7.7162011">
        <ele>456</ele>
      </trkpt>
      <trkpt lat="45.6128899" lon="7.7162728">
        <ele>456</ele>
      </trkpt>
      <trkpt lat="45.6129027" lon="7.7163376">
        <ele>456</ele>
      </trkpt>
      <trkpt lat="45.6129312" lon="7.7164303">
        <ele>456</ele>
      </trkpt>
      <trkpt lat="45.6129617" lon="7.7164779">
        <ele>457</ele>
      </trkpt>
      <trkpt lat="45.6130085" lon="7.7165096">
        <ele>457</ele>
      </trkpt>
      <trkpt lat="45.6130590" lon="7.7165251">
        <ele>457</ele>
      </trkpt>
      <trkpt lat="45.6131854" lon="7.7165048">
        <ele>458</ele>
      </trkpt>
      <trkpt lat="45.6132429" lon="7.7164801">
        <ele>458</ele>
      </trkpt>
      <trkpt lat="45.6132650" lon="7.7165048">
        <ele>458</ele>
      </trkpt>
      <trkpt lat="45.6132622" lon="7.7165750">
        <ele>458</ele>
      </trkpt>
      <trkpt lat="45.6131865" lon="7.7167700">
        <ele>459</ele>
      </trkpt>
      <trkpt lat="45.6131346" lon="7.7169518">
        <ele>459</ele>
      </trkpt>
      <trkpt lat="45.6130716" lon="7.7171825">
        <ele>459</ele>
      </trkpt>
      <trkpt lat="45.6129430" lon="7.7173964">
        <ele>460</ele>
      </trkpt>
      <trkpt lat="45.6129634" lon="7.7174744">
        <ele>460</ele>
      </trkpt>
      <trkpt lat="45.6130123" lon="7.7176456">
        <ele>460</ele>
      </trkpt>
      <trkpt lat="45.6130615" lon="7.7177879">
        <ele>460</ele>
      </trkpt>
      <trkpt lat="45.6130524" lon="7.7178547">
        <ele>461</ele>
      </trkpt>
      <trkpt lat="45.6129074" lon="7.7180693">
        <ele>461</ele>
      </trkpt>
      <trkpt lat="45.6128456" lon="7.7182587">
        <ele>461</ele>
      </trkpt>
      <trkpt lat="45.6128294" lon="7.7183519">
        <ele>462</ele>
      </trkpt>
      <trkpt lat="45.6127959" lon="7.7185208">
        <ele>462</ele>
      </trkpt>
      <trkpt lat="45.6127713" lon="7.7186104">
        <ele>462</ele>
      </trkpt>
      <trkpt lat="45.6127341" lon="7.7188171">
        <ele>463</ele>
      </trkpt>
      <trkpt lat="45.6127130" lon="7.7189021">
        <ele>463</ele>
      </trkpt>
      <trkpt lat="45.6126897" lon="7.7190242">
        <ele>463</ele>
      </trkpt>
      <trkpt lat="45.6126842" lon="7.7192606">
        <ele>463</ele>
      </trkpt>
      <trkpt lat="45.6126787" lon="7.7193323">
        <ele>464</ele>
      </trkpt>
      <trkpt lat="45.6126465" lon="7.7194695">
        <ele>464</ele>
      </trkpt>
      <trkpt lat="45.6125956" lon="7.7197480">
        <ele>464</ele>
      </trkpt>
      <trkpt lat="45.6125735" lon="7.7201909">
        <ele>465</ele>
      </trkpt>
      <trkpt lat="45.6125645" lon="7.7203831">
        <ele>465</ele>
      </trkpt>
      <trkpt lat="45.6125485" lon="7.7205016">
        <ele>465</ele>
      </trkpt>
      <trkpt lat="45.6124777" lon="7.7209217">
        <ele>465</ele>
      </trkpt>
      <trkpt lat="45.6124620" lon="7.7210104">
        <ele>466</ele>
      </trkpt>
      <trkpt lat="45.6124583" lon="7.7210809">
        <ele>466</ele>
      </trkpt>
      <trkpt lat="45.6124650" lon="7.7211932">
        <ele>466</ele>
      </trkpt>
      <trkpt lat="45.6124949" lon="7.7213808">
        <ele>467</ele>
      </trkpt>
      <trkpt lat="45.6125220" lon="7.7214660">
        <ele>467</ele>
      </trkpt>
      <trkpt lat="45.6125367" lon="7.7215028">
        <ele>467</ele>
      </trkpt>
      <trkpt lat="45.6125524" lon="7.7215383">
        <ele>467</ele>
      </trkpt>
      <trkpt lat="45.6126385" lon="7.7216397">
        <ele>468</ele>
      </trkpt>
      <trkpt lat="45.6127590" lon="7.7217713">
        <ele>468</ele>
      </trkpt>
      <trkpt lat="45.6128471" lon="7.7218590">
        <ele>468</ele>
      </trkpt>
      <trkpt lat="45.6129015" lon="7.7219167">
        <ele>469</ele>
      </trkpt>
      <trkpt lat="45.6129595" lon="7.7219582">
        <ele>469</ele>
      </trkpt>
      <trkpt lat="45.6129826" lon="7.7219822">
        <ele>469</ele>
      </trkpt>
      <trkpt lat="45.6129931" lon="7.7220100">
        <ele>469</ele>
      </trkpt>
      <trkpt lat="45.6129957" lon="7.7220357">
        <ele>470</ele>
      </trkpt>
      <trkpt lat="45.6129897" lon="7.7220544">
        <ele>470</ele>
      </trkpt>
      <trkpt lat="45.6129802" lon="7.7220693">
        <ele>470</ele>
      </trkpt>
      <trkpt lat="45.6129570" lon="7.7220761">
        <ele>471</ele>
      </trkpt>
      <trkpt lat="45.6127745" lon="7.7220739">
        <ele>471</ele>
      </trkpt>
      <trkpt lat="45.6127520" lon="7.7220757">
        <ele>471</ele>
      </trkpt>
      <trkpt lat="45.6127413" lon="7.7220822">
        <ele>471</ele>
      </trkpt>
      <trkpt lat="45.6127324" lon="7.7220876">
        <ele>472</ele>
      </trkpt>
      <trkpt lat="45.6127209" lon="7.7221109">
        <ele>472</ele>
      </trkpt>
      <trkpt lat="45.6127176" lon="7.7221366">
        <ele>472</ele>
      </trkpt>
      <trkpt lat="45.6127279" lon="7.7221671">
        <ele>473</ele>
      </trkpt>
      <trkpt lat="45.6127494" lon="7.7221855">
        <ele>473</ele>
      </trkpt>
      <trkpt lat="45.6127774" lon="7.7222003">
        <ele>473</ele>
      </trkpt>
      <trkpt lat="45.6128283" lon="7.7222452">
        <ele>473</ele>
      </trkpt>
      <trkpt lat="45.6128470" lon="7.7222598">
        <ele>474</ele>
      </trkpt>
      <trkpt lat="45.6128601" lon="7.7222804">
        <ele>474</ele>
      </trkpt>
      <trkpt lat="45.6128795" lon="7.7223248">
        <ele>474</ele>
      </trkpt>
      <trkpt lat="45.6129551" lon="7.7224908">
        <ele>475</ele>
      </trkpt>
      <trkpt lat="45.6130792" lon="7.7227551">
        <ele>475</ele>
      </trkpt>
      <trkpt lat="45.6131242" lon="7.7228475">
        <ele>475</ele>
      </trkpt>
      <trkpt lat="45.6132040" lon="7.7229866">
        <ele>475</ele>
      </trkpt>
      <trkpt lat="45.6132408" lon="7.7230652">
        <ele>476</ele>
      </trkpt>
      <trkpt lat="45.6132448" lon="7.7230797">
        <ele>476</ele>
      </trkpt>
      <trkpt lat="45.6132474" lon="7.7230894">
        <ele>476</ele>
      </trkpt>
      <trkpt lat="45.6132476" lon="7.7231099">
        <ele>477</ele>
      </trkpt>
      <trkpt lat="45.6132388" lon="7.7231216">
        <ele>477</ele>
      </trkpt>
      <trkpt lat="45.6132272" lon="7.7231347">
        <ele>477</ele>
      </trkpt>
      <trkpt lat="45.6132072" lon="7.7231383">
        <ele>477</ele>
      </trkpt>
      <trkpt lat="45.6131931" lon="7.7231354">
        <ele>478</ele>
      </trkpt>
      <trkpt lat="45.6131569" lon="7.7231145">
        <ele>478</ele>
      </trkpt>
      <trkpt lat="45.6131144" lon="7.7230898">
        <ele>478</ele>
      </trkpt>
      <trkpt lat="45.6130326" lon="7.7230494">
        <ele>479</ele>
      </trkpt>
      <trkpt lat="45.6129468" lon="7.7230155">
        <ele>479</ele>
      </trkpt>
      <trkpt lat="45.6128225" lon="7.7229773">
        <ele>479</ele>
      </trkpt>
      <trkpt lat="45.6127322" lon="7.7229371">
        <ele>479</ele>
      </trkpt>
      <trkpt lat="45.6126305" lon="7.7229241">
        <ele>480</ele>
      </trkpt>
      <trkpt lat="45.6125225" lon="7.7229099">
        <ele>480</ele>
      </trkpt>
      <trkpt lat="45.6124611" lon="7.7228844">
        <ele>480</ele>
      </trkpt>
      <trkpt lat="45.6123304" lon="7.7228387">
        <ele>481</ele>
      </trkpt>
      <trkpt lat="45.6122347" lon="7.7228024">
        <ele>481</ele>
      </trkpt>
      <trkpt lat="45.6121978" lon="7.7227943">
        <ele>481</ele>
      </trkpt>
      <trkpt lat="45.6121847" lon="7.7227988">
        <ele>481</ele>
      </trkpt>
      <trkpt lat="45.6121781" lon="7.7228011">
        <ele>482</ele>
      </trkpt>
      <trkpt lat="45.6121701" lon="7.7228128">
        <ele>482</ele>
      </trkpt>
      <trkpt lat="45.6121595" lon="7.7228272">
        <ele>482</ele>
      </trkpt>
      <trkpt lat="45.6121625" lon="7.7228553">
        <ele>483</ele>
      </trkpt>
      <trkpt lat="45.6121665" lon="7.7228859">
        <ele>483</ele>
      </trkpt>
      <trkpt lat="45.6121792" lon="7.7228997">
        <ele>483</ele>
      </trkpt>
      <trkpt lat="45.6122009" lon="7.7229146">
        <ele>483</ele>
      </trkpt>
      <trkpt lat="45.6122435" lon="7.7229380">
        <ele>484</ele>
      </trkpt>
      <trkpt lat="45.6122897" lon="7.7229741">
        <ele>484</ele>
      </trkpt>
      <trkpt lat="45.6123839" lon="7.7230565">
        <ele>484</ele>
      </trkpt>
      <trkpt lat="45.6124801" lon="7.7231375">
        <ele>485</ele>
      </trkpt>
      <trkpt lat="45.6125828" lon="7.7232441">
        <ele>485</ele>
      </trkpt>
      <trkpt lat="45.6127099" lon="7.7233564">
        <ele>485</ele>
      </trkpt>
      <trkpt lat="45.6128562" lon="7.7235181">
        <ele>485</ele>
      </trkpt>
      <trkpt lat="45.6128741" lon="7.7235535">
        <ele>486</ele>
      </trkpt>
      <trkpt lat="45.6128738" lon="7.7235996">
        <ele>486</ele>
      </trkpt>
      <trkpt lat="45.6128533" lon="7.7236212">
        <ele>486</ele>
      </trkpt>
      <trkpt lat="45.6128173" lon="7.7236150">
        <ele>487</ele>
      </trkpt>
      <trkpt lat="45.6127250" lon="7.7235851">
        <ele>487</ele>
      </trkpt>
      <trkpt lat="45.6124954" lon="7.7236114">
        <ele>487</ele>
      </trkpt>
      <trkpt lat="45.6123407" lon="7.7236341">
        <ele>487</ele>
      </trkpt>
      <trkpt lat="45.6121570" lon="7.7236171">
        <ele>488</ele>
      </trkpt>
      <trkpt lat="45.6121270" lon="7.7236242">
        <ele>488</ele>
      </trkpt>
      <trkpt lat="45.6120981" lon="7.7236383">
        <ele>488</ele>
      </trkpt>
      <trkpt lat="45.6120578" lon="7.7236918">
        <ele>489</ele>
      </trkpt>
      <trkpt lat="45.6121554" lon="7.7238160">
        <ele>489</ele>
      </trkpt>
      <trkpt lat="45.6122470" lon="7.7239158">
        <ele>489</ele>
      </trkpt>
      <trkpt lat="45.6121909" lon="7.7240029">
        <ele>490</ele>
      </trkpt>
      <trkpt lat="45.6121611" lon="7.7241450">
        <ele>490</ele>
      </trkpt>
      <trkpt lat="45.6121712" lon="7.7242358">
        <ele>490</ele>
      </trkpt>
      <trkpt lat="45.6122615" lon="7.7245898">
        <ele>490</ele>
      </trkpt>
      <trkpt lat="45.6123972" lon="7.7250238">
        <ele>491</ele>
      </trkpt>
      <trkpt lat="45.6124062" lon="7.7252468">
        <ele>491</ele>
      </trkpt>
      <trkpt lat="45.6124811" lon="7.7254250">
        <ele>491</ele>
      </trkpt>
      <trkpt lat="45.6125911" lon="7.7256550">
        <ele>492</ele>
      </trkpt>
      <trkpt lat="45.6126711" lon="7.7260450">
        <ele>492</ele>
      </trkpt>
      <trkpt lat="45.6127711" lon="7.7262150">
        <ele>492</ele>
      </trkpt>
      <trkpt lat="45.6127911" lon="7.7263150">
        <ele>492</ele>
      </trkpt>
      <trkpt lat="45.6129411" lon="7.7264650">
        <ele>493</ele>
      </trkpt>
      <trkpt lat="45.6129711" lon="7.7266250">
        <ele>493</ele>
      </trkpt>
      <trkpt lat="45.6127411" lon="7.7269650">
        <ele>493</ele>
      </trkpt>
      <trkpt lat="45.6127511" lon="7.7270950">
        <ele>494</ele>
      </trkpt>
      <trkpt lat="45.6127011" lon="7.7272250">
        <ele>494</ele>
      </trkpt>
      <trkpt lat="45.6126711" lon="7.7274150">
        <ele>494</ele>
      </trkpt>
      <trkpt lat="45.6126211" lon="7.7274650">
        <ele>494</ele>
      </trkpt>
      <trkpt lat="45.6125964" lon="7.7281187">
        <ele>495</ele>
      </trkpt>
      <trkpt lat="45.6126965" lon="7.7285494">
        <ele>495</ele>
      </trkpt>
      <trkpt lat="45.6127144" lon="7.7287014">
        <ele>495</ele>
      </trkpt>
      <trkpt lat="45.6126358" lon="7.7287064">
        <ele>496</ele>
      </trkpt>
      <trkpt lat="45.6126407" lon="7.7289051">
        <ele>496</ele>
      </trkpt>
      <trkpt lat="45.6125952" lon="7.7290846">
        <ele>496</ele>
      </trkpt>
      <trkpt lat="45.6125616" lon="7.7294187">
        <ele>496</ele>
      </trkpt>
      <trkpt lat="45.6126064" lon="7.7296143">
        <ele>497</ele>
      </trkpt>
      <trkpt lat="45.6126345" lon="7.7296732">
        <ele>497</ele>
      </trkpt>
      <trkpt lat="45.6126411" lon="7.7296950">
        <ele>497</ele>
      </trkpt>
      <trkpt lat="45.6126911" lon="7.7297850">
        <ele>498</ele>
      </trkpt>
      <trkpt lat="45.6128711" lon="7.7300050">
        <ele>498</ele>
      </trkpt>
      <trkpt lat="45.6129311" lon="7.7300650">
        <ele>498</ele>
      </trkpt>
      <trkpt lat="45.6130611" lon="7.7301250">
        <ele>498</ele>
      </trkpt>
      <trkpt lat="45.6130611" lon="7.7301935">
        <ele>499</ele>
      </trkpt>
      <trkpt lat="45.6130611" lon="7.7302450">
        <ele>499</ele>
      </trkpt>
      <trkpt lat="45.6131511" lon="7.7303450">
        <ele>499</ele>
      </trkpt>
      <trkpt lat="45.6132011" lon="7.7304650">
        <ele>500</ele>
      </trkpt>
      <trkpt lat="45.6130311" lon="7.7307250">
        <ele>500</ele>
      </trkpt>
      <trkpt lat="45.6130811" lon="7.7309450">
        <ele>500</ele>
      </trkpt>
      <trkpt lat="45.6131311" lon="7.7310450">
        <ele>500</ele>
      </trkpt>
      <trkpt lat="45.6133102" lon="7.7312539">
        <ele>501</ele>
      </trkpt>
      <trkpt lat="45.6135211" lon="7.7314350">
        <ele>501</ele>
      </trkpt>
      <trkpt lat="45.6135311" lon="7.7315150">
        <ele>501</ele>
      </trkpt>
      <trkpt lat="45.6133911" lon="7.7319550">
        <ele>502</ele>
      </trkpt>
      <trkpt lat="45.6133165" lon="7.7321227">
        <ele>502</ele>
      </trkpt>
      <trkpt lat="45.6133559" lon="7.7322545">
        <ele>502</ele>
      </trkpt>
      <trkpt lat="45.6137740" lon="7.7331623">
        <ele>502</ele>
      </trkpt>
      <trkpt lat="45.6139606" lon="7.7337742">
        <ele>503</ele>
      </trkpt>
      <trkpt lat="45.6143743" lon="7.7346151">
        <ele>503</ele>
      </trkpt>
      <trkpt lat="45.6145132" lon="7.7348423">
        <ele>503</ele>
      </trkpt>
      <trkpt lat="45.6146278" lon="7.7350973">
        <ele>504</ele>
      </trkpt>
      <trkpt lat="45.6147305" lon="7.7352193">
        <ele>504</ele>
      </trkpt>
      <trkpt lat="45.6147936" lon="7.7355164">
        <ele>504</ele>
      </trkpt>
      <trkpt lat="45.6148419" lon="7.7355190">
        <ele>504</ele>
      </trkpt>
      <trkpt lat="45.6148611" lon="7.7355850">
        <ele>505</ele>
      </trkpt>
      <trkpt lat="45.6149211" lon="7.7356650">
        <ele>505</ele>
      </trkpt>
      <trkpt lat="45.6149711" lon="7.7358050">
        <ele>505</ele>
      </trkpt>
      <trkpt lat="45.6149711" lon="7.7359050">
        <ele>506</ele>
      </trkpt>
      <trkpt lat="45.6150211" lon="7.7360450">
        <ele>506</ele>
      </trkpt>
      <trkpt lat="45.6151411" lon="7.7358850">
        <ele>506</ele>
      </trkpt>
      <trkpt lat="45.6151511" lon="7.7359950">
        <ele>506</ele>
      </trkpt>
      <trkpt lat="45.6152311" lon="7.7359450">
        <ele>507</ele>
      </trkpt>
      <trkpt lat="45.6152511" lon="7.7359650">
        <ele>507</ele>
      </trkpt>
      <trkpt lat="45.6152611" lon="7.7360250">
        <ele>507</ele>
      </trkpt>
      <trkpt lat="45.6154011" lon="7.7359850">
        <ele>508</ele>
      </trkpt>
      <trkpt lat="45.6154211" lon="7.7360250">
        <ele>508</ele>
      </trkpt>
      <trkpt lat="45.6154311" lon="7.7361250">
        <ele>508</ele>
      </trkpt>
      <trkpt lat="45.6154211" lon="7.7361550">
        <ele>508</ele>
      </trkpt>
      <trkpt lat="45.6153211" lon="7.7362650">
        <ele>509</ele>
      </trkpt>
      <trkpt lat="45.6152411" lon="7.7364650">
        <ele>509</ele>
      </trkpt>
      <trkpt lat="45.6152611" lon="7.7365950">
        <ele>509</ele>
      </trkpt>
      <trkpt lat="45.6152511" lon="7.7367350">
        <ele>510</ele>
      </trkpt>
      <trkpt lat="45.6152011" lon="7.7369650">
        <ele>510</ele>
      </trkpt>
      <trkpt lat="45.6151965" lon="7.7370627">
        <ele>510</ele>
      </trkpt>
      <trkpt lat="45.6151151" lon="7.7371112">
        <ele>510</ele>
      </trkpt>
      <trkpt lat="45.6150669" lon="7.7371979">
        <ele>511</ele>
      </trkpt>
      <trkpt lat="45.6151171" lon="7.7372902">
        <ele>511</ele>
      </trkpt>
      <trkpt lat="45.6151790" lon="7.7374522">
        <ele>511</ele>
      </trkpt>
      <trkpt lat="45.6152491" lon="7.7373901">
        <ele>512</ele>
      </trkpt>
      <trkpt lat="45.6153412" lon="7.7373085">
        <ele>512</ele>
      </trkpt>
      <trkpt lat="45.6157257" lon="7.7370041">
        <ele>512</ele>
      </trkpt>
      <trkpt lat="45.6158938" lon="7.7368913">
        <ele>512</ele>
      </trkpt>
      <trkpt lat="45.6159754" lon="7.7368662">
        <ele>513</ele>
      </trkpt>
      <trkpt lat="45.6160954" lon="7.7368479">
        <ele>513</ele>
      </trkpt>
      <trkpt lat="45.6161824" lon="7.7368148">
        <ele>513</ele>
      </trkpt>
      <trkpt lat="45.6163507" lon="7.7367176">
        <ele>514</ele>
      </trkpt>
      <trkpt lat="45.6164539" lon="7.7366608">
        <ele>514</ele>
      </trkpt>
      <trkpt lat="45.6165519" lon="7.7366353">
        <ele>514</ele>
      </trkpt>
      <trkpt lat="45.6166121" lon="7.7366495">
        <ele>514</ele>
      </trkpt>
      <trkpt lat="45.6167378" lon="7.7366545">
        <ele>515</ele>
      </trkpt>
      <trkpt lat="45.6169070" lon="7.7366429">
        <ele>515</ele>
      </trkpt>
      <trkpt lat="45.6170872" lon="7.7366388">
        <ele>515</ele>
      </trkpt>
      <trkpt lat="45.6172401" lon="7.7366276">
        <ele>516</ele>
      </trkpt>
      <trkpt lat="45.6174042" lon="7.7366473">
        <ele>516</ele>
      </trkpt>
      <trkpt lat="45.6176065" lon="7.7366661">
        <ele>516</ele>
      </trkpt>
      <trkpt lat="45.6178032" lon="7.7366694">
        <ele>516</ele>
      </trkpt>
      <trkpt lat="45.6180162" lon="7.7366724">
        <ele>517</ele>
      </trkpt>
      <trkpt lat="45.6181362" lon="7.7366542">
        <ele>517</ele>
      </trkpt>
      <trkpt lat="45.6182285" lon="7.7366054">
        <ele>517</ele>
      </trkpt>
      <trkpt lat="45.6183207" lon="7.7365488">
        <ele>518</ele>
      </trkpt>
      <trkpt lat="45.6184459" lon="7.7365071">
        <ele>518</ele>
      </trkpt>
      <trkpt lat="45.6186202" lon="7.7364643">
        <ele>518</ele>
      </trkpt>
      <trkpt lat="45.6187756" lon="7.7364102">
        <ele>519</ele>
      </trkpt>
      <trkpt lat="45.6188440" lon="7.7364389">
        <ele>519</ele>
      </trkpt>
      <trkpt lat="45.6189240" lon="7.7364151">
        <ele>519</ele>
      </trkpt>
      <trkpt lat="45.6190039" lon="7.7363913">
        <ele>519</ele>
      </trkpt>
      <trkpt lat="45.6190839" lon="7.7363675">
        <ele>520</ele>
      </trkpt>
      <trkpt lat="45.6191647" lon="7.7363137">
        <ele>520</ele>
      </trkpt>
      <trkpt lat="45.6192455" lon="7.7362598">
        <ele>520</ele>
      </trkpt>
      <trkpt lat="45.6193262" lon="7.7362059">
        <ele>521</ele>
      </trkpt>
      <trkpt lat="45.6194070" lon="7.7361520">
        <ele>521</ele>
      </trkpt>
      <trkpt lat="45.6194878" lon="7.7360982">
        <ele>521</ele>
      </trkpt>
      <trkpt lat="45.6195686" lon="7.7360443">
        <ele>521</ele>
      </trkpt>
      <trkpt lat="45.6196494" lon="7.7359904">
        <ele>522</ele>
      </trkpt>
      <trkpt lat="45.6197302" lon="7.7359365">
        <ele>522</ele>
      </trkpt>
      <trkpt lat="45.6198110" lon="7.7358827">
        <ele>522</ele>
      </trkpt>
      <trkpt lat="45.6198918" lon="7.7358288">
        <ele>523</ele>
      </trkpt>
      <trkpt lat="45.6199725" lon="7.7357749">
        <ele>523</ele>
      </trkpt>
      <trkpt lat="45.6200077" lon="7.7357515">
        <ele>523</ele>
      </trkpt>
      <trkpt lat="45.6200533" lon="7.7357211">
        <ele>523</ele>
      </trkpt>
      <trkpt lat="45.6201341" lon="7.7356672">
        <ele>524</ele>
      </trkpt>
      <trkpt lat="45.6202149" lon="7.7356133">
        <ele>524</ele>
      </trkpt>
      <trkpt lat="45.6202957" lon="7.7355594">
        <ele>524</ele>
      </trkpt>
      <trkpt lat="45.6203765" lon="7.7355056">
        <ele>525</ele>
      </trkpt>
      <trkpt lat="45.6204573" lon="7.7354517">
        <ele>525</ele>
      </trkpt>
      <trkpt lat="45.6205381" lon="7.7353978">
        <ele>525</ele>
      </trkpt>
      <trkpt lat="45.6206188" lon="7.7353439">
        <ele>525</ele>
      </trkpt>
      <trkpt lat="45.6206996" lon="7.7352901">
        <ele>526</ele>
      </trkpt>
      <trkpt lat="45.6207804" lon="7.7352362">
        <ele>526</ele>
      </trkpt>
      <trkpt lat="45.6208612" lon="7.7351823">
        <ele>526</ele>
      </trkpt>
      <trkpt lat="45.6209420" lon="7.7351284">
        <ele>527</ele>
      </trkpt>
      <trkpt lat="45.6210228" lon="7.7350746">
        <ele>527</ele>
      </trkpt>
      <trkpt lat="45.6211036" lon="7.7350207">
        <ele>527</ele>
      </trkpt>
      <trkpt lat="45.6211843" lon="7.7349668">
        <ele>527</ele>
      </trkpt>
      <trkpt lat="45.6212651" lon="7.7349129">
        <ele>528</ele>
      </trkpt>
      <trkpt lat="45.6213459" lon="7.7348591">
        <ele>528</ele>
      </trkpt>
      <trkpt lat="45.6214267" lon="7.7348052">
        <ele>528</ele>
      </trkpt>
      <trkpt lat="45.6215075" lon="7.7347513">
        <ele>529</ele>
      </trkpt>
      <trkpt lat="45.6215883" lon="7.7346974">
        <ele>529</ele>
      </trkpt>
      <trkpt lat="45.6216691" lon="7.7346436">
        <ele>529</ele>
      </trkpt>
      <trkpt lat="45.6217499" lon="7.7345897">
        <ele>529</ele>
      </trkpt>
      <trkpt lat="45.6218306" lon="7.7345358">
        <ele>530</ele>
      </trkpt>
      <trkpt lat="45.6219114" lon="7.7344819">
        <ele>530</ele>
      </trkpt>
      <trkpt lat="45.6219922" lon="7.7344280">
        <ele>530</ele>
      </trkpt>
      <trkpt lat="45.6220730" lon="7.7343742">
        <ele>531</ele>
      </trkpt>
      <trkpt lat="45.6221538" lon="7.7343203">
        <ele>531</ele>
      </trkpt>
      <trkpt lat="45.6222346" lon="7.7342664">
        <ele>531</ele>
      </trkpt>
      <trkpt lat="45.6223154" lon="7.7342125">
        <ele>531</ele>
      </trkpt>
      <trkpt lat="45.6223961" lon="7.7341587">
        <ele>532</ele>
      </trkpt>
      <trkpt lat="45.6224769" lon="7.7341048">
        <ele>532</ele>
      </trkpt>
      <trkpt lat="45.6225577" lon="7.7340509">
        <ele>532</ele>
      </trkpt>
      <trkpt lat="45.6226385" lon="7.7339970">
        <ele>533</ele>
      </trkpt>
      <trkpt lat="45.6227193" lon="7.7339431">
        <ele>533</ele>
      </trkpt>
      <trkpt lat="45.6228001" lon="7.7338893">
        <ele>533</ele>
      </trkpt>
      <trkpt lat="45.6228809" lon="7.7338354">
        <ele>533</ele>
      </trkpt>
      <trkpt lat="45.6229616" lon="7.7337815">
        <ele>534</ele>
      </trkpt>
      <trkpt lat="45.6230424" lon="7.7337276">
        <ele>534</ele>
      </trkpt>
      <trkpt lat="45.6231232" lon="7.7336738">
        <ele>534</ele>
      </trkpt>
      <trkpt lat="45.6232040" lon="7.7336199">
        <ele>535</ele>
      </trkpt>
      <trkpt lat="45.6232848" lon="7.7335660">
        <ele>535</ele>
      </trkpt>
      <trkpt lat="45.6233656" lon="7.7335121">
        <ele>535</ele>
      </trkpt>
      <trkpt lat="45.6234464" lon="7.7334582">
        <ele>535</ele>
      </trkpt>
      <trkpt lat="45.6235271" lon="7.7334044">
        <ele>536</ele>
      </trkpt>
      <trkpt lat="45.6236079" lon="7.7333505">
        <ele>536</ele>
      </trkpt>
      <trkpt lat="45.6236887" lon="7.7332966">
        <ele>536</ele>
      </trkpt>
      <trkpt lat="45.6237695" lon="7.7332427">
        <ele>537</ele>
      </trkpt>
      <trkpt lat="45.6238503" lon="7.7331888">
        <ele>537</ele>
      </trkpt>
      <trkpt lat="45.6239311" lon="7.7331350">
        <ele>537</ele>
      </trkpt>
      <trkpt lat="45.6240119" lon="7.7330811">
        <ele>537</ele>
      </trkpt>
      <trkpt lat="45.6240926" lon="7.7330272">
        <ele>538</ele>
      </trkpt>
      <trkpt lat="45.6241734" lon="7.7329733">
        <ele>538</ele>
      </trkpt>
      <trkpt lat="45.6242542" lon="7.7329194">
        <ele>538</ele>
      </trkpt>
      <trkpt lat="45.6243350" lon="7.7328655">
        <ele>539</ele>
      </trkpt>
      <trkpt lat="45.6244158" lon="7.7328117">
        <ele>539</ele>
      </trkpt>
      <trkpt lat="45.6244966" lon="7.7327578">
        <ele>539</ele>
      </trkpt>
      <trkpt lat="45.6245774" lon="7.7327039">
        <ele>539</ele>
      </trkpt>
      <trkpt lat="45.6246581" lon="7.7326500">
        <ele>540</ele>
      </trkpt>
      <trkpt lat="45.6247389" lon="7.7325961">
        <ele>540</ele>
      </trkpt>
      <trkpt lat="45.6248197" lon="7.7325423">
        <ele>540</ele>
      </trkpt>
      <trkpt lat="45.6249005" lon="7.7324884">
        <ele>541</ele>
      </trkpt>
      <trkpt lat="45.6249813" lon="7.7324345">
        <ele>541</ele>
      </trkpt>
      <trkpt lat="45.6250621" lon="7.7323806">
        <ele>541</ele>
      </trkpt>
      <trkpt lat="45.6251429" lon="7.7323267">
        <ele>541</ele>
      </trkpt>
      <trkpt lat="45.6252236" lon="7.7322728">
        <ele>542</ele>
      </trkpt>
      <trkpt lat="45.6253044" lon="7.7322190">
        <ele>542</ele>
      </trkpt>
      <trkpt lat="45.6253852" lon="7.7321651">
        <ele>542</ele>
      </trkpt>
      <trkpt lat="45.6254660" lon="7.7321112">
        <ele>543</ele>
      </trkpt>
      <trkpt lat="45.6255468" lon="7.7320573">
        <ele>543</ele>
      </trkpt>
      <trkpt lat="45.6256276" lon="7.7320034">
        <ele>543</ele>
      </trkpt>
      <trkpt lat="45.6257084" lon="7.7319495">
        <ele>543</ele>
      </trkpt>
      <trkpt lat="45.6257891" lon="7.7318956">
        <ele>544</ele>
      </trkpt>
      <trkpt lat="45.6258699" lon="7.7318418">
        <ele>544</ele>
      </trkpt>
      <trkpt lat="45.6259507" lon="7.7317879">
        <ele>544</ele>
      </trkpt>
      <trkpt lat="45.6260315" lon="7.7317340">
        <ele>545</ele>
      </trkpt>
      <trkpt lat="45.6260727" lon="7.7317065">
        <ele>545</ele>
      </trkpt>
      <trkpt lat="45.6261123" lon="7.7316801">
        <ele>545</ele>
      </trkpt>
      <trkpt lat="45.6261931" lon="7.7316262">
        <ele>546</ele>
      </trkpt>
      <trkpt lat="45.6262739" lon="7.7315723">
        <ele>546</ele>
      </trkpt>
      <trkpt lat="45.6263546" lon="7.7315185">
        <ele>546</ele>
      </trkpt>
      <trkpt lat="45.6264354" lon="7.7314646">
        <ele>546</ele>
      </trkpt>
      <trkpt lat="45.6265162" lon="7.7314107">
        <ele>547</ele>
      </trkpt>
      <trkpt lat="45.6265970" lon="7.7313568">
        <ele>547</ele>
      </trkpt>
      <trkpt lat="45.6266778" lon="7.7313029">
        <ele>547</ele>
      </trkpt>
      <trkpt lat="45.6267586" lon="7.7312490">
        <ele>548</ele>
      </trkpt>
      <trkpt lat="45.6268393" lon="7.7311951">
        <ele>548</ele>
      </trkpt>
      <trkpt lat="45.6269201" lon="7.7311412">
        <ele>548</ele>
      </trkpt>
      <trkpt lat="45.6270009" lon="7.7310874">
        <ele>548</ele>
      </trkpt>
      <trkpt lat="45.6270817" lon="7.7310335">
        <ele>549</ele>
      </trkpt>
      <trkpt lat="45.6271178" lon="7.7310094">
        <ele>549</ele>
      </trkpt>
      <trkpt lat="45.6271625" lon="7.7309796">
        <ele>549</ele>
      </trkpt>
      <trkpt lat="45.6272268" lon="7.7309286">
        <ele>550</ele>
      </trkpt>
      <trkpt lat="45.6272911" lon="7.7308776">
        <ele>550</ele>
      </trkpt>
      <trkpt lat="45.6273554" lon="7.7308266">
        <ele>550</ele>
      </trkpt>
      <trkpt lat="45.6274197" lon="7.7307756">
        <ele>550</ele>
      </trkpt>
      <trkpt lat="45.6274987" lon="7.7307202">
        <ele>551</ele>
      </trkpt>
      <trkpt lat="45.6275777" lon="7.7306648">
        <ele>551</ele>
      </trkpt>
      <trkpt lat="45.6276566" lon="7.7306094">
        <ele>551</ele>
      </trkpt>
      <trkpt lat="45.6277356" lon="7.7305540">
        <ele>552</ele>
      </trkpt>
      <trkpt lat="45.6278146" lon="7.7304986">
        <ele>552</ele>
      </trkpt>
      <trkpt lat="45.6278935" lon="7.7304433">
        <ele>552</ele>
      </trkpt>
      <trkpt lat="45.6279725" lon="7.7303879">
        <ele>552</ele>
      </trkpt>
      <trkpt lat="45.6280515" lon="7.7303325">
        <ele>553</ele>
      </trkpt>
      <trkpt lat="45.6281304" lon="7.7302771">
        <ele>553</ele>
      </trkpt>
      <trkpt lat="45.6282094" lon="7.7302217">
        <ele>553</ele>
      </trkpt>
      <trkpt lat="45.6282884" lon="7.7301663">
        <ele>554</ele>
      </trkpt>
      <trkpt lat="45.6283673" lon="7.7301109">
        <ele>554</ele>
      </trkpt>
      <trkpt lat="45.6284463" lon="7.7300555">
        <ele>554</ele>
      </trkpt>
      <trkpt lat="45.6285253" lon="7.7300002">
        <ele>554</ele>
      </trkpt>
      <trkpt lat="45.6286042" lon="7.7299448">
        <ele>555</ele>
      </trkpt>
      <trkpt lat="45.6286832" lon="7.7298894">
        <ele>555</ele>
      </trkpt>
      <trkpt lat="45.6287622" lon="7.7298340">
        <ele>555</ele>
      </trkpt>
      <trkpt lat="45.6288411" lon="7.7297786">
        <ele>556</ele>
      </trkpt>
      <trkpt lat="45.6289201" lon="7.7297232">
        <ele>556</ele>
      </trkpt>
      <trkpt lat="45.6289991" lon="7.7296678">
        <ele>556</ele>
      </trkpt>
      <trkpt lat="45.6290780" lon="7.7296124">
        <ele>556</ele>
      </trkpt>
      <trkpt lat="45.6291570" lon="7.7295570">
        <ele>557</ele>
      </trkpt>
      <trkpt lat="45.6292360" lon="7.7295016">
        <ele>557</ele>
      </trkpt>
      <trkpt lat="45.6293149" lon="7.7294463">
        <ele>557</ele>
      </trkpt>
      <trkpt lat="45.6293939" lon="7.7293909">
        <ele>558</ele>
      </trkpt>
      <trkpt lat="45.6294729" lon="7.7293355">
        <ele>558</ele>
      </trkpt>
      <trkpt lat="45.6295486" lon="7.7292986">
        <ele>558</ele>
      </trkpt>
      <trkpt lat="45.6296275" lon="7.7292432">
        <ele>558</ele>
      </trkpt>
      <trkpt lat="45.6297065" lon="7.7291878">
        <ele>559</ele>
      </trkpt>
      <trkpt lat="45.6297855" lon="7.7291324">
        <ele>559</ele>
      </trkpt>
      <trkpt lat="45.6298644" lon="7.7290770">
        <ele>559</ele>
      </trkpt>
      <trkpt lat="45.6299434" lon="7.7290216">
        <ele>560</ele>
      </trkpt>
      <trkpt lat="45.6300224" lon="7.7289663">
        <ele>560</ele>
      </trkpt>
      <trkpt lat="45.6301013" lon="7.7289109">
        <ele>560</ele>
      </trkpt>
      <trkpt lat="45.6301803" lon="7.7288555">
        <ele>560</ele>
      </trkpt>
      <trkpt lat="45.6302593" lon="7.7288001">
        <ele>561</ele>
      </trkpt>
      <trkpt lat="45.6303220" lon="7.7287618">
        <ele>561</ele>
      </trkpt>
      <trkpt lat="45.6303554" lon="7.7287433">
        <ele>561</ele>
      </trkpt>
      <trkpt lat="45.6304213" lon="7.7288196">
        <ele>562</ele>
      </trkpt>
      <trkpt lat="45.6304717" lon="7.7288690">
        <ele>562</ele>
      </trkpt>
      <trkpt lat="45.6304956" lon="7.7288609">
        <ele>562</ele>
      </trkpt>
      <trkpt lat="45.6305239" lon="7.7288284">
        <ele>562</ele>
      </trkpt>
      <trkpt lat="45.6305292" lon="7.7287784">
        <ele>563</ele>
      </trkpt>
      <trkpt lat="45.6305437" lon="7.7286725">
        <ele>563</ele>
      </trkpt>
      <trkpt lat="45.6305559" lon="7.7285603">
        <ele>563</ele>
      </trkpt>
      <trkpt lat="45.6305729" lon="7.7284710">
        <ele>564</ele>
      </trkpt>
      <trkpt lat="45.6306201" lon="7.7282638">
        <ele>564</ele>
      </trkpt>
      <trkpt lat="45.6306764" lon="7.7280657">
        <ele>564</ele>
      </trkpt>
      <trkpt lat="45.6307630" lon="7.7277542">
        <ele>564</ele>
      </trkpt>
      <trkpt lat="45.6308807" lon="7.7274184">
        <ele>565</ele>
      </trkpt>
      <trkpt lat="45.6309508" lon="7.7272492">
        <ele>565</ele>
      </trkpt>
      <trkpt lat="45.6310390" lon="7.7270873">
        <ele>565</ele>
      </trkpt>
      <trkpt lat="45.6311410" lon="7.7269475">
        <ele>566</ele>
      </trkpt>
      <trkpt lat="45.6314074" lon="7.7266267">
        <ele>566</ele>
      </trkpt>
      <trkpt lat="45.6315318" lon="7.7264808">
        <ele>566</ele>
      </trkpt>
      <trkpt lat="45.6316329" lon="7.7262672">
        <ele>566</ele>
      </trkpt>
      <trkpt lat="45.6317954" lon="7.7259075">
        <ele>567</ele>
      </trkpt>
      <trkpt lat="45.6319271" lon="7.7256030">
        <ele>567</ele>
      </trkpt>
      <trkpt lat="45.6320235" lon="7.7253735">
        <ele>567</ele>
      </trkpt>
      <trkpt lat="45.6320979" lon="7.7251866">
        <ele>568</ele>
      </trkpt>
      <trkpt lat="45.6321810" lon="7.7249710">
        <ele>568</ele>
      </trkpt>
      <trkpt lat="45.6322518" lon="7.7248608">
        <ele>568</ele>
      </trkpt>
      <trkpt lat="45.6323363" lon="7.7247739">
        <ele>568</ele>
      </trkpt>
      <trkpt lat="45.6324929" lon="7.7246443">
        <ele>569</ele>
      </trkpt>
      <trkpt lat="45.6325819" lon="7.7245504">
        <ele>569</ele>
      </trkpt>
      <trkpt lat="45.6326531" lon="7.7244851">
        <ele>569</ele>
      </trkpt>
      <trkpt lat="45.6327150" lon="7.7243782">
        <ele>570</ele>
      </trkpt>
      <trkpt lat="45.6327988" lon="7.7241773">
        <ele>570</ele>
      </trkpt>
      <trkpt lat="45.6328573" lon="7.7239835">
        <ele>570</ele>
      </trkpt>
      <trkpt lat="45.6329034" lon="7.7238519">
        <ele>570</ele>
      </trkpt>
      <trkpt lat="45.6329420" lon="7.7237636">
        <ele>571</ele>
      </trkpt>
      <trkpt lat="45.6329760" lon="7.7236791">
        <ele>571</ele>
      </trkpt>
      <trkpt lat="45.6330996" lon="7.7234670">
        <ele>571</ele>
      </trkpt>
      <trkpt lat="45.6333236" lon="7.7231526">
        <ele>572</ele>
      </trkpt>
      <trkpt lat="45.6333705" lon="7.7230687">
        <ele>572</ele>
      </trkpt>
      <trkpt lat="45.6334278" lon="7.7229750">
        <ele>572</ele>
      </trkpt>
      <trkpt lat="45.6334473" lon="7.7229050">
        <ele>573</ele>
      </trkpt>
      <trkpt lat="45.6334664" lon="7.7228021">
        <ele>573</ele>
      </trkpt>
      <trkpt lat="45.6334917" lon="7.7226504">
        <ele>573</ele>
      </trkpt>
      <trkpt lat="45.6335515" lon="7.7223660">
        <ele>573</ele>
      </trkpt>
      <trkpt lat="45.6336032" lon="7.7221535">
        <ele>574</ele>
      </trkpt>
      <trkpt lat="45.6336815" lon="7.7219196">
        <ele>574</ele>
      </trkpt>
      <trkpt lat="45.6337601" lon="7.7217001">
        <ele>574</ele>
      </trkpt>
      <trkpt lat="45.6338295" lon="7.7214716">
        <ele>575</ele>
      </trkpt>
      <trkpt lat="45.6338945" lon="7.7212472">
        <ele>575</ele>
      </trkpt>
      <trkpt lat="45.6339416" lon="7.7210256">
        <ele>575</ele>
      </trkpt>
      <trkpt lat="45.6339883" lon="7.7207760">
        <ele>575</ele>
      </trkpt>
      <trkpt lat="45.6340311" lon="7.7205870">
        <ele>576</ele>
      </trkpt>
      <trkpt lat="45.6340911" lon="7.7203142">
        <ele>576</ele>
      </trkpt>
      <trkpt lat="45.6341526" lon="7.7201777">
        <ele>576</ele>
      </trkpt>
      <trkpt lat="45.6342542" lon="7.7200090">
        <ele>577</ele>
      </trkpt>
      <trkpt lat="45.6343245" lon="7.7198578">
        <ele>577</ele>
      </trkpt>
      <trkpt lat="45.6343681" lon="7.7197357">
        <ele>577</ele>
      </trkpt>
      <trkpt lat="45.6344237" lon="7.7194699">
        <ele>577</ele>
      </trkpt>
      <trkpt lat="45.6344974" lon="7.7192248">
        <ele>578</ele>
      </trkpt>
      <trkpt lat="45.6345661" lon="7.7189274">
        <ele>578</ele>
      </trkpt>
      <trkpt lat="45.6346272" lon="7.7187568">
        <ele>578</ele>
      </trkpt>
      <trkpt lat="45.6346757" lon="7.7186727">
        <ele>579</ele>
      </trkpt>
      <trkpt lat="45.6347201" lon="7.7186171">
        <ele>579</ele>
      </trkpt>
      <trkpt lat="45.6347826" lon="7.7185724">
        <ele>579</ele>
      </trkpt>
      <trkpt lat="45.6348809" lon="7.7185064">
        <ele>579</ele>
      </trkpt>
      <trkpt lat="45.6349211" lon="7.7184818">
        <ele>580</ele>
      </trkpt>
      <trkpt lat="45.6349970" lon="7.7184296">
        <ele>580</ele>
      </trkpt>
      <trkpt lat="45.6351535" lon="7.7183358">
        <ele>580</ele>
      </trkpt>
      <trkpt lat="45.6352517" lon="7.7182626">
        <ele>581</ele>
      </trkpt>
      <trkpt lat="45.6352919" lon="7.7182336">
        <ele>581</ele>
      </trkpt>
      <trkpt lat="45.6353945" lon="7.7181519">
        <ele>581</ele>
      </trkpt>
      <trkpt lat="45.6355597" lon="7.7180367">
        <ele>581</ele>
      </trkpt>
      <trkpt lat="45.6356114" lon="7.7182340">
        <ele>582</ele>
      </trkpt>
      <trkpt lat="45.6358155" lon="7.7187766">
        <ele>582</ele>
      </trkpt>
      <trkpt lat="45.6358949" lon="7.7189810">
        <ele>582</ele>
      </trkpt>
      <trkpt lat="45.6358349" lon="7.7190552">
        <ele>583</ele>
      </trkpt>
      <trkpt lat="45.6358386" lon="7.7191263">
        <ele>583</ele>
      </trkpt>
      <trkpt lat="45.6358625" lon="7.7192056">
        <ele>583</ele>
      </trkpt>
      <trkpt lat="45.6359604" lon="7.7194198">
        <ele>583</ele>
      </trkpt>
      <trkpt lat="45.6360101" lon="7.7195402">
        <ele>584</ele>
      </trkpt>
      <trkpt lat="45.6360451" lon="7.7196718">
        <ele>584</ele>
      </trkpt>
      <trkpt lat="45.6360658" lon="7.7197642">
        <ele>584</ele>
      </trkpt>
      <trkpt lat="45.6360792" lon="7.7198287">
        <ele>585</ele>
      </trkpt>
      <trkpt lat="45.6360859" lon="7.7198729">
        <ele>585</ele>
      </trkpt>
      <trkpt lat="45.6360861" lon="7.7198735">
        <ele>585</ele>
      </trkpt>
      <trkpt lat="45.6361234" lon="7.7199922">
        <ele>585</ele>
      </trkpt>
      <trkpt lat="45.6361647" lon="7.7201060">
        <ele>586</ele>
      </trkpt>
      <trkpt lat="45.6362175" lon="7.7202488">
        <ele>586</ele>
      </trkpt>
      <trkpt lat="45.6362559" lon="7.7203456">
        <ele>586</ele>
      </trkpt>
      <trkpt lat="45.6363348" lon="7.7205424">
        <ele>587</ele>
      </trkpt>
      <trkpt lat="45.6363833" lon="7.7206860">
        <ele>587</ele>
      </trkpt>
      <trkpt lat="45.6364061" lon="7.7207941">
        <ele>587</ele>
      </trkpt>
      <trkpt lat="45.6364207" lon="7.7208586">
        <ele>587</ele>
      </trkpt>
      <trkpt lat="45.6365065" lon="7.7210621">
        <ele>588</ele>
      </trkpt>
      <trkpt lat="45.6365518" lon="7.7211669">
        <ele>588</ele>
      </trkpt>
      <trkpt lat="45.6365784" lon="7.7212346">
        <ele>588</ele>
      </trkpt>
      <trkpt lat="45.6366436" lon="7.7213703">
        <ele>589</ele>
      </trkpt>
      <trkpt lat="45.6366807" lon="7.7214336">
        <ele>589</ele>
      </trkpt>
      <trkpt lat="45.6367306" lon="7.7214601">
        <ele>589</ele>
      </trkpt>
      <trkpt lat="45.6367906" lon="7.7214704">
        <ele>589</ele>
      </trkpt>
      <trkpt lat="45.6368227" lon="7.7215138">
        <ele>590</ele>
      </trkpt>
      <trkpt lat="45.6368689" lon="7.7216190">
        <ele>590</ele>
      </trkpt>
      <trkpt lat="45.6368920" lon="7.7216744">
        <ele>590</ele>
      </trkpt>
      <trkpt lat="45.6369152" lon="7.7217298">
        <ele>591</ele>
      </trkpt>
      <trkpt lat="45.6369339" lon="7.7217917">
        <ele>591</ele>
      </trkpt>
      <trkpt lat="45.6369525" lon="7.7218537">
        <ele>591</ele>
      </trkpt>
      <trkpt lat="45.6369760" lon="7.7219359">
        <ele>591</ele>
      </trkpt>
      <trkpt lat="45.6369994" lon="7.7220182">
        <ele>592</ele>
      </trkpt>
      <trkpt lat="45.6370142" lon="7.7221349">
        <ele>592</ele>
      </trkpt>
      <trkpt lat="45.6370128" lon="7.7222093">
        <ele>592</ele>
      </trkpt>
      <trkpt lat="45.6370114" lon="7.7222837">
        <ele>593</ele>
      </trkpt>
      <trkpt lat="45.6370077" lon="7.7223580">
        <ele>593</ele>
      </trkpt>
      <trkpt lat="45.6370040" lon="7.7224323">
        <ele>593</ele>
      </trkpt>
      <trkpt lat="45.6369961" lon="7.7225267">
        <ele>593</ele>
      </trkpt>
      <trkpt lat="45.6369925" lon="7.7226122">
        <ele>594</ele>
      </trkpt>
      <trkpt lat="45.6369979" lon="7.7226870">
        <ele>594</ele>
      </trkpt>
      <trkpt lat="45.6370216" lon="7.7227943">
        <ele>594</ele>
      </trkpt>
      <trkpt lat="45.6370449" lon="7.7228672">
        <ele>595</ele>
      </trkpt>
      <trkpt lat="45.6370866" lon="7.7229761">
        <ele>595</ele>
      </trkpt>
      <trkpt lat="45.6371327" lon="7.7230741">
        <ele>595</ele>
      </trkpt>
      <trkpt lat="45.6371650" lon="7.7231419">
        <ele>595</ele>
      </trkpt>
      <trkpt lat="45.6371926" lon="7.7231962">
        <ele>596</ele>
      </trkpt>
      <trkpt lat="45.6372342" lon="7.7232987">
        <ele>596</ele>
      </trkpt>
      <trkpt lat="45.6372663" lon="7.7233501">
        <ele>596</ele>
      </trkpt>
      <trkpt lat="45.6373163" lon="7.7233983">
        <ele>597</ele>
      </trkpt>
      <trkpt lat="45.6373661" lon="7.7234232">
        <ele>597</ele>
      </trkpt>
      <trkpt lat="45.6374520" lon="7.7234513">
        <ele>597</ele>
      </trkpt>
      <trkpt lat="45.6375018" lon="7.7234795">
        <ele>597</ele>
      </trkpt>
      <trkpt lat="45.6375516" lon="7.7235076">
        <ele>598</ele>
      </trkpt>
      <trkpt lat="45.6376174" lon="7.7235560">
        <ele>598</ele>
      </trkpt>
      <trkpt lat="45.6376832" lon="7.7236045">
        <ele>598</ele>
      </trkpt>
      <trkpt lat="45.6377467" lon="7.7236515">
        <ele>599</ele>
      </trkpt>
      <trkpt lat="45.6377784" lon="7.7236701">
        <ele>599</ele>
      </trkpt>
      <trkpt lat="45.6378263" lon="7.7237126">
        <ele>599</ele>
      </trkpt>
      <trkpt lat="45.6378741" lon="7.7237552">
        <ele>600</ele>
      </trkpt>
      <trkpt lat="45.6379263" lon="7.7238016">
        <ele>600</ele>
      </trkpt>
      <trkpt lat="45.6379784" lon="7.7238480">
        <ele>600</ele>
      </trkpt>
      <trkpt lat="45.6380146" lon="7.7238608">
        <ele>600</ele>
      </trkpt>
      <trkpt lat="45.6380914" lon="7.7238883">
        <ele>601</ele>
      </trkpt>
      <trkpt lat="45.6381367" lon="7.7239141">
        <ele>601</ele>
      </trkpt>
      <trkpt lat="45.6381601" lon="7.7239934">
        <ele>601</ele>
      </trkpt>
      <trkpt lat="45.6381251" lon="7.7240856">
        <ele>602</ele>
      </trkpt>
      <trkpt lat="45.6380987" lon="7.7241375">
        <ele>602</ele>
      </trkpt>
      <trkpt lat="45.6380857" lon="7.7241819">
        <ele>602</ele>
      </trkpt>
      <trkpt lat="45.6380816" lon="7.7242209">
        <ele>602</ele>
      </trkpt>
      <trkpt lat="45.6380912" lon="7.7242772">
        <ele>603</ele>
      </trkpt>
      <trkpt lat="45.6381056" lon="7.7243551">
        <ele>603</ele>
      </trkpt>
      <trkpt lat="45.6381200" lon="7.7244330">
        <ele>603</ele>
      </trkpt>
      <trkpt lat="45.6381341" lon="7.7244908">
        <ele>604</ele>
      </trkpt>
      <trkpt lat="45.6381602" lon="7.7246093">
        <ele>604</ele>
      </trkpt>
      <trkpt lat="45.6381863" lon="7.7247278">
        <ele>604</ele>
      </trkpt>
      <trkpt lat="45.6382052" lon="7.7248109">
        <ele>604</ele>
      </trkpt>
      <trkpt lat="45.6382241" lon="7.7248941">
        <ele>605</ele>
      </trkpt>
      <trkpt lat="45.6382451" lon="7.7249514">
        <ele>605</ele>
      </trkpt>
      <trkpt lat="45.6382837" lon="7.7249878">
        <ele>605</ele>
      </trkpt>
      <trkpt lat="45.6383934" lon="7.7250231">
        <ele>606</ele>
      </trkpt>
      <trkpt lat="45.6385111" lon="7.7250516">
        <ele>606</ele>
      </trkpt>
      <trkpt lat="45.6386053" lon="7.7250829">
        <ele>606</ele>
      </trkpt>
      <trkpt lat="45.6386422" lon="7.7251336">
        <ele>606</ele>
      </trkpt>
      <trkpt lat="45.6386595" lon="7.7252075">
        <ele>607</ele>
      </trkpt>
      <trkpt lat="45.6387518" lon="7.7255980">
        <ele>607</ele>
      </trkpt>
      <trkpt lat="45.6387704" lon="7.7256895">
        <ele>607</ele>
      </trkpt>
      <trkpt lat="45.6388024" lon="7.7258440">
        <ele>608</ele>
      </trkpt>
      <trkpt lat="45.6390731" lon="7.7258119">
        <ele>608</ele>
      </trkpt>
      <trkpt lat="45.6392555" lon="7.7257749">
        <ele>608</ele>
      </trkpt>
      <trkpt lat="45.6392726" lon="7.7259430">
        <ele>608</ele>
      </trkpt>
      <trkpt lat="45.6392757" lon="7.7260639">
        <ele>609</ele>
      </trkpt>
      <trkpt lat="45.6392788" lon="7.7261848">
        <ele>609</ele>
      </trkpt>
      <trkpt lat="45.6392690" lon="7.7262861">
        <ele>609</ele>
      </trkpt>
      <trkpt lat="45.6392592" lon="7.7263873">
        <ele>610</ele>
      </trkpt>
      <trkpt lat="45.6392494" lon="7.7264885">
        <ele>610</ele>
      </trkpt>
      <trkpt lat="45.6392284" lon="7.7266106">
        <ele>610</ele>
      </trkpt>
      <trkpt lat="45.6392075" lon="7.7267327">
        <ele>610</ele>
      </trkpt>
      <trkpt lat="45.6391865" lon="7.7268548">
        <ele>611</ele>
      </trkpt>
      <trkpt lat="45.6391610" lon="7.7269579">
        <ele>611</ele>
      </trkpt>
      <trkpt lat="45.6391355" lon="7.7270609">
        <ele>611</ele>
      </trkpt>
      <trkpt lat="45.6391099" lon="7.7271640">
        <ele>612</ele>
      </trkpt>
      <trkpt lat="45.6390844" lon="7.7272671">
        <ele>612</ele>
      </trkpt>
      <trkpt lat="45.6390589" lon="7.7273702">
        <ele>612</ele>
      </trkpt>
      <trkpt lat="45.6390341" lon="7.7274867">
        <ele>612</ele>
      </trkpt>
      <trkpt lat="45.6390093" lon="7.7276032">
        <ele>613</ele>
      </trkpt>
      <trkpt lat="45.6389846" lon="7.7277198">
        <ele>613</ele>
      </trkpt>
      <trkpt lat="45.6389707" lon="7.7278435">
        <ele>613</ele>
      </trkpt>
      <trkpt lat="45.6389569" lon="7.7279673">
        <ele>614</ele>
      </trkpt>
      <trkpt lat="45.6389430" lon="7.7280911">
        <ele>614</ele>
      </trkpt>
      <trkpt lat="45.6389292" lon="7.7282143">
        <ele>614</ele>
      </trkpt>
      <trkpt lat="45.6389154" lon="7.7283375">
        <ele>614</ele>
      </trkpt>
      <trkpt lat="45.6389016" lon="7.7284607">
        <ele>615</ele>
      </trkpt>
      <trkpt lat="45.6388878" lon="7.7285839">
        <ele>615</ele>
      </trkpt>
      <trkpt lat="45.6388801" lon="7.7286894">
        <ele>615</ele>
      </trkpt>
      <trkpt lat="45.6388725" lon="7.7287949">
        <ele>616</ele>
      </trkpt>
      <trkpt lat="45.6388648" lon="7.7289004">
        <ele>616</ele>
      </trkpt>
      <trkpt lat="45.6388571" lon="7.7290059">
        <ele>616</ele>
      </trkpt>
      <trkpt lat="45.6388389" lon="7.7291046">
        <ele>616</ele>
      </trkpt>
      <trkpt lat="45.6388393" lon="7.7292444">
        <ele>617</ele>
      </trkpt>
      <trkpt lat="45.6389317" lon="7.7292832">
        <ele>617</ele>
      </trkpt>
      <trkpt lat="45.6390887" lon="7.7292797">
        <ele>617</ele>
      </trkpt>
      <trkpt lat="45.6391948" lon="7.7291790">
        <ele>618</ele>
      </trkpt>
      <trkpt lat="45.6393126" lon="7.7290889">
        <ele>618</ele>
      </trkpt>
      <trkpt lat="45.6394455" lon="7.7290695">
        <ele>618</ele>
      </trkpt>
      <trkpt lat="45.6395429" lon="7.7290400">
        <ele>618</ele>
      </trkpt>
      <trkpt lat="45.6395380" lon="7.7291743">
        <ele>619</ele>
      </trkpt>
      <trkpt lat="45.6395641" lon="7.7292932">
        <ele>619</ele>
      </trkpt>
      <trkpt lat="45.6396051" lon="7.7293819">
        <ele>619</ele>
      </trkpt>
      <trkpt lat="45.6396408" lon="7.7295114">
        <ele>620</ele>
      </trkpt>
      <trkpt lat="45.6396674" lon="7.7296241">
        <ele>620</ele>
      </trkpt>
      <trkpt lat="45.6396462" lon="7.7297381">
        <ele>620</ele>
      </trkpt>
      <trkpt lat="45.6396246" lon="7.7298220">
        <ele>620</ele>
      </trkpt>
      <trkpt lat="45.6395898" lon="7.7299246">
        <ele>621</ele>
      </trkpt>
      <trkpt lat="45.6395285" lon="7.7300800">
        <ele>621</ele>
      </trkpt>
      <trkpt lat="45.6395022" lon="7.7301427">
        <ele>621</ele>
      </trkpt>
      <trkpt lat="45.6394495" lon="7.7302658">
        <ele>622</ele>
      </trkpt>
      <trkpt lat="45.6394190" lon="7.7303507">
        <ele>622</ele>
      </trkpt>
      <trkpt lat="45.6393976" lon="7.7304546">
        <ele>622</ele>
      </trkpt>
      <trkpt lat="45.6393892" lon="7.7305053">
        <ele>622</ele>
      </trkpt>
      <trkpt lat="45.6393553" lon="7.7306905">
        <ele>623</ele>
      </trkpt>
      <trkpt lat="45.6393049" lon="7.7310201">
        <ele>623</ele>
      </trkpt>
      <trkpt lat="45.6392753" lon="7.7311855">
        <ele>623</ele>
      </trkpt>
      <trkpt lat="45.6392335" lon="7.7314744">
        <ele>624</ele>
      </trkpt>
      <trkpt lat="45.6393591" lon="7.7314804">
        <ele>624</ele>
      </trkpt>
      <trkpt lat="45.6395209" lon="7.7314561">
        <ele>624</ele>
      </trkpt>
      <trkpt lat="45.6395352" lon="7.7314329">
        <ele>624</ele>
      </trkpt>
      <trkpt lat="45.6396136" lon="7.7312074">
        <ele>625</ele>
      </trkpt>
      <trkpt lat="45.6397626" lon="7.7307794">
        <ele>625</ele>
      </trkpt>
      <trkpt lat="45.6398379" lon="7.7306179">
        <ele>625</ele>
      </trkpt>
      <trkpt lat="45.6400646" lon="7.7302694">
        <ele>626</ele>
      </trkpt>
      <trkpt lat="45.6404810" lon="7.7294710">
        <ele>626</ele>
      </trkpt>
      <trkpt lat="45.6405659" lon="7.7292719">
        <ele>626</ele>
      </trkpt>
      <trkpt lat="45.6406463" lon="7.7291240">
        <ele>627</ele>
      </trkpt>
      <trkpt lat="45.6407430" lon="7.7290633">
        <ele>627</ele>
      </trkpt>
      <trkpt lat="45.6408700" lon="7.7289655">
        <ele>627</ele>
      </trkpt>
      <trkpt lat="45.6409768" lon="7.7288973">
        <ele>627</ele>
      </trkpt>
      <trkpt lat="45.6410860" lon="7.7288415">
        <ele>628</ele>
      </trkpt>
      <trkpt lat="45.6411805" lon="7.7287832">
        <ele>628</ele>
      </trkpt>
      <trkpt lat="45.6412979" lon="7.7287440">
        <ele>628</ele>
      </trkpt>
      <trkpt lat="45.6414001" lon="7.7287124">
        <ele>629</ele>
      </trkpt>
      <trkpt lat="45.6414508" lon="7.7286675">
        <ele>629</ele>
      </trkpt>
      <trkpt lat="45.6415273" lon="7.7286292">
        <ele>629</ele>
      </trkpt>
      <trkpt lat="45.6415934" lon="7.7285912">
        <ele>629</ele>
      </trkpt>
      <trkpt lat="45.6416600" lon="7.7285824">
        <ele>630</ele>
      </trkpt>
      <trkpt lat="45.6417571" lon="7.7285656">
        <ele>630</ele>
      </trkpt>
      <trkpt lat="45.6418894" lon="7.7284822">
        <ele>630</ele>
      </trkpt>
      <trkpt lat="45.6420266" lon="7.7283768">
        <ele>631</ele>
      </trkpt>
      <trkpt lat="45.6419633" lon="7.7282102">
        <ele>631</ele>
      </trkpt>
      <trkpt lat="45.6419107" lon="7.7280946">
        <ele>631</ele>
      </trkpt>
      <trkpt lat="45.6418270" lon="7.7279357">
        <ele>631</ele>
      </trkpt>
      <trkpt lat="45.6417488" lon="7.7278133">
        <ele>632</ele>
      </trkpt>
      <trkpt lat="45.6417218" lon="7.7276970">
        <ele>632</ele>
      </trkpt>
      <trkpt lat="45.6417826" lon="7.7276299">
        <ele>632</ele>
      </trkpt>
      <trkpt lat="45.6419657" lon="7.7275089">
        <ele>633</ele>
      </trkpt>
      <trkpt lat="45.6420318" lon="7.7274636">
        <ele>633</ele>
      </trkpt>
      <trkpt lat="45.6421026" lon="7.7273816">
        <ele>633</ele>
      </trkpt>
      <trkpt lat="45.6422339" lon="7.7272033">
        <ele>633</ele>
      </trkpt>
      <trkpt lat="45.6423244" lon="7.7270478">
        <ele>634</ele>
      </trkpt>
      <trkpt lat="45.6423792" lon="7.7270248">
        <ele>634</ele>
      </trkpt>
      <trkpt lat="45.6424422" lon="7.7270290">
        <ele>634</ele>
      </trkpt>
      <trkpt lat="45.6425457" lon="7.7270276">
        <ele>635</ele>
      </trkpt>
      <trkpt lat="45.6425907" lon="7.7270266">
        <ele>635</ele>
      </trkpt>
      <trkpt lat="45.6426400" lon="7.7270082">
        <ele>635</ele>
      </trkpt>
      <trkpt lat="45.6426802" lon="7.7269788">
        <ele>635</ele>
      </trkpt>
      <trkpt lat="45.6427069" lon="7.7269526">
        <ele>636</ele>
      </trkpt>
      <trkpt lat="45.6427380" lon="7.7269154">
        <ele>636</ele>
      </trkpt>
      <trkpt lat="45.6427778" lon="7.7268523">
        <ele>636</ele>
      </trkpt>
      <trkpt lat="45.6428628" lon="7.7267224">
        <ele>637</ele>
      </trkpt>
      <trkpt lat="45.6429381" lon="7.7266104">
        <ele>637</ele>
      </trkpt>
      <trkpt lat="45.6430355" lon="7.7264857">
        <ele>637</ele>
      </trkpt>
      <trkpt lat="45.6430991" lon="7.7263825">
        <ele>637</ele>
      </trkpt>
      <trkpt lat="45.6431566" lon="7.7262922">
        <ele>638</ele>
      </trkpt>
      <trkpt lat="45.6432442" lon="7.7261911">
        <ele>638</ele>
      </trkpt>
      <trkpt lat="45.6432617" lon="7.7261430">
        <ele>638</ele>
      </trkpt>
      <trkpt lat="45.6433391" lon="7.7260348">
        <ele>639</ele>
      </trkpt>
      <trkpt lat="45.6434561" lon="7.7259079">
        <ele>639</ele>
      </trkpt>
      <trkpt lat="45.6435002" lon="7.7258259">
        <ele>639</ele>
      </trkpt>
      <trkpt lat="45.6435352" lon="7.7257389">
        <ele>639</ele>
      </trkpt>
      <trkpt lat="45.6435481" lon="7.7256877">
        <ele>640</ele>
      </trkpt>
      <trkpt lat="45.6435783" lon="7.7254671">
        <ele>640</ele>
      </trkpt>
      <trkpt lat="45.6435826" lon="7.7252919">
        <ele>640</ele>
      </trkpt>
      <trkpt lat="45.6435944" lon="7.7252451">
        <ele>641</ele>
      </trkpt>
      <trkpt lat="45.6436231" lon="7.7252143">
        <ele>641</ele>
      </trkpt>
      <trkpt lat="45.6436801" lon="7.7251955">
        <ele>641</ele>
      </trkpt>
      <trkpt lat="45.6437241" lon="7.7251752">
        <ele>641</ele>
      </trkpt>
      <trkpt lat="45.6437865" lon="7.7251228">
        <ele>642</ele>
      </trkpt>
      <trkpt lat="45.6438399" lon="7.7250683">
        <ele>642</ele>
      </trkpt>
      <trkpt lat="45.6438621" lon="7.7250361">
        <ele>642</ele>
      </trkpt>
      <trkpt lat="45.6439399" lon="7.7248747">
        <ele>643</ele>
      </trkpt>
      <trkpt lat="45.6440187" lon="7.7247572">
        <ele>643</ele>
      </trkpt>
      <trkpt lat="45.6440408" lon="7.7247142">
        <ele>643</ele>
      </trkpt>
      <trkpt lat="45.6441067" lon="7.7245732">
        <ele>643</ele>
      </trkpt>
      <trkpt lat="45.6441844" lon="7.7244128">
        <ele>644</ele>
      </trkpt>
      <trkpt lat="45.6442395" lon="7.7243104">
        <ele>644</ele>
      </trkpt>
      <trkpt lat="45.6442924" lon="7.7242129">
        <ele>644</ele>
      </trkpt>
      <trkpt lat="45.6443454" lon="7.7241295">
        <ele>645</ele>
      </trkpt>
      <trkpt lat="45.6443721" lon="7.7240976">
        <ele>645</ele>
      </trkpt>
      <trkpt lat="45.6444652" lon="7.7239700">
        <ele>645</ele>
      </trkpt>
      <trkpt lat="45.6445417" lon="7.7238713">
        <ele>645</ele>
      </trkpt>
      <trkpt lat="45.6446440" lon="7.7237296">
        <ele>646</ele>
      </trkpt>
      <trkpt lat="45.6446973" lon="7.7236699">
        <ele>646</ele>
      </trkpt>
      <trkpt lat="45.6447284" lon="7.7236307">
        <ele>646</ele>
      </trkpt>
      <trkpt lat="45.6448497" lon="7.7234809">
        <ele>647</ele>
      </trkpt>
      <trkpt lat="45.6449292" lon="7.7233654">
        <ele>647</ele>
      </trkpt>
      <trkpt lat="45.6449690" lon="7.7233020">
        <ele>647</ele>
      </trkpt>
      <trkpt lat="45.6450072" lon="7.7232255">
        <ele>647</ele>
      </trkpt>
      <trkpt lat="45.6450289" lon="7.7231601">
        <ele>648</ele>
      </trkpt>
      <trkpt lat="45.6450447" lon="7.7230784">
        <ele>648</ele>
      </trkpt>
      <trkpt lat="45.6450435" lon="7.7229718">
        <ele>648</ele>
      </trkpt>
      <trkpt lat="45.6450423" lon="7.7229042">
        <ele>649</ele>
      </trkpt>
      <trkpt lat="45.6449278" lon="7.7224886">
        <ele>649</ele>
      </trkpt>
      <trkpt lat="45.6447273" lon="7.7217845">
        <ele>649</ele>
      </trkpt>
      <trkpt lat="45.6447191" lon="7.7216616">
        <ele>649</ele>
      </trkpt>
      <trkpt lat="45.6447300" lon="7.7215320">
        <ele>650</ele>
      </trkpt>
      <trkpt lat="45.6447319" lon="7.7215217">
        <ele>650</ele>
      </trkpt>
      <trkpt lat="45.6447640" lon="7.7213480">
        <ele>650</ele>
      </trkpt>
      <trkpt lat="45.6448289" lon="7.7211135">
        <ele>651</ele>
      </trkpt>
      <trkpt lat="45.6448419" lon="7.7210711">
        <ele>651</ele>
      </trkpt>
      <trkpt lat="45.6448850" lon="7.7209017">
        <ele>651</ele>
      </trkpt>
      <trkpt lat="45.6449454" lon="7.7206750">
        <ele>651</ele>
      </trkpt>
      <trkpt lat="45.6450065" lon="7.7205007">
        <ele>652</ele>
      </trkpt>
      <trkpt lat="45.6450589" lon="7.7203608">
        <ele>652</ele>
      </trkpt>
      <trkpt lat="45.6451446" lon="7.7203721">
        <ele>652</ele>
      </trkpt>
      <trkpt lat="45.6451807" lon="7.7203861">
        <ele>653</ele>
      </trkpt>
      <trkpt lat="45.6452350" lon="7.7204069">
        <ele>653</ele>
      </trkpt>
      <trkpt lat="45.6453163" lon="7.7204335">
        <ele>653</ele>
      </trkpt>
      <trkpt lat="45.6453274" lon="7.7204403">
        <ele>653</ele>
      </trkpt>
      <trkpt lat="45.6453661" lon="7.7204641">
        <ele>654</ele>
      </trkpt>
      <trkpt lat="45.6454070" lon="7.7204980">
        <ele>654</ele>
      </trkpt>
      <trkpt lat="45.6454432" lon="7.7205128">
        <ele>654</ele>
      </trkpt>
      <trkpt lat="45.6455150" lon="7.7204956">
        <ele>655</ele>
      </trkpt>
      <trkpt lat="45.6455913" lon="7.7204794">
        <ele>655</ele>
      </trkpt>
      <trkpt lat="45.6456900" lon="7.7204519">
        <ele>655</ele>
      </trkpt>
      <trkpt lat="45.6457260" lon="7.7204487">
        <ele>656</ele>
      </trkpt>
      <trkpt lat="45.6457576" lon="7.7204612">
        <ele>656</ele>
      </trkpt>
      <trkpt lat="45.6457849" lon="7.7204870">
        <ele>656</ele>
      </trkpt>
      <trkpt lat="45.6458124" lon="7.7205349">
        <ele>656</ele>
      </trkpt>
      <trkpt lat="45.6458496" lon="7.7206379">
        <ele>657</ele>
      </trkpt>
      <trkpt lat="45.6459753" lon="7.7208502">
        <ele>657</ele>
      </trkpt>
      <trkpt lat="45.6460550" lon="7.7210465">
        <ele>657</ele>
      </trkpt>
      <trkpt lat="45.6460877" lon="7.7210002">
        <ele>658</ele>
      </trkpt>
      <trkpt lat="45.6462739" lon="7.7207538">
        <ele>658</ele>
      </trkpt>
      <trkpt lat="45.6462753" lon="7.7207519">
        <ele>658</ele>
      </trkpt>
      <trkpt lat="45.6462961" lon="7.7207224">
        <ele>658</ele>
      </trkpt>
      <trkpt lat="45.6464380" lon="7.7205335">
        <ele>659</ele>
      </trkpt>
      <trkpt lat="45.6464822" lon="7.7204603">
        <ele>659</ele>
      </trkpt>
      <trkpt lat="45.6465623" lon="7.7203811">
        <ele>659</ele>
      </trkpt>
      <trkpt lat="45.6467546" lon="7.7202704">
        <ele>660</ele>
      </trkpt>
      <trkpt lat="45.6468574" lon="7.7202160">
        <ele>660</ele>
      </trkpt>
      <trkpt lat="45.6469245" lon="7.7201771">
        <ele>660</ele>
      </trkpt>
      <trkpt lat="45.6470316" lon="7.7200937">
        <ele>660</ele>
      </trkpt>
      <trkpt lat="45.6470583" lon="7.7200710">
        <ele>661</ele>
      </trkpt>
      <trkpt lat="45.6471431" lon="7.7200049">
        <ele>661</ele>
      </trkpt>
      <trkpt lat="45.6471787" lon="7.7199708">
        <ele>661</ele>
      </trkpt>
      <trkpt lat="45.6473389" lon="7.7198088">
        <ele>662</ele>
      </trkpt>
      <trkpt lat="45.6474415" lon="7.7197234">
        <ele>662</ele>
      </trkpt>
      <trkpt lat="45.6476557" lon="7.7195658">
        <ele>662</ele>
      </trkpt>
      <trkpt lat="45.6477182" lon="7.7195198">
        <ele>662</ele>
      </trkpt>
      <trkpt lat="45.6477763" lon="7.7194804">
        <ele>663</ele>
      </trkpt>
      <trkpt lat="45.6479594" lon="7.7193551">
        <ele>663</ele>
      </trkpt>
      <trkpt lat="45.6480086" lon="7.7193331">
        <ele>663</ele>
      </trkpt>
      <trkpt lat="45.6480714" lon="7.7193101">
        <ele>664</ele>
      </trkpt>
      <trkpt lat="45.6481924" lon="7.7192684">
        <ele>664</ele>
      </trkpt>
      <trkpt lat="45.6483673" lon="7.7192123">
        <ele>664</ele>
      </trkpt>
      <trkpt lat="45.6485063" lon="7.7191682">
        <ele>664</ele>
      </trkpt>
      <trkpt lat="45.6486857" lon="7.7191076">
        <ele>665</ele>
      </trkpt>
      <trkpt lat="45.6490981" lon="7.7189702">
        <ele>665</ele>
      </trkpt>
      <trkpt lat="45.6491438" lon="7.7189366">
        <ele>665</ele>
      </trkpt>
      <trkpt lat="45.6492155" lon="7.7188364">
        <ele>666</ele>
      </trkpt>
      <trkpt lat="45.6493390" lon="7.7183760">
        <ele>666</ele>
      </trkpt>
      <trkpt lat="45.6493949" lon="7.7181054">
        <ele>666</ele>
      </trkpt>
      <trkpt lat="45.6494170" lon="7.7177997">
        <ele>666</ele>
      </trkpt>
      <trkpt lat="45.6494336" lon="7.7175978">
        <ele>667</ele>
      </trkpt>
      <trkpt lat="45.6495098" lon="7.7173140">
        <ele>667</ele>
      </trkpt>
      <trkpt lat="45.6495749" lon="7.7173509">
        <ele>667</ele>
      </trkpt>
      <trkpt lat="45.6497649" lon="7.7174943">
        <ele>668</ele>
      </trkpt>
      <trkpt lat="45.6498192" lon="7.7175276">
        <ele>668</ele>
      </trkpt>
      <trkpt lat="45.6498597" lon="7.7175382">
        <ele>668</ele>
      </trkpt>
      <trkpt lat="45.6500200" lon="7.7175499">
        <ele>668</ele>
      </trkpt>
      <trkpt lat="45.6501021" lon="7.7175480">
        <ele>669</ele>
      </trkpt>
      <trkpt lat="45.6502557" lon="7.7175599">
        <ele>669</ele>
      </trkpt>
      <trkpt lat="45.6502906" lon="7.7175552">
        <ele>669</ele>
      </trkpt>
      <trkpt lat="45.6503373" lon="7.7175046">
        <ele>670</ele>
      </trkpt>
      <trkpt lat="45.6506351" lon="7.7171762">
        <ele>670</ele>
      </trkpt>
      <trkpt lat="45.6507781" lon="7.7170095">
        <ele>670</ele>
      </trkpt>
      <trkpt lat="45.6508621" lon="7.7169520">
        <ele>670</ele>
      </trkpt>
      <trkpt lat="45.6511224" lon="7.7168625">
        <ele>671</ele>
      </trkpt>
      <trkpt lat="45.6511894" lon="7.7168395">
        <ele>671</ele>
      </trkpt>
      <trkpt lat="45.6513374" lon="7.7167960">
        <ele>671</ele>
      </trkpt>
      <trkpt lat="45.6513732" lon="7.7167803">
        <ele>672</ele>
      </trkpt>
      <trkpt lat="45.6514846" lon="7.7167155">
        <ele>672</ele>
      </trkpt>
      <trkpt lat="45.6514850" lon="7.7167152">
        <ele>672</ele>
      </trkpt>
      <trkpt lat="45.6515296" lon="7.7166741">
        <ele>672</ele>
      </trkpt>
      <trkpt lat="45.6515603" lon="7.7166092">
        <ele>673</ele>
      </trkpt>
      <trkpt lat="45.6515953" lon="7.7165194">
        <ele>673</ele>
      </trkpt>
      <trkpt lat="45.6516129" lon="7.7164805">
        <ele>673</ele>
      </trkpt>
      <trkpt lat="45.6516481" lon="7.7164087">
        <ele>674</ele>
      </trkpt>
      <trkpt lat="45.6516879" lon="7.7163516">
        <ele>674</ele>
      </trkpt>
      <trkpt lat="45.6517457" lon="7.7162893">
        <ele>674</ele>
      </trkpt>
      <trkpt lat="45.6518168" lon="7.7162015">
        <ele>674</ele>
      </trkpt>
      <trkpt lat="45.6518744" lon="7.7161244">
        <ele>675</ele>
      </trkpt>
      <trkpt lat="45.6519541" lon="7.7160095">
        <ele>675</ele>
      </trkpt>
      <trkpt lat="45.6519894" lon="7.7159413">
        <ele>675</ele>
      </trkpt>
      <trkpt lat="45.6520287" lon="7.7158381">
        <ele>676</ele>
      </trkpt>
      <trkpt lat="45.6520458" lon="7.7157587">
        <ele>676</ele>
      </trkpt>
      <trkpt lat="45.6520626" lon="7.7156552">
        <ele>676</ele>
      </trkpt>
      <trkpt lat="45.6520703" lon="7.7155323">
        <ele>676</ele>
      </trkpt>
      <trkpt lat="45.6520601" lon="7.7154319">
        <ele>677</ele>
      </trkpt>
      <trkpt lat="45.6520501" lon="7.7153403">
        <ele>677</ele>
      </trkpt>
      <trkpt lat="45.6520626" lon="7.7152502">
        <ele>677</ele>
      </trkpt>
      <trkpt lat="45.6520887" lon="7.7151726">
        <ele>678</ele>
      </trkpt>
      <trkpt lat="45.6521281" lon="7.7150718">
        <ele>678</ele>
      </trkpt>
      <trkpt lat="45.6521676" lon="7.7149827">
        <ele>678</ele>
      </trkpt>
      <trkpt lat="45.6522025" lon="7.7148860">
        <ele>678</ele>
      </trkpt>
      <trkpt lat="45.6522063" lon="7.7148266">
        <ele>679</ele>
      </trkpt>
      <trkpt lat="45.6522011" lon="7.7147637">
        <ele>679</ele>
      </trkpt>
      <trkpt lat="45.6521779" lon="7.7146961">
        <ele>679</ele>
      </trkpt>
      <trkpt lat="45.6521043" lon="7.7145598">
        <ele>680</ele>
      </trkpt>
      <trkpt lat="45.6519943" lon="7.7143810">
        <ele>680</ele>
      </trkpt>
      <trkpt lat="45.6519759" lon="7.7143454">
        <ele>680</ele>
      </trkpt>
      <trkpt lat="45.6519483" lon="7.7142963">
        <ele>680</ele>
      </trkpt>
      <trkpt lat="45.6518245" lon="7.7140865">
        <ele>681</ele>
      </trkpt>
      <trkpt lat="45.6517475" lon="7.7139533">
        <ele>681</ele>
      </trkpt>
      <trkpt lat="45.6518517" lon="7.7137701">
        <ele>681</ele>
      </trkpt>
      <trkpt lat="45.6519663" lon="7.7135633">
        <ele>682</ele>
      </trkpt>
      <trkpt lat="45.6520728" lon="7.7133681">
        <ele>682</ele>
      </trkpt>
      <trkpt lat="45.6521241" lon="7.7133332">
        <ele>682</ele>
      </trkpt>
      <trkpt lat="45.6521687" lon="7.7133352">
        <ele>683</ele>
      </trkpt>
      <trkpt lat="45.6522315" lon="7.7133625">
        <ele>683</ele>
      </trkpt>
      <trkpt lat="45.6522727" lon="7.7133876">
        <ele>683</ele>
      </trkpt>
      <trkpt lat="45.6523022" lon="7.7134044">
        <ele>683</ele>
      </trkpt>
      <trkpt lat="45.6523537" lon="7.7134337">
        <ele>684</ele>
      </trkpt>
      <trkpt lat="45.6523821" lon="7.7134502">
        <ele>684</ele>
      </trkpt>
      <trkpt lat="45.6524242" lon="7.7134738">
        <ele>684</ele>
      </trkpt>
      <trkpt lat="45.6524828" lon="7.7135037">
        <ele>685</ele>
      </trkpt>
      <trkpt lat="45.6525390" lon="7.7135311">
        <ele>685</ele>
      </trkpt>
      <trkpt lat="45.6525879" lon="7.7135530">
        <ele>685</ele>
      </trkpt>
      <trkpt lat="45.6526195" lon="7.7135533">
        <ele>685</ele>
      </trkpt>
      <trkpt lat="45.6526517" lon="7.7135444">
        <ele>686</ele>
      </trkpt>
      <trkpt lat="45.6526816" lon="7.7135191">
        <ele>686</ele>
      </trkpt>
      <trkpt lat="45.6526978" lon="7.7134911">
        <ele>686</ele>
      </trkpt>
      <trkpt lat="45.6527416" lon="7.7133610">
        <ele>687</ele>
      </trkpt>
      <trkpt lat="45.6528223" lon="7.7130632">
        <ele>687</ele>
      </trkpt>
      <trkpt lat="45.6528268" lon="7.7130211">
        <ele>687</ele>
      </trkpt>
      <trkpt lat="45.6528263" lon="7.7129760">
        <ele>687</ele>
      </trkpt>
      <trkpt lat="45.6528039" lon="7.7129017">
        <ele>688</ele>
      </trkpt>
      <trkpt lat="45.6527550" lon="7.7127052">
        <ele>688</ele>
      </trkpt>
      <trkpt lat="45.6527473" lon="7.7126593">
        <ele>688</ele>
      </trkpt>
      <trkpt lat="45.6527579" lon="7.7125750">
        <ele>689</ele>
      </trkpt>
      <trkpt lat="45.6527701" lon="7.7125164">
        <ele>689</ele>
      </trkpt>
      <trkpt lat="45.6527966" lon="7.7124420">
        <ele>689</ele>
      </trkpt>
      <trkpt lat="45.6531399" lon="7.7116969">
        <ele>689</ele>
      </trkpt>
      <trkpt lat="45.6530500" lon="7.7115924">
        <ele>690</ele>
      </trkpt>
      <trkpt lat="45.6529412" lon="7.7114750">
        <ele>690</ele>
      </trkpt>
      <trkpt lat="45.6528089" lon="7.7113448">
        <ele>690</ele>
      </trkpt>
      <trkpt lat="45.6526198" lon="7.7111426">
        <ele>691</ele>
      </trkpt>
      <trkpt lat="45.6524495" lon="7.7109600">
        <ele>691</ele>
      </trkpt>
      <trkpt lat="45.6522371" lon="7.7107650">
        <ele>691</ele>
      </trkpt>
      <trkpt lat="45.6520665" lon="7.7106017">
        <ele>691</ele>
      </trkpt>
      <trkpt lat="45.6519436" lon="7.7104714">
        <ele>692</ele>
      </trkpt>
      <trkpt lat="45.6520723" lon="7.7101960">
        <ele>692</ele>
      </trkpt>
      <trkpt lat="45.6522217" lon="7.7098135">
        <ele>692</ele>
      </trkpt>
      <trkpt lat="45.6519135" lon="7.7095767">
        <ele>693</ele>
      </trkpt>
      <trkpt lat="45.6517390" lon="7.7093739">
        <ele>693</ele>
      </trkpt>
      <trkpt lat="45.6516439" lon="7.7089883">
        <ele>693</ele>
      </trkpt>
      <trkpt lat="45.6515671" lon="7.7086022">
        <ele>693</ele>
      </trkpt>
      <trkpt lat="45.6514986" lon="7.7081643">
        <ele>694</ele>
      </trkpt>
      <trkpt lat="45.6514422" lon="7.7079846">
        <ele>694</ele>
      </trkpt>
      <trkpt lat="45.6513847" lon="7.7076862">
        <ele>694</ele>
      </trkpt>
      <trkpt lat="45.6513215" lon="7.7075440">
        <ele>695</ele>
      </trkpt>
      <trkpt lat="45.6511736" lon="7.7073398">
        <ele>695</ele>
      </trkpt>
      <trkpt lat="45.6507873" lon="7.7068537">
        <ele>695</ele>
      </trkpt>
      <trkpt lat="45.6502647" lon="7.7061950">
        <ele>695</ele>
      </trkpt>
      <trkpt lat="45.6501113" lon="7.7059990">
        <ele>696</ele>
      </trkpt>
      <trkpt lat="45.6500374" lon="7.7058969">
        <ele>696</ele>
      </trkpt>
      <trkpt lat="45.6499865" lon="7.7058249">
        <ele>696</ele>
      </trkpt>
      <trkpt lat="45.6499337" lon="7.7057567">
        <ele>697</ele>
      </trkpt>
      <trkpt lat="45.6499015" lon="7.7057036">
        <ele>697</ele>
      </trkpt>
      <trkpt lat="45.6498830" lon="7.7056633">
        <ele>697</ele>
      </trkpt>
      <trkpt lat="45.6498546" lon="7.7055710">
        <ele>697</ele>
      </trkpt>
      <trkpt lat="45.6498358" lon="7.7054913">
        <ele>698</ele>
      </trkpt>
      <trkpt lat="45.6498305" lon="7.7054002">
        <ele>698</ele>
      </trkpt>
      <trkpt lat="45.6498387" lon="7.7053599">
        <ele>698</ele>
      </trkpt>
      <trkpt lat="45.6498473" lon="7.7053138">
        <ele>699</ele>
      </trkpt>
      <trkpt lat="45.6498686" lon="7.7052274">
        <ele>699</ele>
      </trkpt>
      <trkpt lat="45.6498991" lon="7.7051597">
        <ele>699</ele>
      </trkpt>
      <trkpt lat="45.6499296" lon="7.7050919">
        <ele>699</ele>
      </trkpt>
      <trkpt lat="45.6499669" lon="7.7050240">
        <ele>700</ele>
      </trkpt>
      <trkpt lat="45.6500041" lon="7.7049561">
        <ele>700</ele>
      </trkpt>
      <trkpt lat="45.6500523" lon="7.7048799">
        <ele>700</ele>
      </trkpt>
      <trkpt lat="45.6501006" lon="7.7048036">
        <ele>701</ele>
      </trkpt>
      <trkpt lat="45.6501401" lon="7.7047384">
        <ele>701</ele>
      </trkpt>
      <trkpt lat="45.6501796" lon="7.7046731">
        <ele>701</ele>
      </trkpt>
      <trkpt lat="45.6502213" lon="7.7046131">
        <ele>701</ele>
      </trkpt>
      <trkpt lat="45.6502630" lon="7.7045530">
        <ele>702</ele>
      </trkpt>
      <trkpt lat="45.6502959" lon="7.7044987">
        <ele>702</ele>
      </trkpt>
      <trkpt lat="45.6503288" lon="7.7044444">
        <ele>702</ele>
      </trkpt>
      <trkpt lat="45.6503506" lon="7.7044010">
        <ele>703</ele>
      </trkpt>
      <trkpt lat="45.6503916" lon="7.7043276">
        <ele>703</ele>
      </trkpt>
      <trkpt lat="45.6504000" lon="7.7042663">
        <ele>703</ele>
      </trkpt>
      <trkpt lat="45.6504042" lon="7.7042199">
        <ele>703</ele>
      </trkpt>
      <trkpt lat="45.6504044" lon="7.7041697">
        <ele>704</ele>
      </trkpt>
      <trkpt lat="45.6503839" lon="7.7040695">
        <ele>704</ele>
      </trkpt>
      <trkpt lat="45.6503485" lon="7.7039959">
        <ele>704</ele>
      </trkpt>
      <trkpt lat="45.6503169" lon="7.7039341">
        <ele>705</ele>
      </trkpt>
      <trkpt lat="45.6502722" lon="7.7038696">
        <ele>705</ele>
      </trkpt>
      <trkpt lat="45.6502312" lon="7.7038117">
        <ele>705</ele>
      </trkpt>
      <trkpt lat="45.6501425" lon="7.7036854">
        <ele>705</ele>
      </trkpt>
      <trkpt lat="45.6501075" lon="7.7036374">
        <ele>706</ele>
      </trkpt>
      <trkpt lat="45.6500725" lon="7.7035893">
        <ele>706</ele>
      </trkpt>
      <trkpt lat="45.6500324" lon="7.7035307">
        <ele>706</ele>
      </trkpt>
      <trkpt lat="45.6499923" lon="7.7034721">
        <ele>707</ele>
      </trkpt>
      <trkpt lat="45.6499418" lon="7.7034086">
        <ele>707</ele>
      </trkpt>
      <trkpt lat="45.6498913" lon="7.7033451">
        <ele>707</ele>
      </trkpt>
      <trkpt lat="45.6498409" lon="7.7032817">
        <ele>707</ele>
      </trkpt>
      <trkpt lat="45.6497875" lon="7.7032142">
        <ele>708</ele>
      </trkpt>
      <trkpt lat="45.6497341" lon="7.7031468">
        <ele>708</ele>
      </trkpt>
      <trkpt lat="45.6496807" lon="7.7030794">
        <ele>708</ele>
      </trkpt>
      <trkpt lat="45.6496258" lon="7.7030136">
        <ele>709</ele>
      </trkpt>
      <trkpt lat="45.6495709" lon="7.7029477">
        <ele>709</ele>
      </trkpt>
      <trkpt lat="45.6495275" lon="7.7029015">
        <ele>709</ele>
      </trkpt>
      <trkpt lat="45.6494841" lon="7.7028552">
        <ele>710</ele>
      </trkpt>
      <trkpt lat="45.6494327" lon="7.7028087">
        <ele>710</ele>
      </trkpt>
      <trkpt lat="45.6493813" lon="7.7027621">
        <ele>710</ele>
      </trkpt>
      <trkpt lat="45.6493102" lon="7.7027039">
        <ele>710</ele>
      </trkpt>
      <trkpt lat="45.6492392" lon="7.7026457">
        <ele>711</ele>
      </trkpt>
      <trkpt lat="45.6491791" lon="7.7026000">
        <ele>711</ele>
      </trkpt>
      <trkpt lat="45.6491191" lon="7.7025544">
        <ele>711</ele>
      </trkpt>
      <trkpt lat="45.6491249" lon="7.7024918">
        <ele>712</ele>
      </trkpt>
      <trkpt lat="45.6491339" lon="7.7024307">
        <ele>712</ele>
      </trkpt>
      <trkpt lat="45.6491585" lon="7.7023598">
        <ele>712</ele>
      </trkpt>
      <trkpt lat="45.6491911" lon="7.7022839">
        <ele>712</ele>
      </trkpt>
      <trkpt lat="45.6492046" lon="7.7021925">
        <ele>713</ele>
      </trkpt>
      <trkpt lat="45.6492036" lon="7.7021065">
        <ele>713</ele>
      </trkpt>
      <trkpt lat="45.6491989" lon="7.7020393">
        <ele>713</ele>
      </trkpt>
      <trkpt lat="45.6491943" lon="7.7019721">
        <ele>714</ele>
      </trkpt>
      <trkpt lat="45.6491829" lon="7.7018488">
        <ele>714</ele>
      </trkpt>
      <trkpt lat="45.6491770" lon="7.7017799">
        <ele>714</ele>
      </trkpt>
      <trkpt lat="45.6491712" lon="7.7017110">
        <ele>714</ele>
      </trkpt>
      <trkpt lat="45.6491623" lon="7.7016259">
        <ele>715</ele>
      </trkpt>
      <trkpt lat="45.6491703" lon="7.7015534">
        <ele>715</ele>
      </trkpt>
      <trkpt lat="45.6491925" lon="7.7014429">
        <ele>715</ele>
      </trkpt>
      <trkpt lat="45.6492293" lon="7.7013349">
        <ele>716</ele>
      </trkpt>
      <trkpt lat="45.6492595" lon="7.7012555">
        <ele>716</ele>
      </trkpt>
      <trkpt lat="45.6492942" lon="7.7011675">
        <ele>716</ele>
      </trkpt>
      <trkpt lat="45.6493311" lon="7.7011009">
        <ele>716</ele>
      </trkpt>
      <trkpt lat="45.6493453" lon="7.7010495">
        <ele>717</ele>
      </trkpt>
      <trkpt lat="45.6493499" lon="7.7010326">
        <ele>717</ele>
      </trkpt>
      <trkpt lat="45.6493655" lon="7.7009764">
        <ele>717</ele>
      </trkpt>
      <trkpt lat="45.6493793" lon="7.7009208">
        <ele>718</ele>
      </trkpt>
      <trkpt lat="45.6493883" lon="7.7008174">
        <ele>718</ele>
      </trkpt>
      <trkpt lat="45.6493838" lon="7.7007263">
        <ele>718</ele>
      </trkpt>
      <trkpt lat="45.6493754" lon="7.7006729">
        <ele>718</ele>
      </trkpt>
      <trkpt lat="45.6493587" lon="7.7005789">
        <ele>719</ele>
      </trkpt>
      <trkpt lat="45.6493421" lon="7.7004974">
        <ele>719</ele>
      </trkpt>
      <trkpt lat="45.6493357" lon="7.7004338">
        <ele>719</ele>
      </trkpt>
      <trkpt lat="45.6493293" lon="7.7003702">
        <ele>720</ele>
      </trkpt>
      <trkpt lat="45.6493237" lon="7.7002646">
        <ele>720</ele>
      </trkpt>
      <trkpt lat="45.6493180" lon="7.7001589">
        <ele>720</ele>
      </trkpt>
      <trkpt lat="45.6493123" lon="7.7000533">
        <ele>720</ele>
      </trkpt>
      <trkpt lat="45.6493103" lon="7.6999755">
        <ele>721</ele>
      </trkpt>
      <trkpt lat="45.6493082" lon="7.6998977">
        <ele>721</ele>
      </trkpt>
      <trkpt lat="45.6493114" lon="7.6998312">
        <ele>721</ele>
      </trkpt>
      <trkpt lat="45.6493146" lon="7.6997647">
        <ele>722</ele>
      </trkpt>
      <trkpt lat="45.6493236" lon="7.6996813">
        <ele>722</ele>
      </trkpt>
      <trkpt lat="45.6493339" lon="7.6996048">
        <ele>722</ele>
      </trkpt>
      <trkpt lat="45.6493403" lon="7.6995778">
        <ele>722</ele>
      </trkpt>
      <trkpt lat="45.6493545" lon="7.6994911">
        <ele>723</ele>
      </trkpt>
      <trkpt lat="45.6493687" lon="7.6994045">
        <ele>723</ele>
      </trkpt>
      <trkpt lat="45.6493866" lon="7.6993151">
        <ele>723</ele>
      </trkpt>
      <trkpt lat="45.6494046" lon="7.6992258">
        <ele>724</ele>
      </trkpt>
      <trkpt lat="45.6494226" lon="7.6991364">
        <ele>724</ele>
      </trkpt>
      <trkpt lat="45.6494497" lon="7.6990150">
        <ele>724</ele>
      </trkpt>
      <trkpt lat="45.6494768" lon="7.6988936">
        <ele>724</ele>
      </trkpt>
      <trkpt lat="45.6494971" lon="7.6987789">
        <ele>725</ele>
      </trkpt>
      <trkpt lat="45.6495174" lon="7.6986642">
        <ele>725</ele>
      </trkpt>
      <trkpt lat="45.6495376" lon="7.6985495">
        <ele>725</ele>
      </trkpt>
      <trkpt lat="45.6495592" lon="7.6984507">
        <ele>726</ele>
      </trkpt>
      <trkpt lat="45.6495808" lon="7.6983519">
        <ele>726</ele>
      </trkpt>
      <trkpt lat="45.6496112" lon="7.6982392">
        <ele>726</ele>
      </trkpt>
      <trkpt lat="45.6496294" lon="7.6981628">
        <ele>726</ele>
      </trkpt>
      <trkpt lat="45.6496476" lon="7.6980865">
        <ele>727</ele>
      </trkpt>
      <trkpt lat="45.6496720" lon="7.6979691">
        <ele>727</ele>
      </trkpt>
      <trkpt lat="45.6496965" lon="7.6978517">
        <ele>727</ele>
      </trkpt>
      <trkpt lat="45.6497135" lon="7.6977764">
        <ele>728</ele>
      </trkpt>
      <trkpt lat="45.6497306" lon="7.6977011">
        <ele>728</ele>
      </trkpt>
      <trkpt lat="45.6497574" lon="7.6976133">
        <ele>728</ele>
      </trkpt>
      <trkpt lat="45.6497780" lon="7.6975533">
        <ele>728</ele>
      </trkpt>
      <trkpt lat="45.6498067" lon="7.6974996">
        <ele>729</ele>
      </trkpt>
      <trkpt lat="45.6498354" lon="7.6974460">
        <ele>729</ele>
      </trkpt>
      <trkpt lat="45.6498827" lon="7.6973986">
        <ele>729</ele>
      </trkpt>
      <trkpt lat="45.6499435" lon="7.6973499">
        <ele>730</ele>
      </trkpt>
      <trkpt lat="45.6500107" lon="7.6973043">
        <ele>730</ele>
      </trkpt>
      <trkpt lat="45.6500780" lon="7.6972588">
        <ele>730</ele>
      </trkpt>
      <trkpt lat="45.6501539" lon="7.6972158">
        <ele>730</ele>
      </trkpt>
      <trkpt lat="45.6502299" lon="7.6971728">
        <ele>731</ele>
      </trkpt>
      <trkpt lat="45.6503059" lon="7.6971298">
        <ele>731</ele>
      </trkpt>
      <trkpt lat="45.6503819" lon="7.6970868">
        <ele>731</ele>
      </trkpt>
      <trkpt lat="45.6504579" lon="7.6970438">
        <ele>732</ele>
      </trkpt>
      <trkpt lat="45.6505339" lon="7.6970008">
        <ele>732</ele>
      </trkpt>
      <trkpt lat="45.6506170" lon="7.6969539">
        <ele>732</ele>
      </trkpt>
      <trkpt lat="45.6507002" lon="7.6969071">
        <ele>732</ele>
      </trkpt>
      <trkpt lat="45.6507833" lon="7.6968603">
        <ele>733</ele>
      </trkpt>
      <trkpt lat="45.6508665" lon="7.6968134">
        <ele>733</ele>
      </trkpt>
      <trkpt lat="45.6509496" lon="7.6967666">
        <ele>733</ele>
      </trkpt>
      <trkpt lat="45.6510328" lon="7.6967198">
        <ele>734</ele>
      </trkpt>
      <trkpt lat="45.6511159" lon="7.6966729">
        <ele>734</ele>
      </trkpt>
      <trkpt lat="45.6511991" lon="7.6966261">
        <ele>734</ele>
      </trkpt>
      <trkpt lat="45.6512481" lon="7.6966037">
        <ele>734</ele>
      </trkpt>
      <trkpt lat="45.6512681" lon="7.6965925">
        <ele>735</ele>
      </trkpt>
      <trkpt lat="45.6513090" lon="7.6965616">
        <ele>735</ele>
      </trkpt>
      <trkpt lat="45.6513500" lon="7.6965307">
        <ele>735</ele>
      </trkpt>
      <trkpt lat="45.6513637" lon="7.6965195">
        <ele>736</ele>
      </trkpt>
      <trkpt lat="45.6514099" lon="7.6964822">
        <ele>736</ele>
      </trkpt>
      <trkpt lat="45.6514561" lon="7.6964449">
        <ele>736</ele>
      </trkpt>
      <trkpt lat="45.6514994" lon="7.6964094">
        <ele>737</ele>
      </trkpt>
      <trkpt lat="45.6515426" lon="7.6963740">
        <ele>737</ele>
      </trkpt>
      <trkpt lat="45.6515919" lon="7.6963374">
        <ele>737</ele>
      </trkpt>
      <trkpt lat="45.6516412" lon="7.6963008">
        <ele>737</ele>
      </trkpt>
      <trkpt lat="45.6517143" lon="7.6962444">
        <ele>738</ele>
      </trkpt>
      <trkpt lat="45.6517874" lon="7.6961881">
        <ele>738</ele>
      </trkpt>
      <trkpt lat="45.6518505" lon="7.6961420">
        <ele>738</ele>
      </trkpt>
      <trkpt lat="45.6519135" lon="7.6960959">
        <ele>739</ele>
      </trkpt>
      <trkpt lat="45.6519675" lon="7.6960645">
        <ele>739</ele>
      </trkpt>
      <trkpt lat="45.6520214" lon="7.6960331">
        <ele>739</ele>
      </trkpt>
      <trkpt lat="45.6520684" lon="7.6960125">
        <ele>739</ele>
      </trkpt>
      <trkpt lat="45.6521155" lon="7.6959920">
        <ele>740</ele>
      </trkpt>
      <trkpt lat="45.6521906" lon="7.6959566">
        <ele>740</ele>
      </trkpt>
      <trkpt lat="45.6522657" lon="7.6959213">
        <ele>740</ele>
      </trkpt>
      <trkpt lat="45.6523226" lon="7.6958894">
        <ele>741</ele>
      </trkpt>
      <trkpt lat="45.6523794" lon="7.6958576">
        <ele>741</ele>
      </trkpt>
      <trkpt lat="45.6524363" lon="7.6958258">
        <ele>741</ele>
      </trkpt>
      <trkpt lat="45.6525113" lon="7.6957791">
        <ele>741</ele>
      </trkpt>
      <trkpt lat="45.6525264" lon="7.6957815">
        <ele>742</ele>
      </trkpt>
      <trkpt lat="45.6525716" lon="7.6957760">
        <ele>742</ele>
      </trkpt>
      <trkpt lat="45.6526086" lon="7.6957700">
        <ele>742</ele>
      </trkpt>
      <trkpt lat="45.6526886" lon="7.6957497">
        <ele>743</ele>
      </trkpt>
      <trkpt lat="45.6527211" lon="7.6957357">
        <ele>743</ele>
      </trkpt>
      <trkpt lat="45.6527662" lon="7.6957156">
        <ele>743</ele>
      </trkpt>
      <trkpt lat="45.6528113" lon="7.6956954">
        <ele>743</ele>
      </trkpt>
      <trkpt lat="45.6528741" lon="7.6956647">
        <ele>744</ele>
      </trkpt>
      <trkpt lat="45.6529573" lon="7.6956407">
        <ele>744</ele>
      </trkpt>
      <trkpt lat="45.6530405" lon="7.6956168">
        <ele>744</ele>
      </trkpt>
      <trkpt lat="45.6531230" lon="7.6956004">
        <ele>745</ele>
      </trkpt>
      <trkpt lat="45.6531890" lon="7.6955911">
        <ele>745</ele>
      </trkpt>
      <trkpt lat="45.6532550" lon="7.6955819">
        <ele>745</ele>
      </trkpt>
      <trkpt lat="45.6533210" lon="7.6955726">
        <ele>745</ele>
      </trkpt>
      <trkpt lat="45.6533702" lon="7.6955706">
        <ele>746</ele>
      </trkpt>
      <trkpt lat="45.6534194" lon="7.6955687">
        <ele>746</ele>
      </trkpt>
      <trkpt lat="45.6534474" lon="7.6955759">
        <ele>746</ele>
      </trkpt>
      <trkpt lat="45.6535156" lon="7.6955976">
        <ele>747</ele>
      </trkpt>
      <trkpt lat="45.6535428" lon="7.6956118">
        <ele>747</ele>
      </trkpt>
      <trkpt lat="45.6535819" lon="7.6956308">
        <ele>747</ele>
      </trkpt>
      <trkpt lat="45.6536224" lon="7.6956273">
        <ele>747</ele>
      </trkpt>
      <trkpt lat="45.6536954" lon="7.6956236">
        <ele>748</ele>
      </trkpt>
      <trkpt lat="45.6537432" lon="7.6956233">
        <ele>748</ele>
      </trkpt>
      <trkpt lat="45.6537911" lon="7.6956229">
        <ele>748</ele>
      </trkpt>
      <trkpt lat="45.6538558" lon="7.6956113">
        <ele>749</ele>
      </trkpt>
      <trkpt lat="45.6539205" lon="7.6955996">
        <ele>749</ele>
      </trkpt>
      <trkpt lat="45.6539526" lon="7.6955928">
        <ele>749</ele>
      </trkpt>
      <trkpt lat="45.6540041" lon="7.6955736">
        <ele>749</ele>
      </trkpt>
      <trkpt lat="45.6540496" lon="7.6955563">
        <ele>750</ele>
      </trkpt>
      <trkpt lat="45.6540785" lon="7.6955421">
        <ele>750</ele>
      </trkpt>
      <trkpt lat="45.6541379" lon="7.6955128">
        <ele>750</ele>
      </trkpt>
      <trkpt lat="45.6541715" lon="7.6955018">
        <ele>751</ele>
      </trkpt>
      <trkpt lat="45.6542509" lon="7.6954584">
        <ele>751</ele>
      </trkpt>
      <trkpt lat="45.6543042" lon="7.6954298">
        <ele>751</ele>
      </trkpt>
      <trkpt lat="45.6543576" lon="7.6954011">
        <ele>751</ele>
      </trkpt>
      <trkpt lat="45.6544413" lon="7.6953779">
        <ele>752</ele>
      </trkpt>
      <trkpt lat="45.6545023" lon="7.6953538">
        <ele>752</ele>
      </trkpt>
      <trkpt lat="45.6545633" lon="7.6953297">
        <ele>752</ele>
      </trkpt>
      <trkpt lat="45.6546391" lon="7.6953027">
        <ele>753</ele>
      </trkpt>
      <trkpt lat="45.6547149" lon="7.6952756">
        <ele>753</ele>
      </trkpt>
      <trkpt lat="45.6547754" lon="7.6952503">
        <ele>753</ele>
      </trkpt>
      <trkpt lat="45.6548359" lon="7.6952249">
        <ele>753</ele>
      </trkpt>
      <trkpt lat="45.6548964" lon="7.6951996">
        <ele>754</ele>
      </trkpt>
      <trkpt lat="45.6549504" lon="7.6951753">
        <ele>754</ele>
      </trkpt>
      <trkpt lat="45.6550044" lon="7.6951510">
        <ele>754</ele>
      </trkpt>
      <trkpt lat="45.6550699" lon="7.6951253">
        <ele>755</ele>
      </trkpt>
      <trkpt lat="45.6551355" lon="7.6950995">
        <ele>755</ele>
      </trkpt>
      <trkpt lat="45.6552010" lon="7.6950737">
        <ele>755</ele>
      </trkpt>
      <trkpt lat="45.6552732" lon="7.6950326">
        <ele>755</ele>
      </trkpt>
      <trkpt lat="45.6553453" lon="7.6949916">
        <ele>756</ele>
      </trkpt>
      <trkpt lat="45.6554175" lon="7.6949505">
        <ele>756</ele>
      </trkpt>
      <trkpt lat="45.6554768" lon="7.6949141">
        <ele>756</ele>
      </trkpt>
      <trkpt lat="45.6555361" lon="7.6948777">
        <ele>757</ele>
      </trkpt>
      <trkpt lat="45.6556118" lon="7.6948270">
        <ele>757</ele>
      </trkpt>
      <trkpt lat="45.6556875" lon="7.6947763">
        <ele>757</ele>
      </trkpt>
      <trkpt lat="45.6557633" lon="7.6947256">
        <ele>757</ele>
      </trkpt>
      <trkpt lat="45.6558390" lon="7.6946749">
        <ele>758</ele>
      </trkpt>
      <trkpt lat="45.6559147" lon="7.6946242">
        <ele>758</ele>
      </trkpt>
      <trkpt lat="45.6559733" lon="7.6945826">
        <ele>758</ele>
      </trkpt>
      <trkpt lat="45.6560320" lon="7.6945410">
        <ele>759</ele>
      </trkpt>
      <trkpt lat="45.6560906" lon="7.6944995">
        <ele>759</ele>
      </trkpt>
      <trkpt lat="45.6561379" lon="7.6944661">
        <ele>759</ele>
      </trkpt>
      <trkpt lat="45.6561852" lon="7.6944327">
        <ele>759</ele>
      </trkpt>
      <trkpt lat="45.6562179" lon="7.6944031">
        <ele>760</ele>
      </trkpt>
      <trkpt lat="45.6562539" lon="7.6943648">
        <ele>760</ele>
      </trkpt>
      <trkpt lat="45.6562900" lon="7.6943264">
        <ele>760</ele>
      </trkpt>
      <trkpt lat="45.6563448" lon="7.6942643">
        <ele>761</ele>
      </trkpt>
      <trkpt lat="45.6563996" lon="7.6942023">
        <ele>761</ele>
      </trkpt>
      <trkpt lat="45.6564379" lon="7.6941429">
        <ele>761</ele>
      </trkpt>
      <trkpt lat="45.6564762" lon="7.6940835">
        <ele>761</ele>
      </trkpt>
      <trkpt lat="45.6565013" lon="7.6940383">
        <ele>762</ele>
      </trkpt>
      <trkpt lat="45.6565481" lon="7.6939552">
        <ele>762</ele>
      </trkpt>
      <trkpt lat="45.6565950" lon="7.6938721">
        <ele>762</ele>
      </trkpt>
      <trkpt lat="45.6566369" lon="7.6938072">
        <ele>763</ele>
      </trkpt>
      <trkpt lat="45.6566789" lon="7.6937422">
        <ele>763</ele>
      </trkpt>
      <trkpt lat="45.6567209" lon="7.6936773">
        <ele>763</ele>
      </trkpt>
      <trkpt lat="45.6567783" lon="7.6935941">
        <ele>764</ele>
      </trkpt>
      <trkpt lat="45.6568357" lon="7.6935110">
        <ele>764</ele>
      </trkpt>
      <trkpt lat="45.6568931" lon="7.6934278">
        <ele>764</ele>
      </trkpt>
      <trkpt lat="45.6569531" lon="7.6933456">
        <ele>764</ele>
      </trkpt>
      <trkpt lat="45.6569674" lon="7.6933253">
        <ele>765</ele>
      </trkpt>
      <trkpt lat="45.6570078" lon="7.6932630">
        <ele>765</ele>
      </trkpt>
      <trkpt lat="45.6570481" lon="7.6932008">
        <ele>765</ele>
      </trkpt>
      <trkpt lat="45.6571460" lon="7.6931108">
        <ele>766</ele>
      </trkpt>
      <trkpt lat="45.6572018" lon="7.6930849">
        <ele>766</ele>
      </trkpt>
      <trkpt lat="45.6572618" lon="7.6931493">
        <ele>766</ele>
      </trkpt>
      <trkpt lat="45.6574301" lon="7.6933083">
        <ele>766</ele>
      </trkpt>
      <trkpt lat="45.6575628" lon="7.6934190">
        <ele>767</ele>
      </trkpt>
      <trkpt lat="45.6577395" lon="7.6936020">
        <ele>767</ele>
      </trkpt>
      <trkpt lat="45.6577669" lon="7.6936399">
        <ele>767</ele>
      </trkpt>
      <trkpt lat="45.6578890" lon="7.6938364">
        <ele>768</ele>
      </trkpt>
      <trkpt lat="45.6579273" lon="7.6938913">
        <ele>768</ele>
      </trkpt>
      <trkpt lat="45.6579594" lon="7.6939419">
        <ele>768</ele>
      </trkpt>
      <trkpt lat="45.6580075" lon="7.6940096">
        <ele>768</ele>
      </trkpt>
      <trkpt lat="45.6580159" lon="7.6939486">
        <ele>769</ele>
      </trkpt>
      <trkpt lat="45.6580312" lon="7.6938860">
        <ele>769</ele>
      </trkpt>
      <trkpt lat="45.6580526" lon="7.6938286">
        <ele>769</ele>
      </trkpt>
      <trkpt lat="45.6580711" lon="7.6937973">
        <ele>770</ele>
      </trkpt>
      <trkpt lat="45.6581131" lon="7.6937259">
        <ele>770</ele>
      </trkpt>
      <trkpt lat="45.6582113" lon="7.6936225">
        <ele>770</ele>
      </trkpt>
      <trkpt lat="45.6582918" lon="7.6935388">
        <ele>770</ele>
      </trkpt>
      <trkpt lat="45.6583859" lon="7.6934571">
        <ele>771</ele>
      </trkpt>
      <trkpt lat="45.6585107" lon="7.6933535">
        <ele>771</ele>
      </trkpt>
      <trkpt lat="45.6586427" lon="7.6932711">
        <ele>771</ele>
      </trkpt>
      <trkpt lat="45.6588510" lon="7.6931447">
        <ele>772</ele>
      </trkpt>
      <trkpt lat="45.6590496" lon="7.6930176">
        <ele>772</ele>
      </trkpt>
      <trkpt lat="45.6592015" lon="7.6929174">
        <ele>772</ele>
      </trkpt>
      <trkpt lat="45.6592703" lon="7.6928741">
        <ele>772</ele>
      </trkpt>
      <trkpt lat="45.6593416" lon="7.6928191">
        <ele>773</ele>
      </trkpt>
      <trkpt lat="45.6594441" lon="7.6927253">
        <ele>773</ele>
      </trkpt>
      <trkpt lat="45.6594930" lon="7.6926756">
        <ele>773</ele>
      </trkpt>
      <trkpt lat="45.6595374" lon="7.6926264">
        <ele>774</ele>
      </trkpt>
      <trkpt lat="45.6596041" lon="7.6925499">
        <ele>774</ele>
      </trkpt>
      <trkpt lat="45.6596733" lon="7.6924835">
        <ele>774</ele>
      </trkpt>
      <trkpt lat="45.6597138" lon="7.6924281">
        <ele>774</ele>
      </trkpt>
      <trkpt lat="45.6597816" lon="7.6923420">
        <ele>775</ele>
      </trkpt>
      <trkpt lat="45.6598343" lon="7.6922684">
        <ele>775</ele>
      </trkpt>
      <trkpt lat="45.6598861" lon="7.6921904">
        <ele>775</ele>
      </trkpt>
      <trkpt lat="45.6599019" lon="7.6920734">
        <ele>776</ele>
      </trkpt>
      <trkpt lat="45.6599142" lon="7.6919212">
        <ele>776</ele>
      </trkpt>
      <trkpt lat="45.6599300" lon="7.6916696">
        <ele>776</ele>
      </trkpt>
      <trkpt lat="45.6599344" lon="7.6916465">
        <ele>776</ele>
      </trkpt>
      <trkpt lat="45.6600927" lon="7.6914197">
        <ele>777</ele>
      </trkpt>
      <trkpt lat="45.6601327" lon="7.6913707">
        <ele>777</ele>
      </trkpt>
    </trkseg>
  </trk>
</gpx>
