<?xml version="1.0" encoding="UTF-8"?>
<gpx version="1.1" creator="sentieri-vda" xmlns="http://www.topografix.com/GPX/1/1">
  <metadata>
    <name>Col de Bonze - Col Laris</name>
    <desc>Catasto Sentieri VdA — PS_S5</desc>
    <author><name>Regione Autonoma Valle d'Aosta</name></author>
  </metadata>
  <trk>
    <name>Col de Bonze - Col Laris</name>
    <src>Catasto Sentieri VdA (PS_S5)</src>
    <trkseg>
      <trkpt lat="45.5538537" lon="7.7408017">
        <ele>2250</ele>
      </trkpt>
      <trkpt lat="45.5538806" lon="7.7407986">
        <ele>2250</ele>
      </trkpt>
      <trkpt lat="45.5538985" lon="7.7408049">
        <ele>2250</ele>
      </trkpt>
      <trkpt lat="45.5539222" lon="7.7408221">
        <ele>2250</ele>
      </trkpt>
      <trkpt lat="45.5539370" lon="7.7408379">
        <ele>2250</ele>
      </trkpt>
      <trkpt lat="45.5539629" lon="7.7408584">
        <ele>2250</ele>
      </trkpt>
      <trkpt lat="45.5539906" lon="7.7408868">
        <ele>2251</ele>
      </trkpt>
      <trkpt lat="45.5540185" lon="7.7409083">
        <ele>2251</ele>
      </trkpt>
      <trkpt lat="45.5540379" lon="7.7408935">
        <ele>2251</ele>
      </trkpt>
      <trkpt lat="45.5540504" lon="7.7408673">
        <ele>2251</ele>
      </trkpt>
      <trkpt lat="45.5540664" lon="7.7407844">
        <ele>2251</ele>
      </trkpt>
      <trkpt lat="45.5540842" lon="7.7406909">
        <ele>2251</ele>
      </trkpt>
      <trkpt lat="45.5541043" lon="7.7406214">
        <ele>2251</ele>
      </trkpt>
      <trkpt lat="45.5541321" lon="7.7405728">
        <ele>2251</ele>
      </trkpt>
      <trkpt lat="45.5541775" lon="7.7404681">
        <ele>2251</ele>
      </trkpt>
      <trkpt lat="45.5542041" lon="7.7403744">
        <ele>2251</ele>
      </trkpt>
      <trkpt lat="45.5542503" lon="7.7402822">
        <ele>2251</ele>
      </trkpt>
      <trkpt lat="45.5542923" lon="7.7401815">
        <ele>2252</ele>
      </trkpt>
      <trkpt lat="45.5543380" lon="7.7400706">
        <ele>2252</ele>
      </trkpt>
      <trkpt lat="45.5543765" lon="7.7400028">
        <ele>2252</ele>
      </trkpt>
      <trkpt lat="45.5544209" lon="7.7399363">
        <ele>2252</ele>
      </trkpt>
      <trkpt lat="45.5544522" lon="7.7399082">
        <ele>2252</ele>
      </trkpt>
      <trkpt lat="45.5544749" lon="7.7398750">
        <ele>2252</ele>
      </trkpt>
      <trkpt lat="45.5544774" lon="7.7398421">
        <ele>2252</ele>
      </trkpt>
      <trkpt lat="45.5544759" lon="7.7397930">
        <ele>2252</ele>
      </trkpt>
      <trkpt lat="45.5544791" lon="7.7397383">
        <ele>2252</ele>
      </trkpt>
      <trkpt lat="45.5544904" lon="7.7397121">
        <ele>2252</ele>
      </trkpt>
      <trkpt lat="45.5544966" lon="7.7396642">
        <ele>2252</ele>
      </trkpt>
      <trkpt lat="45.5544910" lon="7.7395933">
        <ele>2252</ele>
      </trkpt>
      <trkpt lat="45.5544925" lon="7.7395551">
        <ele>2253</ele>
      </trkpt>
      <trkpt lat="45.5545121" lon="7.7395041">
        <ele>2253</ele>
      </trkpt>
      <trkpt lat="45.5545364" lon="7.7394503">
        <ele>2253</ele>
      </trkpt>
      <trkpt lat="45.5545680" lon="7.7393567">
        <ele>2253</ele>
      </trkpt>
      <trkpt lat="45.5545970" lon="7.7392919">
        <ele>2253</ele>
      </trkpt>
      <trkpt lat="45.5546099" lon="7.7392397">
        <ele>2253</ele>
      </trkpt>
      <trkpt lat="45.5546227" lon="7.7391889">
        <ele>2253</ele>
      </trkpt>
      <trkpt lat="45.5546233" lon="7.7391548">
        <ele>2253</ele>
      </trkpt>
      <trkpt lat="45.5545999" lon="7.7391225">
        <ele>2253</ele>
      </trkpt>
      <trkpt lat="45.5545573" lon="7.7390839">
        <ele>2253</ele>
      </trkpt>
      <trkpt lat="45.5545235" lon="7.7390669">
        <ele>2253</ele>
      </trkpt>
      <trkpt lat="45.5544889" lon="7.7390581">
        <ele>2254</ele>
      </trkpt>
      <trkpt lat="45.5544560" lon="7.7390356">
        <ele>2254</ele>
      </trkpt>
      <trkpt lat="45.5544472" lon="7.7390140">
        <ele>2254</ele>
      </trkpt>
      <trkpt lat="45.5544583" lon="7.7389810">
        <ele>2254</ele>
      </trkpt>
      <trkpt lat="45.5544694" lon="7.7389466">
        <ele>2254</ele>
      </trkpt>
      <trkpt lat="45.5544853" lon="7.7389080">
        <ele>2254</ele>
      </trkpt>
      <trkpt lat="45.5545059" lon="7.7388638">
        <ele>2254</ele>
      </trkpt>
      <trkpt lat="45.5545408" lon="7.7388071">
        <ele>2254</ele>
      </trkpt>
      <trkpt lat="45.5545555" lon="7.7387467">
        <ele>2254</ele>
      </trkpt>
      <trkpt lat="45.5545617" lon="7.7386987">
        <ele>2254</ele>
      </trkpt>
      <trkpt lat="45.5545602" lon="7.7386483">
        <ele>2254</ele>
      </trkpt>
      <trkpt lat="45.5545596" lon="7.7385964">
        <ele>2255</ele>
      </trkpt>
      <trkpt lat="45.5545658" lon="7.7385539">
        <ele>2255</ele>
      </trkpt>
      <trkpt lat="45.5545901" lon="7.7384960">
        <ele>2255</ele>
      </trkpt>
      <trkpt lat="45.5546136" lon="7.7384491">
        <ele>2255</ele>
      </trkpt>
      <trkpt lat="45.5546343" lon="7.7384076">
        <ele>2255</ele>
      </trkpt>
      <trkpt lat="45.5546539" lon="7.7383649">
        <ele>2255</ele>
      </trkpt>
      <trkpt lat="45.5546583" lon="7.7383265">
        <ele>2255</ele>
      </trkpt>
      <trkpt lat="45.5546682" lon="7.7382676">
        <ele>2255</ele>
      </trkpt>
      <trkpt lat="45.5546910" lon="7.7382439">
        <ele>2255</ele>
      </trkpt>
      <trkpt lat="45.5547080" lon="7.7382203">
        <ele>2255</ele>
      </trkpt>
      <trkpt lat="45.5547267" lon="7.7381775">
        <ele>2255</ele>
      </trkpt>
      <trkpt lat="45.5547311" lon="7.7381460">
        <ele>2256</ele>
      </trkpt>
      <trkpt lat="45.5547438" lon="7.7380775">
        <ele>2256</ele>
      </trkpt>
      <trkpt lat="45.5547576" lon="7.7380280">
        <ele>2256</ele>
      </trkpt>
      <trkpt lat="45.5547914" lon="7.7379563">
        <ele>2256</ele>
      </trkpt>
      <trkpt lat="45.5547969" lon="7.7379329">
        <ele>2256</ele>
      </trkpt>
      <trkpt lat="45.5547909" lon="7.7379112">
        <ele>2256</ele>
      </trkpt>
      <trkpt lat="45.5547685" lon="7.7378776">
        <ele>2256</ele>
      </trkpt>
      <trkpt lat="45.5547549" lon="7.7378656">
        <ele>2256</ele>
      </trkpt>
      <trkpt lat="45.5547288" lon="7.7378457">
        <ele>2256</ele>
      </trkpt>
      <trkpt lat="45.5547246" lon="7.7378116">
        <ele>2256</ele>
      </trkpt>
      <trkpt lat="45.5547395" lon="7.7377772">
        <ele>2256</ele>
      </trkpt>
      <trkpt lat="45.5547691" lon="7.7377642">
        <ele>2256</ele>
      </trkpt>
      <trkpt lat="45.5548026" lon="7.7377566">
        <ele>2257</ele>
      </trkpt>
      <trkpt lat="45.5548373" lon="7.7377668">
        <ele>2257</ele>
      </trkpt>
      <trkpt lat="45.5548620" lon="7.7377458">
        <ele>2257</ele>
      </trkpt>
      <trkpt lat="45.5548568" lon="7.7377131">
        <ele>2257</ele>
      </trkpt>
      <trkpt lat="45.5548448" lon="7.7376724">
        <ele>2257</ele>
      </trkpt>
      <trkpt lat="45.5548464" lon="7.7376382">
        <ele>2257</ele>
      </trkpt>
      <trkpt lat="45.5548654" lon="7.7376269">
        <ele>2257</ele>
      </trkpt>
      <trkpt lat="45.5548903" lon="7.7376222">
        <ele>2257</ele>
      </trkpt>
      <trkpt lat="45.5549113" lon="7.7376108">
        <ele>2257</ele>
      </trkpt>
      <trkpt lat="45.5549305" lon="7.7376118">
        <ele>2257</ele>
      </trkpt>
      <trkpt lat="45.5549447" lon="7.7375951">
        <ele>2257</ele>
      </trkpt>
      <trkpt lat="45.5549492" lon="7.7375677">
        <ele>2258</ele>
      </trkpt>
      <trkpt lat="45.5549673" lon="7.7375522">
        <ele>2258</ele>
      </trkpt>
      <trkpt lat="45.5549812" lon="7.7375137">
        <ele>2258</ele>
      </trkpt>
      <trkpt lat="45.5549769" lon="7.7374660">
        <ele>2258</ele>
      </trkpt>
      <trkpt lat="45.5549563" lon="7.7374323">
        <ele>2258</ele>
      </trkpt>
      <trkpt lat="45.5549377" lon="7.7373931">
        <ele>2258</ele>
      </trkpt>
      <trkpt lat="45.5549106" lon="7.7373733">
        <ele>2258</ele>
      </trkpt>
      <trkpt lat="45.5548959" lon="7.7373408">
        <ele>2258</ele>
      </trkpt>
      <trkpt lat="45.5548918" lon="7.7373191">
        <ele>2258</ele>
      </trkpt>
      <trkpt lat="45.5549058" lon="7.7372860">
        <ele>2258</ele>
      </trkpt>
      <trkpt lat="45.5549276" lon="7.7372609">
        <ele>2258</ele>
      </trkpt>
      <trkpt lat="45.5549496" lon="7.7372522">
        <ele>2259</ele>
      </trkpt>
      <trkpt lat="45.5549686" lon="7.7372436">
        <ele>2259</ele>
      </trkpt>
      <trkpt lat="45.5549817" lon="7.7372133">
        <ele>2259</ele>
      </trkpt>
      <trkpt lat="45.5549989" lon="7.7371992">
        <ele>2259</ele>
      </trkpt>
      <trkpt lat="45.5550258" lon="7.7372027">
        <ele>2259</ele>
      </trkpt>
      <trkpt lat="45.5550611" lon="7.7371937">
        <ele>2259</ele>
      </trkpt>
      <trkpt lat="45.5550935" lon="7.7371712">
        <ele>2259</ele>
      </trkpt>
      <trkpt lat="45.5551066" lon="7.7371422">
        <ele>2259</ele>
      </trkpt>
      <trkpt lat="45.5551004" lon="7.7370959">
        <ele>2259</ele>
      </trkpt>
      <trkpt lat="45.5550932" lon="7.7370578">
        <ele>2259</ele>
      </trkpt>
      <trkpt lat="45.5550887" lon="7.7369965">
        <ele>2259</ele>
      </trkpt>
      <trkpt lat="45.5550950" lon="7.7369568">
        <ele>2260</ele>
      </trkpt>
      <trkpt lat="45.5551098" lon="7.7369127">
        <ele>2260</ele>
      </trkpt>
      <trkpt lat="45.5551248" lon="7.7368769">
        <ele>2260</ele>
      </trkpt>
      <trkpt lat="45.5551244" lon="7.7368414">
        <ele>2260</ele>
      </trkpt>
      <trkpt lat="45.5551315" lon="7.7367907">
        <ele>2260</ele>
      </trkpt>
      <trkpt lat="45.5551531" lon="7.7367493">
        <ele>2260</ele>
      </trkpt>
      <trkpt lat="45.5551893" lon="7.7367212">
        <ele>2260</ele>
      </trkpt>
      <trkpt lat="45.5552208" lon="7.7367082">
        <ele>2260</ele>
      </trkpt>
      <trkpt lat="45.5552569" lon="7.7366814">
        <ele>2260</ele>
      </trkpt>
      <trkpt lat="45.5552901" lon="7.7366438">
        <ele>2260</ele>
      </trkpt>
      <trkpt lat="45.5553251" lon="7.7366007">
        <ele>2260</ele>
      </trkpt>
      <trkpt lat="45.5553478" lon="7.7365701">
        <ele>2261</ele>
      </trkpt>
      <trkpt lat="45.5553698" lon="7.7365642">
        <ele>2261</ele>
      </trkpt>
      <trkpt lat="45.5553976" lon="7.7365636">
        <ele>2261</ele>
      </trkpt>
      <trkpt lat="45.5554331" lon="7.7365614">
        <ele>2261</ele>
      </trkpt>
      <trkpt lat="45.5554644" lon="7.7365293">
        <ele>2261</ele>
      </trkpt>
      <trkpt lat="45.5554822" lon="7.7364961">
        <ele>2261</ele>
      </trkpt>
      <trkpt lat="45.5554876" lon="7.7364632">
        <ele>2261</ele>
      </trkpt>
      <trkpt lat="45.5554921" lon="7.7364304">
        <ele>2261</ele>
      </trkpt>
      <trkpt lat="45.5555089" lon="7.7363890">
        <ele>2261</ele>
      </trkpt>
      <trkpt lat="45.5555341" lon="7.7363297">
        <ele>2261</ele>
      </trkpt>
      <trkpt lat="45.5555739" lon="7.7362851">
        <ele>2261</ele>
      </trkpt>
      <trkpt lat="45.5556119" lon="7.7362502">
        <ele>2261</ele>
      </trkpt>
      <trkpt lat="45.5556383" lon="7.7362127">
        <ele>2262</ele>
      </trkpt>
      <trkpt lat="45.5556445" lon="7.7361620">
        <ele>2262</ele>
      </trkpt>
      <trkpt lat="45.5556505" lon="7.7361018">
        <ele>2262</ele>
      </trkpt>
      <trkpt lat="45.5556435" lon="7.7360747">
        <ele>2262</ele>
      </trkpt>
      <trkpt lat="45.5556385" lon="7.7360502">
        <ele>2262</ele>
      </trkpt>
      <trkpt lat="45.5556461" lon="7.7360446">
        <ele>2262</ele>
      </trkpt>
      <trkpt lat="45.5556592" lon="7.7360211">
        <ele>2262</ele>
      </trkpt>
      <trkpt lat="45.5556885" lon="7.7359781">
        <ele>2262</ele>
      </trkpt>
      <trkpt lat="45.5557161" lon="7.7359611">
        <ele>2262</ele>
      </trkpt>
      <trkpt lat="45.5557954" lon="7.7359265">
        <ele>2262</ele>
      </trkpt>
      <trkpt lat="45.5558368" lon="7.7359433">
        <ele>2262</ele>
      </trkpt>
      <trkpt lat="45.5558639" lon="7.7359673">
        <ele>2263</ele>
      </trkpt>
      <trkpt lat="45.5558912" lon="7.7359995">
        <ele>2263</ele>
      </trkpt>
      <trkpt lat="45.5559199" lon="7.7359988">
        <ele>2263</ele>
      </trkpt>
      <trkpt lat="45.5559400" lon="7.7359929">
        <ele>2263</ele>
      </trkpt>
      <trkpt lat="45.5559628" lon="7.7359747">
        <ele>2263</ele>
      </trkpt>
      <trkpt lat="45.5560046" lon="7.7359341">
        <ele>2263</ele>
      </trkpt>
      <trkpt lat="45.5560682" lon="7.7358767">
        <ele>2263</ele>
      </trkpt>
      <trkpt lat="45.5561216" lon="7.7358468">
        <ele>2263</ele>
      </trkpt>
      <trkpt lat="45.5561779" lon="7.7358169">
        <ele>2263</ele>
      </trkpt>
      <trkpt lat="45.5562044" lon="7.7357904">
        <ele>2263</ele>
      </trkpt>
      <trkpt lat="45.5562258" lon="7.7357271">
        <ele>2263</ele>
      </trkpt>
      <trkpt lat="45.5562486" lon="7.7356187">
        <ele>2264</ele>
      </trkpt>
      <trkpt lat="45.5562533" lon="7.7355244">
        <ele>2264</ele>
      </trkpt>
      <trkpt lat="45.5562466" lon="7.7354357">
        <ele>2264</ele>
      </trkpt>
      <trkpt lat="45.5562312" lon="7.7353460">
        <ele>2264</ele>
      </trkpt>
      <trkpt lat="45.5562093" lon="7.7352796">
        <ele>2264</ele>
      </trkpt>
      <trkpt lat="45.5561739" lon="7.7351998">
        <ele>2264</ele>
      </trkpt>
      <trkpt lat="45.5561636" lon="7.7351304">
        <ele>2264</ele>
      </trkpt>
      <trkpt lat="45.5561541" lon="7.7350541">
        <ele>2264</ele>
      </trkpt>
      <trkpt lat="45.5561593" lon="7.7350062">
        <ele>2264</ele>
      </trkpt>
      <trkpt lat="45.5561535" lon="7.7349162">
        <ele>2264</ele>
      </trkpt>
      <trkpt lat="45.5561539" lon="7.7348630">
        <ele>2264</ele>
      </trkpt>
      <trkpt lat="45.5561522" lon="7.7347988">
        <ele>2265</ele>
      </trkpt>
      <trkpt lat="45.5561514" lon="7.7347237">
        <ele>2265</ele>
      </trkpt>
      <trkpt lat="45.5561400" lon="7.7346489">
        <ele>2265</ele>
      </trkpt>
      <trkpt lat="45.5561372" lon="7.7345670">
        <ele>2265</ele>
      </trkpt>
      <trkpt lat="45.5561420" lon="7.7344863">
        <ele>2265</ele>
      </trkpt>
      <trkpt lat="45.5561396" lon="7.7343539">
        <ele>2265</ele>
      </trkpt>
      <trkpt lat="45.5561350" lon="7.7342817">
        <ele>2265</ele>
      </trkpt>
      <trkpt lat="45.5561364" lon="7.7342339">
        <ele>2265</ele>
      </trkpt>
      <trkpt lat="45.5561416" lon="7.7341873">
        <ele>2265</ele>
      </trkpt>
      <trkpt lat="45.5561536" lon="7.7341488">
        <ele>2265</ele>
      </trkpt>
      <trkpt lat="45.5561770" lon="7.7340896">
        <ele>2265</ele>
      </trkpt>
      <trkpt lat="45.5561958" lon="7.7340605">
        <ele>2265</ele>
      </trkpt>
      <trkpt lat="45.5562146" lon="7.7340245">
        <ele>2266</ele>
      </trkpt>
      <trkpt lat="45.5562227" lon="7.7339752">
        <ele>2266</ele>
      </trkpt>
      <trkpt lat="45.5562173" lon="7.7339221">
        <ele>2266</ele>
      </trkpt>
      <trkpt lat="45.5561985" lon="7.7338706">
        <ele>2266</ele>
      </trkpt>
      <trkpt lat="45.5561833" lon="7.7337972">
        <ele>2266</ele>
      </trkpt>
      <trkpt lat="45.5561752" lon="7.7337578">
        <ele>2266</ele>
      </trkpt>
      <trkpt lat="45.5561679" lon="7.7337074">
        <ele>2266</ele>
      </trkpt>
      <trkpt lat="45.5561620" lon="7.7336898">
        <ele>2266</ele>
      </trkpt>
      <trkpt lat="45.5561539" lon="7.7336559">
        <ele>2266</ele>
      </trkpt>
      <trkpt lat="45.5561537" lon="7.7336381">
        <ele>2266</ele>
      </trkpt>
      <trkpt lat="45.5561629" lon="7.7335997">
        <ele>2266</ele>
      </trkpt>
      <trkpt lat="45.5561739" lon="7.7335557">
        <ele>2267</ele>
      </trkpt>
      <trkpt lat="45.5561743" lon="7.7335011">
        <ele>2267</ele>
      </trkpt>
      <trkpt lat="45.5561710" lon="7.7334629">
        <ele>2267</ele>
      </trkpt>
      <trkpt lat="45.5561599" lon="7.7334181">
        <ele>2267</ele>
      </trkpt>
      <trkpt lat="45.5561508" lon="7.7333746">
        <ele>2267</ele>
      </trkpt>
      <trkpt lat="45.5561475" lon="7.7333338">
        <ele>2267</ele>
      </trkpt>
      <trkpt lat="45.5561461" lon="7.7332915">
        <ele>2267</ele>
      </trkpt>
      <trkpt lat="45.5561504" lon="7.7332504">
        <ele>2267</ele>
      </trkpt>
      <trkpt lat="45.5561473" lon="7.7332286">
        <ele>2267</ele>
      </trkpt>
      <trkpt lat="45.5561333" lon="7.7331825">
        <ele>2267</ele>
      </trkpt>
      <trkpt lat="45.5561290" lon="7.7331334">
        <ele>2267</ele>
      </trkpt>
      <trkpt lat="45.5561392" lon="7.7331032">
        <ele>2268</ele>
      </trkpt>
      <trkpt lat="45.5561536" lon="7.7330223">
        <ele>2268</ele>
      </trkpt>
      <trkpt lat="45.5561623" lon="7.7329374">
        <ele>2268</ele>
      </trkpt>
      <trkpt lat="45.5561638" lon="7.7329046">
        <ele>2268</ele>
      </trkpt>
      <trkpt lat="45.5561586" lon="7.7328624">
        <ele>2268</ele>
      </trkpt>
      <trkpt lat="45.5561448" lon="7.7328340">
        <ele>2268</ele>
      </trkpt>
      <trkpt lat="45.5561445" lon="7.7328040">
        <ele>2268</ele>
      </trkpt>
      <trkpt lat="45.5561509" lon="7.7327766">
        <ele>2268</ele>
      </trkpt>
      <trkpt lat="45.5561631" lon="7.7327517">
        <ele>2268</ele>
      </trkpt>
      <trkpt lat="45.5561609" lon="7.7327231">
        <ele>2268</ele>
      </trkpt>
      <trkpt lat="45.5561536" lon="7.7326782">
        <ele>2268</ele>
      </trkpt>
      <trkpt lat="45.5561543" lon="7.7326536">
        <ele>2269</ele>
      </trkpt>
      <trkpt lat="45.5561647" lon="7.7326411">
        <ele>2269</ele>
      </trkpt>
      <trkpt lat="45.5561895" lon="7.7326214">
        <ele>2269</ele>
      </trkpt>
      <trkpt lat="45.5562007" lon="7.7325979">
        <ele>2269</ele>
      </trkpt>
      <trkpt lat="45.5562033" lon="7.7325733">
        <ele>2269</ele>
      </trkpt>
      <trkpt lat="45.5561953" lon="7.7325393">
        <ele>2269</ele>
      </trkpt>
      <trkpt lat="45.5561900" lon="7.7324998">
        <ele>2269</ele>
      </trkpt>
      <trkpt lat="45.5562060" lon="7.7324667">
        <ele>2269</ele>
      </trkpt>
      <trkpt lat="45.5562249" lon="7.7324444">
        <ele>2269</ele>
      </trkpt>
      <trkpt lat="45.5562466" lon="7.7324112">
        <ele>2269</ele>
      </trkpt>
      <trkpt lat="45.5562692" lon="7.7323724">
        <ele>2269</ele>
      </trkpt>
      <trkpt lat="45.5562912" lon="7.7323624">
        <ele>2269</ele>
      </trkpt>
      <trkpt lat="45.5562969" lon="7.7323650">
        <ele>2270</ele>
      </trkpt>
      <trkpt lat="45.5563028" lon="7.7323785">
        <ele>2270</ele>
      </trkpt>
      <trkpt lat="45.5563003" lon="7.7324059">
        <ele>2270</ele>
      </trkpt>
      <trkpt lat="45.5563014" lon="7.7324236">
        <ele>2270</ele>
      </trkpt>
      <trkpt lat="45.5563111" lon="7.7324288">
        <ele>2270</ele>
      </trkpt>
      <trkpt lat="45.5563341" lon="7.7324297">
        <ele>2270</ele>
      </trkpt>
      <trkpt lat="45.5563734" lon="7.7324220">
        <ele>2270</ele>
      </trkpt>
      <trkpt lat="45.5564325" lon="7.7323920">
        <ele>2270</ele>
      </trkpt>
      <trkpt lat="45.5564680" lon="7.7323885">
        <ele>2270</ele>
      </trkpt>
      <trkpt lat="45.5564967" lon="7.7323837">
        <ele>2270</ele>
      </trkpt>
      <trkpt lat="45.5565150" lon="7.7323929">
        <ele>2270</ele>
      </trkpt>
      <trkpt lat="45.5565345" lon="7.7324211">
        <ele>2271</ele>
      </trkpt>
      <trkpt lat="45.5565520" lon="7.7324425">
        <ele>2271</ele>
      </trkpt>
      <trkpt lat="45.5565648" lon="7.7324682">
        <ele>2271</ele>
      </trkpt>
      <trkpt lat="45.5565795" lon="7.7324993">
        <ele>2271</ele>
      </trkpt>
      <trkpt lat="45.5565951" lon="7.7325194">
        <ele>2271</ele>
      </trkpt>
      <trkpt lat="45.5566098" lon="7.7325491">
        <ele>2271</ele>
      </trkpt>
      <trkpt lat="45.5566081" lon="7.7325655">
        <ele>2271</ele>
      </trkpt>
      <trkpt lat="45.5566014" lon="7.7325739">
        <ele>2271</ele>
      </trkpt>
      <trkpt lat="45.5565930" lon="7.7325946">
        <ele>2271</ele>
      </trkpt>
      <trkpt lat="45.5565904" lon="7.7326178">
        <ele>2271</ele>
      </trkpt>
      <trkpt lat="45.5566030" lon="7.7326271">
        <ele>2271</ele>
      </trkpt>
      <trkpt lat="45.5566184" lon="7.7326295">
        <ele>2272</ele>
      </trkpt>
      <trkpt lat="45.5566377" lon="7.7326386">
        <ele>2272</ele>
      </trkpt>
      <trkpt lat="45.5566569" lon="7.7326409">
        <ele>2272</ele>
      </trkpt>
      <trkpt lat="45.5566682" lon="7.7326284">
        <ele>2272</ele>
      </trkpt>
      <trkpt lat="45.5566796" lon="7.7326117">
        <ele>2272</ele>
      </trkpt>
      <trkpt lat="45.5566893" lon="7.7326211">
        <ele>2272</ele>
      </trkpt>
      <trkpt lat="45.5566970" lon="7.7326305">
        <ele>2272</ele>
      </trkpt>
      <trkpt lat="45.5567185" lon="7.7326627">
        <ele>2272</ele>
      </trkpt>
      <trkpt lat="45.5567340" lon="7.7326801">
        <ele>2272</ele>
      </trkpt>
      <trkpt lat="45.5567555" lon="7.7327083">
        <ele>2272</ele>
      </trkpt>
      <trkpt lat="45.5567709" lon="7.7327135">
        <ele>2272</ele>
      </trkpt>
      <trkpt lat="45.5567850" lon="7.7326927">
        <ele>2273</ele>
      </trkpt>
      <trkpt lat="45.5568098" lon="7.7326743">
        <ele>2273</ele>
      </trkpt>
      <trkpt lat="45.5568536" lon="7.7326461">
        <ele>2273</ele>
      </trkpt>
      <trkpt lat="45.5569063" lon="7.7326394">
        <ele>2273</ele>
      </trkpt>
      <trkpt lat="45.5569295" lon="7.7326594">
        <ele>2273</ele>
      </trkpt>
      <trkpt lat="45.5569634" lon="7.7326873">
        <ele>2273</ele>
      </trkpt>
      <trkpt lat="45.5570022" lon="7.7327246">
        <ele>2273</ele>
      </trkpt>
      <trkpt lat="45.5570445" lon="7.7327360">
        <ele>2273</ele>
      </trkpt>
      <trkpt lat="45.5570636" lon="7.7327301">
        <ele>2273</ele>
      </trkpt>
      <trkpt lat="45.5570807" lon="7.7327120">
        <ele>2273</ele>
      </trkpt>
      <trkpt lat="45.5571008" lon="7.7327074">
        <ele>2273</ele>
      </trkpt>
      <trkpt lat="45.5571179" lon="7.7326947">
        <ele>2273</ele>
      </trkpt>
      <trkpt lat="45.5571339" lon="7.7326657">
        <ele>2274</ele>
      </trkpt>
      <trkpt lat="45.5571530" lon="7.7326571">
        <ele>2274</ele>
      </trkpt>
      <trkpt lat="45.5571779" lon="7.7326565">
        <ele>2274</ele>
      </trkpt>
      <trkpt lat="45.5572019" lon="7.7326573">
        <ele>2274</ele>
      </trkpt>
      <trkpt lat="45.5572345" lon="7.7326498">
        <ele>2274</ele>
      </trkpt>
      <trkpt lat="45.5572583" lon="7.7326342">
        <ele>2274</ele>
      </trkpt>
      <trkpt lat="45.5572743" lon="7.7326093">
        <ele>2274</ele>
      </trkpt>
      <trkpt lat="45.5572973" lon="7.7326060">
        <ele>2274</ele>
      </trkpt>
      <trkpt lat="45.5573279" lon="7.7325972">
        <ele>2274</ele>
      </trkpt>
      <trkpt lat="45.5573794" lon="7.7325701">
        <ele>2274</ele>
      </trkpt>
      <trkpt lat="45.5574110" lon="7.7325666">
        <ele>2274</ele>
      </trkpt>
      <trkpt lat="45.5574472" lon="7.7325453">
        <ele>2275</ele>
      </trkpt>
      <trkpt lat="45.5574913" lon="7.7325389">
        <ele>2275</ele>
      </trkpt>
      <trkpt lat="45.5575354" lon="7.7325433">
        <ele>2275</ele>
      </trkpt>
      <trkpt lat="45.5575872" lon="7.7325422">
        <ele>2275</ele>
      </trkpt>
      <trkpt lat="45.5576420" lon="7.7325478">
        <ele>2275</ele>
      </trkpt>
      <trkpt lat="45.5576756" lon="7.7325497">
        <ele>2275</ele>
      </trkpt>
      <trkpt lat="45.5577006" lon="7.7325560">
        <ele>2275</ele>
      </trkpt>
      <trkpt lat="45.5577153" lon="7.7325898">
        <ele>2275</ele>
      </trkpt>
      <trkpt lat="45.5577265" lon="7.7326401">
        <ele>2275</ele>
      </trkpt>
      <trkpt lat="45.5577444" lon="7.7327025">
        <ele>2275</ele>
      </trkpt>
      <trkpt lat="45.5577627" lon="7.7327103">
        <ele>2275</ele>
      </trkpt>
      <trkpt lat="45.5577791" lon="7.7327167">
        <ele>2276</ele>
      </trkpt>
      <trkpt lat="45.5577870" lon="7.7327398">
        <ele>2276</ele>
      </trkpt>
      <trkpt lat="45.5578245" lon="7.7327417">
        <ele>2276</ele>
      </trkpt>
      <trkpt lat="45.5578734" lon="7.7327460">
        <ele>2276</ele>
      </trkpt>
      <trkpt lat="45.5578976" lon="7.7327619">
        <ele>2276</ele>
      </trkpt>
      <trkpt lat="45.5579391" lon="7.7327855">
        <ele>2276</ele>
      </trkpt>
      <trkpt lat="45.5579806" lon="7.7328092">
        <ele>2276</ele>
      </trkpt>
      <trkpt lat="45.5580152" lon="7.7328125">
        <ele>2276</ele>
      </trkpt>
      <trkpt lat="45.5580701" lon="7.7328304">
        <ele>2276</ele>
      </trkpt>
      <trkpt lat="45.5581057" lon="7.7328446">
        <ele>2276</ele>
      </trkpt>
      <trkpt lat="45.5581287" lon="7.7328413">
        <ele>2276</ele>
      </trkpt>
      <trkpt lat="45.5581710" lon="7.7328513">
        <ele>2277</ele>
      </trkpt>
      <trkpt lat="45.5582201" lon="7.7328652">
        <ele>2277</ele>
      </trkpt>
      <trkpt lat="45.5582569" lon="7.7328958">
        <ele>2277</ele>
      </trkpt>
      <trkpt lat="45.5582859" lon="7.7329143">
        <ele>2277</ele>
      </trkpt>
      <trkpt lat="45.5583089" lon="7.7329124">
        <ele>2277</ele>
      </trkpt>
      <trkpt lat="45.5583269" lon="7.7328888">
        <ele>2277</ele>
      </trkpt>
      <trkpt lat="45.5583501" lon="7.7328254">
        <ele>2277</ele>
      </trkpt>
      <trkpt lat="45.5583771" lon="7.7327497">
        <ele>2277</ele>
      </trkpt>
      <trkpt lat="45.5584045" lon="7.7327136">
        <ele>2277</ele>
      </trkpt>
      <trkpt lat="45.5584294" lon="7.7327035">
        <ele>2277</ele>
      </trkpt>
      <trkpt lat="45.5584544" lon="7.7327097">
        <ele>2277</ele>
      </trkpt>
      <trkpt lat="45.5584710" lon="7.7327367">
        <ele>2277</ele>
      </trkpt>
      <trkpt lat="45.5584810" lon="7.7327747">
        <ele>2278</ele>
      </trkpt>
      <trkpt lat="45.5585075" lon="7.7328301">
        <ele>2278</ele>
      </trkpt>
      <trkpt lat="45.5585293" lon="7.7328897">
        <ele>2278</ele>
      </trkpt>
      <trkpt lat="45.5585461" lon="7.7329344">
        <ele>2278</ele>
      </trkpt>
      <trkpt lat="45.5585535" lon="7.7330011">
        <ele>2278</ele>
      </trkpt>
      <trkpt lat="45.5585511" lon="7.7330435">
        <ele>2278</ele>
      </trkpt>
      <trkpt lat="45.5585447" lon="7.7330737">
        <ele>2278</ele>
      </trkpt>
      <trkpt lat="45.5585450" lon="7.7330983">
        <ele>2278</ele>
      </trkpt>
      <trkpt lat="45.5585492" lon="7.7331323">
        <ele>2278</ele>
      </trkpt>
      <trkpt lat="45.5585612" lon="7.7331689">
        <ele>2278</ele>
      </trkpt>
      <trkpt lat="45.5585605" lon="7.7331962">
        <ele>2278</ele>
      </trkpt>
      <trkpt lat="45.5585626" lon="7.7332153">
        <ele>2279</ele>
      </trkpt>
      <trkpt lat="45.5585629" lon="7.7332440">
        <ele>2279</ele>
      </trkpt>
      <trkpt lat="45.5585756" lon="7.7332642">
        <ele>2279</ele>
      </trkpt>
      <trkpt lat="45.5585845" lon="7.7332885">
        <ele>2279</ele>
      </trkpt>
      <trkpt lat="45.5585838" lon="7.7333063">
        <ele>2279</ele>
      </trkpt>
      <trkpt lat="45.5585746" lon="7.7333461">
        <ele>2279</ele>
      </trkpt>
      <trkpt lat="45.5585809" lon="7.7333883">
        <ele>2279</ele>
      </trkpt>
      <trkpt lat="45.5585880" lon="7.7334278">
        <ele>2279</ele>
      </trkpt>
      <trkpt lat="45.5585884" lon="7.7334605">
        <ele>2279</ele>
      </trkpt>
      <trkpt lat="45.5585981" lon="7.7334699">
        <ele>2279</ele>
      </trkpt>
      <trkpt lat="45.5586154" lon="7.7334777">
        <ele>2279</ele>
      </trkpt>
      <trkpt lat="45.5586413" lon="7.7334771">
        <ele>2280</ele>
      </trkpt>
      <trkpt lat="45.5586661" lon="7.7334670">
        <ele>2280</ele>
      </trkpt>
      <trkpt lat="45.5586890" lon="7.7334528">
        <ele>2280</ele>
      </trkpt>
      <trkpt lat="45.5587062" lon="7.7334469">
        <ele>2280</ele>
      </trkpt>
      <trkpt lat="45.5587285" lon="7.7334642">
        <ele>2280</ele>
      </trkpt>
      <trkpt lat="45.5587650" lon="7.7334675">
        <ele>2280</ele>
      </trkpt>
      <trkpt lat="45.5587983" lon="7.7334462">
        <ele>2280</ele>
      </trkpt>
      <trkpt lat="45.5588447" lon="7.7333933">
        <ele>2280</ele>
      </trkpt>
      <trkpt lat="45.5588884" lon="7.7333582">
        <ele>2280</ele>
      </trkpt>
      <trkpt lat="45.5589287" lon="7.7333532">
        <ele>2280</ele>
      </trkpt>
      <trkpt lat="45.5589546" lon="7.7333540">
        <ele>2280</ele>
      </trkpt>
      <trkpt lat="45.5590034" lon="7.7333406">
        <ele>2281</ele>
      </trkpt>
      <trkpt lat="45.5590387" lon="7.7333261">
        <ele>2281</ele>
      </trkpt>
      <trkpt lat="45.5590723" lon="7.7333240">
        <ele>2281</ele>
      </trkpt>
      <trkpt lat="45.5591208" lon="7.7332942">
        <ele>2281</ele>
      </trkpt>
      <trkpt lat="45.5591857" lon="7.7332614">
        <ele>2281</ele>
      </trkpt>
      <trkpt lat="45.5592183" lon="7.7332579">
        <ele>2281</ele>
      </trkpt>
      <trkpt lat="45.5592443" lon="7.7332683">
        <ele>2281</ele>
      </trkpt>
      <trkpt lat="45.5592581" lon="7.7332980">
        <ele>2281</ele>
      </trkpt>
      <trkpt lat="45.5592721" lon="7.7333564">
        <ele>2281</ele>
      </trkpt>
      <trkpt lat="45.5592783" lon="7.7333904">
        <ele>2281</ele>
      </trkpt>
      <trkpt lat="45.5592788" lon="7.7334341">
        <ele>2281</ele>
      </trkpt>
      <trkpt lat="45.5592885" lon="7.7334462">
        <ele>2282</ele>
      </trkpt>
      <trkpt lat="45.5593030" lon="7.7334595">
        <ele>2282</ele>
      </trkpt>
      <trkpt lat="45.5593129" lon="7.7334852">
        <ele>2282</ele>
      </trkpt>
      <trkpt lat="45.5593247" lon="7.7335136">
        <ele>2282</ele>
      </trkpt>
      <trkpt lat="45.5593468" lon="7.7335186">
        <ele>2282</ele>
      </trkpt>
      <trkpt lat="45.5593668" lon="7.7335045">
        <ele>2282</ele>
      </trkpt>
      <trkpt lat="45.5593809" lon="7.7334741">
        <ele>2282</ele>
      </trkpt>
      <trkpt lat="45.5593937" lon="7.7334151">
        <ele>2282</ele>
      </trkpt>
      <trkpt lat="45.5594091" lon="7.7333328">
        <ele>2282</ele>
      </trkpt>
      <trkpt lat="45.5594206" lon="7.7332506">
        <ele>2282</ele>
      </trkpt>
      <trkpt lat="45.5594260" lon="7.7332150">
        <ele>2282</ele>
      </trkpt>
      <trkpt lat="45.5594420" lon="7.7331901">
        <ele>2282</ele>
      </trkpt>
      <trkpt lat="45.5594513" lon="7.7331653">
        <ele>2283</ele>
      </trkpt>
      <trkpt lat="45.5594664" lon="7.7331363">
        <ele>2283</ele>
      </trkpt>
      <trkpt lat="45.5594756" lon="7.7331019">
        <ele>2283</ele>
      </trkpt>
      <trkpt lat="45.5594835" lon="7.7330362">
        <ele>2283</ele>
      </trkpt>
      <trkpt lat="45.5594923" lon="7.7329704">
        <ele>2283</ele>
      </trkpt>
      <trkpt lat="45.5595043" lon="7.7329278">
        <ele>2283</ele>
      </trkpt>
      <trkpt lat="45.5595212" lon="7.7328947">
        <ele>2283</ele>
      </trkpt>
      <trkpt lat="45.5595220" lon="7.7328742">
        <ele>2283</ele>
      </trkpt>
      <trkpt lat="45.5595179" lon="7.7328579">
        <ele>2283</ele>
      </trkpt>
      <trkpt lat="45.5595291" lon="7.7328276">
        <ele>2283</ele>
      </trkpt>
      <trkpt lat="45.5595406" lon="7.7328219">
        <ele>2283</ele>
      </trkpt>
      <trkpt lat="45.5595464" lon="7.7328327">
        <ele>2284</ele>
      </trkpt>
      <trkpt lat="45.5595554" lon="7.7328652">
        <ele>2284</ele>
      </trkpt>
      <trkpt lat="45.5595699" lon="7.7328731">
        <ele>2284</ele>
      </trkpt>
      <trkpt lat="45.5595850" lon="7.7328509">
        <ele>2284</ele>
      </trkpt>
      <trkpt lat="45.5596125" lon="7.7328216">
        <ele>2284</ele>
      </trkpt>
      <trkpt lat="45.5596259" lon="7.7328172">
        <ele>2284</ele>
      </trkpt>
      <trkpt lat="45.5596508" lon="7.7328167">
        <ele>2284</ele>
      </trkpt>
      <trkpt lat="45.5596641" lon="7.7328027">
        <ele>2284</ele>
      </trkpt>
      <trkpt lat="45.5596716" lon="7.7327862">
        <ele>2284</ele>
      </trkpt>
      <trkpt lat="45.5596888" lon="7.7327776">
        <ele>2284</ele>
      </trkpt>
      <trkpt lat="45.5597096" lon="7.7327566">
        <ele>2284</ele>
      </trkpt>
      <trkpt lat="45.5597245" lon="7.7327099">
        <ele>2285</ele>
      </trkpt>
      <trkpt lat="45.5597505" lon="7.7326355">
        <ele>2285</ele>
      </trkpt>
      <trkpt lat="45.5597673" lon="7.7325956">
        <ele>2285</ele>
      </trkpt>
      <trkpt lat="45.5597880" lon="7.7325528">
        <ele>2285</ele>
      </trkpt>
      <trkpt lat="45.5597950" lon="7.7324925">
        <ele>2285</ele>
      </trkpt>
      <trkpt lat="45.5597924" lon="7.7324339">
        <ele>2285</ele>
      </trkpt>
      <trkpt lat="45.5597985" lon="7.7323818">
        <ele>2285</ele>
      </trkpt>
      <trkpt lat="45.5598192" lon="7.7323431">
        <ele>2285</ele>
      </trkpt>
      <trkpt lat="45.5598399" lon="7.7323017">
        <ele>2285</ele>
      </trkpt>
      <trkpt lat="45.5598607" lon="7.7322753">
        <ele>2285</ele>
      </trkpt>
      <trkpt lat="45.5598874" lon="7.7322624">
        <ele>2285</ele>
      </trkpt>
      <trkpt lat="45.5599333" lon="7.7322504">
        <ele>2286</ele>
      </trkpt>
      <trkpt lat="45.5599601" lon="7.7322457">
        <ele>2286</ele>
      </trkpt>
      <trkpt lat="45.5599794" lon="7.7322590">
        <ele>2286</ele>
      </trkpt>
      <trkpt lat="45.5600036" lon="7.7322734">
        <ele>2286</ele>
      </trkpt>
      <trkpt lat="45.5600353" lon="7.7322768">
        <ele>2286</ele>
      </trkpt>
      <trkpt lat="45.5600583" lon="7.7322736">
        <ele>2286</ele>
      </trkpt>
      <trkpt lat="45.5600831" lon="7.7322675">
        <ele>2286</ele>
      </trkpt>
      <trkpt lat="45.5601158" lon="7.7322736">
        <ele>2286</ele>
      </trkpt>
      <trkpt lat="45.5601515" lon="7.7322865">
        <ele>2286</ele>
      </trkpt>
      <trkpt lat="45.5601880" lon="7.7322925">
        <ele>2286</ele>
      </trkpt>
      <trkpt lat="45.5602148" lon="7.7322851">
        <ele>2286</ele>
      </trkpt>
      <trkpt lat="45.5602442" lon="7.7322598">
        <ele>2286</ele>
      </trkpt>
      <trkpt lat="45.5602612" lon="7.7322390">
        <ele>2287</ele>
      </trkpt>
      <trkpt lat="45.5602840" lon="7.7322166">
        <ele>2287</ele>
      </trkpt>
      <trkpt lat="45.5603002" lon="7.7322094">
        <ele>2287</ele>
      </trkpt>
      <trkpt lat="45.5603166" lon="7.7322131">
        <ele>2287</ele>
      </trkpt>
      <trkpt lat="45.5603438" lon="7.7322398">
        <ele>2287</ele>
      </trkpt>
      <trkpt lat="45.5603777" lon="7.7322773">
        <ele>2287</ele>
      </trkpt>
      <trkpt lat="45.5604085" lon="7.7322821">
        <ele>2287</ele>
      </trkpt>
      <trkpt lat="45.5604278" lon="7.7322926">
        <ele>2287</ele>
      </trkpt>
      <trkpt lat="45.5604501" lon="7.7323166">
        <ele>2287</ele>
      </trkpt>
      <trkpt lat="45.5604842" lon="7.7323582">
        <ele>2287</ele>
      </trkpt>
      <trkpt lat="45.5605048" lon="7.7324014">
        <ele>2287</ele>
      </trkpt>
      <trkpt lat="45.5605243" lon="7.7324351">
        <ele>2288</ele>
      </trkpt>
      <trkpt lat="45.5605532" lon="7.7324427">
        <ele>2288</ele>
      </trkpt>
      <trkpt lat="45.5605732" lon="7.7324327">
        <ele>2288</ele>
      </trkpt>
      <trkpt lat="45.5605965" lon="7.7324540">
        <ele>2288</ele>
      </trkpt>
      <trkpt lat="45.5605978" lon="7.7324827">
        <ele>2288</ele>
      </trkpt>
      <trkpt lat="45.5605980" lon="7.7324990">
        <ele>2288</ele>
      </trkpt>
      <trkpt lat="45.5605906" lon="7.7325306">
        <ele>2288</ele>
      </trkpt>
      <trkpt lat="45.5605739" lon="7.7325774">
        <ele>2288</ele>
      </trkpt>
      <trkpt lat="45.5605636" lon="7.7326050">
        <ele>2288</ele>
      </trkpt>
      <trkpt lat="45.5605651" lon="7.7326500">
        <ele>2288</ele>
      </trkpt>
      <trkpt lat="45.5605734" lon="7.7327044">
        <ele>2288</ele>
      </trkpt>
      <trkpt lat="45.5605954" lon="7.7327900">
        <ele>2289</ele>
      </trkpt>
      <trkpt lat="45.5606174" lon="7.7328660">
        <ele>2289</ele>
      </trkpt>
      <trkpt lat="45.5606507" lon="7.7329294">
        <ele>2289</ele>
      </trkpt>
      <trkpt lat="45.5606839" lon="7.7329792">
        <ele>2289</ele>
      </trkpt>
      <trkpt lat="45.5607245" lon="7.7330056">
        <ele>2289</ele>
      </trkpt>
      <trkpt lat="45.5607554" lon="7.7330322">
        <ele>2289</ele>
      </trkpt>
      <trkpt lat="45.5607871" lon="7.7330301">
        <ele>2289</ele>
      </trkpt>
      <trkpt lat="45.5608409" lon="7.7330412">
        <ele>2289</ele>
      </trkpt>
      <trkpt lat="45.5608688" lon="7.7330460">
        <ele>2289</ele>
      </trkpt>
      <trkpt lat="45.5609004" lon="7.7330439">
        <ele>2289</ele>
      </trkpt>
      <trkpt lat="45.5609282" lon="7.7330406">
        <ele>2289</ele>
      </trkpt>
      <trkpt lat="45.5609494" lon="7.7330442">
        <ele>2290</ele>
      </trkpt>
      <trkpt lat="45.5609660" lon="7.7330711">
        <ele>2290</ele>
      </trkpt>
      <trkpt lat="45.5609702" lon="7.7331052">
        <ele>2290</ele>
      </trkpt>
      <trkpt lat="45.5609770" lon="7.7331132">
        <ele>2290</ele>
      </trkpt>
      <trkpt lat="45.5609888" lon="7.7331416">
        <ele>2290</ele>
      </trkpt>
      <trkpt lat="45.5609996" lon="7.7331673">
        <ele>2290</ele>
      </trkpt>
      <trkpt lat="45.5610001" lon="7.7332097">
        <ele>2290</ele>
      </trkpt>
      <trkpt lat="45.5610044" lon="7.7332505">
        <ele>2290</ele>
      </trkpt>
      <trkpt lat="45.5610077" lon="7.7332860">
        <ele>2290</ele>
      </trkpt>
      <trkpt lat="45.5610233" lon="7.7333075">
        <ele>2290</ele>
      </trkpt>
      <trkpt lat="45.5610445" lon="7.7333166">
        <ele>2290</ele>
      </trkpt>
      <trkpt lat="45.5610663" lon="7.7332956">
        <ele>2290</ele>
      </trkpt>
      <trkpt lat="45.5610833" lon="7.7332720">
        <ele>2291</ele>
      </trkpt>
      <trkpt lat="45.5611043" lon="7.7332606">
        <ele>2291</ele>
      </trkpt>
      <trkpt lat="45.5611221" lon="7.7332274">
        <ele>2291</ele>
      </trkpt>
      <trkpt lat="45.5611458" lon="7.7331996">
        <ele>2291</ele>
      </trkpt>
      <trkpt lat="45.5611773" lon="7.7331866">
        <ele>2291</ele>
      </trkpt>
      <trkpt lat="45.5612051" lon="7.7331805">
        <ele>2291</ele>
      </trkpt>
      <trkpt lat="45.5612232" lon="7.7331719">
        <ele>2291</ele>
      </trkpt>
      <trkpt lat="45.5612392" lon="7.7331442">
        <ele>2291</ele>
      </trkpt>
      <trkpt lat="45.5612689" lon="7.7331394">
        <ele>2291</ele>
      </trkpt>
      <trkpt lat="45.5613122" lon="7.7331480">
        <ele>2291</ele>
      </trkpt>
      <trkpt lat="45.5613470" lon="7.7331746">
        <ele>2291</ele>
      </trkpt>
      <trkpt lat="45.5613868" lon="7.7332160">
        <ele>2292</ele>
      </trkpt>
      <trkpt lat="45.5614286" lon="7.7332642">
        <ele>2292</ele>
      </trkpt>
      <trkpt lat="45.5614586" lon="7.7332922">
        <ele>2292</ele>
      </trkpt>
      <trkpt lat="45.5614855" lon="7.7332971">
        <ele>2292</ele>
      </trkpt>
      <trkpt lat="45.5615135" lon="7.7333087">
        <ele>2292</ele>
      </trkpt>
      <trkpt lat="45.5615320" lon="7.7333343">
        <ele>2292</ele>
      </trkpt>
      <trkpt lat="45.5615513" lon="7.7333420">
        <ele>2292</ele>
      </trkpt>
      <trkpt lat="45.5615764" lon="7.7333606">
        <ele>2292</ele>
      </trkpt>
      <trkpt lat="45.5615950" lon="7.7333930">
        <ele>2292</ele>
      </trkpt>
      <trkpt lat="45.5616250" lon="7.7334169">
        <ele>2292</ele>
      </trkpt>
      <trkpt lat="45.5616446" lon="7.7334574">
        <ele>2292</ele>
      </trkpt>
      <trkpt lat="45.5616701" lon="7.7335032">
        <ele>2293</ele>
      </trkpt>
      <trkpt lat="45.5616974" lon="7.7335422">
        <ele>2293</ele>
      </trkpt>
      <trkpt lat="45.5617113" lon="7.7335856">
        <ele>2293</ele>
      </trkpt>
      <trkpt lat="45.5617175" lon="7.7336251">
        <ele>2293</ele>
      </trkpt>
      <trkpt lat="45.5617162" lon="7.7336811">
        <ele>2293</ele>
      </trkpt>
      <trkpt lat="45.5617061" lon="7.7337264">
        <ele>2293</ele>
      </trkpt>
      <trkpt lat="45.5617037" lon="7.7337702">
        <ele>2293</ele>
      </trkpt>
      <trkpt lat="45.5617263" lon="7.7338161">
        <ele>2293</ele>
      </trkpt>
      <trkpt lat="45.5617565" lon="7.7338618">
        <ele>2293</ele>
      </trkpt>
      <trkpt lat="45.5618183" lon="7.7338959">
        <ele>2293</ele>
      </trkpt>
      <trkpt lat="45.5618519" lon="7.7338938">
        <ele>2293</ele>
      </trkpt>
      <trkpt lat="45.5618853" lon="7.7338808">
        <ele>2294</ele>
      </trkpt>
      <trkpt lat="45.5619208" lon="7.7338841">
        <ele>2294</ele>
      </trkpt>
      <trkpt lat="45.5619555" lon="7.7338956">
        <ele>2294</ele>
      </trkpt>
      <trkpt lat="45.5620046" lon="7.7339081">
        <ele>2294</ele>
      </trkpt>
      <trkpt lat="45.5620507" lon="7.7339180">
        <ele>2294</ele>
      </trkpt>
      <trkpt lat="45.5620856" lon="7.7339541">
        <ele>2294</ele>
      </trkpt>
      <trkpt lat="45.5621243" lon="7.7339806">
        <ele>2294</ele>
      </trkpt>
      <trkpt lat="45.5621503" lon="7.7339854">
        <ele>2294</ele>
      </trkpt>
      <trkpt lat="45.5621760" lon="7.7339698">
        <ele>2294</ele>
      </trkpt>
      <trkpt lat="45.5622018" lon="7.7339638">
        <ele>2294</ele>
      </trkpt>
      <trkpt lat="45.5622268" lon="7.7339701">
        <ele>2294</ele>
      </trkpt>
      <trkpt lat="45.5622522" lon="7.7340036">
        <ele>2294</ele>
      </trkpt>
      <trkpt lat="45.5622871" lon="7.7340411">
        <ele>2295</ele>
      </trkpt>
      <trkpt lat="45.5623092" lon="7.7340474">
        <ele>2295</ele>
      </trkpt>
      <trkpt lat="45.5623273" lon="7.7340293">
        <ele>2295</ele>
      </trkpt>
      <trkpt lat="45.5623434" lon="7.7340125">
        <ele>2295</ele>
      </trkpt>
      <trkpt lat="45.5623664" lon="7.7340134">
        <ele>2295</ele>
      </trkpt>
      <trkpt lat="45.5623952" lon="7.7340168">
        <ele>2295</ele>
      </trkpt>
      <trkpt lat="45.5624098" lon="7.7340301">
        <ele>2295</ele>
      </trkpt>
      <trkpt lat="45.5624158" lon="7.7340519">
        <ele>2295</ele>
      </trkpt>
      <trkpt lat="45.5624209" lon="7.7340777">
        <ele>2295</ele>
      </trkpt>
      <trkpt lat="45.5624317" lon="7.7341034">
        <ele>2295</ele>
      </trkpt>
      <trkpt lat="45.5624387" lon="7.7341265">
        <ele>2295</ele>
      </trkpt>
      <trkpt lat="45.5624408" lon="7.7341455">
        <ele>2296</ele>
      </trkpt>
      <trkpt lat="45.5624457" lon="7.7341577">
        <ele>2296</ele>
      </trkpt>
      <trkpt lat="45.5624441" lon="7.7341810">
        <ele>2296</ele>
      </trkpt>
      <trkpt lat="45.5624396" lon="7.7342097">
        <ele>2296</ele>
      </trkpt>
      <trkpt lat="45.5624323" lon="7.7342440">
        <ele>2296</ele>
      </trkpt>
      <trkpt lat="45.5624354" lon="7.7342686">
        <ele>2296</ele>
      </trkpt>
      <trkpt lat="45.5624441" lon="7.7342697">
        <ele>2296</ele>
      </trkpt>
      <trkpt lat="45.5624554" lon="7.7342531">
        <ele>2296</ele>
      </trkpt>
      <trkpt lat="45.5624763" lon="7.7342349">
        <ele>2296</ele>
      </trkpt>
      <trkpt lat="45.5624981" lon="7.7342139">
        <ele>2296</ele>
      </trkpt>
      <trkpt lat="45.5625202" lon="7.7342175">
        <ele>2296</ele>
      </trkpt>
      <trkpt lat="45.5625386" lon="7.7342266">
        <ele>2297</ele>
      </trkpt>
      <trkpt lat="45.5625587" lon="7.7342221">
        <ele>2297</ele>
      </trkpt>
      <trkpt lat="45.5625814" lon="7.7341943">
        <ele>2297</ele>
      </trkpt>
      <trkpt lat="45.5626108" lon="7.7341677">
        <ele>2297</ele>
      </trkpt>
      <trkpt lat="45.5626443" lon="7.7341546">
        <ele>2297</ele>
      </trkpt>
      <trkpt lat="45.5626759" lon="7.7341539">
        <ele>2297</ele>
      </trkpt>
      <trkpt lat="45.5627115" lon="7.7341640">
        <ele>2297</ele>
      </trkpt>
      <trkpt lat="45.5627483" lon="7.7341932">
        <ele>2297</ele>
      </trkpt>
      <trkpt lat="45.5627669" lon="7.7342297">
        <ele>2297</ele>
      </trkpt>
      <trkpt lat="45.5628039" lon="7.7342767">
        <ele>2297</ele>
      </trkpt>
      <trkpt lat="45.5628465" lon="7.7343167">
        <ele>2297</ele>
      </trkpt>
      <trkpt lat="45.5628768" lon="7.7343665">
        <ele>2298</ele>
      </trkpt>
      <trkpt lat="45.5629018" lon="7.7343728">
        <ele>2298</ele>
      </trkpt>
      <trkpt lat="45.5629123" lon="7.7343630">
        <ele>2298</ele>
      </trkpt>
      <trkpt lat="45.5629158" lon="7.7343315">
        <ele>2298</ele>
      </trkpt>
      <trkpt lat="45.5629354" lon="7.7342846">
        <ele>2298</ele>
      </trkpt>
      <trkpt lat="45.5629551" lon="7.7342473">
        <ele>2298</ele>
      </trkpt>
      <trkpt lat="45.5629805" lon="7.7342031">
        <ele>2298</ele>
      </trkpt>
      <trkpt lat="45.5630099" lon="7.7341683">
        <ele>2298</ele>
      </trkpt>
      <trkpt lat="45.5630376" lon="7.7341581">
        <ele>2298</ele>
      </trkpt>
      <trkpt lat="45.5630627" lon="7.7341725">
        <ele>2298</ele>
      </trkpt>
      <trkpt lat="45.5630795" lon="7.7342186">
        <ele>2298</ele>
      </trkpt>
      <trkpt lat="45.5630943" lon="7.7342497">
        <ele>2298</ele>
      </trkpt>
      <trkpt lat="45.5631135" lon="7.7342547">
        <ele>2299</ele>
      </trkpt>
      <trkpt lat="45.5631326" lon="7.7342488">
        <ele>2299</ele>
      </trkpt>
      <trkpt lat="45.5631520" lon="7.7342675">
        <ele>2299</ele>
      </trkpt>
      <trkpt lat="45.5631552" lon="7.7342975">
        <ele>2299</ele>
      </trkpt>
      <trkpt lat="45.5631673" lon="7.7343450">
        <ele>2299</ele>
      </trkpt>
      <trkpt lat="45.5631746" lon="7.7344049">
        <ele>2299</ele>
      </trkpt>
      <trkpt lat="45.5632032" lon="7.7344698">
        <ele>2299</ele>
      </trkpt>
      <trkpt lat="45.5632278" lon="7.7345294">
        <ele>2299</ele>
      </trkpt>
      <trkpt lat="45.5632524" lon="7.7345848">
        <ele>2299</ele>
      </trkpt>
      <trkpt lat="45.5632737" lon="7.7345993">
        <ele>2299</ele>
      </trkpt>
      <trkpt lat="45.5632907" lon="7.7345812">
        <ele>2299</ele>
      </trkpt>
      <trkpt lat="45.5633127" lon="7.7345671">
        <ele>2300</ele>
      </trkpt>
      <trkpt lat="45.5633243" lon="7.7345777">
        <ele>2300</ele>
      </trkpt>
      <trkpt lat="45.5633333" lon="7.7346103">
        <ele>2300</ele>
      </trkpt>
      <trkpt lat="45.5633452" lon="7.7346469">
        <ele>2300</ele>
      </trkpt>
      <trkpt lat="45.5633692" lon="7.7346477">
        <ele>2300</ele>
      </trkpt>
      <trkpt lat="45.5633940" lon="7.7346390">
        <ele>2300</ele>
      </trkpt>
      <trkpt lat="45.5634209" lon="7.7346425">
        <ele>2300</ele>
      </trkpt>
      <trkpt lat="45.5634518" lon="7.7346554">
        <ele>2300</ele>
      </trkpt>
      <trkpt lat="45.5634712" lon="7.7346768">
        <ele>2300</ele>
      </trkpt>
      <trkpt lat="45.5634860" lon="7.7347161">
        <ele>2300</ele>
      </trkpt>
      <trkpt lat="45.5634971" lon="7.7347596">
        <ele>2300</ele>
      </trkpt>
      <trkpt lat="45.5635109" lon="7.7347934">
        <ele>2301</ele>
      </trkpt>
      <trkpt lat="45.5635246" lon="7.7348190">
        <ele>2301</ele>
      </trkpt>
      <trkpt lat="45.5635249" lon="7.7348477">
        <ele>2301</ele>
      </trkpt>
      <trkpt lat="45.5635193" lon="7.7348670">
        <ele>2301</ele>
      </trkpt>
      <trkpt lat="45.5635074" lon="7.7349164">
        <ele>2301</ele>
      </trkpt>
      <trkpt lat="45.5634992" lon="7.7349548">
        <ele>2301</ele>
      </trkpt>
      <trkpt lat="45.5634948" lon="7.7349891">
        <ele>2301</ele>
      </trkpt>
      <trkpt lat="45.5634848" lon="7.7350371">
        <ele>2301</ele>
      </trkpt>
      <trkpt lat="45.5634860" lon="7.7350575">
        <ele>2301</ele>
      </trkpt>
      <trkpt lat="45.5634872" lon="7.7350794">
        <ele>2301</ele>
      </trkpt>
      <trkpt lat="45.5634826" lon="7.7351013">
        <ele>2301</ele>
      </trkpt>
      <trkpt lat="45.5634760" lon="7.7351124">
        <ele>2302</ele>
      </trkpt>
      <trkpt lat="45.5634666" lon="7.7351276">
        <ele>2302</ele>
      </trkpt>
      <trkpt lat="45.5634678" lon="7.7351522">
        <ele>2302</ele>
      </trkpt>
      <trkpt lat="45.5634749" lon="7.7351834">
        <ele>2302</ele>
      </trkpt>
      <trkpt lat="45.5634723" lon="7.7352122">
        <ele>2302</ele>
      </trkpt>
      <trkpt lat="45.5634621" lon="7.7352424">
        <ele>2302</ele>
      </trkpt>
      <trkpt lat="45.5634498" lon="7.7352564">
        <ele>2302</ele>
      </trkpt>
      <trkpt lat="45.5634308" lon="7.7352773">
        <ele>2302</ele>
      </trkpt>
      <trkpt lat="45.5634175" lon="7.7352844">
        <ele>2302</ele>
      </trkpt>
      <trkpt lat="45.5634110" lon="7.7353023">
        <ele>2302</ele>
      </trkpt>
      <trkpt lat="45.5633988" lon="7.7353272">
        <ele>2302</ele>
      </trkpt>
      <trkpt lat="45.5633780" lon="7.7353563">
        <ele>2303</ele>
      </trkpt>
      <trkpt lat="45.5633581" lon="7.7353786">
        <ele>2303</ele>
      </trkpt>
      <trkpt lat="45.5633497" lon="7.7353993">
        <ele>2303</ele>
      </trkpt>
      <trkpt lat="45.5633434" lon="7.7354336">
        <ele>2303</ele>
      </trkpt>
      <trkpt lat="45.5633370" lon="7.7354624">
        <ele>2303</ele>
      </trkpt>
      <trkpt lat="45.5633228" lon="7.7354832">
        <ele>2303</ele>
      </trkpt>
      <trkpt lat="45.5633038" lon="7.7354986">
        <ele>2303</ele>
      </trkpt>
      <trkpt lat="45.5632897" lon="7.7355249">
        <ele>2303</ele>
      </trkpt>
      <trkpt lat="45.5632861" lon="7.7355441">
        <ele>2303</ele>
      </trkpt>
      <trkpt lat="45.5632757" lon="7.7355594">
        <ele>2303</ele>
      </trkpt>
      <trkpt lat="45.5632547" lon="7.7355667">
        <ele>2303</ele>
      </trkpt>
      <trkpt lat="45.5632412" lon="7.7355629">
        <ele>2303</ele>
      </trkpt>
      <trkpt lat="45.5632285" lon="7.7355468">
        <ele>2304</ele>
      </trkpt>
      <trkpt lat="45.5632218" lon="7.7355455">
        <ele>2304</ele>
      </trkpt>
      <trkpt lat="45.5632086" lon="7.7355622">
        <ele>2304</ele>
      </trkpt>
      <trkpt lat="45.5631915" lon="7.7355804">
        <ele>2304</ele>
      </trkpt>
      <trkpt lat="45.5631705" lon="7.7355918">
        <ele>2304</ele>
      </trkpt>
      <trkpt lat="45.5631496" lon="7.7356100">
        <ele>2304</ele>
      </trkpt>
      <trkpt lat="45.5631442" lon="7.7356402">
        <ele>2304</ele>
      </trkpt>
      <trkpt lat="45.5631456" lon="7.7356797">
        <ele>2304</ele>
      </trkpt>
      <trkpt lat="45.5631507" lon="7.7357110">
        <ele>2304</ele>
      </trkpt>
      <trkpt lat="45.5631721" lon="7.7357310">
        <ele>2304</ele>
      </trkpt>
      <trkpt lat="45.5632086" lon="7.7357384">
        <ele>2304</ele>
      </trkpt>
      <trkpt lat="45.5632517" lon="7.7357333">
        <ele>2305</ele>
      </trkpt>
      <trkpt lat="45.5632872" lon="7.7357312">
        <ele>2305</ele>
      </trkpt>
      <trkpt lat="45.5633095" lon="7.7357525">
        <ele>2305</ele>
      </trkpt>
      <trkpt lat="45.5633194" lon="7.7357810">
        <ele>2305</ele>
      </trkpt>
      <trkpt lat="45.5633130" lon="7.7358071">
        <ele>2305</ele>
      </trkpt>
      <trkpt lat="45.5633008" lon="7.7358374">
        <ele>2305</ele>
      </trkpt>
      <trkpt lat="45.5632801" lon="7.7358706">
        <ele>2305</ele>
      </trkpt>
      <trkpt lat="45.5632671" lon="7.7359078">
        <ele>2305</ele>
      </trkpt>
      <trkpt lat="45.5632549" lon="7.7359354">
        <ele>2305</ele>
      </trkpt>
      <trkpt lat="45.5632276" lon="7.7359838">
        <ele>2305</ele>
      </trkpt>
      <trkpt lat="45.5632204" lon="7.7360208">
        <ele>2305</ele>
      </trkpt>
      <trkpt lat="45.5632025" lon="7.7360554">
        <ele>2306</ele>
      </trkpt>
      <trkpt lat="45.5631802" lon="7.7361160">
        <ele>2306</ele>
      </trkpt>
      <trkpt lat="45.5631491" lon="7.7361726">
        <ele>2306</ele>
      </trkpt>
      <trkpt lat="45.5631285" lon="7.7362195">
        <ele>2306</ele>
      </trkpt>
      <trkpt lat="45.5631135" lon="7.7362431">
        <ele>2306</ele>
      </trkpt>
      <trkpt lat="45.5631033" lon="7.7362788">
        <ele>2306</ele>
      </trkpt>
      <trkpt lat="45.5630960" lon="7.7363118">
        <ele>2306</ele>
      </trkpt>
      <trkpt lat="45.5630808" lon="7.7363299">
        <ele>2306</ele>
      </trkpt>
      <trkpt lat="45.5630545" lon="7.7363810">
        <ele>2306</ele>
      </trkpt>
      <trkpt lat="45.5630387" lon="7.7364237">
        <ele>2306</ele>
      </trkpt>
      <trkpt lat="45.5630381" lon="7.7364510">
        <ele>2306</ele>
      </trkpt>
      <trkpt lat="45.5630573" lon="7.7364547">
        <ele>2307</ele>
      </trkpt>
      <trkpt lat="45.5630764" lon="7.7364488">
        <ele>2307</ele>
      </trkpt>
      <trkpt lat="45.5630983" lon="7.7364305">
        <ele>2307</ele>
      </trkpt>
      <trkpt lat="45.5631201" lon="7.7364123">
        <ele>2307</ele>
      </trkpt>
      <trkpt lat="45.5631421" lon="7.7364063">
        <ele>2307</ele>
      </trkpt>
      <trkpt lat="45.5631660" lon="7.7363949">
        <ele>2307</ele>
      </trkpt>
      <trkpt lat="45.5631964" lon="7.7363696">
        <ele>2307</ele>
      </trkpt>
      <trkpt lat="45.5632345" lon="7.7363496">
        <ele>2307</ele>
      </trkpt>
      <trkpt lat="45.5632775" lon="7.7363268">
        <ele>2307</ele>
      </trkpt>
      <trkpt lat="45.5633611" lon="7.7362608">
        <ele>2307</ele>
      </trkpt>
      <trkpt lat="45.5634334" lon="7.7362045">
        <ele>2307</ele>
      </trkpt>
      <trkpt lat="45.5634889" lon="7.7361896">
        <ele>2307</ele>
      </trkpt>
      <trkpt lat="45.5635387" lon="7.7361858">
        <ele>2308</ele>
      </trkpt>
      <trkpt lat="45.5635713" lon="7.7361768">
        <ele>2308</ele>
      </trkpt>
      <trkpt lat="45.5636035" lon="7.7361406">
        <ele>2308</ele>
      </trkpt>
      <trkpt lat="45.5636480" lon="7.7360877">
        <ele>2308</ele>
      </trkpt>
      <trkpt lat="45.5636926" lon="7.7360485">
        <ele>2308</ele>
      </trkpt>
      <trkpt lat="45.5637385" lon="7.7360283">
        <ele>2308</ele>
      </trkpt>
      <trkpt lat="45.5637644" lon="7.7360346">
        <ele>2308</ele>
      </trkpt>
      <trkpt lat="45.5637903" lon="7.7360299">
        <ele>2308</ele>
      </trkpt>
      <trkpt lat="45.5638112" lon="7.7360130">
        <ele>2308</ele>
      </trkpt>
      <trkpt lat="45.5638305" lon="7.7360235">
        <ele>2308</ele>
      </trkpt>
      <trkpt lat="45.5638538" lon="7.7360476">
        <ele>2308</ele>
      </trkpt>
      <trkpt lat="45.5638894" lon="7.7360618">
        <ele>2309</ele>
      </trkpt>
      <trkpt lat="45.5639251" lon="7.7360747">
        <ele>2309</ele>
      </trkpt>
      <trkpt lat="45.5639273" lon="7.7361074">
        <ele>2309</ele>
      </trkpt>
      <trkpt lat="45.5639323" lon="7.7361237">
        <ele>2309</ele>
      </trkpt>
      <trkpt lat="45.5639487" lon="7.7361260">
        <ele>2309</ele>
      </trkpt>
      <trkpt lat="45.5640055" lon="7.7361507">
        <ele>2309</ele>
      </trkpt>
      <trkpt lat="45.5640623" lon="7.7361658">
        <ele>2309</ele>
      </trkpt>
      <trkpt lat="45.5641236" lon="7.7361576">
        <ele>2309</ele>
      </trkpt>
      <trkpt lat="45.5641818" lon="7.7361317">
        <ele>2309</ele>
      </trkpt>
      <trkpt lat="45.5642186" lon="7.7360988">
        <ele>2309</ele>
      </trkpt>
      <trkpt lat="45.5642906" lon="7.7356149">
        <ele>2309</ele>
      </trkpt>
      <trkpt lat="45.5643061" lon="7.7354451">
        <ele>2310</ele>
      </trkpt>
      <trkpt lat="45.5642866" lon="7.7353559">
        <ele>2310</ele>
      </trkpt>
      <trkpt lat="45.5643252" lon="7.7351470">
        <ele>2310</ele>
      </trkpt>
      <trkpt lat="45.5643856" lon="7.7349659">
        <ele>2310</ele>
      </trkpt>
      <trkpt lat="45.5644467" lon="7.7348829">
        <ele>2310</ele>
      </trkpt>
      <trkpt lat="45.5645102" lon="7.7347487">
        <ele>2310</ele>
      </trkpt>
      <trkpt lat="45.5645576" lon="7.7345359">
        <ele>2310</ele>
      </trkpt>
      <trkpt lat="45.5646291" lon="7.7345026">
        <ele>2310</ele>
      </trkpt>
      <trkpt lat="45.5646575" lon="7.7343844">
        <ele>2310</ele>
      </trkpt>
      <trkpt lat="45.5647026" lon="7.7343109">
        <ele>2310</ele>
      </trkpt>
      <trkpt lat="45.5647296" lon="7.7341779">
        <ele>2310</ele>
      </trkpt>
      <trkpt lat="45.5647176" lon="7.7341509">
        <ele>2311</ele>
      </trkpt>
      <trkpt lat="45.5647826" lon="7.7339949">
        <ele>2311</ele>
      </trkpt>
      <trkpt lat="45.5648207" lon="7.7339529">
        <ele>2311</ele>
      </trkpt>
      <trkpt lat="45.5648326" lon="7.7339029">
        <ele>2311</ele>
      </trkpt>
      <trkpt lat="45.5648166" lon="7.7338159">
        <ele>2311</ele>
      </trkpt>
      <trkpt lat="45.5649195" lon="7.7337785">
        <ele>2311</ele>
      </trkpt>
      <trkpt lat="45.5649696" lon="7.7337129">
        <ele>2311</ele>
      </trkpt>
      <trkpt lat="45.5650031" lon="7.7336339">
        <ele>2311</ele>
      </trkpt>
      <trkpt lat="45.5650807" lon="7.7335499">
        <ele>2311</ele>
      </trkpt>
      <trkpt lat="45.5651294" lon="7.7334539">
        <ele>2311</ele>
      </trkpt>
      <trkpt lat="45.5652486" lon="7.7333900">
        <ele>2311</ele>
      </trkpt>
      <trkpt lat="45.5653626" lon="7.7333839">
        <ele>2311</ele>
      </trkpt>
      <trkpt lat="45.5654156" lon="7.7333379">
        <ele>2312</ele>
      </trkpt>
      <trkpt lat="45.5654315" lon="7.7333397">
        <ele>2312</ele>
      </trkpt>
      <trkpt lat="45.5654386" lon="7.7334419">
        <ele>2312</ele>
      </trkpt>
      <trkpt lat="45.5654576" lon="7.7334789">
        <ele>2312</ele>
      </trkpt>
      <trkpt lat="45.5655416" lon="7.7334050">
        <ele>2312</ele>
      </trkpt>
      <trkpt lat="45.5656106" lon="7.7333839">
        <ele>2312</ele>
      </trkpt>
      <trkpt lat="45.5656946" lon="7.7333829">
        <ele>2312</ele>
      </trkpt>
      <trkpt lat="45.5657096" lon="7.7334109">
        <ele>2312</ele>
      </trkpt>
      <trkpt lat="45.5657666" lon="7.7334209">
        <ele>2312</ele>
      </trkpt>
      <trkpt lat="45.5658506" lon="7.7333580">
        <ele>2312</ele>
      </trkpt>
      <trkpt lat="45.5660336" lon="7.7332659">
        <ele>2312</ele>
      </trkpt>
      <trkpt lat="45.5661296" lon="7.7331850">
        <ele>2313</ele>
      </trkpt>
      <trkpt lat="45.5661556" lon="7.7332120">
        <ele>2313</ele>
      </trkpt>
      <trkpt lat="45.5661976" lon="7.7332100">
        <ele>2313</ele>
      </trkpt>
      <trkpt lat="45.5661906" lon="7.7331929">
        <ele>2313</ele>
      </trkpt>
      <trkpt lat="45.5662326" lon="7.7331290">
        <ele>2313</ele>
      </trkpt>
      <trkpt lat="45.5662776" lon="7.7331300">
        <ele>2313</ele>
      </trkpt>
      <trkpt lat="45.5663276" lon="7.7330830">
        <ele>2313</ele>
      </trkpt>
      <trkpt lat="45.5664426" lon="7.7329210">
        <ele>2313</ele>
      </trkpt>
      <trkpt lat="45.5665526" lon="7.7329179">
        <ele>2313</ele>
      </trkpt>
      <trkpt lat="45.5665566" lon="7.7329730">
        <ele>2313</ele>
      </trkpt>
      <trkpt lat="45.5666596" lon="7.7329440">
        <ele>2313</ele>
      </trkpt>
      <trkpt lat="45.5666746" lon="7.7330870">
        <ele>2314</ele>
      </trkpt>
      <trkpt lat="45.5668386" lon="7.7330749">
        <ele>2314</ele>
      </trkpt>
      <trkpt lat="45.5668505" lon="7.7331160">
        <ele>2314</ele>
      </trkpt>
      <trkpt lat="45.5668996" lon="7.7331290">
        <ele>2314</ele>
      </trkpt>
      <trkpt lat="45.5669416" lon="7.7331039">
        <ele>2314</ele>
      </trkpt>
      <trkpt lat="45.5669766" lon="7.7331740">
        <ele>2314</ele>
      </trkpt>
      <trkpt lat="45.5670946" lon="7.7331990">
        <ele>2314</ele>
      </trkpt>
      <trkpt lat="45.5671216" lon="7.7331820">
        <ele>2314</ele>
      </trkpt>
      <trkpt lat="45.5672965" lon="7.7332479">
        <ele>2314</ele>
      </trkpt>
      <trkpt lat="45.5673956" lon="7.7332150">
        <ele>2314</ele>
      </trkpt>
      <trkpt lat="45.5674036" lon="7.7333339">
        <ele>2314</ele>
      </trkpt>
      <trkpt lat="45.5676246" lon="7.7331690">
        <ele>2315</ele>
      </trkpt>
      <trkpt lat="45.5675946" lon="7.7330440">
        <ele>2315</ele>
      </trkpt>
      <trkpt lat="45.5676246" lon="7.7330680">
        <ele>2315</ele>
      </trkpt>
      <trkpt lat="45.5677846" lon="7.7330030">
        <ele>2315</ele>
      </trkpt>
      <trkpt lat="45.5678005" lon="7.7330080">
        <ele>2315</ele>
      </trkpt>
      <trkpt lat="45.5678226" lon="7.7330800">
        <ele>2315</ele>
      </trkpt>
      <trkpt lat="45.5678725" lon="7.7330080">
        <ele>2315</ele>
      </trkpt>
      <trkpt lat="45.5678875" lon="7.7330880">
        <ele>2315</ele>
      </trkpt>
      <trkpt lat="45.5679376" lon="7.7329860">
        <ele>2315</ele>
      </trkpt>
      <trkpt lat="45.5679485" lon="7.7330250">
        <ele>2315</ele>
      </trkpt>
      <trkpt lat="45.5680136" lon="7.7329470">
        <ele>2315</ele>
      </trkpt>
      <trkpt lat="45.5680256" lon="7.7330020">
        <ele>2315</ele>
      </trkpt>
      <trkpt lat="45.5680595" lon="7.7329540">
        <ele>2316</ele>
      </trkpt>
      <trkpt lat="45.5680556" lon="7.7329340">
        <ele>2316</ele>
      </trkpt>
      <trkpt lat="45.5680785" lon="7.7329710">
        <ele>2316</ele>
      </trkpt>
      <trkpt lat="45.5681055" lon="7.7329380">
        <ele>2316</ele>
      </trkpt>
      <trkpt lat="45.5681505" lon="7.7329560">
        <ele>2316</ele>
      </trkpt>
      <trkpt lat="45.5681775" lon="7.7329200">
        <ele>2316</ele>
      </trkpt>
      <trkpt lat="45.5681966" lon="7.7329210">
        <ele>2316</ele>
      </trkpt>
      <trkpt lat="45.5682156" lon="7.7328410">
        <ele>2316</ele>
      </trkpt>
      <trkpt lat="45.5682386" lon="7.7328210">
        <ele>2316</ele>
      </trkpt>
      <trkpt lat="45.5683375" lon="7.7328690">
        <ele>2316</ele>
      </trkpt>
      <trkpt lat="45.5683910" lon="7.7327880">
        <ele>2316</ele>
      </trkpt>
      <trkpt lat="45.5684185" lon="7.7327960">
        <ele>2317</ele>
      </trkpt>
      <trkpt lat="45.5684256" lon="7.7328731">
        <ele>2317</ele>
      </trkpt>
      <trkpt lat="45.5684446" lon="7.7328740">
        <ele>2317</ele>
      </trkpt>
      <trkpt lat="45.5685176" lon="7.7328070">
        <ele>2317</ele>
      </trkpt>
      <trkpt lat="45.5685326" lon="7.7327100">
        <ele>2317</ele>
      </trkpt>
      <trkpt lat="45.5685436" lon="7.7327240">
        <ele>2317</ele>
      </trkpt>
      <trkpt lat="45.5685785" lon="7.7326890">
        <ele>2317</ele>
      </trkpt>
      <trkpt lat="45.5686046" lon="7.7326310">
        <ele>2317</ele>
      </trkpt>
      <trkpt lat="45.5686625" lon="7.7326820">
        <ele>2317</ele>
      </trkpt>
      <trkpt lat="45.5686775" lon="7.7326590">
        <ele>2317</ele>
      </trkpt>
      <trkpt lat="45.5686586" lon="7.7326100">
        <ele>2317</ele>
      </trkpt>
      <trkpt lat="45.5686655" lon="7.7325760">
        <ele>2318</ele>
      </trkpt>
      <trkpt lat="45.5686965" lon="7.7325610">
        <ele>2318</ele>
      </trkpt>
      <trkpt lat="45.5687495" lon="7.7324220">
        <ele>2318</ele>
      </trkpt>
      <trkpt lat="45.5687576" lon="7.7323401">
        <ele>2318</ele>
      </trkpt>
      <trkpt lat="45.5687995" lon="7.7323401">
        <ele>2318</ele>
      </trkpt>
      <trkpt lat="45.5688166" lon="7.7322909">
        <ele>2318</ele>
      </trkpt>
      <trkpt lat="45.5688336" lon="7.7322831">
        <ele>2318</ele>
      </trkpt>
      <trkpt lat="45.5688835" lon="7.7323081">
        <ele>2318</ele>
      </trkpt>
      <trkpt lat="45.5689596" lon="7.7321420">
        <ele>2318</ele>
      </trkpt>
      <trkpt lat="45.5690206" lon="7.7320710">
        <ele>2318</ele>
      </trkpt>
      <trkpt lat="45.5692076" lon="7.7320091">
        <ele>2318</ele>
      </trkpt>
      <trkpt lat="45.5693035" lon="7.7318440">
        <ele>2319</ele>
      </trkpt>
      <trkpt lat="45.5693105" lon="7.7317791">
        <ele>2319</ele>
      </trkpt>
      <trkpt lat="45.5693336" lon="7.7317291">
        <ele>2319</ele>
      </trkpt>
      <trkpt lat="45.5693675" lon="7.7317071">
        <ele>2319</ele>
      </trkpt>
      <trkpt lat="45.5695625" lon="7.7317181">
        <ele>2319</ele>
      </trkpt>
      <trkpt lat="45.5696615" lon="7.7318941">
        <ele>2319</ele>
      </trkpt>
      <trkpt lat="45.5697305" lon="7.7318631">
        <ele>2319</ele>
      </trkpt>
      <trkpt lat="45.5697955" lon="7.7318761">
        <ele>2319</ele>
      </trkpt>
      <trkpt lat="45.5698715" lon="7.7318361">
        <ele>2319</ele>
      </trkpt>
      <trkpt lat="45.5698905" lon="7.7318631">
        <ele>2319</ele>
      </trkpt>
      <trkpt lat="45.5699556" lon="7.7318871">
        <ele>2319</ele>
      </trkpt>
      <trkpt lat="45.5700205" lon="7.7318871">
        <ele>2320</ele>
      </trkpt>
      <trkpt lat="45.5700112" lon="7.7319032">
        <ele>2320</ele>
      </trkpt>
      <trkpt lat="45.5700779" lon="7.7318912">
        <ele>2320</ele>
      </trkpt>
      <trkpt lat="45.5701045" lon="7.7319201">
        <ele>2320</ele>
      </trkpt>
      <trkpt lat="45.5701075" lon="7.7319540">
        <ele>2320</ele>
      </trkpt>
      <trkpt lat="45.5702075" lon="7.7319420">
        <ele>2320</ele>
      </trkpt>
      <trkpt lat="45.5702877" lon="7.7320021">
        <ele>2320</ele>
      </trkpt>
      <trkpt lat="45.5703335" lon="7.7320001">
        <ele>2320</ele>
      </trkpt>
      <trkpt lat="45.5704015" lon="7.7319441">
        <ele>2320</ele>
      </trkpt>
      <trkpt lat="45.5704815" lon="7.7319871">
        <ele>2320</ele>
      </trkpt>
      <trkpt lat="45.5705315" lon="7.7319521">
        <ele>2320</ele>
      </trkpt>
      <trkpt lat="45.5705655" lon="7.7318530">
        <ele>2320</ele>
      </trkpt>
      <trkpt lat="45.5705505" lon="7.7318540">
        <ele>2321</ele>
      </trkpt>
      <trkpt lat="45.5704895" lon="7.7316741">
        <ele>2321</ele>
      </trkpt>
      <trkpt lat="45.5704475" lon="7.7316461">
        <ele>2321</ele>
      </trkpt>
      <trkpt lat="45.5704815" lon="7.7316251">
        <ele>2321</ele>
      </trkpt>
      <trkpt lat="45.5704665" lon="7.7315950">
        <ele>2321</ele>
      </trkpt>
      <trkpt lat="45.5704665" lon="7.7314771">
        <ele>2321</ele>
      </trkpt>
      <trkpt lat="45.5705195" lon="7.7311001">
        <ele>2321</ele>
      </trkpt>
      <trkpt lat="45.5706005" lon="7.7310241">
        <ele>2321</ele>
      </trkpt>
      <trkpt lat="45.5706195" lon="7.7309411">
        <ele>2321</ele>
      </trkpt>
      <trkpt lat="45.5707335" lon="7.7308571">
        <ele>2321</ele>
      </trkpt>
      <trkpt lat="45.5707485" lon="7.7307771">
        <ele>2321</ele>
      </trkpt>
      <trkpt lat="45.5708808" lon="7.7307292">
        <ele>2322</ele>
      </trkpt>
      <trkpt lat="45.5708745" lon="7.7306961">
        <ele>2322</ele>
      </trkpt>
      <trkpt lat="45.5710425" lon="7.7306331">
        <ele>2322</ele>
      </trkpt>
      <trkpt lat="45.5713245" lon="7.7308361">
        <ele>2322</ele>
      </trkpt>
      <trkpt lat="45.5713975" lon="7.7308411">
        <ele>2322</ele>
      </trkpt>
      <trkpt lat="45.5714275" lon="7.7307091">
        <ele>2322</ele>
      </trkpt>
      <trkpt lat="45.5714608" lon="7.7306693">
        <ele>2322</ele>
      </trkpt>
      <trkpt lat="45.5713151" lon="7.7304191">
        <ele>2322</ele>
      </trkpt>
      <trkpt lat="45.5713632" lon="7.7302395">
        <ele>2322</ele>
      </trkpt>
      <trkpt lat="45.5713175" lon="7.7301692">
        <ele>2322</ele>
      </trkpt>
      <trkpt lat="45.5713423" lon="7.7300093">
        <ele>2322</ele>
      </trkpt>
      <trkpt lat="45.5713855" lon="7.7299321">
        <ele>2323</ele>
      </trkpt>
      <trkpt lat="45.5713095" lon="7.7298632">
        <ele>2323</ele>
      </trkpt>
      <trkpt lat="45.5712194" lon="7.7298274">
        <ele>2323</ele>
      </trkpt>
      <trkpt lat="45.5711795" lon="7.7297522">
        <ele>2323</ele>
      </trkpt>
      <trkpt lat="45.5711495" lon="7.7297821">
        <ele>2323</ele>
      </trkpt>
      <trkpt lat="45.5711367" lon="7.7297091">
        <ele>2323</ele>
      </trkpt>
      <trkpt lat="45.5711115" lon="7.7296671">
        <ele>2323</ele>
      </trkpt>
      <trkpt lat="45.5711328" lon="7.7295842">
        <ele>2323</ele>
      </trkpt>
      <trkpt lat="45.5710035" lon="7.7294586">
        <ele>2323</ele>
      </trkpt>
      <trkpt lat="45.5708935" lon="7.7294581">
        <ele>2323</ele>
      </trkpt>
      <trkpt lat="45.5708865" lon="7.7295202">
        <ele>2323</ele>
      </trkpt>
      <trkpt lat="45.5708218" lon="7.7295814">
        <ele>2324</ele>
      </trkpt>
      <trkpt lat="45.5707675" lon="7.7295291">
        <ele>2324</ele>
      </trkpt>
      <trkpt lat="45.5706915" lon="7.7295052">
        <ele>2324</ele>
      </trkpt>
      <trkpt lat="45.5706495" lon="7.7294401">
        <ele>2324</ele>
      </trkpt>
      <trkpt lat="45.5705812" lon="7.7293839">
        <ele>2324</ele>
      </trkpt>
      <trkpt lat="45.5705046" lon="7.7293717">
        <ele>2324</ele>
      </trkpt>
      <trkpt lat="45.5703720" lon="7.7292196">
        <ele>2324</ele>
      </trkpt>
      <trkpt lat="45.5702398" lon="7.7291100">
        <ele>2324</ele>
      </trkpt>
      <trkpt lat="45.5701956" lon="7.7288791">
        <ele>2324</ele>
      </trkpt>
      <trkpt lat="45.5701465" lon="7.7287272">
        <ele>2324</ele>
      </trkpt>
      <trkpt lat="45.5701029" lon="7.7286945">
        <ele>2324</ele>
      </trkpt>
      <trkpt lat="45.5700775" lon="7.7286432">
        <ele>2324</ele>
      </trkpt>
      <trkpt lat="45.5700625" lon="7.7285091">
        <ele>2325</ele>
      </trkpt>
      <trkpt lat="45.5700465" lon="7.7284931">
        <ele>2325</ele>
      </trkpt>
      <trkpt lat="45.5700465" lon="7.7283982">
        <ele>2325</ele>
      </trkpt>
      <trkpt lat="45.5700246" lon="7.7283952">
        <ele>2325</ele>
      </trkpt>
      <trkpt lat="45.5699406" lon="7.7282011">
        <ele>2325</ele>
      </trkpt>
      <trkpt lat="45.5699285" lon="7.7281062">
        <ele>2325</ele>
      </trkpt>
      <trkpt lat="45.5699246" lon="7.7279001">
        <ele>2325</ele>
      </trkpt>
      <trkpt lat="45.5699475" lon="7.7277662">
        <ele>2325</ele>
      </trkpt>
      <trkpt lat="45.5699475" lon="7.7276691">
        <ele>2325</ele>
      </trkpt>
      <trkpt lat="45.5700706" lon="7.7274098">
        <ele>2325</ele>
      </trkpt>
      <trkpt lat="45.5702335" lon="7.7272521">
        <ele>2325</ele>
      </trkpt>
      <trkpt lat="45.5702305" lon="7.7272112">
        <ele>2326</ele>
      </trkpt>
      <trkpt lat="45.5702455" lon="7.7271782">
        <ele>2326</ele>
      </trkpt>
      <trkpt lat="45.5702946" lon="7.7271302">
        <ele>2326</ele>
      </trkpt>
      <trkpt lat="45.5703136" lon="7.7271511">
        <ele>2326</ele>
      </trkpt>
      <trkpt lat="45.5703621" lon="7.7271401">
        <ele>2326</ele>
      </trkpt>
      <trkpt lat="45.5703595" lon="7.7271922">
        <ele>2326</ele>
      </trkpt>
      <trkpt lat="45.5703905" lon="7.7271922">
        <ele>2326</ele>
      </trkpt>
      <trkpt lat="45.5704016" lon="7.7271402">
        <ele>2326</ele>
      </trkpt>
      <trkpt lat="45.5703905" lon="7.7271462">
        <ele>2326</ele>
      </trkpt>
      <trkpt lat="45.5704286" lon="7.7270482">
        <ele>2326</ele>
      </trkpt>
      <trkpt lat="45.5704745" lon="7.7270312">
        <ele>2326</ele>
      </trkpt>
      <trkpt lat="45.5705316" lon="7.7269362">
        <ele>2327</ele>
      </trkpt>
      <trkpt lat="45.5706195" lon="7.7269322">
        <ele>2327</ele>
      </trkpt>
      <trkpt lat="45.5706836" lon="7.7269802">
        <ele>2327</ele>
      </trkpt>
      <trkpt lat="45.5707255" lon="7.7270712">
        <ele>2327</ele>
      </trkpt>
      <trkpt lat="45.5708176" lon="7.7269792">
        <ele>2327</ele>
      </trkpt>
      <trkpt lat="45.5708365" lon="7.7270062">
        <ele>2327</ele>
      </trkpt>
      <trkpt lat="45.5708326" lon="7.7270372">
        <ele>2327</ele>
      </trkpt>
      <trkpt lat="45.5709056" lon="7.7270032">
        <ele>2327</ele>
      </trkpt>
      <trkpt lat="45.5709451" lon="7.7269198">
        <ele>2327</ele>
      </trkpt>
      <trkpt lat="45.5709476" lon="7.7268572">
        <ele>2327</ele>
      </trkpt>
      <trkpt lat="45.5710346" lon="7.7267472">
        <ele>2327</ele>
      </trkpt>
      <trkpt lat="45.5711036" lon="7.7265992">
        <ele>2328</ele>
      </trkpt>
      <trkpt lat="45.5711375" lon="7.7264762">
        <ele>2328</ele>
      </trkpt>
      <trkpt lat="45.5712184" lon="7.7264572">
        <ele>2328</ele>
      </trkpt>
      <trkpt lat="45.5712906" lon="7.7264872">
        <ele>2328</ele>
      </trkpt>
      <trkpt lat="45.5713515" lon="7.7264552">
        <ele>2328</ele>
      </trkpt>
      <trkpt lat="45.5713855" lon="7.7264892">
        <ele>2328</ele>
      </trkpt>
      <trkpt lat="45.5714573" lon="7.7263744">
        <ele>2328</ele>
      </trkpt>
      <trkpt lat="45.5714695" lon="7.7264172">
        <ele>2328</ele>
      </trkpt>
      <trkpt lat="45.5714465" lon="7.7265712">
        <ele>2328</ele>
      </trkpt>
      <trkpt lat="45.5715289" lon="7.7266203">
        <ele>2328</ele>
      </trkpt>
      <trkpt lat="45.5715765" lon="7.7266132">
        <ele>2328</ele>
      </trkpt>
      <trkpt lat="45.5716280" lon="7.7265474">
        <ele>2328</ele>
      </trkpt>
      <trkpt lat="45.5716415" lon="7.7265512">
        <ele>2329</ele>
      </trkpt>
      <trkpt lat="45.5716659" lon="7.7265927">
        <ele>2329</ele>
      </trkpt>
      <trkpt lat="45.5716415" lon="7.7267712">
        <ele>2329</ele>
      </trkpt>
      <trkpt lat="45.5716522" lon="7.7268580">
        <ele>2329</ele>
      </trkpt>
      <trkpt lat="45.5717445" lon="7.7270322">
        <ele>2329</ele>
      </trkpt>
      <trkpt lat="45.5718205" lon="7.7271012">
        <ele>2329</ele>
      </trkpt>
      <trkpt lat="45.5718205" lon="7.7270472">
        <ele>2329</ele>
      </trkpt>
      <trkpt lat="45.5718665" lon="7.7270082">
        <ele>2329</ele>
      </trkpt>
      <trkpt lat="45.5719195" lon="7.7270792">
        <ele>2329</ele>
      </trkpt>
      <trkpt lat="45.5719836" lon="7.7270344">
        <ele>2329</ele>
      </trkpt>
      <trkpt lat="45.5720048" lon="7.7269840">
        <ele>2329</ele>
      </trkpt>
      <trkpt lat="45.5720517" lon="7.7269348">
        <ele>2330</ele>
      </trkpt>
      <trkpt lat="45.5720575" lon="7.7268903">
        <ele>2330</ele>
      </trkpt>
      <trkpt lat="45.5720955" lon="7.7268732">
        <ele>2330</ele>
      </trkpt>
      <trkpt lat="45.5721445" lon="7.7267802">
        <ele>2330</ele>
      </trkpt>
      <trkpt lat="45.5721525" lon="7.7268603">
        <ele>2330</ele>
      </trkpt>
      <trkpt lat="45.5722175" lon="7.7268525">
        <ele>2330</ele>
      </trkpt>
      <trkpt lat="45.5722471" lon="7.7269128">
        <ele>2330</ele>
      </trkpt>
      <trkpt lat="45.5722935" lon="7.7267102">
        <ele>2330</ele>
      </trkpt>
      <trkpt lat="45.5723245" lon="7.7266912">
        <ele>2330</ele>
      </trkpt>
      <trkpt lat="45.5723301" lon="7.7267761">
        <ele>2330</ele>
      </trkpt>
      <trkpt lat="45.5723055" lon="7.7268642">
        <ele>2330</ele>
      </trkpt>
      <trkpt lat="45.5722975" lon="7.7270032">
        <ele>2331</ele>
      </trkpt>
      <trkpt lat="45.5723705" lon="7.7269792">
        <ele>2331</ele>
      </trkpt>
      <trkpt lat="45.5724353" lon="7.7269897">
        <ele>2331</ele>
      </trkpt>
      <trkpt lat="45.5725535" lon="7.7267942">
        <ele>2331</ele>
      </trkpt>
      <trkpt lat="45.5727134" lon="7.7267478">
        <ele>2331</ele>
      </trkpt>
      <trkpt lat="45.5727613" lon="7.7266699">
        <ele>2331</ele>
      </trkpt>
      <trkpt lat="45.5728085" lon="7.7266362">
        <ele>2331</ele>
      </trkpt>
      <trkpt lat="45.5729080" lon="7.7266613">
        <ele>2331</ele>
      </trkpt>
      <trkpt lat="45.5730419" lon="7.7268177">
        <ele>2331</ele>
      </trkpt>
      <trkpt lat="45.5731485" lon="7.7268482">
        <ele>2331</ele>
      </trkpt>
      <trkpt lat="45.5731825" lon="7.7269252">
        <ele>2331</ele>
      </trkpt>
      <trkpt lat="45.5731325" lon="7.7269492">
        <ele>2332</ele>
      </trkpt>
      <trkpt lat="45.5731374" lon="7.7269952">
        <ele>2332</ele>
      </trkpt>
      <trkpt lat="45.5732945" lon="7.7269167">
        <ele>2332</ele>
      </trkpt>
      <trkpt lat="45.5733315" lon="7.7269692">
        <ele>2332</ele>
      </trkpt>
      <trkpt lat="45.5734495" lon="7.7269512">
        <ele>2332</ele>
      </trkpt>
      <trkpt lat="45.5734548" lon="7.7269884">
        <ele>2332</ele>
      </trkpt>
      <trkpt lat="45.5735225" lon="7.7269863">
        <ele>2332</ele>
      </trkpt>
      <trkpt lat="45.5736325" lon="7.7270763">
        <ele>2332</ele>
      </trkpt>
      <trkpt lat="45.5736404" lon="7.7271193">
        <ele>2332</ele>
      </trkpt>
      <trkpt lat="45.5736868" lon="7.7271746">
        <ele>2332</ele>
      </trkpt>
      <trkpt lat="45.5737635" lon="7.7272078">
        <ele>2332</ele>
      </trkpt>
      <trkpt lat="45.5738505" lon="7.7272903">
        <ele>2332</ele>
      </trkpt>
      <trkpt lat="45.5739724" lon="7.7272453">
        <ele>2333</ele>
      </trkpt>
      <trkpt lat="45.5740215" lon="7.7272473">
        <ele>2333</ele>
      </trkpt>
      <trkpt lat="45.5740594" lon="7.7274923">
        <ele>2333</ele>
      </trkpt>
      <trkpt lat="45.5740795" lon="7.7275083">
        <ele>2333</ele>
      </trkpt>
      <trkpt lat="45.5741095" lon="7.7274662">
        <ele>2333</ele>
      </trkpt>
      <trkpt lat="45.5741365" lon="7.7276882">
        <ele>2333</ele>
      </trkpt>
      <trkpt lat="45.5741832" lon="7.7277091">
        <ele>2333</ele>
      </trkpt>
      <trkpt lat="45.5742537" lon="7.7276897">
        <ele>2333</ele>
      </trkpt>
      <trkpt lat="45.5742925" lon="7.7276483">
        <ele>2333</ele>
      </trkpt>
      <trkpt lat="45.5743305" lon="7.7274691">
        <ele>2333</ele>
      </trkpt>
      <trkpt lat="45.5743673" lon="7.7273921">
        <ele>2333</ele>
      </trkpt>
      <trkpt lat="45.5743805" lon="7.7273063">
        <ele>2334</ele>
      </trkpt>
      <trkpt lat="45.5744075" lon="7.7272652">
        <ele>2334</ele>
      </trkpt>
      <trkpt lat="45.5743995" lon="7.7272303">
        <ele>2334</ele>
      </trkpt>
      <trkpt lat="45.5744375" lon="7.7271763">
        <ele>2334</ele>
      </trkpt>
      <trkpt lat="45.5744525" lon="7.7269293">
        <ele>2334</ele>
      </trkpt>
      <trkpt lat="45.5745135" lon="7.7267212">
        <ele>2334</ele>
      </trkpt>
      <trkpt lat="45.5745024" lon="7.7265073">
        <ele>2334</ele>
      </trkpt>
      <trkpt lat="45.5744415" lon="7.7263953">
        <ele>2334</ele>
      </trkpt>
      <trkpt lat="45.5745024" lon="7.7263443">
        <ele>2334</ele>
      </trkpt>
      <trkpt lat="45.5744985" lon="7.7263193">
        <ele>2334</ele>
      </trkpt>
      <trkpt lat="45.5745785" lon="7.7261813">
        <ele>2334</ele>
      </trkpt>
      <trkpt lat="45.5746815" lon="7.7261663">
        <ele>2335</ele>
      </trkpt>
      <trkpt lat="45.5747805" lon="7.7260763">
        <ele>2335</ele>
      </trkpt>
      <trkpt lat="45.5748305" lon="7.7259943">
        <ele>2335</ele>
      </trkpt>
      <trkpt lat="45.5748224" lon="7.7259313">
        <ele>2335</ele>
      </trkpt>
      <trkpt lat="45.5749445" lon="7.7258023">
        <ele>2335</ele>
      </trkpt>
      <trkpt lat="45.5748955" lon="7.7256653">
        <ele>2335</ele>
      </trkpt>
      <trkpt lat="45.5750214" lon="7.7256603">
        <ele>2335</ele>
      </trkpt>
      <trkpt lat="45.5752155" lon="7.7254593">
        <ele>2335</ele>
      </trkpt>
      <trkpt lat="45.5754984" lon="7.7253793">
        <ele>2335</ele>
      </trkpt>
      <trkpt lat="45.5755595" lon="7.7252963">
        <ele>2335</ele>
      </trkpt>
      <trkpt lat="45.5755745" lon="7.7252084">
        <ele>2335</ele>
      </trkpt>
      <trkpt lat="45.5756274" lon="7.7251553">
        <ele>2336</ele>
      </trkpt>
      <trkpt lat="45.5758956" lon="7.7250505">
        <ele>2336</ele>
      </trkpt>
      <trkpt lat="45.5759864" lon="7.7249693">
        <ele>2336</ele>
      </trkpt>
      <trkpt lat="45.5760621" lon="7.7248640">
        <ele>2336</ele>
      </trkpt>
      <trkpt lat="45.5760894" lon="7.7246783">
        <ele>2336</ele>
      </trkpt>
      <trkpt lat="45.5761505" lon="7.7246403">
        <ele>2336</ele>
      </trkpt>
      <trkpt lat="45.5762614" lon="7.7246704">
        <ele>2336</ele>
      </trkpt>
      <trkpt lat="45.5763064" lon="7.7247334">
        <ele>2336</ele>
      </trkpt>
      <trkpt lat="45.5763255" lon="7.7246503">
        <ele>2336</ele>
      </trkpt>
      <trkpt lat="45.5763521" lon="7.7246640">
        <ele>2336</ele>
      </trkpt>
      <trkpt lat="45.5764324" lon="7.7245824">
        <ele>2336</ele>
      </trkpt>
      <trkpt lat="45.5765014" lon="7.7244183">
        <ele>2336</ele>
      </trkpt>
      <trkpt lat="45.5765705" lon="7.7243304">
        <ele>2337</ele>
      </trkpt>
      <trkpt lat="45.5766884" lon="7.7242654">
        <ele>2337</ele>
      </trkpt>
      <trkpt lat="45.5767875" lon="7.7242613">
        <ele>2337</ele>
      </trkpt>
      <trkpt lat="45.5768254" lon="7.7242104">
        <ele>2337</ele>
      </trkpt>
      <trkpt lat="45.5769221" lon="7.7241440">
        <ele>2337</ele>
      </trkpt>
      <trkpt lat="45.5770354" lon="7.7239863">
        <ele>2337</ele>
      </trkpt>
      <trkpt lat="45.5770621" lon="7.7239140">
        <ele>2337</ele>
      </trkpt>
      <trkpt lat="45.5770394" lon="7.7237664">
        <ele>2337</ele>
      </trkpt>
      <trkpt lat="45.5770585" lon="7.7235833">
        <ele>2337</ele>
      </trkpt>
      <trkpt lat="45.5771424" lon="7.7234364">
        <ele>2337</ele>
      </trkpt>
      <trkpt lat="45.5770885" lon="7.7233414">
        <ele>2337</ele>
      </trkpt>
      <trkpt lat="45.5770814" lon="7.7232414">
        <ele>2338</ele>
      </trkpt>
      <trkpt lat="45.5771264" lon="7.7231364">
        <ele>2338</ele>
      </trkpt>
      <trkpt lat="45.5772264" lon="7.7230334">
        <ele>2338</ele>
      </trkpt>
      <trkpt lat="45.5772224" lon="7.7229334">
        <ele>2338</ele>
      </trkpt>
      <trkpt lat="45.5773484" lon="7.7227024">
        <ele>2338</ele>
      </trkpt>
      <trkpt lat="45.5773404" lon="7.7226014">
        <ele>2338</ele>
      </trkpt>
      <trkpt lat="45.5774055" lon="7.7223895">
        <ele>2338</ele>
      </trkpt>
      <trkpt lat="45.5773905" lon="7.7223544">
        <ele>2338</ele>
      </trkpt>
      <trkpt lat="45.5774055" lon="7.7222634">
        <ele>2338</ele>
      </trkpt>
      <trkpt lat="45.5775314" lon="7.7221715">
        <ele>2338</ele>
      </trkpt>
      <trkpt lat="45.5776915" lon="7.7220944">
        <ele>2338</ele>
      </trkpt>
      <trkpt lat="45.5776764" lon="7.7220585">
        <ele>2339</ele>
      </trkpt>
      <trkpt lat="45.5776154" lon="7.7220234">
        <ele>2339</ele>
      </trkpt>
      <trkpt lat="45.5776114" lon="7.7218584">
        <ele>2339</ele>
      </trkpt>
      <trkpt lat="45.5776684" lon="7.7217924">
        <ele>2339</ele>
      </trkpt>
      <trkpt lat="45.5776384" lon="7.7216385">
        <ele>2339</ele>
      </trkpt>
      <trkpt lat="45.5777081" lon="7.7215745">
        <ele>2339</ele>
      </trkpt>
      <trkpt lat="45.5777065" lon="7.7215284">
        <ele>2339</ele>
      </trkpt>
      <trkpt lat="45.5777340" lon="7.7215008">
        <ele>2339</ele>
      </trkpt>
      <trkpt lat="45.5777921" lon="7.7215440">
        <ele>2339</ele>
      </trkpt>
      <trkpt lat="45.5778621" lon="7.7215340">
        <ele>2339</ele>
      </trkpt>
      <trkpt lat="45.5779621" lon="7.7216340">
        <ele>2339</ele>
      </trkpt>
      <trkpt lat="45.5780344" lon="7.7215385">
        <ele>2340</ele>
      </trkpt>
      <trkpt lat="45.5779894" lon="7.7214785">
        <ele>2340</ele>
      </trkpt>
      <trkpt lat="45.5781074" lon="7.7212955">
        <ele>2340</ele>
      </trkpt>
      <trkpt lat="45.5780235" lon="7.7212004">
        <ele>2340</ele>
      </trkpt>
      <trkpt lat="45.5780621" lon="7.7210140">
        <ele>2340</ele>
      </trkpt>
      <trkpt lat="45.5780424" lon="7.7207615">
        <ele>2340</ele>
      </trkpt>
      <trkpt lat="45.5781144" lon="7.7205315">
        <ele>2340</ele>
      </trkpt>
      <trkpt lat="45.5781665" lon="7.7204936">
        <ele>2340</ele>
      </trkpt>
      <trkpt lat="45.5783014" lon="7.7201665">
        <ele>2340</ele>
      </trkpt>
      <trkpt lat="45.5783434" lon="7.7201305">
        <ele>2340</ele>
      </trkpt>
      <trkpt lat="45.5783665" lon="7.7200365">
        <ele>2340</ele>
      </trkpt>
      <trkpt lat="45.5784204" lon="7.7200385">
        <ele>2341</ele>
      </trkpt>
      <trkpt lat="45.5784164" lon="7.7197635">
        <ele>2341</ele>
      </trkpt>
      <trkpt lat="45.5784584" lon="7.7197045">
        <ele>2341</ele>
      </trkpt>
      <trkpt lat="45.5784504" lon="7.7196055">
        <ele>2341</ele>
      </trkpt>
      <trkpt lat="45.5784815" lon="7.7195365">
        <ele>2341</ele>
      </trkpt>
      <trkpt lat="45.5784854" lon="7.7194905">
        <ele>2341</ele>
      </trkpt>
      <trkpt lat="45.5787024" lon="7.7192405">
        <ele>2341</ele>
      </trkpt>
      <trkpt lat="45.5787835" lon="7.7191074">
        <ele>2341</ele>
      </trkpt>
      <trkpt lat="45.5788624" lon="7.7189125">
        <ele>2341</ele>
      </trkpt>
      <trkpt lat="45.5788855" lon="7.7188995">
        <ele>2341</ele>
      </trkpt>
      <trkpt lat="45.5790875" lon="7.7185385">
        <ele>2341</ele>
      </trkpt>
      <trkpt lat="45.5791681" lon="7.7185400">
        <ele>2341</ele>
      </trkpt>
      <trkpt lat="45.5791221" lon="7.7183850">
        <ele>2342</ele>
      </trkpt>
      <trkpt lat="45.5790921" lon="7.7184050">
        <ele>2342</ele>
      </trkpt>
      <trkpt lat="45.5789521" lon="7.7182150">
        <ele>2342</ele>
      </trkpt>
      <trkpt lat="45.5788721" lon="7.7181850">
        <ele>2342</ele>
      </trkpt>
      <trkpt lat="45.5787821" lon="7.7180950">
        <ele>2342</ele>
      </trkpt>
      <trkpt lat="45.5786521" lon="7.7177750">
        <ele>2342</ele>
      </trkpt>
      <trkpt lat="45.5785821" lon="7.7179350">
        <ele>2342</ele>
      </trkpt>
      <trkpt lat="45.5784621" lon="7.7180350">
        <ele>2342</ele>
      </trkpt>
      <trkpt lat="45.5784021" lon="7.7180250">
        <ele>2342</ele>
      </trkpt>
      <trkpt lat="45.5783621" lon="7.7179450">
        <ele>2342</ele>
      </trkpt>
      <trkpt lat="45.5782721" lon="7.7179250">
        <ele>2342</ele>
      </trkpt>
      <trkpt lat="45.5782421" lon="7.7176950">
        <ele>2343</ele>
      </trkpt>
      <trkpt lat="45.5779821" lon="7.7173550">
        <ele>2343</ele>
      </trkpt>
      <trkpt lat="45.5779021" lon="7.7173250">
        <ele>2343</ele>
      </trkpt>
      <trkpt lat="45.5778721" lon="7.7172450">
        <ele>2343</ele>
      </trkpt>
      <trkpt lat="45.5778121" lon="7.7171550">
        <ele>2343</ele>
      </trkpt>
      <trkpt lat="45.5777721" lon="7.7170450">
        <ele>2343</ele>
      </trkpt>
      <trkpt lat="45.5777721" lon="7.7169350">
        <ele>2343</ele>
      </trkpt>
      <trkpt lat="45.5778121" lon="7.7168650">
        <ele>2343</ele>
      </trkpt>
      <trkpt lat="45.5778121" lon="7.7167050">
        <ele>2343</ele>
      </trkpt>
      <trkpt lat="45.5776721" lon="7.7165150">
        <ele>2343</ele>
      </trkpt>
      <trkpt lat="45.5775221" lon="7.7160950">
        <ele>2343</ele>
      </trkpt>
      <trkpt lat="45.5773821" lon="7.7158450">
        <ele>2344</ele>
      </trkpt>
      <trkpt lat="45.5771121" lon="7.7155850">
        <ele>2344</ele>
      </trkpt>
      <trkpt lat="45.5771321" lon="7.7155150">
        <ele>2344</ele>
      </trkpt>
      <trkpt lat="45.5770521" lon="7.7151650">
        <ele>2344</ele>
      </trkpt>
      <trkpt lat="45.5769821" lon="7.7151050">
        <ele>2344</ele>
      </trkpt>
      <trkpt lat="45.5770021" lon="7.7150350">
        <ele>2344</ele>
      </trkpt>
      <trkpt lat="45.5770521" lon="7.7149450">
        <ele>2344</ele>
      </trkpt>
      <trkpt lat="45.5770721" lon="7.7147550">
        <ele>2344</ele>
      </trkpt>
      <trkpt lat="45.5769421" lon="7.7145050">
        <ele>2344</ele>
      </trkpt>
      <trkpt lat="45.5769021" lon="7.7142850">
        <ele>2344</ele>
      </trkpt>
      <trkpt lat="45.5767921" lon="7.7142050">
        <ele>2344</ele>
      </trkpt>
      <trkpt lat="45.5766721" lon="7.7138450">
        <ele>2345</ele>
      </trkpt>
      <trkpt lat="45.5766821" lon="7.7137750">
        <ele>2345</ele>
      </trkpt>
      <trkpt lat="45.5767621" lon="7.7137450">
        <ele>2345</ele>
      </trkpt>
      <trkpt lat="45.5768321" lon="7.7136150">
        <ele>2345</ele>
      </trkpt>
      <trkpt lat="45.5767921" lon="7.7135450">
        <ele>2345</ele>
      </trkpt>
      <trkpt lat="45.5767621" lon="7.7133050">
        <ele>2345</ele>
      </trkpt>
      <trkpt lat="45.5765121" lon="7.7127850">
        <ele>2345</ele>
      </trkpt>
      <trkpt lat="45.5763021" lon="7.7123950">
        <ele>2345</ele>
      </trkpt>
      <trkpt lat="45.5761321" lon="7.7123550">
        <ele>2345</ele>
      </trkpt>
      <trkpt lat="45.5759421" lon="7.7119250">
        <ele>2345</ele>
      </trkpt>
      <trkpt lat="45.5758621" lon="7.7118550">
        <ele>2345</ele>
      </trkpt>
      <trkpt lat="45.5757921" lon="7.7119050">
        <ele>2345</ele>
      </trkpt>
      <trkpt lat="45.5757321" lon="7.7118950">
        <ele>2346</ele>
      </trkpt>
      <trkpt lat="45.5757321" lon="7.7118250">
        <ele>2346</ele>
      </trkpt>
      <trkpt lat="45.5756021" lon="7.7117150">
        <ele>2346</ele>
      </trkpt>
      <trkpt lat="45.5755721" lon="7.7117150">
        <ele>2346</ele>
      </trkpt>
      <trkpt lat="45.5755516" lon="7.7116936">
        <ele>2346</ele>
      </trkpt>
      <trkpt lat="45.5754976" lon="7.7116297">
        <ele>2346</ele>
      </trkpt>
      <trkpt lat="45.5754470" lon="7.7115336">
        <ele>2346</ele>
      </trkpt>
      <trkpt lat="45.5753815" lon="7.7114696">
        <ele>2346</ele>
      </trkpt>
      <trkpt lat="45.5753389" lon="7.7114146">
        <ele>2346</ele>
      </trkpt>
      <trkpt lat="45.5753111" lon="7.7113823">
        <ele>2346</ele>
      </trkpt>
      <trkpt lat="45.5752686" lon="7.7113342">
        <ele>2346</ele>
      </trkpt>
      <trkpt lat="45.5752472" lon="7.7112964">
        <ele>2347</ele>
      </trkpt>
      <trkpt lat="45.5752272" lon="7.7112448">
        <ele>2347</ele>
      </trkpt>
      <trkpt lat="45.5751922" lon="7.7111429">
        <ele>2347</ele>
      </trkpt>
      <trkpt lat="45.5751764" lon="7.7110797">
        <ele>2347</ele>
      </trkpt>
      <trkpt lat="45.5751766" lon="7.7110076">
        <ele>2347</ele>
      </trkpt>
      <trkpt lat="45.5751580" lon="7.7109759">
        <ele>2347</ele>
      </trkpt>
      <trkpt lat="45.5751259" lon="7.7109219">
        <ele>2347</ele>
      </trkpt>
      <trkpt lat="45.5751121" lon="7.7109150">
        <ele>2347</ele>
      </trkpt>
      <trkpt lat="45.5749621" lon="7.7106750">
        <ele>2347</ele>
      </trkpt>
      <trkpt lat="45.5749021" lon="7.7106650">
        <ele>2347</ele>
      </trkpt>
      <trkpt lat="45.5748221" lon="7.7107050">
        <ele>2347</ele>
      </trkpt>
      <trkpt lat="45.5745921" lon="7.7107150">
        <ele>2348</ele>
      </trkpt>
      <trkpt lat="45.5744703" lon="7.7106809">
        <ele>2348</ele>
      </trkpt>
      <trkpt lat="45.5743900" lon="7.7106441">
        <ele>2348</ele>
      </trkpt>
      <trkpt lat="45.5743776" lon="7.7106390">
        <ele>2348</ele>
      </trkpt>
      <trkpt lat="45.5743414" lon="7.7106222">
        <ele>2348</ele>
      </trkpt>
      <trkpt lat="45.5742931" lon="7.7105865">
        <ele>2348</ele>
      </trkpt>
      <trkpt lat="45.5742437" lon="7.7105532">
        <ele>2348</ele>
      </trkpt>
      <trkpt lat="45.5742004" lon="7.7105430">
        <ele>2348</ele>
      </trkpt>
      <trkpt lat="45.5741565" lon="7.7105114">
        <ele>2348</ele>
      </trkpt>
      <trkpt lat="45.5741115" lon="7.7104980">
        <ele>2348</ele>
      </trkpt>
      <trkpt lat="45.5740490" lon="7.7105159">
        <ele>2348</ele>
      </trkpt>
      <trkpt lat="45.5740418" lon="7.7105180">
        <ele>2349</ele>
      </trkpt>
      <trkpt lat="45.5739947" lon="7.7105374">
        <ele>2349</ele>
      </trkpt>
      <trkpt lat="45.5739499" lon="7.7105760">
        <ele>2349</ele>
      </trkpt>
      <trkpt lat="45.5739181" lon="7.7106196">
        <ele>2349</ele>
      </trkpt>
      <trkpt lat="45.5739040" lon="7.7107035">
        <ele>2349</ele>
      </trkpt>
      <trkpt lat="45.5738969" lon="7.7107467">
        <ele>2349</ele>
      </trkpt>
      <trkpt lat="45.5738688" lon="7.7107786">
        <ele>2349</ele>
      </trkpt>
      <trkpt lat="45.5738152" lon="7.7107997">
        <ele>2349</ele>
      </trkpt>
      <trkpt lat="45.5737216" lon="7.7107958">
        <ele>2349</ele>
      </trkpt>
      <trkpt lat="45.5735354" lon="7.7106744">
        <ele>2349</ele>
      </trkpt>
      <trkpt lat="45.5734478" lon="7.7106381">
        <ele>2349</ele>
      </trkpt>
      <trkpt lat="45.5733423" lon="7.7105838">
        <ele>2349</ele>
      </trkpt>
      <trkpt lat="45.5732675" lon="7.7105365">
        <ele>2350</ele>
      </trkpt>
      <trkpt lat="45.5731518" lon="7.7104885">
        <ele>2350</ele>
      </trkpt>
      <trkpt lat="45.5730318" lon="7.7104423">
        <ele>2350</ele>
      </trkpt>
      <trkpt lat="45.5727235" lon="7.7103229">
        <ele>2350</ele>
      </trkpt>
      <trkpt lat="45.5726470" lon="7.7103139">
        <ele>2350</ele>
      </trkpt>
      <trkpt lat="45.5724493" lon="7.7102495">
        <ele>2350</ele>
      </trkpt>
      <trkpt lat="45.5722613" lon="7.7101787">
        <ele>2350</ele>
      </trkpt>
      <trkpt lat="45.5721559" lon="7.7101145">
        <ele>2350</ele>
      </trkpt>
      <trkpt lat="45.5721094" lon="7.7100956">
        <ele>2350</ele>
      </trkpt>
      <trkpt lat="45.5720174" lon="7.7100472">
        <ele>2350</ele>
      </trkpt>
      <trkpt lat="45.5719433" lon="7.7099707">
        <ele>2350</ele>
      </trkpt>
      <trkpt lat="45.5718856" lon="7.7099062">
        <ele>2351</ele>
      </trkpt>
      <trkpt lat="45.5718118" lon="7.7098542">
        <ele>2351</ele>
      </trkpt>
      <trkpt lat="45.5717255" lon="7.7098332">
        <ele>2351</ele>
      </trkpt>
      <trkpt lat="45.5716390" lon="7.7098045">
        <ele>2351</ele>
      </trkpt>
      <trkpt lat="45.5715823" lon="7.7097672">
        <ele>2351</ele>
      </trkpt>
      <trkpt lat="45.5715021" lon="7.7097850">
        <ele>2351</ele>
      </trkpt>
      <trkpt lat="45.5714021" lon="7.7097350">
        <ele>2351</ele>
      </trkpt>
      <trkpt lat="45.5712121" lon="7.7095950">
        <ele>2351</ele>
      </trkpt>
      <trkpt lat="45.5711721" lon="7.7095350">
        <ele>2351</ele>
      </trkpt>
      <trkpt lat="45.5710821" lon="7.7095550">
        <ele>2351</ele>
      </trkpt>
      <trkpt lat="45.5710421" lon="7.7096050">
        <ele>2351</ele>
      </trkpt>
      <trkpt lat="45.5710221" lon="7.7095250">
        <ele>2352</ele>
      </trkpt>
      <trkpt lat="45.5706821" lon="7.7092150">
        <ele>2352</ele>
      </trkpt>
      <trkpt lat="45.5704621" lon="7.7087950">
        <ele>2352</ele>
      </trkpt>
      <trkpt lat="45.5703321" lon="7.7086150">
        <ele>2352</ele>
      </trkpt>
      <trkpt lat="45.5702221" lon="7.7083050">
        <ele>2352</ele>
      </trkpt>
      <trkpt lat="45.5693881" lon="7.7077400">
        <ele>2352</ele>
      </trkpt>
      <trkpt lat="45.5693821" lon="7.7077150">
        <ele>2352</ele>
      </trkpt>
      <trkpt lat="45.5694421" lon="7.7076850">
        <ele>2352</ele>
      </trkpt>
      <trkpt lat="45.5695521" lon="7.7077250">
        <ele>2352</ele>
      </trkpt>
      <trkpt lat="45.5695521" lon="7.7076850">
        <ele>2352</ele>
      </trkpt>
      <trkpt lat="45.5694721" lon="7.7075550">
        <ele>2352</ele>
      </trkpt>
      <trkpt lat="45.5694121" lon="7.7074150">
        <ele>2353</ele>
      </trkpt>
      <trkpt lat="45.5693221" lon="7.7072950">
        <ele>2353</ele>
      </trkpt>
      <trkpt lat="45.5692121" lon="7.7069350">
        <ele>2353</ele>
      </trkpt>
      <trkpt lat="45.5691621" lon="7.7068350">
        <ele>2353</ele>
      </trkpt>
      <trkpt lat="45.5691721" lon="7.7068050">
        <ele>2353</ele>
      </trkpt>
      <trkpt lat="45.5691621" lon="7.7066550">
        <ele>2353</ele>
      </trkpt>
      <trkpt lat="45.5692221" lon="7.7065950">
        <ele>2353</ele>
      </trkpt>
      <trkpt lat="45.5692321" lon="7.7065050">
        <ele>2353</ele>
      </trkpt>
      <trkpt lat="45.5692821" lon="7.7065250">
        <ele>2353</ele>
      </trkpt>
      <trkpt lat="45.5693921" lon="7.7067350">
        <ele>2353</ele>
      </trkpt>
      <trkpt lat="45.5694521" lon="7.7066150">
        <ele>2353</ele>
      </trkpt>
      <trkpt lat="45.5694821" lon="7.7066250">
        <ele>2353</ele>
      </trkpt>
      <trkpt lat="45.5695182" lon="7.7066125">
        <ele>2354</ele>
      </trkpt>
      <trkpt lat="45.5695544" lon="7.7066277">
        <ele>2354</ele>
      </trkpt>
      <trkpt lat="45.5695999" lon="7.7066604">
        <ele>2354</ele>
      </trkpt>
      <trkpt lat="45.5696621" lon="7.7067350">
        <ele>2354</ele>
      </trkpt>
      <trkpt lat="45.5696821" lon="7.7066350">
        <ele>2354</ele>
      </trkpt>
      <trkpt lat="45.5696721" lon="7.7064250">
        <ele>2354</ele>
      </trkpt>
      <trkpt lat="45.5695847" lon="7.7061896">
        <ele>2354</ele>
      </trkpt>
      <trkpt lat="45.5695695" lon="7.7060842">
        <ele>2354</ele>
      </trkpt>
      <trkpt lat="45.5697521" lon="7.7061550">
        <ele>2354</ele>
      </trkpt>
      <trkpt lat="45.5699521" lon="7.7063950">
        <ele>2354</ele>
      </trkpt>
      <trkpt lat="45.5700483" lon="7.7064395">
        <ele>2354</ele>
      </trkpt>
      <trkpt lat="45.5701683" lon="7.7064895">
        <ele>2355</ele>
      </trkpt>
      <trkpt lat="45.5702021" lon="7.7064750">
        <ele>2355</ele>
      </trkpt>
      <trkpt lat="45.5702221" lon="7.7064750">
        <ele>2355</ele>
      </trkpt>
      <trkpt lat="45.5703221" lon="7.7063650">
        <ele>2355</ele>
      </trkpt>
      <trkpt lat="45.5704321" lon="7.7063850">
        <ele>2355</ele>
      </trkpt>
      <trkpt lat="45.5705121" lon="7.7064750">
        <ele>2355</ele>
      </trkpt>
      <trkpt lat="45.5706721" lon="7.7063450">
        <ele>2355</ele>
      </trkpt>
      <trkpt lat="45.5707521" lon="7.7063350">
        <ele>2355</ele>
      </trkpt>
      <trkpt lat="45.5708021" lon="7.7063650">
        <ele>2355</ele>
      </trkpt>
      <trkpt lat="45.5708221" lon="7.7064350">
        <ele>2355</ele>
      </trkpt>
      <trkpt lat="45.5708621" lon="7.7064350">
        <ele>2355</ele>
      </trkpt>
      <trkpt lat="45.5709421" lon="7.7064950">
        <ele>2356</ele>
      </trkpt>
      <trkpt lat="45.5710121" lon="7.7065850">
        <ele>2356</ele>
      </trkpt>
      <trkpt lat="45.5710921" lon="7.7067750">
        <ele>2356</ele>
      </trkpt>
      <trkpt lat="45.5711221" lon="7.7067978">
        <ele>2356</ele>
      </trkpt>
      <trkpt lat="45.5711600" lon="7.7068154">
        <ele>2356</ele>
      </trkpt>
      <trkpt lat="45.5712521" lon="7.7067750">
        <ele>2356</ele>
      </trkpt>
      <trkpt lat="45.5713121" lon="7.7067950">
        <ele>2356</ele>
      </trkpt>
      <trkpt lat="45.5713396" lon="7.7067132">
        <ele>2356</ele>
      </trkpt>
      <trkpt lat="45.5712675" lon="7.7064268">
        <ele>2356</ele>
      </trkpt>
      <trkpt lat="45.5713017" lon="7.7063095">
        <ele>2356</ele>
      </trkpt>
      <trkpt lat="45.5713921" lon="7.7063550">
        <ele>2356</ele>
      </trkpt>
      <trkpt lat="45.5714321" lon="7.7063150">
        <ele>2357</ele>
      </trkpt>
      <trkpt lat="45.5715021" lon="7.7063050">
        <ele>2357</ele>
      </trkpt>
      <trkpt lat="45.5715728" lon="7.7063278">
        <ele>2357</ele>
      </trkpt>
      <trkpt lat="45.5715521" lon="7.7062550">
        <ele>2357</ele>
      </trkpt>
      <trkpt lat="45.5715243" lon="7.7061328">
        <ele>2357</ele>
      </trkpt>
      <trkpt lat="45.5716421" lon="7.7061650">
        <ele>2357</ele>
      </trkpt>
      <trkpt lat="45.5716821" lon="7.7061650">
        <ele>2357</ele>
      </trkpt>
      <trkpt lat="45.5717621" lon="7.7060850">
        <ele>2357</ele>
      </trkpt>
      <trkpt lat="45.5717721" lon="7.7060250">
        <ele>2357</ele>
      </trkpt>
      <trkpt lat="45.5717521" lon="7.7058550">
        <ele>2357</ele>
      </trkpt>
      <trkpt lat="45.5716321" lon="7.7056550">
        <ele>2357</ele>
      </trkpt>
      <trkpt lat="45.5715721" lon="7.7053950">
        <ele>2357</ele>
      </trkpt>
      <trkpt lat="45.5715721" lon="7.7053050">
        <ele>2358</ele>
      </trkpt>
      <trkpt lat="45.5715921" lon="7.7052250">
        <ele>2358</ele>
      </trkpt>
      <trkpt lat="45.5717121" lon="7.7053650">
        <ele>2358</ele>
      </trkpt>
      <trkpt lat="45.5717521" lon="7.7053650">
        <ele>2358</ele>
      </trkpt>
      <trkpt lat="45.5717921" lon="7.7054550">
        <ele>2358</ele>
      </trkpt>
      <trkpt lat="45.5718421" lon="7.7055050">
        <ele>2358</ele>
      </trkpt>
      <trkpt lat="45.5718721" lon="7.7055150">
        <ele>2358</ele>
      </trkpt>
      <trkpt lat="45.5718921" lon="7.7053550">
        <ele>2358</ele>
      </trkpt>
      <trkpt lat="45.5719022" lon="7.7053641">
        <ele>2358</ele>
      </trkpt>
      <trkpt lat="45.5719380" lon="7.7053878">
        <ele>2358</ele>
      </trkpt>
      <trkpt lat="45.5720311" lon="7.7054378">
        <ele>2358</ele>
      </trkpt>
      <trkpt lat="45.5721498" lon="7.7055155">
        <ele>2359</ele>
      </trkpt>
      <trkpt lat="45.5722113" lon="7.7055233">
        <ele>2359</ele>
      </trkpt>
      <trkpt lat="45.5722996" lon="7.7055304">
        <ele>2359</ele>
      </trkpt>
      <trkpt lat="45.5724051" lon="7.7055341">
        <ele>2359</ele>
      </trkpt>
      <trkpt lat="45.5724666" lon="7.7055480">
        <ele>2359</ele>
      </trkpt>
      <trkpt lat="45.5725529" lon="7.7055675">
        <ele>2359</ele>
      </trkpt>
      <trkpt lat="45.5726821" lon="7.7056050">
        <ele>2359</ele>
      </trkpt>
      <trkpt lat="45.5727321" lon="7.7055350">
        <ele>2359</ele>
      </trkpt>
      <trkpt lat="45.5727221" lon="7.7054450">
        <ele>2359</ele>
      </trkpt>
      <trkpt lat="45.5728521" lon="7.7053950">
        <ele>2359</ele>
      </trkpt>
      <trkpt lat="45.5728121" lon="7.7053050">
        <ele>2359</ele>
      </trkpt>
      <trkpt lat="45.5727855" lon="7.7052787">
        <ele>2360</ele>
      </trkpt>
      <trkpt lat="45.5727298" lon="7.7052064">
        <ele>2360</ele>
      </trkpt>
      <trkpt lat="45.5727149" lon="7.7051761">
        <ele>2360</ele>
      </trkpt>
      <trkpt lat="45.5727042" lon="7.7051365">
        <ele>2360</ele>
      </trkpt>
      <trkpt lat="45.5727085" lon="7.7051242">
        <ele>2360</ele>
      </trkpt>
      <trkpt lat="45.5727125" lon="7.7051126">
        <ele>2360</ele>
      </trkpt>
      <trkpt lat="45.5727281" lon="7.7051099">
        <ele>2360</ele>
      </trkpt>
      <trkpt lat="45.5727502" lon="7.7051117">
        <ele>2360</ele>
      </trkpt>
      <trkpt lat="45.5727953" lon="7.7050992">
        <ele>2360</ele>
      </trkpt>
      <trkpt lat="45.5728013" lon="7.7050950">
        <ele>2360</ele>
      </trkpt>
      <trkpt lat="45.5728241" lon="7.7050794">
        <ele>2360</ele>
      </trkpt>
      <trkpt lat="45.5728459" lon="7.7050589">
        <ele>2361</ele>
      </trkpt>
      <trkpt lat="45.5728621" lon="7.7050550">
        <ele>2361</ele>
      </trkpt>
      <trkpt lat="45.5729521" lon="7.7050250">
        <ele>2361</ele>
      </trkpt>
      <trkpt lat="45.5730221" lon="7.7050450">
        <ele>2361</ele>
      </trkpt>
      <trkpt lat="45.5730621" lon="7.7050050">
        <ele>2361</ele>
      </trkpt>
      <trkpt lat="45.5730621" lon="7.7049750">
        <ele>2361</ele>
      </trkpt>
      <trkpt lat="45.5729721" lon="7.7049250">
        <ele>2361</ele>
      </trkpt>
      <trkpt lat="45.5731221" lon="7.7047950">
        <ele>2361</ele>
      </trkpt>
      <trkpt lat="45.5731121" lon="7.7047750">
        <ele>2361</ele>
      </trkpt>
      <trkpt lat="45.5731421" lon="7.7047650">
        <ele>2361</ele>
      </trkpt>
      <trkpt lat="45.5731721" lon="7.7047150">
        <ele>2361</ele>
      </trkpt>
      <trkpt lat="45.5732021" lon="7.7045750">
        <ele>2362</ele>
      </trkpt>
      <trkpt lat="45.5731821" lon="7.7044450">
        <ele>2362</ele>
      </trkpt>
      <trkpt lat="45.5731321" lon="7.7043350">
        <ele>2362</ele>
      </trkpt>
      <trkpt lat="45.5730921" lon="7.7041350">
        <ele>2362</ele>
      </trkpt>
      <trkpt lat="45.5730020" lon="7.7039624">
        <ele>2362</ele>
      </trkpt>
      <trkpt lat="45.5730099" lon="7.7039209">
        <ele>2362</ele>
      </trkpt>
      <trkpt lat="45.5730207" lon="7.7038929">
        <ele>2362</ele>
      </trkpt>
      <trkpt lat="45.5730521" lon="7.7038850">
        <ele>2362</ele>
      </trkpt>
      <trkpt lat="45.5730621" lon="7.7038350">
        <ele>2362</ele>
      </trkpt>
      <trkpt lat="45.5730562" lon="7.7037285">
        <ele>2362</ele>
      </trkpt>
      <trkpt lat="45.5730466" lon="7.7036894">
        <ele>2362</ele>
      </trkpt>
      <trkpt lat="45.5730475" lon="7.7036258">
        <ele>2362</ele>
      </trkpt>
      <trkpt lat="45.5730748" lon="7.7035248">
        <ele>2363</ele>
      </trkpt>
      <trkpt lat="45.5730993" lon="7.7034507">
        <ele>2363</ele>
      </trkpt>
      <trkpt lat="45.5731305" lon="7.7034011">
        <ele>2363</ele>
      </trkpt>
      <trkpt lat="45.5731574" lon="7.7033138">
        <ele>2363</ele>
      </trkpt>
      <trkpt lat="45.5731618" lon="7.7032796">
        <ele>2363</ele>
      </trkpt>
      <trkpt lat="45.5731752" lon="7.7031858">
        <ele>2363</ele>
      </trkpt>
      <trkpt lat="45.5731833" lon="7.7031404">
        <ele>2363</ele>
      </trkpt>
      <trkpt lat="45.5731849" lon="7.7030906">
        <ele>2363</ele>
      </trkpt>
      <trkpt lat="45.5731981" lon="7.7030688">
        <ele>2363</ele>
      </trkpt>
      <trkpt lat="45.5732130" lon="7.7030516">
        <ele>2363</ele>
      </trkpt>
      <trkpt lat="45.5732293" lon="7.7030198">
        <ele>2363</ele>
      </trkpt>
      <trkpt lat="45.5732329" lon="7.7030013">
        <ele>2364</ele>
      </trkpt>
      <trkpt lat="45.5732348" lon="7.7029814">
        <ele>2364</ele>
      </trkpt>
      <trkpt lat="45.5732459" lon="7.7029658">
        <ele>2364</ele>
      </trkpt>
      <trkpt lat="45.5732528" lon="7.7029542">
        <ele>2364</ele>
      </trkpt>
      <trkpt lat="45.5732467" lon="7.7029382">
        <ele>2364</ele>
      </trkpt>
      <trkpt lat="45.5732460" lon="7.7029237">
        <ele>2364</ele>
      </trkpt>
      <trkpt lat="45.5732528" lon="7.7029074">
        <ele>2364</ele>
      </trkpt>
      <trkpt lat="45.5732607" lon="7.7028957">
        <ele>2364</ele>
      </trkpt>
      <trkpt lat="45.5732683" lon="7.7028442">
        <ele>2364</ele>
      </trkpt>
      <trkpt lat="45.5732621" lon="7.7027250">
        <ele>2364</ele>
      </trkpt>
      <trkpt lat="45.5732921" lon="7.7025450">
        <ele>2364</ele>
      </trkpt>
      <trkpt lat="45.5732854" lon="7.7024653">
        <ele>2365</ele>
      </trkpt>
      <trkpt lat="45.5732793" lon="7.7024509">
        <ele>2365</ele>
      </trkpt>
      <trkpt lat="45.5732654" lon="7.7024045">
        <ele>2365</ele>
      </trkpt>
      <trkpt lat="45.5732445" lon="7.7023713">
        <ele>2365</ele>
      </trkpt>
      <trkpt lat="45.5732307" lon="7.7023402">
        <ele>2365</ele>
      </trkpt>
      <trkpt lat="45.5732321" lon="7.7023150">
        <ele>2365</ele>
      </trkpt>
      <trkpt lat="45.5732821" lon="7.7021750">
        <ele>2365</ele>
      </trkpt>
      <trkpt lat="45.5733821" lon="7.7021250">
        <ele>2365</ele>
      </trkpt>
      <trkpt lat="45.5734021" lon="7.7021650">
        <ele>2365</ele>
      </trkpt>
      <trkpt lat="45.5734638" lon="7.7020917">
        <ele>2365</ele>
      </trkpt>
      <trkpt lat="45.5734814" lon="7.7020812">
        <ele>2365</ele>
      </trkpt>
      <trkpt lat="45.5735384" lon="7.7020332">
        <ele>2366</ele>
      </trkpt>
      <trkpt lat="45.5735679" lon="7.7019773">
        <ele>2366</ele>
      </trkpt>
      <trkpt lat="45.5735711" lon="7.7019478">
        <ele>2366</ele>
      </trkpt>
      <trkpt lat="45.5735737" lon="7.7019243">
        <ele>2366</ele>
      </trkpt>
      <trkpt lat="45.5735825" lon="7.7018866">
        <ele>2366</ele>
      </trkpt>
      <trkpt lat="45.5735943" lon="7.7018782">
        <ele>2366</ele>
      </trkpt>
      <trkpt lat="45.5736027" lon="7.7018723">
        <ele>2366</ele>
      </trkpt>
      <trkpt lat="45.5736180" lon="7.7018421">
        <ele>2366</ele>
      </trkpt>
      <trkpt lat="45.5736264" lon="7.7018227">
        <ele>2366</ele>
      </trkpt>
      <trkpt lat="45.5736272" lon="7.7018098">
        <ele>2366</ele>
      </trkpt>
      <trkpt lat="45.5736421" lon="7.7017950">
        <ele>2366</ele>
      </trkpt>
      <trkpt lat="45.5736610" lon="7.7018246">
        <ele>2366</ele>
      </trkpt>
      <trkpt lat="45.5736742" lon="7.7018488">
        <ele>2367</ele>
      </trkpt>
      <trkpt lat="45.5737037" lon="7.7018903">
        <ele>2367</ele>
      </trkpt>
      <trkpt lat="45.5737173" lon="7.7019129">
        <ele>2367</ele>
      </trkpt>
      <trkpt lat="45.5737273" lon="7.7019296">
        <ele>2367</ele>
      </trkpt>
      <trkpt lat="45.5737512" lon="7.7019536">
        <ele>2367</ele>
      </trkpt>
      <trkpt lat="45.5737706" lon="7.7019554">
        <ele>2367</ele>
      </trkpt>
      <trkpt lat="45.5737776" lon="7.7019499">
        <ele>2367</ele>
      </trkpt>
      <trkpt lat="45.5737817" lon="7.7019360">
        <ele>2367</ele>
      </trkpt>
      <trkpt lat="45.5737935" lon="7.7019288">
        <ele>2367</ele>
      </trkpt>
      <trkpt lat="45.5738088" lon="7.7019032">
        <ele>2367</ele>
      </trkpt>
      <trkpt lat="45.5738086" lon="7.7018752">
        <ele>2367</ele>
      </trkpt>
      <trkpt lat="45.5738077" lon="7.7018664">
        <ele>2368</ele>
      </trkpt>
      <trkpt lat="45.5738076" lon="7.7018565">
        <ele>2368</ele>
      </trkpt>
      <trkpt lat="45.5738177" lon="7.7018448">
        <ele>2368</ele>
      </trkpt>
      <trkpt lat="45.5738312" lon="7.7018491">
        <ele>2368</ele>
      </trkpt>
      <trkpt lat="45.5738436" lon="7.7018587">
        <ele>2368</ele>
      </trkpt>
      <trkpt lat="45.5738449" lon="7.7018710">
        <ele>2368</ele>
      </trkpt>
      <trkpt lat="45.5738467" lon="7.7018845">
        <ele>2368</ele>
      </trkpt>
      <trkpt lat="45.5738472" lon="7.7018885">
        <ele>2368</ele>
      </trkpt>
      <trkpt lat="45.5738544" lon="7.7019029">
        <ele>2368</ele>
      </trkpt>
      <trkpt lat="45.5738619" lon="7.7019027">
        <ele>2368</ele>
      </trkpt>
      <trkpt lat="45.5738624" lon="7.7019027">
        <ele>2368</ele>
      </trkpt>
      <trkpt lat="45.5738839" lon="7.7018938">
        <ele>2369</ele>
      </trkpt>
      <trkpt lat="45.5739000" lon="7.7018896">
        <ele>2369</ele>
      </trkpt>
      <trkpt lat="45.5739199" lon="7.7018968">
        <ele>2369</ele>
      </trkpt>
      <trkpt lat="45.5739885" lon="7.7018891">
        <ele>2369</ele>
      </trkpt>
      <trkpt lat="45.5740137" lon="7.7018832">
        <ele>2369</ele>
      </trkpt>
      <trkpt lat="45.5740367" lon="7.7018719">
        <ele>2369</ele>
      </trkpt>
      <trkpt lat="45.5740655" lon="7.7018536">
        <ele>2369</ele>
      </trkpt>
      <trkpt lat="45.5740955" lon="7.7018414">
        <ele>2369</ele>
      </trkpt>
      <trkpt lat="45.5741321" lon="7.7018350">
        <ele>2369</ele>
      </trkpt>
      <trkpt lat="45.5741528" lon="7.7018294">
        <ele>2369</ele>
      </trkpt>
      <trkpt lat="45.5741668" lon="7.7018237">
        <ele>2369</ele>
      </trkpt>
      <trkpt lat="45.5741905" lon="7.7018277">
        <ele>2370</ele>
      </trkpt>
      <trkpt lat="45.5742095" lon="7.7018472">
        <ele>2370</ele>
      </trkpt>
      <trkpt lat="45.5742177" lon="7.7018534">
        <ele>2370</ele>
      </trkpt>
      <trkpt lat="45.5742502" lon="7.7018777">
        <ele>2370</ele>
      </trkpt>
      <trkpt lat="45.5742734" lon="7.7018833">
        <ele>2370</ele>
      </trkpt>
      <trkpt lat="45.5742916" lon="7.7018714">
        <ele>2370</ele>
      </trkpt>
      <trkpt lat="45.5743160" lon="7.7018369">
        <ele>2370</ele>
      </trkpt>
      <trkpt lat="45.5743460" lon="7.7017769">
        <ele>2370</ele>
      </trkpt>
      <trkpt lat="45.5743521" lon="7.7017650">
        <ele>2370</ele>
      </trkpt>
      <trkpt lat="45.5743721" lon="7.7017150">
        <ele>2370</ele>
      </trkpt>
      <trkpt lat="45.5744621" lon="7.7016750">
        <ele>2370</ele>
      </trkpt>
      <trkpt lat="45.5745021" lon="7.7016050">
        <ele>2370</ele>
      </trkpt>
      <trkpt lat="45.5745421" lon="7.7016250">
        <ele>2371</ele>
      </trkpt>
      <trkpt lat="45.5745421" lon="7.7015650">
        <ele>2371</ele>
      </trkpt>
      <trkpt lat="45.5746121" lon="7.7015450">
        <ele>2371</ele>
      </trkpt>
      <trkpt lat="45.5746621" lon="7.7015650">
        <ele>2371</ele>
      </trkpt>
      <trkpt lat="45.5746821" lon="7.7015550">
        <ele>2371</ele>
      </trkpt>
      <trkpt lat="45.5747021" lon="7.7014950">
        <ele>2371</ele>
      </trkpt>
      <trkpt lat="45.5747521" lon="7.7015150">
        <ele>2371</ele>
      </trkpt>
      <trkpt lat="45.5748221" lon="7.7014450">
        <ele>2371</ele>
      </trkpt>
      <trkpt lat="45.5748821" lon="7.7014950">
        <ele>2371</ele>
      </trkpt>
      <trkpt lat="45.5748821" lon="7.7014450">
        <ele>2371</ele>
      </trkpt>
      <trkpt lat="45.5749521" lon="7.7014450">
        <ele>2371</ele>
      </trkpt>
      <trkpt lat="45.5750021" lon="7.7015050">
        <ele>2372</ele>
      </trkpt>
      <trkpt lat="45.5752221" lon="7.7015650">
        <ele>2372</ele>
      </trkpt>
      <trkpt lat="45.5752521" lon="7.7014950">
        <ele>2372</ele>
      </trkpt>
      <trkpt lat="45.5753021" lon="7.7014850">
        <ele>2372</ele>
      </trkpt>
      <trkpt lat="45.5753321" lon="7.7014450">
        <ele>2372</ele>
      </trkpt>
      <trkpt lat="45.5753421" lon="7.7013850">
        <ele>2372</ele>
      </trkpt>
      <trkpt lat="45.5753321" lon="7.7013450">
        <ele>2372</ele>
      </trkpt>
      <trkpt lat="45.5753721" lon="7.7013450">
        <ele>2372</ele>
      </trkpt>
      <trkpt lat="45.5753721" lon="7.7012450">
        <ele>2372</ele>
      </trkpt>
      <trkpt lat="45.5754221" lon="7.7012150">
        <ele>2372</ele>
      </trkpt>
      <trkpt lat="45.5753921" lon="7.7011550">
        <ele>2372</ele>
      </trkpt>
      <trkpt lat="45.5754121" lon="7.7010950">
        <ele>2373</ele>
      </trkpt>
      <trkpt lat="45.5754421" lon="7.7010850">
        <ele>2373</ele>
      </trkpt>
      <trkpt lat="45.5754721" lon="7.7010450">
        <ele>2373</ele>
      </trkpt>
      <trkpt lat="45.5754821" lon="7.7009950">
        <ele>2373</ele>
      </trkpt>
      <trkpt lat="45.5755521" lon="7.7009850">
        <ele>2373</ele>
      </trkpt>
      <trkpt lat="45.5755921" lon="7.7009450">
        <ele>2373</ele>
      </trkpt>
      <trkpt lat="45.5757021" lon="7.7007650">
        <ele>2373</ele>
      </trkpt>
      <trkpt lat="45.5757921" lon="7.7006350">
        <ele>2373</ele>
      </trkpt>
      <trkpt lat="45.5758721" lon="7.7005950">
        <ele>2373</ele>
      </trkpt>
      <trkpt lat="45.5759221" lon="7.7006050">
        <ele>2373</ele>
      </trkpt>
      <trkpt lat="45.5759521" lon="7.7004150">
        <ele>2373</ele>
      </trkpt>
      <trkpt lat="45.5759712" lon="7.7002867">
        <ele>2374</ele>
      </trkpt>
      <trkpt lat="45.5759881" lon="7.7002618">
        <ele>2374</ele>
      </trkpt>
      <trkpt lat="45.5760138" lon="7.7002520">
        <ele>2374</ele>
      </trkpt>
      <trkpt lat="45.5760419" lon="7.7002590">
        <ele>2374</ele>
      </trkpt>
      <trkpt lat="45.5760628" lon="7.7002984">
        <ele>2374</ele>
      </trkpt>
      <trkpt lat="45.5760697" lon="7.7003282">
        <ele>2374</ele>
      </trkpt>
      <trkpt lat="45.5761421" lon="7.7003950">
        <ele>2374</ele>
      </trkpt>
      <trkpt lat="45.5761539" lon="7.7003871">
        <ele>2374</ele>
      </trkpt>
      <trkpt lat="45.5761588" lon="7.7003720">
        <ele>2374</ele>
      </trkpt>
      <trkpt lat="45.5761640" lon="7.7003527">
        <ele>2374</ele>
      </trkpt>
      <trkpt lat="45.5761793" lon="7.7003302">
        <ele>2374</ele>
      </trkpt>
      <trkpt lat="45.5761955" lon="7.7003275">
        <ele>2374</ele>
      </trkpt>
      <trkpt lat="45.5762090" lon="7.7003333">
        <ele>2375</ele>
      </trkpt>
      <trkpt lat="45.5762275" lon="7.7003513">
        <ele>2375</ele>
      </trkpt>
      <trkpt lat="45.5762521" lon="7.7003750">
        <ele>2375</ele>
      </trkpt>
      <trkpt lat="45.5762633" lon="7.7003535">
        <ele>2375</ele>
      </trkpt>
      <trkpt lat="45.5762670" lon="7.7002983">
        <ele>2375</ele>
      </trkpt>
      <trkpt lat="45.5762849" lon="7.7002672">
        <ele>2375</ele>
      </trkpt>
      <trkpt lat="45.5763224" lon="7.7002571">
        <ele>2375</ele>
      </trkpt>
      <trkpt lat="45.5764105" lon="7.7002398">
        <ele>2375</ele>
      </trkpt>
      <trkpt lat="45.5765107" lon="7.7002513">
        <ele>2375</ele>
      </trkpt>
      <trkpt lat="45.5765674" lon="7.7002193">
        <ele>2375</ele>
      </trkpt>
      <trkpt lat="45.5766540" lon="7.7002001">
        <ele>2375</ele>
      </trkpt>
      <trkpt lat="45.5766821" lon="7.7001650">
        <ele>2376</ele>
      </trkpt>
      <trkpt lat="45.5768143" lon="7.7001186">
        <ele>2376</ele>
      </trkpt>
      <trkpt lat="45.5768421" lon="7.7000750">
        <ele>2376</ele>
      </trkpt>
      <trkpt lat="45.5769021" lon="7.6999850">
        <ele>2376</ele>
      </trkpt>
      <trkpt lat="45.5770621" lon="7.6999450">
        <ele>2376</ele>
      </trkpt>
      <trkpt lat="45.5772821" lon="7.6998150">
        <ele>2376</ele>
      </trkpt>
      <trkpt lat="45.5774321" lon="7.6999050">
        <ele>2376</ele>
      </trkpt>
      <trkpt lat="45.5775621" lon="7.6999250">
        <ele>2376</ele>
      </trkpt>
      <trkpt lat="45.5776321" lon="7.6999650">
        <ele>2376</ele>
      </trkpt>
      <trkpt lat="45.5779021" lon="7.6998850">
        <ele>2376</ele>
      </trkpt>
      <trkpt lat="45.5779721" lon="7.6998350">
        <ele>2376</ele>
      </trkpt>
      <trkpt lat="45.5780421" lon="7.6996950">
        <ele>2377</ele>
      </trkpt>
      <trkpt lat="45.5781821" lon="7.6995050">
        <ele>2377</ele>
      </trkpt>
      <trkpt lat="45.5782421" lon="7.6994650">
        <ele>2377</ele>
      </trkpt>
      <trkpt lat="45.5783421" lon="7.6994750">
        <ele>2377</ele>
      </trkpt>
      <trkpt lat="45.5783721" lon="7.6993350">
        <ele>2377</ele>
      </trkpt>
      <trkpt lat="45.5784221" lon="7.6993150">
        <ele>2377</ele>
      </trkpt>
      <trkpt lat="45.5784821" lon="7.6993450">
        <ele>2377</ele>
      </trkpt>
      <trkpt lat="45.5785321" lon="7.6993350">
        <ele>2377</ele>
      </trkpt>
      <trkpt lat="45.5785921" lon="7.6991450">
        <ele>2377</ele>
      </trkpt>
      <trkpt lat="45.5786021" lon="7.6989850">
        <ele>2377</ele>
      </trkpt>
      <trkpt lat="45.5786321" lon="7.6988950">
        <ele>2377</ele>
      </trkpt>
      <trkpt lat="45.5786721" lon="7.6988850">
        <ele>2378</ele>
      </trkpt>
      <trkpt lat="45.5787421" lon="7.6989750">
        <ele>2378</ele>
      </trkpt>
      <trkpt lat="45.5788121" lon="7.6989850">
        <ele>2378</ele>
      </trkpt>
      <trkpt lat="45.5789221" lon="7.6990850">
        <ele>2378</ele>
      </trkpt>
      <trkpt lat="45.5789921" lon="7.6990850">
        <ele>2378</ele>
      </trkpt>
      <trkpt lat="45.5790221" lon="7.6989750">
        <ele>2378</ele>
      </trkpt>
      <trkpt lat="45.5790921" lon="7.6989450">
        <ele>2378</ele>
      </trkpt>
      <trkpt lat="45.5791821" lon="7.6989450">
        <ele>2378</ele>
      </trkpt>
      <trkpt lat="45.5792321" lon="7.6988950">
        <ele>2378</ele>
      </trkpt>
      <trkpt lat="45.5792721" lon="7.6988150">
        <ele>2378</ele>
      </trkpt>
      <trkpt lat="45.5793621" lon="7.6987850">
        <ele>2378</ele>
      </trkpt>
      <trkpt lat="45.5793720" lon="7.6987321">
        <ele>2379</ele>
      </trkpt>
      <trkpt lat="45.5793568" lon="7.6986845">
        <ele>2379</ele>
      </trkpt>
      <trkpt lat="45.5793603" lon="7.6986109">
        <ele>2379</ele>
      </trkpt>
      <trkpt lat="45.5793932" lon="7.6985764">
        <ele>2379</ele>
      </trkpt>
      <trkpt lat="45.5794299" lon="7.6984867">
        <ele>2379</ele>
      </trkpt>
      <trkpt lat="45.5794490" lon="7.6984694">
        <ele>2379</ele>
      </trkpt>
      <trkpt lat="45.5795520" lon="7.6984394">
        <ele>2379</ele>
      </trkpt>
      <trkpt lat="45.5795705" lon="7.6984543">
        <ele>2379</ele>
      </trkpt>
      <trkpt lat="45.5795796" lon="7.6984747">
        <ele>2379</ele>
      </trkpt>
      <trkpt lat="45.5796221" lon="7.6985050">
        <ele>2379</ele>
      </trkpt>
      <trkpt lat="45.5797321" lon="7.6984050">
        <ele>2379</ele>
      </trkpt>
      <trkpt lat="45.5799421" lon="7.6983150">
        <ele>2379</ele>
      </trkpt>
      <trkpt lat="45.5800621" lon="7.6982350">
        <ele>2380</ele>
      </trkpt>
      <trkpt lat="45.5800921" lon="7.6981850">
        <ele>2380</ele>
      </trkpt>
      <trkpt lat="45.5801721" lon="7.6981750">
        <ele>2380</ele>
      </trkpt>
      <trkpt lat="45.5803221" lon="7.6980350">
        <ele>2380</ele>
      </trkpt>
      <trkpt lat="45.5803121" lon="7.6979850">
        <ele>2380</ele>
      </trkpt>
      <trkpt lat="45.5802221" lon="7.6979150">
        <ele>2380</ele>
      </trkpt>
      <trkpt lat="45.5802221" lon="7.6978650">
        <ele>2380</ele>
      </trkpt>
      <trkpt lat="45.5803021" lon="7.6979150">
        <ele>2380</ele>
      </trkpt>
      <trkpt lat="45.5804021" lon="7.6980750">
        <ele>2380</ele>
      </trkpt>
      <trkpt lat="45.5805021" lon="7.6983050">
        <ele>2380</ele>
      </trkpt>
      <trkpt lat="45.5805521" lon="7.6983150">
        <ele>2380</ele>
      </trkpt>
      <trkpt lat="45.5805921" lon="7.6982950">
        <ele>2381</ele>
      </trkpt>
      <trkpt lat="45.5807521" lon="7.6983950">
        <ele>2381</ele>
      </trkpt>
      <trkpt lat="45.5809121" lon="7.6984550">
        <ele>2381</ele>
      </trkpt>
      <trkpt lat="45.5809521" lon="7.6983850">
        <ele>2381</ele>
      </trkpt>
      <trkpt lat="45.5809221" lon="7.6983250">
        <ele>2381</ele>
      </trkpt>
      <trkpt lat="45.5809921" lon="7.6983550">
        <ele>2381</ele>
      </trkpt>
      <trkpt lat="45.5811321" lon="7.6983550">
        <ele>2381</ele>
      </trkpt>
      <trkpt lat="45.5811121" lon="7.6983350">
        <ele>2381</ele>
      </trkpt>
      <trkpt lat="45.5811321" lon="7.6983350">
        <ele>2381</ele>
      </trkpt>
      <trkpt lat="45.5812721" lon="7.6983750">
        <ele>2381</ele>
      </trkpt>
      <trkpt lat="45.5812721" lon="7.6982850">
        <ele>2381</ele>
      </trkpt>
      <trkpt lat="45.5812321" lon="7.6981850">
        <ele>2382</ele>
      </trkpt>
      <trkpt lat="45.5811721" lon="7.6981150">
        <ele>2382</ele>
      </trkpt>
      <trkpt lat="45.5810821" lon="7.6980750">
        <ele>2382</ele>
      </trkpt>
      <trkpt lat="45.5810921" lon="7.6980050">
        <ele>2382</ele>
      </trkpt>
      <trkpt lat="45.5811321" lon="7.6979050">
        <ele>2382</ele>
      </trkpt>
      <trkpt lat="45.5812021" lon="7.6979250">
        <ele>2382</ele>
      </trkpt>
      <trkpt lat="45.5812521" lon="7.6978950">
        <ele>2382</ele>
      </trkpt>
      <trkpt lat="45.5814121" lon="7.6979150">
        <ele>2382</ele>
      </trkpt>
      <trkpt lat="45.5814821" lon="7.6979450">
        <ele>2382</ele>
      </trkpt>
      <trkpt lat="45.5815521" lon="7.6978850">
        <ele>2382</ele>
      </trkpt>
      <trkpt lat="45.5816721" lon="7.6979250">
        <ele>2382</ele>
      </trkpt>
      <trkpt lat="45.5817821" lon="7.6978750">
        <ele>2383</ele>
      </trkpt>
      <trkpt lat="45.5818821" lon="7.6978750">
        <ele>2383</ele>
      </trkpt>
      <trkpt lat="45.5819121" lon="7.6979150">
        <ele>2383</ele>
      </trkpt>
      <trkpt lat="45.5820621" lon="7.6977850">
        <ele>2383</ele>
      </trkpt>
      <trkpt lat="45.5820921" lon="7.6976850">
        <ele>2383</ele>
      </trkpt>
      <trkpt lat="45.5821321" lon="7.6976850">
        <ele>2383</ele>
      </trkpt>
      <trkpt lat="45.5821921" lon="7.6974550">
        <ele>2383</ele>
      </trkpt>
      <trkpt lat="45.5822521" lon="7.6974350">
        <ele>2383</ele>
      </trkpt>
      <trkpt lat="45.5823421" lon="7.6975050">
        <ele>2383</ele>
      </trkpt>
      <trkpt lat="45.5824021" lon="7.6974950">
        <ele>2383</ele>
      </trkpt>
      <trkpt lat="45.5824421" lon="7.6973650">
        <ele>2383</ele>
      </trkpt>
      <trkpt lat="45.5824321" lon="7.6971550">
        <ele>2383</ele>
      </trkpt>
      <trkpt lat="45.5824021" lon="7.6971250">
        <ele>2384</ele>
      </trkpt>
      <trkpt lat="45.5824321" lon="7.6969950">
        <ele>2384</ele>
      </trkpt>
      <trkpt lat="45.5824021" lon="7.6968850">
        <ele>2384</ele>
      </trkpt>
      <trkpt lat="45.5823421" lon="7.6967550">
        <ele>2384</ele>
      </trkpt>
      <trkpt lat="45.5822873" lon="7.6966824">
        <ele>2384</ele>
      </trkpt>
      <trkpt lat="45.5822426" lon="7.6965459">
        <ele>2384</ele>
      </trkpt>
      <trkpt lat="45.5822435" lon="7.6964845">
        <ele>2384</ele>
      </trkpt>
      <trkpt lat="45.5822544" lon="7.6963926">
        <ele>2384</ele>
      </trkpt>
      <trkpt lat="45.5822729" lon="7.6962450">
        <ele>2384</ele>
      </trkpt>
      <trkpt lat="45.5823041" lon="7.6961548">
        <ele>2384</ele>
      </trkpt>
      <trkpt lat="45.5823406" lon="7.6960349">
        <ele>2384</ele>
      </trkpt>
      <trkpt lat="45.5823470" lon="7.6960334">
        <ele>2385</ele>
      </trkpt>
      <trkpt lat="45.5823404" lon="7.6960253">
        <ele>2385</ele>
      </trkpt>
      <trkpt lat="45.5823841" lon="7.6959215">
        <ele>2385</ele>
      </trkpt>
      <trkpt lat="45.5824278" lon="7.6958428">
        <ele>2385</ele>
      </trkpt>
      <trkpt lat="45.5824530" lon="7.6957343">
        <ele>2385</ele>
      </trkpt>
      <trkpt lat="45.5824541" lon="7.6956470">
        <ele>2385</ele>
      </trkpt>
      <trkpt lat="45.5824728" lon="7.6955704">
        <ele>2385</ele>
      </trkpt>
      <trkpt lat="45.5824981" lon="7.6955151">
        <ele>2385</ele>
      </trkpt>
      <trkpt lat="45.5825121" lon="7.6954179">
        <ele>2385</ele>
      </trkpt>
      <trkpt lat="45.5825443" lon="7.6953277">
        <ele>2385</ele>
      </trkpt>
      <trkpt lat="45.5825978" lon="7.6952015">
        <ele>2385</ele>
      </trkpt>
      <trkpt lat="45.5826668" lon="7.6950616">
        <ele>2386</ele>
      </trkpt>
      <trkpt lat="45.5827681" lon="7.6948189">
        <ele>2386</ele>
      </trkpt>
      <trkpt lat="45.5828093" lon="7.6947440">
        <ele>2386</ele>
      </trkpt>
      <trkpt lat="45.5828740" lon="7.6946804">
        <ele>2386</ele>
      </trkpt>
      <trkpt lat="45.5829921" lon="7.6946050">
        <ele>2386</ele>
      </trkpt>
      <trkpt lat="45.5830721" lon="7.6945250">
        <ele>2386</ele>
      </trkpt>
      <trkpt lat="45.5831321" lon="7.6945050">
        <ele>2386</ele>
      </trkpt>
      <trkpt lat="45.5831921" lon="7.6944350">
        <ele>2386</ele>
      </trkpt>
      <trkpt lat="45.5832521" lon="7.6944050">
        <ele>2386</ele>
      </trkpt>
      <trkpt lat="45.5832721" lon="7.6944150">
        <ele>2386</ele>
      </trkpt>
      <trkpt lat="45.5833321" lon="7.6943450">
        <ele>2386</ele>
      </trkpt>
      <trkpt lat="45.5834721" lon="7.6943250">
        <ele>2387</ele>
      </trkpt>
      <trkpt lat="45.5836693" lon="7.6941947">
        <ele>2387</ele>
      </trkpt>
      <trkpt lat="45.5836793" lon="7.6941447">
        <ele>2387</ele>
      </trkpt>
      <trkpt lat="45.5836714" lon="7.6941175">
        <ele>2387</ele>
      </trkpt>
      <trkpt lat="45.5836771" lon="7.6940752">
        <ele>2387</ele>
      </trkpt>
      <trkpt lat="45.5835937" lon="7.6938141">
        <ele>2387</ele>
      </trkpt>
      <trkpt lat="45.5836501" lon="7.6937561">
        <ele>2387</ele>
      </trkpt>
      <trkpt lat="45.5837421" lon="7.6937350">
        <ele>2387</ele>
      </trkpt>
      <trkpt lat="45.5838821" lon="7.6937450">
        <ele>2387</ele>
      </trkpt>
      <trkpt lat="45.5841221" lon="7.6936750">
        <ele>2387</ele>
      </trkpt>
      <trkpt lat="45.5841521" lon="7.6936250">
        <ele>2387</ele>
      </trkpt>
      <trkpt lat="45.5841821" lon="7.6935150">
        <ele>2387</ele>
      </trkpt>
      <trkpt lat="45.5842721" lon="7.6933850">
        <ele>2388</ele>
      </trkpt>
      <trkpt lat="45.5843421" lon="7.6931950">
        <ele>2388</ele>
      </trkpt>
      <trkpt lat="45.5843221" lon="7.6929950">
        <ele>2388</ele>
      </trkpt>
      <trkpt lat="45.5844121" lon="7.6928150">
        <ele>2388</ele>
      </trkpt>
      <trkpt lat="45.5844621" lon="7.6926650">
        <ele>2388</ele>
      </trkpt>
      <trkpt lat="45.5845921" lon="7.6925050">
        <ele>2388</ele>
      </trkpt>
      <trkpt lat="45.5849321" lon="7.6922450">
        <ele>2388</ele>
      </trkpt>
      <trkpt lat="45.5850621" lon="7.6921250">
        <ele>2388</ele>
      </trkpt>
      <trkpt lat="45.5850621" lon="7.6920650">
        <ele>2388</ele>
      </trkpt>
      <trkpt lat="45.5850753" lon="7.6919789">
        <ele>2388</ele>
      </trkpt>
      <trkpt lat="45.5851273" lon="7.6919195">
        <ele>2388</ele>
      </trkpt>
      <trkpt lat="45.5853521" lon="7.6919250">
        <ele>2389</ele>
      </trkpt>
      <trkpt lat="45.5857121" lon="7.6917550">
        <ele>2389</ele>
      </trkpt>
      <trkpt lat="45.5858350" lon="7.6915057">
        <ele>2389</ele>
      </trkpt>
      <trkpt lat="45.5859250" lon="7.6913157">
        <ele>2389</ele>
      </trkpt>
      <trkpt lat="45.5859721" lon="7.6913150">
        <ele>2389</ele>
      </trkpt>
      <trkpt lat="45.5861121" lon="7.6912950">
        <ele>2389</ele>
      </trkpt>
      <trkpt lat="45.5862921" lon="7.6911950">
        <ele>2389</ele>
      </trkpt>
      <trkpt lat="45.5863921" lon="7.6910150">
        <ele>2389</ele>
      </trkpt>
      <trkpt lat="45.5864881" lon="7.6908900">
        <ele>2389</ele>
      </trkpt>
      <trkpt lat="45.5869721" lon="7.6908550">
        <ele>2389</ele>
      </trkpt>
      <trkpt lat="45.5873921" lon="7.6906950">
        <ele>2389</ele>
      </trkpt>
      <trkpt lat="45.5875321" lon="7.6907150">
        <ele>2390</ele>
      </trkpt>
      <trkpt lat="45.5877321" lon="7.6906350">
        <ele>2390</ele>
      </trkpt>
      <trkpt lat="45.5879821" lon="7.6907950">
        <ele>2390</ele>
      </trkpt>
      <trkpt lat="45.5880621" lon="7.6907550">
        <ele>2390</ele>
      </trkpt>
      <trkpt lat="45.5880921" lon="7.6906250">
        <ele>2390</ele>
      </trkpt>
      <trkpt lat="45.5882021" lon="7.6908850">
        <ele>2390</ele>
      </trkpt>
      <trkpt lat="45.5882021" lon="7.6911550">
        <ele>2390</ele>
      </trkpt>
      <trkpt lat="45.5884221" lon="7.6910650">
        <ele>2390</ele>
      </trkpt>
      <trkpt lat="45.5884821" lon="7.6909250">
        <ele>2390</ele>
      </trkpt>
      <trkpt lat="45.5886621" lon="7.6911350">
        <ele>2390</ele>
      </trkpt>
      <trkpt lat="45.5887121" lon="7.6909850">
        <ele>2390</ele>
      </trkpt>
      <trkpt lat="45.5886821" lon="7.6908750">
        <ele>2391</ele>
      </trkpt>
      <trkpt lat="45.5889321" lon="7.6912850">
        <ele>2391</ele>
      </trkpt>
      <trkpt lat="45.5889821" lon="7.6912350">
        <ele>2391</ele>
      </trkpt>
      <trkpt lat="45.5891121" lon="7.6914950">
        <ele>2391</ele>
      </trkpt>
      <trkpt lat="45.5891721" lon="7.6915150">
        <ele>2391</ele>
      </trkpt>
      <trkpt lat="45.5894221" lon="7.6917950">
        <ele>2391</ele>
      </trkpt>
      <trkpt lat="45.5895621" lon="7.6920350">
        <ele>2391</ele>
      </trkpt>
      <trkpt lat="45.5896821" lon="7.6920950">
        <ele>2391</ele>
      </trkpt>
      <trkpt lat="45.5899421" lon="7.6921550">
        <ele>2391</ele>
      </trkpt>
      <trkpt lat="45.5900921" lon="7.6922650">
        <ele>2391</ele>
      </trkpt>
      <trkpt lat="45.5902321" lon="7.6921550">
        <ele>2391</ele>
      </trkpt>
      <trkpt lat="45.5903721" lon="7.6922650">
        <ele>2391</ele>
      </trkpt>
      <trkpt lat="45.5904321" lon="7.6922550">
        <ele>2392</ele>
      </trkpt>
      <trkpt lat="45.5905221" lon="7.6915350">
        <ele>2392</ele>
      </trkpt>
      <trkpt lat="45.5907146" lon="7.6918617">
        <ele>2392</ele>
      </trkpt>
      <trkpt lat="45.5908047" lon="7.6918381">
        <ele>2392</ele>
      </trkpt>
      <trkpt lat="45.5908194" lon="7.6918960">
        <ele>2392</ele>
      </trkpt>
      <trkpt lat="45.5909321" lon="7.6916750">
        <ele>2392</ele>
      </trkpt>
      <trkpt lat="45.5908864" lon="7.6906345">
        <ele>2392</ele>
      </trkpt>
      <trkpt lat="45.5908921" lon="7.6899550">
        <ele>2392</ele>
      </trkpt>
      <trkpt lat="45.5907721" lon="7.6893850">
        <ele>2392</ele>
      </trkpt>
      <trkpt lat="45.5908021" lon="7.6891250">
        <ele>2392</ele>
      </trkpt>
      <trkpt lat="45.5907286" lon="7.6886992">
        <ele>2392</ele>
      </trkpt>
      <trkpt lat="45.5907921" lon="7.6886250">
        <ele>2393</ele>
      </trkpt>
      <trkpt lat="45.5909421" lon="7.6886450">
        <ele>2393</ele>
      </trkpt>
      <trkpt lat="45.5910521" lon="7.6887150">
        <ele>2393</ele>
      </trkpt>
      <trkpt lat="45.5912621" lon="7.6890550">
        <ele>2393</ele>
      </trkpt>
      <trkpt lat="45.5915621" lon="7.6893750">
        <ele>2393</ele>
      </trkpt>
      <trkpt lat="45.5919021" lon="7.6895950">
        <ele>2393</ele>
      </trkpt>
      <trkpt lat="45.5919321" lon="7.6897150">
        <ele>2393</ele>
      </trkpt>
      <trkpt lat="45.5921821" lon="7.6902350">
        <ele>2393</ele>
      </trkpt>
      <trkpt lat="45.5924321" lon="7.6904250">
        <ele>2393</ele>
      </trkpt>
      <trkpt lat="45.5924421" lon="7.6900750">
        <ele>2393</ele>
      </trkpt>
      <trkpt lat="45.5925421" lon="7.6902350">
        <ele>2393</ele>
      </trkpt>
      <trkpt lat="45.5926321" lon="7.6902750">
        <ele>2394</ele>
      </trkpt>
      <trkpt lat="45.5927121" lon="7.6902050">
        <ele>2394</ele>
      </trkpt>
      <trkpt lat="45.5927021" lon="7.6898850">
        <ele>2394</ele>
      </trkpt>
      <trkpt lat="45.5928221" lon="7.6896750">
        <ele>2394</ele>
      </trkpt>
      <trkpt lat="45.5926621" lon="7.6892150">
        <ele>2394</ele>
      </trkpt>
      <trkpt lat="45.5926921" lon="7.6890850">
        <ele>2394</ele>
      </trkpt>
      <trkpt lat="45.5925821" lon="7.6889750">
        <ele>2394</ele>
      </trkpt>
      <trkpt lat="45.5925221" lon="7.6887550">
        <ele>2394</ele>
      </trkpt>
      <trkpt lat="45.5925221" lon="7.6885850">
        <ele>2394</ele>
      </trkpt>
      <trkpt lat="45.5925921" lon="7.6884350">
        <ele>2394</ele>
      </trkpt>
      <trkpt lat="45.5925821" lon="7.6883450">
        <ele>2394</ele>
      </trkpt>
      <trkpt lat="45.5929321" lon="7.6879450">
        <ele>2395</ele>
      </trkpt>
      <trkpt lat="45.5931121" lon="7.6878950">
        <ele>2395</ele>
      </trkpt>
      <trkpt lat="45.5931321" lon="7.6877550">
        <ele>2395</ele>
      </trkpt>
      <trkpt lat="45.5932121" lon="7.6876750">
        <ele>2395</ele>
      </trkpt>
      <trkpt lat="45.5932221" lon="7.6875060">
        <ele>2395</ele>
      </trkpt>
      <trkpt lat="45.5931221" lon="7.6871860">
        <ele>2395</ele>
      </trkpt>
      <trkpt lat="45.5929921" lon="7.6870860">
        <ele>2395</ele>
      </trkpt>
      <trkpt lat="45.5930221" lon="7.6870060">
        <ele>2395</ele>
      </trkpt>
      <trkpt lat="45.5931421" lon="7.6869460">
        <ele>2395</ele>
      </trkpt>
      <trkpt lat="45.5932321" lon="7.6869660">
        <ele>2395</ele>
      </trkpt>
      <trkpt lat="45.5931721" lon="7.6867160">
        <ele>2395</ele>
      </trkpt>
      <trkpt lat="45.5931421" lon="7.6866560">
        <ele>2395</ele>
      </trkpt>
      <trkpt lat="45.5931821" lon="7.6866560">
        <ele>2396</ele>
      </trkpt>
      <trkpt lat="45.5932021" lon="7.6866160">
        <ele>2396</ele>
      </trkpt>
      <trkpt lat="45.5933521" lon="7.6866060">
        <ele>2396</ele>
      </trkpt>
      <trkpt lat="45.5934021" lon="7.6866860">
        <ele>2396</ele>
      </trkpt>
      <trkpt lat="45.5934921" lon="7.6869460">
        <ele>2396</ele>
      </trkpt>
      <trkpt lat="45.5936221" lon="7.6869360">
        <ele>2396</ele>
      </trkpt>
      <trkpt lat="45.5936421" lon="7.6868760">
        <ele>2396</ele>
      </trkpt>
      <trkpt lat="45.5935921" lon="7.6867560">
        <ele>2396</ele>
      </trkpt>
      <trkpt lat="45.5936621" lon="7.6866960">
        <ele>2396</ele>
      </trkpt>
      <trkpt lat="45.5937621" lon="7.6867560">
        <ele>2396</ele>
      </trkpt>
      <trkpt lat="45.5938221" lon="7.6866260">
        <ele>2396</ele>
      </trkpt>
      <trkpt lat="45.5938121" lon="7.6865460">
        <ele>2397</ele>
      </trkpt>
      <trkpt lat="45.5935321" lon="7.6861960">
        <ele>2397</ele>
      </trkpt>
      <trkpt lat="45.5935821" lon="7.6860060">
        <ele>2397</ele>
      </trkpt>
      <trkpt lat="45.5935121" lon="7.6858260">
        <ele>2397</ele>
      </trkpt>
      <trkpt lat="45.5933821" lon="7.6856160">
        <ele>2397</ele>
      </trkpt>
      <trkpt lat="45.5932621" lon="7.6855760">
        <ele>2397</ele>
      </trkpt>
      <trkpt lat="45.5931621" lon="7.6853260">
        <ele>2397</ele>
      </trkpt>
      <trkpt lat="45.5932321" lon="7.6851160">
        <ele>2397</ele>
      </trkpt>
      <trkpt lat="45.5929621" lon="7.6848960">
        <ele>2397</ele>
      </trkpt>
      <trkpt lat="45.5929021" lon="7.6849260">
        <ele>2397</ele>
      </trkpt>
      <trkpt lat="45.5928121" lon="7.6848760">
        <ele>2397</ele>
      </trkpt>
      <trkpt lat="45.5927121" lon="7.6847560">
        <ele>2398</ele>
      </trkpt>
      <trkpt lat="45.5925721" lon="7.6847760">
        <ele>2398</ele>
      </trkpt>
      <trkpt lat="45.5925221" lon="7.6846960">
        <ele>2398</ele>
      </trkpt>
      <trkpt lat="45.5924821" lon="7.6846860">
        <ele>2398</ele>
      </trkpt>
      <trkpt lat="45.5924721" lon="7.6845560">
        <ele>2398</ele>
      </trkpt>
      <trkpt lat="45.5924321" lon="7.6844795">
        <ele>2398</ele>
      </trkpt>
      <trkpt lat="45.5923823" lon="7.6842630">
        <ele>2398</ele>
      </trkpt>
      <trkpt lat="45.5923595" lon="7.6840749">
        <ele>2398</ele>
      </trkpt>
      <trkpt lat="45.5922717" lon="7.6839642">
        <ele>2398</ele>
      </trkpt>
      <trkpt lat="45.5922242" lon="7.6839494">
        <ele>2398</ele>
      </trkpt>
      <trkpt lat="45.5919886" lon="7.6838599">
        <ele>2398</ele>
      </trkpt>
      <trkpt lat="45.5917870" lon="7.6837389">
        <ele>2399</ele>
      </trkpt>
      <trkpt lat="45.5915874" lon="7.6836025">
        <ele>2399</ele>
      </trkpt>
      <trkpt lat="45.5914170" lon="7.6833827">
        <ele>2399</ele>
      </trkpt>
      <trkpt lat="45.5913439" lon="7.6831975">
        <ele>2399</ele>
      </trkpt>
      <trkpt lat="45.5914392" lon="7.6825070">
        <ele>2399</ele>
      </trkpt>
      <trkpt lat="45.5916603" lon="7.6823892">
        <ele>2399</ele>
      </trkpt>
      <trkpt lat="45.5917568" lon="7.6823777">
        <ele>2399</ele>
      </trkpt>
      <trkpt lat="45.5918129" lon="7.6823871">
        <ele>2399</ele>
      </trkpt>
      <trkpt lat="45.5921991" lon="7.6825206">
        <ele>2399</ele>
      </trkpt>
      <trkpt lat="45.5925421" lon="7.6826760">
        <ele>2399</ele>
      </trkpt>
      <trkpt lat="45.5927693" lon="7.6826644">
        <ele>2399</ele>
      </trkpt>
      <trkpt lat="45.5929815" lon="7.6826824">
        <ele>2400</ele>
      </trkpt>
      <trkpt lat="45.5934258" lon="7.6828330">
        <ele>2400</ele>
      </trkpt>
      <trkpt lat="45.5938621" lon="7.6827160">
        <ele>2400</ele>
      </trkpt>
      <trkpt lat="45.5941486" lon="7.6826153">
        <ele>2400</ele>
      </trkpt>
      <trkpt lat="45.5942628" lon="7.6826249">
        <ele>2400</ele>
      </trkpt>
      <trkpt lat="45.5943321" lon="7.6826600">
        <ele>2400</ele>
      </trkpt>
      <trkpt lat="45.5946121" lon="7.6828660">
        <ele>2400</ele>
      </trkpt>
      <trkpt lat="45.5947457" lon="7.6828312">
        <ele>2400</ele>
      </trkpt>
      <trkpt lat="45.5949021" lon="7.6828160">
        <ele>2400</ele>
      </trkpt>
      <trkpt lat="45.5950587" lon="7.6828178">
        <ele>2400</ele>
      </trkpt>
      <trkpt lat="45.5951921" lon="7.6828360">
        <ele>2400</ele>
      </trkpt>
      <trkpt lat="45.5957721" lon="7.6830060">
        <ele>2400</ele>
      </trkpt>
      <trkpt lat="45.5965017" lon="7.6835328">
        <ele>2401</ele>
      </trkpt>
      <trkpt lat="45.5966838" lon="7.6836742">
        <ele>2401</ele>
      </trkpt>
      <trkpt lat="45.5969421" lon="7.6838260">
        <ele>2401</ele>
      </trkpt>
      <trkpt lat="45.5972821" lon="7.6840360">
        <ele>2401</ele>
      </trkpt>
      <trkpt lat="45.5973921" lon="7.6840660">
        <ele>2401</ele>
      </trkpt>
      <trkpt lat="45.5977721" lon="7.6844060">
        <ele>2401</ele>
      </trkpt>
      <trkpt lat="45.5978621" lon="7.6845260">
        <ele>2401</ele>
      </trkpt>
      <trkpt lat="45.5979593" lon="7.6844829">
        <ele>2401</ele>
      </trkpt>
      <trkpt lat="45.5977821" lon="7.6842060">
        <ele>2401</ele>
      </trkpt>
      <trkpt lat="45.5976021" lon="7.6840560">
        <ele>2401</ele>
      </trkpt>
      <trkpt lat="45.5974121" lon="7.6838460">
        <ele>2401</ele>
      </trkpt>
      <trkpt lat="45.5969421" lon="7.6834160">
        <ele>2402</ele>
      </trkpt>
      <trkpt lat="45.5968121" lon="7.6832160">
        <ele>2402</ele>
      </trkpt>
      <trkpt lat="45.5967121" lon="7.6831660">
        <ele>2402</ele>
      </trkpt>
      <trkpt lat="45.5965321" lon="7.6831260">
        <ele>2402</ele>
      </trkpt>
      <trkpt lat="45.5964621" lon="7.6830860">
        <ele>2402</ele>
      </trkpt>
      <trkpt lat="45.5960521" lon="7.6825960">
        <ele>2402</ele>
      </trkpt>
      <trkpt lat="45.5954421" lon="7.6821960">
        <ele>2402</ele>
      </trkpt>
      <trkpt lat="45.5952721" lon="7.6820260">
        <ele>2402</ele>
      </trkpt>
      <trkpt lat="45.5951021" lon="7.6819260">
        <ele>2402</ele>
      </trkpt>
      <trkpt lat="45.5948721" lon="7.6818860">
        <ele>2402</ele>
      </trkpt>
      <trkpt lat="45.5946749" lon="7.6818756">
        <ele>2402</ele>
      </trkpt>
      <trkpt lat="45.5945752" lon="7.6818105">
        <ele>2403</ele>
      </trkpt>
      <trkpt lat="45.5945344" lon="7.6816397">
        <ele>2403</ele>
      </trkpt>
      <trkpt lat="45.5944121" lon="7.6815560">
        <ele>2403</ele>
      </trkpt>
      <trkpt lat="45.5943121" lon="7.6815160">
        <ele>2403</ele>
      </trkpt>
      <trkpt lat="45.5941921" lon="7.6814260">
        <ele>2403</ele>
      </trkpt>
      <trkpt lat="45.5940521" lon="7.6813760">
        <ele>2403</ele>
      </trkpt>
      <trkpt lat="45.5939021" lon="7.6812360">
        <ele>2403</ele>
      </trkpt>
      <trkpt lat="45.5937421" lon="7.6811760">
        <ele>2403</ele>
      </trkpt>
      <trkpt lat="45.5936521" lon="7.6812260">
        <ele>2403</ele>
      </trkpt>
      <trkpt lat="45.5935921" lon="7.6812360">
        <ele>2403</ele>
      </trkpt>
      <trkpt lat="45.5933821" lon="7.6810160">
        <ele>2403</ele>
      </trkpt>
      <trkpt lat="45.5932521" lon="7.6809960">
        <ele>2404</ele>
      </trkpt>
      <trkpt lat="45.5931221" lon="7.6810160">
        <ele>2404</ele>
      </trkpt>
      <trkpt lat="45.5929921" lon="7.6809860">
        <ele>2404</ele>
      </trkpt>
      <trkpt lat="45.5927121" lon="7.6807560">
        <ele>2404</ele>
      </trkpt>
      <trkpt lat="45.5924721" lon="7.6807560">
        <ele>2404</ele>
      </trkpt>
      <trkpt lat="45.5922921" lon="7.6806460">
        <ele>2404</ele>
      </trkpt>
      <trkpt lat="45.5921721" lon="7.6806160">
        <ele>2404</ele>
      </trkpt>
      <trkpt lat="45.5919421" lon="7.6804260">
        <ele>2404</ele>
      </trkpt>
      <trkpt lat="45.5915160" lon="7.6801883">
        <ele>2404</ele>
      </trkpt>
      <trkpt lat="45.5912405" lon="7.6799772">
        <ele>2404</ele>
      </trkpt>
      <trkpt lat="45.5911521" lon="7.6799560">
        <ele>2404</ele>
      </trkpt>
      <trkpt lat="45.5908921" lon="7.6800260">
        <ele>2404</ele>
      </trkpt>
      <trkpt lat="45.5906721" lon="7.6798960">
        <ele>2405</ele>
      </trkpt>
      <trkpt lat="45.5906021" lon="7.6799260">
        <ele>2405</ele>
      </trkpt>
      <trkpt lat="45.5905721" lon="7.6798060">
        <ele>2405</ele>
      </trkpt>
      <trkpt lat="45.5905721" lon="7.6796760">
        <ele>2405</ele>
      </trkpt>
      <trkpt lat="45.5904721" lon="7.6794160">
        <ele>2405</ele>
      </trkpt>
      <trkpt lat="45.5902721" lon="7.6791360">
        <ele>2405</ele>
      </trkpt>
      <trkpt lat="45.5902221" lon="7.6788860">
        <ele>2405</ele>
      </trkpt>
      <trkpt lat="45.5901721" lon="7.6787660">
        <ele>2405</ele>
      </trkpt>
      <trkpt lat="45.5900921" lon="7.6787160">
        <ele>2405</ele>
      </trkpt>
      <trkpt lat="45.5900621" lon="7.6787560">
        <ele>2405</ele>
      </trkpt>
      <trkpt lat="45.5900421" lon="7.6787260">
        <ele>2405</ele>
      </trkpt>
      <trkpt lat="45.5899821" lon="7.6787760">
        <ele>2406</ele>
      </trkpt>
      <trkpt lat="45.5898821" lon="7.6789960">
        <ele>2406</ele>
      </trkpt>
      <trkpt lat="45.5895521" lon="7.6792360">
        <ele>2406</ele>
      </trkpt>
      <trkpt lat="45.5894686" lon="7.6791573">
        <ele>2406</ele>
      </trkpt>
      <trkpt lat="45.5889521" lon="7.6786360">
        <ele>2406</ele>
      </trkpt>
      <trkpt lat="45.5888121" lon="7.6785960">
        <ele>2406</ele>
      </trkpt>
      <trkpt lat="45.5887221" lon="7.6785260">
        <ele>2406</ele>
      </trkpt>
      <trkpt lat="45.5886421" lon="7.6783660">
        <ele>2406</ele>
      </trkpt>
      <trkpt lat="45.5885821" lon="7.6783260">
        <ele>2406</ele>
      </trkpt>
      <trkpt lat="45.5884821" lon="7.6783260">
        <ele>2406</ele>
      </trkpt>
      <trkpt lat="45.5884021" lon="7.6782560">
        <ele>2406</ele>
      </trkpt>
      <trkpt lat="45.5882421" lon="7.6782060">
        <ele>2407</ele>
      </trkpt>
      <trkpt lat="45.5881821" lon="7.6781260">
        <ele>2407</ele>
      </trkpt>
      <trkpt lat="45.5880021" lon="7.6779660">
        <ele>2407</ele>
      </trkpt>
      <trkpt lat="45.5879421" lon="7.6779560">
        <ele>2407</ele>
      </trkpt>
      <trkpt lat="45.5878721" lon="7.6779760">
        <ele>2407</ele>
      </trkpt>
      <trkpt lat="45.5876921" lon="7.6778660">
        <ele>2407</ele>
      </trkpt>
      <trkpt lat="45.5876621" lon="7.6778060">
        <ele>2407</ele>
      </trkpt>
      <trkpt lat="45.5875521" lon="7.6777360">
        <ele>2407</ele>
      </trkpt>
      <trkpt lat="45.5874321" lon="7.6777760">
        <ele>2407</ele>
      </trkpt>
      <trkpt lat="45.5874021" lon="7.6777260">
        <ele>2407</ele>
      </trkpt>
      <trkpt lat="45.5873032" lon="7.6776141">
        <ele>2407</ele>
      </trkpt>
      <trkpt lat="45.5872243" lon="7.6774872">
        <ele>2408</ele>
      </trkpt>
      <trkpt lat="45.5873821" lon="7.6774060">
        <ele>2408</ele>
      </trkpt>
      <trkpt lat="45.5873121" lon="7.6773560">
        <ele>2408</ele>
      </trkpt>
      <trkpt lat="45.5872685" lon="7.6772608">
        <ele>2408</ele>
      </trkpt>
      <trkpt lat="45.5874285" lon="7.6771843">
        <ele>2408</ele>
      </trkpt>
      <trkpt lat="45.5875117" lon="7.6771189">
        <ele>2408</ele>
      </trkpt>
      <trkpt lat="45.5876121" lon="7.6771060">
        <ele>2408</ele>
      </trkpt>
      <trkpt lat="45.5876110" lon="7.6770685">
        <ele>2408</ele>
      </trkpt>
      <trkpt lat="45.5875821" lon="7.6770560">
        <ele>2408</ele>
      </trkpt>
      <trkpt lat="45.5872522" lon="7.6769757">
        <ele>2408</ele>
      </trkpt>
      <trkpt lat="45.5871722" lon="7.6769157">
        <ele>2408</ele>
      </trkpt>
      <trkpt lat="45.5870914" lon="7.6767366">
        <ele>2408</ele>
      </trkpt>
      <trkpt lat="45.5868166" lon="7.6764212">
        <ele>2409</ele>
      </trkpt>
      <trkpt lat="45.5864278" lon="7.6761184">
        <ele>2409</ele>
      </trkpt>
      <trkpt lat="45.5863510" lon="7.6760865">
        <ele>2409</ele>
      </trkpt>
      <trkpt lat="45.5862682" lon="7.6762249">
        <ele>2409</ele>
      </trkpt>
      <trkpt lat="45.5861471" lon="7.6761817">
        <ele>2409</ele>
      </trkpt>
      <trkpt lat="45.5860621" lon="7.6763260">
        <ele>2409</ele>
      </trkpt>
      <trkpt lat="45.5860921" lon="7.6764160">
        <ele>2409</ele>
      </trkpt>
      <trkpt lat="45.5860521" lon="7.6764160">
        <ele>2409</ele>
      </trkpt>
      <trkpt lat="45.5859821" lon="7.6763460">
        <ele>2409</ele>
      </trkpt>
      <trkpt lat="45.5858921" lon="7.6764060">
        <ele>2409</ele>
      </trkpt>
      <trkpt lat="45.5857421" lon="7.6764060">
        <ele>2409</ele>
      </trkpt>
      <trkpt lat="45.5856051" lon="7.6763002">
        <ele>2410</ele>
      </trkpt>
      <trkpt lat="45.5854790" lon="7.6761990">
        <ele>2410</ele>
      </trkpt>
      <trkpt lat="45.5853149" lon="7.6760557">
        <ele>2410</ele>
      </trkpt>
      <trkpt lat="45.5851921" lon="7.6760860">
        <ele>2410</ele>
      </trkpt>
      <trkpt lat="45.5850321" lon="7.6759760">
        <ele>2410</ele>
      </trkpt>
      <trkpt lat="45.5849821" lon="7.6760060">
        <ele>2410</ele>
      </trkpt>
      <trkpt lat="45.5849621" lon="7.6760960">
        <ele>2410</ele>
      </trkpt>
      <trkpt lat="45.5848321" lon="7.6760160">
        <ele>2410</ele>
      </trkpt>
      <trkpt lat="45.5847421" lon="7.6760460">
        <ele>2410</ele>
      </trkpt>
      <trkpt lat="45.5846921" lon="7.6760260">
        <ele>2410</ele>
      </trkpt>
      <trkpt lat="45.5846421" lon="7.6759860">
        <ele>2410</ele>
      </trkpt>
      <trkpt lat="45.5845821" lon="7.6759760">
        <ele>2411</ele>
      </trkpt>
      <trkpt lat="45.5845621" lon="7.6759260">
        <ele>2411</ele>
      </trkpt>
      <trkpt lat="45.5845121" lon="7.6758960">
        <ele>2411</ele>
      </trkpt>
      <trkpt lat="45.5843921" lon="7.6759260">
        <ele>2411</ele>
      </trkpt>
      <trkpt lat="45.5843621" lon="7.6758560">
        <ele>2411</ele>
      </trkpt>
      <trkpt lat="45.5843321" lon="7.6756960">
        <ele>2411</ele>
      </trkpt>
      <trkpt lat="45.5841621" lon="7.6754460">
        <ele>2411</ele>
      </trkpt>
      <trkpt lat="45.5840821" lon="7.6751060">
        <ele>2411</ele>
      </trkpt>
      <trkpt lat="45.5840521" lon="7.6750860">
        <ele>2411</ele>
      </trkpt>
      <trkpt lat="45.5838321" lon="7.6751360">
        <ele>2411</ele>
      </trkpt>
      <trkpt lat="45.5836526" lon="7.6750917">
        <ele>2411</ele>
      </trkpt>
      <trkpt lat="45.5835243" lon="7.6749864">
        <ele>2412</ele>
      </trkpt>
      <trkpt lat="45.5834443" lon="7.6749564">
        <ele>2412</ele>
      </trkpt>
      <trkpt lat="45.5833436" lon="7.6748722">
        <ele>2412</ele>
      </trkpt>
      <trkpt lat="45.5833075" lon="7.6748416">
        <ele>2412</ele>
      </trkpt>
      <trkpt lat="45.5832221" lon="7.6748060">
        <ele>2412</ele>
      </trkpt>
      <trkpt lat="45.5831321" lon="7.6746860">
        <ele>2412</ele>
      </trkpt>
      <trkpt lat="45.5831021" lon="7.6745560">
        <ele>2412</ele>
      </trkpt>
      <trkpt lat="45.5829721" lon="7.6743860">
        <ele>2412</ele>
      </trkpt>
      <trkpt lat="45.5828921" lon="7.6743160">
        <ele>2412</ele>
      </trkpt>
      <trkpt lat="45.5827421" lon="7.6742860">
        <ele>2412</ele>
      </trkpt>
      <trkpt lat="45.5826904" lon="7.6742446">
        <ele>2412</ele>
      </trkpt>
      <trkpt lat="45.5826121" lon="7.6742160">
        <ele>2412</ele>
      </trkpt>
      <trkpt lat="45.5825715" lon="7.6741976">
        <ele>2413</ele>
      </trkpt>
      <trkpt lat="45.5824367" lon="7.6740874">
        <ele>2413</ele>
      </trkpt>
      <trkpt lat="45.5824005" lon="7.6740269">
        <ele>2413</ele>
      </trkpt>
      <trkpt lat="45.5823639" lon="7.6739328">
        <ele>2413</ele>
      </trkpt>
      <trkpt lat="45.5823629" lon="7.6738957">
        <ele>2413</ele>
      </trkpt>
      <trkpt lat="45.5823340" lon="7.6738163">
        <ele>2413</ele>
      </trkpt>
      <trkpt lat="45.5823143" lon="7.6738075">
        <ele>2413</ele>
      </trkpt>
      <trkpt lat="45.5822439" lon="7.6737708">
        <ele>2413</ele>
      </trkpt>
      <trkpt lat="45.5821908" lon="7.6737169">
        <ele>2413</ele>
      </trkpt>
      <trkpt lat="45.5820961" lon="7.6736195">
        <ele>2413</ele>
      </trkpt>
      <trkpt lat="45.5819403" lon="7.6734546">
        <ele>2413</ele>
      </trkpt>
      <trkpt lat="45.5818725" lon="7.6733495">
        <ele>2414</ele>
      </trkpt>
      <trkpt lat="45.5818321" lon="7.6733360">
        <ele>2414</ele>
      </trkpt>
      <trkpt lat="45.5818221" lon="7.6732260">
        <ele>2414</ele>
      </trkpt>
      <trkpt lat="45.5817121" lon="7.6731860">
        <ele>2414</ele>
      </trkpt>
      <trkpt lat="45.5816621" lon="7.6731260">
        <ele>2414</ele>
      </trkpt>
      <trkpt lat="45.5815921" lon="7.6730860">
        <ele>2414</ele>
      </trkpt>
      <trkpt lat="45.5815021" lon="7.6729560">
        <ele>2414</ele>
      </trkpt>
      <trkpt lat="45.5815221" lon="7.6729160">
        <ele>2414</ele>
      </trkpt>
      <trkpt lat="45.5813921" lon="7.6727760">
        <ele>2414</ele>
      </trkpt>
      <trkpt lat="45.5813821" lon="7.6727260">
        <ele>2414</ele>
      </trkpt>
      <trkpt lat="45.5812021" lon="7.6724660">
        <ele>2414</ele>
      </trkpt>
      <trkpt lat="45.5811592" lon="7.6724524">
        <ele>2415</ele>
      </trkpt>
      <trkpt lat="45.5810959" lon="7.6724722">
        <ele>2415</ele>
      </trkpt>
      <trkpt lat="45.5810406" lon="7.6725003">
        <ele>2415</ele>
      </trkpt>
      <trkpt lat="45.5810121" lon="7.6724860">
        <ele>2415</ele>
      </trkpt>
      <trkpt lat="45.5809621" lon="7.6722260">
        <ele>2415</ele>
      </trkpt>
      <trkpt lat="45.5809621" lon="7.6720760">
        <ele>2415</ele>
      </trkpt>
      <trkpt lat="45.5809579" lon="7.6720533">
        <ele>2415</ele>
      </trkpt>
      <trkpt lat="45.5809524" lon="7.6720457">
        <ele>2415</ele>
      </trkpt>
      <trkpt lat="45.5809019" lon="7.6720485">
        <ele>2415</ele>
      </trkpt>
      <trkpt lat="45.5808643" lon="7.6720333">
        <ele>2415</ele>
      </trkpt>
      <trkpt lat="45.5808659" lon="7.6719857">
        <ele>2415</ele>
      </trkpt>
      <trkpt lat="45.5808950" lon="7.6719373">
        <ele>2416</ele>
      </trkpt>
      <trkpt lat="45.5810121" lon="7.6714960">
        <ele>2416</ele>
      </trkpt>
      <trkpt lat="45.5810031" lon="7.6714737">
        <ele>2416</ele>
      </trkpt>
      <trkpt lat="45.5809910" lon="7.6714556">
        <ele>2416</ele>
      </trkpt>
      <trkpt lat="45.5809425" lon="7.6714506">
        <ele>2416</ele>
      </trkpt>
      <trkpt lat="45.5808533" lon="7.6714573">
        <ele>2416</ele>
      </trkpt>
      <trkpt lat="45.5807519" lon="7.6714352">
        <ele>2416</ele>
      </trkpt>
      <trkpt lat="45.5807389" lon="7.6714155">
        <ele>2416</ele>
      </trkpt>
      <trkpt lat="45.5807321" lon="7.6713060">
        <ele>2416</ele>
      </trkpt>
      <trkpt lat="45.5806507" lon="7.6712268">
        <ele>2416</ele>
      </trkpt>
      <trkpt lat="45.5805876" lon="7.6711640">
        <ele>2416</ele>
      </trkpt>
      <trkpt lat="45.5805393" lon="7.6710885">
        <ele>2417</ele>
      </trkpt>
      <trkpt lat="45.5805024" lon="7.6710572">
        <ele>2417</ele>
      </trkpt>
      <trkpt lat="45.5804320" lon="7.6709908">
        <ele>2417</ele>
      </trkpt>
      <trkpt lat="45.5804021" lon="7.6709260">
        <ele>2417</ele>
      </trkpt>
      <trkpt lat="45.5803474" lon="7.6708896">
        <ele>2417</ele>
      </trkpt>
      <trkpt lat="45.5803281" lon="7.6708521">
        <ele>2417</ele>
      </trkpt>
      <trkpt lat="45.5803167" lon="7.6708018">
        <ele>2417</ele>
      </trkpt>
      <trkpt lat="45.5802959" lon="7.6707701">
        <ele>2417</ele>
      </trkpt>
      <trkpt lat="45.5802729" lon="7.6707369">
        <ele>2417</ele>
      </trkpt>
      <trkpt lat="45.5802221" lon="7.6706760">
        <ele>2417</ele>
      </trkpt>
      <trkpt lat="45.5801221" lon="7.6705660">
        <ele>2417</ele>
      </trkpt>
      <trkpt lat="45.5800721" lon="7.6704360">
        <ele>2417</ele>
      </trkpt>
      <trkpt lat="45.5799821" lon="7.6703560">
        <ele>2418</ele>
      </trkpt>
      <trkpt lat="45.5798421" lon="7.6703160">
        <ele>2418</ele>
      </trkpt>
      <trkpt lat="45.5798021" lon="7.6702760">
        <ele>2418</ele>
      </trkpt>
      <trkpt lat="45.5797321" lon="7.6703060">
        <ele>2418</ele>
      </trkpt>
      <trkpt lat="45.5796481" lon="7.6702400">
        <ele>2418</ele>
      </trkpt>
      <trkpt lat="45.5796121" lon="7.6700360">
        <ele>2418</ele>
      </trkpt>
      <trkpt lat="45.5795621" lon="7.6699460">
        <ele>2418</ele>
      </trkpt>
      <trkpt lat="45.5795021" lon="7.6699060">
        <ele>2418</ele>
      </trkpt>
      <trkpt lat="45.5794683" lon="7.6698885">
        <ele>2418</ele>
      </trkpt>
      <trkpt lat="45.5794289" lon="7.6698343">
        <ele>2418</ele>
      </trkpt>
      <trkpt lat="45.5793743" lon="7.6697666">
        <ele>2418</ele>
      </trkpt>
      <trkpt lat="45.5793149" lon="7.6696531">
        <ele>2419</ele>
      </trkpt>
      <trkpt lat="45.5792045" lon="7.6694848">
        <ele>2419</ele>
      </trkpt>
      <trkpt lat="45.5791767" lon="7.6694073">
        <ele>2419</ele>
      </trkpt>
      <trkpt lat="45.5791674" lon="7.6693447">
        <ele>2419</ele>
      </trkpt>
      <trkpt lat="45.5791593" lon="7.6692989">
        <ele>2419</ele>
      </trkpt>
      <trkpt lat="45.5791361" lon="7.6692489">
        <ele>2419</ele>
      </trkpt>
      <trkpt lat="45.5791026" lon="7.6691378">
        <ele>2419</ele>
      </trkpt>
      <trkpt lat="45.5791008" lon="7.6691151">
        <ele>2419</ele>
      </trkpt>
      <trkpt lat="45.5790962" lon="7.6690537">
        <ele>2419</ele>
      </trkpt>
      <trkpt lat="45.5791050" lon="7.6689753">
        <ele>2419</ele>
      </trkpt>
      <trkpt lat="45.5790921" lon="7.6688860">
        <ele>2419</ele>
      </trkpt>
      <trkpt lat="45.5789921" lon="7.6687660">
        <ele>2420</ele>
      </trkpt>
      <trkpt lat="45.5789536" lon="7.6687069">
        <ele>2420</ele>
      </trkpt>
      <trkpt lat="45.5789268" lon="7.6686202">
        <ele>2420</ele>
      </trkpt>
      <trkpt lat="45.5788912" lon="7.6685214">
        <ele>2420</ele>
      </trkpt>
      <trkpt lat="45.5788702" lon="7.6684759">
        <ele>2420</ele>
      </trkpt>
      <trkpt lat="45.5788225" lon="7.6684433">
        <ele>2420</ele>
      </trkpt>
      <trkpt lat="45.5787589" lon="7.6683889">
        <ele>2420</ele>
      </trkpt>
      <trkpt lat="45.5786918" lon="7.6683552">
        <ele>2420</ele>
      </trkpt>
      <trkpt lat="45.5786061" lon="7.6683006">
        <ele>2420</ele>
      </trkpt>
      <trkpt lat="45.5785552" lon="7.6682696">
        <ele>2420</ele>
      </trkpt>
      <trkpt lat="45.5785020" lon="7.6682341">
        <ele>2420</ele>
      </trkpt>
      <trkpt lat="45.5784571" lon="7.6681677">
        <ele>2421</ele>
      </trkpt>
      <trkpt lat="45.5784418" lon="7.6681451">
        <ele>2421</ele>
      </trkpt>
      <trkpt lat="45.5783984" lon="7.6681170">
        <ele>2421</ele>
      </trkpt>
      <trkpt lat="45.5783558" lon="7.6681413">
        <ele>2421</ele>
      </trkpt>
      <trkpt lat="45.5783284" lon="7.6681570">
        <ele>2421</ele>
      </trkpt>
      <trkpt lat="45.5782002" lon="7.6681493">
        <ele>2421</ele>
      </trkpt>
      <trkpt lat="45.5781324" lon="7.6681463">
        <ele>2421</ele>
      </trkpt>
      <trkpt lat="45.5780729" lon="7.6681170">
        <ele>2421</ele>
      </trkpt>
      <trkpt lat="45.5779883" lon="7.6680608">
        <ele>2421</ele>
      </trkpt>
      <trkpt lat="45.5779020" lon="7.6679525">
        <ele>2421</ele>
      </trkpt>
      <trkpt lat="45.5778565" lon="7.6678340">
        <ele>2421</ele>
      </trkpt>
      <trkpt lat="45.5778466" lon="7.6677270">
        <ele>2421</ele>
      </trkpt>
      <trkpt lat="45.5778296" lon="7.6676462">
        <ele>2422</ele>
      </trkpt>
      <trkpt lat="45.5778060" lon="7.6674751">
        <ele>2422</ele>
      </trkpt>
      <trkpt lat="45.5778068" lon="7.6673777">
        <ele>2422</ele>
      </trkpt>
      <trkpt lat="45.5777921" lon="7.6672960">
        <ele>2422</ele>
      </trkpt>
      <trkpt lat="45.5777921" lon="7.6670560">
        <ele>2422</ele>
      </trkpt>
      <trkpt lat="45.5776721" lon="7.6668360">
        <ele>2422</ele>
      </trkpt>
      <trkpt lat="45.5775739" lon="7.6666069">
        <ele>2422</ele>
      </trkpt>
      <trkpt lat="45.5775321" lon="7.6665860">
        <ele>2422</ele>
      </trkpt>
      <trkpt lat="45.5774221" lon="7.6664160">
        <ele>2422</ele>
      </trkpt>
      <trkpt lat="45.5773621" lon="7.6663560">
        <ele>2422</ele>
      </trkpt>
      <trkpt lat="45.5772478" lon="7.6663079">
        <ele>2422</ele>
      </trkpt>
      <trkpt lat="45.5772334" lon="7.6663079">
        <ele>2423</ele>
      </trkpt>
      <trkpt lat="45.5771460" lon="7.6662962">
        <ele>2423</ele>
      </trkpt>
      <trkpt lat="45.5770263" lon="7.6662715">
        <ele>2423</ele>
      </trkpt>
      <trkpt lat="45.5770021" lon="7.6662360">
        <ele>2423</ele>
      </trkpt>
      <trkpt lat="45.5769621" lon="7.6661260">
        <ele>2423</ele>
      </trkpt>
      <trkpt lat="45.5769055" lon="7.6660667">
        <ele>2423</ele>
      </trkpt>
      <trkpt lat="45.5768655" lon="7.6660462">
        <ele>2423</ele>
      </trkpt>
      <trkpt lat="45.5768215" lon="7.6659691">
        <ele>2423</ele>
      </trkpt>
      <trkpt lat="45.5767887" lon="7.6659193">
        <ele>2423</ele>
      </trkpt>
      <trkpt lat="45.5767680" lon="7.6659029">
        <ele>2423</ele>
      </trkpt>
      <trkpt lat="45.5767278" lon="7.6658671">
        <ele>2423</ele>
      </trkpt>
      <trkpt lat="45.5766590" lon="7.6657814">
        <ele>2424</ele>
      </trkpt>
      <trkpt lat="45.5765866" lon="7.6656651">
        <ele>2424</ele>
      </trkpt>
      <trkpt lat="45.5765505" lon="7.6656169">
        <ele>2424</ele>
      </trkpt>
      <trkpt lat="45.5765341" lon="7.6655928">
        <ele>2424</ele>
      </trkpt>
      <trkpt lat="45.5765065" lon="7.6655336">
        <ele>2424</ele>
      </trkpt>
      <trkpt lat="45.5764382" lon="7.6654426">
        <ele>2424</ele>
      </trkpt>
      <trkpt lat="45.5763972" lon="7.6653393">
        <ele>2424</ele>
      </trkpt>
      <trkpt lat="45.5763191" lon="7.6652002">
        <ele>2424</ele>
      </trkpt>
      <trkpt lat="45.5762992" lon="7.6651501">
        <ele>2424</ele>
      </trkpt>
      <trkpt lat="45.5762887" lon="7.6650845">
        <ele>2424</ele>
      </trkpt>
      <trkpt lat="45.5762949" lon="7.6650485">
        <ele>2424</ele>
      </trkpt>
      <trkpt lat="45.5762595" lon="7.6649802">
        <ele>2425</ele>
      </trkpt>
      <trkpt lat="45.5761908" lon="7.6649021">
        <ele>2425</ele>
      </trkpt>
      <trkpt lat="45.5761105" lon="7.6647523">
        <ele>2425</ele>
      </trkpt>
      <trkpt lat="45.5760412" lon="7.6647126">
        <ele>2425</ele>
      </trkpt>
      <trkpt lat="45.5759841" lon="7.6646174">
        <ele>2425</ele>
      </trkpt>
      <trkpt lat="45.5759469" lon="7.6644758">
        <ele>2425</ele>
      </trkpt>
      <trkpt lat="45.5759207" lon="7.6643990">
        <ele>2425</ele>
      </trkpt>
      <trkpt lat="45.5758933" lon="7.6643537">
        <ele>2425</ele>
      </trkpt>
      <trkpt lat="45.5758702" lon="7.6643113">
        <ele>2425</ele>
      </trkpt>
      <trkpt lat="45.5758395" lon="7.6642615">
        <ele>2425</ele>
      </trkpt>
      <trkpt lat="45.5758034" lon="7.6642148">
        <ele>2425</ele>
      </trkpt>
      <trkpt lat="45.5756917" lon="7.6641393">
        <ele>2425</ele>
      </trkpt>
      <trkpt lat="45.5755710" lon="7.6639369">
        <ele>2426</ele>
      </trkpt>
      <trkpt lat="45.5754899" lon="7.6637695">
        <ele>2426</ele>
      </trkpt>
      <trkpt lat="45.5754162" lon="7.6636348">
        <ele>2426</ele>
      </trkpt>
      <trkpt lat="45.5752793" lon="7.6634251">
        <ele>2426</ele>
      </trkpt>
      <trkpt lat="45.5751607" lon="7.6632271">
        <ele>2426</ele>
      </trkpt>
      <trkpt lat="45.5750802" lon="7.6629210">
        <ele>2426</ele>
      </trkpt>
      <trkpt lat="45.5749250" lon="7.6627163">
        <ele>2426</ele>
      </trkpt>
      <trkpt lat="45.5748076" lon="7.6625291">
        <ele>2426</ele>
      </trkpt>
      <trkpt lat="45.5746876" lon="7.6622975">
        <ele>2426</ele>
      </trkpt>
      <trkpt lat="45.5745816" lon="7.6621560">
        <ele>2426</ele>
      </trkpt>
      <trkpt lat="45.5745223" lon="7.6620563">
        <ele>2426</ele>
      </trkpt>
      <trkpt lat="45.5745298" lon="7.6620447">
        <ele>2427</ele>
      </trkpt>
      <trkpt lat="45.5745191" lon="7.6620450">
        <ele>2427</ele>
      </trkpt>
      <trkpt lat="45.5746231" lon="7.6617350">
        <ele>2427</ele>
      </trkpt>
      <trkpt lat="45.5746591" lon="7.6616830">
        <ele>2427</ele>
      </trkpt>
      <trkpt lat="45.5746571" lon="7.6615290">
        <ele>2427</ele>
      </trkpt>
      <trkpt lat="45.5746486" lon="7.6614472">
        <ele>2427</ele>
      </trkpt>
      <trkpt lat="45.5746427" lon="7.6613079">
        <ele>2427</ele>
      </trkpt>
      <trkpt lat="45.5746137" lon="7.6609470">
        <ele>2427</ele>
      </trkpt>
      <trkpt lat="45.5745924" lon="7.6607881">
        <ele>2427</ele>
      </trkpt>
      <trkpt lat="45.5745972" lon="7.6606386">
        <ele>2427</ele>
      </trkpt>
      <trkpt lat="45.5745958" lon="7.6606110">
        <ele>2427</ele>
      </trkpt>
      <trkpt lat="45.5746010" lon="7.6605052">
        <ele>2428</ele>
      </trkpt>
      <trkpt lat="45.5746141" lon="7.6603409">
        <ele>2428</ele>
      </trkpt>
      <trkpt lat="45.5746412" lon="7.6602652">
        <ele>2428</ele>
      </trkpt>
      <trkpt lat="45.5746306" lon="7.6601903">
        <ele>2428</ele>
      </trkpt>
      <trkpt lat="45.5746442" lon="7.6601517">
        <ele>2428</ele>
      </trkpt>
      <trkpt lat="45.5746434" lon="7.6600858">
        <ele>2428</ele>
      </trkpt>
      <trkpt lat="45.5746785" lon="7.6599785">
        <ele>2428</ele>
      </trkpt>
      <trkpt lat="45.5746569" lon="7.6597951">
        <ele>2428</ele>
      </trkpt>
      <trkpt lat="45.5746654" lon="7.6596877">
        <ele>2428</ele>
      </trkpt>
      <trkpt lat="45.5746666" lon="7.6596110">
        <ele>2428</ele>
      </trkpt>
      <trkpt lat="45.5747205" lon="7.6595224">
        <ele>2428</ele>
      </trkpt>
      <trkpt lat="45.5747210" lon="7.6594779">
        <ele>2429</ele>
      </trkpt>
      <trkpt lat="45.5747664" lon="7.6594064">
        <ele>2429</ele>
      </trkpt>
      <trkpt lat="45.5747474" lon="7.6593425">
        <ele>2429</ele>
      </trkpt>
      <trkpt lat="45.5747637" lon="7.6592639">
        <ele>2429</ele>
      </trkpt>
      <trkpt lat="45.5748098" lon="7.6592147">
        <ele>2429</ele>
      </trkpt>
      <trkpt lat="45.5748291" lon="7.6591942">
        <ele>2429</ele>
      </trkpt>
      <trkpt lat="45.5748677" lon="7.6591841">
        <ele>2429</ele>
      </trkpt>
      <trkpt lat="45.5748704" lon="7.6591426">
        <ele>2429</ele>
      </trkpt>
      <trkpt lat="45.5748957" lon="7.6590976">
        <ele>2429</ele>
      </trkpt>
      <trkpt lat="45.5749416" lon="7.6590628">
        <ele>2429</ele>
      </trkpt>
      <trkpt lat="45.5749531" lon="7.6590380">
        <ele>2429</ele>
      </trkpt>
      <trkpt lat="45.5749665" lon="7.6589825">
        <ele>2429</ele>
      </trkpt>
      <trkpt lat="45.5749840" lon="7.6589177">
        <ele>2430</ele>
      </trkpt>
      <trkpt lat="45.5749871" lon="7.6588887">
        <ele>2430</ele>
      </trkpt>
      <trkpt lat="45.5749995" lon="7.6587733">
        <ele>2430</ele>
      </trkpt>
      <trkpt lat="45.5750068" lon="7.6587486">
        <ele>2430</ele>
      </trkpt>
      <trkpt lat="45.5750638" lon="7.6587488">
        <ele>2430</ele>
      </trkpt>
      <trkpt lat="45.5751006" lon="7.6587663">
        <ele>2430</ele>
      </trkpt>
      <trkpt lat="45.5751069" lon="7.6587709">
        <ele>2430</ele>
      </trkpt>
      <trkpt lat="45.5751397" lon="7.6587945">
        <ele>2430</ele>
      </trkpt>
      <trkpt lat="45.5752023" lon="7.6588129">
        <ele>2430</ele>
      </trkpt>
      <trkpt lat="45.5752391" lon="7.6588274">
        <ele>2430</ele>
      </trkpt>
      <trkpt lat="45.5752942" lon="7.6588491">
        <ele>2430</ele>
      </trkpt>
      <trkpt lat="45.5752818" lon="7.6587068">
        <ele>2431</ele>
      </trkpt>
      <trkpt lat="45.5752829" lon="7.6586953">
        <ele>2431</ele>
      </trkpt>
      <trkpt lat="45.5752931" lon="7.6585932">
        <ele>2431</ele>
      </trkpt>
      <trkpt lat="45.5752955" lon="7.6585257">
        <ele>2431</ele>
      </trkpt>
      <trkpt lat="45.5752998" lon="7.6584337">
        <ele>2431</ele>
      </trkpt>
      <trkpt lat="45.5753088" lon="7.6583706">
        <ele>2431</ele>
      </trkpt>
      <trkpt lat="45.5753333" lon="7.6583516">
        <ele>2431</ele>
      </trkpt>
      <trkpt lat="45.5753479" lon="7.6583099">
        <ele>2431</ele>
      </trkpt>
      <trkpt lat="45.5754283" lon="7.6581961">
        <ele>2431</ele>
      </trkpt>
      <trkpt lat="45.5754262" lon="7.6581073">
        <ele>2431</ele>
      </trkpt>
      <trkpt lat="45.5754459" lon="7.6580455">
        <ele>2431</ele>
      </trkpt>
      <trkpt lat="45.5755275" lon="7.6579317">
        <ele>2432</ele>
      </trkpt>
      <trkpt lat="45.5755953" lon="7.6578548">
        <ele>2432</ele>
      </trkpt>
      <trkpt lat="45.5756201" lon="7.6576620">
        <ele>2432</ele>
      </trkpt>
      <trkpt lat="45.5756551" lon="7.6576090">
        <ele>2432</ele>
      </trkpt>
      <trkpt lat="45.5756841" lon="7.6575629">
        <ele>2432</ele>
      </trkpt>
      <trkpt lat="45.5756912" lon="7.6575015">
        <ele>2432</ele>
      </trkpt>
      <trkpt lat="45.5756870" lon="7.6574632">
        <ele>2432</ele>
      </trkpt>
      <trkpt lat="45.5756975" lon="7.6574369">
        <ele>2432</ele>
      </trkpt>
      <trkpt lat="45.5757234" lon="7.6574455">
        <ele>2432</ele>
      </trkpt>
      <trkpt lat="45.5757410" lon="7.6574528">
        <ele>2432</ele>
      </trkpt>
      <trkpt lat="45.5757408" lon="7.6574152">
        <ele>2432</ele>
      </trkpt>
      <trkpt lat="45.5757370" lon="7.6573249">
        <ele>2433</ele>
      </trkpt>
      <trkpt lat="45.5757489" lon="7.6573047">
        <ele>2433</ele>
      </trkpt>
      <trkpt lat="45.5757691" lon="7.6573019">
        <ele>2433</ele>
      </trkpt>
      <trkpt lat="45.5757918" lon="7.6573106">
        <ele>2433</ele>
      </trkpt>
      <trkpt lat="45.5758062" lon="7.6573003">
        <ele>2433</ele>
      </trkpt>
      <trkpt lat="45.5758038" lon="7.6572375">
        <ele>2433</ele>
      </trkpt>
      <trkpt lat="45.5758312" lon="7.6572538">
        <ele>2433</ele>
      </trkpt>
      <trkpt lat="45.5758385" lon="7.6572581">
        <ele>2433</ele>
      </trkpt>
      <trkpt lat="45.5758398" lon="7.6572417">
        <ele>2433</ele>
      </trkpt>
      <trkpt lat="45.5758492" lon="7.6571859">
        <ele>2433</ele>
      </trkpt>
      <trkpt lat="45.5758543" lon="7.6571398">
        <ele>2433</ele>
      </trkpt>
      <trkpt lat="45.5758548" lon="7.6570853">
        <ele>2433</ele>
      </trkpt>
      <trkpt lat="45.5758567" lon="7.6569780">
        <ele>2434</ele>
      </trkpt>
      <trkpt lat="45.5758611" lon="7.6567840">
        <ele>2434</ele>
      </trkpt>
      <trkpt lat="45.5758591" lon="7.6566300">
        <ele>2434</ele>
      </trkpt>
      <trkpt lat="45.5757861" lon="7.6565300">
        <ele>2434</ele>
      </trkpt>
      <trkpt lat="45.5756781" lon="7.6564810">
        <ele>2434</ele>
      </trkpt>
      <trkpt lat="45.5756236" lon="7.6564959">
        <ele>2434</ele>
      </trkpt>
      <trkpt lat="45.5756030" lon="7.6564864">
        <ele>2434</ele>
      </trkpt>
      <trkpt lat="45.5755973" lon="7.6564605">
        <ele>2434</ele>
      </trkpt>
      <trkpt lat="45.5755912" lon="7.6564385">
        <ele>2434</ele>
      </trkpt>
      <trkpt lat="45.5755656" lon="7.6564153">
        <ele>2434</ele>
      </trkpt>
      <trkpt lat="45.5755451" lon="7.6564120">
        <ele>2434</ele>
      </trkpt>
      <trkpt lat="45.5755193" lon="7.6564149">
        <ele>2435</ele>
      </trkpt>
      <trkpt lat="45.5754983" lon="7.6564154">
        <ele>2435</ele>
      </trkpt>
      <trkpt lat="45.5754858" lon="7.6564019">
        <ele>2435</ele>
      </trkpt>
      <trkpt lat="45.5754802" lon="7.6563859">
        <ele>2435</ele>
      </trkpt>
      <trkpt lat="45.5754762" lon="7.6563600">
        <ele>2435</ele>
      </trkpt>
      <trkpt lat="45.5754693" lon="7.6563280">
        <ele>2435</ele>
      </trkpt>
      <trkpt lat="45.5754648" lon="7.6563097">
        <ele>2435</ele>
      </trkpt>
      <trkpt lat="45.5754462" lon="7.6562289">
        <ele>2435</ele>
      </trkpt>
      <trkpt lat="45.5754622" lon="7.6561718">
        <ele>2435</ele>
      </trkpt>
      <trkpt lat="45.5754780" lon="7.6561416">
        <ele>2435</ele>
      </trkpt>
      <trkpt lat="45.5754865" lon="7.6561337">
        <ele>2435</ele>
      </trkpt>
      <trkpt lat="45.5754933" lon="7.6561106">
        <ele>2436</ele>
      </trkpt>
      <trkpt lat="45.5754867" lon="7.6560985">
        <ele>2436</ele>
      </trkpt>
      <trkpt lat="45.5754759" lon="7.6560964">
        <ele>2436</ele>
      </trkpt>
      <trkpt lat="45.5754581" lon="7.6560938">
        <ele>2436</ele>
      </trkpt>
      <trkpt lat="45.5754499" lon="7.6560794">
        <ele>2436</ele>
      </trkpt>
      <trkpt lat="45.5754533" lon="7.6560502">
        <ele>2436</ele>
      </trkpt>
      <trkpt lat="45.5754648" lon="7.6560239">
        <ele>2436</ele>
      </trkpt>
      <trkpt lat="45.5754695" lon="7.6560092">
        <ele>2436</ele>
      </trkpt>
      <trkpt lat="45.5754725" lon="7.6559938">
        <ele>2436</ele>
      </trkpt>
      <trkpt lat="45.5754685" lon="7.6559732">
        <ele>2436</ele>
      </trkpt>
      <trkpt lat="45.5754495" lon="7.6559584">
        <ele>2436</ele>
      </trkpt>
      <trkpt lat="45.5754392" lon="7.6559533">
        <ele>2437</ele>
      </trkpt>
      <trkpt lat="45.5754347" lon="7.6559373">
        <ele>2437</ele>
      </trkpt>
      <trkpt lat="45.5754403" lon="7.6559073">
        <ele>2437</ele>
      </trkpt>
      <trkpt lat="45.5754550" lon="7.6558755">
        <ele>2437</ele>
      </trkpt>
      <trkpt lat="45.5754572" lon="7.6558341">
        <ele>2437</ele>
      </trkpt>
      <trkpt lat="45.5754645" lon="7.6558140">
        <ele>2437</ele>
      </trkpt>
      <trkpt lat="45.5754810" lon="7.6557983">
        <ele>2437</ele>
      </trkpt>
      <trkpt lat="45.5754962" lon="7.6557619">
        <ele>2437</ele>
      </trkpt>
      <trkpt lat="45.5755092" lon="7.6557302">
        <ele>2437</ele>
      </trkpt>
      <trkpt lat="45.5755186" lon="7.6557008">
        <ele>2437</ele>
      </trkpt>
      <trkpt lat="45.5755215" lon="7.6556739">
        <ele>2437</ele>
      </trkpt>
      <trkpt lat="45.5755195" lon="7.6556556">
        <ele>2438</ele>
      </trkpt>
      <trkpt lat="45.5755031" lon="7.6556759">
        <ele>2438</ele>
      </trkpt>
      <trkpt lat="45.5754737" lon="7.6557166">
        <ele>2438</ele>
      </trkpt>
      <trkpt lat="45.5754666" lon="7.6557266">
        <ele>2438</ele>
      </trkpt>
      <trkpt lat="45.5754267" lon="7.6557237">
        <ele>2438</ele>
      </trkpt>
      <trkpt lat="45.5753722" lon="7.6556863">
        <ele>2438</ele>
      </trkpt>
      <trkpt lat="45.5753628" lon="7.6556681">
        <ele>2438</ele>
      </trkpt>
      <trkpt lat="45.5753430" lon="7.6556303">
        <ele>2438</ele>
      </trkpt>
      <trkpt lat="45.5753232" lon="7.6555917">
        <ele>2438</ele>
      </trkpt>
      <trkpt lat="45.5753159" lon="7.6555635">
        <ele>2438</ele>
      </trkpt>
      <trkpt lat="45.5753074" lon="7.6555331">
        <ele>2438</ele>
      </trkpt>
      <trkpt lat="45.5752974" lon="7.6555034">
        <ele>2438</ele>
      </trkpt>
      <trkpt lat="45.5752878" lon="7.6554669">
        <ele>2439</ele>
      </trkpt>
      <trkpt lat="45.5752731" lon="7.6554489">
        <ele>2439</ele>
      </trkpt>
      <trkpt lat="45.5752550" lon="7.6554240">
        <ele>2439</ele>
      </trkpt>
      <trkpt lat="45.5752413" lon="7.6553967">
        <ele>2439</ele>
      </trkpt>
      <trkpt lat="45.5752441" lon="7.6553653">
        <ele>2439</ele>
      </trkpt>
      <trkpt lat="45.5752727" lon="7.6553270">
        <ele>2439</ele>
      </trkpt>
      <trkpt lat="45.5752714" lon="7.6553102">
        <ele>2439</ele>
      </trkpt>
      <trkpt lat="45.5752733" lon="7.6552849">
        <ele>2439</ele>
      </trkpt>
      <trkpt lat="45.5752789" lon="7.6552120">
        <ele>2439</ele>
      </trkpt>
      <trkpt lat="45.5752677" lon="7.6551310">
        <ele>2439</ele>
      </trkpt>
      <trkpt lat="45.5752718" lon="7.6550229">
        <ele>2439</ele>
      </trkpt>
      <trkpt lat="45.5752781" lon="7.6549584">
        <ele>2440</ele>
      </trkpt>
      <trkpt lat="45.5752632" lon="7.6548875">
        <ele>2440</ele>
      </trkpt>
      <trkpt lat="45.5752739" lon="7.6548374">
        <ele>2440</ele>
      </trkpt>
      <trkpt lat="45.5752661" lon="7.6548077">
        <ele>2440</ele>
      </trkpt>
      <trkpt lat="45.5752789" lon="7.6547124">
        <ele>2440</ele>
      </trkpt>
      <trkpt lat="45.5752992" lon="7.6546483">
        <ele>2440</ele>
      </trkpt>
      <trkpt lat="45.5753036" lon="7.6545685">
        <ele>2440</ele>
      </trkpt>
      <trkpt lat="45.5753038" lon="7.6545410">
        <ele>2440</ele>
      </trkpt>
      <trkpt lat="45.5752835" lon="7.6544602">
        <ele>2440</ele>
      </trkpt>
      <trkpt lat="45.5752779" lon="7.6544332">
        <ele>2440</ele>
      </trkpt>
      <trkpt lat="45.5752931" lon="7.6543880">
        <ele>2440</ele>
      </trkpt>
      <trkpt lat="45.5752921" lon="7.6543370">
        <ele>2441</ele>
      </trkpt>
      <trkpt lat="45.5752561" lon="7.6542870">
        <ele>2441</ele>
      </trkpt>
      <trkpt lat="45.5752201" lon="7.6542870">
        <ele>2441</ele>
      </trkpt>
      <trkpt lat="45.5752551" lon="7.6541840">
        <ele>2441</ele>
      </trkpt>
      <trkpt lat="45.5751831" lon="7.6541860">
        <ele>2441</ele>
      </trkpt>
      <trkpt lat="45.5751493" lon="7.6541608">
        <ele>2441</ele>
      </trkpt>
      <trkpt lat="45.5751267" lon="7.6540648">
        <ele>2441</ele>
      </trkpt>
      <trkpt lat="45.5751033" lon="7.6539439">
        <ele>2441</ele>
      </trkpt>
      <trkpt lat="45.5750892" lon="7.6538423">
        <ele>2441</ele>
      </trkpt>
      <trkpt lat="45.5750739" lon="7.6537784">
        <ele>2441</ele>
      </trkpt>
      <trkpt lat="45.5750374" lon="7.6536482">
        <ele>2441</ele>
      </trkpt>
      <trkpt lat="45.5750056" lon="7.6535509">
        <ele>2442</ele>
      </trkpt>
      <trkpt lat="45.5749660" lon="7.6535204">
        <ele>2442</ele>
      </trkpt>
      <trkpt lat="45.5749447" lon="7.6534957">
        <ele>2442</ele>
      </trkpt>
      <trkpt lat="45.5749309" lon="7.6534638">
        <ele>2442</ele>
      </trkpt>
      <trkpt lat="45.5749161" lon="7.6533944">
        <ele>2442</ele>
      </trkpt>
      <trkpt lat="45.5749021" lon="7.6533465">
        <ele>2442</ele>
      </trkpt>
      <trkpt lat="45.5748936" lon="7.6532272">
        <ele>2442</ele>
      </trkpt>
      <trkpt lat="45.5748976" lon="7.6531526">
        <ele>2442</ele>
      </trkpt>
      <trkpt lat="45.5748811" lon="7.6530650">
        <ele>2442</ele>
      </trkpt>
      <trkpt lat="45.5748451" lon="7.6530660">
        <ele>2442</ele>
      </trkpt>
      <trkpt lat="45.5748427" lon="7.6528598">
        <ele>2442</ele>
      </trkpt>
      <trkpt lat="45.5748282" lon="7.6528108">
        <ele>2442</ele>
      </trkpt>
      <trkpt lat="45.5748280" lon="7.6527711">
        <ele>2443</ele>
      </trkpt>
      <trkpt lat="45.5748277" lon="7.6527189">
        <ele>2443</ele>
      </trkpt>
      <trkpt lat="45.5748227" lon="7.6526661">
        <ele>2443</ele>
      </trkpt>
      <trkpt lat="45.5748237" lon="7.6525688">
        <ele>2443</ele>
      </trkpt>
      <trkpt lat="45.5748258" lon="7.6525166">
        <ele>2443</ele>
      </trkpt>
      <trkpt lat="45.5748177" lon="7.6524716">
        <ele>2443</ele>
      </trkpt>
      <trkpt lat="45.5748106" lon="7.6524143">
        <ele>2443</ele>
      </trkpt>
      <trkpt lat="45.5747948" lon="7.6523948">
        <ele>2443</ele>
      </trkpt>
      <trkpt lat="45.5747546" lon="7.6523153">
        <ele>2443</ele>
      </trkpt>
      <trkpt lat="45.5747490" lon="7.6522503">
        <ele>2443</ele>
      </trkpt>
      <trkpt lat="45.5747293" lon="7.6521811">
        <ele>2443</ele>
      </trkpt>
      <trkpt lat="45.5747320" lon="7.6520868">
        <ele>2444</ele>
      </trkpt>
      <trkpt lat="45.5747413" lon="7.6520130">
        <ele>2444</ele>
      </trkpt>
      <trkpt lat="45.5747575" lon="7.6519682">
        <ele>2444</ele>
      </trkpt>
      <trkpt lat="45.5747676" lon="7.6519158">
        <ele>2444</ele>
      </trkpt>
      <trkpt lat="45.5747839" lon="7.6518357">
        <ele>2444</ele>
      </trkpt>
      <trkpt lat="45.5747899" lon="7.6517567">
        <ele>2444</ele>
      </trkpt>
      <trkpt lat="45.5747901" lon="7.6517207">
        <ele>2444</ele>
      </trkpt>
      <trkpt lat="45.5747822" lon="7.6516496">
        <ele>2444</ele>
      </trkpt>
      <trkpt lat="45.5747999" lon="7.6515526">
        <ele>2444</ele>
      </trkpt>
      <trkpt lat="45.5748192" lon="7.6514556">
        <ele>2444</ele>
      </trkpt>
      <trkpt lat="45.5748215" lon="7.6513805">
        <ele>2444</ele>
      </trkpt>
      <trkpt lat="45.5748320" lon="7.6513090">
        <ele>2445</ele>
      </trkpt>
      <trkpt lat="45.5748247" lon="7.6512839">
        <ele>2445</ele>
      </trkpt>
      <trkpt lat="45.5748172" lon="7.6512841">
        <ele>2445</ele>
      </trkpt>
      <trkpt lat="45.5748067" lon="7.6513050">
        <ele>2445</ele>
      </trkpt>
      <trkpt lat="45.5747863" lon="7.6513124">
        <ele>2445</ele>
      </trkpt>
      <trkpt lat="45.5747727" lon="7.6512974">
        <ele>2445</ele>
      </trkpt>
      <trkpt lat="45.5747524" lon="7.6512994">
        <ele>2445</ele>
      </trkpt>
      <trkpt lat="45.5747187" lon="7.6513086">
        <ele>2445</ele>
      </trkpt>
      <trkpt lat="45.5746816" lon="7.6513118">
        <ele>2445</ele>
      </trkpt>
      <trkpt lat="45.5746590" lon="7.6513078">
        <ele>2445</ele>
      </trkpt>
      <trkpt lat="45.5746270" lon="7.6512373">
        <ele>2445</ele>
      </trkpt>
      <trkpt lat="45.5745873" lon="7.6511409">
        <ele>2446</ele>
      </trkpt>
      <trkpt lat="45.5745842" lon="7.6510996">
        <ele>2446</ele>
      </trkpt>
      <trkpt lat="45.5745879" lon="7.6510562">
        <ele>2446</ele>
      </trkpt>
      <trkpt lat="45.5745894" lon="7.6510390">
        <ele>2446</ele>
      </trkpt>
      <trkpt lat="45.5745938" lon="7.6510059">
        <ele>2446</ele>
      </trkpt>
      <trkpt lat="45.5745941" lon="7.6509875">
        <ele>2446</ele>
      </trkpt>
      <trkpt lat="45.5745781" lon="7.6509504">
        <ele>2446</ele>
      </trkpt>
      <trkpt lat="45.5745679" lon="7.6509225">
        <ele>2446</ele>
      </trkpt>
      <trkpt lat="45.5745625" lon="7.6509078">
        <ele>2446</ele>
      </trkpt>
      <trkpt lat="45.5745480" lon="7.6508607">
        <ele>2446</ele>
      </trkpt>
      <trkpt lat="45.5745360" lon="7.6508035">
        <ele>2446</ele>
      </trkpt>
      <trkpt lat="45.5745435" lon="7.6507505">
        <ele>2446</ele>
      </trkpt>
      <trkpt lat="45.5745510" lon="7.6507052">
        <ele>2447</ele>
      </trkpt>
      <trkpt lat="45.5745575" lon="7.6506658">
        <ele>2447</ele>
      </trkpt>
      <trkpt lat="45.5745627" lon="7.6506052">
        <ele>2447</ele>
      </trkpt>
      <trkpt lat="45.5745658" lon="7.6505454">
        <ele>2447</ele>
      </trkpt>
      <trkpt lat="45.5745626" lon="7.6504929">
        <ele>2447</ele>
      </trkpt>
      <trkpt lat="45.5746027" lon="7.6503534">
        <ele>2447</ele>
      </trkpt>
      <trkpt lat="45.5746007" lon="7.6503227">
        <ele>2447</ele>
      </trkpt>
      <trkpt lat="45.5746050" lon="7.6502751">
        <ele>2447</ele>
      </trkpt>
      <trkpt lat="45.5746204" lon="7.6502173">
        <ele>2447</ele>
      </trkpt>
      <trkpt lat="45.5746312" lon="7.6501782">
        <ele>2447</ele>
      </trkpt>
      <trkpt lat="45.5746301" lon="7.6500855">
        <ele>2447</ele>
      </trkpt>
      <trkpt lat="45.5746136" lon="7.6500060">
        <ele>2448</ele>
      </trkpt>
      <trkpt lat="45.5746013" lon="7.6499097">
        <ele>2448</ele>
      </trkpt>
      <trkpt lat="45.5745965" lon="7.6498700">
        <ele>2448</ele>
      </trkpt>
      <trkpt lat="45.5745763" lon="7.6497992">
        <ele>2448</ele>
      </trkpt>
      <trkpt lat="45.5745718" lon="7.6497350">
        <ele>2448</ele>
      </trkpt>
      <trkpt lat="45.5745672" lon="7.6496661">
        <ele>2448</ele>
      </trkpt>
      <trkpt lat="45.5745702" lon="7.6495986">
        <ele>2448</ele>
      </trkpt>
      <trkpt lat="45.5745713" lon="7.6495549">
        <ele>2448</ele>
      </trkpt>
      <trkpt lat="45.5745790" lon="7.6494820">
        <ele>2448</ele>
      </trkpt>
      <trkpt lat="45.5745868" lon="7.6494403">
        <ele>2448</ele>
      </trkpt>
      <trkpt lat="45.5745957" lon="7.6493919">
        <ele>2448</ele>
      </trkpt>
      <trkpt lat="45.5746038" lon="7.6493044">
        <ele>2449</ele>
      </trkpt>
      <trkpt lat="45.5746020" lon="7.6492378">
        <ele>2449</ele>
      </trkpt>
      <trkpt lat="45.5745949" lon="7.6491882">
        <ele>2449</ele>
      </trkpt>
      <trkpt lat="45.5745835" lon="7.6491348">
        <ele>2449</ele>
      </trkpt>
      <trkpt lat="45.5745726" lon="7.6491171">
        <ele>2449</ele>
      </trkpt>
      <trkpt lat="45.5745676" lon="7.6491091">
        <ele>2449</ele>
      </trkpt>
      <trkpt lat="45.5745538" lon="7.6490803">
        <ele>2449</ele>
      </trkpt>
      <trkpt lat="45.5745204" lon="7.6490260">
        <ele>2449</ele>
      </trkpt>
      <trkpt lat="45.5745091" lon="7.6489730">
        <ele>2449</ele>
      </trkpt>
      <trkpt lat="45.5744711" lon="7.6488200">
        <ele>2449</ele>
      </trkpt>
      <trkpt lat="45.5744691" lon="7.6486150">
        <ele>2449</ele>
      </trkpt>
      <trkpt lat="45.5745001" lon="7.6482550">
        <ele>2450</ele>
      </trkpt>
      <trkpt lat="45.5746061" lon="7.6480480">
        <ele>2450</ele>
      </trkpt>
      <trkpt lat="45.5746771" lon="7.6479950">
        <ele>2450</ele>
      </trkpt>
      <trkpt lat="45.5746731" lon="7.6476360">
        <ele>2450</ele>
      </trkpt>
      <trkpt lat="45.5745991" lon="7.6474330">
        <ele>2450</ele>
      </trkpt>
      <trkpt lat="45.5746341" lon="7.6473810">
        <ele>2450</ele>
      </trkpt>
      <trkpt lat="45.5746681" lon="7.6472260">
        <ele>2450</ele>
      </trkpt>
      <trkpt lat="45.5745931" lon="7.6469200">
        <ele>2450</ele>
      </trkpt>
      <trkpt lat="45.5745921" lon="7.6468690">
        <ele>2450</ele>
      </trkpt>
      <trkpt lat="45.5745201" lon="7.6468710">
        <ele>2450</ele>
      </trkpt>
      <trkpt lat="45.5745171" lon="7.6466140">
        <ele>2450</ele>
      </trkpt>
      <trkpt lat="45.5744801" lon="7.6465130">
        <ele>2450</ele>
      </trkpt>
      <trkpt lat="45.5744411" lon="7.6462570">
        <ele>2451</ele>
      </trkpt>
      <trkpt lat="45.5746171" lon="7.6458940">
        <ele>2451</ele>
      </trkpt>
      <trkpt lat="45.5747601" lon="7.6458400">
        <ele>2451</ele>
      </trkpt>
      <trkpt lat="45.5748311" lon="7.6457870">
        <ele>2451</ele>
      </trkpt>
      <trkpt lat="45.5750111" lon="7.6457310">
        <ele>2451</ele>
      </trkpt>
      <trkpt lat="45.5750461" lon="7.6456790">
        <ele>2451</ele>
      </trkpt>
      <trkpt lat="45.5750517" lon="7.6456160">
        <ele>2451</ele>
      </trkpt>
      <trkpt lat="45.5750501" lon="7.6456076">
        <ele>2451</ele>
      </trkpt>
      <trkpt lat="45.5750421" lon="7.6455687">
        <ele>2451</ele>
      </trkpt>
      <trkpt lat="45.5750256" lon="7.6455339">
        <ele>2451</ele>
      </trkpt>
      <trkpt lat="45.5750119" lon="7.6454737">
        <ele>2451</ele>
      </trkpt>
      <trkpt lat="45.5750124" lon="7.6454231">
        <ele>2452</ele>
      </trkpt>
      <trkpt lat="45.5750203" lon="7.6453639">
        <ele>2452</ele>
      </trkpt>
      <trkpt lat="45.5750310" lon="7.6453085">
        <ele>2452</ele>
      </trkpt>
      <trkpt lat="45.5750450" lon="7.6452652">
        <ele>2452</ele>
      </trkpt>
      <trkpt lat="45.5750485" lon="7.6452582">
        <ele>2452</ele>
      </trkpt>
      <trkpt lat="45.5750608" lon="7.6452334">
        <ele>2452</ele>
      </trkpt>
      <trkpt lat="45.5750815" lon="7.6452115">
        <ele>2452</ele>
      </trkpt>
      <trkpt lat="45.5751187" lon="7.6451731">
        <ele>2452</ele>
      </trkpt>
      <trkpt lat="45.5751295" lon="7.6451642">
        <ele>2452</ele>
      </trkpt>
      <trkpt lat="45.5751459" lon="7.6451509">
        <ele>2452</ele>
      </trkpt>
      <trkpt lat="45.5751699" lon="7.6451358">
        <ele>2452</ele>
      </trkpt>
      <trkpt lat="45.5751768" lon="7.6451272">
        <ele>2453</ele>
      </trkpt>
      <trkpt lat="45.5751837" lon="7.6450734">
        <ele>2453</ele>
      </trkpt>
      <trkpt lat="45.5751995" lon="7.6449972">
        <ele>2453</ele>
      </trkpt>
      <trkpt lat="45.5752020" lon="7.6449642">
        <ele>2453</ele>
      </trkpt>
      <trkpt lat="45.5751811" lon="7.6449070">
        <ele>2453</ele>
      </trkpt>
      <trkpt lat="45.5751421" lon="7.6447020">
        <ele>2453</ele>
      </trkpt>
      <trkpt lat="45.5752400" lon="7.6445817">
        <ele>2453</ele>
      </trkpt>
      <trkpt lat="45.5753911" lon="7.6443890">
        <ele>2453</ele>
      </trkpt>
      <trkpt lat="45.5754114" lon="7.6443807">
        <ele>2453</ele>
      </trkpt>
      <trkpt lat="45.5754056" lon="7.6443463">
        <ele>2453</ele>
      </trkpt>
      <trkpt lat="45.5753812" lon="7.6442366">
        <ele>2453</ele>
      </trkpt>
      <trkpt lat="45.5753656" lon="7.6441435">
        <ele>2454</ele>
      </trkpt>
      <trkpt lat="45.5753678" lon="7.6440615">
        <ele>2454</ele>
      </trkpt>
      <trkpt lat="45.5753795" lon="7.6439585">
        <ele>2454</ele>
      </trkpt>
      <trkpt lat="45.5753924" lon="7.6439152">
        <ele>2454</ele>
      </trkpt>
      <trkpt lat="45.5754023" lon="7.6438821">
        <ele>2454</ele>
      </trkpt>
      <trkpt lat="45.5754445" lon="7.6437700">
        <ele>2454</ele>
      </trkpt>
      <trkpt lat="45.5754572" lon="7.6437030">
        <ele>2454</ele>
      </trkpt>
      <trkpt lat="45.5754614" lon="7.6436391">
        <ele>2454</ele>
      </trkpt>
      <trkpt lat="45.5754648" lon="7.6435883">
        <ele>2454</ele>
      </trkpt>
      <trkpt lat="45.5754640" lon="7.6435653">
        <ele>2454</ele>
      </trkpt>
      <trkpt lat="45.5754615" lon="7.6434895">
        <ele>2454</ele>
      </trkpt>
      <trkpt lat="45.5754747" lon="7.6434256">
        <ele>2454</ele>
      </trkpt>
      <trkpt lat="45.5754871" lon="7.6433817">
        <ele>2455</ele>
      </trkpt>
      <trkpt lat="45.5754916" lon="7.6433540">
        <ele>2455</ele>
      </trkpt>
      <trkpt lat="45.5754976" lon="7.6433132">
        <ele>2455</ele>
      </trkpt>
      <trkpt lat="45.5755147" lon="7.6432569">
        <ele>2455</ele>
      </trkpt>
      <trkpt lat="45.5755313" lon="7.6431592">
        <ele>2455</ele>
      </trkpt>
      <trkpt lat="45.5755406" lon="7.6430394">
        <ele>2455</ele>
      </trkpt>
      <trkpt lat="45.5755541" lon="7.6429500">
        <ele>2455</ele>
      </trkpt>
      <trkpt lat="45.5755575" lon="7.6429344">
        <ele>2455</ele>
      </trkpt>
      <trkpt lat="45.5755594" lon="7.6427884">
        <ele>2455</ele>
      </trkpt>
      <trkpt lat="45.5755629" lon="7.6427156">
        <ele>2455</ele>
      </trkpt>
      <trkpt lat="45.5755613" lon="7.6426696">
        <ele>2455</ele>
      </trkpt>
      <trkpt lat="45.5755524" lon="7.6426016">
        <ele>2456</ele>
      </trkpt>
      <trkpt lat="45.5755534" lon="7.6425066">
        <ele>2456</ele>
      </trkpt>
      <trkpt lat="45.5755642" lon="7.6424634">
        <ele>2456</ele>
      </trkpt>
      <trkpt lat="45.5755607" lon="7.6423953">
        <ele>2456</ele>
      </trkpt>
      <trkpt lat="45.5755774" lon="7.6423045">
        <ele>2456</ele>
      </trkpt>
      <trkpt lat="45.5755970" lon="7.6422397">
        <ele>2456</ele>
      </trkpt>
      <trkpt lat="45.5756338" lon="7.6421737">
        <ele>2456</ele>
      </trkpt>
      <trkpt lat="45.5756402" lon="7.6421214">
        <ele>2456</ele>
      </trkpt>
      <trkpt lat="45.5756394" lon="7.6420609">
        <ele>2456</ele>
      </trkpt>
      <trkpt lat="45.5756412" lon="7.6420249">
        <ele>2456</ele>
      </trkpt>
      <trkpt lat="45.5756402" lon="7.6419889">
        <ele>2456</ele>
      </trkpt>
      <trkpt lat="45.5756407" lon="7.6419444">
        <ele>2457</ele>
      </trkpt>
      <trkpt lat="45.5756518" lon="7.6419196">
        <ele>2457</ele>
      </trkpt>
      <trkpt lat="45.5756547" lon="7.6418935">
        <ele>2457</ele>
      </trkpt>
      <trkpt lat="45.5756373" lon="7.6418349">
        <ele>2457</ele>
      </trkpt>
      <trkpt lat="45.5756044" lon="7.6417407">
        <ele>2457</ele>
      </trkpt>
      <trkpt lat="45.5755600" lon="7.6416039">
        <ele>2457</ele>
      </trkpt>
      <trkpt lat="45.5755459" lon="7.6415491">
        <ele>2457</ele>
      </trkpt>
      <trkpt lat="45.5755427" lon="7.6415055">
        <ele>2457</ele>
      </trkpt>
      <trkpt lat="45.5755317" lon="7.6414804">
        <ele>2457</ele>
      </trkpt>
      <trkpt lat="45.5755046" lon="7.6414206">
        <ele>2457</ele>
      </trkpt>
      <trkpt lat="45.5754913" lon="7.6413466">
        <ele>2457</ele>
      </trkpt>
      <trkpt lat="45.5754906" lon="7.6412891">
        <ele>2458</ele>
      </trkpt>
      <trkpt lat="45.5755097" lon="7.6411868">
        <ele>2458</ele>
      </trkpt>
      <trkpt lat="45.5755240" lon="7.6411182">
        <ele>2458</ele>
      </trkpt>
      <trkpt lat="45.5755260" lon="7.6410592">
        <ele>2458</ele>
      </trkpt>
      <trkpt lat="45.5755150" lon="7.6409981">
        <ele>2458</ele>
      </trkpt>
      <trkpt lat="45.5754917" lon="7.6409366">
        <ele>2458</ele>
      </trkpt>
      <trkpt lat="45.5754789" lon="7.6409055">
        <ele>2458</ele>
      </trkpt>
      <trkpt lat="45.5754511" lon="7.6408687">
        <ele>2458</ele>
      </trkpt>
      <trkpt lat="45.5754132" lon="7.6407941">
        <ele>2458</ele>
      </trkpt>
      <trkpt lat="45.5753985" lon="7.6407347">
        <ele>2458</ele>
      </trkpt>
      <trkpt lat="45.5753885" lon="7.6407074">
        <ele>2458</ele>
      </trkpt>
      <trkpt lat="45.5753800" lon="7.6406731">
        <ele>2459</ele>
      </trkpt>
      <trkpt lat="45.5753564" lon="7.6406331">
        <ele>2459</ele>
      </trkpt>
      <trkpt lat="45.5753390" lon="7.6405783">
        <ele>2459</ele>
      </trkpt>
      <trkpt lat="45.5753363" lon="7.6405293">
        <ele>2459</ele>
      </trkpt>
      <trkpt lat="45.5753366" lon="7.6403581">
        <ele>2459</ele>
      </trkpt>
      <trkpt lat="45.5753467" lon="7.6403042">
        <ele>2459</ele>
      </trkpt>
      <trkpt lat="45.5753503" lon="7.6402926">
        <ele>2459</ele>
      </trkpt>
      <trkpt lat="45.5753468" lon="7.6402682">
        <ele>2459</ele>
      </trkpt>
      <trkpt lat="45.5753234" lon="7.6401998">
        <ele>2459</ele>
      </trkpt>
      <trkpt lat="45.5753129" lon="7.6401357">
        <ele>2459</ele>
      </trkpt>
      <trkpt lat="45.5753114" lon="7.6400484">
        <ele>2459</ele>
      </trkpt>
      <trkpt lat="45.5753268" lon="7.6399461">
        <ele>2459</ele>
      </trkpt>
      <trkpt lat="45.5753381" lon="7.6399300">
        <ele>2460</ele>
      </trkpt>
      <trkpt lat="45.5753741" lon="7.6399800">
        <ele>2460</ele>
      </trkpt>
      <trkpt lat="45.5754821" lon="7.6399780">
        <ele>2460</ele>
      </trkpt>
      <trkpt lat="45.5754811" lon="7.6398750">
        <ele>2460</ele>
      </trkpt>
      <trkpt lat="45.5754431" lon="7.6397220">
        <ele>2460</ele>
      </trkpt>
      <trkpt lat="45.5754791" lon="7.6396700">
        <ele>2460</ele>
      </trkpt>
      <trkpt lat="45.5754631" lon="7.6395306">
        <ele>2460</ele>
      </trkpt>
      <trkpt lat="45.5754520" lon="7.6395029">
        <ele>2460</ele>
      </trkpt>
      <trkpt lat="45.5754235" lon="7.6394484">
        <ele>2460</ele>
      </trkpt>
      <trkpt lat="45.5753964" lon="7.6393886">
        <ele>2460</ele>
      </trkpt>
      <trkpt lat="45.5753378" lon="7.6392498">
        <ele>2460</ele>
      </trkpt>
      <trkpt lat="45.5752871" lon="7.6391568">
        <ele>2461</ele>
      </trkpt>
      <trkpt lat="45.5752515" lon="7.6391024">
        <ele>2461</ele>
      </trkpt>
      <trkpt lat="45.5752008" lon="7.6390642">
        <ele>2461</ele>
      </trkpt>
      <trkpt lat="45.5751761" lon="7.6390257">
        <ele>2461</ele>
      </trkpt>
      <trkpt lat="45.5751607" lon="7.6389127">
        <ele>2461</ele>
      </trkpt>
      <trkpt lat="45.5751245" lon="7.6388508">
        <ele>2461</ele>
      </trkpt>
      <trkpt lat="45.5750712" lon="7.6387505">
        <ele>2461</ele>
      </trkpt>
      <trkpt lat="45.5750506" lon="7.6386874">
        <ele>2461</ele>
      </trkpt>
      <trkpt lat="45.5750300" lon="7.6386320">
        <ele>2461</ele>
      </trkpt>
      <trkpt lat="45.5750088" lon="7.6386164">
        <ele>2461</ele>
      </trkpt>
      <trkpt lat="45.5749920" lon="7.6386061">
        <ele>2461</ele>
      </trkpt>
      <trkpt lat="45.5749527" lon="7.6385542">
        <ele>2462</ele>
      </trkpt>
      <trkpt lat="45.5748954" lon="7.6385092">
        <ele>2462</ele>
      </trkpt>
      <trkpt lat="45.5748703" lon="7.6384792">
        <ele>2462</ele>
      </trkpt>
      <trkpt lat="45.5748396" lon="7.6384332">
        <ele>2462</ele>
      </trkpt>
      <trkpt lat="45.5748151" lon="7.6383530">
        <ele>2462</ele>
      </trkpt>
      <trkpt lat="45.5747051" lon="7.6381510">
        <ele>2462</ele>
      </trkpt>
      <trkpt lat="45.5745951" lon="7.6380000">
        <ele>2462</ele>
      </trkpt>
      <trkpt lat="45.5745201" lon="7.6377450">
        <ele>2462</ele>
      </trkpt>
      <trkpt lat="45.5744091" lon="7.6374920">
        <ele>2462</ele>
      </trkpt>
      <trkpt lat="45.5743919" lon="7.6373855">
        <ele>2462</ele>
      </trkpt>
      <trkpt lat="45.5743341" lon="7.6372880">
        <ele>2462</ele>
      </trkpt>
      <trkpt lat="45.5743093" lon="7.6372251">
        <ele>2463</ele>
      </trkpt>
      <trkpt lat="45.5742948" lon="7.6371389">
        <ele>2463</ele>
      </trkpt>
      <trkpt lat="45.5742625" lon="7.6370048">
        <ele>2463</ele>
      </trkpt>
      <trkpt lat="45.5742582" lon="7.6369130">
        <ele>2463</ele>
      </trkpt>
      <trkpt lat="45.5742720" lon="7.6368023">
        <ele>2463</ele>
      </trkpt>
      <trkpt lat="45.5742801" lon="7.6367630">
        <ele>2463</ele>
      </trkpt>
      <trkpt lat="45.5742905" lon="7.6366885">
        <ele>2463</ele>
      </trkpt>
      <trkpt lat="45.5743185" lon="7.6365568">
        <ele>2463</ele>
      </trkpt>
      <trkpt lat="45.5743328" lon="7.6364875">
        <ele>2463</ele>
      </trkpt>
      <trkpt lat="45.5743314" lon="7.6364607">
        <ele>2463</ele>
      </trkpt>
      <trkpt lat="45.5743277" lon="7.6364232">
        <ele>2463</ele>
      </trkpt>
      <trkpt lat="45.5743180" lon="7.6363798">
        <ele>2463</ele>
      </trkpt>
      <trkpt lat="45.5743171" lon="7.6363423">
        <ele>2464</ele>
      </trkpt>
      <trkpt lat="45.5743142" lon="7.6362834">
        <ele>2464</ele>
      </trkpt>
      <trkpt lat="45.5743168" lon="7.6362274">
        <ele>2464</ele>
      </trkpt>
      <trkpt lat="45.5743124" lon="7.6361777">
        <ele>2464</ele>
      </trkpt>
      <trkpt lat="45.5743071" lon="7.6361410">
        <ele>2464</ele>
      </trkpt>
      <trkpt lat="45.5743227" lon="7.6360954">
        <ele>2464</ele>
      </trkpt>
      <trkpt lat="45.5743331" lon="7.6360676">
        <ele>2464</ele>
      </trkpt>
      <trkpt lat="45.5743331" lon="7.6360458">
        <ele>2464</ele>
      </trkpt>
      <trkpt lat="45.5743191" lon="7.6360070">
        <ele>2464</ele>
      </trkpt>
      <trkpt lat="45.5743185" lon="7.6359523">
        <ele>2464</ele>
      </trkpt>
      <trkpt lat="45.5743103" lon="7.6359111">
        <ele>2464</ele>
      </trkpt>
      <trkpt lat="45.5742998" lon="7.6358632">
        <ele>2465</ele>
      </trkpt>
      <trkpt lat="45.5742774" lon="7.6358119">
        <ele>2465</ele>
      </trkpt>
      <trkpt lat="45.5742685" lon="7.6357761">
        <ele>2465</ele>
      </trkpt>
      <trkpt lat="45.5742456" lon="7.6357085">
        <ele>2465</ele>
      </trkpt>
      <trkpt lat="45.5742153" lon="7.6356510">
        <ele>2465</ele>
      </trkpt>
      <trkpt lat="45.5742079" lon="7.6356144">
        <ele>2465</ele>
      </trkpt>
      <trkpt lat="45.5741929" lon="7.6355734">
        <ele>2465</ele>
      </trkpt>
      <trkpt lat="45.5741831" lon="7.6355549">
        <ele>2465</ele>
      </trkpt>
      <trkpt lat="45.5741766" lon="7.6355205">
        <ele>2465</ele>
      </trkpt>
      <trkpt lat="45.5741706" lon="7.6354610">
        <ele>2465</ele>
      </trkpt>
      <trkpt lat="45.5740719" lon="7.6352703">
        <ele>2465</ele>
      </trkpt>
      <trkpt lat="45.5740533" lon="7.6352224">
        <ele>2466</ele>
      </trkpt>
      <trkpt lat="45.5740349" lon="7.6351646">
        <ele>2466</ele>
      </trkpt>
      <trkpt lat="45.5740213" lon="7.6351098">
        <ele>2466</ele>
      </trkpt>
      <trkpt lat="45.5740058" lon="7.6350711">
        <ele>2466</ele>
      </trkpt>
      <trkpt lat="45.5739862" lon="7.6350562">
        <ele>2466</ele>
      </trkpt>
      <trkpt lat="45.5739575" lon="7.6350363">
        <ele>2466</ele>
      </trkpt>
      <trkpt lat="45.5739558" lon="7.6350333">
        <ele>2466</ele>
      </trkpt>
      <trkpt lat="45.5739471" lon="7.6349910">
        <ele>2466</ele>
      </trkpt>
      <trkpt lat="45.5739461" lon="7.6349400">
        <ele>2466</ele>
      </trkpt>
      <trkpt lat="45.5739091" lon="7.6348380">
        <ele>2466</ele>
      </trkpt>
      <trkpt lat="45.5738361" lon="7.6347370">
        <ele>2466</ele>
      </trkpt>
      <trkpt lat="45.5738341" lon="7.6345830">
        <ele>2467</ele>
      </trkpt>
      <trkpt lat="45.5737981" lon="7.6345840">
        <ele>2467</ele>
      </trkpt>
      <trkpt lat="45.5737611" lon="7.6345340">
        <ele>2467</ele>
      </trkpt>
      <trkpt lat="45.5737971" lon="7.6344820">
        <ele>2467</ele>
      </trkpt>
      <trkpt lat="45.5737951" lon="7.6343280">
        <ele>2467</ele>
      </trkpt>
      <trkpt lat="45.5738301" lon="7.6342760">
        <ele>2467</ele>
      </trkpt>
      <trkpt lat="45.5738368" lon="7.6340722">
        <ele>2467</ele>
      </trkpt>
      <trkpt lat="45.5738261" lon="7.6339680">
        <ele>2467</ele>
      </trkpt>
      <trkpt lat="45.5738611" lon="7.6338140">
        <ele>2467</ele>
      </trkpt>
      <trkpt lat="45.5738941" lon="7.6335570">
        <ele>2467</ele>
      </trkpt>
      <trkpt lat="45.5739031" lon="7.6334160">
        <ele>2467</ele>
      </trkpt>
      <trkpt lat="45.5740631" lon="7.6329860">
        <ele>2467</ele>
      </trkpt>
      <trkpt lat="45.5742631" lon="7.6327060">
        <ele>2468</ele>
      </trkpt>
      <trkpt lat="45.5743631" lon="7.6324160">
        <ele>2468</ele>
      </trkpt>
      <trkpt lat="45.5743324" lon="7.6322605">
        <ele>2468</ele>
      </trkpt>
      <trkpt lat="45.5743331" lon="7.6321960">
        <ele>2468</ele>
      </trkpt>
      <trkpt lat="45.5744231" lon="7.6318760">
        <ele>2468</ele>
      </trkpt>
      <trkpt lat="45.5745531" lon="7.6317060">
        <ele>2468</ele>
      </trkpt>
      <trkpt lat="45.5744731" lon="7.6314160">
        <ele>2468</ele>
      </trkpt>
      <trkpt lat="45.5746231" lon="7.6311160">
        <ele>2468</ele>
      </trkpt>
      <trkpt lat="45.5744931" lon="7.6309660">
        <ele>2468</ele>
      </trkpt>
      <trkpt lat="45.5745031" lon="7.6308660">
        <ele>2468</ele>
      </trkpt>
      <trkpt lat="45.5746631" lon="7.6306460">
        <ele>2468</ele>
      </trkpt>
      <trkpt lat="45.5749727" lon="7.6304173">
        <ele>2469</ele>
      </trkpt>
      <trkpt lat="45.5749931" lon="7.6303260">
        <ele>2469</ele>
      </trkpt>
      <trkpt lat="45.5750439" lon="7.6301198">
        <ele>2469</ele>
      </trkpt>
      <trkpt lat="45.5750418" lon="7.6299804">
        <ele>2469</ele>
      </trkpt>
      <trkpt lat="45.5750378" lon="7.6299100">
        <ele>2469</ele>
      </trkpt>
      <trkpt lat="45.5750153" lon="7.6298347">
        <ele>2469</ele>
      </trkpt>
      <trkpt lat="45.5749374" lon="7.6297086">
        <ele>2469</ele>
      </trkpt>
      <trkpt lat="45.5749531" lon="7.6294060">
        <ele>2469</ele>
      </trkpt>
      <trkpt lat="45.5750431" lon="7.6291860">
        <ele>2469</ele>
      </trkpt>
      <trkpt lat="45.5752531" lon="7.6289060">
        <ele>2469</ele>
      </trkpt>
      <trkpt lat="45.5753246" lon="7.6285869">
        <ele>2469</ele>
      </trkpt>
      <trkpt lat="45.5753240" lon="7.6285607">
        <ele>2470</ele>
      </trkpt>
      <trkpt lat="45.5753413" lon="7.6283997">
        <ele>2470</ele>
      </trkpt>
      <trkpt lat="45.5753508" lon="7.6283827">
        <ele>2470</ele>
      </trkpt>
      <trkpt lat="45.5753619" lon="7.6283671">
        <ele>2470</ele>
      </trkpt>
      <trkpt lat="45.5753622" lon="7.6283487">
        <ele>2470</ele>
      </trkpt>
      <trkpt lat="45.5753652" lon="7.6283302">
        <ele>2470</ele>
      </trkpt>
      <trkpt lat="45.5753752" lon="7.6283131">
        <ele>2470</ele>
      </trkpt>
      <trkpt lat="45.5754002" lon="7.6282895">
        <ele>2470</ele>
      </trkpt>
      <trkpt lat="45.5754294" lon="7.6282520">
        <ele>2470</ele>
      </trkpt>
      <trkpt lat="45.5754459" lon="7.6282091">
        <ele>2470</ele>
      </trkpt>
      <trkpt lat="45.5754348" lon="7.6281818">
        <ele>2470</ele>
      </trkpt>
      <trkpt lat="45.5754341" lon="7.6281680">
        <ele>2471</ele>
      </trkpt>
      <trkpt lat="45.5754434" lon="7.6281364">
        <ele>2471</ele>
      </trkpt>
      <trkpt lat="45.5754391" lon="7.6280905">
        <ele>2471</ele>
      </trkpt>
      <trkpt lat="45.5754449" lon="7.6280758">
        <ele>2471</ele>
      </trkpt>
      <trkpt lat="45.5754507" lon="7.6280649">
        <ele>2471</ele>
      </trkpt>
      <trkpt lat="45.5754693" lon="7.6280469">
        <ele>2471</ele>
      </trkpt>
      <trkpt lat="45.5754948" lon="7.6280255">
        <ele>2471</ele>
      </trkpt>
      <trkpt lat="45.5755220" lon="7.6279988">
        <ele>2471</ele>
      </trkpt>
      <trkpt lat="45.5755446" lon="7.6279569">
        <ele>2471</ele>
      </trkpt>
      <trkpt lat="45.5755668" lon="7.6279204">
        <ele>2471</ele>
      </trkpt>
      <trkpt lat="45.5756009" lon="7.6278973">
        <ele>2471</ele>
      </trkpt>
      <trkpt lat="45.5756739" lon="7.6278542">
        <ele>2471</ele>
      </trkpt>
      <trkpt lat="45.5756837" lon="7.6278225">
        <ele>2472</ele>
      </trkpt>
      <trkpt lat="45.5756982" lon="7.6277739">
        <ele>2472</ele>
      </trkpt>
      <trkpt lat="45.5757235" lon="7.6277311">
        <ele>2472</ele>
      </trkpt>
      <trkpt lat="45.5757414" lon="7.6277000">
        <ele>2472</ele>
      </trkpt>
      <trkpt lat="45.5757704" lon="7.6276465">
        <ele>2472</ele>
      </trkpt>
      <trkpt lat="45.5757744" lon="7.6276257">
        <ele>2472</ele>
      </trkpt>
      <trkpt lat="45.5757895" lon="7.6275824">
        <ele>2472</ele>
      </trkpt>
      <trkpt lat="45.5758112" lon="7.6275520">
        <ele>2472</ele>
      </trkpt>
      <trkpt lat="45.5758276" lon="7.6275263">
        <ele>2472</ele>
      </trkpt>
      <trkpt lat="45.5758288" lon="7.6275207">
        <ele>2472</ele>
      </trkpt>
      <trkpt lat="45.5757831" lon="7.6272470">
        <ele>2472</ele>
      </trkpt>
      <trkpt lat="45.5758931" lon="7.6270070">
        <ele>2473</ele>
      </trkpt>
      <trkpt lat="45.5759098" lon="7.6265733">
        <ele>2473</ele>
      </trkpt>
      <trkpt lat="45.5759028" lon="7.6265077">
        <ele>2473</ele>
      </trkpt>
      <trkpt lat="45.5759145" lon="7.6264140">
        <ele>2473</ele>
      </trkpt>
      <trkpt lat="45.5759523" lon="7.6262836">
        <ele>2473</ele>
      </trkpt>
      <trkpt lat="45.5760028" lon="7.6261483">
        <ele>2473</ele>
      </trkpt>
      <trkpt lat="45.5760468" lon="7.6260445">
        <ele>2473</ele>
      </trkpt>
      <trkpt lat="45.5761069" lon="7.6259396">
        <ele>2473</ele>
      </trkpt>
      <trkpt lat="45.5761226" lon="7.6259130">
        <ele>2473</ele>
      </trkpt>
      <trkpt lat="45.5761206" lon="7.6258837">
        <ele>2473</ele>
      </trkpt>
      <trkpt lat="45.5761087" lon="7.6258380">
        <ele>2473</ele>
      </trkpt>
      <trkpt lat="45.5760921" lon="7.6257986">
        <ele>2474</ele>
      </trkpt>
      <trkpt lat="45.5760582" lon="7.6257558">
        <ele>2474</ele>
      </trkpt>
      <trkpt lat="45.5760455" lon="7.6257224">
        <ele>2474</ele>
      </trkpt>
      <trkpt lat="45.5760359" lon="7.6256475">
        <ele>2474</ele>
      </trkpt>
      <trkpt lat="45.5760243" lon="7.6256187">
        <ele>2474</ele>
      </trkpt>
      <trkpt lat="45.5760010" lon="7.6255602">
        <ele>2474</ele>
      </trkpt>
      <trkpt lat="45.5759854" lon="7.6255162">
        <ele>2474</ele>
      </trkpt>
      <trkpt lat="45.5759777" lon="7.6254589">
        <ele>2474</ele>
      </trkpt>
      <trkpt lat="45.5759744" lon="7.6254046">
        <ele>2474</ele>
      </trkpt>
      <trkpt lat="45.5759814" lon="7.6253217">
        <ele>2474</ele>
      </trkpt>
      <trkpt lat="45.5759845" lon="7.6252634">
        <ele>2474</ele>
      </trkpt>
      <trkpt lat="45.5759842" lon="7.6251921">
        <ele>2475</ele>
      </trkpt>
      <trkpt lat="45.5759912" lon="7.6251498">
        <ele>2475</ele>
      </trkpt>
      <trkpt lat="45.5759914" lon="7.6251207">
        <ele>2475</ele>
      </trkpt>
      <trkpt lat="45.5759781" lon="7.6250881">
        <ele>2475</ele>
      </trkpt>
      <trkpt lat="45.5759761" lon="7.6250575">
        <ele>2475</ele>
      </trkpt>
      <trkpt lat="45.5759832" lon="7.6250197">
        <ele>2475</ele>
      </trkpt>
      <trkpt lat="45.5760029" lon="7.6249557">
        <ele>2475</ele>
      </trkpt>
      <trkpt lat="45.5760047" lon="7.6249534">
        <ele>2475</ele>
      </trkpt>
      <trkpt lat="45.5760047" lon="7.6249518">
        <ele>2475</ele>
      </trkpt>
      <trkpt lat="45.5760170" lon="7.6249025">
        <ele>2475</ele>
      </trkpt>
      <trkpt lat="45.5760433" lon="7.6248543">
        <ele>2475</ele>
      </trkpt>
      <trkpt lat="45.5761119" lon="7.6248297">
        <ele>2476</ele>
      </trkpt>
      <trkpt lat="45.5761503" lon="7.6248011">
        <ele>2476</ele>
      </trkpt>
      <trkpt lat="45.5761627" lon="7.6247579">
        <ele>2476</ele>
      </trkpt>
      <trkpt lat="45.5761653" lon="7.6247550">
        <ele>2476</ele>
      </trkpt>
      <trkpt lat="45.5761723" lon="7.6247470">
        <ele>2476</ele>
      </trkpt>
      <trkpt lat="45.5761719" lon="7.6247194">
        <ele>2476</ele>
      </trkpt>
      <trkpt lat="45.5761642" lon="7.6246997">
        <ele>2476</ele>
      </trkpt>
      <trkpt lat="45.5761338" lon="7.6246774">
        <ele>2476</ele>
      </trkpt>
      <trkpt lat="45.5760907" lon="7.6246769">
        <ele>2476</ele>
      </trkpt>
      <trkpt lat="45.5760616" lon="7.6246715">
        <ele>2476</ele>
      </trkpt>
      <trkpt lat="45.5759915" lon="7.6245706">
        <ele>2476</ele>
      </trkpt>
      <trkpt lat="45.5759826" lon="7.6245493">
        <ele>2476</ele>
      </trkpt>
      <trkpt lat="45.5759478" lon="7.6245149">
        <ele>2477</ele>
      </trkpt>
      <trkpt lat="45.5759479" lon="7.6245071">
        <ele>2477</ele>
      </trkpt>
      <trkpt lat="45.5759483" lon="7.6244720">
        <ele>2477</ele>
      </trkpt>
      <trkpt lat="45.5759896" lon="7.6244158">
        <ele>2477</ele>
      </trkpt>
      <trkpt lat="45.5760636" lon="7.6243880">
        <ele>2477</ele>
      </trkpt>
      <trkpt lat="45.5761313" lon="7.6243863">
        <ele>2477</ele>
      </trkpt>
      <trkpt lat="45.5762338" lon="7.6244037">
        <ele>2477</ele>
      </trkpt>
      <trkpt lat="45.5763038" lon="7.6244051">
        <ele>2477</ele>
      </trkpt>
      <trkpt lat="45.5763298" lon="7.6244198">
        <ele>2477</ele>
      </trkpt>
      <trkpt lat="45.5763545" lon="7.6244222">
        <ele>2477</ele>
      </trkpt>
      <trkpt lat="45.5763779" lon="7.6244002">
        <ele>2477</ele>
      </trkpt>
      <trkpt lat="45.5763829" lon="7.6243679">
        <ele>2478</ele>
      </trkpt>
      <trkpt lat="45.5763952" lon="7.6243170">
        <ele>2478</ele>
      </trkpt>
      <trkpt lat="45.5764078" lon="7.6242876">
        <ele>2478</ele>
      </trkpt>
      <trkpt lat="45.5764175" lon="7.6242752">
        <ele>2478</ele>
      </trkpt>
      <trkpt lat="45.5764127" lon="7.6241772">
        <ele>2478</ele>
      </trkpt>
      <trkpt lat="45.5764003" lon="7.6241330">
        <ele>2478</ele>
      </trkpt>
      <trkpt lat="45.5763966" lon="7.6240933">
        <ele>2478</ele>
      </trkpt>
      <trkpt lat="45.5763950" lon="7.6240489">
        <ele>2478</ele>
      </trkpt>
      <trkpt lat="45.5763763" lon="7.6240172">
        <ele>2478</ele>
      </trkpt>
      <trkpt lat="45.5763682" lon="7.6239699">
        <ele>2478</ele>
      </trkpt>
      <trkpt lat="45.5763827" lon="7.6239205">
        <ele>2478</ele>
      </trkpt>
      <trkpt lat="45.5764113" lon="7.6238876">
        <ele>2479</ele>
      </trkpt>
      <trkpt lat="45.5764325" lon="7.6238579">
        <ele>2479</ele>
      </trkpt>
      <trkpt lat="45.5764524" lon="7.6238146">
        <ele>2479</ele>
      </trkpt>
      <trkpt lat="45.5764645" lon="7.6237499">
        <ele>2479</ele>
      </trkpt>
      <trkpt lat="45.5764724" lon="7.6236869">
        <ele>2479</ele>
      </trkpt>
      <trkpt lat="45.5764674" lon="7.6236288">
        <ele>2479</ele>
      </trkpt>
      <trkpt lat="45.5764646" lon="7.6235752">
        <ele>2479</ele>
      </trkpt>
      <trkpt lat="45.5764522" lon="7.6235280">
        <ele>2479</ele>
      </trkpt>
      <trkpt lat="45.5764818" lon="7.6235097">
        <ele>2479</ele>
      </trkpt>
      <trkpt lat="45.5764866" lon="7.6234605">
        <ele>2479</ele>
      </trkpt>
      <trkpt lat="45.5764972" lon="7.6234419">
        <ele>2479</ele>
      </trkpt>
      <trkpt lat="45.5764898" lon="7.6233715">
        <ele>2480</ele>
      </trkpt>
      <trkpt lat="45.5764802" lon="7.6232860">
        <ele>2480</ele>
      </trkpt>
      <trkpt lat="45.5765228" lon="7.6232451">
        <ele>2480</ele>
      </trkpt>
      <trkpt lat="45.5765448" lon="7.6231970">
        <ele>2480</ele>
      </trkpt>
      <trkpt lat="45.5765549" lon="7.6231462">
        <ele>2480</ele>
      </trkpt>
      <trkpt lat="45.5765717" lon="7.6231106">
        <ele>2480</ele>
      </trkpt>
      <trkpt lat="45.5766169" lon="7.6231079">
        <ele>2480</ele>
      </trkpt>
      <trkpt lat="45.5766854" lon="7.6231660">
        <ele>2480</ele>
      </trkpt>
      <trkpt lat="45.5767233" lon="7.6231896">
        <ele>2480</ele>
      </trkpt>
      <trkpt lat="45.5767653" lon="7.6231916">
        <ele>2480</ele>
      </trkpt>
      <trkpt lat="45.5768412" lon="7.6230772">
        <ele>2480</ele>
      </trkpt>
      <trkpt lat="45.5768561" lon="7.6230741">
        <ele>2480</ele>
      </trkpt>
      <trkpt lat="45.5768907" lon="7.6230760">
        <ele>2481</ele>
      </trkpt>
      <trkpt lat="45.5769087" lon="7.6230970">
        <ele>2481</ele>
      </trkpt>
      <trkpt lat="45.5769342" lon="7.6231163">
        <ele>2481</ele>
      </trkpt>
      <trkpt lat="45.5769518" lon="7.6231059">
        <ele>2481</ele>
      </trkpt>
      <trkpt lat="45.5769719" lon="7.6230755">
        <ele>2481</ele>
      </trkpt>
      <trkpt lat="45.5769886" lon="7.6230291">
        <ele>2481</ele>
      </trkpt>
      <trkpt lat="45.5770078" lon="7.6229773">
        <ele>2481</ele>
      </trkpt>
      <trkpt lat="45.5770287" lon="7.6228749">
        <ele>2481</ele>
      </trkpt>
      <trkpt lat="45.5770469" lon="7.6227632">
        <ele>2481</ele>
      </trkpt>
      <trkpt lat="45.5770540" lon="7.6227042">
        <ele>2481</ele>
      </trkpt>
      <trkpt lat="45.5770867" lon="7.6225532">
        <ele>2481</ele>
      </trkpt>
      <trkpt lat="45.5771084" lon="7.6224806">
        <ele>2482</ele>
      </trkpt>
      <trkpt lat="45.5771511" lon="7.6223854">
        <ele>2482</ele>
      </trkpt>
      <trkpt lat="45.5771942" lon="7.6223046">
        <ele>2482</ele>
      </trkpt>
      <trkpt lat="45.5772356" lon="7.6222515">
        <ele>2482</ele>
      </trkpt>
      <trkpt lat="45.5772716" lon="7.6222031">
        <ele>2482</ele>
      </trkpt>
      <trkpt lat="45.5773251" lon="7.6221700">
        <ele>2482</ele>
      </trkpt>
      <trkpt lat="45.5773463" lon="7.6221569">
        <ele>2482</ele>
      </trkpt>
      <trkpt lat="45.5773655" lon="7.6221411">
        <ele>2482</ele>
      </trkpt>
      <trkpt lat="45.5774015" lon="7.6220927">
        <ele>2482</ele>
      </trkpt>
      <trkpt lat="45.5774220" lon="7.6220337">
        <ele>2482</ele>
      </trkpt>
      <trkpt lat="45.5774338" lon="7.6219999">
        <ele>2482</ele>
      </trkpt>
      <trkpt lat="45.5774668" lon="7.6219746">
        <ele>2483</ele>
      </trkpt>
      <trkpt lat="45.5775353" lon="7.6219408">
        <ele>2483</ele>
      </trkpt>
      <trkpt lat="45.5775847" lon="7.6219319">
        <ele>2483</ele>
      </trkpt>
      <trkpt lat="45.5776211" lon="7.6219394">
        <ele>2483</ele>
      </trkpt>
      <trkpt lat="45.5777231" lon="7.6219070">
        <ele>2483</ele>
      </trkpt>
      <trkpt lat="45.5777973" lon="7.6218960">
        <ele>2483</ele>
      </trkpt>
      <trkpt lat="45.5778540" lon="7.6218900">
        <ele>2483</ele>
      </trkpt>
      <trkpt lat="45.5779006" lon="7.6219119">
        <ele>2483</ele>
      </trkpt>
      <trkpt lat="45.5779481" lon="7.6219261">
        <ele>2483</ele>
      </trkpt>
      <trkpt lat="45.5780280" lon="7.6219517">
        <ele>2483</ele>
      </trkpt>
      <trkpt lat="45.5780743" lon="7.6219536">
        <ele>2483</ele>
      </trkpt>
      <trkpt lat="45.5781369" lon="7.6219674">
        <ele>2484</ele>
      </trkpt>
      <trkpt lat="45.5781830" lon="7.6219709">
        <ele>2484</ele>
      </trkpt>
      <trkpt lat="45.5782490" lon="7.6219126">
        <ele>2484</ele>
      </trkpt>
      <trkpt lat="45.5782859" lon="7.6219392">
        <ele>2484</ele>
      </trkpt>
      <trkpt lat="45.5783041" lon="7.6219467">
        <ele>2484</ele>
      </trkpt>
      <trkpt lat="45.5783287" lon="7.6219382">
        <ele>2484</ele>
      </trkpt>
      <trkpt lat="45.5784165" lon="7.6219085">
        <ele>2484</ele>
      </trkpt>
      <trkpt lat="45.5784329" lon="7.6219219">
        <ele>2484</ele>
      </trkpt>
      <trkpt lat="45.5784699" lon="7.6219577">
        <ele>2484</ele>
      </trkpt>
      <trkpt lat="45.5785138" lon="7.6220272">
        <ele>2484</ele>
      </trkpt>
      <trkpt lat="45.5785455" lon="7.6220723">
        <ele>2484</ele>
      </trkpt>
      <trkpt lat="45.5785623" lon="7.6220790">
        <ele>2484</ele>
      </trkpt>
      <trkpt lat="45.5785639" lon="7.6220796">
        <ele>2485</ele>
      </trkpt>
      <trkpt lat="45.5785941" lon="7.6220895">
        <ele>2485</ele>
      </trkpt>
      <trkpt lat="45.5786008" lon="7.6221062">
        <ele>2485</ele>
      </trkpt>
      <trkpt lat="45.5786234" lon="7.6221072">
        <ele>2485</ele>
      </trkpt>
      <trkpt lat="45.5786950" lon="7.6220672">
        <ele>2485</ele>
      </trkpt>
      <trkpt lat="45.5787170" lon="7.6220145">
        <ele>2485</ele>
      </trkpt>
      <trkpt lat="45.5787158" lon="7.6220008">
        <ele>2485</ele>
      </trkpt>
      <trkpt lat="45.5787068" lon="7.6219719">
        <ele>2485</ele>
      </trkpt>
      <trkpt lat="45.5787054" lon="7.6219443">
        <ele>2485</ele>
      </trkpt>
      <trkpt lat="45.5787208" lon="7.6218872">
        <ele>2485</ele>
      </trkpt>
      <trkpt lat="45.5787514" lon="7.6218328">
        <ele>2485</ele>
      </trkpt>
      <trkpt lat="45.5788031" lon="7.6217458">
        <ele>2486</ele>
      </trkpt>
      <trkpt lat="45.5788826" lon="7.6216495">
        <ele>2486</ele>
      </trkpt>
      <trkpt lat="45.5790031" lon="7.6216070">
        <ele>2486</ele>
      </trkpt>
      <trkpt lat="45.5790309" lon="7.6215827">
        <ele>2486</ele>
      </trkpt>
      <trkpt lat="45.5790692" lon="7.6215680">
        <ele>2486</ele>
      </trkpt>
      <trkpt lat="45.5791094" lon="7.6215839">
        <ele>2486</ele>
      </trkpt>
      <trkpt lat="45.5791630" lon="7.6216285">
        <ele>2486</ele>
      </trkpt>
      <trkpt lat="45.5791963" lon="7.6216247">
        <ele>2486</ele>
      </trkpt>
      <trkpt lat="45.5792275" lon="7.6216224">
        <ele>2486</ele>
      </trkpt>
      <trkpt lat="45.5792565" lon="7.6216400">
        <ele>2486</ele>
      </trkpt>
      <trkpt lat="45.5793273" lon="7.6216214">
        <ele>2486</ele>
      </trkpt>
      <trkpt lat="45.5793706" lon="7.6216418">
        <ele>2487</ele>
      </trkpt>
      <trkpt lat="45.5794125" lon="7.6216362">
        <ele>2487</ele>
      </trkpt>
      <trkpt lat="45.5794488" lon="7.6216560">
        <ele>2487</ele>
      </trkpt>
      <trkpt lat="45.5794609" lon="7.6216802">
        <ele>2487</ele>
      </trkpt>
      <trkpt lat="45.5794917" lon="7.6217362">
        <ele>2487</ele>
      </trkpt>
      <trkpt lat="45.5795352" lon="7.6217765">
        <ele>2487</ele>
      </trkpt>
      <trkpt lat="45.5796312" lon="7.6218784">
        <ele>2487</ele>
      </trkpt>
      <trkpt lat="45.5796784" lon="7.6219569">
        <ele>2487</ele>
      </trkpt>
      <trkpt lat="45.5797375" lon="7.6220367">
        <ele>2487</ele>
      </trkpt>
      <trkpt lat="45.5797585" lon="7.6220852">
        <ele>2487</ele>
      </trkpt>
      <trkpt lat="45.5797707" lon="7.6221577">
        <ele>2487</ele>
      </trkpt>
      <trkpt lat="45.5797970" lon="7.6221954">
        <ele>2488</ele>
      </trkpt>
      <trkpt lat="45.5798681" lon="7.6222963">
        <ele>2488</ele>
      </trkpt>
      <trkpt lat="45.5799045" lon="7.6223659">
        <ele>2488</ele>
      </trkpt>
      <trkpt lat="45.5799568" lon="7.6224183">
        <ele>2488</ele>
      </trkpt>
      <trkpt lat="45.5800108" lon="7.6224599">
        <ele>2488</ele>
      </trkpt>
      <trkpt lat="45.5800782" lon="7.6225164">
        <ele>2488</ele>
      </trkpt>
      <trkpt lat="45.5801143" lon="7.6225615">
        <ele>2488</ele>
      </trkpt>
      <trkpt lat="45.5801751" lon="7.6226121">
        <ele>2488</ele>
      </trkpt>
      <trkpt lat="45.5802218" lon="7.6226447">
        <ele>2488</ele>
      </trkpt>
      <trkpt lat="45.5802531" lon="7.6226547">
        <ele>2488</ele>
      </trkpt>
      <trkpt lat="45.5802822" lon="7.6226555">
        <ele>2488</ele>
      </trkpt>
      <trkpt lat="45.5802889" lon="7.6226722">
        <ele>2488</ele>
      </trkpt>
      <trkpt lat="45.5803237" lon="7.6227097">
        <ele>2489</ele>
      </trkpt>
      <trkpt lat="45.5803881" lon="7.6227349">
        <ele>2489</ele>
      </trkpt>
      <trkpt lat="45.5804576" lon="7.6227868">
        <ele>2489</ele>
      </trkpt>
      <trkpt lat="45.5805134" lon="7.6228621">
        <ele>2489</ele>
      </trkpt>
      <trkpt lat="45.5805730" lon="7.6228990">
        <ele>2489</ele>
      </trkpt>
      <trkpt lat="45.5806151" lon="7.6229316">
        <ele>2489</ele>
      </trkpt>
      <trkpt lat="45.5806553" lon="7.6229613">
        <ele>2489</ele>
      </trkpt>
      <trkpt lat="45.5807040" lon="7.6229831">
        <ele>2489</ele>
      </trkpt>
      <trkpt lat="45.5807321" lon="7.6229931">
        <ele>2489</ele>
      </trkpt>
      <trkpt lat="45.5807775" lon="7.6230135">
        <ele>2489</ele>
      </trkpt>
      <trkpt lat="45.5808464" lon="7.6230118">
        <ele>2489</ele>
      </trkpt>
      <trkpt lat="45.5809108" lon="7.6230041">
        <ele>2490</ele>
      </trkpt>
      <trkpt lat="45.5809730" lon="7.6229811">
        <ele>2490</ele>
      </trkpt>
      <trkpt lat="45.5810392" lon="7.6229798">
        <ele>2490</ele>
      </trkpt>
      <trkpt lat="45.5810709" lon="7.6229803">
        <ele>2490</ele>
      </trkpt>
      <trkpt lat="45.5811491" lon="7.6229508">
        <ele>2490</ele>
      </trkpt>
      <trkpt lat="45.5811927" lon="7.6229045">
        <ele>2490</ele>
      </trkpt>
      <trkpt lat="45.5813831" lon="7.6226870">
        <ele>2490</ele>
      </trkpt>
      <trkpt lat="45.5814733" lon="7.6226628">
        <ele>2490</ele>
      </trkpt>
      <trkpt lat="45.5815004" lon="7.6225943">
        <ele>2490</ele>
      </trkpt>
      <trkpt lat="45.5822984" lon="7.6220369">
        <ele>2490</ele>
      </trkpt>
      <trkpt lat="45.5827772" lon="7.6217024">
        <ele>2490</ele>
      </trkpt>
      <trkpt lat="45.5827896" lon="7.6216022">
        <ele>2491</ele>
      </trkpt>
      <trkpt lat="45.5828654" lon="7.6214624">
        <ele>2491</ele>
      </trkpt>
      <trkpt lat="45.5829531" lon="7.6214170">
        <ele>2491</ele>
      </trkpt>
      <trkpt lat="45.5829794" lon="7.6214106">
        <ele>2491</ele>
      </trkpt>
      <trkpt lat="45.5830061" lon="7.6213931">
        <ele>2491</ele>
      </trkpt>
      <trkpt lat="45.5830366" lon="7.6213356">
        <ele>2491</ele>
      </trkpt>
      <trkpt lat="45.5830345" lon="7.6212499">
        <ele>2491</ele>
      </trkpt>
      <trkpt lat="45.5830541" lon="7.6211850">
        <ele>2491</ele>
      </trkpt>
      <trkpt lat="45.5830642" lon="7.6211043">
        <ele>2491</ele>
      </trkpt>
      <trkpt lat="45.5831431" lon="7.6209570">
        <ele>2491</ele>
      </trkpt>
      <trkpt lat="45.5836204" lon="7.6205596">
        <ele>2491</ele>
      </trkpt>
      <trkpt lat="45.5838235" lon="7.6202006">
        <ele>2492</ele>
      </trkpt>
      <trkpt lat="45.5838851" lon="7.6201370">
        <ele>2492</ele>
      </trkpt>
      <trkpt lat="45.5839211" lon="7.6201360">
        <ele>2492</ele>
      </trkpt>
      <trkpt lat="45.5839571" lon="7.6200840">
        <ele>2492</ele>
      </trkpt>
      <trkpt lat="45.5839613" lon="7.6200271">
        <ele>2492</ele>
      </trkpt>
      <trkpt lat="45.5839331" lon="7.6199570">
        <ele>2492</ele>
      </trkpt>
      <trkpt lat="45.5839510" lon="7.6198849">
        <ele>2492</ele>
      </trkpt>
      <trkpt lat="45.5839731" lon="7.6198170">
        <ele>2492</ele>
      </trkpt>
      <trkpt lat="45.5839731" lon="7.6196370">
        <ele>2492</ele>
      </trkpt>
      <trkpt lat="45.5840231" lon="7.6193770">
        <ele>2492</ele>
      </trkpt>
      <trkpt lat="45.5839231" lon="7.6192970">
        <ele>2492</ele>
      </trkpt>
      <trkpt lat="45.5839031" lon="7.6190670">
        <ele>2492</ele>
      </trkpt>
      <trkpt lat="45.5838031" lon="7.6189570">
        <ele>2493</ele>
      </trkpt>
      <trkpt lat="45.5839531" lon="7.6187870">
        <ele>2493</ele>
      </trkpt>
      <trkpt lat="45.5842131" lon="7.6189870">
        <ele>2493</ele>
      </trkpt>
      <trkpt lat="45.5842920" lon="7.6190474">
        <ele>2493</ele>
      </trkpt>
      <trkpt lat="45.5844106" lon="7.6190705">
        <ele>2493</ele>
      </trkpt>
      <trkpt lat="45.5844878" lon="7.6190487">
        <ele>2493</ele>
      </trkpt>
      <trkpt lat="45.5846431" lon="7.6190170">
        <ele>2493</ele>
      </trkpt>
      <trkpt lat="45.5847031" lon="7.6189670">
        <ele>2493</ele>
      </trkpt>
      <trkpt lat="45.5850231" lon="7.6189370">
        <ele>2493</ele>
      </trkpt>
      <trkpt lat="45.5851430" lon="7.6189453">
        <ele>2493</ele>
      </trkpt>
      <trkpt lat="45.5852534" lon="7.6189947">
        <ele>2493</ele>
      </trkpt>
      <trkpt lat="45.5853897" lon="7.6190741">
        <ele>2494</ele>
      </trkpt>
      <trkpt lat="45.5854445" lon="7.6190697">
        <ele>2494</ele>
      </trkpt>
      <trkpt lat="45.5855286" lon="7.6190768">
        <ele>2494</ele>
      </trkpt>
      <trkpt lat="45.5855514" lon="7.6190992">
        <ele>2494</ele>
      </trkpt>
      <trkpt lat="45.5855814" lon="7.6190862">
        <ele>2494</ele>
      </trkpt>
      <trkpt lat="45.5857343" lon="7.6190963">
        <ele>2494</ele>
      </trkpt>
      <trkpt lat="45.5858713" lon="7.6191247">
        <ele>2494</ele>
      </trkpt>
      <trkpt lat="45.5862931" lon="7.6189870">
        <ele>2494</ele>
      </trkpt>
      <trkpt lat="45.5865431" lon="7.6187270">
        <ele>2494</ele>
      </trkpt>
      <trkpt lat="45.5867031" lon="7.6187470">
        <ele>2494</ele>
      </trkpt>
      <trkpt lat="45.5867382" lon="7.6188314">
        <ele>2494</ele>
      </trkpt>
      <trkpt lat="45.5867568" lon="7.6188352">
        <ele>2495</ele>
      </trkpt>
      <trkpt lat="45.5868134" lon="7.6188062">
        <ele>2495</ele>
      </trkpt>
      <trkpt lat="45.5869306" lon="7.6187083">
        <ele>2495</ele>
      </trkpt>
      <trkpt lat="45.5870265" lon="7.6186738">
        <ele>2495</ele>
      </trkpt>
      <trkpt lat="45.5870943" lon="7.6186736">
        <ele>2495</ele>
      </trkpt>
      <trkpt lat="45.5871687" lon="7.6186841">
        <ele>2495</ele>
      </trkpt>
      <trkpt lat="45.5872623" lon="7.6187002">
        <ele>2495</ele>
      </trkpt>
      <trkpt lat="45.5874376" lon="7.6186974">
        <ele>2495</ele>
      </trkpt>
      <trkpt lat="45.5875020" lon="7.6186774">
        <ele>2495</ele>
      </trkpt>
      <trkpt lat="45.5875322" lon="7.6186843">
        <ele>2495</ele>
      </trkpt>
      <trkpt lat="45.5876086" lon="7.6186792">
        <ele>2495</ele>
      </trkpt>
      <trkpt lat="45.5878789" lon="7.6185685">
        <ele>2496</ele>
      </trkpt>
      <trkpt lat="45.5882431" lon="7.6186570">
        <ele>2496</ele>
      </trkpt>
      <trkpt lat="45.5884331" lon="7.6188070">
        <ele>2496</ele>
      </trkpt>
      <trkpt lat="45.5887231" lon="7.6187770">
        <ele>2496</ele>
      </trkpt>
      <trkpt lat="45.5887532" lon="7.6187862">
        <ele>2496</ele>
      </trkpt>
      <trkpt lat="45.5888249" lon="7.6188350">
        <ele>2496</ele>
      </trkpt>
      <trkpt lat="45.5890731" lon="7.6188670">
        <ele>2496</ele>
      </trkpt>
      <trkpt lat="45.5891641" lon="7.6189820">
        <ele>2496</ele>
      </trkpt>
      <trkpt lat="45.5892691" lon="7.6189529">
        <ele>2496</ele>
      </trkpt>
      <trkpt lat="45.5893951" lon="7.6189575">
        <ele>2496</ele>
      </trkpt>
      <trkpt lat="45.5894631" lon="7.6189970">
        <ele>2496</ele>
      </trkpt>
      <trkpt lat="45.5897731" lon="7.6192670">
        <ele>2497</ele>
      </trkpt>
      <trkpt lat="45.5902331" lon="7.6194070">
        <ele>2497</ele>
      </trkpt>
      <trkpt lat="45.5907078" lon="7.6196518">
        <ele>2497</ele>
      </trkpt>
      <trkpt lat="45.5910090" lon="7.6195126">
        <ele>2497</ele>
      </trkpt>
      <trkpt lat="45.5915031" lon="7.6196170">
        <ele>2497</ele>
      </trkpt>
      <trkpt lat="45.5915547" lon="7.6196034">
        <ele>2497</ele>
      </trkpt>
      <trkpt lat="45.5916173" lon="7.6195299">
        <ele>2497</ele>
      </trkpt>
      <trkpt lat="45.5916855" lon="7.6194776">
        <ele>2497</ele>
      </trkpt>
      <trkpt lat="45.5917466" lon="7.6194608">
        <ele>2497</ele>
      </trkpt>
      <trkpt lat="45.5918020" lon="7.6194104">
        <ele>2497</ele>
      </trkpt>
      <trkpt lat="45.5918796" lon="7.6193747">
        <ele>2497</ele>
      </trkpt>
      <trkpt lat="45.5919324" lon="7.6193781">
        <ele>2497</ele>
      </trkpt>
      <trkpt lat="45.5919977" lon="7.6193565">
        <ele>2498</ele>
      </trkpt>
      <trkpt lat="45.5920669" lon="7.6193502">
        <ele>2498</ele>
      </trkpt>
      <trkpt lat="45.5921020" lon="7.6193494">
        <ele>2498</ele>
      </trkpt>
      <trkpt lat="45.5921301" lon="7.6193548">
        <ele>2498</ele>
      </trkpt>
      <trkpt lat="45.5921810" lon="7.6193796">
        <ele>2498</ele>
      </trkpt>
      <trkpt lat="45.5921996" lon="7.6194099">
        <ele>2498</ele>
      </trkpt>
      <trkpt lat="45.5922060" lon="7.6194235">
        <ele>2498</ele>
      </trkpt>
      <trkpt lat="45.5922485" lon="7.6194715">
        <ele>2498</ele>
      </trkpt>
      <trkpt lat="45.5922919" lon="7.6194965">
        <ele>2498</ele>
      </trkpt>
      <trkpt lat="45.5923427" lon="7.6195151">
        <ele>2498</ele>
      </trkpt>
      <trkpt lat="45.5924205" lon="7.6195439">
        <ele>2498</ele>
      </trkpt>
      <trkpt lat="45.5926159" lon="7.6196142">
        <ele>2499</ele>
      </trkpt>
      <trkpt lat="45.5926885" lon="7.6196569">
        <ele>2499</ele>
      </trkpt>
      <trkpt lat="45.5928080" lon="7.6197061">
        <ele>2499</ele>
      </trkpt>
      <trkpt lat="45.5929089" lon="7.6197741">
        <ele>2499</ele>
      </trkpt>
      <trkpt lat="45.5929572" lon="7.6197837">
        <ele>2499</ele>
      </trkpt>
      <trkpt lat="45.5929854" lon="7.6198044">
        <ele>2499</ele>
      </trkpt>
      <trkpt lat="45.5930741" lon="7.6198390">
        <ele>2499</ele>
      </trkpt>
      <trkpt lat="45.5931726" lon="7.6198903">
        <ele>2499</ele>
      </trkpt>
      <trkpt lat="45.5933011" lon="7.6199254">
        <ele>2499</ele>
      </trkpt>
      <trkpt lat="45.5933799" lon="7.6199410">
        <ele>2499</ele>
      </trkpt>
      <trkpt lat="45.5935688" lon="7.6200260">
        <ele>2499</ele>
      </trkpt>
      <trkpt lat="45.5936280" lon="7.6200401">
        <ele>2500</ele>
      </trkpt>
      <trkpt lat="45.5937150" lon="7.6200655">
        <ele>2500</ele>
      </trkpt>
      <trkpt lat="45.5937680" lon="7.6200887">
        <ele>2500</ele>
      </trkpt>
      <trkpt lat="45.5937971" lon="7.6200972">
        <ele>2500</ele>
      </trkpt>
      <trkpt lat="45.5938167" lon="7.6201105">
        <ele>2500</ele>
      </trkpt>
      <trkpt lat="45.5938332" lon="7.6201408">
        <ele>2500</ele>
      </trkpt>
      <trkpt lat="45.5938758" lon="7.6201919">
        <ele>2500</ele>
      </trkpt>
      <trkpt lat="45.5939046" lon="7.6201988">
        <ele>2500</ele>
      </trkpt>
      <trkpt lat="45.5939317" lon="7.6202104">
        <ele>2500</ele>
      </trkpt>
      <trkpt lat="45.5939501" lon="7.6202238">
        <ele>2500</ele>
      </trkpt>
      <trkpt lat="45.5939882" lon="7.6202596">
        <ele>2500</ele>
      </trkpt>
      <trkpt lat="45.5940282" lon="7.6202755">
        <ele>2501</ele>
      </trkpt>
      <trkpt lat="45.5940662" lon="7.6202976">
        <ele>2501</ele>
      </trkpt>
      <trkpt lat="45.5941170" lon="7.6203208">
        <ele>2501</ele>
      </trkpt>
      <trkpt lat="45.5941733" lon="7.6203486">
        <ele>2501</ele>
      </trkpt>
      <trkpt lat="45.5942134" lon="7.6203660">
        <ele>2501</ele>
      </trkpt>
      <trkpt lat="45.5942624" lon="7.6204185">
        <ele>2501</ele>
      </trkpt>
      <trkpt lat="45.5942881" lon="7.6204498">
        <ele>2501</ele>
      </trkpt>
      <trkpt lat="45.5944172" lon="7.6204944">
        <ele>2501</ele>
      </trkpt>
      <trkpt lat="45.5956044" lon="7.6207734">
        <ele>2501</ele>
      </trkpt>
      <trkpt lat="45.5957216" lon="7.6207690">
        <ele>2501</ele>
      </trkpt>
      <trkpt lat="45.5957819" lon="7.6207491">
        <ele>2501</ele>
      </trkpt>
      <trkpt lat="45.5958620" lon="7.6207226">
        <ele>2501</ele>
      </trkpt>
      <trkpt lat="45.5959890" lon="7.6207210">
        <ele>2502</ele>
      </trkpt>
      <trkpt lat="45.5960381" lon="7.6207262">
        <ele>2502</ele>
      </trkpt>
      <trkpt lat="45.5960847" lon="7.6207050">
        <ele>2502</ele>
      </trkpt>
      <trkpt lat="45.5962012" lon="7.6206944">
        <ele>2502</ele>
      </trkpt>
      <trkpt lat="45.5963010" lon="7.6206919">
        <ele>2502</ele>
      </trkpt>
      <trkpt lat="45.5964084" lon="7.6206755">
        <ele>2502</ele>
      </trkpt>
      <trkpt lat="45.5964638" lon="7.6206236">
        <ele>2502</ele>
      </trkpt>
      <trkpt lat="45.5965267" lon="7.6205776">
        <ele>2502</ele>
      </trkpt>
      <trkpt lat="45.5966226" lon="7.6205001">
        <ele>2502</ele>
      </trkpt>
      <trkpt lat="45.5966756" lon="7.6204344">
        <ele>2502</ele>
      </trkpt>
      <trkpt lat="45.5967006" lon="7.6203679">
        <ele>2502</ele>
      </trkpt>
      <trkpt lat="45.5966924" lon="7.6203083">
        <ele>2503</ele>
      </trkpt>
      <trkpt lat="45.5966745" lon="7.6202520">
        <ele>2503</ele>
      </trkpt>
      <trkpt lat="45.5966712" lon="7.6201586">
        <ele>2503</ele>
      </trkpt>
      <trkpt lat="45.5966630" lon="7.6199582">
        <ele>2503</ele>
      </trkpt>
      <trkpt lat="45.5967325" lon="7.6195792">
        <ele>2503</ele>
      </trkpt>
      <trkpt lat="45.5967721" lon="7.6195070">
        <ele>2503</ele>
      </trkpt>
      <trkpt lat="45.5969074" lon="7.6194247">
        <ele>2503</ele>
      </trkpt>
      <trkpt lat="45.5970521" lon="7.6193970">
        <ele>2503</ele>
      </trkpt>
      <trkpt lat="45.5973001" lon="7.6189889">
        <ele>2503</ele>
      </trkpt>
      <trkpt lat="45.5974229" lon="7.6189915">
        <ele>2503</ele>
      </trkpt>
      <trkpt lat="45.5976352" lon="7.6190696">
        <ele>2503</ele>
      </trkpt>
      <trkpt lat="45.5978721" lon="7.6192570">
        <ele>2504</ele>
      </trkpt>
      <trkpt lat="45.5979213" lon="7.6192542">
        <ele>2504</ele>
      </trkpt>
      <trkpt lat="45.5979486" lon="7.6192244">
        <ele>2504</ele>
      </trkpt>
      <trkpt lat="45.5978887" lon="7.6190741">
        <ele>2504</ele>
      </trkpt>
      <trkpt lat="45.5979269" lon="7.6190317">
        <ele>2504</ele>
      </trkpt>
      <trkpt lat="45.5980321" lon="7.6190570">
        <ele>2504</ele>
      </trkpt>
      <trkpt lat="45.5982821" lon="7.6192470">
        <ele>2504</ele>
      </trkpt>
      <trkpt lat="45.5984945" lon="7.6193811">
        <ele>2504</ele>
      </trkpt>
      <trkpt lat="45.5986621" lon="7.6194770">
        <ele>2504</ele>
      </trkpt>
      <trkpt lat="45.5988700" lon="7.6195973">
        <ele>2504</ele>
      </trkpt>
      <trkpt lat="45.5991821" lon="7.6196590">
        <ele>2504</ele>
      </trkpt>
      <trkpt lat="45.5993747" lon="7.6196876">
        <ele>2505</ele>
      </trkpt>
      <trkpt lat="45.5994569" lon="7.6196304">
        <ele>2505</ele>
      </trkpt>
      <trkpt lat="45.5995579" lon="7.6196141">
        <ele>2505</ele>
      </trkpt>
      <trkpt lat="45.5997111" lon="7.6196058">
        <ele>2505</ele>
      </trkpt>
      <trkpt lat="45.5998121" lon="7.6195370">
        <ele>2505</ele>
      </trkpt>
      <trkpt lat="45.5998530" lon="7.6193279">
        <ele>2505</ele>
      </trkpt>
      <trkpt lat="45.5998973" lon="7.6192486">
        <ele>2505</ele>
      </trkpt>
      <trkpt lat="45.5999731" lon="7.6191962">
        <ele>2505</ele>
      </trkpt>
      <trkpt lat="45.6000721" lon="7.6191470">
        <ele>2505</ele>
      </trkpt>
      <trkpt lat="45.6001991" lon="7.6192872">
        <ele>2505</ele>
      </trkpt>
      <trkpt lat="45.6003321" lon="7.6192970">
        <ele>2505</ele>
      </trkpt>
      <trkpt lat="45.6004721" lon="7.6193870">
        <ele>2505</ele>
      </trkpt>
      <trkpt lat="45.6005721" lon="7.6196270">
        <ele>2506</ele>
      </trkpt>
      <trkpt lat="45.6007421" lon="7.6196070">
        <ele>2506</ele>
      </trkpt>
      <trkpt lat="45.6010321" lon="7.6203070">
        <ele>2506</ele>
      </trkpt>
      <trkpt lat="45.6013119" lon="7.6204940">
        <ele>2506</ele>
      </trkpt>
      <trkpt lat="45.6013903" lon="7.6206638">
        <ele>2506</ele>
      </trkpt>
      <trkpt lat="45.6017721" lon="7.6209070">
        <ele>2506</ele>
      </trkpt>
      <trkpt lat="45.6017894" lon="7.6209821">
        <ele>2506</ele>
      </trkpt>
      <trkpt lat="45.6017816" lon="7.6210513">
        <ele>2506</ele>
      </trkpt>
      <trkpt lat="45.6017607" lon="7.6211944">
        <ele>2506</ele>
      </trkpt>
      <trkpt lat="45.6019381" lon="7.6213350">
        <ele>2506</ele>
      </trkpt>
      <trkpt lat="45.6020121" lon="7.6214770">
        <ele>2506</ele>
      </trkpt>
      <trkpt lat="45.6021421" lon="7.6216070">
        <ele>2507</ele>
      </trkpt>
      <trkpt lat="45.6025211" lon="7.6218850">
        <ele>2507</ele>
      </trkpt>
      <trkpt lat="45.6027781" lon="7.6222890">
        <ele>2507</ele>
      </trkpt>
      <trkpt lat="45.6030721" lon="7.6224870">
        <ele>2507</ele>
      </trkpt>
      <trkpt lat="45.6033021" lon="7.6223870">
        <ele>2507</ele>
      </trkpt>
      <trkpt lat="45.6034281" lon="7.6224270">
        <ele>2507</ele>
      </trkpt>
      <trkpt lat="45.6034921" lon="7.6226770">
        <ele>2507</ele>
      </trkpt>
      <trkpt lat="45.6037890" lon="7.6225797">
        <ele>2507</ele>
      </trkpt>
      <trkpt lat="45.6039361" lon="7.6228250">
        <ele>2507</ele>
      </trkpt>
      <trkpt lat="45.6040757" lon="7.6229222">
        <ele>2507</ele>
      </trkpt>
      <trkpt lat="45.6047828" lon="7.6225324">
        <ele>2507</ele>
      </trkpt>
      <trkpt lat="45.6048131" lon="7.6225424">
        <ele>2508</ele>
      </trkpt>
      <trkpt lat="45.6048549" lon="7.6227269">
        <ele>2508</ele>
      </trkpt>
      <trkpt lat="45.6049617" lon="7.6228423">
        <ele>2508</ele>
      </trkpt>
      <trkpt lat="45.6049721" lon="7.6229570">
        <ele>2508</ele>
      </trkpt>
      <trkpt lat="45.6050521" lon="7.6230770">
        <ele>2508</ele>
      </trkpt>
      <trkpt lat="45.6053074" lon="7.6231727">
        <ele>2508</ele>
      </trkpt>
      <trkpt lat="45.6055237" lon="7.6231766">
        <ele>2508</ele>
      </trkpt>
      <trkpt lat="45.6056021" lon="7.6232270">
        <ele>2508</ele>
      </trkpt>
      <trkpt lat="45.6062956" lon="7.6236637">
        <ele>2508</ele>
      </trkpt>
      <trkpt lat="45.6064521" lon="7.6238070">
        <ele>2508</ele>
      </trkpt>
      <trkpt lat="45.6066188" lon="7.6236542">
        <ele>2508</ele>
      </trkpt>
      <trkpt lat="45.6067551" lon="7.6236800">
        <ele>2509</ele>
      </trkpt>
      <trkpt lat="45.6068540" lon="7.6236975">
        <ele>2509</ele>
      </trkpt>
      <trkpt lat="45.6068821" lon="7.6237370">
        <ele>2509</ele>
      </trkpt>
      <trkpt lat="45.6071372" lon="7.6242126">
        <ele>2509</ele>
      </trkpt>
      <trkpt lat="45.6072796" lon="7.6243932">
        <ele>2509</ele>
      </trkpt>
      <trkpt lat="45.6072919" lon="7.6244262">
        <ele>2509</ele>
      </trkpt>
      <trkpt lat="45.6072980" lon="7.6244701">
        <ele>2509</ele>
      </trkpt>
      <trkpt lat="45.6073156" lon="7.6245019">
        <ele>2509</ele>
      </trkpt>
      <trkpt lat="45.6073418" lon="7.6245289">
        <ele>2509</ele>
      </trkpt>
      <trkpt lat="45.6073757" lon="7.6245541">
        <ele>2509</ele>
      </trkpt>
      <trkpt lat="45.6074159" lon="7.6246114">
        <ele>2509</ele>
      </trkpt>
      <trkpt lat="45.6074402" lon="7.6246583">
        <ele>2509</ele>
      </trkpt>
      <trkpt lat="45.6074782" lon="7.6246835">
        <ele>2510</ele>
      </trkpt>
      <trkpt lat="45.6075130" lon="7.6246891">
        <ele>2510</ele>
      </trkpt>
      <trkpt lat="45.6075901" lon="7.6247712">
        <ele>2510</ele>
      </trkpt>
      <trkpt lat="45.6076270" lon="7.6249159">
        <ele>2510</ele>
      </trkpt>
      <trkpt lat="45.6078380" lon="7.6253631">
        <ele>2510</ele>
      </trkpt>
      <trkpt lat="45.6079057" lon="7.6255592">
        <ele>2510</ele>
      </trkpt>
      <trkpt lat="45.6080067" lon="7.6257484">
        <ele>2510</ele>
      </trkpt>
      <trkpt lat="45.6080917" lon="7.6258337">
        <ele>2510</ele>
      </trkpt>
      <trkpt lat="45.6081688" lon="7.6258901">
        <ele>2510</ele>
      </trkpt>
      <trkpt lat="45.6083497" lon="7.6259455">
        <ele>2510</ele>
      </trkpt>
      <trkpt lat="45.6084521" lon="7.6258370">
        <ele>2510</ele>
      </trkpt>
      <trkpt lat="45.6084721" lon="7.6255270">
        <ele>2511</ele>
      </trkpt>
      <trkpt lat="45.6084121" lon="7.6254370">
        <ele>2511</ele>
      </trkpt>
      <trkpt lat="45.6083707" lon="7.6250986">
        <ele>2511</ele>
      </trkpt>
      <trkpt lat="45.6082268" lon="7.6248354">
        <ele>2511</ele>
      </trkpt>
      <trkpt lat="45.6083021" lon="7.6246870">
        <ele>2511</ele>
      </trkpt>
      <trkpt lat="45.6082821" lon="7.6244970">
        <ele>2511</ele>
      </trkpt>
      <trkpt lat="45.6080621" lon="7.6240570">
        <ele>2511</ele>
      </trkpt>
      <trkpt lat="45.6077921" lon="7.6238170">
        <ele>2511</ele>
      </trkpt>
      <trkpt lat="45.6079221" lon="7.6237870">
        <ele>2511</ele>
      </trkpt>
      <trkpt lat="45.6078421" lon="7.6233070">
        <ele>2511</ele>
      </trkpt>
      <trkpt lat="45.6078721" lon="7.6230270">
        <ele>2511</ele>
      </trkpt>
      <trkpt lat="45.6077821" lon="7.6228070">
        <ele>2512</ele>
      </trkpt>
      <trkpt lat="45.6078821" lon="7.6226670">
        <ele>2512</ele>
      </trkpt>
      <trkpt lat="45.6079421" lon="7.6223770">
        <ele>2512</ele>
      </trkpt>
      <trkpt lat="45.6077081" lon="7.6221170">
        <ele>2512</ele>
      </trkpt>
      <trkpt lat="45.6077721" lon="7.6220470">
        <ele>2512</ele>
      </trkpt>
      <trkpt lat="45.6077821" lon="7.6219370">
        <ele>2512</ele>
      </trkpt>
      <trkpt lat="45.6076921" lon="7.6219570">
        <ele>2512</ele>
      </trkpt>
      <trkpt lat="45.6076921" lon="7.6215870">
        <ele>2512</ele>
      </trkpt>
      <trkpt lat="45.6075721" lon="7.6215470">
        <ele>2512</ele>
      </trkpt>
      <trkpt lat="45.6075921" lon="7.6214270">
        <ele>2512</ele>
      </trkpt>
      <trkpt lat="45.6075421" lon="7.6214370">
        <ele>2512</ele>
      </trkpt>
      <trkpt lat="45.6075021" lon="7.6211670">
        <ele>2513</ele>
      </trkpt>
      <trkpt lat="45.6074021" lon="7.6210970">
        <ele>2513</ele>
      </trkpt>
      <trkpt lat="45.6076021" lon="7.6207870">
        <ele>2513</ele>
      </trkpt>
      <trkpt lat="45.6075721" lon="7.6205270">
        <ele>2513</ele>
      </trkpt>
      <trkpt lat="45.6076621" lon="7.6200970">
        <ele>2513</ele>
      </trkpt>
      <trkpt lat="45.6076321" lon="7.6197070">
        <ele>2513</ele>
      </trkpt>
      <trkpt lat="45.6075321" lon="7.6195670">
        <ele>2513</ele>
      </trkpt>
      <trkpt lat="45.6076121" lon="7.6194770">
        <ele>2513</ele>
      </trkpt>
      <trkpt lat="45.6079321" lon="7.6196270">
        <ele>2513</ele>
      </trkpt>
      <trkpt lat="45.6080321" lon="7.6198170">
        <ele>2513</ele>
      </trkpt>
      <trkpt lat="45.6079721" lon="7.6194670">
        <ele>2513</ele>
      </trkpt>
      <trkpt lat="45.6081021" lon="7.6194770">
        <ele>2513</ele>
      </trkpt>
      <trkpt lat="45.6080821" lon="7.6190670">
        <ele>2514</ele>
      </trkpt>
      <trkpt lat="45.6082021" lon="7.6188170">
        <ele>2514</ele>
      </trkpt>
      <trkpt lat="45.6082121" lon="7.6184270">
        <ele>2514</ele>
      </trkpt>
      <trkpt lat="45.6084121" lon="7.6179570">
        <ele>2514</ele>
      </trkpt>
      <trkpt lat="45.6082821" lon="7.6177770">
        <ele>2514</ele>
      </trkpt>
      <trkpt lat="45.6082721" lon="7.6176870">
        <ele>2514</ele>
      </trkpt>
      <trkpt lat="45.6083721" lon="7.6176570">
        <ele>2514</ele>
      </trkpt>
      <trkpt lat="45.6082521" lon="7.6172870">
        <ele>2514</ele>
      </trkpt>
      <trkpt lat="45.6082221" lon="7.6169570">
        <ele>2514</ele>
      </trkpt>
      <trkpt lat="45.6082721" lon="7.6168070">
        <ele>2514</ele>
      </trkpt>
      <trkpt lat="45.6079521" lon="7.6157170">
        <ele>2514</ele>
      </trkpt>
      <trkpt lat="45.6079221" lon="7.6152770">
        <ele>2515</ele>
      </trkpt>
      <trkpt lat="45.6078121" lon="7.6151970">
        <ele>2515</ele>
      </trkpt>
      <trkpt lat="45.6076021" lon="7.6144970">
        <ele>2515</ele>
      </trkpt>
      <trkpt lat="45.6070721" lon="7.6141970">
        <ele>2515</ele>
      </trkpt>
      <trkpt lat="45.6069021" lon="7.6139670">
        <ele>2515</ele>
      </trkpt>
      <trkpt lat="45.6067221" lon="7.6134570">
        <ele>2515</ele>
      </trkpt>
      <trkpt lat="45.6066221" lon="7.6135170">
        <ele>2515</ele>
      </trkpt>
      <trkpt lat="45.6066921" lon="7.6133170">
        <ele>2515</ele>
      </trkpt>
      <trkpt lat="45.6065321" lon="7.6127870">
        <ele>2515</ele>
      </trkpt>
      <trkpt lat="45.6065921" lon="7.6127370">
        <ele>2515</ele>
      </trkpt>
      <trkpt lat="45.6064721" lon="7.6126070">
        <ele>2515</ele>
      </trkpt>
      <trkpt lat="45.6063021" lon="7.6121670">
        <ele>2516</ele>
      </trkpt>
      <trkpt lat="45.6062921" lon="7.6118170">
        <ele>2516</ele>
      </trkpt>
      <trkpt lat="45.6059221" lon="7.6116470">
        <ele>2516</ele>
      </trkpt>
      <trkpt lat="45.6058221" lon="7.6115170">
        <ele>2516</ele>
      </trkpt>
      <trkpt lat="45.6051221" lon="7.6095970">
        <ele>2516</ele>
      </trkpt>
      <trkpt lat="45.6046521" lon="7.6080770">
        <ele>2516</ele>
      </trkpt>
      <trkpt lat="45.6045321" lon="7.6071880">
        <ele>2516</ele>
      </trkpt>
      <trkpt lat="45.6044121" lon="7.6068880">
        <ele>2516</ele>
      </trkpt>
      <trkpt lat="45.6045221" lon="7.6066980">
        <ele>2516</ele>
      </trkpt>
      <trkpt lat="45.6044521" lon="7.6065380">
        <ele>2516</ele>
      </trkpt>
      <trkpt lat="45.6044421" lon="7.6061880">
        <ele>2516</ele>
      </trkpt>
      <trkpt lat="45.6041421" lon="7.6057580">
        <ele>2517</ele>
      </trkpt>
      <trkpt lat="45.6040221" lon="7.6053980">
        <ele>2517</ele>
      </trkpt>
      <trkpt lat="45.6039721" lon="7.6046080">
        <ele>2517</ele>
      </trkpt>
      <trkpt lat="45.6041321" lon="7.6036980">
        <ele>2517</ele>
      </trkpt>
      <trkpt lat="45.6039021" lon="7.6034180">
        <ele>2517</ele>
      </trkpt>
      <trkpt lat="45.6037521" lon="7.6031180">
        <ele>2517</ele>
      </trkpt>
      <trkpt lat="45.6037221" lon="7.6025980">
        <ele>2517</ele>
      </trkpt>
      <trkpt lat="45.6035721" lon="7.6021580">
        <ele>2517</ele>
      </trkpt>
      <trkpt lat="45.6035721" lon="7.6018280">
        <ele>2517</ele>
      </trkpt>
      <trkpt lat="45.6037521" lon="7.6007280">
        <ele>2517</ele>
      </trkpt>
      <trkpt lat="45.6030921" lon="7.5997080">
        <ele>2517</ele>
      </trkpt>
      <trkpt lat="45.6030221" lon="7.5993180">
        <ele>2518</ele>
      </trkpt>
      <trkpt lat="45.6027321" lon="7.5987780">
        <ele>2518</ele>
      </trkpt>
      <trkpt lat="45.6027221" lon="7.5984680">
        <ele>2518</ele>
      </trkpt>
      <trkpt lat="45.6024421" lon="7.5980780">
        <ele>2518</ele>
      </trkpt>
      <trkpt lat="45.6024221" lon="7.5977780">
        <ele>2518</ele>
      </trkpt>
      <trkpt lat="45.6016321" lon="7.5973080">
        <ele>2518</ele>
      </trkpt>
      <trkpt lat="45.6014321" lon="7.5964180">
        <ele>2518</ele>
      </trkpt>
      <trkpt lat="45.6012521" lon="7.5964180">
        <ele>2518</ele>
      </trkpt>
      <trkpt lat="45.6009731" lon="7.5962580">
        <ele>2518</ele>
      </trkpt>
      <trkpt lat="45.6005031" lon="7.5962980">
        <ele>2518</ele>
      </trkpt>
      <trkpt lat="45.6003531" lon="7.5961980">
        <ele>2518</ele>
      </trkpt>
      <trkpt lat="45.6002431" lon="7.5962380">
        <ele>2518</ele>
      </trkpt>
      <trkpt lat="45.6001131" lon="7.5964980">
        <ele>2519</ele>
      </trkpt>
      <trkpt lat="45.5999131" lon="7.5967080">
        <ele>2519</ele>
      </trkpt>
      <trkpt lat="45.5995031" lon="7.5965580">
        <ele>2519</ele>
      </trkpt>
      <trkpt lat="45.5994231" lon="7.5964780">
        <ele>2519</ele>
      </trkpt>
      <trkpt lat="45.5988331" lon="7.5961480">
        <ele>2519</ele>
      </trkpt>
      <trkpt lat="45.5987331" lon="7.5960280">
        <ele>2519</ele>
      </trkpt>
      <trkpt lat="45.5986531" lon="7.5955980">
        <ele>2519</ele>
      </trkpt>
      <trkpt lat="45.5984531" lon="7.5951680">
        <ele>2519</ele>
      </trkpt>
      <trkpt lat="45.5981131" lon="7.5949680">
        <ele>2519</ele>
      </trkpt>
      <trkpt lat="45.5979631" lon="7.5950080">
        <ele>2519</ele>
      </trkpt>
      <trkpt lat="45.5979331" lon="7.5949280">
        <ele>2519</ele>
      </trkpt>
      <trkpt lat="45.5977631" lon="7.5948880">
        <ele>2520</ele>
      </trkpt>
      <trkpt lat="45.5973131" lon="7.5942680">
        <ele>2520</ele>
      </trkpt>
      <trkpt lat="45.5971631" lon="7.5936780">
        <ele>2520</ele>
      </trkpt>
      <trkpt lat="45.5969931" lon="7.5936280">
        <ele>2520</ele>
      </trkpt>
      <trkpt lat="45.5968931" lon="7.5934180">
        <ele>2520</ele>
      </trkpt>
      <trkpt lat="45.5969031" lon="7.5931980">
        <ele>2520</ele>
      </trkpt>
      <trkpt lat="45.5967531" lon="7.5928180">
        <ele>2520</ele>
      </trkpt>
      <trkpt lat="45.5967331" lon="7.5925580">
        <ele>2520</ele>
      </trkpt>
      <trkpt lat="45.5965631" lon="7.5925080">
        <ele>2520</ele>
      </trkpt>
      <trkpt lat="45.5963731" lon="7.5922780">
        <ele>2520</ele>
      </trkpt>
      <trkpt lat="45.5963831" lon="7.5919280">
        <ele>2520</ele>
      </trkpt>
      <trkpt lat="45.5963131" lon="7.5917980">
        <ele>2521</ele>
      </trkpt>
      <trkpt lat="45.5964631" lon="7.5913580">
        <ele>2521</ele>
      </trkpt>
      <trkpt lat="45.5961531" lon="7.5911280">
        <ele>2521</ele>
      </trkpt>
      <trkpt lat="45.5960503" lon="7.5911413">
        <ele>2521</ele>
      </trkpt>
      <trkpt lat="45.5960411" lon="7.5911508">
        <ele>2521</ele>
      </trkpt>
      <trkpt lat="45.5959830" lon="7.5911795">
        <ele>2521</ele>
      </trkpt>
      <trkpt lat="45.5959285" lon="7.5912464">
        <ele>2521</ele>
      </trkpt>
      <trkpt lat="45.5958025" lon="7.5912072">
        <ele>2521</ele>
      </trkpt>
      <trkpt lat="45.5957481" lon="7.5913001">
        <ele>2521</ele>
      </trkpt>
      <trkpt lat="45.5956500" lon="7.5912605">
        <ele>2521</ele>
      </trkpt>
      <trkpt lat="45.5956270" lon="7.5912512">
        <ele>2521</ele>
      </trkpt>
      <trkpt lat="45.5955816" lon="7.5913015">
        <ele>2522</ele>
      </trkpt>
      <trkpt lat="45.5955827" lon="7.5913062">
        <ele>2522</ele>
      </trkpt>
      <trkpt lat="45.5955793" lon="7.5913085">
        <ele>2522</ele>
      </trkpt>
      <trkpt lat="45.5955508" lon="7.5913637">
        <ele>2522</ele>
      </trkpt>
      <trkpt lat="45.5955064" lon="7.5913580">
        <ele>2522</ele>
      </trkpt>
      <trkpt lat="45.5953716" lon="7.5914634">
        <ele>2522</ele>
      </trkpt>
      <trkpt lat="45.5953475" lon="7.5915050">
        <ele>2522</ele>
      </trkpt>
      <trkpt lat="45.5953260" lon="7.5915160">
        <ele>2522</ele>
      </trkpt>
      <trkpt lat="45.5952852" lon="7.5915498">
        <ele>2522</ele>
      </trkpt>
      <trkpt lat="45.5951954" lon="7.5916422">
        <ele>2522</ele>
      </trkpt>
      <trkpt lat="45.5951529" lon="7.5916951">
        <ele>2522</ele>
      </trkpt>
      <trkpt lat="45.5951638" lon="7.5917235">
        <ele>2522</ele>
      </trkpt>
      <trkpt lat="45.5951873" lon="7.5917638">
        <ele>2523</ele>
      </trkpt>
      <trkpt lat="45.5952015" lon="7.5918304">
        <ele>2523</ele>
      </trkpt>
      <trkpt lat="45.5952189" lon="7.5919081">
        <ele>2523</ele>
      </trkpt>
      <trkpt lat="45.5952248" lon="7.5919349">
        <ele>2523</ele>
      </trkpt>
      <trkpt lat="45.5952235" lon="7.5919854">
        <ele>2523</ele>
      </trkpt>
      <trkpt lat="45.5952130" lon="7.5920327">
        <ele>2523</ele>
      </trkpt>
      <trkpt lat="45.5952331" lon="7.5921180">
        <ele>2523</ele>
      </trkpt>
      <trkpt lat="45.5952151" lon="7.5925016">
        <ele>2523</ele>
      </trkpt>
      <trkpt lat="45.5952019" lon="7.5925616">
        <ele>2523</ele>
      </trkpt>
      <trkpt lat="45.5951888" lon="7.5926616">
        <ele>2523</ele>
      </trkpt>
      <trkpt lat="45.5951893" lon="7.5927079">
        <ele>2523</ele>
      </trkpt>
      <trkpt lat="45.5952049" lon="7.5927808">
        <ele>2524</ele>
      </trkpt>
      <trkpt lat="45.5952219" lon="7.5928600">
        <ele>2524</ele>
      </trkpt>
      <trkpt lat="45.5952297" lon="7.5929492">
        <ele>2524</ele>
      </trkpt>
      <trkpt lat="45.5952354" lon="7.5930255">
        <ele>2524</ele>
      </trkpt>
      <trkpt lat="45.5952466" lon="7.5931603">
        <ele>2524</ele>
      </trkpt>
      <trkpt lat="45.5952479" lon="7.5933185">
        <ele>2524</ele>
      </trkpt>
      <trkpt lat="45.5952485" lon="7.5933910">
        <ele>2524</ele>
      </trkpt>
      <trkpt lat="45.5952464" lon="7.5935309">
        <ele>2524</ele>
      </trkpt>
      <trkpt lat="45.5952392" lon="7.5935707">
        <ele>2524</ele>
      </trkpt>
      <trkpt lat="45.5952553" lon="7.5936262">
        <ele>2524</ele>
      </trkpt>
      <trkpt lat="45.5952906" lon="7.5936963">
        <ele>2524</ele>
      </trkpt>
      <trkpt lat="45.5953343" lon="7.5937403">
        <ele>2525</ele>
      </trkpt>
      <trkpt lat="45.5953290" lon="7.5937786">
        <ele>2525</ele>
      </trkpt>
      <trkpt lat="45.5953012" lon="7.5938530">
        <ele>2525</ele>
      </trkpt>
      <trkpt lat="45.5952679" lon="7.5939535">
        <ele>2525</ele>
      </trkpt>
      <trkpt lat="45.5952533" lon="7.5940126">
        <ele>2525</ele>
      </trkpt>
      <trkpt lat="45.5952571" lon="7.5940431">
        <ele>2525</ele>
      </trkpt>
      <trkpt lat="45.5952213" lon="7.5941617">
        <ele>2525</ele>
      </trkpt>
      <trkpt lat="45.5952078" lon="7.5941901">
        <ele>2525</ele>
      </trkpt>
      <trkpt lat="45.5951901" lon="7.5942329">
        <ele>2525</ele>
      </trkpt>
      <trkpt lat="45.5951302" lon="7.5943389">
        <ele>2525</ele>
      </trkpt>
      <trkpt lat="45.5951206" lon="7.5943726">
        <ele>2525</ele>
      </trkpt>
      <trkpt lat="45.5951079" lon="7.5944337">
        <ele>2526</ele>
      </trkpt>
      <trkpt lat="45.5950558" lon="7.5946346">
        <ele>2526</ele>
      </trkpt>
      <trkpt lat="45.5950225" lon="7.5946921">
        <ele>2526</ele>
      </trkpt>
      <trkpt lat="45.5950034" lon="7.5947738">
        <ele>2526</ele>
      </trkpt>
      <trkpt lat="45.5949676" lon="7.5949246">
        <ele>2526</ele>
      </trkpt>
      <trkpt lat="45.5949386" lon="7.5950175">
        <ele>2526</ele>
      </trkpt>
      <trkpt lat="45.5948892" lon="7.5950938">
        <ele>2526</ele>
      </trkpt>
      <trkpt lat="45.5948634" lon="7.5951664">
        <ele>2526</ele>
      </trkpt>
      <trkpt lat="45.5948512" lon="7.5952281">
        <ele>2526</ele>
      </trkpt>
      <trkpt lat="45.5948340" lon="7.5952688">
        <ele>2526</ele>
      </trkpt>
      <trkpt lat="45.5948122" lon="7.5952905">
        <ele>2526</ele>
      </trkpt>
      <trkpt lat="45.5947912" lon="7.5953388">
        <ele>2526</ele>
      </trkpt>
      <trkpt lat="45.5947744" lon="7.5953734">
        <ele>2527</ele>
      </trkpt>
      <trkpt lat="45.5947419" lon="7.5954851">
        <ele>2527</ele>
      </trkpt>
      <trkpt lat="45.5947349" lon="7.5955200">
        <ele>2527</ele>
      </trkpt>
      <trkpt lat="45.5947232" lon="7.5955341">
        <ele>2527</ele>
      </trkpt>
      <trkpt lat="45.5946632" lon="7.5956741">
        <ele>2527</ele>
      </trkpt>
      <trkpt lat="45.5946584" lon="7.5957315">
        <ele>2527</ele>
      </trkpt>
      <trkpt lat="45.5942431" lon="7.5965680">
        <ele>2527</ele>
      </trkpt>
      <trkpt lat="45.5941631" lon="7.5971980">
        <ele>2527</ele>
      </trkpt>
      <trkpt lat="45.5941253" lon="7.5972141">
        <ele>2527</ele>
      </trkpt>
      <trkpt lat="45.5940960" lon="7.5972217">
        <ele>2527</ele>
      </trkpt>
      <trkpt lat="45.5940807" lon="7.5972248">
        <ele>2527</ele>
      </trkpt>
      <trkpt lat="45.5940636" lon="7.5972348">
        <ele>2528</ele>
      </trkpt>
      <trkpt lat="45.5940542" lon="7.5972487">
        <ele>2528</ele>
      </trkpt>
      <trkpt lat="45.5940456" lon="7.5972544">
        <ele>2528</ele>
      </trkpt>
      <trkpt lat="45.5940349" lon="7.5972464">
        <ele>2528</ele>
      </trkpt>
      <trkpt lat="45.5940281" lon="7.5972343">
        <ele>2528</ele>
      </trkpt>
      <trkpt lat="45.5940194" lon="7.5972332">
        <ele>2528</ele>
      </trkpt>
      <trkpt lat="45.5940090" lon="7.5972416">
        <ele>2528</ele>
      </trkpt>
      <trkpt lat="45.5939985" lon="7.5972446">
        <ele>2528</ele>
      </trkpt>
      <trkpt lat="45.5939868" lon="7.5972299">
        <ele>2528</ele>
      </trkpt>
      <trkpt lat="45.5939730" lon="7.5972002">
        <ele>2528</ele>
      </trkpt>
      <trkpt lat="45.5939487" lon="7.5971789">
        <ele>2528</ele>
      </trkpt>
      <trkpt lat="45.5939283" lon="7.5971589">
        <ele>2529</ele>
      </trkpt>
      <trkpt lat="45.5939009" lon="7.5971118">
        <ele>2529</ele>
      </trkpt>
      <trkpt lat="45.5938843" lon="7.5970862">
        <ele>2529</ele>
      </trkpt>
      <trkpt lat="45.5938689" lon="7.5970811">
        <ele>2529</ele>
      </trkpt>
      <trkpt lat="45.5938614" lon="7.5970950">
        <ele>2529</ele>
      </trkpt>
      <trkpt lat="45.5938609" lon="7.5971333">
        <ele>2529</ele>
      </trkpt>
      <trkpt lat="45.5938536" lon="7.5971649">
        <ele>2529</ele>
      </trkpt>
      <trkpt lat="45.5938416" lon="7.5972048">
        <ele>2529</ele>
      </trkpt>
      <trkpt lat="45.5938136" lon="7.5972697">
        <ele>2529</ele>
      </trkpt>
      <trkpt lat="45.5937969" lon="7.5973111">
        <ele>2529</ele>
      </trkpt>
      <trkpt lat="45.5937818" lon="7.5973334">
        <ele>2529</ele>
      </trkpt>
      <trkpt lat="45.5937472" lon="7.5973274">
        <ele>2530</ele>
      </trkpt>
      <trkpt lat="45.5937064" lon="7.5972874">
        <ele>2530</ele>
      </trkpt>
      <trkpt lat="45.5936782" lon="7.5972581">
        <ele>2530</ele>
      </trkpt>
      <trkpt lat="45.5936551" lon="7.5972491">
        <ele>2530</ele>
      </trkpt>
      <trkpt lat="45.5936425" lon="7.5972398">
        <ele>2530</ele>
      </trkpt>
      <trkpt lat="45.5936337" lon="7.5972236">
        <ele>2530</ele>
      </trkpt>
      <trkpt lat="45.5936334" lon="7.5972031">
        <ele>2530</ele>
      </trkpt>
      <trkpt lat="45.5936293" lon="7.5971759">
        <ele>2530</ele>
      </trkpt>
      <trkpt lat="45.5936001" lon="7.5971452">
        <ele>2530</ele>
      </trkpt>
      <trkpt lat="45.5935817" lon="7.5971320">
        <ele>2530</ele>
      </trkpt>
      <trkpt lat="45.5935605" lon="7.5971271">
        <ele>2530</ele>
      </trkpt>
      <trkpt lat="45.5935422" lon="7.5971207">
        <ele>2530</ele>
      </trkpt>
      <trkpt lat="45.5935115" lon="7.5971133">
        <ele>2531</ele>
      </trkpt>
      <trkpt lat="45.5934912" lon="7.5971069">
        <ele>2531</ele>
      </trkpt>
      <trkpt lat="45.5934748" lon="7.5970978">
        <ele>2531</ele>
      </trkpt>
      <trkpt lat="45.5934611" lon="7.5970749">
        <ele>2531</ele>
      </trkpt>
      <trkpt lat="45.5934493" lon="7.5970492">
        <ele>2531</ele>
      </trkpt>
      <trkpt lat="45.5934227" lon="7.5969980">
        <ele>2531</ele>
      </trkpt>
      <trkpt lat="45.5934032" lon="7.5969657">
        <ele>2531</ele>
      </trkpt>
      <trkpt lat="45.5933858" lon="7.5969552">
        <ele>2531</ele>
      </trkpt>
      <trkpt lat="45.5933734" lon="7.5969623">
        <ele>2531</ele>
      </trkpt>
      <trkpt lat="45.5933590" lon="7.5969640">
        <ele>2531</ele>
      </trkpt>
      <trkpt lat="45.5933454" lon="7.5969521">
        <ele>2531</ele>
      </trkpt>
      <trkpt lat="45.5933375" lon="7.5969318">
        <ele>2532</ele>
      </trkpt>
      <trkpt lat="45.5933269" lon="7.5969279">
        <ele>2532</ele>
      </trkpt>
      <trkpt lat="45.5933107" lon="7.5969379">
        <ele>2532</ele>
      </trkpt>
      <trkpt lat="45.5932955" lon="7.5969451">
        <ele>2532</ele>
      </trkpt>
      <trkpt lat="45.5932743" lon="7.5969415">
        <ele>2532</ele>
      </trkpt>
      <trkpt lat="45.5932598" lon="7.5969296">
        <ele>2532</ele>
      </trkpt>
      <trkpt lat="45.5932539" lon="7.5969175">
        <ele>2532</ele>
      </trkpt>
      <trkpt lat="45.5932439" lon="7.5968836">
        <ele>2532</ele>
      </trkpt>
      <trkpt lat="45.5932351" lon="7.5968687">
        <ele>2532</ele>
      </trkpt>
      <trkpt lat="45.5932139" lon="7.5968624">
        <ele>2532</ele>
      </trkpt>
      <trkpt lat="45.5931926" lon="7.5968479">
        <ele>2532</ele>
      </trkpt>
      <trkpt lat="45.5931819" lon="7.5968332">
        <ele>2533</ele>
      </trkpt>
      <trkpt lat="45.5931662" lon="7.5968049">
        <ele>2533</ele>
      </trkpt>
      <trkpt lat="45.5931478" lon="7.5967917">
        <ele>2533</ele>
      </trkpt>
      <trkpt lat="45.5931177" lon="7.5967678">
        <ele>2533</ele>
      </trkpt>
      <trkpt lat="45.5930886" lon="7.5967344">
        <ele>2533</ele>
      </trkpt>
      <trkpt lat="45.5930680" lon="7.5967021">
        <ele>2533</ele>
      </trkpt>
      <trkpt lat="45.5930191" lon="7.5966213">
        <ele>2533</ele>
      </trkpt>
      <trkpt lat="45.5929963" lon="7.5965673">
        <ele>2533</ele>
      </trkpt>
      <trkpt lat="45.5929902" lon="7.5965401">
        <ele>2533</ele>
      </trkpt>
      <trkpt lat="45.5929908" lon="7.5965100">
        <ele>2533</ele>
      </trkpt>
      <trkpt lat="45.5929780" lon="7.5964803">
        <ele>2533</ele>
      </trkpt>
      <trkpt lat="45.5929719" lon="7.5964517">
        <ele>2534</ele>
      </trkpt>
      <trkpt lat="45.5929579" lon="7.5964083">
        <ele>2534</ele>
      </trkpt>
      <trkpt lat="45.5929452" lon="7.5963868">
        <ele>2534</ele>
      </trkpt>
      <trkpt lat="45.5929182" lon="7.5963779">
        <ele>2534</ele>
      </trkpt>
      <trkpt lat="45.5928911" lon="7.5963540">
        <ele>2534</ele>
      </trkpt>
      <trkpt lat="45.5928696" lon="7.5963231">
        <ele>2534</ele>
      </trkpt>
      <trkpt lat="45.5928567" lon="7.5962934">
        <ele>2534</ele>
      </trkpt>
      <trkpt lat="45.5928468" lon="7.5961911">
        <ele>2534</ele>
      </trkpt>
      <trkpt lat="45.5928416" lon="7.5961503">
        <ele>2534</ele>
      </trkpt>
      <trkpt lat="45.5928384" lon="7.5961244">
        <ele>2534</ele>
      </trkpt>
      <trkpt lat="45.5928381" lon="7.5961012">
        <ele>2534</ele>
      </trkpt>
      <trkpt lat="45.5928337" lon="7.5960603">
        <ele>2535</ele>
      </trkpt>
      <trkpt lat="45.5928227" lon="7.5960223">
        <ele>2535</ele>
      </trkpt>
      <trkpt lat="45.5927964" lon="7.5959888">
        <ele>2535</ele>
      </trkpt>
      <trkpt lat="45.5927789" lon="7.5959701">
        <ele>2535</ele>
      </trkpt>
      <trkpt lat="45.5927679" lon="7.5959321">
        <ele>2535</ele>
      </trkpt>
      <trkpt lat="45.5927449" lon="7.5958603">
        <ele>2535</ele>
      </trkpt>
      <trkpt lat="45.5927262" lon="7.5958184">
        <ele>2535</ele>
      </trkpt>
      <trkpt lat="45.5926990" lon="7.5957876">
        <ele>2535</ele>
      </trkpt>
      <trkpt lat="45.5926639" lon="7.5957448">
        <ele>2535</ele>
      </trkpt>
      <trkpt lat="45.5926337" lon="7.5957059">
        <ele>2535</ele>
      </trkpt>
      <trkpt lat="45.5925889" lon="7.5956510">
        <ele>2535</ele>
      </trkpt>
      <trkpt lat="45.5925644" lon="7.5956120">
        <ele>2535</ele>
      </trkpt>
      <trkpt lat="45.5925430" lon="7.5955893">
        <ele>2536</ele>
      </trkpt>
      <trkpt lat="45.5925332" lon="7.5955663">
        <ele>2536</ele>
      </trkpt>
      <trkpt lat="45.5925154" lon="7.5955230">
        <ele>2536</ele>
      </trkpt>
      <trkpt lat="45.5924936" lon="7.5954662">
        <ele>2536</ele>
      </trkpt>
      <trkpt lat="45.5924707" lon="7.5954012">
        <ele>2536</ele>
      </trkpt>
      <trkpt lat="45.5924490" lon="7.5953553">
        <ele>2536</ele>
      </trkpt>
      <trkpt lat="45.5924255" lon="7.5953108">
        <ele>2536</ele>
      </trkpt>
      <trkpt lat="45.5924029" lon="7.5952717">
        <ele>2536</ele>
      </trkpt>
      <trkpt lat="45.5923850" lon="7.5952230">
        <ele>2536</ele>
      </trkpt>
      <trkpt lat="45.5923731" lon="7.5951877">
        <ele>2536</ele>
      </trkpt>
      <trkpt lat="45.5923697" lon="7.5951482">
        <ele>2536</ele>
      </trkpt>
      <trkpt lat="45.5923634" lon="7.5951005">
        <ele>2537</ele>
      </trkpt>
      <trkpt lat="45.5923535" lon="7.5950748">
        <ele>2537</ele>
      </trkpt>
      <trkpt lat="45.5923349" lon="7.5950479">
        <ele>2537</ele>
      </trkpt>
      <trkpt lat="45.5923086" lon="7.5950131">
        <ele>2537</ele>
      </trkpt>
      <trkpt lat="45.5922843" lon="7.5949836">
        <ele>2537</ele>
      </trkpt>
      <trkpt lat="45.5922549" lon="7.5949406">
        <ele>2537</ele>
      </trkpt>
      <trkpt lat="45.5922447" lon="7.5948903">
        <ele>2537</ele>
      </trkpt>
      <trkpt lat="45.5922433" lon="7.5948548">
        <ele>2537</ele>
      </trkpt>
      <trkpt lat="45.5922431" lon="7.5948330">
        <ele>2537</ele>
      </trkpt>
      <trkpt lat="45.5922361" lon="7.5948086">
        <ele>2537</ele>
      </trkpt>
      <trkpt lat="45.5922194" lon="7.5947776">
        <ele>2537</ele>
      </trkpt>
      <trkpt lat="45.5921979" lon="7.5947480">
        <ele>2538</ele>
      </trkpt>
      <trkpt lat="45.5921795" lon="7.5947348">
        <ele>2538</ele>
      </trkpt>
      <trkpt lat="45.5921631" lon="7.5947284">
        <ele>2538</ele>
      </trkpt>
      <trkpt lat="45.5921572" lon="7.5947122">
        <ele>2538</ele>
      </trkpt>
      <trkpt lat="45.5921570" lon="7.5946985">
        <ele>2538</ele>
      </trkpt>
      <trkpt lat="45.5921664" lon="7.5946860">
        <ele>2538</ele>
      </trkpt>
      <trkpt lat="45.5921843" lon="7.5946582">
        <ele>2538</ele>
      </trkpt>
      <trkpt lat="45.5921955" lon="7.5946333">
        <ele>2538</ele>
      </trkpt>
      <trkpt lat="45.5921942" lon="7.5946019">
        <ele>2538</ele>
      </trkpt>
      <trkpt lat="45.5921804" lon="7.5945749">
        <ele>2538</ele>
      </trkpt>
      <trkpt lat="45.5921630" lon="7.5945631">
        <ele>2538</ele>
      </trkpt>
      <trkpt lat="45.5921485" lon="7.5945511">
        <ele>2539</ele>
      </trkpt>
      <trkpt lat="45.5921289" lon="7.5945188">
        <ele>2539</ele>
      </trkpt>
      <trkpt lat="45.5921065" lon="7.5944907">
        <ele>2539</ele>
      </trkpt>
      <trkpt lat="45.5921013" lon="7.5944635">
        <ele>2539</ele>
      </trkpt>
      <trkpt lat="45.5920943" lon="7.5944405">
        <ele>2539</ele>
      </trkpt>
      <trkpt lat="45.5920777" lon="7.5944149">
        <ele>2539</ele>
      </trkpt>
      <trkpt lat="45.5920603" lon="7.5944058">
        <ele>2539</ele>
      </trkpt>
      <trkpt lat="45.5920335" lon="7.5944078">
        <ele>2539</ele>
      </trkpt>
      <trkpt lat="45.5920161" lon="7.5943973">
        <ele>2539</ele>
      </trkpt>
      <trkpt lat="45.5920044" lon="7.5943785">
        <ele>2539</ele>
      </trkpt>
      <trkpt lat="45.5919607" lon="7.5943386">
        <ele>2539</ele>
      </trkpt>
      <trkpt lat="45.5919333" lon="7.5942969">
        <ele>2539</ele>
      </trkpt>
      <trkpt lat="45.5919120" lon="7.5942783">
        <ele>2540</ele>
      </trkpt>
      <trkpt lat="45.5918356" lon="7.5942242">
        <ele>2540</ele>
      </trkpt>
      <trkpt lat="45.5917987" lon="7.5941951">
        <ele>2540</ele>
      </trkpt>
      <trkpt lat="45.5917783" lon="7.5941723">
        <ele>2540</ele>
      </trkpt>
      <trkpt lat="45.5917654" lon="7.5941399">
        <ele>2540</ele>
      </trkpt>
      <trkpt lat="45.5917431" lon="7.5941131">
        <ele>2540</ele>
      </trkpt>
      <trkpt lat="45.5917206" lon="7.5940850">
        <ele>2540</ele>
      </trkpt>
      <trkpt lat="45.5916952" lon="7.5940460">
        <ele>2540</ele>
      </trkpt>
      <trkpt lat="45.5916687" lon="7.5939934">
        <ele>2540</ele>
      </trkpt>
      <trkpt lat="45.5916509" lon="7.5939514">
        <ele>2540</ele>
      </trkpt>
      <trkpt lat="45.5916235" lon="7.5939098">
        <ele>2540</ele>
      </trkpt>
      <trkpt lat="45.5916222" lon="7.5938784">
        <ele>2541</ele>
      </trkpt>
      <trkpt lat="45.5916475" lon="7.5938354">
        <ele>2541</ele>
      </trkpt>
      <trkpt lat="45.5916787" lon="7.5937909">
        <ele>2541</ele>
      </trkpt>
      <trkpt lat="45.5917059" lon="7.5937410">
        <ele>2541</ele>
      </trkpt>
      <trkpt lat="45.5917273" lon="7.5936927">
        <ele>2541</ele>
      </trkpt>
      <trkpt lat="45.5917288" lon="7.5936530">
        <ele>2541</ele>
      </trkpt>
      <trkpt lat="45.5917306" lon="7.5935682">
        <ele>2541</ele>
      </trkpt>
      <trkpt lat="45.5917259" lon="7.5934987">
        <ele>2541</ele>
      </trkpt>
      <trkpt lat="45.5917252" lon="7.5934413">
        <ele>2541</ele>
      </trkpt>
      <trkpt lat="45.5917159" lon="7.5933882">
        <ele>2541</ele>
      </trkpt>
      <trkpt lat="45.5917054" lon="7.5933134">
        <ele>2541</ele>
      </trkpt>
      <trkpt lat="45.5917050" lon="7.5932778">
        <ele>2542</ele>
      </trkpt>
      <trkpt lat="45.5917140" lon="7.5932325">
        <ele>2542</ele>
      </trkpt>
      <trkpt lat="45.5917233" lon="7.5932063">
        <ele>2542</ele>
      </trkpt>
      <trkpt lat="45.5917218" lon="7.5931695">
        <ele>2542</ele>
      </trkpt>
      <trkpt lat="45.5917118" lon="7.5931356">
        <ele>2542</ele>
      </trkpt>
      <trkpt lat="45.5917104" lon="7.5930960">
        <ele>2542</ele>
      </trkpt>
      <trkpt lat="45.5917213" lon="7.5930506">
        <ele>2542</ele>
      </trkpt>
      <trkpt lat="45.5917296" lon="7.5930190">
        <ele>2542</ele>
      </trkpt>
      <trkpt lat="45.5917268" lon="7.5929480">
        <ele>2542</ele>
      </trkpt>
      <trkpt lat="45.5917165" lon="7.5928922">
        <ele>2542</ele>
      </trkpt>
      <trkpt lat="45.5916926" lon="7.5928191">
        <ele>2542</ele>
      </trkpt>
      <trkpt lat="45.5916573" lon="7.5927571">
        <ele>2543</ele>
      </trkpt>
      <trkpt lat="45.5916474" lon="7.5927314">
        <ele>2543</ele>
      </trkpt>
      <trkpt lat="45.5916443" lon="7.5927164">
        <ele>2543</ele>
      </trkpt>
      <trkpt lat="45.5916508" lon="7.5926944">
        <ele>2543</ele>
      </trkpt>
      <trkpt lat="45.5916784" lon="7.5926787">
        <ele>2543</ele>
      </trkpt>
      <trkpt lat="45.5917155" lon="7.5926518">
        <ele>2543</ele>
      </trkpt>
      <trkpt lat="45.5917314" lon="7.5926227">
        <ele>2543</ele>
      </trkpt>
      <trkpt lat="45.5917521" lon="7.5925908">
        <ele>2543</ele>
      </trkpt>
      <trkpt lat="45.5917623" lon="7.5925618">
        <ele>2543</ele>
      </trkpt>
      <trkpt lat="45.5917751" lon="7.5925055">
        <ele>2543</ele>
      </trkpt>
      <trkpt lat="45.5918196" lon="7.5924128">
        <ele>2543</ele>
      </trkpt>
      <trkpt lat="45.5918324" lon="7.5923619">
        <ele>2543</ele>
      </trkpt>
      <trkpt lat="45.5918411" lon="7.5922908">
        <ele>2544</ele>
      </trkpt>
      <trkpt lat="45.5918231" lon="7.5922284">
        <ele>2544</ele>
      </trkpt>
      <trkpt lat="45.5918259" lon="7.5921465">
        <ele>2544</ele>
      </trkpt>
      <trkpt lat="45.5918238" lon="7.5920537">
        <ele>2544</ele>
      </trkpt>
      <trkpt lat="45.5918316" lon="7.5919088">
        <ele>2544</ele>
      </trkpt>
      <trkpt lat="45.5918158" lon="7.5917878">
        <ele>2544</ele>
      </trkpt>
      <trkpt lat="45.5918303" lon="7.5916438">
        <ele>2544</ele>
      </trkpt>
      <trkpt lat="45.5918372" lon="7.5915822">
        <ele>2544</ele>
      </trkpt>
      <trkpt lat="45.5918127" lon="7.5915405">
        <ele>2544</ele>
      </trkpt>
      <trkpt lat="45.5917956" lon="7.5915294">
        <ele>2544</ele>
      </trkpt>
      <trkpt lat="45.5917829" lon="7.5915065">
        <ele>2544</ele>
      </trkpt>
      <trkpt lat="45.5917674" lon="7.5914973">
        <ele>2545</ele>
      </trkpt>
      <trkpt lat="45.5917557" lon="7.5914771">
        <ele>2545</ele>
      </trkpt>
      <trkpt lat="45.5917468" lon="7.5914568">
        <ele>2545</ele>
      </trkpt>
      <trkpt lat="45.5917361" lon="7.5914489">
        <ele>2545</ele>
      </trkpt>
      <trkpt lat="45.5917435" lon="7.5914227">
        <ele>2545</ele>
      </trkpt>
      <trkpt lat="45.5917500" lon="7.5914048">
        <ele>2545</ele>
      </trkpt>
      <trkpt lat="45.5917497" lon="7.5913802">
        <ele>2545</ele>
      </trkpt>
      <trkpt lat="45.5917370" lon="7.5913614">
        <ele>2545</ele>
      </trkpt>
      <trkpt lat="45.5917261" lon="7.5913371">
        <ele>2545</ele>
      </trkpt>
      <trkpt lat="45.5917116" lon="7.5913293">
        <ele>2545</ele>
      </trkpt>
      <trkpt lat="45.5916987" lon="7.5912954">
        <ele>2545</ele>
      </trkpt>
      <trkpt lat="45.5917033" lon="7.5912775">
        <ele>2546</ele>
      </trkpt>
      <trkpt lat="45.5917174" lon="7.5912485">
        <ele>2546</ele>
      </trkpt>
      <trkpt lat="45.5917353" lon="7.5912289">
        <ele>2546</ele>
      </trkpt>
      <trkpt lat="45.5917592" lon="7.5912160">
        <ele>2546</ele>
      </trkpt>
      <trkpt lat="45.5917685" lon="7.5911939">
        <ele>2546</ele>
      </trkpt>
      <trkpt lat="45.5917718" lon="7.5911556">
        <ele>2546</ele>
      </trkpt>
      <trkpt lat="45.5917722" lon="7.5911064">
        <ele>2546</ele>
      </trkpt>
      <trkpt lat="45.5917736" lon="7.5910667">
        <ele>2546</ele>
      </trkpt>
      <trkpt lat="45.5917768" lon="7.5910147">
        <ele>2546</ele>
      </trkpt>
      <trkpt lat="45.5917896" lon="7.5909639">
        <ele>2546</ele>
      </trkpt>
      <trkpt lat="45.5917959" lon="7.5909268">
        <ele>2546</ele>
      </trkpt>
      <trkpt lat="45.5918009" lon="7.5908652">
        <ele>2547</ele>
      </trkpt>
      <trkpt lat="45.5917925" lon="7.5908107">
        <ele>2547</ele>
      </trkpt>
      <trkpt lat="45.5917716" lon="7.5907498">
        <ele>2547</ele>
      </trkpt>
      <trkpt lat="45.5917214" lon="7.5906404">
        <ele>2547</ele>
      </trkpt>
      <trkpt lat="45.5916907" lon="7.5905660">
        <ele>2547</ele>
      </trkpt>
      <trkpt lat="45.5916707" lon="7.5905023">
        <ele>2547</ele>
      </trkpt>
      <trkpt lat="45.5916472" lon="7.5904619">
        <ele>2547</ele>
      </trkpt>
      <trkpt lat="45.5916287" lon="7.5904364">
        <ele>2547</ele>
      </trkpt>
      <trkpt lat="45.5916227" lon="7.5904174">
        <ele>2547</ele>
      </trkpt>
      <trkpt lat="45.5916329" lon="7.5903871">
        <ele>2547</ele>
      </trkpt>
      <trkpt lat="45.5916411" lon="7.5903513">
        <ele>2547</ele>
      </trkpt>
      <trkpt lat="45.5916475" lon="7.5903266">
        <ele>2547</ele>
      </trkpt>
      <trkpt lat="45.5916617" lon="7.5903180">
        <ele>2548</ele>
      </trkpt>
      <trkpt lat="45.5916615" lon="7.5902975">
        <ele>2548</ele>
      </trkpt>
      <trkpt lat="45.5916488" lon="7.5902801">
        <ele>2548</ele>
      </trkpt>
      <trkpt lat="45.5916380" lon="7.5902612">
        <ele>2548</ele>
      </trkpt>
      <trkpt lat="45.5916255" lon="7.5902575">
        <ele>2548</ele>
      </trkpt>
      <trkpt lat="45.5916167" lon="7.5902454">
        <ele>2548</ele>
      </trkpt>
      <trkpt lat="45.5916105" lon="7.5902073">
        <ele>2548</ele>
      </trkpt>
      <trkpt lat="45.5916102" lon="7.5901854">
        <ele>2548</ele>
      </trkpt>
      <trkpt lat="45.5916233" lon="7.5901605">
        <ele>2548</ele>
      </trkpt>
      <trkpt lat="45.5916289" lon="7.5901467">
        <ele>2548</ele>
      </trkpt>
      <trkpt lat="45.5916422" lon="7.5901327">
        <ele>2548</ele>
      </trkpt>
      <trkpt lat="45.5916498" lon="7.5901257">
        <ele>2549</ele>
      </trkpt>
      <trkpt lat="45.5916496" lon="7.5901093">
        <ele>2549</ele>
      </trkpt>
      <trkpt lat="45.5916504" lon="7.5900983">
        <ele>2549</ele>
      </trkpt>
      <trkpt lat="45.5916589" lon="7.5900845">
        <ele>2549</ele>
      </trkpt>
      <trkpt lat="45.5916548" lon="7.5900682">
        <ele>2549</ele>
      </trkpt>
      <trkpt lat="45.5916401" lon="7.5900426">
        <ele>2549</ele>
      </trkpt>
      <trkpt lat="45.5916149" lon="7.5900241">
        <ele>2549</ele>
      </trkpt>
      <trkpt lat="45.5915898" lon="7.5900042">
        <ele>2549</ele>
      </trkpt>
      <trkpt lat="45.5915721" lon="7.5899691">
        <ele>2549</ele>
      </trkpt>
      <trkpt lat="45.5915536" lon="7.5899532">
        <ele>2549</ele>
      </trkpt>
      <trkpt lat="45.5915266" lon="7.5899361">
        <ele>2549</ele>
      </trkpt>
      <trkpt lat="45.5914977" lon="7.5899259">
        <ele>2550</ele>
      </trkpt>
      <trkpt lat="45.5914781" lon="7.5898963">
        <ele>2550</ele>
      </trkpt>
      <trkpt lat="45.5914672" lon="7.5898665">
        <ele>2550</ele>
      </trkpt>
      <trkpt lat="45.5914526" lon="7.5898491">
        <ele>2550</ele>
      </trkpt>
      <trkpt lat="45.5914410" lon="7.5898412">
        <ele>2550</ele>
      </trkpt>
      <trkpt lat="45.5914311" lon="7.5898142">
        <ele>2550</ele>
      </trkpt>
      <trkpt lat="45.5914328" lon="7.5897991">
        <ele>2550</ele>
      </trkpt>
      <trkpt lat="45.5914479" lon="7.5897782">
        <ele>2550</ele>
      </trkpt>
      <trkpt lat="45.5914707" lon="7.5897585">
        <ele>2550</ele>
      </trkpt>
      <trkpt lat="45.5914763" lon="7.5897461">
        <ele>2550</ele>
      </trkpt>
      <trkpt lat="45.5914720" lon="7.5897148">
        <ele>2550</ele>
      </trkpt>
      <trkpt lat="45.5914554" lon="7.5896879">
        <ele>2551</ele>
      </trkpt>
      <trkpt lat="45.5914417" lon="7.5896704">
        <ele>2551</ele>
      </trkpt>
      <trkpt lat="45.5914346" lon="7.5896378">
        <ele>2551</ele>
      </trkpt>
      <trkpt lat="45.5914324" lon="7.5896105">
        <ele>2551</ele>
      </trkpt>
      <trkpt lat="45.5914320" lon="7.5895764">
        <ele>2551</ele>
      </trkpt>
      <trkpt lat="45.5914346" lon="7.5895558">
        <ele>2551</ele>
      </trkpt>
      <trkpt lat="45.5914266" lon="7.5895287">
        <ele>2551</ele>
      </trkpt>
      <trkpt lat="45.5914166" lon="7.5894975">
        <ele>2551</ele>
      </trkpt>
      <trkpt lat="45.5913895" lon="7.5893998">
        <ele>2551</ele>
      </trkpt>
      <trkpt lat="45.5913825" lon="7.5893809">
        <ele>2551</ele>
      </trkpt>
      <trkpt lat="45.5913800" lon="7.5893277">
        <ele>2551</ele>
      </trkpt>
      <trkpt lat="45.5913728" lon="7.5892882">
        <ele>2551</ele>
      </trkpt>
      <trkpt lat="45.5913627" lon="7.5892543">
        <ele>2552</ele>
      </trkpt>
      <trkpt lat="45.5913652" lon="7.5892174">
        <ele>2552</ele>
      </trkpt>
      <trkpt lat="45.5913762" lon="7.5891788">
        <ele>2552</ele>
      </trkpt>
      <trkpt lat="45.5913757" lon="7.5891351">
        <ele>2552</ele>
      </trkpt>
      <trkpt lat="45.5913674" lon="7.5890889">
        <ele>2552</ele>
      </trkpt>
      <trkpt lat="45.5913601" lon="7.5890371">
        <ele>2552</ele>
      </trkpt>
      <trkpt lat="45.5913598" lon="7.5890166">
        <ele>2552</ele>
      </trkpt>
      <trkpt lat="45.5913701" lon="7.5889972">
        <ele>2552</ele>
      </trkpt>
      <trkpt lat="45.5913843" lon="7.5889791">
        <ele>2552</ele>
      </trkpt>
      <trkpt lat="45.5913869" lon="7.5889545">
        <ele>2552</ele>
      </trkpt>
      <trkpt lat="45.5913872" lon="7.5889080">
        <ele>2552</ele>
      </trkpt>
      <trkpt lat="45.5913965" lon="7.5888791">
        <ele>2553</ele>
      </trkpt>
      <trkpt lat="45.5913988" lon="7.5888367">
        <ele>2553</ele>
      </trkpt>
      <trkpt lat="45.5913973" lon="7.5887943">
        <ele>2553</ele>
      </trkpt>
      <trkpt lat="45.5913880" lon="7.5887399">
        <ele>2553</ele>
      </trkpt>
      <trkpt lat="45.5913883" lon="7.5886812">
        <ele>2553</ele>
      </trkpt>
      <trkpt lat="45.5913790" lon="7.5886308">
        <ele>2553</ele>
      </trkpt>
      <trkpt lat="45.5913651" lon="7.5885929">
        <ele>2553</ele>
      </trkpt>
      <trkpt lat="45.5913618" lon="7.5885548">
        <ele>2553</ele>
      </trkpt>
      <trkpt lat="45.5913574" lon="7.5885152">
        <ele>2553</ele>
      </trkpt>
      <trkpt lat="45.5913685" lon="7.5884753">
        <ele>2553</ele>
      </trkpt>
      <trkpt lat="45.5914054" lon="7.5884362">
        <ele>2553</ele>
      </trkpt>
      <trkpt lat="45.5914243" lon="7.5884152">
        <ele>2554</ele>
      </trkpt>
      <trkpt lat="45.5914527" lon="7.5883817">
        <ele>2554</ele>
      </trkpt>
      <trkpt lat="45.5914648" lon="7.5883500">
        <ele>2554</ele>
      </trkpt>
      <trkpt lat="45.5914699" lon="7.5883034">
        <ele>2554</ele>
      </trkpt>
      <trkpt lat="45.5914604" lon="7.5882285">
        <ele>2554</ele>
      </trkpt>
      <trkpt lat="45.5914482" lon="7.5881755">
        <ele>2554</ele>
      </trkpt>
      <trkpt lat="45.5914406" lon="7.5881019">
        <ele>2554</ele>
      </trkpt>
      <trkpt lat="45.5914360" lon="7.5880378">
        <ele>2554</ele>
      </trkpt>
      <trkpt lat="45.5914270" lon="7.5880134">
        <ele>2554</ele>
      </trkpt>
      <trkpt lat="45.5914150" lon="7.5879727">
        <ele>2554</ele>
      </trkpt>
      <trkpt lat="45.5914059" lon="7.5879361">
        <ele>2554</ele>
      </trkpt>
      <trkpt lat="45.5914043" lon="7.5878815">
        <ele>2555</ele>
      </trkpt>
      <trkpt lat="45.5913961" lon="7.5878420">
        <ele>2555</ele>
      </trkpt>
      <trkpt lat="45.5913773" lon="7.5877933">
        <ele>2555</ele>
      </trkpt>
      <trkpt lat="45.5913672" lon="7.5877539">
        <ele>2555</ele>
      </trkpt>
      <trkpt lat="45.5913619" lon="7.5877104">
        <ele>2555</ele>
      </trkpt>
      <trkpt lat="45.5913574" lon="7.5876613">
        <ele>2555</ele>
      </trkpt>
      <trkpt lat="45.5913417" lon="7.5876330">
        <ele>2555</ele>
      </trkpt>
      <trkpt lat="45.5913222" lon="7.5876075">
        <ele>2555</ele>
      </trkpt>
      <trkpt lat="45.5913094" lon="7.5875791">
        <ele>2555</ele>
      </trkpt>
      <trkpt lat="45.5913032" lon="7.5875383">
        <ele>2555</ele>
      </trkpt>
      <trkpt lat="45.5912959" lon="7.5874907">
        <ele>2555</ele>
      </trkpt>
      <trkpt lat="45.5912753" lon="7.5874543">
        <ele>2556</ele>
      </trkpt>
      <trkpt lat="45.5912527" lon="7.5874125">
        <ele>2556</ele>
      </trkpt>
      <trkpt lat="45.5912166" lon="7.5873670">
        <ele>2556</ele>
      </trkpt>
      <trkpt lat="45.5911941" lon="7.5873265">
        <ele>2556</ele>
      </trkpt>
      <trkpt lat="45.5911743" lon="7.5872833">
        <ele>2556</ele>
      </trkpt>
      <trkpt lat="45.5911731" lon="7.5872628">
        <ele>2556</ele>
      </trkpt>
      <trkpt lat="45.5911840" lon="7.5872147">
        <ele>2556</ele>
      </trkpt>
      <trkpt lat="45.5912037" lon="7.5871719">
        <ele>2556</ele>
      </trkpt>
      <trkpt lat="45.5912166" lon="7.5871360">
        <ele>2556</ele>
      </trkpt>
      <trkpt lat="45.5912161" lon="7.5870910">
        <ele>2556</ele>
      </trkpt>
      <trkpt lat="45.5912061" lon="7.5870598">
        <ele>2556</ele>
      </trkpt>
      <trkpt lat="45.5911879" lon="7.5869810">
        <ele>2556</ele>
      </trkpt>
      <trkpt lat="45.5911736" lon="7.5869171">
        <ele>2557</ele>
      </trkpt>
      <trkpt lat="45.5911606" lon="7.5868696">
        <ele>2557</ele>
      </trkpt>
      <trkpt lat="45.5911386" lon="7.5868005">
        <ele>2557</ele>
      </trkpt>
      <trkpt lat="45.5911206" lon="7.5867408">
        <ele>2557</ele>
      </trkpt>
      <trkpt lat="45.5911125" lon="7.5867042">
        <ele>2557</ele>
      </trkpt>
      <trkpt lat="45.5911114" lon="7.5866126">
        <ele>2557</ele>
      </trkpt>
      <trkpt lat="45.5911129" lon="7.5865784">
        <ele>2557</ele>
      </trkpt>
      <trkpt lat="45.5911045" lon="7.5865199">
        <ele>2557</ele>
      </trkpt>
      <trkpt lat="45.5910933" lon="7.5864737">
        <ele>2557</ele>
      </trkpt>
      <trkpt lat="45.5910889" lon="7.5864233">
        <ele>2557</ele>
      </trkpt>
      <trkpt lat="45.5911068" lon="7.5863955">
        <ele>2557</ele>
      </trkpt>
      <trkpt lat="45.5911216" lon="7.5863528">
        <ele>2558</ele>
      </trkpt>
      <trkpt lat="45.5911180" lon="7.5862968">
        <ele>2558</ele>
      </trkpt>
      <trkpt lat="45.5911137" lon="7.5862573">
        <ele>2558</ele>
      </trkpt>
      <trkpt lat="45.5911221" lon="7.5862394">
        <ele>2558</ele>
      </trkpt>
      <trkpt lat="45.5911044" lon="7.5862029">
        <ele>2558</ele>
      </trkpt>
      <trkpt lat="45.5910821" lon="7.5861884">
        <ele>2558</ele>
      </trkpt>
      <trkpt lat="45.5910638" lon="7.5861793">
        <ele>2558</ele>
      </trkpt>
      <trkpt lat="45.5910548" lon="7.5861536">
        <ele>2558</ele>
      </trkpt>
      <trkpt lat="45.5910421" lon="7.5861280">
        <ele>2558</ele>
      </trkpt>
      <trkpt lat="45.5910245" lon="7.5861052">
        <ele>2558</ele>
      </trkpt>
      <trkpt lat="45.5910095" lon="7.5860577">
        <ele>2558</ele>
      </trkpt>
      <trkpt lat="45.5910052" lon="7.5860196">
        <ele>2559</ele>
      </trkpt>
      <trkpt lat="45.5910132" lon="7.5859675">
        <ele>2559</ele>
      </trkpt>
      <trkpt lat="45.5910194" lon="7.5859277">
        <ele>2559</ele>
      </trkpt>
      <trkpt lat="45.5910171" lon="7.5858922">
        <ele>2559</ele>
      </trkpt>
      <trkpt lat="45.5910042" lon="7.5858638">
        <ele>2559</ele>
      </trkpt>
      <trkpt lat="45.5909770" lon="7.5858345">
        <ele>2559</ele>
      </trkpt>
      <trkpt lat="45.5909364" lon="7.5858054">
        <ele>2559</ele>
      </trkpt>
      <trkpt lat="45.5909129" lon="7.5857650">
        <ele>2559</ele>
      </trkpt>
      <trkpt lat="45.5908711" lon="7.5857278">
        <ele>2559</ele>
      </trkpt>
      <trkpt lat="45.5908208" lon="7.5856908">
        <ele>2559</ele>
      </trkpt>
      <trkpt lat="45.5907897" lon="7.5856561">
        <ele>2559</ele>
      </trkpt>
      <trkpt lat="45.5907583" lon="7.5856022">
        <ele>2560</ele>
      </trkpt>
      <trkpt lat="45.5907405" lon="7.5855548">
        <ele>2560</ele>
      </trkpt>
      <trkpt lat="45.5907122" lon="7.5855173">
        <ele>2560</ele>
      </trkpt>
      <trkpt lat="45.5906688" lon="7.5855047">
        <ele>2560</ele>
      </trkpt>
      <trkpt lat="45.5906303" lon="7.5854920">
        <ele>2560</ele>
      </trkpt>
      <trkpt lat="45.5906004" lon="7.5854764">
        <ele>2560</ele>
      </trkpt>
      <trkpt lat="45.5905760" lon="7.5854415">
        <ele>2560</ele>
      </trkpt>
      <trkpt lat="45.5905621" lon="7.5854036">
        <ele>2560</ele>
      </trkpt>
      <trkpt lat="45.5905292" lon="7.5853853">
        <ele>2560</ele>
      </trkpt>
      <trkpt lat="45.5904993" lon="7.5853724">
        <ele>2560</ele>
      </trkpt>
      <trkpt lat="45.5904753" lon="7.5853661">
        <ele>2560</ele>
      </trkpt>
      <trkpt lat="45.5904646" lon="7.5853555">
        <ele>2560</ele>
      </trkpt>
      <trkpt lat="45.5904545" lon="7.5853134">
        <ele>2561</ele>
      </trkpt>
      <trkpt lat="45.5904503" lon="7.5852820">
        <ele>2561</ele>
      </trkpt>
      <trkpt lat="45.5904386" lon="7.5852728">
        <ele>2561</ele>
      </trkpt>
      <trkpt lat="45.5904248" lon="7.5852417">
        <ele>2561</ele>
      </trkpt>
      <trkpt lat="45.5904197" lon="7.5852200">
        <ele>2561</ele>
      </trkpt>
      <trkpt lat="45.5903955" lon="7.5851973">
        <ele>2561</ele>
      </trkpt>
      <trkpt lat="45.5903750" lon="7.5851664">
        <ele>2561</ele>
      </trkpt>
      <trkpt lat="45.5903436" lon="7.5851139">
        <ele>2561</ele>
      </trkpt>
      <trkpt lat="45.5903308" lon="7.5850883">
        <ele>2561</ele>
      </trkpt>
      <trkpt lat="45.5903103" lon="7.5850587">
        <ele>2561</ele>
      </trkpt>
      <trkpt lat="45.5902996" lon="7.5850467">
        <ele>2561</ele>
      </trkpt>
      <trkpt lat="45.5902840" lon="7.5850225">
        <ele>2562</ele>
      </trkpt>
      <trkpt lat="45.5902569" lon="7.5850041">
        <ele>2562</ele>
      </trkpt>
      <trkpt lat="45.5902365" lon="7.5849855">
        <ele>2562</ele>
      </trkpt>
      <trkpt lat="45.5902197" lon="7.5849449">
        <ele>2562</ele>
      </trkpt>
      <trkpt lat="45.5902118" lon="7.5849273">
        <ele>2562</ele>
      </trkpt>
      <trkpt lat="45.5902047" lon="7.5848933">
        <ele>2562</ele>
      </trkpt>
      <trkpt lat="45.5901812" lon="7.5848584">
        <ele>2562</ele>
      </trkpt>
      <trkpt lat="45.5901598" lon="7.5848357">
        <ele>2562</ele>
      </trkpt>
      <trkpt lat="45.5901357" lon="7.5848254">
        <ele>2562</ele>
      </trkpt>
      <trkpt lat="45.5901123" lon="7.5847946">
        <ele>2562</ele>
      </trkpt>
      <trkpt lat="45.5900985" lon="7.5847621">
        <ele>2562</ele>
      </trkpt>
      <trkpt lat="45.5900943" lon="7.5847363">
        <ele>2563</ele>
      </trkpt>
      <trkpt lat="45.5900749" lon="7.5847163">
        <ele>2563</ele>
      </trkpt>
      <trkpt lat="45.5900457" lon="7.5846869">
        <ele>2563</ele>
      </trkpt>
      <trkpt lat="45.5899984" lon="7.5846594">
        <ele>2563</ele>
      </trkpt>
      <trkpt lat="45.5899683" lon="7.5846342">
        <ele>2563</ele>
      </trkpt>
      <trkpt lat="45.5899278" lon="7.5846154">
        <ele>2563</ele>
      </trkpt>
      <trkpt lat="45.5899003" lon="7.5845628">
        <ele>2563</ele>
      </trkpt>
      <trkpt lat="45.5898643" lon="7.5845200">
        <ele>2563</ele>
      </trkpt>
      <trkpt lat="45.5898526" lon="7.5845026">
        <ele>2563</ele>
      </trkpt>
      <trkpt lat="45.5898522" lon="7.5844725">
        <ele>2563</ele>
      </trkpt>
      <trkpt lat="45.5898345" lon="7.5844429">
        <ele>2563</ele>
      </trkpt>
      <trkpt lat="45.5897976" lon="7.5844069">
        <ele>2564</ele>
      </trkpt>
      <trkpt lat="45.5897879" lon="7.5843921">
        <ele>2564</ele>
      </trkpt>
      <trkpt lat="45.5897749" lon="7.5843556">
        <ele>2564</ele>
      </trkpt>
      <trkpt lat="45.5897601" lon="7.5843218">
        <ele>2564</ele>
      </trkpt>
      <trkpt lat="45.5897442" lon="7.5842757">
        <ele>2564</ele>
      </trkpt>
      <trkpt lat="45.5897603" lon="7.5842548">
        <ele>2564</ele>
      </trkpt>
      <trkpt lat="45.5897697" lon="7.5842396">
        <ele>2564</ele>
      </trkpt>
      <trkpt lat="45.5897618" lon="7.5842234">
        <ele>2564</ele>
      </trkpt>
      <trkpt lat="45.5897384" lon="7.5841925">
        <ele>2564</ele>
      </trkpt>
      <trkpt lat="45.5897009" lon="7.5841866">
        <ele>2564</ele>
      </trkpt>
      <trkpt lat="45.5896654" lon="7.5841834">
        <ele>2564</ele>
      </trkpt>
      <trkpt lat="45.5896404" lon="7.5841813">
        <ele>2564</ele>
      </trkpt>
      <trkpt lat="45.5896181" lon="7.5841614">
        <ele>2565</ele>
      </trkpt>
      <trkpt lat="45.5896138" lon="7.5841205">
        <ele>2565</ele>
      </trkpt>
      <trkpt lat="45.5896126" lon="7.5841014">
        <ele>2565</ele>
      </trkpt>
      <trkpt lat="45.5896014" lon="7.5840539">
        <ele>2565</ele>
      </trkpt>
      <trkpt lat="45.5895771" lon="7.5840258">
        <ele>2565</ele>
      </trkpt>
      <trkpt lat="45.5895511" lon="7.5840183">
        <ele>2565</ele>
      </trkpt>
      <trkpt lat="45.5895451" lon="7.5840034">
        <ele>2565</ele>
      </trkpt>
      <trkpt lat="45.5895439" lon="7.5839775">
        <ele>2565</ele>
      </trkpt>
      <trkpt lat="45.5895340" lon="7.5839531">
        <ele>2565</ele>
      </trkpt>
      <trkpt lat="45.5895203" lon="7.5839343">
        <ele>2565</ele>
      </trkpt>
      <trkpt lat="45.5894914" lon="7.5839228">
        <ele>2565</ele>
      </trkpt>
      <trkpt lat="45.5894473" lon="7.5839280">
        <ele>2566</ele>
      </trkpt>
      <trkpt lat="45.5893610" lon="7.5839247">
        <ele>2566</ele>
      </trkpt>
      <trkpt lat="45.5893216" lon="7.5839216">
        <ele>2566</ele>
      </trkpt>
      <trkpt lat="45.5892964" lon="7.5839031">
        <ele>2566</ele>
      </trkpt>
      <trkpt lat="45.5892787" lon="7.5838653">
        <ele>2566</ele>
      </trkpt>
      <trkpt lat="45.5892562" lon="7.5838358">
        <ele>2566</ele>
      </trkpt>
      <trkpt lat="45.5892166" lon="7.5838094">
        <ele>2566</ele>
      </trkpt>
      <trkpt lat="45.5891566" lon="7.5837659">
        <ele>2566</ele>
      </trkpt>
      <trkpt lat="45.5891055" lon="7.5837494">
        <ele>2566</ele>
      </trkpt>
      <trkpt lat="45.5890794" lon="7.5837323">
        <ele>2566</ele>
      </trkpt>
      <trkpt lat="45.5890473" lon="7.5836976">
        <ele>2566</ele>
      </trkpt>
      <trkpt lat="45.5889959" lon="7.5835745">
        <ele>2567</ele>
      </trkpt>
      <trkpt lat="45.5889647" lon="7.5835302">
        <ele>2567</ele>
      </trkpt>
      <trkpt lat="45.5889518" lon="7.5834977">
        <ele>2567</ele>
      </trkpt>
      <trkpt lat="45.5889446" lon="7.5834583">
        <ele>2567</ele>
      </trkpt>
      <trkpt lat="45.5889217" lon="7.5833919">
        <ele>2567</ele>
      </trkpt>
      <trkpt lat="45.5888989" lon="7.5833283">
        <ele>2567</ele>
      </trkpt>
      <trkpt lat="45.5888716" lon="7.5832935">
        <ele>2567</ele>
      </trkpt>
      <trkpt lat="45.5888634" lon="7.5832581">
        <ele>2567</ele>
      </trkpt>
      <trkpt lat="45.5888612" lon="7.5832350">
        <ele>2567</ele>
      </trkpt>
      <trkpt lat="45.5888435" lon="7.5831985">
        <ele>2567</ele>
      </trkpt>
      <trkpt lat="45.5888298" lon="7.5831729">
        <ele>2567</ele>
      </trkpt>
      <trkpt lat="45.5888225" lon="7.5831266">
        <ele>2568</ele>
      </trkpt>
      <trkpt lat="45.5888143" lon="7.5830831">
        <ele>2568</ele>
      </trkpt>
      <trkpt lat="45.5888022" lon="7.5830370">
        <ele>2568</ele>
      </trkpt>
      <trkpt lat="45.5887712" lon="7.5829367">
        <ele>2568</ele>
      </trkpt>
      <trkpt lat="45.5887435" lon="7.5828663">
        <ele>2568</ele>
      </trkpt>
      <trkpt lat="45.5887295" lon="7.5828216">
        <ele>2568</ele>
      </trkpt>
      <trkpt lat="45.5887146" lon="7.5827782">
        <ele>2568</ele>
      </trkpt>
      <trkpt lat="45.5886938" lon="7.5827268">
        <ele>2568</ele>
      </trkpt>
      <trkpt lat="45.5886710" lon="7.5826673">
        <ele>2568</ele>
      </trkpt>
      <trkpt lat="45.5886502" lon="7.5826145">
        <ele>2568</ele>
      </trkpt>
      <trkpt lat="45.5886335" lon="7.5825863">
        <ele>2568</ele>
      </trkpt>
      <trkpt lat="45.5886227" lon="7.5825647">
        <ele>2568</ele>
      </trkpt>
      <trkpt lat="45.5886135" lon="7.5825198">
        <ele>2569</ele>
      </trkpt>
      <trkpt lat="45.5886062" lon="7.5824722">
        <ele>2569</ele>
      </trkpt>
      <trkpt lat="45.5885951" lon="7.5824315">
        <ele>2569</ele>
      </trkpt>
      <trkpt lat="45.5885909" lon="7.5823947">
        <ele>2569</ele>
      </trkpt>
      <trkpt lat="45.5885761" lon="7.5823677">
        <ele>2569</ele>
      </trkpt>
      <trkpt lat="45.5885623" lon="7.5823353">
        <ele>2569</ele>
      </trkpt>
      <trkpt lat="45.5885534" lon="7.5823164">
        <ele>2569</ele>
      </trkpt>
      <trkpt lat="45.5885346" lon="7.5822663">
        <ele>2569</ele>
      </trkpt>
      <trkpt lat="45.5885176" lon="7.5822093">
        <ele>2569</ele>
      </trkpt>
      <trkpt lat="45.5885015" lon="7.5821483">
        <ele>2569</ele>
      </trkpt>
      <trkpt lat="45.5884962" lon="7.5821074">
        <ele>2569</ele>
      </trkpt>
      <trkpt lat="45.5884924" lon="7.5820392">
        <ele>2570</ele>
      </trkpt>
      <trkpt lat="45.5884870" lon="7.5819915">
        <ele>2570</ele>
      </trkpt>
      <trkpt lat="45.5884787" lon="7.5819343">
        <ele>2570</ele>
      </trkpt>
      <trkpt lat="45.5884629" lon="7.5819019">
        <ele>2570</ele>
      </trkpt>
      <trkpt lat="45.5884594" lon="7.5818515">
        <ele>2570</ele>
      </trkpt>
      <trkpt lat="45.5884550" lon="7.5818079">
        <ele>2570</ele>
      </trkpt>
      <trkpt lat="45.5884440" lon="7.5817713">
        <ele>2570</ele>
      </trkpt>
      <trkpt lat="45.5884495" lon="7.5817479">
        <ele>2570</ele>
      </trkpt>
      <trkpt lat="45.5884579" lon="7.5817272">
        <ele>2570</ele>
      </trkpt>
      <trkpt lat="45.5884555" lon="7.5816917">
        <ele>2570</ele>
      </trkpt>
      <trkpt lat="45.5884509" lon="7.5816290">
        <ele>2570</ele>
      </trkpt>
      <trkpt lat="45.5884503" lon="7.5815826">
        <ele>2571</ele>
      </trkpt>
      <trkpt lat="45.5884496" lon="7.5815293">
        <ele>2571</ele>
      </trkpt>
      <trkpt lat="45.5884538" lon="7.5814759">
        <ele>2571</ele>
      </trkpt>
      <trkpt lat="45.5884674" lon="7.5814141">
        <ele>2571</ele>
      </trkpt>
      <trkpt lat="45.5884833" lon="7.5813781">
        <ele>2571</ele>
      </trkpt>
      <trkpt lat="45.5884975" lon="7.5813655">
        <ele>2571</ele>
      </trkpt>
      <trkpt lat="45.5885120" lon="7.5813761">
        <ele>2571</ele>
      </trkpt>
      <trkpt lat="45.5885275" lon="7.5813907">
        <ele>2571</ele>
      </trkpt>
      <trkpt lat="45.5885457" lon="7.5813875">
        <ele>2571</ele>
      </trkpt>
      <trkpt lat="45.5885676" lon="7.5813719">
        <ele>2571</ele>
      </trkpt>
      <trkpt lat="45.5885779" lon="7.5813525">
        <ele>2571</ele>
      </trkpt>
      <trkpt lat="45.5885919" lon="7.5813208">
        <ele>2572</ele>
      </trkpt>
      <trkpt lat="45.5886005" lon="7.5813137">
        <ele>2572</ele>
      </trkpt>
      <trkpt lat="45.5886099" lon="7.5812998">
        <ele>2572</ele>
      </trkpt>
      <trkpt lat="45.5886210" lon="7.5812654">
        <ele>2572</ele>
      </trkpt>
      <trkpt lat="45.5886433" lon="7.5812102">
        <ele>2572</ele>
      </trkpt>
      <trkpt lat="45.5886558" lon="7.5811361">
        <ele>2572</ele>
      </trkpt>
      <trkpt lat="45.5886531" lon="7.5810706">
        <ele>2572</ele>
      </trkpt>
      <trkpt lat="45.5886437" lon="7.5810120">
        <ele>2572</ele>
      </trkpt>
      <trkpt lat="45.5886270" lon="7.5809838">
        <ele>2572</ele>
      </trkpt>
      <trkpt lat="45.5886038" lon="7.5809680">
        <ele>2572</ele>
      </trkpt>
      <trkpt lat="45.5885825" lon="7.5809466">
        <ele>2572</ele>
      </trkpt>
      <trkpt lat="45.5885618" lon="7.5809021">
        <ele>2572</ele>
      </trkpt>
      <trkpt lat="45.5885527" lon="7.5808668">
        <ele>2573</ele>
      </trkpt>
      <trkpt lat="45.5885601" lon="7.5808420">
        <ele>2573</ele>
      </trkpt>
      <trkpt lat="45.5885664" lon="7.5808118">
        <ele>2573</ele>
      </trkpt>
      <trkpt lat="45.5885729" lon="7.5807911">
        <ele>2573</ele>
      </trkpt>
      <trkpt lat="45.5885916" lon="7.5807551">
        <ele>2573</ele>
      </trkpt>
      <trkpt lat="45.5886068" lon="7.5807411">
        <ele>2573</ele>
      </trkpt>
      <trkpt lat="45.5886133" lon="7.5807300">
        <ele>2573</ele>
      </trkpt>
      <trkpt lat="45.5886112" lon="7.5807095">
        <ele>2573</ele>
      </trkpt>
      <trkpt lat="45.5886013" lon="7.5806838">
        <ele>2573</ele>
      </trkpt>
      <trkpt lat="45.5885912" lon="7.5806486">
        <ele>2573</ele>
      </trkpt>
      <trkpt lat="45.5885723" lon="7.5805944">
        <ele>2573</ele>
      </trkpt>
      <trkpt lat="45.5885679" lon="7.5805481">
        <ele>2574</ele>
      </trkpt>
      <trkpt lat="45.5885702" lon="7.5804988">
        <ele>2574</ele>
      </trkpt>
      <trkpt lat="45.5885732" lon="7.5804359">
        <ele>2574</ele>
      </trkpt>
      <trkpt lat="45.5885805" lon="7.5803278">
        <ele>2574</ele>
      </trkpt>
      <trkpt lat="45.5885972" lon="7.5802809">
        <ele>2574</ele>
      </trkpt>
      <trkpt lat="45.5886148" lon="7.5802299">
        <ele>2574</ele>
      </trkpt>
      <trkpt lat="45.5886331" lon="7.5801611">
        <ele>2574</ele>
      </trkpt>
      <trkpt lat="45.5886364" lon="7.5801159">
        <ele>2574</ele>
      </trkpt>
      <trkpt lat="45.5886245" lon="7.5800807">
        <ele>2574</ele>
      </trkpt>
      <trkpt lat="45.5886095" lon="7.5800387">
        <ele>2574</ele>
      </trkpt>
      <trkpt lat="45.5886015" lon="7.5800062">
        <ele>2574</ele>
      </trkpt>
      <trkpt lat="45.5885970" lon="7.5799530">
        <ele>2575</ele>
      </trkpt>
      <trkpt lat="45.5885934" lon="7.5798998">
        <ele>2575</ele>
      </trkpt>
      <trkpt lat="45.5885975" lon="7.5798450">
        <ele>2575</ele>
      </trkpt>
      <trkpt lat="45.5886087" lon="7.5798133">
        <ele>2575</ele>
      </trkpt>
      <trkpt lat="45.5886351" lon="7.5797826">
        <ele>2575</ele>
      </trkpt>
      <trkpt lat="45.5886482" lon="7.5797522">
        <ele>2575</ele>
      </trkpt>
      <trkpt lat="45.5886572" lon="7.5797042">
        <ele>2575</ele>
      </trkpt>
      <trkpt lat="45.5886547" lon="7.5796591">
        <ele>2575</ele>
      </trkpt>
      <trkpt lat="45.5886623" lon="7.5795783">
        <ele>2575</ele>
      </trkpt>
      <trkpt lat="45.5886711" lon="7.5795098">
        <ele>2575</ele>
      </trkpt>
      <trkpt lat="45.5886882" lon="7.5794192">
        <ele>2575</ele>
      </trkpt>
      <trkpt lat="45.5886996" lon="7.5793369">
        <ele>2576</ele>
      </trkpt>
      <trkpt lat="45.5887052" lon="7.5792439">
        <ele>2576</ele>
      </trkpt>
      <trkpt lat="45.5887278" lon="7.5791340">
        <ele>2576</ele>
      </trkpt>
      <trkpt lat="45.5887442" lon="7.5790639">
        <ele>2576</ele>
      </trkpt>
      <trkpt lat="45.5887484" lon="7.5790187">
        <ele>2576</ele>
      </trkpt>
      <trkpt lat="45.5887542" lon="7.5789393">
        <ele>2576</ele>
      </trkpt>
      <trkpt lat="45.5887602" lon="7.5788859">
        <ele>2576</ele>
      </trkpt>
      <trkpt lat="45.5887594" lon="7.5788176">
        <ele>2576</ele>
      </trkpt>
      <trkpt lat="45.5887635" lon="7.5787683">
        <ele>2576</ele>
      </trkpt>
      <trkpt lat="45.5887728" lon="7.5787449">
        <ele>2576</ele>
      </trkpt>
      <trkpt lat="45.5887877" lon="7.5787035">
        <ele>2576</ele>
      </trkpt>
      <trkpt lat="45.5887892" lon="7.5786748">
        <ele>2577</ele>
      </trkpt>
      <trkpt lat="45.5888051" lon="7.5786388">
        <ele>2577</ele>
      </trkpt>
      <trkpt lat="45.5888162" lon="7.5786071">
        <ele>2577</ele>
      </trkpt>
      <trkpt lat="45.5888234" lon="7.5785660">
        <ele>2577</ele>
      </trkpt>
      <trkpt lat="45.5888257" lon="7.5785249">
        <ele>2577</ele>
      </trkpt>
      <trkpt lat="45.5888302" lon="7.5785002">
        <ele>2577</ele>
      </trkpt>
      <trkpt lat="45.5888464" lon="7.5784861">
        <ele>2577</ele>
      </trkpt>
      <trkpt lat="45.5888685" lon="7.5784897">
        <ele>2577</ele>
      </trkpt>
      <trkpt lat="45.5888952" lon="7.5784822">
        <ele>2577</ele>
      </trkpt>
      <trkpt lat="45.5889179" lon="7.5784570">
        <ele>2577</ele>
      </trkpt>
      <trkpt lat="45.5889367" lon="7.5784183">
        <ele>2577</ele>
      </trkpt>
      <trkpt lat="45.5889486" lon="7.5783770">
        <ele>2577</ele>
      </trkpt>
      <trkpt lat="45.5889511" lon="7.5783428">
        <ele>2578</ele>
      </trkpt>
      <trkpt lat="45.5889707" lon="7.5783054">
        <ele>2578</ele>
      </trkpt>
      <trkpt lat="45.5889847" lon="7.5782736">
        <ele>2578</ele>
      </trkpt>
      <trkpt lat="45.5889910" lon="7.5782352">
        <ele>2578</ele>
      </trkpt>
      <trkpt lat="45.5890078" lon="7.5781992">
        <ele>2578</ele>
      </trkpt>
      <trkpt lat="45.5890423" lon="7.5781205">
        <ele>2578</ele>
      </trkpt>
      <trkpt lat="45.5890620" lon="7.5780831">
        <ele>2578</ele>
      </trkpt>
      <trkpt lat="45.5890894" lon="7.5780483">
        <ele>2578</ele>
      </trkpt>
      <trkpt lat="45.5891032" lon="7.5780001">
        <ele>2578</ele>
      </trkpt>
      <trkpt lat="45.5891036" lon="7.5779577">
        <ele>2578</ele>
      </trkpt>
      <trkpt lat="45.5891010" lon="7.5779059">
        <ele>2578</ele>
      </trkpt>
      <trkpt lat="45.5891052" lon="7.5778579">
        <ele>2579</ele>
      </trkpt>
      <trkpt lat="45.5891143" lon="7.5778167">
        <ele>2579</ele>
      </trkpt>
      <trkpt lat="45.5891377" lon="7.5777656">
        <ele>2579</ele>
      </trkpt>
      <trkpt lat="45.5891608" lon="7.5776967">
        <ele>2579</ele>
      </trkpt>
      <trkpt lat="45.5891733" lon="7.5776212">
        <ele>2579</ele>
      </trkpt>
      <trkpt lat="45.5891764" lon="7.5775651">
        <ele>2579</ele>
      </trkpt>
      <trkpt lat="45.5891859" lon="7.5774843">
        <ele>2579</ele>
      </trkpt>
      <trkpt lat="45.5892195" lon="7.5774014">
        <ele>2579</ele>
      </trkpt>
      <trkpt lat="45.5892493" lon="7.5773296">
        <ele>2579</ele>
      </trkpt>
      <trkpt lat="45.5892887" lon="7.5772590">
        <ele>2579</ele>
      </trkpt>
      <trkpt lat="45.5893151" lon="7.5772214">
        <ele>2579</ele>
      </trkpt>
      <trkpt lat="45.5893403" lon="7.5771661">
        <ele>2580</ele>
      </trkpt>
      <trkpt lat="45.5893597" lon="7.5771082">
        <ele>2580</ele>
      </trkpt>
      <trkpt lat="45.5893752" lon="7.5770464">
        <ele>2580</ele>
      </trkpt>
      <trkpt lat="45.5893858" lon="7.5769682">
        <ele>2580</ele>
      </trkpt>
      <trkpt lat="45.5893872" lon="7.5769327">
        <ele>2580</ele>
      </trkpt>
      <trkpt lat="45.5894430" lon="7.5768257">
        <ele>2580</ele>
      </trkpt>
      <trkpt lat="45.5895107" lon="7.5767409">
        <ele>2580</ele>
      </trkpt>
      <trkpt lat="45.5895678" lon="7.5766391">
        <ele>2580</ele>
      </trkpt>
      <trkpt lat="45.5896129" lon="7.5765377">
        <ele>2580</ele>
      </trkpt>
      <trkpt lat="45.5896450" lon="7.5763559">
        <ele>2580</ele>
      </trkpt>
      <trkpt lat="45.5896638" lon="7.5762111">
        <ele>2580</ele>
      </trkpt>
      <trkpt lat="45.5896880" lon="7.5760882">
        <ele>2581</ele>
      </trkpt>
      <trkpt lat="45.5897053" lon="7.5759581">
        <ele>2581</ele>
      </trkpt>
      <trkpt lat="45.5897169" lon="7.5758725">
        <ele>2581</ele>
      </trkpt>
      <trkpt lat="45.5897271" lon="7.5758301">
        <ele>2581</ele>
      </trkpt>
      <trkpt lat="45.5897299" lon="7.5757798">
        <ele>2581</ele>
      </trkpt>
      <trkpt lat="45.5897254" lon="7.5757310">
        <ele>2581</ele>
      </trkpt>
      <trkpt lat="45.5897189" lon="7.5756902">
        <ele>2581</ele>
      </trkpt>
      <trkpt lat="45.5897118" lon="7.5756378">
        <ele>2581</ele>
      </trkpt>
      <trkpt lat="45.5897092" lon="7.5756036">
        <ele>2581</ele>
      </trkpt>
      <trkpt lat="45.5897037" lon="7.5755385">
        <ele>2581</ele>
      </trkpt>
      <trkpt lat="45.5897007" lon="7.5754683">
        <ele>2581</ele>
      </trkpt>
      <trkpt lat="45.5896888" lon="7.5753435">
        <ele>2581</ele>
      </trkpt>
      <trkpt lat="45.5896873" lon="7.5752934">
        <ele>2582</ele>
      </trkpt>
      <trkpt lat="45.5896961" lon="7.5752381">
        <ele>2582</ele>
      </trkpt>
      <trkpt lat="45.5897026" lon="7.5751793">
        <ele>2582</ele>
      </trkpt>
      <trkpt lat="45.5897070" lon="7.5751467">
        <ele>2582</ele>
      </trkpt>
      <trkpt lat="45.5897118" lon="7.5750902">
        <ele>2582</ele>
      </trkpt>
      <trkpt lat="45.5897164" lon="7.5750436">
        <ele>2582</ele>
      </trkpt>
      <trkpt lat="45.5897116" lon="7.5750040">
        <ele>2582</ele>
      </trkpt>
      <trkpt lat="45.5897068" lon="7.5749625">
        <ele>2582</ele>
      </trkpt>
      <trkpt lat="45.5897046" lon="7.5749277">
        <ele>2582</ele>
      </trkpt>
      <trkpt lat="45.5896970" lon="7.5748961">
        <ele>2582</ele>
      </trkpt>
      <trkpt lat="45.5896889" lon="7.5748719">
        <ele>2582</ele>
      </trkpt>
      <trkpt lat="45.5896629" lon="7.5748487">
        <ele>2583</ele>
      </trkpt>
      <trkpt lat="45.5896367" lon="7.5748175">
        <ele>2583</ele>
      </trkpt>
      <trkpt lat="45.5896232" lon="7.5747995">
        <ele>2583</ele>
      </trkpt>
      <trkpt lat="45.5895966" lon="7.5747455">
        <ele>2583</ele>
      </trkpt>
      <trkpt lat="45.5895855" lon="7.5746955">
        <ele>2583</ele>
      </trkpt>
      <trkpt lat="45.5895639" lon="7.5746041">
        <ele>2583</ele>
      </trkpt>
    </trkseg>
  </trk>
</gpx>
