<?xml version="1.0" encoding="UTF-8"?>
<gpx version="1.1" creator="sentieri-vda" xmlns="http://www.topografix.com/GPX/1/1">
  <metadata>
    <name>TAPPA 3: Aosta - Châtillon</name>
    <desc>Catasto Sentieri VdA — PVF_S3</desc>
    <author><name>Regione Autonoma Valle d'Aosta</name></author>
  </metadata>
  <trk>
    <name>TAPPA 3: Aosta - Châtillon</name>
    <src>Catasto Sentieri VdA (PVF_S3)</src>
    <trkseg>
      <trkpt lat="45.7381655" lon="7.3186298">
        <ele>581</ele>
      </trkpt>
      <trkpt lat="45.7381115" lon="7.3186620">
        <ele>581</ele>
      </trkpt>
      <trkpt lat="45.7379202" lon="7.3187761">
        <ele>581</ele>
      </trkpt>
      <trkpt lat="45.7379576" lon="7.3188738">
        <ele>581</ele>
      </trkpt>
      <trkpt lat="45.7379905" lon="7.3189664">
        <ele>581</ele>
      </trkpt>
      <trkpt lat="45.7380296" lon="7.3191761">
        <ele>581</ele>
      </trkpt>
      <trkpt lat="45.7380713" lon="7.3195930">
        <ele>581</ele>
      </trkpt>
      <trkpt lat="45.7380771" lon="7.3196507">
        <ele>581</ele>
      </trkpt>
      <trkpt lat="45.7381417" lon="7.3200701">
        <ele>581</ele>
      </trkpt>
      <trkpt lat="45.7376540" lon="7.3202599">
        <ele>581</ele>
      </trkpt>
      <trkpt lat="45.7374930" lon="7.3203266">
        <ele>581</ele>
      </trkpt>
      <trkpt lat="45.7373810" lon="7.3203665">
        <ele>581</ele>
      </trkpt>
      <trkpt lat="45.7372476" lon="7.3204709">
        <ele>581</ele>
      </trkpt>
      <trkpt lat="45.7370109" lon="7.3206965">
        <ele>581</ele>
      </trkpt>
      <trkpt lat="45.7371739" lon="7.3213554">
        <ele>581</ele>
      </trkpt>
      <trkpt lat="45.7372744" lon="7.3216261">
        <ele>581</ele>
      </trkpt>
      <trkpt lat="45.7373016" lon="7.3216980">
        <ele>581</ele>
      </trkpt>
      <trkpt lat="45.7375264" lon="7.3222954">
        <ele>581</ele>
      </trkpt>
      <trkpt lat="45.7376032" lon="7.3226200">
        <ele>581</ele>
      </trkpt>
      <trkpt lat="45.7376858" lon="7.3229167">
        <ele>581</ele>
      </trkpt>
      <trkpt lat="45.7378169" lon="7.3233873">
        <ele>581</ele>
      </trkpt>
      <trkpt lat="45.7378639" lon="7.3235188">
        <ele>581</ele>
      </trkpt>
      <trkpt lat="45.7378827" lon="7.3235725">
        <ele>581</ele>
      </trkpt>
      <trkpt lat="45.7379586" lon="7.3238401">
        <ele>581</ele>
      </trkpt>
      <trkpt lat="45.7380631" lon="7.3242166">
        <ele>581</ele>
      </trkpt>
      <trkpt lat="45.7380912" lon="7.3242929">
        <ele>581</ele>
      </trkpt>
      <trkpt lat="45.7381106" lon="7.3243668">
        <ele>581</ele>
      </trkpt>
      <trkpt lat="45.7381354" lon="7.3244648">
        <ele>581</ele>
      </trkpt>
      <trkpt lat="45.7381820" lon="7.3246493">
        <ele>581</ele>
      </trkpt>
      <trkpt lat="45.7382465" lon="7.3248067">
        <ele>581</ele>
      </trkpt>
      <trkpt lat="45.7382940" lon="7.3249227">
        <ele>581</ele>
      </trkpt>
      <trkpt lat="45.7383134" lon="7.3250161">
        <ele>581</ele>
      </trkpt>
      <trkpt lat="45.7384762" lon="7.3256868">
        <ele>581</ele>
      </trkpt>
      <trkpt lat="45.7385146" lon="7.3258435">
        <ele>581</ele>
      </trkpt>
      <trkpt lat="45.7385193" lon="7.3258627">
        <ele>581</ele>
      </trkpt>
      <trkpt lat="45.7386197" lon="7.3262678">
        <ele>581</ele>
      </trkpt>
      <trkpt lat="45.7386867" lon="7.3265397">
        <ele>580</ele>
      </trkpt>
      <trkpt lat="45.7387346" lon="7.3267388">
        <ele>580</ele>
      </trkpt>
      <trkpt lat="45.7388497" lon="7.3272169">
        <ele>580</ele>
      </trkpt>
      <trkpt lat="45.7389403" lon="7.3275697">
        <ele>580</ele>
      </trkpt>
      <trkpt lat="45.7389753" lon="7.3276944">
        <ele>580</ele>
      </trkpt>
      <trkpt lat="45.7390353" lon="7.3279087">
        <ele>580</ele>
      </trkpt>
      <trkpt lat="45.7391490" lon="7.3282970">
        <ele>580</ele>
      </trkpt>
      <trkpt lat="45.7392345" lon="7.3286045">
        <ele>580</ele>
      </trkpt>
      <trkpt lat="45.7393566" lon="7.3286451">
        <ele>580</ele>
      </trkpt>
      <trkpt lat="45.7394526" lon="7.3287482">
        <ele>580</ele>
      </trkpt>
      <trkpt lat="45.7394923" lon="7.3288479">
        <ele>580</ele>
      </trkpt>
      <trkpt lat="45.7395035" lon="7.3288760">
        <ele>580</ele>
      </trkpt>
      <trkpt lat="45.7395414" lon="7.3289709">
        <ele>580</ele>
      </trkpt>
      <trkpt lat="45.7395846" lon="7.3292329">
        <ele>580</ele>
      </trkpt>
      <trkpt lat="45.7395720" lon="7.3294080">
        <ele>580</ele>
      </trkpt>
      <trkpt lat="45.7395405" lon="7.3294619">
        <ele>580</ele>
      </trkpt>
      <trkpt lat="45.7394869" lon="7.3295534">
        <ele>580</ele>
      </trkpt>
      <trkpt lat="45.7395771" lon="7.3298609">
        <ele>580</ele>
      </trkpt>
      <trkpt lat="45.7396453" lon="7.3300930">
        <ele>580</ele>
      </trkpt>
      <trkpt lat="45.7396834" lon="7.3302315">
        <ele>580</ele>
      </trkpt>
      <trkpt lat="45.7397076" lon="7.3303194">
        <ele>580</ele>
      </trkpt>
      <trkpt lat="45.7397745" lon="7.3305628">
        <ele>580</ele>
      </trkpt>
      <trkpt lat="45.7398530" lon="7.3308918">
        <ele>580</ele>
      </trkpt>
      <trkpt lat="45.7399228" lon="7.3311387">
        <ele>580</ele>
      </trkpt>
      <trkpt lat="45.7399336" lon="7.3311770">
        <ele>580</ele>
      </trkpt>
      <trkpt lat="45.7399581" lon="7.3313084">
        <ele>580</ele>
      </trkpt>
      <trkpt lat="45.7399965" lon="7.3314768">
        <ele>580</ele>
      </trkpt>
      <trkpt lat="45.7400352" lon="7.3316608">
        <ele>580</ele>
      </trkpt>
      <trkpt lat="45.7401245" lon="7.3319212">
        <ele>580</ele>
      </trkpt>
      <trkpt lat="45.7402313" lon="7.3321418">
        <ele>580</ele>
      </trkpt>
      <trkpt lat="45.7403286" lon="7.3323349">
        <ele>580</ele>
      </trkpt>
      <trkpt lat="45.7403567" lon="7.3324124">
        <ele>580</ele>
      </trkpt>
      <trkpt lat="45.7403809" lon="7.3328331">
        <ele>580</ele>
      </trkpt>
      <trkpt lat="45.7404303" lon="7.3334442">
        <ele>580</ele>
      </trkpt>
      <trkpt lat="45.7404933" lon="7.3334772">
        <ele>580</ele>
      </trkpt>
      <trkpt lat="45.7405743" lon="7.3334687">
        <ele>580</ele>
      </trkpt>
      <trkpt lat="45.7406041" lon="7.3334805">
        <ele>580</ele>
      </trkpt>
      <trkpt lat="45.7405980" lon="7.3336559">
        <ele>580</ele>
      </trkpt>
      <trkpt lat="45.7405919" lon="7.3339404">
        <ele>580</ele>
      </trkpt>
      <trkpt lat="45.7405854" lon="7.3341677">
        <ele>580</ele>
      </trkpt>
      <trkpt lat="45.7406500" lon="7.3341745">
        <ele>580</ele>
      </trkpt>
      <trkpt lat="45.7406580" lon="7.3341938">
        <ele>580</ele>
      </trkpt>
      <trkpt lat="45.7406731" lon="7.3342324">
        <ele>580</ele>
      </trkpt>
      <trkpt lat="45.7407075" lon="7.3343070">
        <ele>580</ele>
      </trkpt>
      <trkpt lat="45.7407447" lon="7.3342680">
        <ele>580</ele>
      </trkpt>
      <trkpt lat="45.7407656" lon="7.3343114">
        <ele>580</ele>
      </trkpt>
      <trkpt lat="45.7407868" lon="7.3343535">
        <ele>580</ele>
      </trkpt>
      <trkpt lat="45.7408362" lon="7.3344246">
        <ele>580</ele>
      </trkpt>
      <trkpt lat="45.7408634" lon="7.3344672">
        <ele>580</ele>
      </trkpt>
      <trkpt lat="45.7409125" lon="7.3345455">
        <ele>580</ele>
      </trkpt>
      <trkpt lat="45.7409546" lon="7.3346599">
        <ele>580</ele>
      </trkpt>
      <trkpt lat="45.7410454" lon="7.3351990">
        <ele>580</ele>
      </trkpt>
      <trkpt lat="45.7410603" lon="7.3352914">
        <ele>580</ele>
      </trkpt>
      <trkpt lat="45.7410725" lon="7.3355155">
        <ele>580</ele>
      </trkpt>
      <trkpt lat="45.7410763" lon="7.3357749">
        <ele>580</ele>
      </trkpt>
      <trkpt lat="45.7410695" lon="7.3359278">
        <ele>580</ele>
      </trkpt>
      <trkpt lat="45.7410597" lon="7.3361795">
        <ele>580</ele>
      </trkpt>
      <trkpt lat="45.7410229" lon="7.3364337">
        <ele>580</ele>
      </trkpt>
      <trkpt lat="45.7409731" lon="7.3367224">
        <ele>580</ele>
      </trkpt>
      <trkpt lat="45.7409128" lon="7.3369577">
        <ele>580</ele>
      </trkpt>
      <trkpt lat="45.7408262" lon="7.3371413">
        <ele>580</ele>
      </trkpt>
      <trkpt lat="45.7406511" lon="7.3374819">
        <ele>580</ele>
      </trkpt>
      <trkpt lat="45.7406348" lon="7.3375969">
        <ele>580</ele>
      </trkpt>
      <trkpt lat="45.7406411" lon="7.3377172">
        <ele>580</ele>
      </trkpt>
      <trkpt lat="45.7406837" lon="7.3378614">
        <ele>580</ele>
      </trkpt>
      <trkpt lat="45.7407681" lon="7.3380951">
        <ele>580</ele>
      </trkpt>
      <trkpt lat="45.7409420" lon="7.3386029">
        <ele>580</ele>
      </trkpt>
      <trkpt lat="45.7409940" lon="7.3387805">
        <ele>580</ele>
      </trkpt>
      <trkpt lat="45.7410467" lon="7.3389950">
        <ele>580</ele>
      </trkpt>
      <trkpt lat="45.7410620" lon="7.3391195">
        <ele>580</ele>
      </trkpt>
      <trkpt lat="45.7410703" lon="7.3393828">
        <ele>580</ele>
      </trkpt>
      <trkpt lat="45.7410853" lon="7.3394827">
        <ele>579</ele>
      </trkpt>
      <trkpt lat="45.7411135" lon="7.3395651">
        <ele>579</ele>
      </trkpt>
      <trkpt lat="45.7412005" lon="7.3396705">
        <ele>579</ele>
      </trkpt>
      <trkpt lat="45.7412550" lon="7.3397047">
        <ele>579</ele>
      </trkpt>
      <trkpt lat="45.7413092" lon="7.3397159">
        <ele>579</ele>
      </trkpt>
      <trkpt lat="45.7414530" lon="7.3397024">
        <ele>579</ele>
      </trkpt>
      <trkpt lat="45.7416103" lon="7.3396889">
        <ele>579</ele>
      </trkpt>
      <trkpt lat="45.7416829" lon="7.3397281">
        <ele>579</ele>
      </trkpt>
      <trkpt lat="45.7417561" lon="7.3398156">
        <ele>579</ele>
      </trkpt>
      <trkpt lat="45.7419137" lon="7.3401103">
        <ele>579</ele>
      </trkpt>
      <trkpt lat="45.7421771" lon="7.3406033">
        <ele>579</ele>
      </trkpt>
      <trkpt lat="45.7422280" lon="7.3406998">
        <ele>579</ele>
      </trkpt>
      <trkpt lat="45.7422784" lon="7.3407614">
        <ele>579</ele>
      </trkpt>
      <trkpt lat="45.7423654" lon="7.3408492">
        <ele>579</ele>
      </trkpt>
      <trkpt lat="45.7424423" lon="7.3409314">
        <ele>579</ele>
      </trkpt>
      <trkpt lat="45.7425003" lon="7.3410239">
        <ele>579</ele>
      </trkpt>
      <trkpt lat="45.7425276" lon="7.3410911">
        <ele>579</ele>
      </trkpt>
      <trkpt lat="45.7425499" lon="7.3411594">
        <ele>579</ele>
      </trkpt>
      <trkpt lat="45.7425887" lon="7.3413648">
        <ele>579</ele>
      </trkpt>
      <trkpt lat="45.7425968" lon="7.3416124">
        <ele>579</ele>
      </trkpt>
      <trkpt lat="45.7425868" lon="7.3418573">
        <ele>579</ele>
      </trkpt>
      <trkpt lat="45.7426054" lon="7.3422067">
        <ele>579</ele>
      </trkpt>
      <trkpt lat="45.7426235" lon="7.3425211">
        <ele>579</ele>
      </trkpt>
      <trkpt lat="45.7426260" lon="7.3425418">
        <ele>579</ele>
      </trkpt>
      <trkpt lat="45.7426490" lon="7.3427300">
        <ele>579</ele>
      </trkpt>
      <trkpt lat="45.7426790" lon="7.3429336">
        <ele>579</ele>
      </trkpt>
      <trkpt lat="45.7427276" lon="7.3431824">
        <ele>579</ele>
      </trkpt>
      <trkpt lat="45.7427660" lon="7.3433460">
        <ele>579</ele>
      </trkpt>
      <trkpt lat="45.7427991" lon="7.3434575">
        <ele>579</ele>
      </trkpt>
      <trkpt lat="45.7428180" lon="7.3435208">
        <ele>579</ele>
      </trkpt>
      <trkpt lat="45.7429664" lon="7.3441314">
        <ele>579</ele>
      </trkpt>
      <trkpt lat="45.7430298" lon="7.3444734">
        <ele>579</ele>
      </trkpt>
      <trkpt lat="45.7430647" lon="7.3447082">
        <ele>579</ele>
      </trkpt>
      <trkpt lat="45.7430752" lon="7.3448083">
        <ele>579</ele>
      </trkpt>
      <trkpt lat="45.7431067" lon="7.3451219">
        <ele>579</ele>
      </trkpt>
      <trkpt lat="45.7431360" lon="7.3452789">
        <ele>579</ele>
      </trkpt>
      <trkpt lat="45.7432171" lon="7.3455995">
        <ele>579</ele>
      </trkpt>
      <trkpt lat="45.7432409" lon="7.3456840">
        <ele>579</ele>
      </trkpt>
      <trkpt lat="45.7432697" lon="7.3458097">
        <ele>579</ele>
      </trkpt>
      <trkpt lat="45.7432943" lon="7.3459568">
        <ele>579</ele>
      </trkpt>
      <trkpt lat="45.7433434" lon="7.3462413">
        <ele>579</ele>
      </trkpt>
      <trkpt lat="45.7433862" lon="7.3463968">
        <ele>579</ele>
      </trkpt>
      <trkpt lat="45.7434141" lon="7.3464558">
        <ele>579</ele>
      </trkpt>
      <trkpt lat="45.7434644" lon="7.3465125">
        <ele>579</ele>
      </trkpt>
      <trkpt lat="45.7436279" lon="7.3466154">
        <ele>579</ele>
      </trkpt>
      <trkpt lat="45.7437913" lon="7.3467138">
        <ele>579</ele>
      </trkpt>
      <trkpt lat="45.7438454" lon="7.3467210">
        <ele>579</ele>
      </trkpt>
      <trkpt lat="45.7440257" lon="7.3467426">
        <ele>579</ele>
      </trkpt>
      <trkpt lat="45.7440665" lon="7.3467599">
        <ele>579</ele>
      </trkpt>
      <trkpt lat="45.7441026" lon="7.3467903">
        <ele>579</ele>
      </trkpt>
      <trkpt lat="45.7442177" lon="7.3469471">
        <ele>579</ele>
      </trkpt>
      <trkpt lat="45.7442689" lon="7.3470641">
        <ele>579</ele>
      </trkpt>
      <trkpt lat="45.7443303" lon="7.3472639">
        <ele>579</ele>
      </trkpt>
      <trkpt lat="45.7443725" lon="7.3473820">
        <ele>579</ele>
      </trkpt>
      <trkpt lat="45.7444189" lon="7.3474790">
        <ele>579</ele>
      </trkpt>
      <trkpt lat="45.7444787" lon="7.3475697">
        <ele>579</ele>
      </trkpt>
      <trkpt lat="45.7444928" lon="7.3475865">
        <ele>579</ele>
      </trkpt>
      <trkpt lat="45.7445749" lon="7.3476849">
        <ele>579</ele>
      </trkpt>
      <trkpt lat="45.7446300" lon="7.3477568">
        <ele>579</ele>
      </trkpt>
      <trkpt lat="45.7446763" lon="7.3478507">
        <ele>579</ele>
      </trkpt>
      <trkpt lat="45.7447322" lon="7.3479820">
        <ele>579</ele>
      </trkpt>
      <trkpt lat="45.7447556" lon="7.3480440">
        <ele>579</ele>
      </trkpt>
      <trkpt lat="45.7448117" lon="7.3481901">
        <ele>579</ele>
      </trkpt>
      <trkpt lat="45.7448919" lon="7.3484465">
        <ele>579</ele>
      </trkpt>
      <trkpt lat="45.7449301" lon="7.3485976">
        <ele>579</ele>
      </trkpt>
      <trkpt lat="45.7449452" lon="7.3487064">
        <ele>579</ele>
      </trkpt>
      <trkpt lat="45.7450086" lon="7.3490444">
        <ele>579</ele>
      </trkpt>
      <trkpt lat="45.7450423" lon="7.3491973">
        <ele>579</ele>
      </trkpt>
      <trkpt lat="45.7451268" lon="7.3494415">
        <ele>579</ele>
      </trkpt>
      <trkpt lat="45.7451548" lon="7.3495097">
        <ele>579</ele>
      </trkpt>
      <trkpt lat="45.7452155" lon="7.3496602">
        <ele>579</ele>
      </trkpt>
      <trkpt lat="45.7452436" lon="7.3497381">
        <ele>578</ele>
      </trkpt>
      <trkpt lat="45.7452768" lon="7.3498536">
        <ele>578</ele>
      </trkpt>
      <trkpt lat="45.7453104" lon="7.3499997">
        <ele>578</ele>
      </trkpt>
      <trkpt lat="45.7453538" lon="7.3501957">
        <ele>578</ele>
      </trkpt>
      <trkpt lat="45.7454160" lon="7.3504570">
        <ele>578</ele>
      </trkpt>
      <trkpt lat="45.7454444" lon="7.3505521">
        <ele>578</ele>
      </trkpt>
      <trkpt lat="45.7456322" lon="7.3510901">
        <ele>578</ele>
      </trkpt>
      <trkpt lat="45.7456789" lon="7.3512093">
        <ele>578</ele>
      </trkpt>
      <trkpt lat="45.7458102" lon="7.3515774">
        <ele>578</ele>
      </trkpt>
      <trkpt lat="45.7458568" lon="7.3516841">
        <ele>578</ele>
      </trkpt>
      <trkpt lat="45.7459078" lon="7.3517911">
        <ele>578</ele>
      </trkpt>
      <trkpt lat="45.7460188" lon="7.3519971">
        <ele>578</ele>
      </trkpt>
      <trkpt lat="45.7460838" lon="7.3521374">
        <ele>578</ele>
      </trkpt>
      <trkpt lat="45.7461258" lon="7.3522410">
        <ele>578</ele>
      </trkpt>
      <trkpt lat="45.7461543" lon="7.3523447">
        <ele>578</ele>
      </trkpt>
      <trkpt lat="45.7461785" lon="7.3524633">
        <ele>578</ele>
      </trkpt>
      <trkpt lat="45.7463436" lon="7.3533000">
        <ele>578</ele>
      </trkpt>
      <trkpt lat="45.7463925" lon="7.3535710">
        <ele>578</ele>
      </trkpt>
      <trkpt lat="45.7464033" lon="7.3536960">
        <ele>578</ele>
      </trkpt>
      <trkpt lat="45.7464099" lon="7.3538408">
        <ele>578</ele>
      </trkpt>
      <trkpt lat="45.7464172" lon="7.3540371">
        <ele>578</ele>
      </trkpt>
      <trkpt lat="45.7464278" lon="7.3541476">
        <ele>578</ele>
      </trkpt>
      <trkpt lat="45.7464571" lon="7.3543083">
        <ele>578</ele>
      </trkpt>
      <trkpt lat="45.7464902" lon="7.3544162">
        <ele>578</ele>
      </trkpt>
      <trkpt lat="45.7465182" lon="7.3544885">
        <ele>578</ele>
      </trkpt>
      <trkpt lat="45.7466212" lon="7.3547606">
        <ele>578</ele>
      </trkpt>
      <trkpt lat="45.7466627" lon="7.3548317">
        <ele>578</ele>
      </trkpt>
      <trkpt lat="45.7467179" lon="7.3549165">
        <ele>578</ele>
      </trkpt>
      <trkpt lat="45.7468493" lon="7.3552891">
        <ele>578</ele>
      </trkpt>
      <trkpt lat="45.7469229" lon="7.3554014">
        <ele>578</ele>
      </trkpt>
      <trkpt lat="45.7469597" lon="7.3554545">
        <ele>578</ele>
      </trkpt>
      <trkpt lat="45.7470017" lon="7.3555614">
        <ele>578</ele>
      </trkpt>
      <trkpt lat="45.7469988" lon="7.3556687">
        <ele>578</ele>
      </trkpt>
      <trkpt lat="45.7469909" lon="7.3557457">
        <ele>578</ele>
      </trkpt>
      <trkpt lat="45.7469675" lon="7.3559963">
        <ele>578</ele>
      </trkpt>
      <trkpt lat="45.7469785" lon="7.3561378">
        <ele>578</ele>
      </trkpt>
      <trkpt lat="45.7470456" lon="7.3564210">
        <ele>578</ele>
      </trkpt>
      <trkpt lat="45.7471023" lon="7.3566058">
        <ele>578</ele>
      </trkpt>
      <trkpt lat="45.7471765" lon="7.3567615">
        <ele>578</ele>
      </trkpt>
      <trkpt lat="45.7472456" lon="7.3568739">
        <ele>578</ele>
      </trkpt>
      <trkpt lat="45.7473249" lon="7.3570641">
        <ele>578</ele>
      </trkpt>
      <trkpt lat="45.7474459" lon="7.3573461">
        <ele>578</ele>
      </trkpt>
      <trkpt lat="45.7475248" lon="7.3575085">
        <ele>578</ele>
      </trkpt>
      <trkpt lat="45.7475846" lon="7.3575988">
        <ele>578</ele>
      </trkpt>
      <trkpt lat="45.7476302" lon="7.3576437">
        <ele>578</ele>
      </trkpt>
      <trkpt lat="45.7476836" lon="7.3576857">
        <ele>578</ele>
      </trkpt>
      <trkpt lat="45.7477206" lon="7.3576976">
        <ele>578</ele>
      </trkpt>
      <trkpt lat="45.7477753" lon="7.3577218">
        <ele>578</ele>
      </trkpt>
      <trkpt lat="45.7478257" lon="7.3577789">
        <ele>578</ele>
      </trkpt>
      <trkpt lat="45.7478717" lon="7.3578511">
        <ele>578</ele>
      </trkpt>
      <trkpt lat="45.7479370" lon="7.3580099">
        <ele>578</ele>
      </trkpt>
      <trkpt lat="45.7479110" lon="7.3580722">
        <ele>578</ele>
      </trkpt>
      <trkpt lat="45.7478543" lon="7.3582080">
        <ele>578</ele>
      </trkpt>
      <trkpt lat="45.7478331" lon="7.3582934">
        <ele>578</ele>
      </trkpt>
      <trkpt lat="45.7478939" lon="7.3584567">
        <ele>578</ele>
      </trkpt>
      <trkpt lat="45.7480483" lon="7.3588624">
        <ele>578</ele>
      </trkpt>
      <trkpt lat="45.7480526" lon="7.3588930">
        <ele>578</ele>
      </trkpt>
      <trkpt lat="45.7480811" lon="7.3590962">
        <ele>578</ele>
      </trkpt>
      <trkpt lat="45.7480934" lon="7.3591840">
        <ele>578</ele>
      </trkpt>
      <trkpt lat="45.7481241" lon="7.3594451">
        <ele>578</ele>
      </trkpt>
      <trkpt lat="45.7481898" lon="7.3599429">
        <ele>578</ele>
      </trkpt>
      <trkpt lat="45.7482576" lon="7.3602792">
        <ele>578</ele>
      </trkpt>
      <trkpt lat="45.7483543" lon="7.3607424">
        <ele>578</ele>
      </trkpt>
      <trkpt lat="45.7484360" lon="7.3611064">
        <ele>578</ele>
      </trkpt>
      <trkpt lat="45.7485362" lon="7.3615061">
        <ele>578</ele>
      </trkpt>
      <trkpt lat="45.7485696" lon="7.3616364">
        <ele>578</ele>
      </trkpt>
      <trkpt lat="45.7486227" lon="7.3618836">
        <ele>578</ele>
      </trkpt>
      <trkpt lat="45.7486427" lon="7.3620276">
        <ele>578</ele>
      </trkpt>
      <trkpt lat="45.7486585" lon="7.3621842">
        <ele>578</ele>
      </trkpt>
      <trkpt lat="45.7486731" lon="7.3622622">
        <ele>578</ele>
      </trkpt>
      <trkpt lat="45.7487109" lon="7.3627010">
        <ele>578</ele>
      </trkpt>
      <trkpt lat="45.7487453" lon="7.3629057">
        <ele>577</ele>
      </trkpt>
      <trkpt lat="45.7488027" lon="7.3631402">
        <ele>577</ele>
      </trkpt>
      <trkpt lat="45.7488545" lon="7.3633026">
        <ele>577</ele>
      </trkpt>
      <trkpt lat="45.7488920" lon="7.3634044">
        <ele>577</ele>
      </trkpt>
      <trkpt lat="45.7489153" lon="7.3634612">
        <ele>577</ele>
      </trkpt>
      <trkpt lat="45.7489347" lon="7.3635586">
        <ele>577</ele>
      </trkpt>
      <trkpt lat="45.7489449" lon="7.3636455">
        <ele>577</ele>
      </trkpt>
      <trkpt lat="45.7489424" lon="7.3637826">
        <ele>577</ele>
      </trkpt>
      <trkpt lat="45.7489441" lon="7.3638998">
        <ele>577</ele>
      </trkpt>
      <trkpt lat="45.7489342" lon="7.3641528">
        <ele>577</ele>
      </trkpt>
      <trkpt lat="45.7489269" lon="7.3642683">
        <ele>577</ele>
      </trkpt>
      <trkpt lat="45.7489150" lon="7.3643832">
        <ele>577</ele>
      </trkpt>
      <trkpt lat="45.7489070" lon="7.3644561">
        <ele>577</ele>
      </trkpt>
      <trkpt lat="45.7488812" lon="7.3645356">
        <ele>577</ele>
      </trkpt>
      <trkpt lat="45.7488506" lon="7.3645988">
        <ele>577</ele>
      </trkpt>
      <trkpt lat="45.7488021" lon="7.3646733">
        <ele>577</ele>
      </trkpt>
      <trkpt lat="45.7486735" lon="7.3648024">
        <ele>577</ele>
      </trkpt>
      <trkpt lat="45.7485935" lon="7.3648755">
        <ele>577</ele>
      </trkpt>
      <trkpt lat="45.7484828" lon="7.3650009">
        <ele>577</ele>
      </trkpt>
      <trkpt lat="45.7484706" lon="7.3650900">
        <ele>577</ele>
      </trkpt>
      <trkpt lat="45.7484986" lon="7.3651635">
        <ele>577</ele>
      </trkpt>
      <trkpt lat="45.7485307" lon="7.3652023">
        <ele>577</ele>
      </trkpt>
      <trkpt lat="45.7485715" lon="7.3652224">
        <ele>577</ele>
      </trkpt>
      <trkpt lat="45.7486533" lon="7.3652819">
        <ele>577</ele>
      </trkpt>
      <trkpt lat="45.7487352" lon="7.3653386">
        <ele>577</ele>
      </trkpt>
      <trkpt lat="45.7488030" lon="7.3653647">
        <ele>577</ele>
      </trkpt>
      <trkpt lat="45.7490392" lon="7.3655161">
        <ele>577</ele>
      </trkpt>
      <trkpt lat="45.7491118" lon="7.3655594">
        <ele>577</ele>
      </trkpt>
      <trkpt lat="45.7491711" lon="7.3656151">
        <ele>577</ele>
      </trkpt>
      <trkpt lat="45.7492219" lon="7.3657004">
        <ele>577</ele>
      </trkpt>
      <trkpt lat="45.7492722" lon="7.3657616">
        <ele>577</ele>
      </trkpt>
      <trkpt lat="45.7493231" lon="7.3658538">
        <ele>577</ele>
      </trkpt>
      <trkpt lat="45.7493375" lon="7.3659192">
        <ele>577</ele>
      </trkpt>
      <trkpt lat="45.7493566" lon="7.3659990">
        <ele>577</ele>
      </trkpt>
      <trkpt lat="45.7493717" lon="7.3661062">
        <ele>577</ele>
      </trkpt>
      <trkpt lat="45.7493983" lon="7.3663907">
        <ele>577</ele>
      </trkpt>
      <trkpt lat="45.7494328" lon="7.3667795">
        <ele>577</ele>
      </trkpt>
      <trkpt lat="45.7494412" lon="7.3668744">
        <ele>577</ele>
      </trkpt>
      <trkpt lat="45.7494477" lon="7.3669995">
        <ele>577</ele>
      </trkpt>
      <trkpt lat="45.7494389" lon="7.3670974">
        <ele>577</ele>
      </trkpt>
      <trkpt lat="45.7494287" lon="7.3671612">
        <ele>577</ele>
      </trkpt>
      <trkpt lat="45.7494131" lon="7.3672044">
        <ele>577</ele>
      </trkpt>
      <trkpt lat="45.7493890" lon="7.3672527">
        <ele>577</ele>
      </trkpt>
      <trkpt lat="45.7493358" lon="7.3673592">
        <ele>577</ele>
      </trkpt>
      <trkpt lat="45.7493122" lon="7.3675599">
        <ele>577</ele>
      </trkpt>
      <trkpt lat="45.7493122" lon="7.3676915">
        <ele>577</ele>
      </trkpt>
      <trkpt lat="45.7493571" lon="7.3679250">
        <ele>577</ele>
      </trkpt>
      <trkpt lat="45.7494260" lon="7.3680408">
        <ele>577</ele>
      </trkpt>
      <trkpt lat="45.7494577" lon="7.3681227">
        <ele>577</ele>
      </trkpt>
      <trkpt lat="45.7495908" lon="7.3683659">
        <ele>577</ele>
      </trkpt>
      <trkpt lat="45.7496485" lon="7.3684746">
        <ele>577</ele>
      </trkpt>
      <trkpt lat="45.7497872" lon="7.3684319">
        <ele>577</ele>
      </trkpt>
      <trkpt lat="45.7498621" lon="7.3684351">
        <ele>577</ele>
      </trkpt>
      <trkpt lat="45.7499555" lon="7.3684163">
        <ele>577</ele>
      </trkpt>
      <trkpt lat="45.7500789" lon="7.3684020">
        <ele>577</ele>
      </trkpt>
      <trkpt lat="45.7502624" lon="7.3684020">
        <ele>577</ele>
      </trkpt>
      <trkpt lat="45.7503051" lon="7.3684013">
        <ele>577</ele>
      </trkpt>
      <trkpt lat="45.7503210" lon="7.3684169">
        <ele>577</ele>
      </trkpt>
      <trkpt lat="45.7503323" lon="7.3684621">
        <ele>577</ele>
      </trkpt>
      <trkpt lat="45.7503541" lon="7.3685918">
        <ele>577</ele>
      </trkpt>
      <trkpt lat="45.7503691" lon="7.3686360">
        <ele>577</ele>
      </trkpt>
      <trkpt lat="45.7503958" lon="7.3686673">
        <ele>577</ele>
      </trkpt>
      <trkpt lat="45.7504260" lon="7.3686798">
        <ele>577</ele>
      </trkpt>
      <trkpt lat="45.7504573" lon="7.3686816">
        <ele>577</ele>
      </trkpt>
      <trkpt lat="45.7504909" lon="7.3686708">
        <ele>577</ele>
      </trkpt>
      <trkpt lat="45.7505186" lon="7.3686468">
        <ele>577</ele>
      </trkpt>
      <trkpt lat="45.7506516" lon="7.3687254">
        <ele>577</ele>
      </trkpt>
      <trkpt lat="45.7508956" lon="7.3688587">
        <ele>577</ele>
      </trkpt>
      <trkpt lat="45.7510650" lon="7.3689200">
        <ele>577</ele>
      </trkpt>
      <trkpt lat="45.7511207" lon="7.3689330">
        <ele>577</ele>
      </trkpt>
      <trkpt lat="45.7511608" lon="7.3689544">
        <ele>576</ele>
      </trkpt>
      <trkpt lat="45.7514118" lon="7.3690451">
        <ele>576</ele>
      </trkpt>
      <trkpt lat="45.7514602" lon="7.3690592">
        <ele>576</ele>
      </trkpt>
      <trkpt lat="45.7515364" lon="7.3690631">
        <ele>576</ele>
      </trkpt>
      <trkpt lat="45.7516484" lon="7.3690690">
        <ele>576</ele>
      </trkpt>
      <trkpt lat="45.7516967" lon="7.3690743">
        <ele>576</ele>
      </trkpt>
      <trkpt lat="45.7517784" lon="7.3691714">
        <ele>576</ele>
      </trkpt>
      <trkpt lat="45.7518513" lon="7.3692941">
        <ele>576</ele>
      </trkpt>
      <trkpt lat="45.7519074" lon="7.3693063">
        <ele>576</ele>
      </trkpt>
      <trkpt lat="45.7519582" lon="7.3693204">
        <ele>576</ele>
      </trkpt>
      <trkpt lat="45.7520080" lon="7.3693411">
        <ele>576</ele>
      </trkpt>
      <trkpt lat="45.7520568" lon="7.3693647">
        <ele>576</ele>
      </trkpt>
      <trkpt lat="45.7521745" lon="7.3694151">
        <ele>576</ele>
      </trkpt>
      <trkpt lat="45.7522379" lon="7.3694462">
        <ele>576</ele>
      </trkpt>
      <trkpt lat="45.7523059" lon="7.3694792">
        <ele>576</ele>
      </trkpt>
      <trkpt lat="45.7523923" lon="7.3695441">
        <ele>576</ele>
      </trkpt>
      <trkpt lat="45.7524923" lon="7.3696119">
        <ele>576</ele>
      </trkpt>
      <trkpt lat="45.7526307" lon="7.3696288">
        <ele>576</ele>
      </trkpt>
      <trkpt lat="45.7526526" lon="7.3696424">
        <ele>576</ele>
      </trkpt>
      <trkpt lat="45.7526623" lon="7.3696580">
        <ele>576</ele>
      </trkpt>
      <trkpt lat="45.7526689" lon="7.3696781">
        <ele>576</ele>
      </trkpt>
      <trkpt lat="45.7526696" lon="7.3697023">
        <ele>576</ele>
      </trkpt>
      <trkpt lat="45.7526677" lon="7.3697301">
        <ele>576</ele>
      </trkpt>
      <trkpt lat="45.7526570" lon="7.3697614">
        <ele>576</ele>
      </trkpt>
      <trkpt lat="45.7526413" lon="7.3697952">
        <ele>576</ele>
      </trkpt>
      <trkpt lat="45.7526179" lon="7.3698297">
        <ele>576</ele>
      </trkpt>
      <trkpt lat="45.7525967" lon="7.3698651">
        <ele>576</ele>
      </trkpt>
      <trkpt lat="45.7525895" lon="7.3699246">
        <ele>576</ele>
      </trkpt>
      <trkpt lat="45.7525845" lon="7.3699631">
        <ele>576</ele>
      </trkpt>
      <trkpt lat="45.7525669" lon="7.3700297">
        <ele>576</ele>
      </trkpt>
      <trkpt lat="45.7525503" lon="7.3700866">
        <ele>576</ele>
      </trkpt>
      <trkpt lat="45.7525088" lon="7.3702109">
        <ele>576</ele>
      </trkpt>
      <trkpt lat="45.7524907" lon="7.3702961">
        <ele>576</ele>
      </trkpt>
      <trkpt lat="45.7524677" lon="7.3704328">
        <ele>576</ele>
      </trkpt>
      <trkpt lat="45.7524488" lon="7.3705618">
        <ele>576</ele>
      </trkpt>
      <trkpt lat="45.7524514" lon="7.3706075">
        <ele>576</ele>
      </trkpt>
      <trkpt lat="45.7524581" lon="7.3706592">
        <ele>576</ele>
      </trkpt>
      <trkpt lat="45.7524715" lon="7.3707136">
        <ele>576</ele>
      </trkpt>
      <trkpt lat="45.7524941" lon="7.3708394">
        <ele>576</ele>
      </trkpt>
      <trkpt lat="45.7525003" lon="7.3708877">
        <ele>576</ele>
      </trkpt>
      <trkpt lat="45.7524955" lon="7.3709415">
        <ele>576</ele>
      </trkpt>
      <trkpt lat="45.7524807" lon="7.3710114">
        <ele>576</ele>
      </trkpt>
      <trkpt lat="45.7524445" lon="7.3711016">
        <ele>576</ele>
      </trkpt>
      <trkpt lat="45.7524292" lon="7.3711365">
        <ele>576</ele>
      </trkpt>
      <trkpt lat="45.7523970" lon="7.3711843">
        <ele>576</ele>
      </trkpt>
      <trkpt lat="45.7523586" lon="7.3712323">
        <ele>576</ele>
      </trkpt>
      <trkpt lat="45.7522875" lon="7.3712928">
        <ele>576</ele>
      </trkpt>
      <trkpt lat="45.7521893" lon="7.3713854">
        <ele>576</ele>
      </trkpt>
      <trkpt lat="45.7520777" lon="7.3715335">
        <ele>576</ele>
      </trkpt>
      <trkpt lat="45.7520233" lon="7.3716352">
        <ele>576</ele>
      </trkpt>
      <trkpt lat="45.7519553" lon="7.3717307">
        <ele>576</ele>
      </trkpt>
      <trkpt lat="45.7518958" lon="7.3718013">
        <ele>576</ele>
      </trkpt>
      <trkpt lat="45.7518633" lon="7.3718465">
        <ele>576</ele>
      </trkpt>
      <trkpt lat="45.7518504" lon="7.3718842">
        <ele>576</ele>
      </trkpt>
      <trkpt lat="45.7518404" lon="7.3719341">
        <ele>576</ele>
      </trkpt>
      <trkpt lat="45.7518357" lon="7.3719574">
        <ele>576</ele>
      </trkpt>
      <trkpt lat="45.7518617" lon="7.3719707">
        <ele>576</ele>
      </trkpt>
      <trkpt lat="45.7518922" lon="7.3719774">
        <ele>576</ele>
      </trkpt>
      <trkpt lat="45.7519390" lon="7.3719892">
        <ele>576</ele>
      </trkpt>
      <trkpt lat="45.7519799" lon="7.3720023">
        <ele>576</ele>
      </trkpt>
      <trkpt lat="45.7519956" lon="7.3720151">
        <ele>576</ele>
      </trkpt>
      <trkpt lat="45.7519950" lon="7.3720700">
        <ele>576</ele>
      </trkpt>
      <trkpt lat="45.7519958" lon="7.3721246">
        <ele>576</ele>
      </trkpt>
      <trkpt lat="45.7520171" lon="7.3721979">
        <ele>576</ele>
      </trkpt>
      <trkpt lat="45.7520361" lon="7.3722713">
        <ele>576</ele>
      </trkpt>
      <trkpt lat="45.7520551" lon="7.3723383">
        <ele>576</ele>
      </trkpt>
      <trkpt lat="45.7520740" lon="7.3724020">
        <ele>576</ele>
      </trkpt>
      <trkpt lat="45.7520977" lon="7.3724849">
        <ele>576</ele>
      </trkpt>
      <trkpt lat="45.7521236" lon="7.3725709">
        <ele>576</ele>
      </trkpt>
      <trkpt lat="45.7521496" lon="7.3726537">
        <ele>576</ele>
      </trkpt>
      <trkpt lat="45.7521617" lon="7.3727177">
        <ele>576</ele>
      </trkpt>
      <trkpt lat="45.7521761" lon="7.3727783">
        <ele>575</ele>
      </trkpt>
      <trkpt lat="45.7521862" lon="7.3728552">
        <ele>575</ele>
      </trkpt>
      <trkpt lat="45.7521964" lon="7.3729416">
        <ele>575</ele>
      </trkpt>
      <trkpt lat="45.7521975" lon="7.3730155">
        <ele>575</ele>
      </trkpt>
      <trkpt lat="45.7521985" lon="7.3730894">
        <ele>575</ele>
      </trkpt>
      <trkpt lat="45.7521908" lon="7.3731765">
        <ele>575</ele>
      </trkpt>
      <trkpt lat="45.7521827" lon="7.3732410">
        <ele>575</ele>
      </trkpt>
      <trkpt lat="45.7521746" lon="7.3733087">
        <ele>575</ele>
      </trkpt>
      <trkpt lat="45.7521711" lon="7.3733731">
        <ele>575</ele>
      </trkpt>
      <trkpt lat="45.7521675" lon="7.3734375">
        <ele>575</ele>
      </trkpt>
      <trkpt lat="45.7521647" lon="7.3735597">
        <ele>575</ele>
      </trkpt>
      <trkpt lat="45.7521620" lon="7.3736819">
        <ele>575</ele>
      </trkpt>
      <trkpt lat="45.7521565" lon="7.3737721">
        <ele>575</ele>
      </trkpt>
      <trkpt lat="45.7521533" lon="7.3738622">
        <ele>575</ele>
      </trkpt>
      <trkpt lat="45.7521478" lon="7.3739523">
        <ele>575</ele>
      </trkpt>
      <trkpt lat="45.7521325" lon="7.3741424">
        <ele>575</ele>
      </trkpt>
      <trkpt lat="45.7521176" lon="7.3742007">
        <ele>575</ele>
      </trkpt>
      <trkpt lat="45.7521003" lon="7.3742494">
        <ele>575</ele>
      </trkpt>
      <trkpt lat="45.7520676" lon="7.3743243">
        <ele>575</ele>
      </trkpt>
      <trkpt lat="45.7520150" lon="7.3744255">
        <ele>575</ele>
      </trkpt>
      <trkpt lat="45.7519732" lon="7.3744910">
        <ele>575</ele>
      </trkpt>
      <trkpt lat="45.7519358" lon="7.3745499">
        <ele>575</ele>
      </trkpt>
      <trkpt lat="45.7519007" lon="7.3746120">
        <ele>575</ele>
      </trkpt>
      <trkpt lat="45.7518481" lon="7.3747132">
        <ele>575</ele>
      </trkpt>
      <trkpt lat="45.7517887" lon="7.3748049">
        <ele>575</ele>
      </trkpt>
      <trkpt lat="45.7517578" lon="7.3748508">
        <ele>575</ele>
      </trkpt>
      <trkpt lat="45.7517248" lon="7.3749000">
        <ele>575</ele>
      </trkpt>
      <trkpt lat="45.7516898" lon="7.3749749">
        <ele>575</ele>
      </trkpt>
      <trkpt lat="45.7516412" lon="7.3750374">
        <ele>575</ele>
      </trkpt>
      <trkpt lat="45.7515881" lon="7.3751032">
        <ele>575</ele>
      </trkpt>
      <trkpt lat="45.7515259" lon="7.3751564">
        <ele>575</ele>
      </trkpt>
      <trkpt lat="45.7514728" lon="7.3752223">
        <ele>575</ele>
      </trkpt>
      <trkpt lat="45.7514218" lon="7.3752752">
        <ele>575</ele>
      </trkpt>
      <trkpt lat="45.7513485" lon="7.3753416">
        <ele>575</ele>
      </trkpt>
      <trkpt lat="45.7513043" lon="7.3753943">
        <ele>575</ele>
      </trkpt>
      <trkpt lat="45.7512402" lon="7.3754765">
        <ele>575</ele>
      </trkpt>
      <trkpt lat="45.7512093" lon="7.3755224">
        <ele>575</ele>
      </trkpt>
      <trkpt lat="45.7511785" lon="7.3755683">
        <ele>575</ele>
      </trkpt>
      <trkpt lat="45.7511434" lon="7.3756336">
        <ele>575</ele>
      </trkpt>
      <trkpt lat="45.7510993" lon="7.3756959">
        <ele>575</ele>
      </trkpt>
      <trkpt lat="45.7510639" lon="7.3757355">
        <ele>575</ele>
      </trkpt>
      <trkpt lat="45.7510264" lon="7.3757945">
        <ele>575</ele>
      </trkpt>
      <trkpt lat="45.7509916" lon="7.3758758">
        <ele>575</ele>
      </trkpt>
      <trkpt lat="45.7509655" lon="7.3759377">
        <ele>575</ele>
      </trkpt>
      <trkpt lat="45.7509434" lon="7.3759705">
        <ele>575</ele>
      </trkpt>
      <trkpt lat="45.7509441" lon="7.3760186">
        <ele>575</ele>
      </trkpt>
      <trkpt lat="45.7509673" lon="7.3760662">
        <ele>575</ele>
      </trkpt>
      <trkpt lat="45.7509971" lon="7.3761071">
        <ele>575</ele>
      </trkpt>
      <trkpt lat="45.7510453" lon="7.3761732">
        <ele>575</ele>
      </trkpt>
      <trkpt lat="45.7511092" lon="7.3762356">
        <ele>575</ele>
      </trkpt>
      <trkpt lat="45.7511731" lon="7.3762981">
        <ele>575</ele>
      </trkpt>
      <trkpt lat="45.7512142" lon="7.3763419">
        <ele>575</ele>
      </trkpt>
      <trkpt lat="45.7512554" lon="7.3763857">
        <ele>575</ele>
      </trkpt>
      <trkpt lat="45.7513171" lon="7.3764578">
        <ele>575</ele>
      </trkpt>
      <trkpt lat="45.7513516" lon="7.3765082">
        <ele>575</ele>
      </trkpt>
      <trkpt lat="45.7513839" lon="7.3765619">
        <ele>575</ele>
      </trkpt>
      <trkpt lat="45.7514257" lon="7.3766572">
        <ele>575</ele>
      </trkpt>
      <trkpt lat="45.7514535" lon="7.3767078">
        <ele>575</ele>
      </trkpt>
      <trkpt lat="45.7514812" lon="7.3767584">
        <ele>575</ele>
      </trkpt>
      <trkpt lat="45.7515364" lon="7.3768468">
        <ele>575</ele>
      </trkpt>
      <trkpt lat="45.7515735" lon="7.3769196">
        <ele>575</ele>
      </trkpt>
      <trkpt lat="45.7516200" lon="7.3770244">
        <ele>575</ele>
      </trkpt>
      <trkpt lat="45.7516685" lon="7.3771162">
        <ele>575</ele>
      </trkpt>
      <trkpt lat="45.7517442" lon="7.3772200">
        <ele>575</ele>
      </trkpt>
      <trkpt lat="45.7518397" lon="7.3772848">
        <ele>575</ele>
      </trkpt>
      <trkpt lat="45.7518826" lon="7.3772996">
        <ele>575</ele>
      </trkpt>
      <trkpt lat="45.7519209" lon="7.3772985">
        <ele>575</ele>
      </trkpt>
      <trkpt lat="45.7519501" lon="7.3772976">
        <ele>575</ele>
      </trkpt>
      <trkpt lat="45.7519882" lon="7.3772837">
        <ele>575</ele>
      </trkpt>
      <trkpt lat="45.7520240" lon="7.3772698">
        <ele>575</ele>
      </trkpt>
      <trkpt lat="45.7520956" lon="7.3772420">
        <ele>575</ele>
      </trkpt>
      <trkpt lat="45.7521404" lon="7.3772278">
        <ele>574</ele>
      </trkpt>
      <trkpt lat="45.7521852" lon="7.3772137">
        <ele>574</ele>
      </trkpt>
      <trkpt lat="45.7522277" lon="7.3771996">
        <ele>574</ele>
      </trkpt>
      <trkpt lat="45.7522615" lon="7.3771986">
        <ele>574</ele>
      </trkpt>
      <trkpt lat="45.7523200" lon="7.3772034">
        <ele>574</ele>
      </trkpt>
      <trkpt lat="45.7523584" lon="7.3772087">
        <ele>574</ele>
      </trkpt>
      <trkpt lat="45.7524353" lon="7.3772418">
        <ele>574</ele>
      </trkpt>
      <trkpt lat="45.7525804" lon="7.3773147">
        <ele>574</ele>
      </trkpt>
      <trkpt lat="45.7526507" lon="7.3773513">
        <ele>574</ele>
      </trkpt>
      <trkpt lat="45.7526735" lon="7.3773731">
        <ele>574</ele>
      </trkpt>
      <trkpt lat="45.7526963" lon="7.3773949">
        <ele>574</ele>
      </trkpt>
      <trkpt lat="45.7527174" lon="7.3774554">
        <ele>574</ele>
      </trkpt>
      <trkpt lat="45.7527256" lon="7.3775580">
        <ele>574</ele>
      </trkpt>
      <trkpt lat="45.7527217" lon="7.3775967">
        <ele>574</ele>
      </trkpt>
      <trkpt lat="45.7527066" lon="7.3776454">
        <ele>574</ele>
      </trkpt>
      <trkpt lat="45.7526801" lon="7.3776815">
        <ele>574</ele>
      </trkpt>
      <trkpt lat="45.7526351" lon="7.3777400">
        <ele>574</ele>
      </trkpt>
      <trkpt lat="45.7525819" lon="7.3777897">
        <ele>574</ele>
      </trkpt>
      <trkpt lat="45.7525276" lon="7.3778326">
        <ele>574</ele>
      </trkpt>
      <trkpt lat="45.7524279" lon="7.3779625">
        <ele>574</ele>
      </trkpt>
      <trkpt lat="45.7523903" lon="7.3780306">
        <ele>574</ele>
      </trkpt>
      <trkpt lat="45.7523449" lon="7.3781637">
        <ele>574</ele>
      </trkpt>
      <trkpt lat="45.7523236" lon="7.3782479">
        <ele>574</ele>
      </trkpt>
      <trkpt lat="45.7523063" lon="7.3782966">
        <ele>574</ele>
      </trkpt>
      <trkpt lat="45.7522825" lon="7.3783648">
        <ele>574</ele>
      </trkpt>
      <trkpt lat="45.7522264" lon="7.3786604">
        <ele>574</ele>
      </trkpt>
      <trkpt lat="45.7521633" lon="7.3788141">
        <ele>574</ele>
      </trkpt>
      <trkpt lat="45.7520795" lon="7.3789653">
        <ele>574</ele>
      </trkpt>
      <trkpt lat="45.7519692" lon="7.3791163">
        <ele>574</ele>
      </trkpt>
      <trkpt lat="45.7519248" lon="7.3791594">
        <ele>574</ele>
      </trkpt>
      <trkpt lat="45.7515819" lon="7.3792529">
        <ele>574</ele>
      </trkpt>
      <trkpt lat="45.7515353" lon="7.3793025">
        <ele>574</ele>
      </trkpt>
      <trkpt lat="45.7514767" lon="7.3794520">
        <ele>574</ele>
      </trkpt>
      <trkpt lat="45.7514535" lon="7.3795620">
        <ele>574</ele>
      </trkpt>
      <trkpt lat="45.7514181" lon="7.3799262">
        <ele>574</ele>
      </trkpt>
      <trkpt lat="45.7514174" lon="7.3801898">
        <ele>574</ele>
      </trkpt>
      <trkpt lat="45.7514484" lon="7.3804750">
        <ele>574</ele>
      </trkpt>
      <trkpt lat="45.7514798" lon="7.3806251">
        <ele>574</ele>
      </trkpt>
      <trkpt lat="45.7515213" lon="7.3806978">
        <ele>574</ele>
      </trkpt>
      <trkpt lat="45.7515737" lon="7.3807413">
        <ele>574</ele>
      </trkpt>
      <trkpt lat="45.7516888" lon="7.3807637">
        <ele>574</ele>
      </trkpt>
      <trkpt lat="45.7519317" lon="7.3807567">
        <ele>574</ele>
      </trkpt>
      <trkpt lat="45.7519882" lon="7.3807775">
        <ele>574</ele>
      </trkpt>
      <trkpt lat="45.7520362" lon="7.3808244">
        <ele>574</ele>
      </trkpt>
      <trkpt lat="45.7521332" lon="7.3810016">
        <ele>574</ele>
      </trkpt>
      <trkpt lat="45.7521610" lon="7.3812193">
        <ele>574</ele>
      </trkpt>
      <trkpt lat="45.7520958" lon="7.3820151">
        <ele>574</ele>
      </trkpt>
      <trkpt lat="45.7520340" lon="7.3824219">
        <ele>574</ele>
      </trkpt>
      <trkpt lat="45.7520635" lon="7.3825978">
        <ele>574</ele>
      </trkpt>
      <trkpt lat="45.7520324" lon="7.3829394">
        <ele>574</ele>
      </trkpt>
      <trkpt lat="45.7519573" lon="7.3832020">
        <ele>574</ele>
      </trkpt>
      <trkpt lat="45.7519245" lon="7.3832672">
        <ele>574</ele>
      </trkpt>
      <trkpt lat="45.7518803" lon="7.3833263">
        <ele>574</ele>
      </trkpt>
      <trkpt lat="45.7517082" lon="7.3834020">
        <ele>574</ele>
      </trkpt>
      <trkpt lat="45.7516890" lon="7.3834925">
        <ele>574</ele>
      </trkpt>
      <trkpt lat="45.7516781" lon="7.3841338">
        <ele>574</ele>
      </trkpt>
      <trkpt lat="45.7517224" lon="7.3848842">
        <ele>574</ele>
      </trkpt>
      <trkpt lat="45.7516503" lon="7.3852281">
        <ele>574</ele>
      </trkpt>
      <trkpt lat="45.7517018" lon="7.3864508">
        <ele>574</ele>
      </trkpt>
      <trkpt lat="45.7519480" lon="7.3877278">
        <ele>574</ele>
      </trkpt>
      <trkpt lat="45.7519879" lon="7.3882540">
        <ele>574</ele>
      </trkpt>
      <trkpt lat="45.7521138" lon="7.3901545">
        <ele>574</ele>
      </trkpt>
      <trkpt lat="45.7520531" lon="7.3906969">
        <ele>574</ele>
      </trkpt>
      <trkpt lat="45.7521824" lon="7.3910240">
        <ele>574</ele>
      </trkpt>
      <trkpt lat="45.7522512" lon="7.3913250">
        <ele>574</ele>
      </trkpt>
      <trkpt lat="45.7524104" lon="7.3919231">
        <ele>574</ele>
      </trkpt>
      <trkpt lat="45.7523829" lon="7.3929476">
        <ele>574</ele>
      </trkpt>
      <trkpt lat="45.7524057" lon="7.3935320">
        <ele>574</ele>
      </trkpt>
      <trkpt lat="45.7527906" lon="7.3941363">
        <ele>574</ele>
      </trkpt>
      <trkpt lat="45.7528354" lon="7.3942479">
        <ele>574</ele>
      </trkpt>
      <trkpt lat="45.7528182" lon="7.3943170">
        <ele>574</ele>
      </trkpt>
      <trkpt lat="45.7527875" lon="7.3943769">
        <ele>573</ele>
      </trkpt>
      <trkpt lat="45.7527036" lon="7.3944757">
        <ele>573</ele>
      </trkpt>
      <trkpt lat="45.7525974" lon="7.3946009">
        <ele>573</ele>
      </trkpt>
      <trkpt lat="45.7525266" lon="7.3946881">
        <ele>573</ele>
      </trkpt>
      <trkpt lat="45.7524162" lon="7.3948355">
        <ele>573</ele>
      </trkpt>
      <trkpt lat="45.7523323" lon="7.3949533">
        <ele>573</ele>
      </trkpt>
      <trkpt lat="45.7521997" lon="7.3951786">
        <ele>573</ele>
      </trkpt>
      <trkpt lat="45.7521565" lon="7.3952528">
        <ele>573</ele>
      </trkpt>
      <trkpt lat="45.7521259" lon="7.3953681">
        <ele>573</ele>
      </trkpt>
      <trkpt lat="45.7521118" lon="7.3954800">
        <ele>573</ele>
      </trkpt>
      <trkpt lat="45.7521041" lon="7.3955726">
        <ele>573</ele>
      </trkpt>
      <trkpt lat="45.7521115" lon="7.3956763">
        <ele>573</ele>
      </trkpt>
      <trkpt lat="45.7520902" lon="7.3957170">
        <ele>573</ele>
      </trkpt>
      <trkpt lat="45.7520585" lon="7.3957301">
        <ele>573</ele>
      </trkpt>
      <trkpt lat="45.7520463" lon="7.3958159">
        <ele>573</ele>
      </trkpt>
      <trkpt lat="45.7520512" lon="7.3959329">
        <ele>573</ele>
      </trkpt>
      <trkpt lat="45.7520549" lon="7.3960251">
        <ele>573</ele>
      </trkpt>
      <trkpt lat="45.7520589" lon="7.3961281">
        <ele>573</ele>
      </trkpt>
      <trkpt lat="45.7520802" lon="7.3962289">
        <ele>573</ele>
      </trkpt>
      <trkpt lat="45.7520880" lon="7.3962566">
        <ele>573</ele>
      </trkpt>
      <trkpt lat="45.7521339" lon="7.3964092">
        <ele>573</ele>
      </trkpt>
      <trkpt lat="45.7521864" lon="7.3965883">
        <ele>573</ele>
      </trkpt>
      <trkpt lat="45.7522219" lon="7.3967836">
        <ele>573</ele>
      </trkpt>
      <trkpt lat="45.7522131" lon="7.3968809">
        <ele>573</ele>
      </trkpt>
      <trkpt lat="45.7522114" lon="7.3968828">
        <ele>573</ele>
      </trkpt>
      <trkpt lat="45.7521186" lon="7.3969895">
        <ele>573</ele>
      </trkpt>
      <trkpt lat="45.7520282" lon="7.3969988">
        <ele>573</ele>
      </trkpt>
      <trkpt lat="45.7519771" lon="7.3970293">
        <ele>573</ele>
      </trkpt>
      <trkpt lat="45.7519517" lon="7.3971103">
        <ele>573</ele>
      </trkpt>
      <trkpt lat="45.7519304" lon="7.3972670">
        <ele>573</ele>
      </trkpt>
      <trkpt lat="45.7519494" lon="7.3972963">
        <ele>573</ele>
      </trkpt>
      <trkpt lat="45.7520062" lon="7.3972311">
        <ele>573</ele>
      </trkpt>
      <trkpt lat="45.7520332" lon="7.3972036">
        <ele>573</ele>
      </trkpt>
      <trkpt lat="45.7520668" lon="7.3972038">
        <ele>573</ele>
      </trkpt>
      <trkpt lat="45.7521127" lon="7.3972482">
        <ele>573</ele>
      </trkpt>
      <trkpt lat="45.7521538" lon="7.3973395">
        <ele>573</ele>
      </trkpt>
      <trkpt lat="45.7521869" lon="7.3974747">
        <ele>573</ele>
      </trkpt>
      <trkpt lat="45.7522124" lon="7.3975852">
        <ele>573</ele>
      </trkpt>
      <trkpt lat="45.7522259" lon="7.3976550">
        <ele>573</ele>
      </trkpt>
      <trkpt lat="45.7522933" lon="7.3978564">
        <ele>573</ele>
      </trkpt>
      <trkpt lat="45.7523208" lon="7.3979225">
        <ele>573</ele>
      </trkpt>
      <trkpt lat="45.7523281" lon="7.3979714">
        <ele>573</ele>
      </trkpt>
      <trkpt lat="45.7523228" lon="7.3980055">
        <ele>573</ele>
      </trkpt>
      <trkpt lat="45.7523044" lon="7.3980473">
        <ele>573</ele>
      </trkpt>
      <trkpt lat="45.7522776" lon="7.3980849">
        <ele>573</ele>
      </trkpt>
      <trkpt lat="45.7522190" lon="7.3981630">
        <ele>573</ele>
      </trkpt>
      <trkpt lat="45.7521336" lon="7.3982803">
        <ele>573</ele>
      </trkpt>
      <trkpt lat="45.7520735" lon="7.3984398">
        <ele>573</ele>
      </trkpt>
      <trkpt lat="45.7519831" lon="7.3986505">
        <ele>573</ele>
      </trkpt>
      <trkpt lat="45.7515973" lon="7.3993283">
        <ele>573</ele>
      </trkpt>
      <trkpt lat="45.7514649" lon="7.3996001">
        <ele>573</ele>
      </trkpt>
      <trkpt lat="45.7514299" lon="7.3996339">
        <ele>573</ele>
      </trkpt>
      <trkpt lat="45.7511358" lon="7.3998480">
        <ele>573</ele>
      </trkpt>
      <trkpt lat="45.7509965" lon="7.3998911">
        <ele>573</ele>
      </trkpt>
      <trkpt lat="45.7508937" lon="7.3998995">
        <ele>573</ele>
      </trkpt>
      <trkpt lat="45.7501101" lon="7.3998348">
        <ele>573</ele>
      </trkpt>
      <trkpt lat="45.7497833" lon="7.3997625">
        <ele>573</ele>
      </trkpt>
      <trkpt lat="45.7496966" lon="7.3997623">
        <ele>573</ele>
      </trkpt>
      <trkpt lat="45.7495555" lon="7.3998221">
        <ele>573</ele>
      </trkpt>
      <trkpt lat="45.7494674" lon="7.3999185">
        <ele>573</ele>
      </trkpt>
      <trkpt lat="45.7486263" lon="7.4005371">
        <ele>573</ele>
      </trkpt>
      <trkpt lat="45.7482108" lon="7.4009299">
        <ele>573</ele>
      </trkpt>
      <trkpt lat="45.7481603" lon="7.4009994">
        <ele>573</ele>
      </trkpt>
      <trkpt lat="45.7480373" lon="7.4012931">
        <ele>573</ele>
      </trkpt>
      <trkpt lat="45.7480417" lon="7.4013532">
        <ele>573</ele>
      </trkpt>
      <trkpt lat="45.7481226" lon="7.4016244">
        <ele>573</ele>
      </trkpt>
      <trkpt lat="45.7481240" lon="7.4017193">
        <ele>573</ele>
      </trkpt>
      <trkpt lat="45.7480843" lon="7.4017075">
        <ele>573</ele>
      </trkpt>
      <trkpt lat="45.7480563" lon="7.4017334">
        <ele>573</ele>
      </trkpt>
      <trkpt lat="45.7480336" lon="7.4017933">
        <ele>573</ele>
      </trkpt>
      <trkpt lat="45.7480168" lon="7.4018703">
        <ele>573</ele>
      </trkpt>
      <trkpt lat="45.7479952" lon="7.4020107">
        <ele>572</ele>
      </trkpt>
      <trkpt lat="45.7479729" lon="7.4022062">
        <ele>572</ele>
      </trkpt>
      <trkpt lat="45.7479628" lon="7.4023534">
        <ele>572</ele>
      </trkpt>
      <trkpt lat="45.7479604" lon="7.4025025">
        <ele>572</ele>
      </trkpt>
      <trkpt lat="45.7479619" lon="7.4026130">
        <ele>572</ele>
      </trkpt>
      <trkpt lat="45.7479680" lon="7.4027233">
        <ele>572</ele>
      </trkpt>
      <trkpt lat="45.7479872" lon="7.4028071">
        <ele>572</ele>
      </trkpt>
      <trkpt lat="45.7480681" lon="7.4031222">
        <ele>572</ele>
      </trkpt>
      <trkpt lat="45.7481205" lon="7.4033340">
        <ele>572</ele>
      </trkpt>
      <trkpt lat="45.7481259" lon="7.4033945">
        <ele>572</ele>
      </trkpt>
      <trkpt lat="45.7481315" lon="7.4034763">
        <ele>572</ele>
      </trkpt>
      <trkpt lat="45.7481203" lon="7.4037342">
        <ele>572</ele>
      </trkpt>
      <trkpt lat="45.7481267" lon="7.4038829">
        <ele>572</ele>
      </trkpt>
      <trkpt lat="45.7481377" lon="7.4039961">
        <ele>572</ele>
      </trkpt>
      <trkpt lat="45.7481411" lon="7.4040570">
        <ele>572</ele>
      </trkpt>
      <trkpt lat="45.7481250" lon="7.4041319">
        <ele>572</ele>
      </trkpt>
      <trkpt lat="45.7480939" lon="7.4041633">
        <ele>572</ele>
      </trkpt>
      <trkpt lat="45.7480590" lon="7.4041765">
        <ele>572</ele>
      </trkpt>
      <trkpt lat="45.7480568" lon="7.4042630">
        <ele>572</ele>
      </trkpt>
      <trkpt lat="45.7480489" lon="7.4043400">
        <ele>572</ele>
      </trkpt>
      <trkpt lat="45.7480152" lon="7.4045251">
        <ele>572</ele>
      </trkpt>
      <trkpt lat="45.7479934" lon="7.4045227">
        <ele>572</ele>
      </trkpt>
      <trkpt lat="45.7479795" lon="7.4045240">
        <ele>572</ele>
      </trkpt>
      <trkpt lat="45.7479681" lon="7.4045671">
        <ele>572</ele>
      </trkpt>
      <trkpt lat="45.7479499" lon="7.4046378">
        <ele>572</ele>
      </trkpt>
      <trkpt lat="45.7479387" lon="7.4046631">
        <ele>572</ele>
      </trkpt>
      <trkpt lat="45.7479257" lon="7.4046787">
        <ele>572</ele>
      </trkpt>
      <trkpt lat="45.7478764" lon="7.4047009">
        <ele>572</ele>
      </trkpt>
      <trkpt lat="45.7478625" lon="7.4047098">
        <ele>572</ele>
      </trkpt>
      <trkpt lat="45.7478290" lon="7.4048395">
        <ele>572</ele>
      </trkpt>
      <trkpt lat="45.7477935" lon="7.4049910">
        <ele>572</ele>
      </trkpt>
      <trkpt lat="45.7477525" lon="7.4051737">
        <ele>572</ele>
      </trkpt>
      <trkpt lat="45.7477288" lon="7.4052775">
        <ele>572</ele>
      </trkpt>
      <trkpt lat="45.7477173" lon="7.4053773">
        <ele>572</ele>
      </trkpt>
      <trkpt lat="45.7477092" lon="7.4054654">
        <ele>572</ele>
      </trkpt>
      <trkpt lat="45.7476973" lon="7.4056134">
        <ele>572</ele>
      </trkpt>
      <trkpt lat="45.7476797" lon="7.4056994">
        <ele>572</ele>
      </trkpt>
      <trkpt lat="45.7476449" lon="7.4057575">
        <ele>572</ele>
      </trkpt>
      <trkpt lat="45.7475532" lon="7.4057873">
        <ele>572</ele>
      </trkpt>
      <trkpt lat="45.7474040" lon="7.4058403">
        <ele>572</ele>
      </trkpt>
      <trkpt lat="45.7474369" lon="7.4059374">
        <ele>572</ele>
      </trkpt>
      <trkpt lat="45.7475336" lon="7.4062794">
        <ele>572</ele>
      </trkpt>
      <trkpt lat="45.7475931" lon="7.4066126">
        <ele>572</ele>
      </trkpt>
      <trkpt lat="45.7476461" lon="7.4067405">
        <ele>572</ele>
      </trkpt>
      <trkpt lat="45.7476772" lon="7.4068250">
        <ele>572</ele>
      </trkpt>
      <trkpt lat="45.7476824" lon="7.4068908">
        <ele>572</ele>
      </trkpt>
      <trkpt lat="45.7476764" lon="7.4069569">
        <ele>572</ele>
      </trkpt>
      <trkpt lat="45.7476543" lon="7.4070881">
        <ele>572</ele>
      </trkpt>
      <trkpt lat="45.7476045" lon="7.4073141">
        <ele>572</ele>
      </trkpt>
      <trkpt lat="45.7476012" lon="7.4073813">
        <ele>572</ele>
      </trkpt>
      <trkpt lat="45.7476095" lon="7.4074897">
        <ele>572</ele>
      </trkpt>
      <trkpt lat="45.7476264" lon="7.4075942">
        <ele>572</ele>
      </trkpt>
      <trkpt lat="45.7476354" lon="7.4076916">
        <ele>572</ele>
      </trkpt>
      <trkpt lat="45.7476309" lon="7.4078003">
        <ele>572</ele>
      </trkpt>
      <trkpt lat="45.7476284" lon="7.4078602">
        <ele>572</ele>
      </trkpt>
      <trkpt lat="45.7476659" lon="7.4079189">
        <ele>572</ele>
      </trkpt>
      <trkpt lat="45.7477535" lon="7.4080080">
        <ele>572</ele>
      </trkpt>
      <trkpt lat="45.7478434" lon="7.4080811">
        <ele>572</ele>
      </trkpt>
      <trkpt lat="45.7479753" lon="7.4082006">
        <ele>572</ele>
      </trkpt>
      <trkpt lat="45.7480015" lon="7.4082365">
        <ele>572</ele>
      </trkpt>
      <trkpt lat="45.7480403" lon="7.4083220">
        <ele>572</ele>
      </trkpt>
      <trkpt lat="45.7480696" lon="7.4084030">
        <ele>572</ele>
      </trkpt>
      <trkpt lat="45.7481096" lon="7.4085129">
        <ele>572</ele>
      </trkpt>
      <trkpt lat="45.7481716" lon="7.4086143">
        <ele>572</ele>
      </trkpt>
      <trkpt lat="45.7482459" lon="7.4087342">
        <ele>572</ele>
      </trkpt>
      <trkpt lat="45.7482939" lon="7.4088036">
        <ele>572</ele>
      </trkpt>
      <trkpt lat="45.7483187" lon="7.4088627">
        <ele>572</ele>
      </trkpt>
      <trkpt lat="45.7483370" lon="7.4089525">
        <ele>572</ele>
      </trkpt>
      <trkpt lat="45.7483766" lon="7.4090329">
        <ele>572</ele>
      </trkpt>
      <trkpt lat="45.7483649" lon="7.4090512">
        <ele>572</ele>
      </trkpt>
      <trkpt lat="45.7483581" lon="7.4090735">
        <ele>572</ele>
      </trkpt>
      <trkpt lat="45.7483466" lon="7.4091631">
        <ele>571</ele>
      </trkpt>
      <trkpt lat="45.7483581" lon="7.4093925">
        <ele>571</ele>
      </trkpt>
      <trkpt lat="45.7483656" lon="7.4096136">
        <ele>571</ele>
      </trkpt>
      <trkpt lat="45.7483699" lon="7.4099180">
        <ele>571</ele>
      </trkpt>
      <trkpt lat="45.7483752" lon="7.4099781">
        <ele>571</ele>
      </trkpt>
      <trkpt lat="45.7483855" lon="7.4100678">
        <ele>571</ele>
      </trkpt>
      <trkpt lat="45.7484156" lon="7.4102920">
        <ele>571</ele>
      </trkpt>
      <trkpt lat="45.7484406" lon="7.4104700">
        <ele>571</ele>
      </trkpt>
      <trkpt lat="45.7484414" lon="7.4105327">
        <ele>571</ele>
      </trkpt>
      <trkpt lat="45.7484202" lon="7.4106225">
        <ele>571</ele>
      </trkpt>
      <trkpt lat="45.7483984" lon="7.4106765">
        <ele>571</ele>
      </trkpt>
      <trkpt lat="45.7483236" lon="7.4107984">
        <ele>571</ele>
      </trkpt>
      <trkpt lat="45.7482179" lon="7.4109649">
        <ele>571</ele>
      </trkpt>
      <trkpt lat="45.7481828" lon="7.4110269">
        <ele>571</ele>
      </trkpt>
      <trkpt lat="45.7480990" lon="7.4111527">
        <ele>571</ele>
      </trkpt>
      <trkpt lat="45.7479482" lon="7.4113064">
        <ele>571</ele>
      </trkpt>
      <trkpt lat="45.7479037" lon="7.4113470">
        <ele>571</ele>
      </trkpt>
      <trkpt lat="45.7477749" lon="7.4114684">
        <ele>571</ele>
      </trkpt>
      <trkpt lat="45.7476150" lon="7.4116164">
        <ele>571</ele>
      </trkpt>
      <trkpt lat="45.7475708" lon="7.4116759">
        <ele>571</ele>
      </trkpt>
      <trkpt lat="45.7475400" lon="7.4117310">
        <ele>571</ele>
      </trkpt>
      <trkpt lat="45.7475597" lon="7.4118477">
        <ele>571</ele>
      </trkpt>
      <trkpt lat="45.7475427" lon="7.4119245">
        <ele>571</ele>
      </trkpt>
      <trkpt lat="45.7475693" lon="7.4122142">
        <ele>571</ele>
      </trkpt>
      <trkpt lat="45.7475713" lon="7.4123608">
        <ele>571</ele>
      </trkpt>
      <trkpt lat="45.7475243" lon="7.4125409">
        <ele>571</ele>
      </trkpt>
      <trkpt lat="45.7474765" lon="7.4126648">
        <ele>571</ele>
      </trkpt>
      <trkpt lat="45.7474237" lon="7.4127487">
        <ele>571</ele>
      </trkpt>
      <trkpt lat="45.7473705" lon="7.4128064">
        <ele>571</ele>
      </trkpt>
      <trkpt lat="45.7472641" lon="7.4129235">
        <ele>571</ele>
      </trkpt>
      <trkpt lat="45.7472107" lon="7.4129688">
        <ele>571</ele>
      </trkpt>
      <trkpt lat="45.7471303" lon="7.4130113">
        <ele>571</ele>
      </trkpt>
      <trkpt lat="45.7470133" lon="7.4130110">
        <ele>571</ele>
      </trkpt>
      <trkpt lat="45.7469460" lon="7.4130217">
        <ele>571</ele>
      </trkpt>
      <trkpt lat="45.7468653" lon="7.4130497">
        <ele>571</ele>
      </trkpt>
      <trkpt lat="45.7468207" lon="7.4130739">
        <ele>571</ele>
      </trkpt>
      <trkpt lat="45.7467717" lon="7.4131143">
        <ele>571</ele>
      </trkpt>
      <trkpt lat="45.7467363" lon="7.4131587">
        <ele>571</ele>
      </trkpt>
      <trkpt lat="45.7466834" lon="7.4132373">
        <ele>571</ele>
      </trkpt>
      <trkpt lat="45.7466175" lon="7.4133496">
        <ele>571</ele>
      </trkpt>
      <trkpt lat="45.7465914" lon="7.4134175">
        <ele>571</ele>
      </trkpt>
      <trkpt lat="45.7465788" lon="7.4134809">
        <ele>571</ele>
      </trkpt>
      <trkpt lat="45.7465079" lon="7.4138863">
        <ele>571</ele>
      </trkpt>
      <trkpt lat="45.7464832" lon="7.4140480">
        <ele>571</ele>
      </trkpt>
      <trkpt lat="45.7464634" lon="7.4142439">
        <ele>571</ele>
      </trkpt>
      <trkpt lat="45.7464511" lon="7.4143282">
        <ele>571</ele>
      </trkpt>
      <trkpt lat="45.7464342" lon="7.4144082">
        <ele>571</ele>
      </trkpt>
      <trkpt lat="45.7463863" lon="7.4145256">
        <ele>571</ele>
      </trkpt>
      <trkpt lat="45.7463514" lon="7.4146034">
        <ele>571</ele>
      </trkpt>
      <trkpt lat="45.7462635" lon="7.4147541">
        <ele>571</ele>
      </trkpt>
      <trkpt lat="45.7462417" lon="7.4148069">
        <ele>571</ele>
      </trkpt>
      <trkpt lat="45.7461640" lon="7.4150442">
        <ele>571</ele>
      </trkpt>
      <trkpt lat="45.7460608" lon="7.4153890">
        <ele>571</ele>
      </trkpt>
      <trkpt lat="45.7460319" lon="7.4155814">
        <ele>571</ele>
      </trkpt>
      <trkpt lat="45.7460076" lon="7.4157753">
        <ele>571</ele>
      </trkpt>
      <trkpt lat="45.7459957" lon="7.4158914">
        <ele>571</ele>
      </trkpt>
      <trkpt lat="45.7459797" lon="7.4160368">
        <ele>571</ele>
      </trkpt>
      <trkpt lat="45.7459599" lon="7.4162266">
        <ele>571</ele>
      </trkpt>
      <trkpt lat="45.7459611" lon="7.4163126">
        <ele>571</ele>
      </trkpt>
      <trkpt lat="45.7459860" lon="7.4164846">
        <ele>571</ele>
      </trkpt>
      <trkpt lat="45.7460940" lon="7.4168130">
        <ele>571</ele>
      </trkpt>
      <trkpt lat="45.7461355" lon="7.4170367">
        <ele>571</ele>
      </trkpt>
      <trkpt lat="45.7461346" lon="7.4171461">
        <ele>571</ele>
      </trkpt>
      <trkpt lat="45.7461268" lon="7.4172282">
        <ele>571</ele>
      </trkpt>
      <trkpt lat="45.7461103" lon="7.4173408">
        <ele>571</ele>
      </trkpt>
      <trkpt lat="45.7460773" lon="7.4175542">
        <ele>571</ele>
      </trkpt>
      <trkpt lat="45.7460477" lon="7.4176921">
        <ele>571</ele>
      </trkpt>
      <trkpt lat="45.7459672" lon="7.4180555">
        <ele>571</ele>
      </trkpt>
      <trkpt lat="45.7459248" lon="7.4182435">
        <ele>571</ele>
      </trkpt>
      <trkpt lat="45.7458736" lon="7.4184450">
        <ele>571</ele>
      </trkpt>
      <trkpt lat="45.7458729" lon="7.4184552">
        <ele>571</ele>
      </trkpt>
      <trkpt lat="45.7458477" lon="7.4188459">
        <ele>570</ele>
      </trkpt>
      <trkpt lat="45.7458182" lon="7.4189945">
        <ele>570</ele>
      </trkpt>
      <trkpt lat="45.7457803" lon="7.4191784">
        <ele>570</ele>
      </trkpt>
      <trkpt lat="45.7457165" lon="7.4194486">
        <ele>570</ele>
      </trkpt>
      <trkpt lat="45.7457049" lon="7.4195851">
        <ele>570</ele>
      </trkpt>
      <trkpt lat="45.7457391" lon="7.4197838">
        <ele>570</ele>
      </trkpt>
      <trkpt lat="45.7457832" lon="7.4200388">
        <ele>570</ele>
      </trkpt>
      <trkpt lat="45.7458022" lon="7.4201138">
        <ele>570</ele>
      </trkpt>
      <trkpt lat="45.7457900" lon="7.4202070">
        <ele>570</ele>
      </trkpt>
      <trkpt lat="45.7457825" lon="7.4203169">
        <ele>570</ele>
      </trkpt>
      <trkpt lat="45.7457570" lon="7.4204277">
        <ele>570</ele>
      </trkpt>
      <trkpt lat="45.7457272" lon="7.4205454">
        <ele>570</ele>
      </trkpt>
      <trkpt lat="45.7456665" lon="7.4207162">
        <ele>570</ele>
      </trkpt>
      <trkpt lat="45.7455409" lon="7.4210677">
        <ele>570</ele>
      </trkpt>
      <trkpt lat="45.7455149" lon="7.4211443">
        <ele>570</ele>
      </trkpt>
      <trkpt lat="45.7454760" lon="7.4212563">
        <ele>570</ele>
      </trkpt>
      <trkpt lat="45.7452393" lon="7.4218511">
        <ele>570</ele>
      </trkpt>
      <trkpt lat="45.7452108" lon="7.4219327">
        <ele>570</ele>
      </trkpt>
      <trkpt lat="45.7451981" lon="7.4219893">
        <ele>570</ele>
      </trkpt>
      <trkpt lat="45.7451901" lon="7.4220650">
        <ele>570</ele>
      </trkpt>
      <trkpt lat="45.7451871" lon="7.4221688">
        <ele>570</ele>
      </trkpt>
      <trkpt lat="45.7451907" lon="7.4225738">
        <ele>570</ele>
      </trkpt>
      <trkpt lat="45.7451755" lon="7.4229629">
        <ele>570</ele>
      </trkpt>
      <trkpt lat="45.7451763" lon="7.4233437">
        <ele>570</ele>
      </trkpt>
      <trkpt lat="45.7451729" lon="7.4234242">
        <ele>570</ele>
      </trkpt>
      <trkpt lat="45.7451829" lon="7.4235002">
        <ele>570</ele>
      </trkpt>
      <trkpt lat="45.7452115" lon="7.4236151">
        <ele>570</ele>
      </trkpt>
      <trkpt lat="45.7452407" lon="7.4237746">
        <ele>570</ele>
      </trkpt>
      <trkpt lat="45.7452974" lon="7.4239670">
        <ele>570</ele>
      </trkpt>
      <trkpt lat="45.7452584" lon="7.4240734">
        <ele>570</ele>
      </trkpt>
      <trkpt lat="45.7452190" lon="7.4241560">
        <ele>570</ele>
      </trkpt>
      <trkpt lat="45.7451792" lon="7.4242069">
        <ele>570</ele>
      </trkpt>
      <trkpt lat="45.7451393" lon="7.4242535">
        <ele>570</ele>
      </trkpt>
      <trkpt lat="45.7451084" lon="7.4242961">
        <ele>570</ele>
      </trkpt>
      <trkpt lat="45.7450615" lon="7.4243644">
        <ele>570</ele>
      </trkpt>
      <trkpt lat="45.7450381" lon="7.4244170">
        <ele>570</ele>
      </trkpt>
      <trkpt lat="45.7450254" lon="7.4244772">
        <ele>570</ele>
      </trkpt>
      <trkpt lat="45.7450134" lon="7.4245844">
        <ele>570</ele>
      </trkpt>
      <trkpt lat="45.7450007" lon="7.4246430">
        <ele>570</ele>
      </trkpt>
      <trkpt lat="45.7449789" lon="7.4246955">
        <ele>570</ele>
      </trkpt>
      <trkpt lat="45.7448997" lon="7.4248274">
        <ele>570</ele>
      </trkpt>
      <trkpt lat="45.7448247" lon="7.4249344">
        <ele>570</ele>
      </trkpt>
      <trkpt lat="45.7447675" lon="7.4250300">
        <ele>570</ele>
      </trkpt>
      <trkpt lat="45.7447147" lon="7.4251175">
        <ele>570</ele>
      </trkpt>
      <trkpt lat="45.7446706" lon="7.4251834">
        <ele>570</ele>
      </trkpt>
      <trkpt lat="45.7446180" lon="7.4252809">
        <ele>570</ele>
      </trkpt>
      <trkpt lat="45.7445829" lon="7.4253457">
        <ele>570</ele>
      </trkpt>
      <trkpt lat="45.7445610" lon="7.4253946">
        <ele>570</ele>
      </trkpt>
      <trkpt lat="45.7445304" lon="7.4254553">
        <ele>570</ele>
      </trkpt>
      <trkpt lat="45.7444998" lon="7.4255232">
        <ele>570</ele>
      </trkpt>
      <trkpt lat="45.7444694" lon="7.4256000">
        <ele>570</ele>
      </trkpt>
      <trkpt lat="45.7444345" lon="7.4256825">
        <ele>570</ele>
      </trkpt>
      <trkpt lat="45.7444090" lon="7.4257933">
        <ele>570</ele>
      </trkpt>
      <trkpt lat="45.7444099" lon="7.4258560">
        <ele>570</ele>
      </trkpt>
      <trkpt lat="45.7444200" lon="7.4259389">
        <ele>570</ele>
      </trkpt>
      <trkpt lat="45.7444393" lon="7.4260335">
        <ele>570</ele>
      </trkpt>
      <trkpt lat="45.7444495" lon="7.4261196">
        <ele>570</ele>
      </trkpt>
      <trkpt lat="45.7444283" lon="7.4262114">
        <ele>570</ele>
      </trkpt>
      <trkpt lat="45.7443929" lon="7.4262550">
        <ele>570</ele>
      </trkpt>
      <trkpt lat="45.7443080" lon="7.4263027">
        <ele>570</ele>
      </trkpt>
      <trkpt lat="45.7442543" lon="7.4263215">
        <ele>570</ele>
      </trkpt>
      <trkpt lat="45.7442006" lon="7.4263431">
        <ele>570</ele>
      </trkpt>
      <trkpt lat="45.7441290" lon="7.4263717">
        <ele>570</ele>
      </trkpt>
      <trkpt lat="45.7440754" lon="7.4264053">
        <ele>570</ele>
      </trkpt>
      <trkpt lat="45.7440449" lon="7.4264765">
        <ele>570</ele>
      </trkpt>
      <trkpt lat="45.7440277" lon="7.4265372">
        <ele>570</ele>
      </trkpt>
      <trkpt lat="45.7439980" lon="7.4266670">
        <ele>570</ele>
      </trkpt>
      <trkpt lat="45.7439809" lon="7.4267273">
        <ele>570</ele>
      </trkpt>
      <trkpt lat="45.7439591" lon="7.4267830">
        <ele>570</ele>
      </trkpt>
      <trkpt lat="45.7438933" lon="7.4269053">
        <ele>570</ele>
      </trkpt>
      <trkpt lat="45.7438761" lon="7.4269649">
        <ele>570</ele>
      </trkpt>
      <trkpt lat="45.7438370" lon="7.4270648">
        <ele>569</ele>
      </trkpt>
      <trkpt lat="45.7438294" lon="7.4271678">
        <ele>569</ele>
      </trkpt>
      <trkpt lat="45.7438356" lon="7.4272882">
        <ele>569</ele>
      </trkpt>
      <trkpt lat="45.7438547" lon="7.4273732">
        <ele>569</ele>
      </trkpt>
      <trkpt lat="45.7438693" lon="7.4274511">
        <ele>569</ele>
      </trkpt>
      <trkpt lat="45.7438929" lon="7.4275260">
        <ele>569</ele>
      </trkpt>
      <trkpt lat="45.7439304" lon="7.4276366">
        <ele>569</ele>
      </trkpt>
      <trkpt lat="45.7439541" lon="7.4277223">
        <ele>569</ele>
      </trkpt>
      <trkpt lat="45.7439822" lon="7.4278019">
        <ele>569</ele>
      </trkpt>
      <trkpt lat="45.7440147" lon="7.4278765">
        <ele>569</ele>
      </trkpt>
      <trkpt lat="45.7440558" lon="7.4279227">
        <ele>569</ele>
      </trkpt>
      <trkpt lat="45.7441059" lon="7.4279635">
        <ele>569</ele>
      </trkpt>
      <trkpt lat="45.7441697" lon="7.4280196">
        <ele>569</ele>
      </trkpt>
      <trkpt lat="45.7442157" lon="7.4280962">
        <ele>569</ele>
      </trkpt>
      <trkpt lat="45.7442488" lon="7.4282122">
        <ele>569</ele>
      </trkpt>
      <trkpt lat="45.7442589" lon="7.4282902">
        <ele>569</ele>
      </trkpt>
      <trkpt lat="45.7442553" lon="7.4283550">
        <ele>569</ele>
      </trkpt>
      <trkpt lat="45.7443053" lon="7.4283902">
        <ele>569</ele>
      </trkpt>
      <trkpt lat="45.7443204" lon="7.4285054">
        <ele>569</ele>
      </trkpt>
      <trkpt lat="45.7443176" lon="7.4286309">
        <ele>569</ele>
      </trkpt>
      <trkpt lat="45.7443729" lon="7.4287257">
        <ele>569</ele>
      </trkpt>
      <trkpt lat="45.7444225" lon="7.4287340">
        <ele>569</ele>
      </trkpt>
      <trkpt lat="45.7444721" lon="7.4287422">
        <ele>569</ele>
      </trkpt>
      <trkpt lat="45.7445314" lon="7.4287952">
        <ele>569</ele>
      </trkpt>
      <trkpt lat="45.7445460" lon="7.4288816">
        <ele>569</ele>
      </trkpt>
      <trkpt lat="45.7445385" lon="7.4289910">
        <ele>569</ele>
      </trkpt>
      <trkpt lat="45.7445081" lon="7.4290658">
        <ele>569</ele>
      </trkpt>
      <trkpt lat="45.7444733" lon="7.4291536">
        <ele>569</ele>
      </trkpt>
      <trkpt lat="45.7444519" lon="7.4292345">
        <ele>569</ele>
      </trkpt>
      <trkpt lat="45.7444573" lon="7.4293018">
        <ele>569</ele>
      </trkpt>
      <trkpt lat="45.7444810" lon="7.4293912">
        <ele>569</ele>
      </trkpt>
      <trkpt lat="45.7445045" lon="7.4294612">
        <ele>569</ele>
      </trkpt>
      <trkpt lat="45.7445278" lon="7.4295184">
        <ele>569</ele>
      </trkpt>
      <trkpt lat="45.7445511" lon="7.4295788">
        <ele>569</ele>
      </trkpt>
      <trkpt lat="45.7445656" lon="7.4296491">
        <ele>569</ele>
      </trkpt>
      <trkpt lat="45.7445757" lon="7.4297260">
        <ele>569</ele>
      </trkpt>
      <trkpt lat="45.7445769" lon="7.4298191">
        <ele>569</ele>
      </trkpt>
      <trkpt lat="45.7445687" lon="7.4298772">
        <ele>569</ele>
      </trkpt>
      <trkpt lat="45.7445516" lon="7.4299420">
        <ele>569</ele>
      </trkpt>
      <trkpt lat="45.7445344" lon="7.4299971">
        <ele>569</ele>
      </trkpt>
      <trkpt lat="45.7445086" lon="7.4300846">
        <ele>569</ele>
      </trkpt>
      <trkpt lat="45.7444693" lon="7.4301757">
        <ele>569</ele>
      </trkpt>
      <trkpt lat="45.7444476" lon="7.4302309">
        <ele>569</ele>
      </trkpt>
      <trkpt lat="45.7444216" lon="7.4303055">
        <ele>569</ele>
      </trkpt>
      <trkpt lat="45.7443957" lon="7.4303834">
        <ele>569</ele>
      </trkpt>
      <trkpt lat="45.7443699" lon="7.4304709">
        <ele>569</ele>
      </trkpt>
      <trkpt lat="45.7443530" lon="7.4305517">
        <ele>569</ele>
      </trkpt>
      <trkpt lat="45.7443406" lon="7.4306292">
        <ele>569</ele>
      </trkpt>
      <trkpt lat="45.7443215" lon="7.4307133">
        <ele>569</ele>
      </trkpt>
      <trkpt lat="45.7443001" lon="7.4307974">
        <ele>569</ele>
      </trkpt>
      <trkpt lat="45.7442810" lon="7.4308815">
        <ele>569</ele>
      </trkpt>
      <trkpt lat="45.7442599" lon="7.4309818">
        <ele>569</ele>
      </trkpt>
      <trkpt lat="45.7442388" lon="7.4310820">
        <ele>569</ele>
      </trkpt>
      <trkpt lat="45.7442176" lon="7.4311822">
        <ele>569</ele>
      </trkpt>
      <trkpt lat="45.7441966" lon="7.4312856">
        <ele>569</ele>
      </trkpt>
      <trkpt lat="45.7441885" lon="7.4313533">
        <ele>569</ele>
      </trkpt>
      <trkpt lat="45.7441805" lon="7.4314243">
        <ele>569</ele>
      </trkpt>
      <trkpt lat="45.7441863" lon="7.4315205">
        <ele>569</ele>
      </trkpt>
      <trkpt lat="45.7442052" lon="7.4315843">
        <ele>569</ele>
      </trkpt>
      <trkpt lat="45.7442426" lon="7.4316861">
        <ele>569</ele>
      </trkpt>
      <trkpt lat="45.7442704" lon="7.4317496">
        <ele>569</ele>
      </trkpt>
      <trkpt lat="45.7443028" lon="7.4318129">
        <ele>569</ele>
      </trkpt>
      <trkpt lat="45.7443263" lon="7.4318862">
        <ele>569</ele>
      </trkpt>
      <trkpt lat="45.7443497" lon="7.4319498">
        <ele>569</ele>
      </trkpt>
      <trkpt lat="45.7443738" lon="7.4320680">
        <ele>569</ele>
      </trkpt>
      <trkpt lat="45.7443884" lon="7.4321448">
        <ele>569</ele>
      </trkpt>
      <trkpt lat="45.7443939" lon="7.4322217">
        <ele>569</ele>
      </trkpt>
      <trkpt lat="45.7443926" lon="7.4322860">
        <ele>569</ele>
      </trkpt>
      <trkpt lat="45.7443912" lon="7.4323504">
        <ele>569</ele>
      </trkpt>
      <trkpt lat="45.7443833" lon="7.4324277">
        <ele>569</ele>
      </trkpt>
      <trkpt lat="45.7443665" lon="7.4325182">
        <ele>569</ele>
      </trkpt>
      <trkpt lat="45.7443385" lon="7.4326122">
        <ele>568</ele>
      </trkpt>
      <trkpt lat="45.7443106" lon="7.4327061">
        <ele>568</ele>
      </trkpt>
      <trkpt lat="45.7442849" lon="7.4328033">
        <ele>568</ele>
      </trkpt>
      <trkpt lat="45.7442592" lon="7.4329004">
        <ele>568</ele>
      </trkpt>
      <trkpt lat="45.7442337" lon="7.4330072">
        <ele>568</ele>
      </trkpt>
      <trkpt lat="45.7442217" lon="7.4331200">
        <ele>568</ele>
      </trkpt>
      <trkpt lat="45.7442455" lon="7.4332093">
        <ele>568</ele>
      </trkpt>
      <trkpt lat="45.7442733" lon="7.4332664">
        <ele>568</ele>
      </trkpt>
      <trkpt lat="45.7443010" lon="7.4333234">
        <ele>568</ele>
      </trkpt>
      <trkpt lat="45.7443421" lon="7.4333673">
        <ele>568</ele>
      </trkpt>
      <trkpt lat="45.7444106" lon="7.4334361">
        <ele>568</ele>
      </trkpt>
      <trkpt lat="45.7444519" lon="7.4334928">
        <ele>568</ele>
      </trkpt>
      <trkpt lat="45.7444797" lon="7.4335531">
        <ele>568</ele>
      </trkpt>
      <trkpt lat="45.7444898" lon="7.4336363">
        <ele>568</ele>
      </trkpt>
      <trkpt lat="45.7444817" lon="7.4336976">
        <ele>568</ele>
      </trkpt>
      <trkpt lat="45.7444493" lon="7.4338014">
        <ele>568</ele>
      </trkpt>
      <trkpt lat="45.7444343" lon="7.4338532">
        <ele>568</ele>
      </trkpt>
      <trkpt lat="45.7444193" lon="7.4339051">
        <ele>568</ele>
      </trkpt>
      <trkpt lat="45.7443869" lon="7.4340088">
        <ele>568</ele>
      </trkpt>
      <trkpt lat="45.7443608" lon="7.4340706">
        <ele>568</ele>
      </trkpt>
      <trkpt lat="45.7443346" lon="7.4341324">
        <ele>568</ele>
      </trkpt>
      <trkpt lat="45.7443038" lon="7.4341815">
        <ele>568</ele>
      </trkpt>
      <trkpt lat="45.7442416" lon="7.4342378">
        <ele>568</ele>
      </trkpt>
      <trkpt lat="45.7441656" lon="7.4342753">
        <ele>568</ele>
      </trkpt>
      <trkpt lat="45.7441208" lon="7.4342894">
        <ele>568</ele>
      </trkpt>
      <trkpt lat="45.7440760" lon="7.4343035">
        <ele>568</ele>
      </trkpt>
      <trkpt lat="45.7440132" lon="7.4343246">
        <ele>568</ele>
      </trkpt>
      <trkpt lat="45.7439373" lon="7.4343652">
        <ele>568</ele>
      </trkpt>
      <trkpt lat="45.7438927" lon="7.4343922">
        <ele>568</ele>
      </trkpt>
      <trkpt lat="45.7438393" lon="7.4344387">
        <ele>568</ele>
      </trkpt>
      <trkpt lat="45.7438039" lon="7.4344847">
        <ele>568</ele>
      </trkpt>
      <trkpt lat="45.7437642" lon="7.4345436">
        <ele>568</ele>
      </trkpt>
      <trkpt lat="45.7437290" lon="7.4346025">
        <ele>568</ele>
      </trkpt>
      <trkpt lat="45.7436938" lon="7.4346613">
        <ele>568</ele>
      </trkpt>
      <trkpt lat="45.7436588" lon="7.4347330">
        <ele>568</ele>
      </trkpt>
      <trkpt lat="45.7436238" lon="7.4348046">
        <ele>568</ele>
      </trkpt>
      <trkpt lat="45.7435977" lon="7.4348697">
        <ele>568</ele>
      </trkpt>
      <trkpt lat="45.7435716" lon="7.4349347">
        <ele>568</ele>
      </trkpt>
      <trkpt lat="45.7435415" lon="7.4350416">
        <ele>568</ele>
      </trkpt>
      <trkpt lat="45.7435203" lon="7.4351321">
        <ele>568</ele>
      </trkpt>
      <trkpt lat="45.7434990" lon="7.4352227">
        <ele>568</ele>
      </trkpt>
      <trkpt lat="45.7434757" lon="7.4353262">
        <ele>568</ele>
      </trkpt>
      <trkpt lat="45.7434524" lon="7.4354329">
        <ele>568</ele>
      </trkpt>
      <trkpt lat="45.7434335" lon="7.4355298">
        <ele>568</ele>
      </trkpt>
      <trkpt lat="45.7434145" lon="7.4356268">
        <ele>568</ele>
      </trkpt>
      <trkpt lat="45.7434021" lon="7.4357011">
        <ele>568</ele>
      </trkpt>
      <trkpt lat="45.7433900" lon="7.4358074">
        <ele>568</ele>
      </trkpt>
      <trkpt lat="45.7433865" lon="7.4358815">
        <ele>568</ele>
      </trkpt>
      <trkpt lat="45.7433834" lon="7.4359844">
        <ele>568</ele>
      </trkpt>
      <trkpt lat="45.7433716" lon="7.4361036">
        <ele>568</ele>
      </trkpt>
      <trkpt lat="45.7433679" lon="7.4361648">
        <ele>568</ele>
      </trkpt>
      <trkpt lat="45.7433465" lon="7.4362425">
        <ele>568</ele>
      </trkpt>
      <trkpt lat="45.7433205" lon="7.4363139">
        <ele>568</ele>
      </trkpt>
      <trkpt lat="45.7432987" lon="7.4363692">
        <ele>568</ele>
      </trkpt>
      <trkpt lat="45.7432771" lon="7.4364341">
        <ele>568</ele>
      </trkpt>
      <trkpt lat="45.7432554" lon="7.4364957">
        <ele>568</ele>
      </trkpt>
      <trkpt lat="45.7432297" lon="7.4365864">
        <ele>568</ele>
      </trkpt>
      <trkpt lat="45.7432215" lon="7.4366477">
        <ele>568</ele>
      </trkpt>
      <trkpt lat="45.7432137" lon="7.4367347">
        <ele>568</ele>
      </trkpt>
      <trkpt lat="45.7432286" lon="7.4368339">
        <ele>568</ele>
      </trkpt>
      <trkpt lat="45.7432794" lon="7.4369289">
        <ele>568</ele>
      </trkpt>
      <trkpt lat="45.7433160" lon="7.4369761">
        <ele>568</ele>
      </trkpt>
      <trkpt lat="45.7433662" lon="7.4370293">
        <ele>568</ele>
      </trkpt>
      <trkpt lat="45.7434050" lon="7.4370668">
        <ele>568</ele>
      </trkpt>
      <trkpt lat="45.7434438" lon="7.4371043">
        <ele>568</ele>
      </trkpt>
      <trkpt lat="45.7434961" lon="7.4371478">
        <ele>568</ele>
      </trkpt>
      <trkpt lat="45.7435507" lon="7.4371913">
        <ele>568</ele>
      </trkpt>
      <trkpt lat="45.7436031" lon="7.4372348">
        <ele>568</ele>
      </trkpt>
      <trkpt lat="45.7436396" lon="7.4372756">
        <ele>568</ele>
      </trkpt>
      <trkpt lat="45.7436717" lon="7.4373165">
        <ele>568</ele>
      </trkpt>
      <trkpt lat="45.7437180" lon="7.4374116">
        <ele>567</ele>
      </trkpt>
      <trkpt lat="45.7437367" lon="7.4374657">
        <ele>567</ele>
      </trkpt>
      <trkpt lat="45.7437560" lon="7.4375616">
        <ele>567</ele>
      </trkpt>
      <trkpt lat="45.7436937" lon="7.4376115">
        <ele>567</ele>
      </trkpt>
      <trkpt lat="45.7436587" lon="7.4376832">
        <ele>567</ele>
      </trkpt>
      <trkpt lat="45.7436234" lon="7.4377356">
        <ele>567</ele>
      </trkpt>
      <trkpt lat="45.7435747" lon="7.4377948">
        <ele>567</ele>
      </trkpt>
      <trkpt lat="45.7435393" lon="7.4378376">
        <ele>567</ele>
      </trkpt>
      <trkpt lat="45.7434817" lon="7.4379034">
        <ele>567</ele>
      </trkpt>
      <trkpt lat="45.7434419" lon="7.4379560">
        <ele>567</ele>
      </trkpt>
      <trkpt lat="45.7433932" lon="7.4380120">
        <ele>567</ele>
      </trkpt>
      <trkpt lat="45.7433354" lon="7.4380618">
        <ele>567</ele>
      </trkpt>
      <trkpt lat="45.7432682" lon="7.4380894">
        <ele>567</ele>
      </trkpt>
      <trkpt lat="45.7432190" lon="7.4381068">
        <ele>567</ele>
      </trkpt>
      <trkpt lat="45.7431607" lon="7.4381213">
        <ele>567</ele>
      </trkpt>
      <trkpt lat="45.7431069" lon="7.4381389">
        <ele>567</ele>
      </trkpt>
      <trkpt lat="45.7430531" lon="7.4381564">
        <ele>567</ele>
      </trkpt>
      <trkpt lat="45.7430132" lon="7.4381961">
        <ele>567</ele>
      </trkpt>
      <trkpt lat="45.7429961" lon="7.4382641">
        <ele>567</ele>
      </trkpt>
      <trkpt lat="45.7429885" lon="7.4383639">
        <ele>567</ele>
      </trkpt>
      <trkpt lat="45.7429897" lon="7.4384506">
        <ele>567</ele>
      </trkpt>
      <trkpt lat="45.7429909" lon="7.4385406">
        <ele>567</ele>
      </trkpt>
      <trkpt lat="45.7429963" lon="7.4386079">
        <ele>567</ele>
      </trkpt>
      <trkpt lat="45.7429978" lon="7.4387172">
        <ele>567</ele>
      </trkpt>
      <trkpt lat="45.7429812" lon="7.4388205">
        <ele>567</ele>
      </trkpt>
      <trkpt lat="45.7429513" lon="7.4389370">
        <ele>567</ele>
      </trkpt>
      <trkpt lat="45.7429300" lon="7.4390244">
        <ele>567</ele>
      </trkpt>
      <trkpt lat="45.7429087" lon="7.4391149">
        <ele>567</ele>
      </trkpt>
      <trkpt lat="45.7429052" lon="7.4391825">
        <ele>567</ele>
      </trkpt>
      <trkpt lat="45.7429198" lon="7.4392689">
        <ele>567</ele>
      </trkpt>
      <trkpt lat="45.7429345" lon="7.4393552">
        <ele>567</ele>
      </trkpt>
      <trkpt lat="45.7429489" lon="7.4394191">
        <ele>567</ele>
      </trkpt>
      <trkpt lat="45.7429632" lon="7.4394798">
        <ele>567</ele>
      </trkpt>
      <trkpt lat="45.7429916" lon="7.4395786">
        <ele>567</ele>
      </trkpt>
      <trkpt lat="45.7430153" lon="7.4396647">
        <ele>567</ele>
      </trkpt>
      <trkpt lat="45.7430481" lon="7.4397634">
        <ele>567</ele>
      </trkpt>
      <trkpt lat="45.7430719" lon="7.4398592">
        <ele>567</ele>
      </trkpt>
      <trkpt lat="45.7430862" lon="7.4399134">
        <ele>567</ele>
      </trkpt>
      <trkpt lat="45.7431096" lon="7.4399835">
        <ele>567</ele>
      </trkpt>
      <trkpt lat="45.7431290" lon="7.4400858">
        <ele>567</ele>
      </trkpt>
      <trkpt lat="45.7431438" lon="7.4401785">
        <ele>567</ele>
      </trkpt>
      <trkpt lat="45.7431408" lon="7.4402911">
        <ele>567</ele>
      </trkpt>
      <trkpt lat="45.7431285" lon="7.4403814">
        <ele>567</ele>
      </trkpt>
      <trkpt lat="45.7431162" lon="7.4404653">
        <ele>567</ele>
      </trkpt>
      <trkpt lat="45.7431039" lon="7.4405524">
        <ele>567</ele>
      </trkpt>
      <trkpt lat="45.7430852" lon="7.4406654">
        <ele>567</ele>
      </trkpt>
      <trkpt lat="45.7430687" lon="7.4407784">
        <ele>567</ele>
      </trkpt>
      <trkpt lat="45.7430500" lon="7.4408914">
        <ele>567</ele>
      </trkpt>
      <trkpt lat="45.7430288" lon="7.4409852">
        <ele>567</ele>
      </trkpt>
      <trkpt lat="45.7430123" lon="7.4410949">
        <ele>567</ele>
      </trkpt>
      <trkpt lat="45.7429957" lon="7.4412014">
        <ele>567</ele>
      </trkpt>
      <trkpt lat="45.7429922" lon="7.4412722">
        <ele>567</ele>
      </trkpt>
      <trkpt lat="45.7429891" lon="7.4413751">
        <ele>567</ele>
      </trkpt>
      <trkpt lat="45.7429854" lon="7.4414363">
        <ele>567</ele>
      </trkpt>
      <trkpt lat="45.7429733" lon="7.4415330">
        <ele>567</ele>
      </trkpt>
      <trkpt lat="45.7429654" lon="7.4416200">
        <ele>567</ele>
      </trkpt>
      <trkpt lat="45.7429574" lon="7.4416877">
        <ele>567</ele>
      </trkpt>
      <trkpt lat="45.7429494" lon="7.4417619">
        <ele>567</ele>
      </trkpt>
      <trkpt lat="45.7429458" lon="7.4418327">
        <ele>567</ele>
      </trkpt>
      <trkpt lat="45.7429378" lon="7.4419004">
        <ele>567</ele>
      </trkpt>
      <trkpt lat="45.7429254" lon="7.4419843">
        <ele>567</ele>
      </trkpt>
      <trkpt lat="45.7429089" lon="7.4420972">
        <ele>567</ele>
      </trkpt>
      <trkpt lat="45.7428918" lon="7.4421588">
        <ele>567</ele>
      </trkpt>
      <trkpt lat="45.7428656" lon="7.4422206">
        <ele>567</ele>
      </trkpt>
      <trkpt lat="45.7428440" lon="7.4422854">
        <ele>567</ele>
      </trkpt>
      <trkpt lat="45.7428093" lon="7.4423828">
        <ele>567</ele>
      </trkpt>
      <trkpt lat="45.7427789" lon="7.4424608">
        <ele>567</ele>
      </trkpt>
      <trkpt lat="45.7427707" lon="7.4425221">
        <ele>567</ele>
      </trkpt>
      <trkpt lat="45.7427651" lon="7.4426058">
        <ele>567</ele>
      </trkpt>
      <trkpt lat="45.7427595" lon="7.4426863">
        <ele>567</ele>
      </trkpt>
      <trkpt lat="45.7427517" lon="7.4427733">
        <ele>567</ele>
      </trkpt>
      <trkpt lat="45.7427440" lon="7.4428699">
        <ele>566</ele>
      </trkpt>
      <trkpt lat="45.7427362" lon="7.4429569">
        <ele>566</ele>
      </trkpt>
      <trkpt lat="45.7427197" lon="7.4430730">
        <ele>566</ele>
      </trkpt>
      <trkpt lat="45.7427028" lon="7.4431538">
        <ele>566</ele>
      </trkpt>
      <trkpt lat="45.7426907" lon="7.4432570">
        <ele>566</ele>
      </trkpt>
      <trkpt lat="45.7426784" lon="7.4433409">
        <ele>566</ele>
      </trkpt>
      <trkpt lat="45.7426595" lon="7.4434443">
        <ele>566</ele>
      </trkpt>
      <trkpt lat="45.7426407" lon="7.4435476">
        <ele>566</ele>
      </trkpt>
      <trkpt lat="45.7426289" lon="7.4436733">
        <ele>566</ele>
      </trkpt>
      <trkpt lat="45.7426300" lon="7.4437536">
        <ele>566</ele>
      </trkpt>
      <trkpt lat="45.7426356" lon="7.4438370">
        <ele>566</ele>
      </trkpt>
      <trkpt lat="45.7426413" lon="7.4439236">
        <ele>566</ele>
      </trkpt>
      <trkpt lat="45.7426494" lon="7.4440198">
        <ele>566</ele>
      </trkpt>
      <trkpt lat="45.7426415" lon="7.4441004">
        <ele>566</ele>
      </trkpt>
      <trkpt lat="45.7426219" lon="7.4441475">
        <ele>566</ele>
      </trkpt>
      <trkpt lat="45.7425930" lon="7.4441904">
        <ele>566</ele>
      </trkpt>
      <trkpt lat="45.7425777" lon="7.4441969">
        <ele>566</ele>
      </trkpt>
      <trkpt lat="45.7425427" lon="7.4441991">
        <ele>566</ele>
      </trkpt>
      <trkpt lat="45.7424211" lon="7.4442098">
        <ele>566</ele>
      </trkpt>
      <trkpt lat="45.7423672" lon="7.4442022">
        <ele>566</ele>
      </trkpt>
      <trkpt lat="45.7423087" lon="7.4441776">
        <ele>566</ele>
      </trkpt>
      <trkpt lat="45.7422175" lon="7.4441569">
        <ele>566</ele>
      </trkpt>
      <trkpt lat="45.7421697" lon="7.4441631">
        <ele>566</ele>
      </trkpt>
      <trkpt lat="45.7421589" lon="7.4442278">
        <ele>566</ele>
      </trkpt>
      <trkpt lat="45.7420406" lon="7.4444483">
        <ele>566</ele>
      </trkpt>
      <trkpt lat="45.7419513" lon="7.4447302">
        <ele>566</ele>
      </trkpt>
      <trkpt lat="45.7419064" lon="7.4449487">
        <ele>566</ele>
      </trkpt>
      <trkpt lat="45.7418610" lon="7.4451282">
        <ele>566</ele>
      </trkpt>
      <trkpt lat="45.7418466" lon="7.4454532">
        <ele>566</ele>
      </trkpt>
      <trkpt lat="45.7418743" lon="7.4457282">
        <ele>566</ele>
      </trkpt>
      <trkpt lat="45.7419967" lon="7.4460568">
        <ele>566</ele>
      </trkpt>
      <trkpt lat="45.7420457" lon="7.4461408">
        <ele>566</ele>
      </trkpt>
      <trkpt lat="45.7421256" lon="7.4462362">
        <ele>566</ele>
      </trkpt>
      <trkpt lat="45.7422687" lon="7.4463299">
        <ele>566</ele>
      </trkpt>
      <trkpt lat="45.7423993" lon="7.4463800">
        <ele>566</ele>
      </trkpt>
      <trkpt lat="45.7424652" lon="7.4464514">
        <ele>566</ele>
      </trkpt>
      <trkpt lat="45.7425850" lon="7.4467141">
        <ele>566</ele>
      </trkpt>
      <trkpt lat="45.7426688" lon="7.4470376">
        <ele>566</ele>
      </trkpt>
      <trkpt lat="45.7427074" lon="7.4474869">
        <ele>566</ele>
      </trkpt>
      <trkpt lat="45.7427317" lon="7.4480183">
        <ele>566</ele>
      </trkpt>
      <trkpt lat="45.7427500" lon="7.4482325">
        <ele>566</ele>
      </trkpt>
      <trkpt lat="45.7427804" lon="7.4487052">
        <ele>566</ele>
      </trkpt>
      <trkpt lat="45.7428203" lon="7.4493169">
        <ele>566</ele>
      </trkpt>
      <trkpt lat="45.7428068" lon="7.4495221">
        <ele>566</ele>
      </trkpt>
      <trkpt lat="45.7428094" lon="7.4498345">
        <ele>566</ele>
      </trkpt>
      <trkpt lat="45.7428546" lon="7.4500187">
        <ele>566</ele>
      </trkpt>
      <trkpt lat="45.7429248" lon="7.4502804">
        <ele>566</ele>
      </trkpt>
      <trkpt lat="45.7429971" lon="7.4505737">
        <ele>566</ele>
      </trkpt>
      <trkpt lat="45.7430045" lon="7.4507413">
        <ele>566</ele>
      </trkpt>
      <trkpt lat="45.7429649" lon="7.4508413">
        <ele>566</ele>
      </trkpt>
      <trkpt lat="45.7429149" lon="7.4511234">
        <ele>566</ele>
      </trkpt>
      <trkpt lat="45.7429190" lon="7.4513039">
        <ele>566</ele>
      </trkpt>
      <trkpt lat="45.7429547" lon="7.4514798">
        <ele>566</ele>
      </trkpt>
      <trkpt lat="45.7429863" lon="7.4516321">
        <ele>566</ele>
      </trkpt>
      <trkpt lat="45.7430319" lon="7.4517822">
        <ele>566</ele>
      </trkpt>
      <trkpt lat="45.7430742" lon="7.4520019">
        <ele>566</ele>
      </trkpt>
      <trkpt lat="45.7431132" lon="7.4522931">
        <ele>566</ele>
      </trkpt>
      <trkpt lat="45.7430839" lon="7.4524709">
        <ele>566</ele>
      </trkpt>
      <trkpt lat="45.7429998" lon="7.4527875">
        <ele>566</ele>
      </trkpt>
      <trkpt lat="45.7429721" lon="7.4528871">
        <ele>566</ele>
      </trkpt>
      <trkpt lat="45.7429243" lon="7.4531746">
        <ele>566</ele>
      </trkpt>
      <trkpt lat="45.7429084" lon="7.4533288">
        <ele>566</ele>
      </trkpt>
      <trkpt lat="45.7429331" lon="7.4535716">
        <ele>566</ele>
      </trkpt>
      <trkpt lat="45.7429226" lon="7.4536805">
        <ele>566</ele>
      </trkpt>
      <trkpt lat="45.7428717" lon="7.4538357">
        <ele>566</ele>
      </trkpt>
      <trkpt lat="45.7428207" lon="7.4539811">
        <ele>566</ele>
      </trkpt>
      <trkpt lat="45.7427810" lon="7.4541396">
        <ele>566</ele>
      </trkpt>
      <trkpt lat="45.7426670" lon="7.4545217">
        <ele>566</ele>
      </trkpt>
      <trkpt lat="45.7425841" lon="7.4547778">
        <ele>566</ele>
      </trkpt>
      <trkpt lat="45.7425670" lon="7.4548735">
        <ele>566</ele>
      </trkpt>
      <trkpt lat="45.7425640" lon="7.4549651">
        <ele>566</ele>
      </trkpt>
      <trkpt lat="45.7425599" lon="7.4551055">
        <ele>565</ele>
      </trkpt>
      <trkpt lat="45.7425436" lon="7.4552903">
        <ele>565</ele>
      </trkpt>
      <trkpt lat="45.7425316" lon="7.4554151">
        <ele>565</ele>
      </trkpt>
      <trkpt lat="45.7425380" lon="7.4557584">
        <ele>565</ele>
      </trkpt>
      <trkpt lat="45.7425253" lon="7.4558930">
        <ele>565</ele>
      </trkpt>
      <trkpt lat="45.7425810" lon="7.4561289">
        <ele>565</ele>
      </trkpt>
      <trkpt lat="45.7425975" lon="7.4562126">
        <ele>565</ele>
      </trkpt>
      <trkpt lat="45.7426219" lon="7.4563108">
        <ele>565</ele>
      </trkpt>
      <trkpt lat="45.7426685" lon="7.4564071">
        <ele>565</ele>
      </trkpt>
      <trkpt lat="45.7427489" lon="7.4564745">
        <ele>565</ele>
      </trkpt>
      <trkpt lat="45.7427768" lon="7.4565164">
        <ele>565</ele>
      </trkpt>
      <trkpt lat="45.7428276" lon="7.4567005">
        <ele>565</ele>
      </trkpt>
      <trkpt lat="45.7428720" lon="7.4568262">
        <ele>565</ele>
      </trkpt>
      <trkpt lat="45.7428881" lon="7.4569454">
        <ele>565</ele>
      </trkpt>
      <trkpt lat="45.7429005" lon="7.4572257">
        <ele>565</ele>
      </trkpt>
      <trkpt lat="45.7429024" lon="7.4573685">
        <ele>565</ele>
      </trkpt>
      <trkpt lat="45.7429365" lon="7.4575555">
        <ele>565</ele>
      </trkpt>
      <trkpt lat="45.7429594" lon="7.4576384">
        <ele>565</ele>
      </trkpt>
      <trkpt lat="45.7430071" lon="7.4576884">
        <ele>565</ele>
      </trkpt>
      <trkpt lat="45.7430799" lon="7.4577645">
        <ele>565</ele>
      </trkpt>
      <trkpt lat="45.7431862" lon="7.4579165">
        <ele>565</ele>
      </trkpt>
      <trkpt lat="45.7432662" lon="7.4580144">
        <ele>565</ele>
      </trkpt>
      <trkpt lat="45.7433035" lon="7.4580579">
        <ele>565</ele>
      </trkpt>
      <trkpt lat="45.7433551" lon="7.4580846">
        <ele>565</ele>
      </trkpt>
      <trkpt lat="45.7434562" lon="7.4581336">
        <ele>565</ele>
      </trkpt>
      <trkpt lat="45.7435401" lon="7.4582448">
        <ele>565</ele>
      </trkpt>
      <trkpt lat="45.7435953" lon="7.4584056">
        <ele>565</ele>
      </trkpt>
      <trkpt lat="45.7436729" lon="7.4585194">
        <ele>565</ele>
      </trkpt>
      <trkpt lat="45.7437677" lon="7.4586462">
        <ele>565</ele>
      </trkpt>
      <trkpt lat="45.7438310" lon="7.4587738">
        <ele>565</ele>
      </trkpt>
      <trkpt lat="45.7438590" lon="7.4588865">
        <ele>565</ele>
      </trkpt>
      <trkpt lat="45.7438621" lon="7.4590213">
        <ele>565</ele>
      </trkpt>
      <trkpt lat="45.7438403" lon="7.4592465">
        <ele>565</ele>
      </trkpt>
      <trkpt lat="45.7438524" lon="7.4593840">
        <ele>565</ele>
      </trkpt>
      <trkpt lat="45.7438722" lon="7.4595214">
        <ele>565</ele>
      </trkpt>
      <trkpt lat="45.7439369" lon="7.4598180">
        <ele>565</ele>
      </trkpt>
      <trkpt lat="45.7439549" lon="7.4599457">
        <ele>565</ele>
      </trkpt>
      <trkpt lat="45.7439869" lon="7.4601022">
        <ele>565</ele>
      </trkpt>
      <trkpt lat="45.7440102" lon="7.4603240">
        <ele>565</ele>
      </trkpt>
      <trkpt lat="45.7440093" lon="7.4603348">
        <ele>565</ele>
      </trkpt>
      <trkpt lat="45.7439502" lon="7.4610530">
        <ele>565</ele>
      </trkpt>
      <trkpt lat="45.7438002" lon="7.4612530">
        <ele>565</ele>
      </trkpt>
      <trkpt lat="45.7436942" lon="7.4612230">
        <ele>565</ele>
      </trkpt>
      <trkpt lat="45.7434102" lon="7.4618930">
        <ele>565</ele>
      </trkpt>
      <trkpt lat="45.7434323" lon="7.4621041">
        <ele>565</ele>
      </trkpt>
      <trkpt lat="45.7436236" lon="7.4626804">
        <ele>565</ele>
      </trkpt>
      <trkpt lat="45.7435332" lon="7.4627191">
        <ele>565</ele>
      </trkpt>
      <trkpt lat="45.7435202" lon="7.4627731">
        <ele>565</ele>
      </trkpt>
      <trkpt lat="45.7435000" lon="7.4627938">
        <ele>565</ele>
      </trkpt>
      <trkpt lat="45.7434598" lon="7.4627937">
        <ele>565</ele>
      </trkpt>
      <trkpt lat="45.7434176" lon="7.4627668">
        <ele>565</ele>
      </trkpt>
      <trkpt lat="45.7433787" lon="7.4627497">
        <ele>565</ele>
      </trkpt>
      <trkpt lat="45.7433574" lon="7.4628063">
        <ele>565</ele>
      </trkpt>
      <trkpt lat="45.7433695" lon="7.4628487">
        <ele>565</ele>
      </trkpt>
      <trkpt lat="45.7433844" lon="7.4629013">
        <ele>565</ele>
      </trkpt>
      <trkpt lat="45.7433885" lon="7.4629512">
        <ele>565</ele>
      </trkpt>
      <trkpt lat="45.7434044" lon="7.4633571">
        <ele>565</ele>
      </trkpt>
      <trkpt lat="45.7433996" lon="7.4634185">
        <ele>565</ele>
      </trkpt>
      <trkpt lat="45.7433963" lon="7.4634685">
        <ele>565</ele>
      </trkpt>
      <trkpt lat="45.7433819" lon="7.4635349">
        <ele>565</ele>
      </trkpt>
      <trkpt lat="45.7433189" lon="7.4636414">
        <ele>565</ele>
      </trkpt>
      <trkpt lat="45.7432111" lon="7.4637608">
        <ele>565</ele>
      </trkpt>
      <trkpt lat="45.7430874" lon="7.4638560">
        <ele>565</ele>
      </trkpt>
      <trkpt lat="45.7428886" lon="7.4638835">
        <ele>565</ele>
      </trkpt>
      <trkpt lat="45.7428137" lon="7.4638778">
        <ele>565</ele>
      </trkpt>
      <trkpt lat="45.7427461" lon="7.4638477">
        <ele>565</ele>
      </trkpt>
      <trkpt lat="45.7426589" lon="7.4637950">
        <ele>565</ele>
      </trkpt>
      <trkpt lat="45.7426176" lon="7.4637794">
        <ele>565</ele>
      </trkpt>
      <trkpt lat="45.7425751" lon="7.4638001">
        <ele>565</ele>
      </trkpt>
      <trkpt lat="45.7425193" lon="7.4638522">
        <ele>565</ele>
      </trkpt>
      <trkpt lat="45.7424031" lon="7.4639915">
        <ele>565</ele>
      </trkpt>
      <trkpt lat="45.7424248" lon="7.4640418">
        <ele>564</ele>
      </trkpt>
      <trkpt lat="45.7424749" lon="7.4642106">
        <ele>564</ele>
      </trkpt>
      <trkpt lat="45.7424724" lon="7.4646983">
        <ele>564</ele>
      </trkpt>
      <trkpt lat="45.7424390" lon="7.4648928">
        <ele>564</ele>
      </trkpt>
      <trkpt lat="45.7423525" lon="7.4651535">
        <ele>564</ele>
      </trkpt>
      <trkpt lat="45.7422604" lon="7.4653320">
        <ele>564</ele>
      </trkpt>
      <trkpt lat="45.7422840" lon="7.4654153">
        <ele>564</ele>
      </trkpt>
      <trkpt lat="45.7422985" lon="7.4654900">
        <ele>564</ele>
      </trkpt>
      <trkpt lat="45.7423132" lon="7.4655740">
        <ele>564</ele>
      </trkpt>
      <trkpt lat="45.7423371" lon="7.4656834">
        <ele>564</ele>
      </trkpt>
      <trkpt lat="45.7423517" lon="7.4657613">
        <ele>564</ele>
      </trkpt>
      <trkpt lat="45.7423617" lon="7.4658366">
        <ele>564</ele>
      </trkpt>
      <trkpt lat="45.7423772" lon="7.4659820">
        <ele>564</ele>
      </trkpt>
      <trkpt lat="45.7423784" lon="7.4660751">
        <ele>564</ele>
      </trkpt>
      <trkpt lat="45.7423846" lon="7.4661975">
        <ele>564</ele>
      </trkpt>
      <trkpt lat="45.7423907" lon="7.4663190">
        <ele>564</ele>
      </trkpt>
      <trkpt lat="45.7423835" lon="7.4664566">
        <ele>564</ele>
      </trkpt>
      <trkpt lat="45.7423671" lon="7.4665707">
        <ele>564</ele>
      </trkpt>
      <trkpt lat="45.7423505" lon="7.4666752">
        <ele>564</ele>
      </trkpt>
      <trkpt lat="45.7423335" lon="7.4667556">
        <ele>564</ele>
      </trkpt>
      <trkpt lat="45.7423208" lon="7.4668150">
        <ele>564</ele>
      </trkpt>
      <trkpt lat="45.7423171" lon="7.4668750">
        <ele>564</ele>
      </trkpt>
      <trkpt lat="45.7423049" lon="7.4669665">
        <ele>564</ele>
      </trkpt>
      <trkpt lat="45.7423017" lon="7.4670634">
        <ele>564</ele>
      </trkpt>
      <trkpt lat="45.7423120" lon="7.4671648">
        <ele>564</ele>
      </trkpt>
      <trkpt lat="45.7423219" lon="7.4672332">
        <ele>564</ele>
      </trkpt>
      <trkpt lat="45.7423371" lon="7.4673589">
        <ele>564</ele>
      </trkpt>
      <trkpt lat="45.7423665" lon="7.4675349">
        <ele>564</ele>
      </trkpt>
      <trkpt lat="45.7424217" lon="7.4679616">
        <ele>564</ele>
      </trkpt>
      <trkpt lat="45.7424416" lon="7.4681032">
        <ele>564</ele>
      </trkpt>
      <trkpt lat="45.7424434" lon="7.4682325">
        <ele>564</ele>
      </trkpt>
      <trkpt lat="45.7424400" lon="7.4683170">
        <ele>564</ele>
      </trkpt>
      <trkpt lat="45.7424363" lon="7.4683769">
        <ele>564</ele>
      </trkpt>
      <trkpt lat="45.7424203" lon="7.4685256">
        <ele>564</ele>
      </trkpt>
      <trkpt lat="45.7424003" lon="7.4687109">
        <ele>564</ele>
      </trkpt>
      <trkpt lat="45.7423844" lon="7.4688693">
        <ele>564</ele>
      </trkpt>
      <trkpt lat="45.7423517" lon="7.4691172">
        <ele>564</ele>
      </trkpt>
      <trkpt lat="45.7423414" lon="7.4692041">
        <ele>564</ele>
      </trkpt>
      <trkpt lat="45.7423348" lon="7.4692727">
        <ele>564</ele>
      </trkpt>
      <trkpt lat="45.7423209" lon="7.4693505">
        <ele>564</ele>
      </trkpt>
      <trkpt lat="45.7423062" lon="7.4694327">
        <ele>564</ele>
      </trkpt>
      <trkpt lat="45.7422958" lon="7.4694891">
        <ele>564</ele>
      </trkpt>
      <trkpt lat="45.7423034" lon="7.4696073">
        <ele>564</ele>
      </trkpt>
      <trkpt lat="45.7423409" lon="7.4697918">
        <ele>564</ele>
      </trkpt>
      <trkpt lat="45.7423973" lon="7.4700477">
        <ele>564</ele>
      </trkpt>
      <trkpt lat="45.7424560" lon="7.4702816">
        <ele>564</ele>
      </trkpt>
      <trkpt lat="45.7424723" lon="7.4703532">
        <ele>564</ele>
      </trkpt>
      <trkpt lat="45.7424742" lon="7.4703959">
        <ele>564</ele>
      </trkpt>
      <trkpt lat="45.7424621" lon="7.4704487">
        <ele>564</ele>
      </trkpt>
      <trkpt lat="45.7424464" lon="7.4704776">
        <ele>564</ele>
      </trkpt>
      <trkpt lat="45.7424976" lon="7.4705999">
        <ele>564</ele>
      </trkpt>
      <trkpt lat="45.7425672" lon="7.4707571">
        <ele>564</ele>
      </trkpt>
      <trkpt lat="45.7426365" lon="7.4708914">
        <ele>564</ele>
      </trkpt>
      <trkpt lat="45.7426781" lon="7.4709726">
        <ele>564</ele>
      </trkpt>
      <trkpt lat="45.7427426" lon="7.4710869">
        <ele>564</ele>
      </trkpt>
      <trkpt lat="45.7428259" lon="7.4712546">
        <ele>564</ele>
      </trkpt>
      <trkpt lat="45.7428765" lon="7.4713384">
        <ele>564</ele>
      </trkpt>
      <trkpt lat="45.7429275" lon="7.4714503">
        <ele>564</ele>
      </trkpt>
      <trkpt lat="45.7429742" lon="7.4715795">
        <ele>564</ele>
      </trkpt>
      <trkpt lat="45.7430115" lon="7.4716745">
        <ele>564</ele>
      </trkpt>
      <trkpt lat="45.7430492" lon="7.4718053">
        <ele>564</ele>
      </trkpt>
      <trkpt lat="45.7430779" lon="7.4719282">
        <ele>564</ele>
      </trkpt>
      <trkpt lat="45.7430970" lon="7.4720084">
        <ele>564</ele>
      </trkpt>
      <trkpt lat="45.7431115" lon="7.4720852">
        <ele>564</ele>
      </trkpt>
      <trkpt lat="45.7431258" lon="7.4721528">
        <ele>564</ele>
      </trkpt>
      <trkpt lat="45.7430852" lon="7.4721920">
        <ele>564</ele>
      </trkpt>
      <trkpt lat="45.7430113" lon="7.4723005">
        <ele>564</ele>
      </trkpt>
      <trkpt lat="45.7429761" lon="7.4724052">
        <ele>564</ele>
      </trkpt>
      <trkpt lat="45.7429102" lon="7.4725560">
        <ele>564</ele>
      </trkpt>
      <trkpt lat="45.7429644" lon="7.4729624">
        <ele>564</ele>
      </trkpt>
      <trkpt lat="45.7430597" lon="7.4733161">
        <ele>564</ele>
      </trkpt>
      <trkpt lat="45.7439102" lon="7.4754930">
        <ele>563</ele>
      </trkpt>
      <trkpt lat="45.7441002" lon="7.4757130">
        <ele>563</ele>
      </trkpt>
      <trkpt lat="45.7445902" lon="7.4754730">
        <ele>563</ele>
      </trkpt>
      <trkpt lat="45.7447402" lon="7.4755830">
        <ele>563</ele>
      </trkpt>
      <trkpt lat="45.7449852" lon="7.4760911">
        <ele>563</ele>
      </trkpt>
      <trkpt lat="45.7451117" lon="7.4765472">
        <ele>563</ele>
      </trkpt>
      <trkpt lat="45.7452226" lon="7.4769114">
        <ele>563</ele>
      </trkpt>
      <trkpt lat="45.7453459" lon="7.4771263">
        <ele>563</ele>
      </trkpt>
      <trkpt lat="45.7454324" lon="7.4772382">
        <ele>563</ele>
      </trkpt>
      <trkpt lat="45.7453193" lon="7.4774371">
        <ele>563</ele>
      </trkpt>
      <trkpt lat="45.7452377" lon="7.4775869">
        <ele>563</ele>
      </trkpt>
      <trkpt lat="45.7455107" lon="7.4778581">
        <ele>563</ele>
      </trkpt>
      <trkpt lat="45.7456791" lon="7.4779965">
        <ele>563</ele>
      </trkpt>
      <trkpt lat="45.7458635" lon="7.4783322">
        <ele>563</ele>
      </trkpt>
      <trkpt lat="45.7460001" lon="7.4784474">
        <ele>563</ele>
      </trkpt>
      <trkpt lat="45.7460597" lon="7.4785321">
        <ele>563</ele>
      </trkpt>
      <trkpt lat="45.7461017" lon="7.4786455">
        <ele>563</ele>
      </trkpt>
      <trkpt lat="45.7461117" lon="7.4787155">
        <ele>563</ele>
      </trkpt>
      <trkpt lat="45.7461653" lon="7.4793633">
        <ele>563</ele>
      </trkpt>
      <trkpt lat="45.7462003" lon="7.4796246">
        <ele>563</ele>
      </trkpt>
      <trkpt lat="45.7462688" lon="7.4798290">
        <ele>563</ele>
      </trkpt>
      <trkpt lat="45.7463450" lon="7.4800140">
        <ele>563</ele>
      </trkpt>
      <trkpt lat="45.7464697" lon="7.4802351">
        <ele>563</ele>
      </trkpt>
      <trkpt lat="45.7465751" lon="7.4803987">
        <ele>563</ele>
      </trkpt>
      <trkpt lat="45.7467617" lon="7.4805523">
        <ele>563</ele>
      </trkpt>
      <trkpt lat="45.7468623" lon="7.4806765">
        <ele>563</ele>
      </trkpt>
      <trkpt lat="45.7472465" lon="7.4807986">
        <ele>563</ele>
      </trkpt>
      <trkpt lat="45.7472964" lon="7.4808290">
        <ele>563</ele>
      </trkpt>
      <trkpt lat="45.7473286" lon="7.4808844">
        <ele>563</ele>
      </trkpt>
      <trkpt lat="45.7473204" lon="7.4809417">
        <ele>563</ele>
      </trkpt>
      <trkpt lat="45.7472550" lon="7.4811029">
        <ele>563</ele>
      </trkpt>
      <trkpt lat="45.7472108" lon="7.4811632">
        <ele>563</ele>
      </trkpt>
      <trkpt lat="45.7471173" lon="7.4812368">
        <ele>563</ele>
      </trkpt>
      <trkpt lat="45.7470645" lon="7.4813303">
        <ele>563</ele>
      </trkpt>
      <trkpt lat="45.7470431" lon="7.4814104">
        <ele>563</ele>
      </trkpt>
      <trkpt lat="45.7469514" lon="7.4819609">
        <ele>563</ele>
      </trkpt>
      <trkpt lat="45.7469565" lon="7.4820061">
        <ele>563</ele>
      </trkpt>
      <trkpt lat="45.7469984" lon="7.4821122">
        <ele>563</ele>
      </trkpt>
      <trkpt lat="45.7471938" lon="7.4822512">
        <ele>563</ele>
      </trkpt>
      <trkpt lat="45.7472395" lon="7.4823046">
        <ele>563</ele>
      </trkpt>
      <trkpt lat="45.7472724" lon="7.4824097">
        <ele>563</ele>
      </trkpt>
      <trkpt lat="45.7472554" lon="7.4824845">
        <ele>563</ele>
      </trkpt>
      <trkpt lat="45.7470913" lon="7.4826722">
        <ele>563</ele>
      </trkpt>
      <trkpt lat="45.7470432" lon="7.4827759">
        <ele>563</ele>
      </trkpt>
      <trkpt lat="45.7470325" lon="7.4833250">
        <ele>563</ele>
      </trkpt>
      <trkpt lat="45.7470603" lon="7.4837256">
        <ele>563</ele>
      </trkpt>
      <trkpt lat="45.7471119" lon="7.4838837">
        <ele>563</ele>
      </trkpt>
      <trkpt lat="45.7473125" lon="7.4840759">
        <ele>563</ele>
      </trkpt>
      <trkpt lat="45.7474775" lon="7.4843016">
        <ele>563</ele>
      </trkpt>
      <trkpt lat="45.7475201" lon="7.4844592">
        <ele>563</ele>
      </trkpt>
      <trkpt lat="45.7475167" lon="7.4845428">
        <ele>563</ele>
      </trkpt>
      <trkpt lat="45.7475017" lon="7.4846062">
        <ele>563</ele>
      </trkpt>
      <trkpt lat="45.7474463" lon="7.4846668">
        <ele>563</ele>
      </trkpt>
      <trkpt lat="45.7472785" lon="7.4848222">
        <ele>563</ele>
      </trkpt>
      <trkpt lat="45.7472244" lon="7.4849006">
        <ele>563</ele>
      </trkpt>
      <trkpt lat="45.7472079" lon="7.4849602">
        <ele>563</ele>
      </trkpt>
      <trkpt lat="45.7471962" lon="7.4850234">
        <ele>563</ele>
      </trkpt>
      <trkpt lat="45.7471954" lon="7.4850858">
        <ele>563</ele>
      </trkpt>
      <trkpt lat="45.7472118" lon="7.4853047">
        <ele>563</ele>
      </trkpt>
      <trkpt lat="45.7471705" lon="7.4855827">
        <ele>563</ele>
      </trkpt>
      <trkpt lat="45.7471485" lon="7.4856859">
        <ele>563</ele>
      </trkpt>
      <trkpt lat="45.7470530" lon="7.4858860">
        <ele>563</ele>
      </trkpt>
      <trkpt lat="45.7468372" lon="7.4862418">
        <ele>563</ele>
      </trkpt>
      <trkpt lat="45.7467458" lon="7.4864736">
        <ele>563</ele>
      </trkpt>
      <trkpt lat="45.7466955" lon="7.4867153">
        <ele>563</ele>
      </trkpt>
      <trkpt lat="45.7466746" lon="7.4868772">
        <ele>563</ele>
      </trkpt>
      <trkpt lat="45.7466824" lon="7.4871241">
        <ele>563</ele>
      </trkpt>
      <trkpt lat="45.7466377" lon="7.4874397">
        <ele>563</ele>
      </trkpt>
      <trkpt lat="45.7466304" lon="7.4876196">
        <ele>563</ele>
      </trkpt>
      <trkpt lat="45.7466550" lon="7.4877728">
        <ele>563</ele>
      </trkpt>
      <trkpt lat="45.7467178" lon="7.4879928">
        <ele>563</ele>
      </trkpt>
      <trkpt lat="45.7469905" lon="7.4884437">
        <ele>562</ele>
      </trkpt>
      <trkpt lat="45.7470904" lon="7.4886288">
        <ele>562</ele>
      </trkpt>
      <trkpt lat="45.7471195" lon="7.4887970">
        <ele>562</ele>
      </trkpt>
      <trkpt lat="45.7472013" lon="7.4891994">
        <ele>562</ele>
      </trkpt>
      <trkpt lat="45.7472491" lon="7.4892693">
        <ele>562</ele>
      </trkpt>
      <trkpt lat="45.7473059" lon="7.4892845">
        <ele>562</ele>
      </trkpt>
      <trkpt lat="45.7475590" lon="7.4893640">
        <ele>562</ele>
      </trkpt>
      <trkpt lat="45.7476118" lon="7.4893417">
        <ele>562</ele>
      </trkpt>
      <trkpt lat="45.7476496" lon="7.4893458">
        <ele>562</ele>
      </trkpt>
      <trkpt lat="45.7476679" lon="7.4893697">
        <ele>562</ele>
      </trkpt>
      <trkpt lat="45.7476809" lon="7.4893976">
        <ele>562</ele>
      </trkpt>
      <trkpt lat="45.7477151" lon="7.4894057">
        <ele>562</ele>
      </trkpt>
      <trkpt lat="45.7477926" lon="7.4894053">
        <ele>562</ele>
      </trkpt>
      <trkpt lat="45.7478162" lon="7.4894899">
        <ele>562</ele>
      </trkpt>
      <trkpt lat="45.7476393" lon="7.4897236">
        <ele>562</ele>
      </trkpt>
      <trkpt lat="45.7476173" lon="7.4897608">
        <ele>562</ele>
      </trkpt>
      <trkpt lat="45.7475820" lon="7.4898132">
        <ele>562</ele>
      </trkpt>
      <trkpt lat="45.7475690" lon="7.4898473">
        <ele>562</ele>
      </trkpt>
      <trkpt lat="45.7475564" lon="7.4899151">
        <ele>562</ele>
      </trkpt>
      <trkpt lat="45.7475570" lon="7.4899649">
        <ele>562</ele>
      </trkpt>
      <trkpt lat="45.7475671" lon="7.4900450">
        <ele>562</ele>
      </trkpt>
      <trkpt lat="45.7475908" lon="7.4901395">
        <ele>562</ele>
      </trkpt>
      <trkpt lat="45.7476099" lon="7.4902202">
        <ele>562</ele>
      </trkpt>
      <trkpt lat="45.7476471" lon="7.4903136">
        <ele>562</ele>
      </trkpt>
      <trkpt lat="45.7476791" lon="7.4903501">
        <ele>562</ele>
      </trkpt>
      <trkpt lat="45.7477202" lon="7.4903940">
        <ele>562</ele>
      </trkpt>
      <trkpt lat="45.7477344" lon="7.4904506">
        <ele>562</ele>
      </trkpt>
      <trkpt lat="45.7477627" lon="7.4905475">
        <ele>562</ele>
      </trkpt>
      <trkpt lat="45.7477771" lon="7.4906130">
        <ele>562</ele>
      </trkpt>
      <trkpt lat="45.7478097" lon="7.4906969">
        <ele>562</ele>
      </trkpt>
      <trkpt lat="45.7478561" lon="7.4908061">
        <ele>562</ele>
      </trkpt>
      <trkpt lat="45.7479026" lon="7.4909145">
        <ele>562</ele>
      </trkpt>
      <trkpt lat="45.7479122" lon="7.4909605">
        <ele>562</ele>
      </trkpt>
      <trkpt lat="45.7479313" lon="7.4910411">
        <ele>562</ele>
      </trkpt>
      <trkpt lat="45.7479502" lon="7.4911149">
        <ele>562</ele>
      </trkpt>
      <trkpt lat="45.7479781" lon="7.4911793">
        <ele>562</ele>
      </trkpt>
      <trkpt lat="45.7480146" lon="7.4912148">
        <ele>562</ele>
      </trkpt>
      <trkpt lat="45.7480641" lon="7.4914553">
        <ele>562</ele>
      </trkpt>
      <trkpt lat="45.7481376" lon="7.4916402">
        <ele>562</ele>
      </trkpt>
      <trkpt lat="45.7482385" lon="7.4918566">
        <ele>562</ele>
      </trkpt>
      <trkpt lat="45.7482829" lon="7.4919543">
        <ele>562</ele>
      </trkpt>
      <trkpt lat="45.7483137" lon="7.4919689">
        <ele>562</ele>
      </trkpt>
      <trkpt lat="45.7483188" lon="7.4919985">
        <ele>562</ele>
      </trkpt>
      <trkpt lat="45.7483116" lon="7.4920864">
        <ele>562</ele>
      </trkpt>
      <trkpt lat="45.7483710" lon="7.4922235">
        <ele>562</ele>
      </trkpt>
      <trkpt lat="45.7483933" lon="7.4922819">
        <ele>562</ele>
      </trkpt>
      <trkpt lat="45.7483912" lon="7.4923911">
        <ele>562</ele>
      </trkpt>
      <trkpt lat="45.7484332" lon="7.4925132">
        <ele>562</ele>
      </trkpt>
      <trkpt lat="45.7484722" lon="7.4928147">
        <ele>562</ele>
      </trkpt>
      <trkpt lat="45.7484921" lon="7.4929568">
        <ele>562</ele>
      </trkpt>
      <trkpt lat="45.7484973" lon="7.4930093">
        <ele>562</ele>
      </trkpt>
      <trkpt lat="45.7485081" lon="7.4931504">
        <ele>562</ele>
      </trkpt>
      <trkpt lat="45.7485156" lon="7.4933748">
        <ele>562</ele>
      </trkpt>
      <trkpt lat="45.7485165" lon="7.4934419">
        <ele>562</ele>
      </trkpt>
      <trkpt lat="45.7485129" lon="7.4935099">
        <ele>562</ele>
      </trkpt>
      <trkpt lat="45.7484999" lon="7.4935504">
        <ele>562</ele>
      </trkpt>
      <trkpt lat="45.7484823" lon="7.4935822">
        <ele>562</ele>
      </trkpt>
      <trkpt lat="45.7484203" lon="7.4936582">
        <ele>562</ele>
      </trkpt>
      <trkpt lat="45.7483714" lon="7.4937049">
        <ele>562</ele>
      </trkpt>
      <trkpt lat="45.7483404" lon="7.4937435">
        <ele>562</ele>
      </trkpt>
      <trkpt lat="45.7482966" lon="7.4938331">
        <ele>562</ele>
      </trkpt>
      <trkpt lat="45.7482576" lon="7.4939450">
        <ele>562</ele>
      </trkpt>
      <trkpt lat="45.7482261" lon="7.4940857">
        <ele>562</ele>
      </trkpt>
      <trkpt lat="45.7481837" lon="7.4942776">
        <ele>562</ele>
      </trkpt>
      <trkpt lat="45.7481575" lon="7.4944189">
        <ele>562</ele>
      </trkpt>
      <trkpt lat="45.7481280" lon="7.4945699">
        <ele>562</ele>
      </trkpt>
      <trkpt lat="45.7481159" lon="7.4946783">
        <ele>562</ele>
      </trkpt>
      <trkpt lat="45.7481036" lon="7.4948917">
        <ele>562</ele>
      </trkpt>
      <trkpt lat="45.7481014" lon="7.4950725">
        <ele>562</ele>
      </trkpt>
      <trkpt lat="45.7480908" lon="7.4952901">
        <ele>562</ele>
      </trkpt>
      <trkpt lat="45.7480746" lon="7.4954272">
        <ele>562</ele>
      </trkpt>
      <trkpt lat="45.7480665" lon="7.4954953">
        <ele>561</ele>
      </trkpt>
      <trkpt lat="45.7480579" lon="7.4955277">
        <ele>561</ele>
      </trkpt>
      <trkpt lat="45.7479205" lon="7.4960620">
        <ele>561</ele>
      </trkpt>
      <trkpt lat="45.7479121" lon="7.4961053">
        <ele>561</ele>
      </trkpt>
      <trkpt lat="45.7479081" lon="7.4961447">
        <ele>561</ele>
      </trkpt>
      <trkpt lat="45.7478919" lon="7.4962826">
        <ele>561</ele>
      </trkpt>
      <trkpt lat="45.7478845" lon="7.4963716">
        <ele>561</ele>
      </trkpt>
      <trkpt lat="45.7478350" lon="7.4967120">
        <ele>561</ele>
      </trkpt>
      <trkpt lat="45.7478123" lon="7.4970372">
        <ele>561</ele>
      </trkpt>
      <trkpt lat="45.7477886" lon="7.4972905">
        <ele>561</ele>
      </trkpt>
      <trkpt lat="45.7477922" lon="7.4975616">
        <ele>561</ele>
      </trkpt>
      <trkpt lat="45.7478275" lon="7.4978515">
        <ele>561</ele>
      </trkpt>
      <trkpt lat="45.7478986" lon="7.4981280">
        <ele>561</ele>
      </trkpt>
      <trkpt lat="45.7478990" lon="7.4981541">
        <ele>561</ele>
      </trkpt>
      <trkpt lat="45.7479240" lon="7.4983648">
        <ele>561</ele>
      </trkpt>
      <trkpt lat="45.7479309" lon="7.4985313">
        <ele>561</ele>
      </trkpt>
      <trkpt lat="45.7479313" lon="7.4985590">
        <ele>561</ele>
      </trkpt>
      <trkpt lat="45.7479230" lon="7.4986147">
        <ele>561</ele>
      </trkpt>
      <trkpt lat="45.7478804" lon="7.4987906">
        <ele>561</ele>
      </trkpt>
      <trkpt lat="45.7478764" lon="7.4988301">
        <ele>561</ele>
      </trkpt>
      <trkpt lat="45.7478604" lon="7.4989864">
        <ele>561</ele>
      </trkpt>
      <trkpt lat="45.7478610" lon="7.4990326">
        <ele>561</ele>
      </trkpt>
      <trkpt lat="45.7478763" lon="7.4992746">
        <ele>561</ele>
      </trkpt>
      <trkpt lat="45.7478830" lon="7.4993365">
        <ele>561</ele>
      </trkpt>
      <trkpt lat="45.7478903" lon="7.4993712">
        <ele>561</ele>
      </trkpt>
      <trkpt lat="45.7478892" lon="7.4994119">
        <ele>561</ele>
      </trkpt>
      <trkpt lat="45.7478667" lon="7.4994671">
        <ele>561</ele>
      </trkpt>
      <trkpt lat="45.7478358" lon="7.4995170">
        <ele>561</ele>
      </trkpt>
      <trkpt lat="45.7478139" lon="7.4995549">
        <ele>561</ele>
      </trkpt>
      <trkpt lat="45.7477734" lon="7.4995564">
        <ele>561</ele>
      </trkpt>
      <trkpt lat="45.7477513" lon="7.4995827">
        <ele>561</ele>
      </trkpt>
      <trkpt lat="45.7477340" lon="7.4996378">
        <ele>561</ele>
      </trkpt>
      <trkpt lat="45.7477168" lon="7.4996993">
        <ele>561</ele>
      </trkpt>
      <trkpt lat="45.7477129" lon="7.4997444">
        <ele>561</ele>
      </trkpt>
      <trkpt lat="45.7477046" lon="7.4998025">
        <ele>561</ele>
      </trkpt>
      <trkpt lat="45.7476919" lon="7.4998607">
        <ele>561</ele>
      </trkpt>
      <trkpt lat="45.7476790" lon="7.4999060">
        <ele>561</ele>
      </trkpt>
      <trkpt lat="45.7476618" lon="7.4999643">
        <ele>561</ele>
      </trkpt>
      <trkpt lat="45.7476311" lon="7.5000294">
        <ele>561</ele>
      </trkpt>
      <trkpt lat="45.7476093" lon="7.5000782">
        <ele>561</ele>
      </trkpt>
      <trkpt lat="45.7475876" lon="7.5001431">
        <ele>561</ele>
      </trkpt>
      <trkpt lat="45.7475615" lon="7.5002113">
        <ele>561</ele>
      </trkpt>
      <trkpt lat="45.7475490" lon="7.5002855">
        <ele>561</ele>
      </trkpt>
      <trkpt lat="45.7475319" lon="7.5003535">
        <ele>561</ele>
      </trkpt>
      <trkpt lat="45.7475150" lon="7.5004407">
        <ele>561</ele>
      </trkpt>
      <trkpt lat="45.7474978" lon="7.5005023">
        <ele>561</ele>
      </trkpt>
      <trkpt lat="45.7474893" lon="7.5005410">
        <ele>561</ele>
      </trkpt>
      <trkpt lat="45.7474676" lon="7.5006027">
        <ele>561</ele>
      </trkpt>
      <trkpt lat="45.7474503" lon="7.5006546">
        <ele>561</ele>
      </trkpt>
      <trkpt lat="45.7474374" lon="7.5006999">
        <ele>561</ele>
      </trkpt>
      <trkpt lat="45.7474160" lon="7.5007841">
        <ele>561</ele>
      </trkpt>
      <trkpt lat="45.7474032" lon="7.5008390">
        <ele>561</ele>
      </trkpt>
      <trkpt lat="45.7473994" lon="7.5008906">
        <ele>561</ele>
      </trkpt>
      <trkpt lat="45.7473963" lon="7.5009967">
        <ele>561</ele>
      </trkpt>
      <trkpt lat="45.7473926" lon="7.5010547">
        <ele>561</ele>
      </trkpt>
      <trkpt lat="45.7473981" lon="7.5011316">
        <ele>561</ele>
      </trkpt>
      <trkpt lat="45.7474036" lon="7.5012118">
        <ele>561</ele>
      </trkpt>
      <trkpt lat="45.7473955" lon="7.5012796">
        <ele>561</ele>
      </trkpt>
      <trkpt lat="45.7473869" lon="7.5013087">
        <ele>561</ele>
      </trkpt>
      <trkpt lat="45.7473567" lon="7.5014124">
        <ele>561</ele>
      </trkpt>
      <trkpt lat="45.7473392" lon="7.5014482">
        <ele>561</ele>
      </trkpt>
      <trkpt lat="45.7472957" lon="7.5015586">
        <ele>561</ele>
      </trkpt>
      <trkpt lat="45.7472521" lon="7.5016691">
        <ele>561</ele>
      </trkpt>
      <trkpt lat="45.7472128" lon="7.5017633">
        <ele>561</ele>
      </trkpt>
      <trkpt lat="45.7471759" lon="7.5018639">
        <ele>561</ele>
      </trkpt>
      <trkpt lat="45.7471390" lon="7.5019678">
        <ele>561</ele>
      </trkpt>
      <trkpt lat="45.7471305" lon="7.5020034">
        <ele>561</ele>
      </trkpt>
      <trkpt lat="45.7471202" lon="7.5020808">
        <ele>561</ele>
      </trkpt>
      <trkpt lat="45.7471100" lon="7.5021582">
        <ele>561</ele>
      </trkpt>
      <trkpt lat="45.7471020" lon="7.5022355">
        <ele>561</ele>
      </trkpt>
      <trkpt lat="45.7470719" lon="7.5023424">
        <ele>561</ele>
      </trkpt>
      <trkpt lat="45.7470306" lon="7.5024528">
        <ele>560</ele>
      </trkpt>
      <trkpt lat="45.7469894" lon="7.5025664">
        <ele>560</ele>
      </trkpt>
      <trkpt lat="45.7469569" lon="7.5026669">
        <ele>560</ele>
      </trkpt>
      <trkpt lat="45.7469267" lon="7.5027673">
        <ele>560</ele>
      </trkpt>
      <trkpt lat="45.7468943" lon="7.5028678">
        <ele>560</ele>
      </trkpt>
      <trkpt lat="45.7468707" lon="7.5029584">
        <ele>560</ele>
      </trkpt>
      <trkpt lat="45.7468471" lon="7.5030458">
        <ele>560</ele>
      </trkpt>
      <trkpt lat="45.7468387" lon="7.5030910">
        <ele>560</ele>
      </trkpt>
      <trkpt lat="45.7468354" lon="7.5031811">
        <ele>560</ele>
      </trkpt>
      <trkpt lat="45.7468320" lon="7.5032680">
        <ele>560</ele>
      </trkpt>
      <trkpt lat="45.7468287" lon="7.5033581">
        <ele>560</ele>
      </trkpt>
      <trkpt lat="45.7468277" lon="7.5034513">
        <ele>560</ele>
      </trkpt>
      <trkpt lat="45.7468267" lon="7.5035445">
        <ele>560</ele>
      </trkpt>
      <trkpt lat="45.7468317" lon="7.5035862">
        <ele>560</ele>
      </trkpt>
      <trkpt lat="45.7468510" lon="7.5036821">
        <ele>560</ele>
      </trkpt>
      <trkpt lat="45.7468702" lon="7.5037780">
        <ele>560</ele>
      </trkpt>
      <trkpt lat="45.7468895" lon="7.5038739">
        <ele>560</ele>
      </trkpt>
      <trkpt lat="45.7469087" lon="7.5039698">
        <ele>560</ele>
      </trkpt>
      <trkpt lat="45.7469209" lon="7.5040370">
        <ele>560</ele>
      </trkpt>
      <trkpt lat="45.7469330" lon="7.5041009">
        <ele>560</ele>
      </trkpt>
      <trkpt lat="45.7469453" lon="7.5041874">
        <ele>560</ele>
      </trkpt>
      <trkpt lat="45.7469555" lon="7.5042739">
        <ele>560</ele>
      </trkpt>
      <trkpt lat="45.7469679" lon="7.5043603">
        <ele>560</ele>
      </trkpt>
      <trkpt lat="45.7469739" lon="7.5044759">
        <ele>560</ele>
      </trkpt>
      <trkpt lat="45.7469799" lon="7.5045946">
        <ele>560</ele>
      </trkpt>
      <trkpt lat="45.7469813" lon="7.5047006">
        <ele>560</ele>
      </trkpt>
      <trkpt lat="45.7469846" lon="7.5047777">
        <ele>560</ele>
      </trkpt>
      <trkpt lat="45.7469878" lon="7.5048547">
        <ele>560</ele>
      </trkpt>
      <trkpt lat="45.7470136" lon="7.5049344">
        <ele>560</ele>
      </trkpt>
      <trkpt lat="45.7470394" lon="7.5050108">
        <ele>560</ele>
      </trkpt>
      <trkpt lat="45.7470536" lon="7.5050683">
        <ele>560</ele>
      </trkpt>
      <trkpt lat="45.7470658" lon="7.5051419">
        <ele>560</ele>
      </trkpt>
      <trkpt lat="45.7470781" lon="7.5052155">
        <ele>560</ele>
      </trkpt>
      <trkpt lat="45.7470814" lon="7.5053022">
        <ele>560</ele>
      </trkpt>
      <trkpt lat="45.7470848" lon="7.5053889">
        <ele>560</ele>
      </trkpt>
      <trkpt lat="45.7470838" lon="7.5054789">
        <ele>560</ele>
      </trkpt>
      <trkpt lat="45.7470850" lon="7.5055720">
        <ele>560</ele>
      </trkpt>
      <trkpt lat="45.7470839" lon="7.5056621">
        <ele>560</ele>
      </trkpt>
      <trkpt lat="45.7470853" lon="7.5057713">
        <ele>560</ele>
      </trkpt>
      <trkpt lat="45.7470868" lon="7.5058805">
        <ele>560</ele>
      </trkpt>
      <trkpt lat="45.7470999" lon="7.5063102">
        <ele>560</ele>
      </trkpt>
      <trkpt lat="45.7470883" lon="7.5064776">
        <ele>560</ele>
      </trkpt>
      <trkpt lat="45.7470961" lon="7.5065642">
        <ele>560</ele>
      </trkpt>
      <trkpt lat="45.7471357" lon="7.5068007">
        <ele>560</ele>
      </trkpt>
      <trkpt lat="45.7471547" lon="7.5068741">
        <ele>560</ele>
      </trkpt>
      <trkpt lat="45.7471736" lon="7.5069443">
        <ele>560</ele>
      </trkpt>
      <trkpt lat="45.7471838" lon="7.5070372">
        <ele>560</ele>
      </trkpt>
      <trkpt lat="45.7471940" lon="7.5071270">
        <ele>560</ele>
      </trkpt>
      <trkpt lat="45.7472065" lon="7.5072263">
        <ele>560</ele>
      </trkpt>
      <trkpt lat="45.7472168" lon="7.5073256">
        <ele>560</ele>
      </trkpt>
      <trkpt lat="45.7472294" lon="7.5074249">
        <ele>560</ele>
      </trkpt>
      <trkpt lat="45.7472438" lon="7.5075386">
        <ele>560</ele>
      </trkpt>
      <trkpt lat="45.7472588" lon="7.5076507">
        <ele>560</ele>
      </trkpt>
      <trkpt lat="45.7472715" lon="7.5077629">
        <ele>560</ele>
      </trkpt>
      <trkpt lat="45.7472862" lon="7.5078557">
        <ele>560</ele>
      </trkpt>
      <trkpt lat="45.7472893" lon="7.5079481">
        <ele>560</ele>
      </trkpt>
      <trkpt lat="45.7472990" lon="7.5080057">
        <ele>560</ele>
      </trkpt>
      <trkpt lat="45.7473156" lon="7.5080696">
        <ele>560</ele>
      </trkpt>
      <trkpt lat="45.7473322" lon="7.5081334">
        <ele>560</ele>
      </trkpt>
      <trkpt lat="45.7473419" lon="7.5081878">
        <ele>560</ele>
      </trkpt>
      <trkpt lat="45.7473445" lon="7.5082596">
        <ele>560</ele>
      </trkpt>
      <trkpt lat="45.7473274" lon="7.5083276">
        <ele>560</ele>
      </trkpt>
      <trkpt lat="45.7472927" lon="7.5084249">
        <ele>560</ele>
      </trkpt>
      <trkpt lat="45.7472842" lon="7.5084637">
        <ele>560</ele>
      </trkpt>
      <trkpt lat="45.7472757" lon="7.5085057">
        <ele>560</ele>
      </trkpt>
      <trkpt lat="45.7472640" lon="7.5085674">
        <ele>560</ele>
      </trkpt>
      <trkpt lat="45.7472639" lon="7.5086277">
        <ele>560</ele>
      </trkpt>
      <trkpt lat="45.7472854" lon="7.5086810">
        <ele>560</ele>
      </trkpt>
      <trkpt lat="45.7473041" lon="7.5087352">
        <ele>560</ele>
      </trkpt>
      <trkpt lat="45.7473549" lon="7.5088399">
        <ele>560</ele>
      </trkpt>
      <trkpt lat="45.7474009" lon="7.5089093">
        <ele>559</ele>
      </trkpt>
      <trkpt lat="45.7474216" lon="7.5089506">
        <ele>559</ele>
      </trkpt>
      <trkpt lat="45.7474201" lon="7.5090085">
        <ele>559</ele>
      </trkpt>
      <trkpt lat="45.7473846" lon="7.5090436">
        <ele>559</ele>
      </trkpt>
      <trkpt lat="45.7473946" lon="7.5091180">
        <ele>559</ele>
      </trkpt>
      <trkpt lat="45.7473909" lon="7.5091776">
        <ele>559</ele>
      </trkpt>
      <trkpt lat="45.7473740" lon="7.5092672">
        <ele>559</ele>
      </trkpt>
      <trkpt lat="45.7473447" lon="7.5094335">
        <ele>559</ele>
      </trkpt>
      <trkpt lat="45.7473409" lon="7.5094895">
        <ele>559</ele>
      </trkpt>
      <trkpt lat="45.7473425" lon="7.5096071">
        <ele>559</ele>
      </trkpt>
      <trkpt lat="45.7473579" lon="7.5097197">
        <ele>559</ele>
      </trkpt>
      <trkpt lat="45.7473753" lon="7.5098143">
        <ele>559</ele>
      </trkpt>
      <trkpt lat="45.7474288" lon="7.5099188">
        <ele>559</ele>
      </trkpt>
      <trkpt lat="45.7475320" lon="7.5100393">
        <ele>559</ele>
      </trkpt>
      <trkpt lat="45.7476284" lon="7.5101379">
        <ele>559</ele>
      </trkpt>
      <trkpt lat="45.7477058" lon="7.5102081">
        <ele>559</ele>
      </trkpt>
      <trkpt lat="45.7478379" lon="7.5103287">
        <ele>559</ele>
      </trkpt>
      <trkpt lat="45.7478568" lon="7.5104013">
        <ele>559</ele>
      </trkpt>
      <trkpt lat="45.7478626" lon="7.5105184">
        <ele>559</ele>
      </trkpt>
      <trkpt lat="45.7478630" lon="7.5105273">
        <ele>559</ele>
      </trkpt>
      <trkpt lat="45.7478460" lon="7.5106037">
        <ele>559</ele>
      </trkpt>
      <trkpt lat="45.7477977" lon="7.5106990">
        <ele>559</ele>
      </trkpt>
      <trkpt lat="45.7477533" lon="7.5107428">
        <ele>559</ele>
      </trkpt>
      <trkpt lat="45.7476729" lon="7.5107863">
        <ele>559</ele>
      </trkpt>
      <trkpt lat="45.7475699" lon="7.5108296">
        <ele>559</ele>
      </trkpt>
      <trkpt lat="45.7475343" lon="7.5108563">
        <ele>559</ele>
      </trkpt>
      <trkpt lat="45.7474947" lon="7.5109256">
        <ele>559</ele>
      </trkpt>
      <trkpt lat="45.7474646" lon="7.5110373">
        <ele>559</ele>
      </trkpt>
      <trkpt lat="45.7474528" lon="7.5111658">
        <ele>559</ele>
      </trkpt>
      <trkpt lat="45.7474609" lon="7.5117915">
        <ele>559</ele>
      </trkpt>
      <trkpt lat="45.7474781" lon="7.5120726">
        <ele>559</ele>
      </trkpt>
      <trkpt lat="45.7475213" lon="7.5122824">
        <ele>559</ele>
      </trkpt>
      <trkpt lat="45.7475501" lon="7.5124178">
        <ele>559</ele>
      </trkpt>
      <trkpt lat="45.7475805" lon="7.5126749">
        <ele>559</ele>
      </trkpt>
      <trkpt lat="45.7475931" lon="7.5129526">
        <ele>559</ele>
      </trkpt>
      <trkpt lat="45.7475988" lon="7.5130481">
        <ele>559</ele>
      </trkpt>
      <trkpt lat="45.7476089" lon="7.5133214">
        <ele>559</ele>
      </trkpt>
      <trkpt lat="45.7476350" lon="7.5134645">
        <ele>559</ele>
      </trkpt>
      <trkpt lat="45.7476822" lon="7.5135746">
        <ele>559</ele>
      </trkpt>
      <trkpt lat="45.7477690" lon="7.5136779">
        <ele>559</ele>
      </trkpt>
      <trkpt lat="45.7478555" lon="7.5137560">
        <ele>559</ele>
      </trkpt>
      <trkpt lat="45.7479464" lon="7.5138203">
        <ele>559</ele>
      </trkpt>
      <trkpt lat="45.7479691" lon="7.5138385">
        <ele>559</ele>
      </trkpt>
      <trkpt lat="45.7480370" lon="7.5138669">
        <ele>559</ele>
      </trkpt>
      <trkpt lat="45.7480956" lon="7.5138782">
        <ele>559</ele>
      </trkpt>
      <trkpt lat="45.7481409" lon="7.5138991">
        <ele>559</ele>
      </trkpt>
      <trkpt lat="45.7481730" lon="7.5139440">
        <ele>559</ele>
      </trkpt>
      <trkpt lat="45.7482190" lon="7.5140187">
        <ele>559</ele>
      </trkpt>
      <trkpt lat="45.7482420" lon="7.5140559">
        <ele>559</ele>
      </trkpt>
      <trkpt lat="45.7482835" lon="7.5141391">
        <ele>559</ele>
      </trkpt>
      <trkpt lat="45.7483522" lon="7.5142273">
        <ele>559</ele>
      </trkpt>
      <trkpt lat="45.7484157" lon="7.5142690">
        <ele>559</ele>
      </trkpt>
      <trkpt lat="45.7485015" lon="7.5142912">
        <ele>559</ele>
      </trkpt>
      <trkpt lat="45.7485968" lon="7.5143494">
        <ele>559</ele>
      </trkpt>
      <trkpt lat="45.7486835" lon="7.5144403">
        <ele>559</ele>
      </trkpt>
      <trkpt lat="45.7487386" lon="7.5145256">
        <ele>559</ele>
      </trkpt>
      <trkpt lat="45.7487624" lon="7.5146274">
        <ele>559</ele>
      </trkpt>
      <trkpt lat="45.7487501" lon="7.5147153">
        <ele>559</ele>
      </trkpt>
      <trkpt lat="45.7487193" lon="7.5147704">
        <ele>559</ele>
      </trkpt>
      <trkpt lat="45.7486437" lon="7.5148423">
        <ele>559</ele>
      </trkpt>
      <trkpt lat="45.7485591" lon="7.5149076">
        <ele>559</ele>
      </trkpt>
      <trkpt lat="45.7484164" lon="7.5150130">
        <ele>559</ele>
      </trkpt>
      <trkpt lat="45.7483317" lon="7.5150707">
        <ele>559</ele>
      </trkpt>
      <trkpt lat="45.7482089" lon="7.5151478">
        <ele>559</ele>
      </trkpt>
      <trkpt lat="45.7480847" lon="7.5152635">
        <ele>559</ele>
      </trkpt>
      <trkpt lat="45.7480426" lon="7.5153250">
        <ele>559</ele>
      </trkpt>
      <trkpt lat="45.7479819" lon="7.5154470">
        <ele>559</ele>
      </trkpt>
      <trkpt lat="45.7478794" lon="7.5156849">
        <ele>559</ele>
      </trkpt>
      <trkpt lat="45.7478591" lon="7.5157594">
        <ele>559</ele>
      </trkpt>
      <trkpt lat="45.7478673" lon="7.5157943">
        <ele>559</ele>
      </trkpt>
      <trkpt lat="45.7478634" lon="7.5158381">
        <ele>559</ele>
      </trkpt>
      <trkpt lat="45.7478480" lon="7.5159429">
        <ele>558</ele>
      </trkpt>
      <trkpt lat="45.7477926" lon="7.5161838">
        <ele>558</ele>
      </trkpt>
      <trkpt lat="45.7476633" lon="7.5166235">
        <ele>558</ele>
      </trkpt>
      <trkpt lat="45.7475597" lon="7.5168675">
        <ele>558</ele>
      </trkpt>
      <trkpt lat="45.7474960" lon="7.5170868">
        <ele>558</ele>
      </trkpt>
      <trkpt lat="45.7474577" lon="7.5172521">
        <ele>558</ele>
      </trkpt>
      <trkpt lat="45.7474475" lon="7.5173660">
        <ele>558</ele>
      </trkpt>
      <trkpt lat="45.7474581" lon="7.5174562">
        <ele>558</ele>
      </trkpt>
      <trkpt lat="45.7474720" lon="7.5175444">
        <ele>558</ele>
      </trkpt>
      <trkpt lat="45.7475189" lon="7.5176449">
        <ele>558</ele>
      </trkpt>
      <trkpt lat="45.7474324" lon="7.5176743">
        <ele>558</ele>
      </trkpt>
      <trkpt lat="45.7473697" lon="7.5176836">
        <ele>558</ele>
      </trkpt>
      <trkpt lat="45.7473112" lon="7.5176637">
        <ele>558</ele>
      </trkpt>
      <trkpt lat="45.7472019" lon="7.5176199">
        <ele>558</ele>
      </trkpt>
      <trkpt lat="45.7471483" lon="7.5175881">
        <ele>558</ele>
      </trkpt>
      <trkpt lat="45.7471098" lon="7.5175719">
        <ele>558</ele>
      </trkpt>
      <trkpt lat="45.7470950" lon="7.5175817">
        <ele>558</ele>
      </trkpt>
      <trkpt lat="45.7470922" lon="7.5176016">
        <ele>558</ele>
      </trkpt>
      <trkpt lat="45.7471091" lon="7.5177212">
        <ele>558</ele>
      </trkpt>
      <trkpt lat="45.7471237" lon="7.5178220">
        <ele>558</ele>
      </trkpt>
      <trkpt lat="45.7471264" lon="7.5179010">
        <ele>558</ele>
      </trkpt>
      <trkpt lat="45.7471228" lon="7.5179667">
        <ele>558</ele>
      </trkpt>
      <trkpt lat="45.7471186" lon="7.5179867">
        <ele>558</ele>
      </trkpt>
      <trkpt lat="45.7471124" lon="7.5179999">
        <ele>558</ele>
      </trkpt>
      <trkpt lat="45.7471029" lon="7.5179994">
        <ele>558</ele>
      </trkpt>
      <trkpt lat="45.7470938" lon="7.5179862">
        <ele>558</ele>
      </trkpt>
      <trkpt lat="45.7470731" lon="7.5179553">
        <ele>558</ele>
      </trkpt>
      <trkpt lat="45.7470547" lon="7.5179485">
        <ele>558</ele>
      </trkpt>
      <trkpt lat="45.7470296" lon="7.5179558">
        <ele>558</ele>
      </trkpt>
      <trkpt lat="45.7470561" lon="7.5180342">
        <ele>558</ele>
      </trkpt>
      <trkpt lat="45.7470912" lon="7.5180669">
        <ele>558</ele>
      </trkpt>
      <trkpt lat="45.7471786" lon="7.5181200">
        <ele>558</ele>
      </trkpt>
      <trkpt lat="45.7472455" lon="7.5181628">
        <ele>558</ele>
      </trkpt>
      <trkpt lat="45.7473045" lon="7.5182015">
        <ele>558</ele>
      </trkpt>
      <trkpt lat="45.7473272" lon="7.5182197">
        <ele>558</ele>
      </trkpt>
      <trkpt lat="45.7473412" lon="7.5182555">
        <ele>558</ele>
      </trkpt>
      <trkpt lat="45.7473462" lon="7.5182960">
        <ele>558</ele>
      </trkpt>
      <trkpt lat="45.7473379" lon="7.5183448">
        <ele>558</ele>
      </trkpt>
      <trkpt lat="45.7473116" lon="7.5184046">
        <ele>558</ele>
      </trkpt>
      <trkpt lat="45.7472458" lon="7.5184270">
        <ele>558</ele>
      </trkpt>
      <trkpt lat="45.7471783" lon="7.5184291">
        <ele>558</ele>
      </trkpt>
      <trkpt lat="45.7470613" lon="7.5184298">
        <ele>558</ele>
      </trkpt>
      <trkpt lat="45.7469175" lon="7.5184449">
        <ele>558</ele>
      </trkpt>
      <trkpt lat="45.7468187" lon="7.5184660">
        <ele>558</ele>
      </trkpt>
      <trkpt lat="45.7466967" lon="7.5185257">
        <ele>558</ele>
      </trkpt>
      <trkpt lat="45.7466163" lon="7.5185600">
        <ele>558</ele>
      </trkpt>
      <trkpt lat="45.7466265" lon="7.5186863">
        <ele>558</ele>
      </trkpt>
      <trkpt lat="45.7466412" lon="7.5187681">
        <ele>558</ele>
      </trkpt>
      <trkpt lat="45.7466513" lon="7.5188228">
        <ele>558</ele>
      </trkpt>
      <trkpt lat="45.7466595" lon="7.5188592">
        <ele>558</ele>
      </trkpt>
      <trkpt lat="45.7466625" lon="7.5188982">
        <ele>558</ele>
      </trkpt>
      <trkpt lat="45.7466545" lon="7.5189350">
        <ele>558</ele>
      </trkpt>
      <trkpt lat="45.7466478" lon="7.5189523">
        <ele>558</ele>
      </trkpt>
      <trkpt lat="45.7466244" lon="7.5189895">
        <ele>558</ele>
      </trkpt>
      <trkpt lat="45.7465873" lon="7.5190308">
        <ele>558</ele>
      </trkpt>
      <trkpt lat="45.7465530" lon="7.5190841">
        <ele>558</ele>
      </trkpt>
      <trkpt lat="45.7465121" lon="7.5191585">
        <ele>558</ele>
      </trkpt>
      <trkpt lat="45.7464830" lon="7.5192251">
        <ele>558</ele>
      </trkpt>
      <trkpt lat="45.7464625" lon="7.5192879">
        <ele>558</ele>
      </trkpt>
      <trkpt lat="45.7464419" lon="7.5193470">
        <ele>558</ele>
      </trkpt>
      <trkpt lat="45.7464346" lon="7.5193777">
        <ele>558</ele>
      </trkpt>
      <trkpt lat="45.7464333" lon="7.5194120">
        <ele>558</ele>
      </trkpt>
      <trkpt lat="45.7464363" lon="7.5194399">
        <ele>558</ele>
      </trkpt>
      <trkpt lat="45.7464528" lon="7.5194639">
        <ele>558</ele>
      </trkpt>
      <trkpt lat="45.7464777" lon="7.5194755">
        <ele>558</ele>
      </trkpt>
      <trkpt lat="45.7465102" lon="7.5194770">
        <ele>558</ele>
      </trkpt>
      <trkpt lat="45.7465520" lon="7.5194686">
        <ele>558</ele>
      </trkpt>
      <trkpt lat="45.7465972" lon="7.5194589">
        <ele>558</ele>
      </trkpt>
      <trkpt lat="45.7466628" lon="7.5194498">
        <ele>558</ele>
      </trkpt>
      <trkpt lat="45.7466927" lon="7.5194478">
        <ele>558</ele>
      </trkpt>
      <trkpt lat="45.7467445" lon="7.5194562">
        <ele>558</ele>
      </trkpt>
      <trkpt lat="45.7467592" lon="7.5194692">
        <ele>557</ele>
      </trkpt>
      <trkpt lat="45.7467786" lon="7.5195114">
        <ele>557</ele>
      </trkpt>
      <trkpt lat="45.7467888" lon="7.5195771">
        <ele>557</ele>
      </trkpt>
      <trkpt lat="45.7467996" lon="7.5196818">
        <ele>557</ele>
      </trkpt>
      <trkpt lat="45.7468123" lon="7.5197388">
        <ele>557</ele>
      </trkpt>
      <trkpt lat="45.7468382" lon="7.5198260">
        <ele>557</ele>
      </trkpt>
      <trkpt lat="45.7468756" lon="7.5199458">
        <ele>557</ele>
      </trkpt>
      <trkpt lat="45.7469034" lon="7.5200085">
        <ele>557</ele>
      </trkpt>
      <trkpt lat="45.7469288" lon="7.5201275">
        <ele>557</ele>
      </trkpt>
      <trkpt lat="45.7469525" lon="7.5202379">
        <ele>557</ele>
      </trkpt>
      <trkpt lat="45.7469659" lon="7.5203523">
        <ele>557</ele>
      </trkpt>
      <trkpt lat="45.7469755" lon="7.5205009">
        <ele>557</ele>
      </trkpt>
      <trkpt lat="45.7469888" lon="7.5206049">
        <ele>557</ele>
      </trkpt>
      <trkpt lat="45.7469987" lon="7.5207060">
        <ele>557</ele>
      </trkpt>
      <trkpt lat="45.7469876" lon="7.5208393">
        <ele>557</ele>
      </trkpt>
      <trkpt lat="45.7469695" lon="7.5210247">
        <ele>557</ele>
      </trkpt>
      <trkpt lat="45.7469454" lon="7.5211413">
        <ele>557</ele>
      </trkpt>
      <trkpt lat="45.7469420" lon="7.5213745">
        <ele>557</ele>
      </trkpt>
      <trkpt lat="45.7471984" lon="7.5214458">
        <ele>557</ele>
      </trkpt>
      <trkpt lat="45.7472225" lon="7.5215294">
        <ele>557</ele>
      </trkpt>
      <trkpt lat="45.7473975" lon="7.5215113">
        <ele>557</ele>
      </trkpt>
      <trkpt lat="45.7474037" lon="7.5216595">
        <ele>557</ele>
      </trkpt>
      <trkpt lat="45.7474196" lon="7.5218360">
        <ele>557</ele>
      </trkpt>
      <trkpt lat="45.7474384" lon="7.5219667">
        <ele>557</ele>
      </trkpt>
      <trkpt lat="45.7474522" lon="7.5220457">
        <ele>557</ele>
      </trkpt>
      <trkpt lat="45.7474694" lon="7.5223131">
        <ele>557</ele>
      </trkpt>
      <trkpt lat="45.7474797" lon="7.5224495">
        <ele>557</ele>
      </trkpt>
      <trkpt lat="45.7474997" lon="7.5225418">
        <ele>557</ele>
      </trkpt>
      <trkpt lat="45.7475448" lon="7.5226285">
        <ele>557</ele>
      </trkpt>
      <trkpt lat="45.7475831" lon="7.5226860">
        <ele>557</ele>
      </trkpt>
      <trkpt lat="45.7476074" lon="7.5227806">
        <ele>557</ele>
      </trkpt>
      <trkpt lat="45.7476198" lon="7.5228742">
        <ele>557</ele>
      </trkpt>
      <trkpt lat="45.7476309" lon="7.5230070">
        <ele>557</ele>
      </trkpt>
      <trkpt lat="45.7476383" lon="7.5231215">
        <ele>557</ele>
      </trkpt>
      <trkpt lat="45.7476576" lon="7.5232951">
        <ele>557</ele>
      </trkpt>
      <trkpt lat="45.7476335" lon="7.5233372">
        <ele>557</ele>
      </trkpt>
      <trkpt lat="45.7475755" lon="7.5234437">
        <ele>557</ele>
      </trkpt>
      <trkpt lat="45.7474312" lon="7.5237030">
        <ele>557</ele>
      </trkpt>
      <trkpt lat="45.7473151" lon="7.5239012">
        <ele>557</ele>
      </trkpt>
      <trkpt lat="45.7472607" lon="7.5239951">
        <ele>557</ele>
      </trkpt>
      <trkpt lat="45.7472290" lon="7.5240524">
        <ele>557</ele>
      </trkpt>
      <trkpt lat="45.7473655" lon="7.5241875">
        <ele>557</ele>
      </trkpt>
      <trkpt lat="45.7475817" lon="7.5243762">
        <ele>557</ele>
      </trkpt>
      <trkpt lat="45.7477865" lon="7.5244922">
        <ele>557</ele>
      </trkpt>
      <trkpt lat="45.7479593" lon="7.5247175">
        <ele>557</ele>
      </trkpt>
      <trkpt lat="45.7480771" lon="7.5247511">
        <ele>557</ele>
      </trkpt>
      <trkpt lat="45.7481974" lon="7.5249368">
        <ele>557</ele>
      </trkpt>
      <trkpt lat="45.7484424" lon="7.5254462">
        <ele>557</ele>
      </trkpt>
      <trkpt lat="45.7486762" lon="7.5258480">
        <ele>557</ele>
      </trkpt>
      <trkpt lat="45.7488108" lon="7.5261994">
        <ele>557</ele>
      </trkpt>
      <trkpt lat="45.7491348" lon="7.5267742">
        <ele>557</ele>
      </trkpt>
      <trkpt lat="45.7491556" lon="7.5268137">
        <ele>557</ele>
      </trkpt>
      <trkpt lat="45.7491651" lon="7.5268584">
        <ele>557</ele>
      </trkpt>
      <trkpt lat="45.7491632" lon="7.5269136">
        <ele>557</ele>
      </trkpt>
      <trkpt lat="45.7491488" lon="7.5269821">
        <ele>557</ele>
      </trkpt>
      <trkpt lat="45.7491104" lon="7.5270605">
        <ele>557</ele>
      </trkpt>
      <trkpt lat="45.7490704" lon="7.5270913">
        <ele>557</ele>
      </trkpt>
      <trkpt lat="45.7490258" lon="7.5271156">
        <ele>557</ele>
      </trkpt>
      <trkpt lat="45.7489906" lon="7.5271057">
        <ele>557</ele>
      </trkpt>
      <trkpt lat="45.7488908" lon="7.5270550">
        <ele>557</ele>
      </trkpt>
      <trkpt lat="45.7487858" lon="7.5269075">
        <ele>557</ele>
      </trkpt>
      <trkpt lat="45.7485296" lon="7.5265927">
        <ele>557</ele>
      </trkpt>
      <trkpt lat="45.7484270" lon="7.5264635">
        <ele>557</ele>
      </trkpt>
      <trkpt lat="45.7483854" lon="7.5264134">
        <ele>557</ele>
      </trkpt>
      <trkpt lat="45.7483465" lon="7.5263779">
        <ele>557</ele>
      </trkpt>
      <trkpt lat="45.7483055" lon="7.5263753">
        <ele>557</ele>
      </trkpt>
      <trkpt lat="45.7482647" lon="7.5263910">
        <ele>557</ele>
      </trkpt>
      <trkpt lat="45.7482218" lon="7.5264397">
        <ele>557</ele>
      </trkpt>
      <trkpt lat="45.7481999" lon="7.5265012">
        <ele>557</ele>
      </trkpt>
      <trkpt lat="45.7481920" lon="7.5265887">
        <ele>557</ele>
      </trkpt>
      <trkpt lat="45.7482099" lon="7.5266948">
        <ele>557</ele>
      </trkpt>
      <trkpt lat="45.7482633" lon="7.5268616">
        <ele>556</ele>
      </trkpt>
      <trkpt lat="45.7483089" lon="7.5270214">
        <ele>556</ele>
      </trkpt>
      <trkpt lat="45.7483499" lon="7.5272215">
        <ele>556</ele>
      </trkpt>
      <trkpt lat="45.7484362" lon="7.5275343">
        <ele>556</ele>
      </trkpt>
      <trkpt lat="45.7484882" lon="7.5278700">
        <ele>556</ele>
      </trkpt>
      <trkpt lat="45.7484918" lon="7.5279007">
        <ele>556</ele>
      </trkpt>
      <trkpt lat="45.7484819" lon="7.5279646">
        <ele>556</ele>
      </trkpt>
      <trkpt lat="45.7484646" lon="7.5280169">
        <ele>556</ele>
      </trkpt>
      <trkpt lat="45.7484515" lon="7.5280494">
        <ele>556</ele>
      </trkpt>
      <trkpt lat="45.7484282" lon="7.5280798">
        <ele>556</ele>
      </trkpt>
      <trkpt lat="45.7483969" lon="7.5280947">
        <ele>556</ele>
      </trkpt>
      <trkpt lat="45.7483539" lon="7.5281137">
        <ele>556</ele>
      </trkpt>
      <trkpt lat="45.7482866" lon="7.5281295">
        <ele>556</ele>
      </trkpt>
      <trkpt lat="45.7481786" lon="7.5281304">
        <ele>556</ele>
      </trkpt>
      <trkpt lat="45.7480875" lon="7.5281148">
        <ele>556</ele>
      </trkpt>
      <trkpt lat="45.7479929" lon="7.5281020">
        <ele>556</ele>
      </trkpt>
      <trkpt lat="45.7479432" lon="7.5280908">
        <ele>556</ele>
      </trkpt>
      <trkpt lat="45.7478983" lon="7.5280924">
        <ele>556</ele>
      </trkpt>
      <trkpt lat="45.7478670" lon="7.5281085">
        <ele>556</ele>
      </trkpt>
      <trkpt lat="45.7478448" lon="7.5281356">
        <ele>556</ele>
      </trkpt>
      <trkpt lat="45.7478276" lon="7.5281999">
        <ele>556</ele>
      </trkpt>
      <trkpt lat="45.7478203" lon="7.5283991">
        <ele>556</ele>
      </trkpt>
      <trkpt lat="45.7478168" lon="7.5286881">
        <ele>556</ele>
      </trkpt>
      <trkpt lat="45.7478080" lon="7.5288398">
        <ele>556</ele>
      </trkpt>
      <trkpt lat="45.7478163" lon="7.5289256">
        <ele>556</ele>
      </trkpt>
      <trkpt lat="45.7478333" lon="7.5289900">
        <ele>556</ele>
      </trkpt>
      <trkpt lat="45.7478619" lon="7.5290490">
        <ele>556</ele>
      </trkpt>
      <trkpt lat="45.7479131" lon="7.5291105">
        <ele>556</ele>
      </trkpt>
      <trkpt lat="45.7480280" lon="7.5292333">
        <ele>556</ele>
      </trkpt>
      <trkpt lat="45.7481240" lon="7.5293480">
        <ele>556</ele>
      </trkpt>
      <trkpt lat="45.7481858" lon="7.5294352">
        <ele>556</ele>
      </trkpt>
      <trkpt lat="45.7482408" lon="7.5295384">
        <ele>556</ele>
      </trkpt>
      <trkpt lat="45.7482866" lon="7.5296708">
        <ele>556</ele>
      </trkpt>
      <trkpt lat="45.7483127" lon="7.5297792">
        <ele>556</ele>
      </trkpt>
      <trkpt lat="45.7483222" lon="7.5298408">
        <ele>556</ele>
      </trkpt>
      <trkpt lat="45.7483255" lon="7.5299007">
        <ele>556</ele>
      </trkpt>
      <trkpt lat="45.7483175" lon="7.5299817">
        <ele>556</ele>
      </trkpt>
      <trkpt lat="45.7482967" lon="7.5300282">
        <ele>556</ele>
      </trkpt>
      <trkpt lat="45.7482756" lon="7.5300113">
        <ele>556</ele>
      </trkpt>
      <trkpt lat="45.7482393" lon="7.5299917">
        <ele>556</ele>
      </trkpt>
      <trkpt lat="45.7481523" lon="7.5299581">
        <ele>556</ele>
      </trkpt>
      <trkpt lat="45.7480265" lon="7.5299173">
        <ele>556</ele>
      </trkpt>
      <trkpt lat="45.7479930" lon="7.5299054">
        <ele>556</ele>
      </trkpt>
      <trkpt lat="45.7479339" lon="7.5298905">
        <ele>556</ele>
      </trkpt>
      <trkpt lat="45.7478637" lon="7.5298646">
        <ele>556</ele>
      </trkpt>
      <trkpt lat="45.7478082" lon="7.5298450">
        <ele>556</ele>
      </trkpt>
      <trkpt lat="45.7476888" lon="7.5298102">
        <ele>556</ele>
      </trkpt>
      <trkpt lat="45.7476171" lon="7.5297905">
        <ele>556</ele>
      </trkpt>
      <trkpt lat="45.7475264" lon="7.5297637">
        <ele>556</ele>
      </trkpt>
      <trkpt lat="45.7474992" lon="7.5297596">
        <ele>556</ele>
      </trkpt>
      <trkpt lat="45.7474225" lon="7.5297227">
        <ele>556</ele>
      </trkpt>
      <trkpt lat="45.7473628" lon="7.5297134">
        <ele>556</ele>
      </trkpt>
      <trkpt lat="45.7473070" lon="7.5297462">
        <ele>556</ele>
      </trkpt>
      <trkpt lat="45.7472630" lon="7.5297576">
        <ele>556</ele>
      </trkpt>
      <trkpt lat="45.7471965" lon="7.5297527">
        <ele>556</ele>
      </trkpt>
      <trkpt lat="45.7470893" lon="7.5297160">
        <ele>556</ele>
      </trkpt>
      <trkpt lat="45.7470418" lon="7.5297172">
        <ele>556</ele>
      </trkpt>
      <trkpt lat="45.7469742" lon="7.5297387">
        <ele>556</ele>
      </trkpt>
      <trkpt lat="45.7469463" lon="7.5297430">
        <ele>556</ele>
      </trkpt>
      <trkpt lat="45.7468897" lon="7.5297522">
        <ele>556</ele>
      </trkpt>
      <trkpt lat="45.7467859" lon="7.5297287">
        <ele>556</ele>
      </trkpt>
      <trkpt lat="45.7467368" lon="7.5297321">
        <ele>556</ele>
      </trkpt>
      <trkpt lat="45.7467064" lon="7.5297462">
        <ele>556</ele>
      </trkpt>
      <trkpt lat="45.7466569" lon="7.5297809">
        <ele>556</ele>
      </trkpt>
      <trkpt lat="45.7466001" lon="7.5298285">
        <ele>556</ele>
      </trkpt>
      <trkpt lat="45.7465322" lon="7.5298467">
        <ele>556</ele>
      </trkpt>
      <trkpt lat="45.7464825" lon="7.5298614">
        <ele>556</ele>
      </trkpt>
      <trkpt lat="45.7464415" lon="7.5298804">
        <ele>556</ele>
      </trkpt>
      <trkpt lat="45.7464122" lon="7.5298996">
        <ele>556</ele>
      </trkpt>
      <trkpt lat="45.7463715" lon="7.5299433">
        <ele>556</ele>
      </trkpt>
      <trkpt lat="45.7463325" lon="7.5300094">
        <ele>556</ele>
      </trkpt>
      <trkpt lat="45.7463035" lon="7.5300904">
        <ele>555</ele>
      </trkpt>
      <trkpt lat="45.7462868" lon="7.5301329">
        <ele>555</ele>
      </trkpt>
      <trkpt lat="45.7462473" lon="7.5301852">
        <ele>555</ele>
      </trkpt>
      <trkpt lat="45.7462030" lon="7.5302315">
        <ele>555</ele>
      </trkpt>
      <trkpt lat="45.7461658" lon="7.5302705">
        <ele>555</ele>
      </trkpt>
      <trkpt lat="45.7461572" lon="7.5303015">
        <ele>555</ele>
      </trkpt>
      <trkpt lat="45.7461558" lon="7.5303657">
        <ele>555</ele>
      </trkpt>
      <trkpt lat="45.7461250" lon="7.5304513">
        <ele>555</ele>
      </trkpt>
      <trkpt lat="45.7461735" lon="7.5305232">
        <ele>555</ele>
      </trkpt>
      <trkpt lat="45.7462420" lon="7.5306132">
        <ele>555</ele>
      </trkpt>
      <trkpt lat="45.7462913" lon="7.5306776">
        <ele>555</ele>
      </trkpt>
      <trkpt lat="45.7464483" lon="7.5308212">
        <ele>555</ele>
      </trkpt>
      <trkpt lat="45.7463883" lon="7.5309592">
        <ele>555</ele>
      </trkpt>
      <trkpt lat="45.7463225" lon="7.5310933">
        <ele>555</ele>
      </trkpt>
      <trkpt lat="45.7462534" lon="7.5312152">
        <ele>555</ele>
      </trkpt>
      <trkpt lat="45.7462160" lon="7.5312986">
        <ele>555</ele>
      </trkpt>
      <trkpt lat="45.7461315" lon="7.5315058">
        <ele>555</ele>
      </trkpt>
      <trkpt lat="45.7461189" lon="7.5315367">
        <ele>555</ele>
      </trkpt>
      <trkpt lat="45.7461059" lon="7.5315748">
        <ele>555</ele>
      </trkpt>
      <trkpt lat="45.7460901" lon="7.5316439">
        <ele>555</ele>
      </trkpt>
      <trkpt lat="45.7460843" lon="7.5316826">
        <ele>555</ele>
      </trkpt>
      <trkpt lat="45.7460857" lon="7.5317184">
        <ele>555</ele>
      </trkpt>
      <trkpt lat="45.7461056" lon="7.5318673">
        <ele>555</ele>
      </trkpt>
      <trkpt lat="45.7461131" lon="7.5319263">
        <ele>555</ele>
      </trkpt>
      <trkpt lat="45.7462065" lon="7.5325688">
        <ele>555</ele>
      </trkpt>
      <trkpt lat="45.7462213" lon="7.5326769">
        <ele>555</ele>
      </trkpt>
      <trkpt lat="45.7462394" lon="7.5328601">
        <ele>555</ele>
      </trkpt>
      <trkpt lat="45.7462397" lon="7.5329723">
        <ele>555</ele>
      </trkpt>
      <trkpt lat="45.7462313" lon="7.5330203">
        <ele>555</ele>
      </trkpt>
      <trkpt lat="45.7462196" lon="7.5330556">
        <ele>555</ele>
      </trkpt>
      <trkpt lat="45.7462007" lon="7.5330882">
        <ele>555</ele>
      </trkpt>
      <trkpt lat="45.7461676" lon="7.5331045">
        <ele>555</ele>
      </trkpt>
      <trkpt lat="45.7461295" lon="7.5331081">
        <ele>555</ele>
      </trkpt>
      <trkpt lat="45.7460559" lon="7.5331036">
        <ele>555</ele>
      </trkpt>
      <trkpt lat="45.7459655" lon="7.5330963">
        <ele>555</ele>
      </trkpt>
      <trkpt lat="45.7458991" lon="7.5330981">
        <ele>555</ele>
      </trkpt>
      <trkpt lat="45.7457835" lon="7.5331528">
        <ele>555</ele>
      </trkpt>
      <trkpt lat="45.7457427" lon="7.5332431">
        <ele>555</ele>
      </trkpt>
      <trkpt lat="45.7457507" lon="7.5333533">
        <ele>555</ele>
      </trkpt>
      <trkpt lat="45.7457474" lon="7.5334482">
        <ele>555</ele>
      </trkpt>
      <trkpt lat="45.7457309" lon="7.5335644">
        <ele>555</ele>
      </trkpt>
      <trkpt lat="45.7456719" lon="7.5337183">
        <ele>555</ele>
      </trkpt>
      <trkpt lat="45.7456028" lon="7.5338219">
        <ele>555</ele>
      </trkpt>
      <trkpt lat="45.7455276" lon="7.5339271">
        <ele>555</ele>
      </trkpt>
      <trkpt lat="45.7454156" lon="7.5340887">
        <ele>555</ele>
      </trkpt>
      <trkpt lat="45.7453237" lon="7.5342156">
        <ele>555</ele>
      </trkpt>
      <trkpt lat="45.7452301" lon="7.5342572">
        <ele>555</ele>
      </trkpt>
      <trkpt lat="45.7451641" lon="7.5343000">
        <ele>555</ele>
      </trkpt>
      <trkpt lat="45.7451181" lon="7.5343603">
        <ele>555</ele>
      </trkpt>
      <trkpt lat="45.7450587" lon="7.5344862">
        <ele>555</ele>
      </trkpt>
      <trkpt lat="45.7450156" lon="7.5346344">
        <ele>555</ele>
      </trkpt>
      <trkpt lat="45.7449684" lon="7.5348136">
        <ele>555</ele>
      </trkpt>
      <trkpt lat="45.7449208" lon="7.5349639">
        <ele>555</ele>
      </trkpt>
      <trkpt lat="45.7448775" lon="7.5350976">
        <ele>555</ele>
      </trkpt>
      <trkpt lat="45.7448601" lon="7.5351398">
        <ele>555</ele>
      </trkpt>
      <trkpt lat="45.7448342" lon="7.5352289">
        <ele>555</ele>
      </trkpt>
      <trkpt lat="45.7448128" lon="7.5353166">
        <ele>555</ele>
      </trkpt>
      <trkpt lat="45.7448043" lon="7.5353506">
        <ele>555</ele>
      </trkpt>
      <trkpt lat="45.7447915" lon="7.5354056">
        <ele>555</ele>
      </trkpt>
      <trkpt lat="45.7447062" lon="7.5354219">
        <ele>555</ele>
      </trkpt>
      <trkpt lat="45.7447030" lon="7.5355244">
        <ele>555</ele>
      </trkpt>
      <trkpt lat="45.7447048" lon="7.5356617">
        <ele>555</ele>
      </trkpt>
      <trkpt lat="45.7447502" lon="7.5360474">
        <ele>555</ele>
      </trkpt>
      <trkpt lat="45.7447801" lon="7.5362728">
        <ele>555</ele>
      </trkpt>
      <trkpt lat="45.7447815" lon="7.5363816">
        <ele>555</ele>
      </trkpt>
      <trkpt lat="45.7447744" lon="7.5365345">
        <ele>555</ele>
      </trkpt>
      <trkpt lat="45.7447166" lon="7.5369381">
        <ele>555</ele>
      </trkpt>
      <trkpt lat="45.7446924" lon="7.5371573">
        <ele>555</ele>
      </trkpt>
      <trkpt lat="45.7446854" lon="7.5373089">
        <ele>555</ele>
      </trkpt>
      <trkpt lat="45.7446859" lon="7.5373491">
        <ele>555</ele>
      </trkpt>
      <trkpt lat="45.7447060" lon="7.5375160">
        <ele>555</ele>
      </trkpt>
      <trkpt lat="45.7447450" lon="7.5376637">
        <ele>554</ele>
      </trkpt>
      <trkpt lat="45.7447683" lon="7.5377311">
        <ele>554</ele>
      </trkpt>
      <trkpt lat="45.7448019" lon="7.5377670">
        <ele>554</ele>
      </trkpt>
      <trkpt lat="45.7448422" lon="7.5378165">
        <ele>554</ele>
      </trkpt>
      <trkpt lat="45.7448837" lon="7.5378481">
        <ele>554</ele>
      </trkpt>
      <trkpt lat="45.7449335" lon="7.5378565">
        <ele>554</ele>
      </trkpt>
      <trkpt lat="45.7449858" lon="7.5378654">
        <ele>554</ele>
      </trkpt>
      <trkpt lat="45.7450481" lon="7.5379080">
        <ele>554</ele>
      </trkpt>
      <trkpt lat="45.7450965" lon="7.5379645">
        <ele>554</ele>
      </trkpt>
      <trkpt lat="45.7451484" lon="7.5380451">
        <ele>554</ele>
      </trkpt>
      <trkpt lat="45.7451962" lon="7.5381934">
        <ele>554</ele>
      </trkpt>
      <trkpt lat="45.7452440" lon="7.5384152">
        <ele>554</ele>
      </trkpt>
      <trkpt lat="45.7452658" lon="7.5384980">
        <ele>554</ele>
      </trkpt>
      <trkpt lat="45.7453065" lon="7.5386366">
        <ele>554</ele>
      </trkpt>
      <trkpt lat="45.7453194" lon="7.5386759">
        <ele>554</ele>
      </trkpt>
      <trkpt lat="45.7454117" lon="7.5389089">
        <ele>554</ele>
      </trkpt>
      <trkpt lat="45.7454665" lon="7.5390426">
        <ele>554</ele>
      </trkpt>
      <trkpt lat="45.7454716" lon="7.5390939">
        <ele>554</ele>
      </trkpt>
      <trkpt lat="45.7454546" lon="7.5391755">
        <ele>554</ele>
      </trkpt>
      <trkpt lat="45.7453884" lon="7.5393351">
        <ele>554</ele>
      </trkpt>
      <trkpt lat="45.7453053" lon="7.5395010">
        <ele>554</ele>
      </trkpt>
      <trkpt lat="45.7452853" lon="7.5395528">
        <ele>554</ele>
      </trkpt>
      <trkpt lat="45.7452735" lon="7.5396148">
        <ele>554</ele>
      </trkpt>
      <trkpt lat="45.7452702" lon="7.5397574">
        <ele>554</ele>
      </trkpt>
      <trkpt lat="45.7452786" lon="7.5400107">
        <ele>554</ele>
      </trkpt>
      <trkpt lat="45.7452917" lon="7.5401894">
        <ele>554</ele>
      </trkpt>
      <trkpt lat="45.7453121" lon="7.5403587">
        <ele>554</ele>
      </trkpt>
      <trkpt lat="45.7453273" lon="7.5404896">
        <ele>554</ele>
      </trkpt>
      <trkpt lat="45.7453391" lon="7.5406684">
        <ele>554</ele>
      </trkpt>
      <trkpt lat="45.7453302" lon="7.5407418">
        <ele>554</ele>
      </trkpt>
      <trkpt lat="45.7453113" lon="7.5408116">
        <ele>554</ele>
      </trkpt>
      <trkpt lat="45.7452909" lon="7.5408636">
        <ele>554</ele>
      </trkpt>
      <trkpt lat="45.7452047" lon="7.5409709">
        <ele>554</ele>
      </trkpt>
      <trkpt lat="45.7451417" lon="7.5410259">
        <ele>554</ele>
      </trkpt>
      <trkpt lat="45.7451010" lon="7.5410751">
        <ele>554</ele>
      </trkpt>
      <trkpt lat="45.7450546" lon="7.5411726">
        <ele>554</ele>
      </trkpt>
      <trkpt lat="45.7449948" lon="7.5413353">
        <ele>554</ele>
      </trkpt>
      <trkpt lat="45.7449373" lon="7.5415277">
        <ele>554</ele>
      </trkpt>
      <trkpt lat="45.7449217" lon="7.5416275">
        <ele>554</ele>
      </trkpt>
      <trkpt lat="45.7449097" lon="7.5418321">
        <ele>554</ele>
      </trkpt>
      <trkpt lat="45.7449071" lon="7.5419808">
        <ele>554</ele>
      </trkpt>
      <trkpt lat="45.7449089" lon="7.5421405">
        <ele>554</ele>
      </trkpt>
      <trkpt lat="45.7449205" lon="7.5422693">
        <ele>554</ele>
      </trkpt>
      <trkpt lat="45.7449437" lon="7.5423832">
        <ele>554</ele>
      </trkpt>
      <trkpt lat="45.7449678" lon="7.5425075">
        <ele>554</ele>
      </trkpt>
      <trkpt lat="45.7450003" lon="7.5426112">
        <ele>554</ele>
      </trkpt>
      <trkpt lat="45.7450328" lon="7.5426661">
        <ele>554</ele>
      </trkpt>
      <trkpt lat="45.7450876" lon="7.5427273">
        <ele>554</ele>
      </trkpt>
      <trkpt lat="45.7451786" lon="7.5428013">
        <ele>554</ele>
      </trkpt>
      <trkpt lat="45.7452382" lon="7.5428885">
        <ele>554</ele>
      </trkpt>
      <trkpt lat="45.7452663" lon="7.5429758">
        <ele>554</ele>
      </trkpt>
      <trkpt lat="45.7452673" lon="7.5430569">
        <ele>554</ele>
      </trkpt>
      <trkpt lat="45.7452501" lon="7.5431168">
        <ele>554</ele>
      </trkpt>
      <trkpt lat="45.7452089" lon="7.5431803">
        <ele>554</ele>
      </trkpt>
      <trkpt lat="45.7451436" lon="7.5432357">
        <ele>554</ele>
      </trkpt>
      <trkpt lat="45.7450605" lon="7.5433139">
        <ele>554</ele>
      </trkpt>
      <trkpt lat="45.7449912" lon="7.5433559">
        <ele>554</ele>
      </trkpt>
      <trkpt lat="45.7449468" lon="7.5434045">
        <ele>554</ele>
      </trkpt>
      <trkpt lat="45.7449187" lon="7.5434491">
        <ele>554</ele>
      </trkpt>
      <trkpt lat="45.7448956" lon="7.5435462">
        <ele>554</ele>
      </trkpt>
      <trkpt lat="45.7448921" lon="7.5437605">
        <ele>554</ele>
      </trkpt>
      <trkpt lat="45.7449018" lon="7.5439656">
        <ele>554</ele>
      </trkpt>
      <trkpt lat="45.7449126" lon="7.5441040">
        <ele>554</ele>
      </trkpt>
      <trkpt lat="45.7449224" lon="7.5442421">
        <ele>554</ele>
      </trkpt>
      <trkpt lat="45.7449019" lon="7.5443957">
        <ele>554</ele>
      </trkpt>
      <trkpt lat="45.7448590" lon="7.5445640">
        <ele>554</ele>
      </trkpt>
      <trkpt lat="45.7448382" lon="7.5446975">
        <ele>554</ele>
      </trkpt>
      <trkpt lat="45.7448396" lon="7.5448047">
        <ele>554</ele>
      </trkpt>
      <trkpt lat="45.7448612" lon="7.5451299">
        <ele>554</ele>
      </trkpt>
      <trkpt lat="45.7448709" lon="7.5452567">
        <ele>554</ele>
      </trkpt>
      <trkpt lat="45.7448914" lon="7.5453483">
        <ele>554</ele>
      </trkpt>
      <trkpt lat="45.7448626" lon="7.5453814">
        <ele>553</ele>
      </trkpt>
      <trkpt lat="45.7448430" lon="7.5454261">
        <ele>553</ele>
      </trkpt>
      <trkpt lat="45.7447964" lon="7.5456543">
        <ele>553</ele>
      </trkpt>
      <trkpt lat="45.7447692" lon="7.5458120">
        <ele>553</ele>
      </trkpt>
      <trkpt lat="45.7447534" lon="7.5459774">
        <ele>553</ele>
      </trkpt>
      <trkpt lat="45.7447570" lon="7.5460928">
        <ele>553</ele>
      </trkpt>
      <trkpt lat="45.7447436" lon="7.5464496">
        <ele>553</ele>
      </trkpt>
      <trkpt lat="45.7447549" lon="7.5466377">
        <ele>553</ele>
      </trkpt>
      <trkpt lat="45.7447931" lon="7.5468085">
        <ele>553</ele>
      </trkpt>
      <trkpt lat="45.7448055" lon="7.5468978">
        <ele>553</ele>
      </trkpt>
      <trkpt lat="45.7448044" lon="7.5469866">
        <ele>553</ele>
      </trkpt>
      <trkpt lat="45.7447832" lon="7.5470880">
        <ele>553</ele>
      </trkpt>
      <trkpt lat="45.7447571" lon="7.5471642">
        <ele>553</ele>
      </trkpt>
      <trkpt lat="45.7447058" lon="7.5473748">
        <ele>553</ele>
      </trkpt>
      <trkpt lat="45.7446896" lon="7.5474840">
        <ele>553</ele>
      </trkpt>
      <trkpt lat="45.7446911" lon="7.5476701">
        <ele>553</ele>
      </trkpt>
      <trkpt lat="45.7447162" lon="7.5478810">
        <ele>553</ele>
      </trkpt>
      <trkpt lat="45.7447494" lon="7.5480138">
        <ele>553</ele>
      </trkpt>
      <trkpt lat="45.7447681" lon="7.5480748">
        <ele>553</ele>
      </trkpt>
      <trkpt lat="45.7448292" lon="7.5482777">
        <ele>553</ele>
      </trkpt>
      <trkpt lat="45.7448669" lon="7.5484121">
        <ele>553</ele>
      </trkpt>
      <trkpt lat="45.7448785" lon="7.5484686">
        <ele>553</ele>
      </trkpt>
      <trkpt lat="45.7448811" lon="7.5485318">
        <ele>553</ele>
      </trkpt>
      <trkpt lat="45.7448736" lon="7.5485922">
        <ele>553</ele>
      </trkpt>
      <trkpt lat="45.7448428" lon="7.5486748">
        <ele>553</ele>
      </trkpt>
      <trkpt lat="45.7448093" lon="7.5487227">
        <ele>553</ele>
      </trkpt>
      <trkpt lat="45.7447011" lon="7.5488973">
        <ele>553</ele>
      </trkpt>
      <trkpt lat="45.7446715" lon="7.5489418">
        <ele>553</ele>
      </trkpt>
      <trkpt lat="45.7446582" lon="7.5489616">
        <ele>553</ele>
      </trkpt>
      <trkpt lat="45.7446097" lon="7.5490324">
        <ele>553</ele>
      </trkpt>
      <trkpt lat="45.7446010" lon="7.5490456">
        <ele>553</ele>
      </trkpt>
      <trkpt lat="45.7445709" lon="7.5490843">
        <ele>553</ele>
      </trkpt>
      <trkpt lat="45.7445455" lon="7.5491213">
        <ele>553</ele>
      </trkpt>
      <trkpt lat="45.7445167" lon="7.5491444">
        <ele>553</ele>
      </trkpt>
      <trkpt lat="45.7444969" lon="7.5491584">
        <ele>553</ele>
      </trkpt>
      <trkpt lat="45.7444677" lon="7.5491621">
        <ele>553</ele>
      </trkpt>
      <trkpt lat="45.7444501" lon="7.5491517">
        <ele>553</ele>
      </trkpt>
      <trkpt lat="45.7444486" lon="7.5492535">
        <ele>553</ele>
      </trkpt>
      <trkpt lat="45.7444789" lon="7.5494159">
        <ele>553</ele>
      </trkpt>
      <trkpt lat="45.7445157" lon="7.5495946">
        <ele>553</ele>
      </trkpt>
      <trkpt lat="45.7445010" lon="7.5498750">
        <ele>553</ele>
      </trkpt>
      <trkpt lat="45.7444880" lon="7.5501242">
        <ele>553</ele>
      </trkpt>
      <trkpt lat="45.7444798" lon="7.5502926">
        <ele>553</ele>
      </trkpt>
      <trkpt lat="45.7445139" lon="7.5508121">
        <ele>553</ele>
      </trkpt>
      <trkpt lat="45.7445224" lon="7.5509267">
        <ele>553</ele>
      </trkpt>
      <trkpt lat="45.7445363" lon="7.5510650">
        <ele>553</ele>
      </trkpt>
      <trkpt lat="45.7445373" lon="7.5510771">
        <ele>553</ele>
      </trkpt>
      <trkpt lat="45.7445447" lon="7.5512029">
        <ele>553</ele>
      </trkpt>
      <trkpt lat="45.7445507" lon="7.5515762">
        <ele>553</ele>
      </trkpt>
      <trkpt lat="45.7445594" lon="7.5517635">
        <ele>553</ele>
      </trkpt>
      <trkpt lat="45.7445977" lon="7.5519844">
        <ele>553</ele>
      </trkpt>
      <trkpt lat="45.7446622" lon="7.5524298">
        <ele>553</ele>
      </trkpt>
      <trkpt lat="45.7446687" lon="7.5524804">
        <ele>553</ele>
      </trkpt>
      <trkpt lat="45.7446686" lon="7.5525892">
        <ele>553</ele>
      </trkpt>
      <trkpt lat="45.7446681" lon="7.5526800">
        <ele>553</ele>
      </trkpt>
      <trkpt lat="45.7446613" lon="7.5527832">
        <ele>553</ele>
      </trkpt>
      <trkpt lat="45.7445816" lon="7.5532327">
        <ele>553</ele>
      </trkpt>
      <trkpt lat="45.7445528" lon="7.5534070">
        <ele>553</ele>
      </trkpt>
      <trkpt lat="45.7445237" lon="7.5535958">
        <ele>553</ele>
      </trkpt>
      <trkpt lat="45.7444815" lon="7.5538977">
        <ele>553</ele>
      </trkpt>
      <trkpt lat="45.7444774" lon="7.5542052">
        <ele>553</ele>
      </trkpt>
      <trkpt lat="45.7444899" lon="7.5544776">
        <ele>553</ele>
      </trkpt>
      <trkpt lat="45.7444887" lon="7.5548385">
        <ele>553</ele>
      </trkpt>
      <trkpt lat="45.7444864" lon="7.5549426">
        <ele>553</ele>
      </trkpt>
      <trkpt lat="45.7444856" lon="7.5552720">
        <ele>553</ele>
      </trkpt>
      <trkpt lat="45.7444917" lon="7.5555293">
        <ele>553</ele>
      </trkpt>
      <trkpt lat="45.7444915" lon="7.5556754">
        <ele>553</ele>
      </trkpt>
      <trkpt lat="45.7444903" lon="7.5558869">
        <ele>553</ele>
      </trkpt>
      <trkpt lat="45.7444865" lon="7.5560083">
        <ele>553</ele>
      </trkpt>
      <trkpt lat="45.7444893" lon="7.5562073">
        <ele>553</ele>
      </trkpt>
      <trkpt lat="45.7444883" lon="7.5568422">
        <ele>553</ele>
      </trkpt>
      <trkpt lat="45.7444814" lon="7.5570936">
        <ele>552</ele>
      </trkpt>
      <trkpt lat="45.7444819" lon="7.5571334">
        <ele>552</ele>
      </trkpt>
      <trkpt lat="45.7444881" lon="7.5575420">
        <ele>552</ele>
      </trkpt>
      <trkpt lat="45.7444901" lon="7.5576954">
        <ele>552</ele>
      </trkpt>
      <trkpt lat="45.7445003" lon="7.5577916">
        <ele>552</ele>
      </trkpt>
      <trkpt lat="45.7445305" lon="7.5579233">
        <ele>552</ele>
      </trkpt>
      <trkpt lat="45.7445753" lon="7.5580287">
        <ele>552</ele>
      </trkpt>
      <trkpt lat="45.7446390" lon="7.5580857">
        <ele>552</ele>
      </trkpt>
      <trkpt lat="45.7447214" lon="7.5581944">
        <ele>552</ele>
      </trkpt>
      <trkpt lat="45.7448101" lon="7.5583551">
        <ele>552</ele>
      </trkpt>
      <trkpt lat="45.7448991" lon="7.5585117">
        <ele>552</ele>
      </trkpt>
      <trkpt lat="45.7449401" lon="7.5586246">
        <ele>552</ele>
      </trkpt>
      <trkpt lat="45.7449614" lon="7.5586691">
        <ele>552</ele>
      </trkpt>
      <trkpt lat="45.7449751" lon="7.5587700">
        <ele>552</ele>
      </trkpt>
      <trkpt lat="45.7449785" lon="7.5589579">
        <ele>552</ele>
      </trkpt>
      <trkpt lat="45.7449857" lon="7.5591490">
        <ele>552</ele>
      </trkpt>
      <trkpt lat="45.7450470" lon="7.5593924">
        <ele>552</ele>
      </trkpt>
      <trkpt lat="45.7450847" lon="7.5595265">
        <ele>552</ele>
      </trkpt>
      <trkpt lat="45.7451513" lon="7.5598096">
        <ele>552</ele>
      </trkpt>
      <trkpt lat="45.7451841" lon="7.5599132">
        <ele>552</ele>
      </trkpt>
      <trkpt lat="45.7452503" lon="7.5600994">
        <ele>552</ele>
      </trkpt>
      <trkpt lat="45.7453003" lon="7.5602099">
        <ele>552</ele>
      </trkpt>
      <trkpt lat="45.7453287" lon="7.5603233">
        <ele>552</ele>
      </trkpt>
      <trkpt lat="45.7453458" lon="7.5606040">
        <ele>552</ele>
      </trkpt>
      <trkpt lat="45.7453623" lon="7.5608450">
        <ele>552</ele>
      </trkpt>
      <trkpt lat="45.7453569" lon="7.5610676">
        <ele>552</ele>
      </trkpt>
      <trkpt lat="45.7453581" lon="7.5612208">
        <ele>552</ele>
      </trkpt>
      <trkpt lat="45.7453510" lon="7.5613752">
        <ele>552</ele>
      </trkpt>
      <trkpt lat="45.7453302" lon="7.5615067">
        <ele>552</ele>
      </trkpt>
      <trkpt lat="45.7452915" lon="7.5616543">
        <ele>552</ele>
      </trkpt>
      <trkpt lat="45.7452703" lon="7.5617589">
        <ele>552</ele>
      </trkpt>
      <trkpt lat="45.7452677" lon="7.5618337">
        <ele>552</ele>
      </trkpt>
      <trkpt lat="45.7452864" lon="7.5619622">
        <ele>552</ele>
      </trkpt>
      <trkpt lat="45.7453258" lon="7.5622299">
        <ele>552</ele>
      </trkpt>
      <trkpt lat="45.7453360" lon="7.5623289">
        <ele>552</ele>
      </trkpt>
      <trkpt lat="45.7453807" lon="7.5626652">
        <ele>552</ele>
      </trkpt>
      <trkpt lat="45.7453952" lon="7.5627407">
        <ele>552</ele>
      </trkpt>
      <trkpt lat="45.7454335" lon="7.5629205">
        <ele>552</ele>
      </trkpt>
      <trkpt lat="45.7454756" lon="7.5630540">
        <ele>552</ele>
      </trkpt>
      <trkpt lat="45.7455171" lon="7.5631313">
        <ele>552</ele>
      </trkpt>
      <trkpt lat="45.7456003" lon="7.5633063">
        <ele>552</ele>
      </trkpt>
      <trkpt lat="45.7457021" lon="7.5635271">
        <ele>552</ele>
      </trkpt>
      <trkpt lat="45.7458503" lon="7.5638591">
        <ele>552</ele>
      </trkpt>
      <trkpt lat="45.7459243" lon="7.5640171">
        <ele>552</ele>
      </trkpt>
      <trkpt lat="45.7460027" lon="7.5641718">
        <ele>552</ele>
      </trkpt>
      <trkpt lat="45.7461069" lon="7.5643669">
        <ele>552</ele>
      </trkpt>
      <trkpt lat="45.7461456" lon="7.5644393">
        <ele>552</ele>
      </trkpt>
      <trkpt lat="45.7462246" lon="7.5646357">
        <ele>552</ele>
      </trkpt>
      <trkpt lat="45.7462855" lon="7.5648310">
        <ele>552</ele>
      </trkpt>
      <trkpt lat="45.7463091" lon="7.5649164">
        <ele>552</ele>
      </trkpt>
      <trkpt lat="45.7463799" lon="7.5651749">
        <ele>552</ele>
      </trkpt>
      <trkpt lat="45.7463994" lon="7.5652985">
        <ele>552</ele>
      </trkpt>
      <trkpt lat="45.7464062" lon="7.5654812">
        <ele>552</ele>
      </trkpt>
      <trkpt lat="45.7464081" lon="7.5656294">
        <ele>552</ele>
      </trkpt>
      <trkpt lat="45.7464085" lon="7.5657394">
        <ele>552</ele>
      </trkpt>
      <trkpt lat="45.7464483" lon="7.5659053">
        <ele>552</ele>
      </trkpt>
      <trkpt lat="45.7464646" lon="7.5659858">
        <ele>552</ele>
      </trkpt>
      <trkpt lat="45.7464801" lon="7.5660580">
        <ele>552</ele>
      </trkpt>
      <trkpt lat="45.7464922" lon="7.5660813">
        <ele>552</ele>
      </trkpt>
      <trkpt lat="45.7465265" lon="7.5660804">
        <ele>552</ele>
      </trkpt>
      <trkpt lat="45.7465676" lon="7.5661519">
        <ele>552</ele>
      </trkpt>
      <trkpt lat="45.7466001" lon="7.5662282">
        <ele>552</ele>
      </trkpt>
      <trkpt lat="45.7466194" lon="7.5663310">
        <ele>552</ele>
      </trkpt>
      <trkpt lat="45.7466295" lon="7.5664231">
        <ele>552</ele>
      </trkpt>
      <trkpt lat="45.7466264" lon="7.5665313">
        <ele>552</ele>
      </trkpt>
      <trkpt lat="45.7466147" lon="7.5666762">
        <ele>552</ele>
      </trkpt>
      <trkpt lat="45.7465948" lon="7.5668824">
        <ele>552</ele>
      </trkpt>
      <trkpt lat="45.7465889" lon="7.5669510">
        <ele>552</ele>
      </trkpt>
      <trkpt lat="45.7465908" lon="7.5670706">
        <ele>552</ele>
      </trkpt>
      <trkpt lat="45.7466206" lon="7.5673022">
        <ele>552</ele>
      </trkpt>
      <trkpt lat="45.7466589" lon="7.5673455">
        <ele>552</ele>
      </trkpt>
      <trkpt lat="45.7467009" lon="7.5674664">
        <ele>551</ele>
      </trkpt>
      <trkpt lat="45.7467218" lon="7.5675532">
        <ele>551</ele>
      </trkpt>
      <trkpt lat="45.7467279" lon="7.5676040">
        <ele>551</ele>
      </trkpt>
      <trkpt lat="45.7466580" lon="7.5678099">
        <ele>551</ele>
      </trkpt>
      <trkpt lat="45.7466648" lon="7.5679148">
        <ele>551</ele>
      </trkpt>
      <trkpt lat="45.7466664" lon="7.5680385">
        <ele>551</ele>
      </trkpt>
      <trkpt lat="45.7466778" lon="7.5681726">
        <ele>551</ele>
      </trkpt>
      <trkpt lat="45.7466964" lon="7.5683296">
        <ele>551</ele>
      </trkpt>
      <trkpt lat="45.7467231" lon="7.5684324">
        <ele>551</ele>
      </trkpt>
      <trkpt lat="45.7467745" lon="7.5686995">
        <ele>551</ele>
      </trkpt>
      <trkpt lat="45.7468101" lon="7.5689536">
        <ele>551</ele>
      </trkpt>
      <trkpt lat="45.7468685" lon="7.5692002">
        <ele>551</ele>
      </trkpt>
      <trkpt lat="45.7468993" lon="7.5693469">
        <ele>551</ele>
      </trkpt>
      <trkpt lat="45.7469175" lon="7.5694106">
        <ele>551</ele>
      </trkpt>
      <trkpt lat="45.7470711" lon="7.5696214">
        <ele>551</ele>
      </trkpt>
      <trkpt lat="45.7471222" lon="7.5697158">
        <ele>551</ele>
      </trkpt>
      <trkpt lat="45.7472103" lon="7.5698679">
        <ele>551</ele>
      </trkpt>
      <trkpt lat="45.7472657" lon="7.5699565">
        <ele>551</ele>
      </trkpt>
      <trkpt lat="45.7473344" lon="7.5700903">
        <ele>551</ele>
      </trkpt>
      <trkpt lat="45.7473642" lon="7.5701432">
        <ele>551</ele>
      </trkpt>
      <trkpt lat="45.7473846" lon="7.5702123">
        <ele>551</ele>
      </trkpt>
      <trkpt lat="45.7473898" lon="7.5702975">
        <ele>551</ele>
      </trkpt>
      <trkpt lat="45.7473918" lon="7.5703839">
        <ele>551</ele>
      </trkpt>
      <trkpt lat="45.7473964" lon="7.5704375">
        <ele>551</ele>
      </trkpt>
      <trkpt lat="45.7474103" lon="7.5704646">
        <ele>551</ele>
      </trkpt>
      <trkpt lat="45.7474262" lon="7.5704773">
        <ele>551</ele>
      </trkpt>
      <trkpt lat="45.7474516" lon="7.5704742">
        <ele>551</ele>
      </trkpt>
      <trkpt lat="45.7474555" lon="7.5704435">
        <ele>551</ele>
      </trkpt>
      <trkpt lat="45.7475144" lon="7.5705276">
        <ele>551</ele>
      </trkpt>
      <trkpt lat="45.7475288" lon="7.5706997">
        <ele>551</ele>
      </trkpt>
      <trkpt lat="45.7475151" lon="7.5709680">
        <ele>551</ele>
      </trkpt>
      <trkpt lat="45.7474802" lon="7.5713652">
        <ele>551</ele>
      </trkpt>
      <trkpt lat="45.7474282" lon="7.5714500">
        <ele>551</ele>
      </trkpt>
      <trkpt lat="45.7472837" lon="7.5719433">
        <ele>551</ele>
      </trkpt>
      <trkpt lat="45.7472992" lon="7.5721810">
        <ele>551</ele>
      </trkpt>
      <trkpt lat="45.7473482" lon="7.5724900">
        <ele>551</ele>
      </trkpt>
      <trkpt lat="45.7473102" lon="7.5727741">
        <ele>551</ele>
      </trkpt>
      <trkpt lat="45.7474252" lon="7.5730640">
        <ele>551</ele>
      </trkpt>
      <trkpt lat="45.7474352" lon="7.5731731">
        <ele>551</ele>
      </trkpt>
      <trkpt lat="45.7474353" lon="7.5735105">
        <ele>551</ele>
      </trkpt>
      <trkpt lat="45.7473472" lon="7.5737867">
        <ele>551</ele>
      </trkpt>
      <trkpt lat="45.7472125" lon="7.5740446">
        <ele>551</ele>
      </trkpt>
      <trkpt lat="45.7471411" lon="7.5741958">
        <ele>551</ele>
      </trkpt>
      <trkpt lat="45.7471184" lon="7.5742440">
        <ele>551</ele>
      </trkpt>
      <trkpt lat="45.7469747" lon="7.5744149">
        <ele>551</ele>
      </trkpt>
      <trkpt lat="45.7469030" lon="7.5747717">
        <ele>551</ele>
      </trkpt>
      <trkpt lat="45.7468369" lon="7.5750053">
        <ele>551</ele>
      </trkpt>
      <trkpt lat="45.7467908" lon="7.5751570">
        <ele>551</ele>
      </trkpt>
      <trkpt lat="45.7467575" lon="7.5752269">
        <ele>551</ele>
      </trkpt>
      <trkpt lat="45.7467206" lon="7.5753212">
        <ele>551</ele>
      </trkpt>
      <trkpt lat="45.7466664" lon="7.5755352">
        <ele>551</ele>
      </trkpt>
      <trkpt lat="45.7466884" lon="7.5757345">
        <ele>551</ele>
      </trkpt>
      <trkpt lat="45.7466849" lon="7.5758024">
        <ele>551</ele>
      </trkpt>
      <trkpt lat="45.7466932" lon="7.5759008">
        <ele>551</ele>
      </trkpt>
      <trkpt lat="45.7466890" lon="7.5759573">
        <ele>551</ele>
      </trkpt>
      <trkpt lat="45.7466829" lon="7.5760176">
        <ele>551</ele>
      </trkpt>
      <trkpt lat="45.7466825" lon="7.5761586">
        <ele>551</ele>
      </trkpt>
      <trkpt lat="45.7467010" lon="7.5762728">
        <ele>551</ele>
      </trkpt>
      <trkpt lat="45.7467155" lon="7.5763707">
        <ele>551</ele>
      </trkpt>
      <trkpt lat="45.7467765" lon="7.5765998">
        <ele>551</ele>
      </trkpt>
      <trkpt lat="45.7467831" lon="7.5767180">
        <ele>551</ele>
      </trkpt>
      <trkpt lat="45.7467867" lon="7.5768009">
        <ele>551</ele>
      </trkpt>
      <trkpt lat="45.7467688" lon="7.5769423">
        <ele>551</ele>
      </trkpt>
      <trkpt lat="45.7467164" lon="7.5771292">
        <ele>551</ele>
      </trkpt>
      <trkpt lat="45.7466698" lon="7.5772292">
        <ele>551</ele>
      </trkpt>
      <trkpt lat="45.7466510" lon="7.5772974">
        <ele>551</ele>
      </trkpt>
      <trkpt lat="45.7466355" lon="7.5773589">
        <ele>551</ele>
      </trkpt>
      <trkpt lat="45.7466305" lon="7.5774993">
        <ele>551</ele>
      </trkpt>
      <trkpt lat="45.7466381" lon="7.5776297">
        <ele>551</ele>
      </trkpt>
      <trkpt lat="45.7466207" lon="7.5778169">
        <ele>551</ele>
      </trkpt>
      <trkpt lat="45.7466190" lon="7.5779561">
        <ele>550</ele>
      </trkpt>
      <trkpt lat="45.7466330" lon="7.5780485">
        <ele>550</ele>
      </trkpt>
      <trkpt lat="45.7466461" lon="7.5781409">
        <ele>550</ele>
      </trkpt>
      <trkpt lat="45.7466370" lon="7.5783004">
        <ele>550</ele>
      </trkpt>
      <trkpt lat="45.7466125" lon="7.5784634">
        <ele>550</ele>
      </trkpt>
      <trkpt lat="45.7465845" lon="7.5786856">
        <ele>550</ele>
      </trkpt>
      <trkpt lat="45.7465445" lon="7.5788306">
        <ele>550</ele>
      </trkpt>
      <trkpt lat="45.7464924" lon="7.5789381">
        <ele>550</ele>
      </trkpt>
      <trkpt lat="45.7464117" lon="7.5791187">
        <ele>550</ele>
      </trkpt>
      <trkpt lat="45.7464978" lon="7.5791632">
        <ele>550</ele>
      </trkpt>
      <trkpt lat="45.7465410" lon="7.5792036">
        <ele>550</ele>
      </trkpt>
      <trkpt lat="45.7465767" lon="7.5792539">
        <ele>550</ele>
      </trkpt>
      <trkpt lat="45.7465925" lon="7.5792901">
        <ele>550</ele>
      </trkpt>
      <trkpt lat="45.7466145" lon="7.5794080">
        <ele>550</ele>
      </trkpt>
      <trkpt lat="45.7466271" lon="7.5794577">
        <ele>550</ele>
      </trkpt>
      <trkpt lat="45.7466655" lon="7.5795299">
        <ele>550</ele>
      </trkpt>
      <trkpt lat="45.7466978" lon="7.5795779">
        <ele>550</ele>
      </trkpt>
      <trkpt lat="45.7467072" lon="7.5796473">
        <ele>550</ele>
      </trkpt>
      <trkpt lat="45.7467052" lon="7.5797608">
        <ele>550</ele>
      </trkpt>
      <trkpt lat="45.7467045" lon="7.5798475">
        <ele>550</ele>
      </trkpt>
      <trkpt lat="45.7467189" lon="7.5799765">
        <ele>550</ele>
      </trkpt>
      <trkpt lat="45.7467338" lon="7.5800725">
        <ele>550</ele>
      </trkpt>
      <trkpt lat="45.7467487" lon="7.5801734">
        <ele>550</ele>
      </trkpt>
      <trkpt lat="45.7467765" lon="7.5802740">
        <ele>550</ele>
      </trkpt>
      <trkpt lat="45.7468096" lon="7.5803940">
        <ele>550</ele>
      </trkpt>
      <trkpt lat="45.7468530" lon="7.5804820">
        <ele>550</ele>
      </trkpt>
      <trkpt lat="45.7468601" lon="7.5805087">
        <ele>550</ele>
      </trkpt>
      <trkpt lat="45.7468538" lon="7.5805516">
        <ele>550</ele>
      </trkpt>
      <trkpt lat="45.7468082" lon="7.5807321">
        <ele>550</ele>
      </trkpt>
      <trkpt lat="45.7467654" lon="7.5809316">
        <ele>550</ele>
      </trkpt>
      <trkpt lat="45.7467536" lon="7.5810075">
        <ele>550</ele>
      </trkpt>
      <trkpt lat="45.7466810" lon="7.5811168">
        <ele>550</ele>
      </trkpt>
      <trkpt lat="45.7466565" lon="7.5812114">
        <ele>550</ele>
      </trkpt>
      <trkpt lat="45.7466463" lon="7.5813471">
        <ele>550</ele>
      </trkpt>
      <trkpt lat="45.7466428" lon="7.5814131">
        <ele>550</ele>
      </trkpt>
      <trkpt lat="45.7466371" lon="7.5815035">
        <ele>550</ele>
      </trkpt>
      <trkpt lat="45.7466217" lon="7.5815674">
        <ele>550</ele>
      </trkpt>
      <trkpt lat="45.7465988" lon="7.5816571">
        <ele>550</ele>
      </trkpt>
      <trkpt lat="45.7465829" lon="7.5817515">
        <ele>550</ele>
      </trkpt>
      <trkpt lat="45.7465915" lon="7.5818232">
        <ele>550</ele>
      </trkpt>
      <trkpt lat="45.7466356" lon="7.5820015">
        <ele>550</ele>
      </trkpt>
      <trkpt lat="45.7466367" lon="7.5820943">
        <ele>550</ele>
      </trkpt>
      <trkpt lat="45.7466253" lon="7.5822020">
        <ele>550</ele>
      </trkpt>
      <trkpt lat="45.7466119" lon="7.5822938">
        <ele>550</ele>
      </trkpt>
      <trkpt lat="45.7466027" lon="7.5823795">
        <ele>550</ele>
      </trkpt>
      <trkpt lat="45.7466060" lon="7.5824404">
        <ele>550</ele>
      </trkpt>
      <trkpt lat="45.7466264" lon="7.5826419">
        <ele>550</ele>
      </trkpt>
      <trkpt lat="45.7465985" lon="7.5827305">
        <ele>550</ele>
      </trkpt>
      <trkpt lat="45.7465592" lon="7.5827998">
        <ele>550</ele>
      </trkpt>
      <trkpt lat="45.7465403" lon="7.5828613">
        <ele>550</ele>
      </trkpt>
      <trkpt lat="45.7465151" lon="7.5829663">
        <ele>550</ele>
      </trkpt>
      <trkpt lat="45.7464524" lon="7.5830802">
        <ele>550</ele>
      </trkpt>
      <trkpt lat="45.7464064" lon="7.5831607">
        <ele>550</ele>
      </trkpt>
      <trkpt lat="45.7463711" lon="7.5832248">
        <ele>550</ele>
      </trkpt>
      <trkpt lat="45.7464162" lon="7.5832276">
        <ele>550</ele>
      </trkpt>
      <trkpt lat="45.7464663" lon="7.5832766">
        <ele>550</ele>
      </trkpt>
      <trkpt lat="45.7464760" lon="7.5833378">
        <ele>550</ele>
      </trkpt>
      <trkpt lat="45.7464722" lon="7.5833946">
        <ele>550</ele>
      </trkpt>
      <trkpt lat="45.7464304" lon="7.5836479">
        <ele>550</ele>
      </trkpt>
      <trkpt lat="45.7464273" lon="7.5837637">
        <ele>550</ele>
      </trkpt>
      <trkpt lat="45.7464340" lon="7.5839383">
        <ele>550</ele>
      </trkpt>
      <trkpt lat="45.7464311" lon="7.5840709">
        <ele>550</ele>
      </trkpt>
      <trkpt lat="45.7464452" lon="7.5844839">
        <ele>550</ele>
      </trkpt>
      <trkpt lat="45.7465027" lon="7.5847645">
        <ele>550</ele>
      </trkpt>
      <trkpt lat="45.7465584" lon="7.5849001">
        <ele>550</ele>
      </trkpt>
      <trkpt lat="45.7466368" lon="7.5850512">
        <ele>550</ele>
      </trkpt>
      <trkpt lat="45.7466517" lon="7.5851669">
        <ele>550</ele>
      </trkpt>
      <trkpt lat="45.7466321" lon="7.5854020">
        <ele>550</ele>
      </trkpt>
      <trkpt lat="45.7466602" lon="7.5854873">
        <ele>550</ele>
      </trkpt>
      <trkpt lat="45.7466830" lon="7.5855100">
        <ele>550</ele>
      </trkpt>
      <trkpt lat="45.7467134" lon="7.5854894">
        <ele>550</ele>
      </trkpt>
      <trkpt lat="45.7469250" lon="7.5859918">
        <ele>549</ele>
      </trkpt>
      <trkpt lat="45.7470276" lon="7.5862722">
        <ele>549</ele>
      </trkpt>
      <trkpt lat="45.7471557" lon="7.5866227">
        <ele>549</ele>
      </trkpt>
      <trkpt lat="45.7472466" lon="7.5870009">
        <ele>549</ele>
      </trkpt>
      <trkpt lat="45.7473009" lon="7.5875255">
        <ele>549</ele>
      </trkpt>
      <trkpt lat="45.7473249" lon="7.5876357">
        <ele>549</ele>
      </trkpt>
      <trkpt lat="45.7473654" lon="7.5877213">
        <ele>549</ele>
      </trkpt>
      <trkpt lat="45.7474617" lon="7.5878059">
        <ele>549</ele>
      </trkpt>
      <trkpt lat="45.7475496" lon="7.5878799">
        <ele>549</ele>
      </trkpt>
      <trkpt lat="45.7475669" lon="7.5879487">
        <ele>549</ele>
      </trkpt>
      <trkpt lat="45.7475629" lon="7.5880233">
        <ele>549</ele>
      </trkpt>
      <trkpt lat="45.7475289" lon="7.5881309">
        <ele>549</ele>
      </trkpt>
      <trkpt lat="45.7475170" lon="7.5881629">
        <ele>549</ele>
      </trkpt>
      <trkpt lat="45.7475009" lon="7.5882560">
        <ele>549</ele>
      </trkpt>
      <trkpt lat="45.7474854" lon="7.5883302">
        <ele>549</ele>
      </trkpt>
      <trkpt lat="45.7474742" lon="7.5883909">
        <ele>549</ele>
      </trkpt>
      <trkpt lat="45.7474642" lon="7.5884416">
        <ele>549</ele>
      </trkpt>
      <trkpt lat="45.7473013" lon="7.5886856">
        <ele>549</ele>
      </trkpt>
      <trkpt lat="45.7472803" lon="7.5887307">
        <ele>549</ele>
      </trkpt>
      <trkpt lat="45.7472666" lon="7.5888282">
        <ele>549</ele>
      </trkpt>
      <trkpt lat="45.7472334" lon="7.5890034">
        <ele>549</ele>
      </trkpt>
      <trkpt lat="45.7472171" lon="7.5891127">
        <ele>549</ele>
      </trkpt>
      <trkpt lat="45.7472052" lon="7.5892139">
        <ele>549</ele>
      </trkpt>
      <trkpt lat="45.7471936" lon="7.5894953">
        <ele>549</ele>
      </trkpt>
      <trkpt lat="45.7472099" lon="7.5897961">
        <ele>549</ele>
      </trkpt>
      <trkpt lat="45.7472400" lon="7.5900884">
        <ele>549</ele>
      </trkpt>
      <trkpt lat="45.7472631" lon="7.5901506">
        <ele>549</ele>
      </trkpt>
      <trkpt lat="45.7472895" lon="7.5901568">
        <ele>549</ele>
      </trkpt>
      <trkpt lat="45.7473969" lon="7.5902351">
        <ele>549</ele>
      </trkpt>
      <trkpt lat="45.7474265" lon="7.5902660">
        <ele>549</ele>
      </trkpt>
      <trkpt lat="45.7474497" lon="7.5903527">
        <ele>549</ele>
      </trkpt>
      <trkpt lat="45.7474200" lon="7.5904547">
        <ele>549</ele>
      </trkpt>
      <trkpt lat="45.7473736" lon="7.5905762">
        <ele>549</ele>
      </trkpt>
      <trkpt lat="45.7473526" lon="7.5906710">
        <ele>549</ele>
      </trkpt>
      <trkpt lat="45.7473412" lon="7.5907498">
        <ele>549</ele>
      </trkpt>
      <trkpt lat="45.7473397" lon="7.5908691">
        <ele>549</ele>
      </trkpt>
      <trkpt lat="45.7473417" lon="7.5910344">
        <ele>549</ele>
      </trkpt>
      <trkpt lat="45.7473383" lon="7.5912897">
        <ele>549</ele>
      </trkpt>
      <trkpt lat="45.7473523" lon="7.5914375">
        <ele>549</ele>
      </trkpt>
      <trkpt lat="45.7473281" lon="7.5915405">
        <ele>549</ele>
      </trkpt>
      <trkpt lat="45.7472869" lon="7.5916509">
        <ele>549</ele>
      </trkpt>
      <trkpt lat="45.7472793" lon="7.5917466">
        <ele>549</ele>
      </trkpt>
      <trkpt lat="45.7472942" lon="7.5918936">
        <ele>549</ele>
      </trkpt>
      <trkpt lat="45.7473220" lon="7.5920692">
        <ele>549</ele>
      </trkpt>
      <trkpt lat="45.7473306" lon="7.5923383">
        <ele>549</ele>
      </trkpt>
      <trkpt lat="45.7472890" lon="7.5924153">
        <ele>549</ele>
      </trkpt>
      <trkpt lat="45.7472805" lon="7.5925058">
        <ele>549</ele>
      </trkpt>
      <trkpt lat="45.7472697" lon="7.5927093">
        <ele>549</ele>
      </trkpt>
      <trkpt lat="45.7472945" lon="7.5929570">
        <ele>549</ele>
      </trkpt>
      <trkpt lat="45.7473270" lon="7.5931830">
        <ele>549</ele>
      </trkpt>
      <trkpt lat="45.7473541" lon="7.5933783">
        <ele>549</ele>
      </trkpt>
      <trkpt lat="45.7473694" lon="7.5935399">
        <ele>549</ele>
      </trkpt>
      <trkpt lat="45.7473543" lon="7.5936666">
        <ele>549</ele>
      </trkpt>
      <trkpt lat="45.7473345" lon="7.5939364">
        <ele>549</ele>
      </trkpt>
      <trkpt lat="45.7473537" lon="7.5943583">
        <ele>549</ele>
      </trkpt>
      <trkpt lat="45.7473276" lon="7.5944518">
        <ele>549</ele>
      </trkpt>
      <trkpt lat="45.7472405" lon="7.5945825">
        <ele>549</ele>
      </trkpt>
      <trkpt lat="45.7471532" lon="7.5947344">
        <ele>549</ele>
      </trkpt>
      <trkpt lat="45.7470796" lon="7.5948746">
        <ele>549</ele>
      </trkpt>
      <trkpt lat="45.7470408" lon="7.5950063">
        <ele>549</ele>
      </trkpt>
      <trkpt lat="45.7470177" lon="7.5950954">
        <ele>549</ele>
      </trkpt>
      <trkpt lat="45.7469998" lon="7.5952346">
        <ele>549</ele>
      </trkpt>
      <trkpt lat="45.7469947" lon="7.5953233">
        <ele>549</ele>
      </trkpt>
      <trkpt lat="45.7469497" lon="7.5954777">
        <ele>549</ele>
      </trkpt>
      <trkpt lat="45.7469336" lon="7.5956062">
        <ele>549</ele>
      </trkpt>
      <trkpt lat="45.7468876" lon="7.5958983">
        <ele>549</ele>
      </trkpt>
      <trkpt lat="45.7468694" lon="7.5960106">
        <ele>549</ele>
      </trkpt>
      <trkpt lat="45.7468631" lon="7.5960957">
        <ele>549</ele>
      </trkpt>
      <trkpt lat="45.7468628" lon="7.5962095">
        <ele>549</ele>
      </trkpt>
      <trkpt lat="45.7468687" lon="7.5963271">
        <ele>549</ele>
      </trkpt>
      <trkpt lat="45.7468670" lon="7.5964158">
        <ele>549</ele>
      </trkpt>
      <trkpt lat="45.7468670" lon="7.5964536">
        <ele>548</ele>
      </trkpt>
      <trkpt lat="45.7468569" lon="7.5964931">
        <ele>548</ele>
      </trkpt>
      <trkpt lat="45.7467788" lon="7.5967052">
        <ele>548</ele>
      </trkpt>
      <trkpt lat="45.7467722" lon="7.5967585">
        <ele>548</ele>
      </trkpt>
      <trkpt lat="45.7467644" lon="7.5968567">
        <ele>548</ele>
      </trkpt>
      <trkpt lat="45.7467700" lon="7.5969473">
        <ele>548</ele>
      </trkpt>
      <trkpt lat="45.7468325" lon="7.5972684">
        <ele>548</ele>
      </trkpt>
      <trkpt lat="45.7468946" lon="7.5975645">
        <ele>548</ele>
      </trkpt>
      <trkpt lat="45.7469417" lon="7.5977325">
        <ele>548</ele>
      </trkpt>
      <trkpt lat="45.7471022" lon="7.5983443">
        <ele>548</ele>
      </trkpt>
      <trkpt lat="45.7471350" lon="7.5984548">
        <ele>548</ele>
      </trkpt>
      <trkpt lat="45.7472046" lon="7.5986147">
        <ele>548</ele>
      </trkpt>
      <trkpt lat="45.7472230" lon="7.5986571">
        <ele>548</ele>
      </trkpt>
      <trkpt lat="45.7472563" lon="7.5987984">
        <ele>548</ele>
      </trkpt>
      <trkpt lat="45.7472862" lon="7.5990355">
        <ele>548</ele>
      </trkpt>
      <trkpt lat="45.7473482" lon="7.5993252">
        <ele>548</ele>
      </trkpt>
      <trkpt lat="45.7473631" lon="7.5994337">
        <ele>548</ele>
      </trkpt>
      <trkpt lat="45.7474121" lon="7.5997595">
        <ele>548</ele>
      </trkpt>
      <trkpt lat="45.7474707" lon="7.6001361">
        <ele>548</ele>
      </trkpt>
      <trkpt lat="45.7475045" lon="7.6003221">
        <ele>548</ele>
      </trkpt>
      <trkpt lat="45.7475425" lon="7.6004842">
        <ele>548</ele>
      </trkpt>
      <trkpt lat="45.7474486" lon="7.6005348">
        <ele>548</ele>
      </trkpt>
      <trkpt lat="45.7473367" lon="7.6005858">
        <ele>548</ele>
      </trkpt>
      <trkpt lat="45.7474134" lon="7.6009679">
        <ele>548</ele>
      </trkpt>
      <trkpt lat="45.7474231" lon="7.6010252">
        <ele>548</ele>
      </trkpt>
      <trkpt lat="45.7474374" lon="7.6010911">
        <ele>548</ele>
      </trkpt>
      <trkpt lat="45.7476948" lon="7.6022718">
        <ele>548</ele>
      </trkpt>
      <trkpt lat="45.7477233" lon="7.6023896">
        <ele>548</ele>
      </trkpt>
      <trkpt lat="45.7478427" lon="7.6029551">
        <ele>548</ele>
      </trkpt>
      <trkpt lat="45.7480203" lon="7.6038434">
        <ele>548</ele>
      </trkpt>
      <trkpt lat="45.7480777" lon="7.6041176">
        <ele>548</ele>
      </trkpt>
      <trkpt lat="45.7481931" lon="7.6046285">
        <ele>548</ele>
      </trkpt>
      <trkpt lat="45.7482398" lon="7.6048356">
        <ele>548</ele>
      </trkpt>
      <trkpt lat="45.7482439" lon="7.6049378">
        <ele>548</ele>
      </trkpt>
      <trkpt lat="45.7482666" lon="7.6049463">
        <ele>548</ele>
      </trkpt>
      <trkpt lat="45.7482839" lon="7.6049665">
        <ele>548</ele>
      </trkpt>
      <trkpt lat="45.7483092" lon="7.6049940">
        <ele>548</ele>
      </trkpt>
      <trkpt lat="45.7483293" lon="7.6050316">
        <ele>548</ele>
      </trkpt>
      <trkpt lat="45.7483520" lon="7.6051385">
        <ele>548</ele>
      </trkpt>
      <trkpt lat="45.7483653" lon="7.6052060">
        <ele>548</ele>
      </trkpt>
      <trkpt lat="45.7483903" lon="7.6053129">
        <ele>548</ele>
      </trkpt>
      <trkpt lat="45.7484089" lon="7.6054049">
        <ele>548</ele>
      </trkpt>
      <trkpt lat="45.7484295" lon="7.6055157">
        <ele>548</ele>
      </trkpt>
      <trkpt lat="45.7484330" lon="7.6055629">
        <ele>548</ele>
      </trkpt>
      <trkpt lat="45.7484265" lon="7.6056301">
        <ele>548</ele>
      </trkpt>
      <trkpt lat="45.7483983" lon="7.6057521">
        <ele>548</ele>
      </trkpt>
      <trkpt lat="45.7483922" lon="7.6058260">
        <ele>548</ele>
      </trkpt>
      <trkpt lat="45.7483959" lon="7.6059159">
        <ele>548</ele>
      </trkpt>
      <trkpt lat="45.7484099" lon="7.6059880">
        <ele>548</ele>
      </trkpt>
      <trkpt lat="45.7484261" lon="7.6060239">
        <ele>548</ele>
      </trkpt>
      <trkpt lat="45.7484627" lon="7.6060842">
        <ele>548</ele>
      </trkpt>
      <trkpt lat="45.7485001" lon="7.6061370">
        <ele>548</ele>
      </trkpt>
      <trkpt lat="45.7485536" lon="7.6062515">
        <ele>548</ele>
      </trkpt>
      <trkpt lat="45.7485786" lon="7.6063193">
        <ele>548</ele>
      </trkpt>
      <trkpt lat="45.7486041" lon="7.6064278">
        <ele>548</ele>
      </trkpt>
      <trkpt lat="45.7486340" lon="7.6065785">
        <ele>548</ele>
      </trkpt>
      <trkpt lat="45.7486717" lon="7.6067470">
        <ele>548</ele>
      </trkpt>
      <trkpt lat="45.7486721" lon="7.6067487">
        <ele>548</ele>
      </trkpt>
      <trkpt lat="45.7486823" lon="7.6067945">
        <ele>548</ele>
      </trkpt>
      <trkpt lat="45.7487054" lon="7.6068977">
        <ele>548</ele>
      </trkpt>
      <trkpt lat="45.7488176" lon="7.6074225">
        <ele>548</ele>
      </trkpt>
      <trkpt lat="45.7488772" lon="7.6077013">
        <ele>548</ele>
      </trkpt>
      <trkpt lat="45.7489964" lon="7.6082488">
        <ele>548</ele>
      </trkpt>
      <trkpt lat="45.7491530" lon="7.6089154">
        <ele>548</ele>
      </trkpt>
      <trkpt lat="45.7492780" lon="7.6094443">
        <ele>548</ele>
      </trkpt>
      <trkpt lat="45.7493553" lon="7.6097584">
        <ele>548</ele>
      </trkpt>
      <trkpt lat="45.7493664" lon="7.6098064">
        <ele>548</ele>
      </trkpt>
      <trkpt lat="45.7493758" lon="7.6098629">
        <ele>548</ele>
      </trkpt>
      <trkpt lat="45.7493899" lon="7.6099598">
        <ele>548</ele>
      </trkpt>
      <trkpt lat="45.7493944" lon="7.6100217">
        <ele>548</ele>
      </trkpt>
      <trkpt lat="45.7493746" lon="7.6101240">
        <ele>548</ele>
      </trkpt>
      <trkpt lat="45.7493691" lon="7.6101527">
        <ele>547</ele>
      </trkpt>
      <trkpt lat="45.7493402" lon="7.6103021">
        <ele>547</ele>
      </trkpt>
      <trkpt lat="45.7493043" lon="7.6105364">
        <ele>547</ele>
      </trkpt>
      <trkpt lat="45.7492911" lon="7.6106437">
        <ele>547</ele>
      </trkpt>
      <trkpt lat="45.7492629" lon="7.6107246">
        <ele>547</ele>
      </trkpt>
      <trkpt lat="45.7492072" lon="7.6107750">
        <ele>547</ele>
      </trkpt>
      <trkpt lat="45.7491602" lon="7.6108113">
        <ele>547</ele>
      </trkpt>
      <trkpt lat="45.7491104" lon="7.6108430">
        <ele>547</ele>
      </trkpt>
      <trkpt lat="45.7490464" lon="7.6108750">
        <ele>547</ele>
      </trkpt>
      <trkpt lat="45.7489792" lon="7.6109032">
        <ele>547</ele>
      </trkpt>
      <trkpt lat="45.7489030" lon="7.6109296">
        <ele>547</ele>
      </trkpt>
      <trkpt lat="45.7488252" lon="7.6109601">
        <ele>547</ele>
      </trkpt>
      <trkpt lat="45.7487877" lon="7.6109751">
        <ele>547</ele>
      </trkpt>
      <trkpt lat="45.7487750" lon="7.6115061">
        <ele>547</ele>
      </trkpt>
      <trkpt lat="45.7487508" lon="7.6117373">
        <ele>547</ele>
      </trkpt>
      <trkpt lat="45.7486934" lon="7.6120951">
        <ele>547</ele>
      </trkpt>
      <trkpt lat="45.7486923" lon="7.6121023">
        <ele>547</ele>
      </trkpt>
      <trkpt lat="45.7486403" lon="7.6124167">
        <ele>547</ele>
      </trkpt>
      <trkpt lat="45.7486168" lon="7.6125590">
        <ele>547</ele>
      </trkpt>
      <trkpt lat="45.7485790" lon="7.6127785">
        <ele>547</ele>
      </trkpt>
      <trkpt lat="45.7485626" lon="7.6129123">
        <ele>547</ele>
      </trkpt>
      <trkpt lat="45.7485706" lon="7.6130618">
        <ele>547</ele>
      </trkpt>
      <trkpt lat="45.7485801" lon="7.6132393">
        <ele>547</ele>
      </trkpt>
      <trkpt lat="45.7485841" lon="7.6132931">
        <ele>547</ele>
      </trkpt>
      <trkpt lat="45.7485981" lon="7.6134825">
        <ele>547</ele>
      </trkpt>
      <trkpt lat="45.7486070" lon="7.6136022">
        <ele>547</ele>
      </trkpt>
      <trkpt lat="45.7486178" lon="7.6137835">
        <ele>547</ele>
      </trkpt>
      <trkpt lat="45.7487403" lon="7.6137305">
        <ele>547</ele>
      </trkpt>
      <trkpt lat="45.7487456" lon="7.6136790">
        <ele>547</ele>
      </trkpt>
      <trkpt lat="45.7488313" lon="7.6135784">
        <ele>547</ele>
      </trkpt>
      <trkpt lat="45.7489098" lon="7.6132533">
        <ele>547</ele>
      </trkpt>
      <trkpt lat="45.7489231" lon="7.6132967">
        <ele>547</ele>
      </trkpt>
      <trkpt lat="45.7489312" lon="7.6134920">
        <ele>547</ele>
      </trkpt>
      <trkpt lat="45.7489535" lon="7.6135117">
        <ele>547</ele>
      </trkpt>
      <trkpt lat="45.7490062" lon="7.6132952">
        <ele>547</ele>
      </trkpt>
      <trkpt lat="45.7490377" lon="7.6130446">
        <ele>547</ele>
      </trkpt>
    </trkseg>
  </trk>
</gpx>
