<?xml version="1.0" encoding="UTF-8"?>
<!-- track-length = 20117 filtered ascend = 1608 plain-ascend = 363 cost=30153 energy=.4kwh time=6h 5s -->
<gpx 
 xmlns="http://www.topografix.com/GPX/1/1" 
 xmlns:xsi="http://www.w3.org/2001/XMLSchema-instance" 
 xsi:schemaLocation="http://www.topografix.com/GPX/1/1 http://www.topografix.com/GPX/1/1/gpx.xsd" 
 creator="BRouter-1.7.9" version="1.1">
 <trk>
  <name>tour-monte-rosa-tappa-4-macugnaga-saas-almagell</name>
  <trkseg>
   <trkpt lon="7.967265" lat="45.968362"><ele>1309.25</ele></trkpt>
   <trkpt lon="7.967228" lat="45.968362"><ele>1309.25</ele></trkpt>
   <trkpt lon="7.967107" lat="45.968488"><ele>1310.0</ele></trkpt>
   <trkpt lon="7.967073" lat="45.968504"><ele>1310.0</ele></trkpt>
   <trkpt lon="7.967002" lat="45.968538"><ele>1310.0</ele></trkpt>
   <trkpt lon="7.966739" lat="45.968655"><ele>1311.25</ele></trkpt>
   <trkpt lon="7.966523" lat="45.968726"><ele>1311.75</ele></trkpt>
   <trkpt lon="7.966361" lat="45.968796"><ele>1312.75</ele></trkpt>
   <trkpt lon="7.966245" lat="45.968864"><ele>1312.75</ele></trkpt>
   <trkpt lon="7.966157" lat="45.968927"><ele>1312.75</ele></trkpt>
   <trkpt lon="7.966039" lat="45.969012"><ele>1314.0</ele></trkpt>
   <trkpt lon="7.965572" lat="45.969312"><ele>1317.5</ele></trkpt>
   <trkpt lon="7.965488" lat="45.969378"><ele>1318.25</ele></trkpt>
   <trkpt lon="7.965435" lat="45.969462"><ele>1318.5</ele></trkpt>
   <trkpt lon="7.965341" lat="45.969568"><ele>1319.0</ele></trkpt>
   <trkpt lon="7.965242" lat="45.969704"><ele>1320.0</ele></trkpt>
   <trkpt lon="7.965120" lat="45.969953"><ele>1322.25</ele></trkpt>
   <trkpt lon="7.965108" lat="45.969978"><ele>1322.5</ele></trkpt>
   <trkpt lon="7.964991" lat="45.970055"><ele>1322.5</ele></trkpt>
   <trkpt lon="7.964825" lat="45.970295"><ele>1325.5</ele></trkpt>
   <trkpt lon="7.964729" lat="45.970415"><ele>1325.75</ele></trkpt>
   <trkpt lon="7.964676" lat="45.970529"><ele>1326.25</ele></trkpt>
   <trkpt lon="7.964590" lat="45.970580"><ele>1327.0</ele></trkpt>
   <trkpt lon="7.964548" lat="45.970599"><ele>1327.5</ele></trkpt>
   <trkpt lon="7.964173" lat="45.970758"><ele>1329.5</ele></trkpt>
   <trkpt lon="7.964097" lat="45.970737"><ele>1329.75</ele></trkpt>
   <trkpt lon="7.964024" lat="45.970728"><ele>1330.0</ele></trkpt>
   <trkpt lon="7.963910" lat="45.970737"><ele>1330.5</ele></trkpt>
   <trkpt lon="7.963661" lat="45.970776"><ele>1330.75</ele></trkpt>
   <trkpt lon="7.963506" lat="45.970802"><ele>1331.75</ele></trkpt>
   <trkpt lon="7.963336" lat="45.970845"><ele>1333.0</ele></trkpt>
   <trkpt lon="7.963154" lat="45.970870"><ele>1335.0</ele></trkpt>
   <trkpt lon="7.962568" lat="45.970934"><ele>1340.0</ele></trkpt>
   <trkpt lon="7.962380" lat="45.970971"><ele>1341.0</ele></trkpt>
   <trkpt lon="7.962101" lat="45.971103"><ele>1343.25</ele></trkpt>
   <trkpt lon="7.961921" lat="45.971203"><ele>1345.25</ele></trkpt>
   <trkpt lon="7.961432" lat="45.971497"><ele>1351.25</ele></trkpt>
   <trkpt lon="7.961093" lat="45.971707"><ele>1354.5</ele></trkpt>
   <trkpt lon="7.960860" lat="45.971862"><ele>1357.75</ele></trkpt>
   <trkpt lon="7.960872" lat="45.971925"><ele>1359.25</ele></trkpt>
   <trkpt lon="7.960849" lat="45.971967"><ele>1360.25</ele></trkpt>
   <trkpt lon="7.960868" lat="45.972086"><ele>1362.25</ele></trkpt>
   <trkpt lon="7.960841" lat="45.972199"><ele>1364.5</ele></trkpt>
   <trkpt lon="7.960850" lat="45.972229"><ele>1364.75</ele></trkpt>
   <trkpt lon="7.960799" lat="45.972424"><ele>1368.5</ele></trkpt>
   <trkpt lon="7.960803" lat="45.972574"><ele>1372.0</ele></trkpt>
   <trkpt lon="7.960835" lat="45.972721"><ele>1376.25</ele></trkpt>
   <trkpt lon="7.960910" lat="45.972856"><ele>1379.75</ele></trkpt>
   <trkpt lon="7.961014" lat="45.973001"><ele>1384.75</ele></trkpt>
   <trkpt lon="7.961105" lat="45.973023"><ele>1386.5</ele></trkpt>
   <trkpt lon="7.961259" lat="45.973013"><ele>1390.25</ele></trkpt>
   <trkpt lon="7.961428" lat="45.972960"><ele>1391.5</ele></trkpt>
   <trkpt lon="7.961647" lat="45.972931"><ele>1392.75</ele></trkpt>
   <trkpt lon="7.961803" lat="45.972882"><ele>1391.75</ele></trkpt>
   <trkpt lon="7.961835" lat="45.972922"><ele>1393.5</ele></trkpt>
   <trkpt lon="7.961433" lat="45.973151"><ele>1400.75</ele></trkpt>
   <trkpt lon="7.961326" lat="45.973262"><ele>1403.25</ele></trkpt>
   <trkpt lon="7.961377" lat="45.973356"><ele>1409.0</ele></trkpt>
   <trkpt lon="7.961486" lat="45.973305"><ele>1409.25</ele></trkpt>
   <trkpt lon="7.961524" lat="45.973317"><ele>1410.5</ele></trkpt>
   <trkpt lon="7.961701" lat="45.973328"><ele>1414.0</ele></trkpt>
   <trkpt lon="7.962115" lat="45.973435"><ele>1428.25</ele></trkpt>
   <trkpt lon="7.962453" lat="45.973470"><ele>1438.75</ele></trkpt>
   <trkpt lon="7.962660" lat="45.973530"><ele>1455.25</ele></trkpt>
   <trkpt lon="7.962775" lat="45.973518"><ele>1460.0</ele></trkpt>
   <trkpt lon="7.962888" lat="45.973498"><ele>1461.5</ele></trkpt>
   <trkpt lon="7.962989" lat="45.973446"><ele>1457.5</ele></trkpt>
   <trkpt lon="7.963162" lat="45.973372"><ele>1451.75</ele></trkpt>
   <trkpt lon="7.963212" lat="45.973339"><ele>1448.75</ele></trkpt>
   <trkpt lon="7.963333" lat="45.973310"><ele>1450.0</ele></trkpt>
   <trkpt lon="7.963470" lat="45.973260"><ele>1450.75</ele></trkpt>
   <trkpt lon="7.963784" lat="45.973127"><ele>1455.0</ele></trkpt>
   <trkpt lon="7.963839" lat="45.973223"><ele>1466.25</ele></trkpt>
   <trkpt lon="7.963883" lat="45.973217"><ele>1468.5</ele></trkpt>
   <trkpt lon="7.964015" lat="45.973153"><ele>1469.0</ele></trkpt>
   <trkpt lon="7.964304" lat="45.973058"><ele>1470.5</ele></trkpt>
   <trkpt lon="7.964429" lat="45.973060"><ele>1473.75</ele></trkpt>
   <trkpt lon="7.964553" lat="45.973112"><ele>1476.25</ele></trkpt>
   <trkpt lon="7.964556" lat="45.973158"><ele>1479.5</ele></trkpt>
   <trkpt lon="7.964636" lat="45.973244"><ele>1484.75</ele></trkpt>
   <trkpt lon="7.964743" lat="45.973272"><ele>1485.25</ele></trkpt>
   <trkpt lon="7.964804" lat="45.973312"><ele>1488.75</ele></trkpt>
   <trkpt lon="7.964711" lat="45.973344"><ele>1490.75</ele></trkpt>
   <trkpt lon="7.964624" lat="45.973359"><ele>1493.25</ele></trkpt>
   <trkpt lon="7.964537" lat="45.973408"><ele>1497.25</ele></trkpt>
   <trkpt lon="7.964519" lat="45.973477"><ele>1501.25</ele></trkpt>
   <trkpt lon="7.964603" lat="45.973546"><ele>1505.0</ele></trkpt>
   <trkpt lon="7.964680" lat="45.973564"><ele>1506.25</ele></trkpt>
   <trkpt lon="7.964742" lat="45.973657"><ele>1514.0</ele></trkpt>
   <trkpt lon="7.964864" lat="45.973701"><ele>1518.75</ele></trkpt>
   <trkpt lon="7.964718" lat="45.973738"><ele>1520.5</ele></trkpt>
   <trkpt lon="7.964734" lat="45.973790"><ele>1524.75</ele></trkpt>
   <trkpt lon="7.964830" lat="45.973801"><ele>1526.0</ele></trkpt>
   <trkpt lon="7.965000" lat="45.973800"><ele>1526.75</ele></trkpt>
   <trkpt lon="7.965024" lat="45.973844"><ele>1530.25</ele></trkpt>
   <trkpt lon="7.964996" lat="45.973935"><ele>1541.5</ele></trkpt>
   <trkpt lon="7.965068" lat="45.973976"><ele>1548.5</ele></trkpt>
   <trkpt lon="7.965148" lat="45.974007"><ele>1552.0</ele></trkpt>
   <trkpt lon="7.965379" lat="45.973973"><ele>1547.75</ele></trkpt>
   <trkpt lon="7.965343" lat="45.974077"><ele>1556.5</ele></trkpt>
   <trkpt lon="7.965381" lat="45.974110"><ele>1560.0</ele></trkpt>
   <trkpt lon="7.965501" lat="45.974129"><ele>1563.0</ele></trkpt>
   <trkpt lon="7.965533" lat="45.974090"><ele>1560.0</ele></trkpt>
   <trkpt lon="7.965561" lat="45.974167"><ele>1567.0</ele></trkpt>
   <trkpt lon="7.965582" lat="45.974189"><ele>1570.75</ele></trkpt>
   <trkpt lon="7.965688" lat="45.974210"><ele>1575.0</ele></trkpt>
   <trkpt lon="7.965719" lat="45.974230"><ele>1578.0</ele></trkpt>
   <trkpt lon="7.965828" lat="45.974245"><ele>1580.25</ele></trkpt>
   <trkpt lon="7.965840" lat="45.974294"><ele>1586.0</ele></trkpt>
   <trkpt lon="7.965820" lat="45.974306"><ele>1587.5</ele></trkpt>
   <trkpt lon="7.965852" lat="45.974325"><ele>1589.5</ele></trkpt>
   <trkpt lon="7.966153" lat="45.974427"><ele>1595.75</ele></trkpt>
   <trkpt lon="7.966248" lat="45.974398"><ele>1592.25</ele></trkpt>
   <trkpt lon="7.966348" lat="45.974421"><ele>1593.75</ele></trkpt>
   <trkpt lon="7.966422" lat="45.974461"><ele>1599.75</ele></trkpt>
   <trkpt lon="7.966421" lat="45.974481"><ele>1604.0</ele></trkpt>
   <trkpt lon="7.966325" lat="45.974493"><ele>1605.75</ele></trkpt>
   <trkpt lon="7.966121" lat="45.974487"><ele>1604.25</ele></trkpt>
   <trkpt lon="7.965864" lat="45.974424"><ele>1600.75</ele></trkpt>
   <trkpt lon="7.965770" lat="45.974428"><ele>1603.75</ele></trkpt>
   <trkpt lon="7.965670" lat="45.974416"><ele>1605.0</ele></trkpt>
   <trkpt lon="7.965549" lat="45.974370"><ele>1600.5</ele></trkpt>
   <trkpt lon="7.965328" lat="45.974381"><ele>1601.25</ele></trkpt>
   <trkpt lon="7.965084" lat="45.974420"><ele>1604.5</ele></trkpt>
   <trkpt lon="7.964967" lat="45.974556"><ele>1607.0</ele></trkpt>
   <trkpt lon="7.965001" lat="45.974643"><ele>1610.5</ele></trkpt>
   <trkpt lon="7.965232" lat="45.974722"><ele>1618.75</ele></trkpt>
   <trkpt lon="7.965318" lat="45.974759"><ele>1622.0</ele></trkpt>
   <trkpt lon="7.965393" lat="45.974813"><ele>1625.25</ele></trkpt>
   <trkpt lon="7.965401" lat="45.974864"><ele>1627.25</ele></trkpt>
   <trkpt lon="7.965392" lat="45.974907"><ele>1628.5</ele></trkpt>
   <trkpt lon="7.965355" lat="45.975000"><ele>1631.25</ele></trkpt>
   <trkpt lon="7.965237" lat="45.975132"><ele>1633.0</ele></trkpt>
   <trkpt lon="7.965218" lat="45.975380"><ele>1639.75</ele></trkpt>
   <trkpt lon="7.965249" lat="45.975432"><ele>1641.5</ele></trkpt>
   <trkpt lon="7.965236" lat="45.975487"><ele>1642.75</ele></trkpt>
   <trkpt lon="7.965258" lat="45.975571"><ele>1645.0</ele></trkpt>
   <trkpt lon="7.965263" lat="45.975592"><ele>1645.75</ele></trkpt>
   <trkpt lon="7.965350" lat="45.975669"><ele>1649.5</ele></trkpt>
   <trkpt lon="7.965361" lat="45.975693"><ele>1650.25</ele></trkpt>
   <trkpt lon="7.965263" lat="45.975840"><ele>1654.0</ele></trkpt>
   <trkpt lon="7.965292" lat="45.975964"><ele>1659.25</ele></trkpt>
   <trkpt lon="7.965332" lat="45.976022"><ele>1662.25</ele></trkpt>
   <trkpt lon="7.965340" lat="45.976067"><ele>1664.25</ele></trkpt>
   <trkpt lon="7.965334" lat="45.976157"><ele>1667.0</ele></trkpt>
   <trkpt lon="7.965346" lat="45.976274"><ele>1670.25</ele></trkpt>
   <trkpt lon="7.965421" lat="45.976292"><ele>1673.0</ele></trkpt>
   <trkpt lon="7.965515" lat="45.976279"><ele>1675.25</ele></trkpt>
   <trkpt lon="7.965563" lat="45.976317"><ele>1678.25</ele></trkpt>
   <trkpt lon="7.965659" lat="45.976632"><ele>1687.75</ele></trkpt>
   <trkpt lon="7.965771" lat="45.976778"><ele>1691.5</ele></trkpt>
   <trkpt lon="7.965874" lat="45.976816"><ele>1693.5</ele></trkpt>
   <trkpt lon="7.965987" lat="45.976871"><ele>1695.5</ele></trkpt>
   <trkpt lon="7.966096" lat="45.976903"><ele>1697.0</ele></trkpt>
   <trkpt lon="7.966191" lat="45.976971"><ele>1698.0</ele></trkpt>
   <trkpt lon="7.966385" lat="45.977089"><ele>1699.5</ele></trkpt>
   <trkpt lon="7.966568" lat="45.977097"><ele>1701.5</ele></trkpt>
   <trkpt lon="7.966629" lat="45.977056"><ele>1701.75</ele></trkpt>
   <trkpt lon="7.966715" lat="45.977025"><ele>1702.25</ele></trkpt>
   <trkpt lon="7.966819" lat="45.976949"><ele>1702.0</ele></trkpt>
   <trkpt lon="7.966962" lat="45.976895"><ele>1702.75</ele></trkpt>
   <trkpt lon="7.967032" lat="45.976781"><ele>1702.5</ele></trkpt>
   <trkpt lon="7.967213" lat="45.976566"><ele>1700.75</ele></trkpt>
   <trkpt lon="7.967350" lat="45.976533"><ele>1703.0</ele></trkpt>
   <trkpt lon="7.967422" lat="45.976395"><ele>1701.25</ele></trkpt>
   <trkpt lon="7.967506" lat="45.976183"><ele>1700.0</ele></trkpt>
   <trkpt lon="7.967547" lat="45.976117"><ele>1700.0</ele></trkpt>
   <trkpt lon="7.967743" lat="45.975981"><ele>1703.0</ele></trkpt>
   <trkpt lon="7.967916" lat="45.975847"><ele>1706.0</ele></trkpt>
   <trkpt lon="7.967874" lat="45.975785"><ele>1704.75</ele></trkpt>
   <trkpt lon="7.967937" lat="45.975721"><ele>1706.75</ele></trkpt>
   <trkpt lon="7.968023" lat="45.975692"><ele>1709.0</ele></trkpt>
   <trkpt lon="7.968092" lat="45.975695"><ele>1710.75</ele></trkpt>
   <trkpt lon="7.968111" lat="45.975704"><ele>1711.0</ele></trkpt>
   <trkpt lon="7.968243" lat="45.975762"><ele>1715.0</ele></trkpt>
   <trkpt lon="7.968356" lat="45.975783"><ele>1718.0</ele></trkpt>
   <trkpt lon="7.968438" lat="45.975838"><ele>1719.75</ele></trkpt>
   <trkpt lon="7.968401" lat="45.975951"><ele>1721.0</ele></trkpt>
   <trkpt lon="7.968378" lat="45.976079"><ele>1722.75</ele></trkpt>
   <trkpt lon="7.968447" lat="45.976150"><ele>1724.25</ele></trkpt>
   <trkpt lon="7.968440" lat="45.976208"><ele>1724.75</ele></trkpt>
   <trkpt lon="7.968548" lat="45.976425"><ele>1729.25</ele></trkpt>
   <trkpt lon="7.968604" lat="45.976510"><ele>1732.25</ele></trkpt>
   <trkpt lon="7.968667" lat="45.976660"><ele>1737.0</ele></trkpt>
   <trkpt lon="7.968744" lat="45.976650"><ele>1737.25</ele></trkpt>
   <trkpt lon="7.968797" lat="45.976684"><ele>1738.5</ele></trkpt>
   <trkpt lon="7.968902" lat="45.976773"><ele>1741.25</ele></trkpt>
   <trkpt lon="7.969005" lat="45.976845"><ele>1744.0</ele></trkpt>
   <trkpt lon="7.969171" lat="45.976996"><ele>1749.0</ele></trkpt>
   <trkpt lon="7.969238" lat="45.977291"><ele>1756.5</ele></trkpt>
   <trkpt lon="7.969274" lat="45.977334"><ele>1757.75</ele></trkpt>
   <trkpt lon="7.969283" lat="45.977353"><ele>1758.25</ele></trkpt>
   <trkpt lon="7.969278" lat="45.977408"><ele>1759.5</ele></trkpt>
   <trkpt lon="7.969248" lat="45.977450"><ele>1760.0</ele></trkpt>
   <trkpt lon="7.969211" lat="45.977502"><ele>1760.5</ele></trkpt>
   <trkpt lon="7.969251" lat="45.977545"><ele>1763.0</ele></trkpt>
   <trkpt lon="7.969209" lat="45.977568"><ele>1763.25</ele></trkpt>
   <trkpt lon="7.969260" lat="45.977644"><ele>1767.0</ele></trkpt>
   <trkpt lon="7.969160" lat="45.977707"><ele>1768.0</ele></trkpt>
   <trkpt lon="7.969249" lat="45.977801"><ele>1773.0</ele></trkpt>
   <trkpt lon="7.969175" lat="45.977891"><ele>1774.25</ele></trkpt>
   <trkpt lon="7.969145" lat="45.978041"><ele>1778.0</ele></trkpt>
   <trkpt lon="7.969178" lat="45.978208"><ele>1783.0</ele></trkpt>
   <trkpt lon="7.969324" lat="45.978290"><ele>1788.25</ele></trkpt>
   <trkpt lon="7.969513" lat="45.978229"><ele>1791.5</ele></trkpt>
   <trkpt lon="7.969645" lat="45.978220"><ele>1795.25</ele></trkpt>
   <trkpt lon="7.969772" lat="45.978244"><ele>1799.25</ele></trkpt>
   <trkpt lon="7.969870" lat="45.978170"><ele>1799.25</ele></trkpt>
   <trkpt lon="7.969933" lat="45.978146"><ele>1799.75</ele></trkpt>
   <trkpt lon="7.969986" lat="45.978139"><ele>1800.5</ele></trkpt>
   <trkpt lon="7.970225" lat="45.978197"><ele>1808.75</ele></trkpt>
   <trkpt lon="7.970413" lat="45.978148"><ele>1811.0</ele></trkpt>
   <trkpt lon="7.970641" lat="45.978123"><ele>1815.25</ele></trkpt>
   <trkpt lon="7.970923" lat="45.978156"><ele>1823.5</ele></trkpt>
   <trkpt lon="7.971025" lat="45.978130"><ele>1825.25</ele></trkpt>
   <trkpt lon="7.971031" lat="45.978101"><ele>1824.25</ele></trkpt>
   <trkpt lon="7.971040" lat="45.978062"><ele>1823.0</ele></trkpt>
   <trkpt lon="7.971021" lat="45.977970"><ele>1823.5</ele></trkpt>
   <trkpt lon="7.971093" lat="45.977849"><ele>1826.75</ele></trkpt>
   <trkpt lon="7.971170" lat="45.977800"><ele>1829.0</ele></trkpt>
   <trkpt lon="7.971246" lat="45.977779"><ele>1830.75</ele></trkpt>
   <trkpt lon="7.971350" lat="45.977798"><ele>1833.0</ele></trkpt>
   <trkpt lon="7.971402" lat="45.977791"><ele>1834.0</ele></trkpt>
   <trkpt lon="7.971537" lat="45.977793"><ele>1837.0</ele></trkpt>
   <trkpt lon="7.971662" lat="45.977776"><ele>1839.75</ele></trkpt>
   <trkpt lon="7.971782" lat="45.977803"><ele>1842.75</ele></trkpt>
   <trkpt lon="7.971949" lat="45.977824"><ele>1846.75</ele></trkpt>
   <trkpt lon="7.972109" lat="45.977794"><ele>1849.75</ele></trkpt>
   <trkpt lon="7.972520" lat="45.977757"><ele>1857.5</ele></trkpt>
   <trkpt lon="7.972597" lat="45.977742"><ele>1858.5</ele></trkpt>
   <trkpt lon="7.972616" lat="45.977729"><ele>1858.25</ele></trkpt>
   <trkpt lon="7.972709" lat="45.977717"><ele>1860.0</ele></trkpt>
   <trkpt lon="7.972839" lat="45.977639"><ele>1860.75</ele></trkpt>
   <trkpt lon="7.972987" lat="45.977564"><ele>1863.0</ele></trkpt>
   <trkpt lon="7.973135" lat="45.977461"><ele>1864.5</ele></trkpt>
   <trkpt lon="7.973301" lat="45.977400"><ele>1866.0</ele></trkpt>
   <trkpt lon="7.973430" lat="45.977384"><ele>1867.25</ele></trkpt>
   <trkpt lon="7.973515" lat="45.977431"><ele>1869.5</ele></trkpt>
   <trkpt lon="7.973562" lat="45.977488"><ele>1871.75</ele></trkpt>
   <trkpt lon="7.973606" lat="45.977509"><ele>1873.0</ele></trkpt>
   <trkpt lon="7.973717" lat="45.977583"><ele>1875.75</ele></trkpt>
   <trkpt lon="7.973729" lat="45.977656"><ele>1877.25</ele></trkpt>
   <trkpt lon="7.973807" lat="45.977714"><ele>1879.5</ele></trkpt>
   <trkpt lon="7.973937" lat="45.977852"><ele>1884.75</ele></trkpt>
   <trkpt lon="7.974068" lat="45.977893"><ele>1887.75</ele></trkpt>
   <trkpt lon="7.974097" lat="45.977949"><ele>1889.75</ele></trkpt>
   <trkpt lon="7.974055" lat="45.978009"><ele>1891.0</ele></trkpt>
   <trkpt lon="7.974244" lat="45.978127"><ele>1897.5</ele></trkpt>
   <trkpt lon="7.974321" lat="45.978152"><ele>1899.5</ele></trkpt>
   <trkpt lon="7.974531" lat="45.978205"><ele>1903.5</ele></trkpt>
   <trkpt lon="7.974641" lat="45.978218"><ele>1905.0</ele></trkpt>
   <trkpt lon="7.974756" lat="45.978241"><ele>1907.25</ele></trkpt>
   <trkpt lon="7.974866" lat="45.978278"><ele>1910.25</ele></trkpt>
   <trkpt lon="7.974912" lat="45.978274"><ele>1911.0</ele></trkpt>
   <trkpt lon="7.974986" lat="45.978334"><ele>1914.5</ele></trkpt>
   <trkpt lon="7.975084" lat="45.978434"><ele>1919.25</ele></trkpt>
   <trkpt lon="7.975171" lat="45.978497"><ele>1922.25</ele></trkpt>
   <trkpt lon="7.975263" lat="45.978582"><ele>1926.5</ele></trkpt>
   <trkpt lon="7.975361" lat="45.978657"><ele>1930.25</ele></trkpt>
   <trkpt lon="7.975448" lat="45.978753"><ele>1934.5</ele></trkpt>
   <trkpt lon="7.975481" lat="45.978815"><ele>1937.0</ele></trkpt>
   <trkpt lon="7.975600" lat="45.978874"><ele>1940.25</ele></trkpt>
   <trkpt lon="7.975564" lat="45.978920"><ele>1942.75</ele></trkpt>
   <trkpt lon="7.975404" lat="45.979009"><ele>1949.5</ele></trkpt>
   <trkpt lon="7.975344" lat="45.979034"><ele>1951.25</ele></trkpt>
   <trkpt lon="7.974965" lat="45.979127"><ele>1957.75</ele></trkpt>
   <trkpt lon="7.974897" lat="45.979190"><ele>1960.75</ele></trkpt>
   <trkpt lon="7.974876" lat="45.979253"><ele>1964.25</ele></trkpt>
   <trkpt lon="7.974804" lat="45.979292"><ele>1965.0</ele></trkpt>
   <trkpt lon="7.974671" lat="45.979420"><ele>1968.75</ele></trkpt>
   <trkpt lon="7.974592" lat="45.979458"><ele>1969.75</ele></trkpt>
   <trkpt lon="7.974508" lat="45.979510"><ele>1971.75</ele></trkpt>
   <trkpt lon="7.974431" lat="45.979606"><ele>1976.5</ele></trkpt>
   <trkpt lon="7.974397" lat="45.979624"><ele>1977.0</ele></trkpt>
   <trkpt lon="7.974334" lat="45.979689"><ele>1979.5</ele></trkpt>
   <trkpt lon="7.974342" lat="45.979760"><ele>1983.25</ele></trkpt>
   <trkpt lon="7.974384" lat="45.979785"><ele>1985.25</ele></trkpt>
   <trkpt lon="7.974464" lat="45.979783"><ele>1986.5</ele></trkpt>
   <trkpt lon="7.974570" lat="45.979807"><ele>1989.0</ele></trkpt>
   <trkpt lon="7.974704" lat="45.979815"><ele>1991.0</ele></trkpt>
   <trkpt lon="7.974746" lat="45.979826"><ele>1992.25</ele></trkpt>
   <trkpt lon="7.974824" lat="45.979890"><ele>1996.25</ele></trkpt>
   <trkpt lon="7.974858" lat="45.979988"><ele>2000.5</ele></trkpt>
   <trkpt lon="7.974961" lat="45.980043"><ele>2005.0</ele></trkpt>
   <trkpt lon="7.974940" lat="45.980145"><ele>2009.5</ele></trkpt>
   <trkpt lon="7.974761" lat="45.980240"><ele>2012.75</ele></trkpt>
   <trkpt lon="7.974445" lat="45.980378"><ele>2013.5</ele></trkpt>
   <trkpt lon="7.974207" lat="45.980425"><ele>2015.0</ele></trkpt>
   <trkpt lon="7.974021" lat="45.980586"><ele>2022.0</ele></trkpt>
   <trkpt lon="7.973975" lat="45.980675"><ele>2025.75</ele></trkpt>
   <trkpt lon="7.973967" lat="45.980739"><ele>2028.5</ele></trkpt>
   <trkpt lon="7.973925" lat="45.980836"><ele>2033.5</ele></trkpt>
   <trkpt lon="7.973953" lat="45.980846"><ele>2033.75</ele></trkpt>
   <trkpt lon="7.973938" lat="45.980889"><ele>2036.25</ele></trkpt>
   <trkpt lon="7.973938" lat="45.980935"><ele>2038.5</ele></trkpt>
   <trkpt lon="7.973926" lat="45.980957"><ele>2039.75</ele></trkpt>
   <trkpt lon="7.973922" lat="45.980988"><ele>2041.5</ele></trkpt>
   <trkpt lon="7.973893" lat="45.981010"><ele>2042.75</ele></trkpt>
   <trkpt lon="7.973821" lat="45.981032"><ele>2042.75</ele></trkpt>
   <trkpt lon="7.973746" lat="45.981068"><ele>2043.5</ele></trkpt>
   <trkpt lon="7.973711" lat="45.981078"><ele>2043.5</ele></trkpt>
   <trkpt lon="7.973641" lat="45.981128"><ele>2045.25</ele></trkpt>
   <trkpt lon="7.973608" lat="45.981144"><ele>2045.75</ele></trkpt>
   <trkpt lon="7.973521" lat="45.981169"><ele>2046.25</ele></trkpt>
   <trkpt lon="7.973386" lat="45.981262"><ele>2050.5</ele></trkpt>
   <trkpt lon="7.973370" lat="45.981282"><ele>2051.25</ele></trkpt>
   <trkpt lon="7.973262" lat="45.981306"><ele>2052.0</ele></trkpt>
   <trkpt lon="7.973183" lat="45.981317"><ele>2052.0</ele></trkpt>
   <trkpt lon="7.973103" lat="45.981344"><ele>2053.0</ele></trkpt>
   <trkpt lon="7.973055" lat="45.981372"><ele>2054.0</ele></trkpt>
   <trkpt lon="7.973032" lat="45.981415"><ele>2056.5</ele></trkpt>
   <trkpt lon="7.973010" lat="45.981432"><ele>2057.5</ele></trkpt>
   <trkpt lon="7.972908" lat="45.981476"><ele>2060.25</ele></trkpt>
   <trkpt lon="7.972832" lat="45.981481"><ele>2060.5</ele></trkpt>
   <trkpt lon="7.972788" lat="45.981493"><ele>2061.25</ele></trkpt>
   <trkpt lon="7.972663" lat="45.981494"><ele>2061.75</ele></trkpt>
   <trkpt lon="7.972602" lat="45.981516"><ele>2063.25</ele></trkpt>
   <trkpt lon="7.972519" lat="45.981532"><ele>2064.5</ele></trkpt>
   <trkpt lon="7.972476" lat="45.981524"><ele>2064.25</ele></trkpt>
   <trkpt lon="7.972433" lat="45.981527"><ele>2064.5</ele></trkpt>
   <trkpt lon="7.972386" lat="45.981561"><ele>2066.75</ele></trkpt>
   <trkpt lon="7.972345" lat="45.981557"><ele>2066.75</ele></trkpt>
   <trkpt lon="7.972301" lat="45.981558"><ele>2067.0</ele></trkpt>
   <trkpt lon="7.972278" lat="45.981575"><ele>2068.0</ele></trkpt>
   <trkpt lon="7.972259" lat="45.981583"><ele>2068.5</ele></trkpt>
   <trkpt lon="7.972195" lat="45.981595"><ele>2069.25</ele></trkpt>
   <trkpt lon="7.972174" lat="45.981615"><ele>2070.25</ele></trkpt>
   <trkpt lon="7.972170" lat="45.981631"><ele>2071.25</ele></trkpt>
   <trkpt lon="7.972143" lat="45.981653"><ele>2072.25</ele></trkpt>
   <trkpt lon="7.972054" lat="45.981679"><ele>2072.75</ele></trkpt>
   <trkpt lon="7.971989" lat="45.981717"><ele>2074.0</ele></trkpt>
   <trkpt lon="7.971912" lat="45.981746"><ele>2075.0</ele></trkpt>
   <trkpt lon="7.971893" lat="45.981757"><ele>2075.25</ele></trkpt>
   <trkpt lon="7.971863" lat="45.981792"><ele>2077.0</ele></trkpt>
   <trkpt lon="7.971838" lat="45.981805"><ele>2077.5</ele></trkpt>
   <trkpt lon="7.971779" lat="45.981809"><ele>2077.5</ele></trkpt>
   <trkpt lon="7.971755" lat="45.981817"><ele>2077.75</ele></trkpt>
   <trkpt lon="7.971613" lat="45.981903"><ele>2082.0</ele></trkpt>
   <trkpt lon="7.971502" lat="45.981941"><ele>2083.5</ele></trkpt>
   <trkpt lon="7.971428" lat="45.981983"><ele>2085.25</ele></trkpt>
   <trkpt lon="7.971384" lat="45.981993"><ele>2085.5</ele></trkpt>
   <trkpt lon="7.971370" lat="45.982013"><ele>2086.5</ele></trkpt>
   <trkpt lon="7.971282" lat="45.982053"><ele>2087.25</ele></trkpt>
   <trkpt lon="7.971226" lat="45.982107"><ele>2089.0</ele></trkpt>
   <trkpt lon="7.971213" lat="45.982132"><ele>2090.0</ele></trkpt>
   <trkpt lon="7.971175" lat="45.982172"><ele>2091.25</ele></trkpt>
   <trkpt lon="7.971170" lat="45.982209"><ele>2092.75</ele></trkpt>
   <trkpt lon="7.971140" lat="45.982231"><ele>2093.0</ele></trkpt>
   <trkpt lon="7.971111" lat="45.982275"><ele>2094.25</ele></trkpt>
   <trkpt lon="7.971120" lat="45.982286"><ele>2095.0</ele></trkpt>
   <trkpt lon="7.971296" lat="45.982250"><ele>2097.75</ele></trkpt>
   <trkpt lon="7.971424" lat="45.982241"><ele>2099.75</ele></trkpt>
   <trkpt lon="7.971490" lat="45.982247"><ele>2100.0</ele></trkpt>
   <trkpt lon="7.971596" lat="45.982270"><ele>2101.25</ele></trkpt>
   <trkpt lon="7.971630" lat="45.982284"><ele>2102.25</ele></trkpt>
   <trkpt lon="7.971633" lat="45.982297"><ele>2102.75</ele></trkpt>
   <trkpt lon="7.971616" lat="45.982318"><ele>2104.0</ele></trkpt>
   <trkpt lon="7.971626" lat="45.982363"><ele>2106.25</ele></trkpt>
   <trkpt lon="7.971600" lat="45.982390"><ele>2107.75</ele></trkpt>
   <trkpt lon="7.971609" lat="45.982429"><ele>2109.75</ele></trkpt>
   <trkpt lon="7.971598" lat="45.982453"><ele>2111.0</ele></trkpt>
   <trkpt lon="7.971616" lat="45.982472"><ele>2112.0</ele></trkpt>
   <trkpt lon="7.971596" lat="45.982523"><ele>2114.25</ele></trkpt>
   <trkpt lon="7.971609" lat="45.982552"><ele>2115.5</ele></trkpt>
   <trkpt lon="7.971595" lat="45.982579"><ele>2116.5</ele></trkpt>
   <trkpt lon="7.971602" lat="45.982609"><ele>2117.75</ele></trkpt>
   <trkpt lon="7.971576" lat="45.982649"><ele>2119.25</ele></trkpt>
   <trkpt lon="7.971548" lat="45.982673"><ele>2120.25</ele></trkpt>
   <trkpt lon="7.971549" lat="45.982700"><ele>2121.5</ele></trkpt>
   <trkpt lon="7.971539" lat="45.982724"><ele>2122.5</ele></trkpt>
   <trkpt lon="7.971552" lat="45.982759"><ele>2124.0</ele></trkpt>
   <trkpt lon="7.971516" lat="45.982799"><ele>2125.75</ele></trkpt>
   <trkpt lon="7.971485" lat="45.982817"><ele>2126.25</ele></trkpt>
   <trkpt lon="7.971458" lat="45.982856"><ele>2127.75</ele></trkpt>
   <trkpt lon="7.971458" lat="45.982885"><ele>2128.5</ele></trkpt>
   <trkpt lon="7.971470" lat="45.982912"><ele>2129.25</ele></trkpt>
   <trkpt lon="7.971536" lat="45.982941"><ele>2130.25</ele></trkpt>
   <trkpt lon="7.971545" lat="45.982968"><ele>2131.0</ele></trkpt>
   <trkpt lon="7.971595" lat="45.983013"><ele>2132.75</ele></trkpt>
   <trkpt lon="7.971605" lat="45.983066"><ele>2134.75</ele></trkpt>
   <trkpt lon="7.971598" lat="45.983100"><ele>2135.75</ele></trkpt>
   <trkpt lon="7.971614" lat="45.983130"><ele>2136.75</ele></trkpt>
   <trkpt lon="7.971617" lat="45.983162"><ele>2137.75</ele></trkpt>
   <trkpt lon="7.971608" lat="45.983197"><ele>2138.75</ele></trkpt>
   <trkpt lon="7.971570" lat="45.983258"><ele>2140.25</ele></trkpt>
   <trkpt lon="7.971557" lat="45.983296"><ele>2141.25</ele></trkpt>
   <trkpt lon="7.971520" lat="45.983326"><ele>2141.5</ele></trkpt>
   <trkpt lon="7.971512" lat="45.983383"><ele>2143.0</ele></trkpt>
   <trkpt lon="7.971535" lat="45.983464"><ele>2145.75</ele></trkpt>
   <trkpt lon="7.971529" lat="45.983481"><ele>2146.25</ele></trkpt>
   <trkpt lon="7.971508" lat="45.983502"><ele>2146.5</ele></trkpt>
   <trkpt lon="7.971515" lat="45.983643"><ele>2151.5</ele></trkpt>
   <trkpt lon="7.971487" lat="45.983734"><ele>2156.25</ele></trkpt>
   <trkpt lon="7.971455" lat="45.983783"><ele>2158.5</ele></trkpt>
   <trkpt lon="7.971421" lat="45.983817"><ele>2159.75</ele></trkpt>
   <trkpt lon="7.971411" lat="45.983869"><ele>2162.25</ele></trkpt>
   <trkpt lon="7.971395" lat="45.983902"><ele>2163.75</ele></trkpt>
   <trkpt lon="7.971398" lat="45.983938"><ele>2165.75</ele></trkpt>
   <trkpt lon="7.971450" lat="45.983959"><ele>2168.0</ele></trkpt>
   <trkpt lon="7.971513" lat="45.983971"><ele>2170.0</ele></trkpt>
   <trkpt lon="7.971540" lat="45.983985"><ele>2171.25</ele></trkpt>
   <trkpt lon="7.971557" lat="45.984015"><ele>2173.25</ele></trkpt>
   <trkpt lon="7.971591" lat="45.984033"><ele>2175.0</ele></trkpt>
   <trkpt lon="7.971641" lat="45.984037"><ele>2176.25</ele></trkpt>
   <trkpt lon="7.971826" lat="45.984003"><ele>2179.25</ele></trkpt>
   <trkpt lon="7.971973" lat="45.983998"><ele>2182.25</ele></trkpt>
   <trkpt lon="7.972008" lat="45.984011"><ele>2183.5</ele></trkpt>
   <trkpt lon="7.972026" lat="45.984038"><ele>2185.0</ele></trkpt>
   <trkpt lon="7.972028" lat="45.984054"><ele>2185.75</ele></trkpt>
   <trkpt lon="7.972020" lat="45.984102"><ele>2187.75</ele></trkpt>
   <trkpt lon="7.971950" lat="45.984173"><ele>2190.25</ele></trkpt>
   <trkpt lon="7.971943" lat="45.984188"><ele>2190.5</ele></trkpt>
   <trkpt lon="7.971944" lat="45.984217"><ele>2191.5</ele></trkpt>
   <trkpt lon="7.971955" lat="45.984232"><ele>2192.25</ele></trkpt>
   <trkpt lon="7.971941" lat="45.984288"><ele>2193.75</ele></trkpt>
   <trkpt lon="7.971946" lat="45.984304"><ele>2194.25</ele></trkpt>
   <trkpt lon="7.971927" lat="45.984313"><ele>2194.25</ele></trkpt>
   <trkpt lon="7.971912" lat="45.984330"><ele>2194.75</ele></trkpt>
   <trkpt lon="7.971904" lat="45.984383"><ele>2196.5</ele></trkpt>
   <trkpt lon="7.971911" lat="45.984448"><ele>2198.75</ele></trkpt>
   <trkpt lon="7.971900" lat="45.984466"><ele>2199.25</ele></trkpt>
   <trkpt lon="7.971815" lat="45.984488"><ele>2199.5</ele></trkpt>
   <trkpt lon="7.971783" lat="45.984503"><ele>2200.0</ele></trkpt>
   <trkpt lon="7.971755" lat="45.984526"><ele>2200.75</ele></trkpt>
   <trkpt lon="7.971754" lat="45.984554"><ele>2201.75</ele></trkpt>
   <trkpt lon="7.971714" lat="45.984583"><ele>2202.5</ele></trkpt>
   <trkpt lon="7.971668" lat="45.984599"><ele>2203.0</ele></trkpt>
   <trkpt lon="7.971654" lat="45.984622"><ele>2203.75</ele></trkpt>
   <trkpt lon="7.971601" lat="45.984656"><ele>2204.5</ele></trkpt>
   <trkpt lon="7.971571" lat="45.984710"><ele>2206.25</ele></trkpt>
   <trkpt lon="7.971495" lat="45.984740"><ele>2206.75</ele></trkpt>
   <trkpt lon="7.971407" lat="45.984788"><ele>2207.25</ele></trkpt>
   <trkpt lon="7.971324" lat="45.984854"><ele>2208.75</ele></trkpt>
   <trkpt lon="7.971320" lat="45.984919"><ele>2210.75</ele></trkpt>
   <trkpt lon="7.971300" lat="45.984939"><ele>2211.25</ele></trkpt>
   <trkpt lon="7.971242" lat="45.984967"><ele>2211.75</ele></trkpt>
   <trkpt lon="7.971209" lat="45.984996"><ele>2212.5</ele></trkpt>
   <trkpt lon="7.971191" lat="45.985002"><ele>2212.5</ele></trkpt>
   <trkpt lon="7.971145" lat="45.985045"><ele>2213.25</ele></trkpt>
   <trkpt lon="7.971135" lat="45.985141"><ele>2215.75</ele></trkpt>
   <trkpt lon="7.971145" lat="45.985207"><ele>2217.5</ele></trkpt>
   <trkpt lon="7.971133" lat="45.985267"><ele>2218.75</ele></trkpt>
   <trkpt lon="7.971084" lat="45.985369"><ele>2220.25</ele></trkpt>
   <trkpt lon="7.971075" lat="45.985428"><ele>2221.25</ele></trkpt>
   <trkpt lon="7.971037" lat="45.985476"><ele>2221.5</ele></trkpt>
   <trkpt lon="7.970997" lat="45.985601"><ele>2222.75</ele></trkpt>
   <trkpt lon="7.971015" lat="45.985630"><ele>2223.5</ele></trkpt>
   <trkpt lon="7.971046" lat="45.985647"><ele>2224.5</ele></trkpt>
   <trkpt lon="7.971049" lat="45.985779"><ele>2226.5</ele></trkpt>
   <trkpt lon="7.971021" lat="45.985925"><ele>2229.25</ele></trkpt>
   <trkpt lon="7.970951" lat="45.986047"><ele>2231.5</ele></trkpt>
   <trkpt lon="7.970907" lat="45.986225"><ele>2236.75</ele></trkpt>
   <trkpt lon="7.970815" lat="45.986362"><ele>2238.75</ele></trkpt>
   <trkpt lon="7.970783" lat="45.986491"><ele>2244.25</ele></trkpt>
   <trkpt lon="7.970785" lat="45.986537"><ele>2246.5</ele></trkpt>
   <trkpt lon="7.970730" lat="45.986613"><ele>2249.5</ele></trkpt>
   <trkpt lon="7.970521" lat="45.986739"><ele>2256.0</ele></trkpt>
   <trkpt lon="7.970266" lat="45.986800"><ele>2260.5</ele></trkpt>
   <trkpt lon="7.970117" lat="45.986872"><ele>2263.0</ele></trkpt>
   <trkpt lon="7.970048" lat="45.986945"><ele>2266.5</ele></trkpt>
   <trkpt lon="7.969990" lat="45.987029"><ele>2271.5</ele></trkpt>
   <trkpt lon="7.970000" lat="45.987106"><ele>2277.0</ele></trkpt>
   <trkpt lon="7.970062" lat="45.987153"><ele>2280.75</ele></trkpt>
   <trkpt lon="7.970148" lat="45.987155"><ele>2281.5</ele></trkpt>
   <trkpt lon="7.970201" lat="45.987209"><ele>2285.5</ele></trkpt>
   <trkpt lon="7.970344" lat="45.987233"><ele>2289.0</ele></trkpt>
   <trkpt lon="7.970382" lat="45.987278"><ele>2292.0</ele></trkpt>
   <trkpt lon="7.970359" lat="45.987303"><ele>2293.0</ele></trkpt>
   <trkpt lon="7.970165" lat="45.987415"><ele>2298.25</ele></trkpt>
   <trkpt lon="7.970120" lat="45.987470"><ele>2301.5</ele></trkpt>
   <trkpt lon="7.969988" lat="45.987522"><ele>2304.0</ele></trkpt>
   <trkpt lon="7.969621" lat="45.987726"><ele>2311.5</ele></trkpt>
   <trkpt lon="7.969444" lat="45.988170"><ele>2327.75</ele></trkpt>
   <trkpt lon="7.969263" lat="45.988277"><ele>2330.5</ele></trkpt>
   <trkpt lon="7.969146" lat="45.988264"><ele>2328.25</ele></trkpt>
   <trkpt lon="7.969100" lat="45.988415"><ele>2334.5</ele></trkpt>
   <trkpt lon="7.968968" lat="45.988505"><ele>2337.5</ele></trkpt>
   <trkpt lon="7.968968" lat="45.988569"><ele>2340.25</ele></trkpt>
   <trkpt lon="7.968806" lat="45.988630"><ele>2342.5</ele></trkpt>
   <trkpt lon="7.968800" lat="45.988698"><ele>2344.5</ele></trkpt>
   <trkpt lon="7.968980" lat="45.988795"><ele>2348.0</ele></trkpt>
   <trkpt lon="7.968963" lat="45.988930"><ele>2352.75</ele></trkpt>
   <trkpt lon="7.969041" lat="45.988965"><ele>2354.25</ele></trkpt>
   <trkpt lon="7.969006" lat="45.989027"><ele>2356.75</ele></trkpt>
   <trkpt lon="7.969056" lat="45.989086"><ele>2358.75</ele></trkpt>
   <trkpt lon="7.969027" lat="45.989148"><ele>2361.25</ele></trkpt>
   <trkpt lon="7.969134" lat="45.989258"><ele>2364.0</ele></trkpt>
   <trkpt lon="7.969113" lat="45.989312"><ele>2365.75</ele></trkpt>
   <trkpt lon="7.969269" lat="45.989364"><ele>2367.75</ele></trkpt>
   <trkpt lon="7.969255" lat="45.989410"><ele>2369.0</ele></trkpt>
   <trkpt lon="7.969367" lat="45.989448"><ele>2370.75</ele></trkpt>
   <trkpt lon="7.969369" lat="45.989497"><ele>2372.0</ele></trkpt>
   <trkpt lon="7.969393" lat="45.989542"><ele>2373.25</ele></trkpt>
   <trkpt lon="7.969495" lat="45.989565"><ele>2374.75</ele></trkpt>
   <trkpt lon="7.969578" lat="45.989628"><ele>2378.0</ele></trkpt>
   <trkpt lon="7.969566" lat="45.989699"><ele>2379.5</ele></trkpt>
   <trkpt lon="7.969599" lat="45.989732"><ele>2381.0</ele></trkpt>
   <trkpt lon="7.969597" lat="45.989802"><ele>2383.0</ele></trkpt>
   <trkpt lon="7.969649" lat="45.989850"><ele>2385.5</ele></trkpt>
   <trkpt lon="7.969606" lat="45.989897"><ele>2386.0</ele></trkpt>
   <trkpt lon="7.969621" lat="45.989986"><ele>2389.0</ele></trkpt>
   <trkpt lon="7.969690" lat="45.990002"><ele>2391.0</ele></trkpt>
   <trkpt lon="7.969761" lat="45.989976"><ele>2392.25</ele></trkpt>
   <trkpt lon="7.969920" lat="45.989989"><ele>2397.75</ele></trkpt>
   <trkpt lon="7.970041" lat="45.989962"><ele>2400.75</ele></trkpt>
   <trkpt lon="7.970148" lat="45.989975"><ele>2404.75</ele></trkpt>
   <trkpt lon="7.970136" lat="45.990010"><ele>2405.5</ele></trkpt>
   <trkpt lon="7.970213" lat="45.990036"><ele>2408.75</ele></trkpt>
   <trkpt lon="7.970281" lat="45.990010"><ele>2410.25</ele></trkpt>
   <trkpt lon="7.970368" lat="45.990045"><ele>2414.5</ele></trkpt>
   <trkpt lon="7.970421" lat="45.990032"><ele>2416.0</ele></trkpt>
   <trkpt lon="7.970468" lat="45.990065"><ele>2418.5</ele></trkpt>
   <trkpt lon="7.970528" lat="45.990036"><ele>2420.0</ele></trkpt>
   <trkpt lon="7.970543" lat="45.989960"><ele>2418.25</ele></trkpt>
   <trkpt lon="7.970605" lat="45.990004"><ele>2421.75</ele></trkpt>
   <trkpt lon="7.970676" lat="45.990006"><ele>2424.25</ele></trkpt>
   <trkpt lon="7.970774" lat="45.989950"><ele>2426.25</ele></trkpt>
   <trkpt lon="7.970789" lat="45.990034"><ele>2429.25</ele></trkpt>
   <trkpt lon="7.970777" lat="45.990076"><ele>2429.75</ele></trkpt>
   <trkpt lon="7.970831" lat="45.990088"><ele>2432.0</ele></trkpt>
   <trkpt lon="7.970792" lat="45.990193"><ele>2433.25</ele></trkpt>
   <trkpt lon="7.970905" lat="45.990210"><ele>2437.25</ele></trkpt>
   <trkpt lon="7.971032" lat="45.990164"><ele>2439.75</ele></trkpt>
   <trkpt lon="7.970988" lat="45.990239"><ele>2440.25</ele></trkpt>
   <trkpt lon="7.971000" lat="45.990284"><ele>2441.75</ele></trkpt>
   <trkpt lon="7.971068" lat="45.990249"><ele>2443.0</ele></trkpt>
   <trkpt lon="7.971136" lat="45.990459"><ele>2450.0</ele></trkpt>
   <trkpt lon="7.971196" lat="45.990422"><ele>2450.75</ele></trkpt>
   <trkpt lon="7.971227" lat="45.990446"><ele>2452.0</ele></trkpt>
   <trkpt lon="7.971380" lat="45.990434"><ele>2456.0</ele></trkpt>
   <trkpt lon="7.971422" lat="45.990485"><ele>2457.5</ele></trkpt>
   <trkpt lon="7.971390" lat="45.990559"><ele>2458.0</ele></trkpt>
   <trkpt lon="7.971570" lat="45.990521"><ele>2461.25</ele></trkpt>
   <trkpt lon="7.971566" lat="45.990595"><ele>2461.75</ele></trkpt>
   <trkpt lon="7.971678" lat="45.990659"><ele>2463.75</ele></trkpt>
   <trkpt lon="7.972022" lat="45.990702"><ele>2468.25</ele></trkpt>
   <trkpt lon="7.972129" lat="45.990734"><ele>2469.25</ele></trkpt>
   <trkpt lon="7.972244" lat="45.990820"><ele>2470.25</ele></trkpt>
   <trkpt lon="7.972289" lat="45.990886"><ele>2471.75</ele></trkpt>
   <trkpt lon="7.972398" lat="45.990955"><ele>2475.0</ele></trkpt>
   <trkpt lon="7.972454" lat="45.991032"><ele>2478.25</ele></trkpt>
   <trkpt lon="7.972582" lat="45.991079"><ele>2482.75</ele></trkpt>
   <trkpt lon="7.972644" lat="45.991092"><ele>2484.5</ele></trkpt>
   <trkpt lon="7.972711" lat="45.991164"><ele>2487.75</ele></trkpt>
   <trkpt lon="7.973016" lat="45.991296"><ele>2497.5</ele></trkpt>
   <trkpt lon="7.973113" lat="45.991358"><ele>2501.25</ele></trkpt>
   <trkpt lon="7.973229" lat="45.991396"><ele>2504.75</ele></trkpt>
   <trkpt lon="7.973288" lat="45.991405"><ele>2506.5</ele></trkpt>
   <trkpt lon="7.973349" lat="45.991495"><ele>2510.25</ele></trkpt>
   <trkpt lon="7.973354" lat="45.991531"><ele>2511.5</ele></trkpt>
   <trkpt lon="7.973442" lat="45.991556"><ele>2514.75</ele></trkpt>
   <trkpt lon="7.973496" lat="45.991611"><ele>2518.25</ele></trkpt>
   <trkpt lon="7.973538" lat="45.991681"><ele>2522.0</ele></trkpt>
   <trkpt lon="7.973679" lat="45.991775"><ele>2528.0</ele></trkpt>
   <trkpt lon="7.973689" lat="45.991807"><ele>2529.0</ele></trkpt>
   <trkpt lon="7.973770" lat="45.991845"><ele>2532.0</ele></trkpt>
   <trkpt lon="7.973807" lat="45.991907"><ele>2534.5</ele></trkpt>
   <trkpt lon="7.973882" lat="45.991968"><ele>2537.75</ele></trkpt>
   <trkpt lon="7.974025" lat="45.992031"><ele>2540.5</ele></trkpt>
   <trkpt lon="7.974249" lat="45.992201"><ele>2545.5</ele></trkpt>
   <trkpt lon="7.974284" lat="45.992298"><ele>2549.25</ele></trkpt>
   <trkpt lon="7.974360" lat="45.992352"><ele>2552.75</ele></trkpt>
   <trkpt lon="7.974408" lat="45.992424"><ele>2556.5</ele></trkpt>
   <trkpt lon="7.974479" lat="45.992503"><ele>2560.25</ele></trkpt>
   <trkpt lon="7.974593" lat="45.992578"><ele>2563.5</ele></trkpt>
   <trkpt lon="7.974671" lat="45.992660"><ele>2566.5</ele></trkpt>
   <trkpt lon="7.974780" lat="45.992696"><ele>2569.0</ele></trkpt>
   <trkpt lon="7.974902" lat="45.992746"><ele>2572.5</ele></trkpt>
   <trkpt lon="7.974969" lat="45.992755"><ele>2574.0</ele></trkpt>
   <trkpt lon="7.975165" lat="45.992824"><ele>2578.0</ele></trkpt>
   <trkpt lon="7.975143" lat="45.992912"><ele>2580.75</ele></trkpt>
   <trkpt lon="7.974907" lat="45.993121"><ele>2585.75</ele></trkpt>
   <trkpt lon="7.975021" lat="45.993137"><ele>2588.0</ele></trkpt>
   <trkpt lon="7.975142" lat="45.993207"><ele>2592.25</ele></trkpt>
   <trkpt lon="7.975128" lat="45.993390"><ele>2599.75</ele></trkpt>
   <trkpt lon="7.975077" lat="45.993479"><ele>2602.5</ele></trkpt>
   <trkpt lon="7.975031" lat="45.993605"><ele>2607.0</ele></trkpt>
   <trkpt lon="7.974873" lat="45.993684"><ele>2607.75</ele></trkpt>
   <trkpt lon="7.974796" lat="45.993785"><ele>2610.0</ele></trkpt>
   <trkpt lon="7.974816" lat="45.993825"><ele>2611.75</ele></trkpt>
   <trkpt lon="7.974895" lat="45.993851"><ele>2614.25</ele></trkpt>
   <trkpt lon="7.975453" lat="45.993834"><ele>2621.5</ele></trkpt>
   <trkpt lon="7.975522" lat="45.993870"><ele>2623.75</ele></trkpt>
   <trkpt lon="7.975588" lat="45.993962"><ele>2627.75</ele></trkpt>
   <trkpt lon="7.975580" lat="45.993994"><ele>2628.75</ele></trkpt>
   <trkpt lon="7.975594" lat="45.994009"><ele>2629.5</ele></trkpt>
   <trkpt lon="7.975559" lat="45.994015"><ele>2629.5</ele></trkpt>
   <trkpt lon="7.975525" lat="45.994039"><ele>2630.0</ele></trkpt>
   <trkpt lon="7.975588" lat="45.994072"><ele>2631.75</ele></trkpt>
   <trkpt lon="7.975750" lat="45.994109"><ele>2635.25</ele></trkpt>
   <trkpt lon="7.975884" lat="45.994198"><ele>2640.0</ele></trkpt>
   <trkpt lon="7.975958" lat="45.994185"><ele>2640.25</ele></trkpt>
   <trkpt lon="7.975980" lat="45.994227"><ele>2641.75</ele></trkpt>
   <trkpt lon="7.975954" lat="45.994260"><ele>2642.5</ele></trkpt>
   <trkpt lon="7.976043" lat="45.994314"><ele>2645.25</ele></trkpt>
   <trkpt lon="7.976068" lat="45.994381"><ele>2648.0</ele></trkpt>
   <trkpt lon="7.976101" lat="45.994420"><ele>2649.75</ele></trkpt>
   <trkpt lon="7.976170" lat="45.994400"><ele>2649.5</ele></trkpt>
   <trkpt lon="7.976412" lat="45.994455"><ele>2652.5</ele></trkpt>
   <trkpt lon="7.976509" lat="45.994583"><ele>2657.75</ele></trkpt>
   <trkpt lon="7.976604" lat="45.994640"><ele>2661.5</ele></trkpt>
   <trkpt lon="7.976666" lat="45.994659"><ele>2663.5</ele></trkpt>
   <trkpt lon="7.976759" lat="45.994621"><ele>2664.25</ele></trkpt>
   <trkpt lon="7.976802" lat="45.994646"><ele>2666.25</ele></trkpt>
   <trkpt lon="7.976761" lat="45.994686"><ele>2666.75</ele></trkpt>
   <trkpt lon="7.976787" lat="45.994729"><ele>2669.0</ele></trkpt>
   <trkpt lon="7.976875" lat="45.994750"><ele>2671.75</ele></trkpt>
   <trkpt lon="7.976918" lat="45.994720"><ele>2672.0</ele></trkpt>
   <trkpt lon="7.976949" lat="45.994776"><ele>2674.0</ele></trkpt>
   <trkpt lon="7.977009" lat="45.994774"><ele>2675.0</ele></trkpt>
   <trkpt lon="7.977026" lat="45.994822"><ele>2676.5</ele></trkpt>
   <trkpt lon="7.977125" lat="45.994827"><ele>2678.75</ele></trkpt>
   <trkpt lon="7.977067" lat="45.994883"><ele>2678.75</ele></trkpt>
   <trkpt lon="7.977125" lat="45.994939"><ele>2681.5</ele></trkpt>
   <trkpt lon="7.977287" lat="45.994955"><ele>2686.0</ele></trkpt>
   <trkpt lon="7.977374" lat="45.995032"><ele>2690.5</ele></trkpt>
   <trkpt lon="7.977414" lat="45.995120"><ele>2694.75</ele></trkpt>
   <trkpt lon="7.977515" lat="45.995223"><ele>2701.25</ele></trkpt>
   <trkpt lon="7.977555" lat="45.995210"><ele>2702.0</ele></trkpt>
   <trkpt lon="7.977636" lat="45.995198"><ele>2704.0</ele></trkpt>
   <trkpt lon="7.977700" lat="45.995224"><ele>2707.0</ele></trkpt>
   <trkpt lon="7.977691" lat="45.995244"><ele>2707.75</ele></trkpt>
   <trkpt lon="7.977793" lat="45.995328"><ele>2713.75</ele></trkpt>
   <trkpt lon="7.977859" lat="45.995315"><ele>2715.75</ele></trkpt>
   <trkpt lon="7.977904" lat="45.995249"><ele>2715.25</ele></trkpt>
   <trkpt lon="7.977964" lat="45.995247"><ele>2717.25</ele></trkpt>
   <trkpt lon="7.977994" lat="45.995218"><ele>2717.0</ele></trkpt>
   <trkpt lon="7.978021" lat="45.995167"><ele>2715.5</ele></trkpt>
   <trkpt lon="7.978092" lat="45.995233"><ele>2720.75</ele></trkpt>
   <trkpt lon="7.978156" lat="45.995198"><ele>2721.0</ele></trkpt>
   <trkpt lon="7.978189" lat="45.995210"><ele>2722.5</ele></trkpt>
   <trkpt lon="7.978248" lat="45.995249"><ele>2726.0</ele></trkpt>
   <trkpt lon="7.978279" lat="45.995246"><ele>2726.75</ele></trkpt>
   <trkpt lon="7.978313" lat="45.995305"><ele>2730.25</ele></trkpt>
   <trkpt lon="7.978374" lat="45.995315"><ele>2732.5</ele></trkpt>
   <trkpt lon="7.978448" lat="45.995370"><ele>2737.0</ele></trkpt>
   <trkpt lon="7.978507" lat="45.995399"><ele>2740.0</ele></trkpt>
   <trkpt lon="7.978583" lat="45.995403"><ele>2742.75</ele></trkpt>
   <trkpt lon="7.978590" lat="45.995429"><ele>2744.25</ele></trkpt>
   <trkpt lon="7.978616" lat="45.995447"><ele>2746.0</ele></trkpt>
   <trkpt lon="7.978709" lat="45.995434"><ele>2747.5</ele></trkpt>
   <trkpt lon="7.978792" lat="45.995437"><ele>2749.75</ele></trkpt>
   <trkpt lon="7.978866" lat="45.995505"><ele>2753.75</ele></trkpt>
   <trkpt lon="7.978904" lat="45.995528"><ele>2755.5</ele></trkpt>
   <trkpt lon="7.978968" lat="45.995533"><ele>2758.0</ele></trkpt>
   <trkpt lon="7.978951" lat="45.995554"><ele>2758.0</ele></trkpt>
   <trkpt lon="7.979030" lat="45.995589"><ele>2761.5</ele></trkpt>
   <trkpt lon="7.979044" lat="45.995637"><ele>2763.0</ele></trkpt>
   <trkpt lon="7.979163" lat="45.995685"><ele>2766.25</ele></trkpt>
   <trkpt lon="7.979177" lat="45.995778"><ele>2767.0</ele></trkpt>
   <trkpt lon="7.979268" lat="45.995884"><ele>2771.0</ele></trkpt>
   <trkpt lon="7.979345" lat="45.996149"><ele>2775.75</ele></trkpt>
   <trkpt lon="7.979329" lat="45.996238"><ele>2777.5</ele></trkpt>
   <trkpt lon="7.979357" lat="45.996398"><ele>2781.75</ele></trkpt>
   <trkpt lon="7.979334" lat="45.996543"><ele>2785.0</ele></trkpt>
   <trkpt lon="7.979329" lat="45.996750"><ele>2789.75</ele></trkpt>
   <trkpt lon="7.979218" lat="45.996765"><ele>2790.0</ele></trkpt>
   <trkpt lon="7.979163" lat="45.996882"><ele>2792.5</ele></trkpt>
   <trkpt lon="7.979184" lat="45.997078"><ele>2798.5</ele></trkpt>
   <trkpt lon="7.979326" lat="45.997422"><ele>2809.0</ele></trkpt>
   <trkpt lon="7.979238" lat="45.997508"><ele>2812.25</ele></trkpt>
   <trkpt lon="7.978972" lat="45.997491"><ele>2816.5</ele></trkpt>
   <trkpt lon="7.978693" lat="45.997689"><ele>2824.25</ele></trkpt>
   <trkpt lon="7.978568" lat="45.997732"><ele>2822.75</ele></trkpt>
   <trkpt lon="7.978589" lat="45.997780"><ele>2823.5</ele></trkpt>
   <trkpt lon="7.978721" lat="45.997810"><ele>2826.25</ele></trkpt>
   <trkpt lon="7.978825" lat="45.997784"><ele>2827.75</ele></trkpt>
   <trkpt lon="7.978979" lat="45.997780"><ele>2829.25</ele></trkpt>
   <trkpt lon="7.979030" lat="45.997852"><ele>2831.0</ele></trkpt>
   <trkpt lon="7.979077" lat="45.997860"><ele>2831.5</ele></trkpt>
   <trkpt lon="7.979100" lat="45.997904"><ele>2832.5</ele></trkpt>
   <trkpt lon="7.979149" lat="45.997919"><ele>2833.25</ele></trkpt>
   <trkpt lon="7.979148" lat="45.997939"><ele>2833.75</ele></trkpt>
   <trkpt lon="7.979190" lat="45.997958"><ele>2834.75</ele></trkpt>
   <trkpt lon="7.979189" lat="45.997982"><ele>2835.5</ele></trkpt>
   <trkpt lon="7.979279" lat="45.998021"><ele>2838.75</ele></trkpt>
   <trkpt lon="7.979388" lat="45.998115"><ele>2844.75</ele></trkpt>
   <trkpt lon="7.979395" lat="45.998138"><ele>2845.5</ele></trkpt>
   <trkpt lon="7.979511" lat="45.998198"><ele>2850.25</ele></trkpt>
   <trkpt lon="7.979566" lat="45.998203"><ele>2852.0</ele></trkpt>
   <trkpt lon="7.979658" lat="45.998254"><ele>2856.5</ele></trkpt>
   <trkpt lon="7.979711" lat="45.998257"><ele>2858.25</ele></trkpt>
   <trkpt lon="7.979755" lat="45.998287"><ele>2860.25</ele></trkpt>
   <trkpt lon="7.979762" lat="45.998307"><ele>2861.0</ele></trkpt>
   <trkpt lon="7.979828" lat="45.998349"><ele>2862.5</ele></trkpt>
   <trkpt lon="7.979839" lat="45.998370"><ele>2862.5</ele></trkpt>
   <trkpt lon="7.979887" lat="45.998398"><ele>2863.0</ele></trkpt>
   <trkpt lon="7.979893" lat="45.998421"><ele>2863.0</ele></trkpt>
   <trkpt lon="7.979983" lat="45.998417"><ele>2864.0</ele></trkpt>
   <trkpt lon="7.980001" lat="45.998411"><ele>2864.25</ele></trkpt>
   <trkpt lon="7.980033" lat="45.998430"><ele>2864.5</ele></trkpt>
   <trkpt lon="7.980069" lat="45.998423"><ele>2864.5</ele></trkpt>
   <trkpt lon="7.980081" lat="45.998452"><ele>2864.75</ele></trkpt>
   <trkpt lon="7.980141" lat="45.998458"><ele>2865.0</ele></trkpt>
   <trkpt lon="7.980174" lat="45.998435"><ele>2865.0</ele></trkpt>
   <trkpt lon="7.980176" lat="45.998400"><ele>2865.0</ele></trkpt>
   <trkpt lon="7.980152" lat="45.998377"><ele>2865.0</ele></trkpt>
   <trkpt lon="7.980139" lat="45.998303"><ele>2864.25</ele></trkpt>
   <trkpt lon="7.980189" lat="45.998259"><ele>2864.0</ele></trkpt>
   <trkpt lon="7.980340" lat="45.998228"><ele>2864.0</ele></trkpt>
   <trkpt lon="7.980420" lat="45.998203"><ele>2862.5</ele></trkpt>
   <trkpt lon="7.980414" lat="45.998223"><ele>2863.0</ele></trkpt>
   <trkpt lon="7.980505" lat="45.998219"><ele>2861.75</ele></trkpt>
   <trkpt lon="7.980567" lat="45.998266"><ele>2862.0</ele></trkpt>
   <trkpt lon="7.980612" lat="45.998269"><ele>2860.75</ele></trkpt>
   <trkpt lon="7.980747" lat="45.998345"><ele>2855.5</ele></trkpt>
   <trkpt lon="7.980798" lat="45.998373"><ele>2855.5</ele></trkpt>
   <trkpt lon="7.980828" lat="45.998388"><ele>2854.25</ele></trkpt>
   <trkpt lon="7.980859" lat="45.998423"><ele>2852.75</ele></trkpt>
   <trkpt lon="7.980913" lat="45.998447"><ele>2851.25</ele></trkpt>
   <trkpt lon="7.981018" lat="45.998447"><ele>2850.0</ele></trkpt>
   <trkpt lon="7.981050" lat="45.998432"><ele>2850.0</ele></trkpt>
   <trkpt lon="7.981087" lat="45.998416"><ele>2850.25</ele></trkpt>
   <trkpt lon="7.981127" lat="45.998407"><ele>2850.25</ele></trkpt>
   <trkpt lon="7.981152" lat="45.998412"><ele>2850.0</ele></trkpt>
   <trkpt lon="7.981153" lat="45.998425"><ele>2849.5</ele></trkpt>
   <trkpt lon="7.981140" lat="45.998444"><ele>2848.75</ele></trkpt>
   <trkpt lon="7.981153" lat="45.998459"><ele>2848.25</ele></trkpt>
   <trkpt lon="7.981154" lat="45.998481"><ele>2847.5</ele></trkpt>
   <trkpt lon="7.981131" lat="45.998563"><ele>2844.5</ele></trkpt>
   <trkpt lon="7.981157" lat="45.998616"><ele>2842.5</ele></trkpt>
   <trkpt lon="7.981154" lat="45.998635"><ele>2841.25</ele></trkpt>
   <trkpt lon="7.981140" lat="45.998658"><ele>2840.0</ele></trkpt>
   <trkpt lon="7.981106" lat="45.998688"><ele>2838.5</ele></trkpt>
   <trkpt lon="7.981020" lat="45.998729"><ele>2837.0</ele></trkpt>
   <trkpt lon="7.980932" lat="45.998796"><ele>2834.0</ele></trkpt>
   <trkpt lon="7.980868" lat="45.998820"><ele>2833.0</ele></trkpt>
   <trkpt lon="7.980841" lat="45.998839"><ele>2832.0</ele></trkpt>
   <trkpt lon="7.980827" lat="45.998877"><ele>2829.75</ele></trkpt>
   <trkpt lon="7.980788" lat="45.998911"><ele>2828.75</ele></trkpt>
   <trkpt lon="7.980769" lat="45.998938"><ele>2827.5</ele></trkpt>
   <trkpt lon="7.980767" lat="45.998959"><ele>2826.5</ele></trkpt>
   <trkpt lon="7.980782" lat="45.999005"><ele>2823.25</ele></trkpt>
   <trkpt lon="7.980754" lat="45.999044"><ele>2821.5</ele></trkpt>
   <trkpt lon="7.980750" lat="45.999067"><ele>2820.25</ele></trkpt>
   <trkpt lon="7.980763" lat="45.999097"><ele>2818.25</ele></trkpt>
   <trkpt lon="7.980743" lat="45.999130"><ele>2816.75</ele></trkpt>
   <trkpt lon="7.980726" lat="45.999199"><ele>2814.0</ele></trkpt>
   <trkpt lon="7.980698" lat="45.999242"><ele>2813.5</ele></trkpt>
   <trkpt lon="7.980694" lat="45.999271"><ele>2812.75</ele></trkpt>
   <trkpt lon="7.980682" lat="45.999287"><ele>2812.5</ele></trkpt>
   <trkpt lon="7.980664" lat="45.999297"><ele>2812.75</ele></trkpt>
   <trkpt lon="7.980615" lat="45.999347"><ele>2812.25</ele></trkpt>
   <trkpt lon="7.980600" lat="45.999458"><ele>2809.75</ele></trkpt>
   <trkpt lon="7.980503" lat="45.999561"><ele>2809.0</ele></trkpt>
   <trkpt lon="7.980498" lat="45.999703"><ele>2805.25</ele></trkpt>
   <trkpt lon="7.980521" lat="45.999802"><ele>2804.0</ele></trkpt>
   <trkpt lon="7.980564" lat="45.999866"><ele>2803.25</ele></trkpt>
   <trkpt lon="7.980586" lat="45.999881"><ele>2803.0</ele></trkpt>
   <trkpt lon="7.980598" lat="45.999901"><ele>2803.0</ele></trkpt>
   <trkpt lon="7.980708" lat="45.999951"><ele>2801.75</ele></trkpt>
   <trkpt lon="7.980744" lat="45.999993"><ele>2801.0</ele></trkpt>
   <trkpt lon="7.980765" lat="46.000056"><ele>2799.0</ele></trkpt>
   <trkpt lon="7.980707" lat="46.000134"><ele>2797.0</ele></trkpt>
   <trkpt lon="7.980706" lat="46.000151"><ele>2796.5</ele></trkpt>
   <trkpt lon="7.980717" lat="46.000160"><ele>2796.25</ele></trkpt>
   <trkpt lon="7.980742" lat="46.000236"><ele>2793.75</ele></trkpt>
   <trkpt lon="7.980742" lat="46.000257"><ele>2793.25</ele></trkpt>
   <trkpt lon="7.980631" lat="46.000357"><ele>2788.75</ele></trkpt>
   <trkpt lon="7.980593" lat="46.000432"><ele>2785.75</ele></trkpt>
   <trkpt lon="7.980565" lat="46.000459"><ele>2784.75</ele></trkpt>
   <trkpt lon="7.980519" lat="46.000486"><ele>2783.75</ele></trkpt>
   <trkpt lon="7.980433" lat="46.000507"><ele>2783.0</ele></trkpt>
   <trkpt lon="7.980386" lat="46.000509"><ele>2783.0</ele></trkpt>
   <trkpt lon="7.980321" lat="46.000502"><ele>2783.25</ele></trkpt>
   <trkpt lon="7.980242" lat="46.000523"><ele>2782.5</ele></trkpt>
   <trkpt lon="7.980193" lat="46.000522"><ele>2782.25</ele></trkpt>
   <trkpt lon="7.980099" lat="46.000506"><ele>2782.5</ele></trkpt>
   <trkpt lon="7.979895" lat="46.000651"><ele>2776.5</ele></trkpt>
   <trkpt lon="7.979834" lat="46.000728"><ele>2773.5</ele></trkpt>
   <trkpt lon="7.979800" lat="46.000755"><ele>2772.5</ele></trkpt>
   <trkpt lon="7.979753" lat="46.000781"><ele>2771.25</ele></trkpt>
   <trkpt lon="7.979715" lat="46.000790"><ele>2770.5</ele></trkpt>
   <trkpt lon="7.979670" lat="46.000818"><ele>2769.25</ele></trkpt>
   <trkpt lon="7.979506" lat="46.000893"><ele>2765.25</ele></trkpt>
   <trkpt lon="7.979339" lat="46.000993"><ele>2760.5</ele></trkpt>
   <trkpt lon="7.979320" lat="46.001010"><ele>2759.75</ele></trkpt>
   <trkpt lon="7.979314" lat="46.001032"><ele>2758.5</ele></trkpt>
   <trkpt lon="7.979235" lat="46.001090"><ele>2755.25</ele></trkpt>
   <trkpt lon="7.979231" lat="46.001108"><ele>2754.25</ele></trkpt>
   <trkpt lon="7.979248" lat="46.001120"><ele>2753.75</ele></trkpt>
   <trkpt lon="7.979307" lat="46.001128"><ele>2753.5</ele></trkpt>
   <trkpt lon="7.979370" lat="46.001173"><ele>2751.0</ele></trkpt>
   <trkpt lon="7.979371" lat="46.001193"><ele>2749.75</ele></trkpt>
   <trkpt lon="7.979334" lat="46.001247"><ele>2746.75</ele></trkpt>
   <trkpt lon="7.979313" lat="46.001262"><ele>2746.0</ele></trkpt>
   <trkpt lon="7.979272" lat="46.001278"><ele>2745.25</ele></trkpt>
   <trkpt lon="7.979200" lat="46.001325"><ele>2743.0</ele></trkpt>
   <trkpt lon="7.979090" lat="46.001370"><ele>2740.25</ele></trkpt>
   <trkpt lon="7.979071" lat="46.001387"><ele>2739.25</ele></trkpt>
   <trkpt lon="7.978982" lat="46.001419"><ele>2737.0</ele></trkpt>
   <trkpt lon="7.978966" lat="46.001436"><ele>2735.75</ele></trkpt>
   <trkpt lon="7.978943" lat="46.001490"><ele>2733.0</ele></trkpt>
   <trkpt lon="7.978917" lat="46.001525"><ele>2731.0</ele></trkpt>
   <trkpt lon="7.978944" lat="46.001534"><ele>2730.5</ele></trkpt>
   <trkpt lon="7.979013" lat="46.001542"><ele>2730.0</ele></trkpt>
   <trkpt lon="7.979094" lat="46.001585"><ele>2727.5</ele></trkpt>
   <trkpt lon="7.979070" lat="46.001603"><ele>2726.5</ele></trkpt>
   <trkpt lon="7.979034" lat="46.001656"><ele>2723.5</ele></trkpt>
   <trkpt lon="7.978999" lat="46.001669"><ele>2722.75</ele></trkpt>
   <trkpt lon="7.978955" lat="46.001696"><ele>2720.75</ele></trkpt>
   <trkpt lon="7.978838" lat="46.001775"><ele>2714.5</ele></trkpt>
   <trkpt lon="7.978773" lat="46.001828"><ele>2710.75</ele></trkpt>
   <trkpt lon="7.978625" lat="46.001869"><ele>2709.75</ele></trkpt>
   <trkpt lon="7.978565" lat="46.001862"><ele>2709.75</ele></trkpt>
   <trkpt lon="7.978540" lat="46.001867"><ele>2709.25</ele></trkpt>
   <trkpt lon="7.978428" lat="46.001921"><ele>2705.25</ele></trkpt>
   <trkpt lon="7.978376" lat="46.001953"><ele>2702.5</ele></trkpt>
   <trkpt lon="7.978354" lat="46.001998"><ele>2698.25</ele></trkpt>
   <trkpt lon="7.978335" lat="46.002026"><ele>2695.75</ele></trkpt>
   <trkpt lon="7.978274" lat="46.002073"><ele>2692.5</ele></trkpt>
   <trkpt lon="7.978207" lat="46.002106"><ele>2691.0</ele></trkpt>
   <trkpt lon="7.978166" lat="46.002114"><ele>2691.0</ele></trkpt>
   <trkpt lon="7.978085" lat="46.002110"><ele>2692.75</ele></trkpt>
   <trkpt lon="7.978044" lat="46.002115"><ele>2693.0</ele></trkpt>
   <trkpt lon="7.977942" lat="46.002143"><ele>2692.0</ele></trkpt>
   <trkpt lon="7.977810" lat="46.002155"><ele>2692.25</ele></trkpt>
   <trkpt lon="7.977794" lat="46.002161"><ele>2692.0</ele></trkpt>
   <trkpt lon="7.977794" lat="46.002176"><ele>2691.25</ele></trkpt>
   <trkpt lon="7.977779" lat="46.002184"><ele>2691.0</ele></trkpt>
   <trkpt lon="7.977670" lat="46.002227"><ele>2689.0</ele></trkpt>
   <trkpt lon="7.977626" lat="46.002233"><ele>2688.75</ele></trkpt>
   <trkpt lon="7.977589" lat="46.002252"><ele>2687.75</ele></trkpt>
   <trkpt lon="7.977543" lat="46.002300"><ele>2685.0</ele></trkpt>
   <trkpt lon="7.977423" lat="46.002360"><ele>2683.25</ele></trkpt>
   <trkpt lon="7.977313" lat="46.002386"><ele>2684.0</ele></trkpt>
   <trkpt lon="7.977280" lat="46.002404"><ele>2683.5</ele></trkpt>
   <trkpt lon="7.977237" lat="46.002436"><ele>2682.75</ele></trkpt>
   <trkpt lon="7.977111" lat="46.002563"><ele>2677.0</ele></trkpt>
   <trkpt lon="7.977053" lat="46.002597"><ele>2675.5</ele></trkpt>
   <trkpt lon="7.977018" lat="46.002608"><ele>2675.5</ele></trkpt>
   <trkpt lon="7.976927" lat="46.002683"><ele>2672.25</ele></trkpt>
   <trkpt lon="7.976868" lat="46.002697"><ele>2672.25</ele></trkpt>
   <trkpt lon="7.976730" lat="46.002759"><ele>2671.5</ele></trkpt>
   <trkpt lon="7.976701" lat="46.002782"><ele>2670.75</ele></trkpt>
   <trkpt lon="7.976686" lat="46.002827"><ele>2668.0</ele></trkpt>
   <trkpt lon="7.976725" lat="46.002857"><ele>2665.0</ele></trkpt>
   <trkpt lon="7.976733" lat="46.002876"><ele>2663.5</ele></trkpt>
   <trkpt lon="7.976731" lat="46.002899"><ele>2661.75</ele></trkpt>
   <trkpt lon="7.976719" lat="46.002916"><ele>2661.0</ele></trkpt>
   <trkpt lon="7.976675" lat="46.002939"><ele>2660.5</ele></trkpt>
   <trkpt lon="7.976687" lat="46.002979"><ele>2657.5</ele></trkpt>
   <trkpt lon="7.976627" lat="46.003003"><ele>2656.75</ele></trkpt>
   <trkpt lon="7.976530" lat="46.003069"><ele>2652.75</ele></trkpt>
   <trkpt lon="7.976440" lat="46.003118"><ele>2650.0</ele></trkpt>
   <trkpt lon="7.976377" lat="46.003142"><ele>2649.5</ele></trkpt>
   <trkpt lon="7.976363" lat="46.003156"><ele>2648.75</ele></trkpt>
   <trkpt lon="7.976390" lat="46.003193"><ele>2646.0</ele></trkpt>
   <trkpt lon="7.976375" lat="46.003215"><ele>2644.75</ele></trkpt>
   <trkpt lon="7.976022" lat="46.003451"><ele>2632.0</ele></trkpt>
   <trkpt lon="7.975919" lat="46.003536"><ele>2628.5</ele></trkpt>
   <trkpt lon="7.975774" lat="46.003612"><ele>2626.25</ele></trkpt>
   <trkpt lon="7.975782" lat="46.003623"><ele>2625.5</ele></trkpt>
   <trkpt lon="7.975819" lat="46.003641"><ele>2623.75</ele></trkpt>
   <trkpt lon="7.975814" lat="46.003697"><ele>2620.0</ele></trkpt>
   <trkpt lon="7.975791" lat="46.003720"><ele>2618.5</ele></trkpt>
   <trkpt lon="7.975756" lat="46.003747"><ele>2617.25</ele></trkpt>
   <trkpt lon="7.975597" lat="46.003829"><ele>2614.5</ele></trkpt>
   <trkpt lon="7.975547" lat="46.003870"><ele>2613.0</ele></trkpt>
   <trkpt lon="7.975484" lat="46.003904"><ele>2610.25</ele></trkpt>
   <trkpt lon="7.975400" lat="46.003933"><ele>2608.0</ele></trkpt>
   <trkpt lon="7.975329" lat="46.003945"><ele>2607.5</ele></trkpt>
   <trkpt lon="7.975323" lat="46.003982"><ele>2604.75</ele></trkpt>
   <trkpt lon="7.975341" lat="46.004003"><ele>2602.75</ele></trkpt>
   <trkpt lon="7.975304" lat="46.004038"><ele>2601.0</ele></trkpt>
   <trkpt lon="7.975078" lat="46.004148"><ele>2600.0</ele></trkpt>
   <trkpt lon="7.974944" lat="46.004240"><ele>2596.0</ele></trkpt>
   <trkpt lon="7.974885" lat="46.004266"><ele>2596.0</ele></trkpt>
   <trkpt lon="7.974872" lat="46.004290"><ele>2594.25</ele></trkpt>
   <trkpt lon="7.974825" lat="46.004342"><ele>2591.75</ele></trkpt>
   <trkpt lon="7.974778" lat="46.004444"><ele>2585.0</ele></trkpt>
   <trkpt lon="7.974689" lat="46.004472"><ele>2585.75</ele></trkpt>
   <trkpt lon="7.974506" lat="46.004575"><ele>2581.0</ele></trkpt>
   <trkpt lon="7.974473" lat="46.004606"><ele>2579.25</ele></trkpt>
   <trkpt lon="7.974463" lat="46.004633"><ele>2577.25</ele></trkpt>
   <trkpt lon="7.974472" lat="46.004656"><ele>2574.75</ele></trkpt>
   <trkpt lon="7.974496" lat="46.004657"><ele>2573.5</ele></trkpt>
   <trkpt lon="7.974506" lat="46.004665"><ele>2572.5</ele></trkpt>
   <trkpt lon="7.974502" lat="46.004676"><ele>2571.5</ele></trkpt>
   <trkpt lon="7.974476" lat="46.004688"><ele>2571.5</ele></trkpt>
   <trkpt lon="7.974448" lat="46.004741"><ele>2568.0</ele></trkpt>
   <trkpt lon="7.974442" lat="46.004780"><ele>2564.25</ele></trkpt>
   <trkpt lon="7.974362" lat="46.004820"><ele>2563.25</ele></trkpt>
   <trkpt lon="7.974283" lat="46.004846"><ele>2563.5</ele></trkpt>
   <trkpt lon="7.974248" lat="46.004898"><ele>2560.25</ele></trkpt>
   <trkpt lon="7.974132" lat="46.004984"><ele>2558.25</ele></trkpt>
   <trkpt lon="7.974120" lat="46.005005"><ele>2557.5</ele></trkpt>
   <trkpt lon="7.974130" lat="46.005022"><ele>2556.5</ele></trkpt>
   <trkpt lon="7.974159" lat="46.005026"><ele>2554.5</ele></trkpt>
   <trkpt lon="7.974207" lat="46.005012"><ele>2552.75</ele></trkpt>
   <trkpt lon="7.974214" lat="46.005021"><ele>2552.25</ele></trkpt>
   <trkpt lon="7.974205" lat="46.005032"><ele>2552.25</ele></trkpt>
   <trkpt lon="7.974213" lat="46.005072"><ele>2550.75</ele></trkpt>
   <trkpt lon="7.974209" lat="46.005120"><ele>2549.5</ele></trkpt>
   <trkpt lon="7.974238" lat="46.005191"><ele>2546.25</ele></trkpt>
   <trkpt lon="7.974238" lat="46.005215"><ele>2545.5</ele></trkpt>
   <trkpt lon="7.974212" lat="46.005265"><ele>2545.25</ele></trkpt>
   <trkpt lon="7.974200" lat="46.005317"><ele>2543.75</ele></trkpt>
   <trkpt lon="7.974149" lat="46.005426"><ele>2540.5</ele></trkpt>
   <trkpt lon="7.974000" lat="46.005558"><ele>2536.25</ele></trkpt>
   <trkpt lon="7.973947" lat="46.005589"><ele>2535.25</ele></trkpt>
   <trkpt lon="7.973886" lat="46.005605"><ele>2535.25</ele></trkpt>
   <trkpt lon="7.973773" lat="46.005686"><ele>2534.5</ele></trkpt>
   <trkpt lon="7.973721" lat="46.005733"><ele>2533.5</ele></trkpt>
   <trkpt lon="7.973729" lat="46.005742"><ele>2532.75</ele></trkpt>
   <trkpt lon="7.973773" lat="46.005733"><ele>2532.0</ele></trkpt>
   <trkpt lon="7.973792" lat="46.005737"><ele>2531.0</ele></trkpt>
   <trkpt lon="7.973832" lat="46.005734"><ele>2530.0</ele></trkpt>
   <trkpt lon="7.973836" lat="46.005738"><ele>2529.75</ele></trkpt>
   <trkpt lon="7.973785" lat="46.005777"><ele>2529.0</ele></trkpt>
   <trkpt lon="7.973712" lat="46.005884"><ele>2525.5</ele></trkpt>
   <trkpt lon="7.973673" lat="46.005924"><ele>2524.75</ele></trkpt>
   <trkpt lon="7.973659" lat="46.005952"><ele>2524.0</ele></trkpt>
   <trkpt lon="7.973510" lat="46.006111"><ele>2521.25</ele></trkpt>
   <trkpt lon="7.973423" lat="46.006259"><ele>2517.5</ele></trkpt>
   <trkpt lon="7.973394" lat="46.006291"><ele>2517.0</ele></trkpt>
   <trkpt lon="7.973356" lat="46.006314"><ele>2516.75</ele></trkpt>
   <trkpt lon="7.973340" lat="46.006387"><ele>2513.75</ele></trkpt>
   <trkpt lon="7.973309" lat="46.006416"><ele>2513.5</ele></trkpt>
   <trkpt lon="7.973298" lat="46.006451"><ele>2512.75</ele></trkpt>
   <trkpt lon="7.973252" lat="46.006510"><ele>2511.75</ele></trkpt>
   <trkpt lon="7.973214" lat="46.006543"><ele>2511.5</ele></trkpt>
   <trkpt lon="7.973177" lat="46.006629"><ele>2509.0</ele></trkpt>
   <trkpt lon="7.973111" lat="46.006731"><ele>2507.0</ele></trkpt>
   <trkpt lon="7.973106" lat="46.006757"><ele>2506.5</ele></trkpt>
   <trkpt lon="7.973116" lat="46.006774"><ele>2505.75</ele></trkpt>
   <trkpt lon="7.973144" lat="46.006782"><ele>2505.25</ele></trkpt>
   <trkpt lon="7.973081" lat="46.006874"><ele>2503.5</ele></trkpt>
   <trkpt lon="7.973082" lat="46.006893"><ele>2503.0</ele></trkpt>
   <trkpt lon="7.973061" lat="46.006929"><ele>2502.25</ele></trkpt>
   <trkpt lon="7.973024" lat="46.007052"><ele>2500.0</ele></trkpt>
   <trkpt lon="7.973029" lat="46.007088"><ele>2499.0</ele></trkpt>
   <trkpt lon="7.973069" lat="46.007154"><ele>2497.25</ele></trkpt>
   <trkpt lon="7.973072" lat="46.007194"><ele>2496.25</ele></trkpt>
   <trkpt lon="7.973035" lat="46.007283"><ele>2495.0</ele></trkpt>
   <trkpt lon="7.973033" lat="46.007368"><ele>2493.5</ele></trkpt>
   <trkpt lon="7.972972" lat="46.007485"><ele>2491.75</ele></trkpt>
   <trkpt lon="7.972896" lat="46.007683"><ele>2490.0</ele></trkpt>
   <trkpt lon="7.972896" lat="46.007807"><ele>2488.75</ele></trkpt>
   <trkpt lon="7.972878" lat="46.007947"><ele>2487.25</ele></trkpt>
   <trkpt lon="7.972852" lat="46.008032"><ele>2486.5</ele></trkpt>
   <trkpt lon="7.972664" lat="46.008283"><ele>2481.0</ele></trkpt>
   <trkpt lon="7.972611" lat="46.008377"><ele>2478.25</ele></trkpt>
   <trkpt lon="7.972603" lat="46.008469"><ele>2474.75</ele></trkpt>
   <trkpt lon="7.972578" lat="46.008579"><ele>2470.5</ele></trkpt>
   <trkpt lon="7.972579" lat="46.008705"><ele>2465.75</ele></trkpt>
   <trkpt lon="7.972552" lat="46.008808"><ele>2462.0</ele></trkpt>
   <trkpt lon="7.972553" lat="46.008839"><ele>2460.75</ele></trkpt>
   <trkpt lon="7.972544" lat="46.008860"><ele>2460.0</ele></trkpt>
   <trkpt lon="7.972447" lat="46.008957"><ele>2456.75</ele></trkpt>
   <trkpt lon="7.972319" lat="46.009070"><ele>2453.25</ele></trkpt>
   <trkpt lon="7.972314" lat="46.009194"><ele>2449.0</ele></trkpt>
   <trkpt lon="7.972186" lat="46.009373"><ele>2444.0</ele></trkpt>
   <trkpt lon="7.972026" lat="46.009539"><ele>2437.25</ele></trkpt>
   <trkpt lon="7.971747" lat="46.009720"><ele>2430.75</ele></trkpt>
   <trkpt lon="7.971609" lat="46.009746"><ele>2429.0</ele></trkpt>
   <trkpt lon="7.971391" lat="46.009822"><ele>2423.5</ele></trkpt>
   <trkpt lon="7.971247" lat="46.009933"><ele>2420.0</ele></trkpt>
   <trkpt lon="7.971112" lat="46.009914"><ele>2421.75</ele></trkpt>
   <trkpt lon="7.971040" lat="46.009933"><ele>2421.0</ele></trkpt>
   <trkpt lon="7.970917" lat="46.010050"><ele>2415.75</ele></trkpt>
   <trkpt lon="7.970821" lat="46.010075"><ele>2415.0</ele></trkpt>
   <trkpt lon="7.970714" lat="46.010180"><ele>2411.0</ele></trkpt>
   <trkpt lon="7.970270" lat="46.010505"><ele>2399.75</ele></trkpt>
   <trkpt lon="7.970105" lat="46.010613"><ele>2392.0</ele></trkpt>
   <trkpt lon="7.969817" lat="46.010591"><ele>2391.0</ele></trkpt>
   <trkpt lon="7.969512" lat="46.010637"><ele>2384.0</ele></trkpt>
   <trkpt lon="7.969140" lat="46.010631"><ele>2377.25</ele></trkpt>
   <trkpt lon="7.969226" lat="46.010699"><ele>2376.5</ele></trkpt>
   <trkpt lon="7.969254" lat="46.010778"><ele>2374.5</ele></trkpt>
   <trkpt lon="7.969045" lat="46.010776"><ele>2371.25</ele></trkpt>
   <trkpt lon="7.968878" lat="46.010901"><ele>2364.0</ele></trkpt>
   <trkpt lon="7.968641" lat="46.010846"><ele>2363.75</ele></trkpt>
   <trkpt lon="7.968396" lat="46.010865"><ele>2361.25</ele></trkpt>
   <trkpt lon="7.968234" lat="46.010884"><ele>2359.0</ele></trkpt>
   <trkpt lon="7.968227" lat="46.010907"><ele>2358.0</ele></trkpt>
   <trkpt lon="7.968334" lat="46.010957"><ele>2357.5</ele></trkpt>
   <trkpt lon="7.968331" lat="46.010997"><ele>2356.0</ele></trkpt>
   <trkpt lon="7.968136" lat="46.011030"><ele>2352.75</ele></trkpt>
   <trkpt lon="7.968058" lat="46.011090"><ele>2349.75</ele></trkpt>
   <trkpt lon="7.967876" lat="46.011198"><ele>2345.5</ele></trkpt>
   <trkpt lon="7.967787" lat="46.011232"><ele>2344.0</ele></trkpt>
   <trkpt lon="7.967748" lat="46.011317"><ele>2341.0</ele></trkpt>
   <trkpt lon="7.967615" lat="46.011351"><ele>2339.5</ele></trkpt>
   <trkpt lon="7.967576" lat="46.011401"><ele>2337.75</ele></trkpt>
   <trkpt lon="7.967521" lat="46.011543"><ele>2333.5</ele></trkpt>
   <trkpt lon="7.967517" lat="46.011567"><ele>2332.75</ele></trkpt>
   <trkpt lon="7.967578" lat="46.011705"><ele>2329.0</ele></trkpt>
   <trkpt lon="7.967631" lat="46.011730"><ele>2328.5</ele></trkpt>
   <trkpt lon="7.967687" lat="46.011727"><ele>2328.75</ele></trkpt>
   <trkpt lon="7.967858" lat="46.011681"><ele>2329.5</ele></trkpt>
   <trkpt lon="7.968010" lat="46.011681"><ele>2327.5</ele></trkpt>
   <trkpt lon="7.968062" lat="46.011742"><ele>2327.25</ele></trkpt>
   <trkpt lon="7.968130" lat="46.011806"><ele>2329.5</ele></trkpt>
   <trkpt lon="7.967998" lat="46.011917"><ele>2327.0</ele></trkpt>
   <trkpt lon="7.967946" lat="46.012008"><ele>2327.0</ele></trkpt>
   <trkpt lon="7.967422" lat="46.012285"><ele>2319.25</ele></trkpt>
   <trkpt lon="7.967352" lat="46.012570"><ele>2318.25</ele></trkpt>
   <trkpt lon="7.967219" lat="46.012825"><ele>2314.5</ele></trkpt>
   <trkpt lon="7.967247" lat="46.013088"><ele>2313.75</ele></trkpt>
   <trkpt lon="7.967086" lat="46.013382"><ele>2310.75</ele></trkpt>
   <trkpt lon="7.966817" lat="46.013527"><ele>2306.5</ele></trkpt>
   <trkpt lon="7.966828" lat="46.013699"><ele>2307.75</ele></trkpt>
   <trkpt lon="7.966647" lat="46.013854"><ele>2305.25</ele></trkpt>
   <trkpt lon="7.966306" lat="46.014260"><ele>2304.5</ele></trkpt>
   <trkpt lon="7.966024" lat="46.014804"><ele>2300.25</ele></trkpt>
   <trkpt lon="7.965987" lat="46.015122"><ele>2297.25</ele></trkpt>
   <trkpt lon="7.966121" lat="46.015454"><ele>2294.5</ele></trkpt>
   <trkpt lon="7.966098" lat="46.015823"><ele>2295.5</ele></trkpt>
   <trkpt lon="7.966031" lat="46.016075"><ele>2291.25</ele></trkpt>
   <trkpt lon="7.966131" lat="46.016139"><ele>2292.25</ele></trkpt>
   <trkpt lon="7.966116" lat="46.016329"><ele>2290.5</ele></trkpt>
   <trkpt lon="7.965918" lat="46.016935"><ele>2281.0</ele></trkpt>
   <trkpt lon="7.965840" lat="46.017437"><ele>2272.75</ele></trkpt>
   <trkpt lon="7.965918" lat="46.017540"><ele>2273.0</ele></trkpt>
   <trkpt lon="7.965909" lat="46.017687"><ele>2272.0</ele></trkpt>
   <trkpt lon="7.965623" lat="46.017893"><ele>2266.0</ele></trkpt>
   <trkpt lon="7.965531" lat="46.018012"><ele>2263.5</ele></trkpt>
   <trkpt lon="7.965625" lat="46.018204"><ele>2260.5</ele></trkpt>
   <trkpt lon="7.965545" lat="46.018329"><ele>2256.75</ele></trkpt>
   <trkpt lon="7.965617" lat="46.018590"><ele>2254.25</ele></trkpt>
   <trkpt lon="7.965738" lat="46.018609"><ele>2254.0</ele></trkpt>
   <trkpt lon="7.965617" lat="46.018695"><ele>2251.75</ele></trkpt>
   <trkpt lon="7.965699" lat="46.018722"><ele>2251.75</ele></trkpt>
   <trkpt lon="7.965567" lat="46.018781"><ele>2249.0</ele></trkpt>
   <trkpt lon="7.965602" lat="46.018830"><ele>2248.25</ele></trkpt>
   <trkpt lon="7.965633" lat="46.018906"><ele>2247.0</ele></trkpt>
   <trkpt lon="7.965670" lat="46.018966"><ele>2246.5</ele></trkpt>
   <trkpt lon="7.965657" lat="46.018971"><ele>2246.25</ele></trkpt>
   <trkpt lon="7.965560" lat="46.018973"><ele>2244.5</ele></trkpt>
   <trkpt lon="7.965526" lat="46.018961"><ele>2244.25</ele></trkpt>
   <trkpt lon="7.965500" lat="46.018965"><ele>2243.75</ele></trkpt>
   <trkpt lon="7.965497" lat="46.018987"><ele>2243.5</ele></trkpt>
   <trkpt lon="7.965508" lat="46.019012"><ele>2243.25</ele></trkpt>
   <trkpt lon="7.965562" lat="46.019090"><ele>2242.25</ele></trkpt>
   <trkpt lon="7.965553" lat="46.019100"><ele>2242.0</ele></trkpt>
   <trkpt lon="7.965523" lat="46.019107"><ele>2241.75</ele></trkpt>
   <trkpt lon="7.965437" lat="46.019074"><ele>2241.5</ele></trkpt>
   <trkpt lon="7.965376" lat="46.019070"><ele>2240.75</ele></trkpt>
   <trkpt lon="7.965346" lat="46.019062"><ele>2240.75</ele></trkpt>
   <trkpt lon="7.965330" lat="46.019052"><ele>2240.75</ele></trkpt>
   <trkpt lon="7.965309" lat="46.019011"><ele>2241.0</ele></trkpt>
   <trkpt lon="7.965284" lat="46.018991"><ele>2240.75</ele></trkpt>
   <trkpt lon="7.965234" lat="46.018993"><ele>2240.25</ele></trkpt>
   <trkpt lon="7.965197" lat="46.019006"><ele>2239.75</ele></trkpt>
   <trkpt lon="7.965145" lat="46.019044"><ele>2238.75</ele></trkpt>
   <trkpt lon="7.965074" lat="46.019080"><ele>2237.25</ele></trkpt>
   <trkpt lon="7.965059" lat="46.019100"><ele>2236.75</ele></trkpt>
   <trkpt lon="7.965052" lat="46.019117"><ele>2236.5</ele></trkpt>
   <trkpt lon="7.965063" lat="46.019142"><ele>2236.25</ele></trkpt>
   <trkpt lon="7.965072" lat="46.019206"><ele>2235.75</ele></trkpt>
   <trkpt lon="7.965056" lat="46.019278"><ele>2235.25</ele></trkpt>
   <trkpt lon="7.965009" lat="46.019362"><ele>2234.25</ele></trkpt>
   <trkpt lon="7.964985" lat="46.019363"><ele>2234.0</ele></trkpt>
   <trkpt lon="7.964829" lat="46.019244"><ele>2232.0</ele></trkpt>
   <trkpt lon="7.964790" lat="46.019237"><ele>2231.5</ele></trkpt>
   <trkpt lon="7.964748" lat="46.019244"><ele>2230.75</ele></trkpt>
   <trkpt lon="7.964729" lat="46.019250"><ele>2230.5</ele></trkpt>
   <trkpt lon="7.964720" lat="46.019261"><ele>2230.25</ele></trkpt>
   <trkpt lon="7.964722" lat="46.019276"><ele>2230.0</ele></trkpt>
   <trkpt lon="7.964731" lat="46.019292"><ele>2230.0</ele></trkpt>
   <trkpt lon="7.964782" lat="46.019334"><ele>2230.75</ele></trkpt>
   <trkpt lon="7.964785" lat="46.019345"><ele>2230.75</ele></trkpt>
   <trkpt lon="7.964777" lat="46.019353"><ele>2230.5</ele></trkpt>
   <trkpt lon="7.964765" lat="46.019358"><ele>2230.25</ele></trkpt>
   <trkpt lon="7.964720" lat="46.019350"><ele>2229.5</ele></trkpt>
   <trkpt lon="7.964696" lat="46.019334"><ele>2229.5</ele></trkpt>
   <trkpt lon="7.964660" lat="46.019325"><ele>2229.25</ele></trkpt>
   <trkpt lon="7.964615" lat="46.019325"><ele>2229.0</ele></trkpt>
   <trkpt lon="7.964598" lat="46.019334"><ele>2228.75</ele></trkpt>
   <trkpt lon="7.964575" lat="46.019363"><ele>2228.0</ele></trkpt>
   <trkpt lon="7.964555" lat="46.019422"><ele>2226.75</ele></trkpt>
   <trkpt lon="7.964435" lat="46.019492"><ele>2224.25</ele></trkpt>
   <trkpt lon="7.964274" lat="46.019400"><ele>2222.75</ele></trkpt>
   <trkpt lon="7.964237" lat="46.019385"><ele>2222.5</ele></trkpt>
   <trkpt lon="7.964165" lat="46.019408"><ele>2220.75</ele></trkpt>
   <trkpt lon="7.964021" lat="46.019467"><ele>2222.0</ele></trkpt>
   <trkpt lon="7.963948" lat="46.019498"><ele>2223.0</ele></trkpt>
   <trkpt lon="7.963872" lat="46.019560"><ele>2224.0</ele></trkpt>
   <trkpt lon="7.963839" lat="46.019601"><ele>2224.5</ele></trkpt>
   <trkpt lon="7.963745" lat="46.019795"><ele>2225.25</ele></trkpt>
   <trkpt lon="7.963548" lat="46.020005"><ele>2225.75</ele></trkpt>
   <trkpt lon="7.963380" lat="46.020270"><ele>2226.0</ele></trkpt>
   <trkpt lon="7.963310" lat="46.020345"><ele>2226.25</ele></trkpt>
   <trkpt lon="7.963190" lat="46.020443"><ele>2227.75</ele></trkpt>
   <trkpt lon="7.963124" lat="46.020536"><ele>2227.5</ele></trkpt>
   <trkpt lon="7.963107" lat="46.020588"><ele>2227.5</ele></trkpt>
   <trkpt lon="7.963097" lat="46.020705"><ele>2228.0</ele></trkpt>
   <trkpt lon="7.963105" lat="46.020856"><ele>2228.25</ele></trkpt>
   <trkpt lon="7.963125" lat="46.020975"><ele>2228.25</ele></trkpt>
   <trkpt lon="7.963120" lat="46.021136"><ele>2229.25</ele></trkpt>
   <trkpt lon="7.963183" lat="46.021359"><ele>2228.0</ele></trkpt>
   <trkpt lon="7.963199" lat="46.021487"><ele>2227.75</ele></trkpt>
   <trkpt lon="7.963177" lat="46.021559"><ele>2228.25</ele></trkpt>
   <trkpt lon="7.963132" lat="46.021647"><ele>2229.25</ele></trkpt>
   <trkpt lon="7.963093" lat="46.021752"><ele>2229.0</ele></trkpt>
   <trkpt lon="7.962975" lat="46.021942"><ele>2230.0</ele></trkpt>
   <trkpt lon="7.962905" lat="46.022079"><ele>2230.0</ele></trkpt>
   <trkpt lon="7.962793" lat="46.022200"><ele>2230.75</ele></trkpt>
   <trkpt lon="7.962768" lat="46.022239"><ele>2231.0</ele></trkpt>
   <trkpt lon="7.962721" lat="46.022347"><ele>2231.25</ele></trkpt>
   <trkpt lon="7.962680" lat="46.022468"><ele>2231.0</ele></trkpt>
   <trkpt lon="7.962622" lat="46.022574"><ele>2231.25</ele></trkpt>
   <trkpt lon="7.962435" lat="46.022836"><ele>2232.5</ele></trkpt>
   <trkpt lon="7.962337" lat="46.022988"><ele>2233.5</ele></trkpt>
   <trkpt lon="7.962308" lat="46.023046"><ele>2233.75</ele></trkpt>
   <trkpt lon="7.962283" lat="46.023227"><ele>2232.75</ele></trkpt>
   <trkpt lon="7.962262" lat="46.023302"><ele>2232.75</ele></trkpt>
   <trkpt lon="7.962200" lat="46.023417"><ele>2233.5</ele></trkpt>
   <trkpt lon="7.962137" lat="46.023581"><ele>2233.75</ele></trkpt>
   <trkpt lon="7.962094" lat="46.023668"><ele>2233.5</ele></trkpt>
   <trkpt lon="7.962047" lat="46.023741"><ele>2233.25</ele></trkpt>
   <trkpt lon="7.961764" lat="46.024070"><ele>2235.5</ele></trkpt>
   <trkpt lon="7.961721" lat="46.024131"><ele>2235.5</ele></trkpt>
   <trkpt lon="7.961674" lat="46.024214"><ele>2236.0</ele></trkpt>
   <trkpt lon="7.961605" lat="46.024380"><ele>2237.0</ele></trkpt>
   <trkpt lon="7.961494" lat="46.024547"><ele>2237.5</ele></trkpt>
   <trkpt lon="7.961420" lat="46.024712"><ele>2236.75</ele></trkpt>
   <trkpt lon="7.961306" lat="46.024839"><ele>2238.0</ele></trkpt>
   <trkpt lon="7.961265" lat="46.024895"><ele>2238.25</ele></trkpt>
   <trkpt lon="7.961176" lat="46.025046"><ele>2238.5</ele></trkpt>
   <trkpt lon="7.961124" lat="46.025149"><ele>2239.0</ele></trkpt>
   <trkpt lon="7.961098" lat="46.025231"><ele>2238.75</ele></trkpt>
   <trkpt lon="7.961026" lat="46.025521"><ele>2239.0</ele></trkpt>
   <trkpt lon="7.961043" lat="46.025637"><ele>2235.75</ele></trkpt>
   <trkpt lon="7.961032" lat="46.025685"><ele>2235.25</ele></trkpt>
   <trkpt lon="7.960992" lat="46.025747"><ele>2235.5</ele></trkpt>
   <trkpt lon="7.960822" lat="46.025881"><ele>2238.25</ele></trkpt>
   <trkpt lon="7.960787" lat="46.025918"><ele>2239.0</ele></trkpt>
   <trkpt lon="7.960672" lat="46.026090"><ele>2240.25</ele></trkpt>
   <trkpt lon="7.960514" lat="46.026439"><ele>2238.75</ele></trkpt>
   <trkpt lon="7.960441" lat="46.026652"><ele>2237.5</ele></trkpt>
   <trkpt lon="7.960395" lat="46.026741"><ele>2237.25</ele></trkpt>
   <trkpt lon="7.960259" lat="46.026929"><ele>2238.5</ele></trkpt>
   <trkpt lon="7.960177" lat="46.027152"><ele>2237.5</ele></trkpt>
   <trkpt lon="7.960154" lat="46.027197"><ele>2237.5</ele></trkpt>
   <trkpt lon="7.960026" lat="46.027393"><ele>2237.25</ele></trkpt>
   <trkpt lon="7.959841" lat="46.027650"><ele>2238.0</ele></trkpt>
   <trkpt lon="7.959792" lat="46.027740"><ele>2237.25</ele></trkpt>
   <trkpt lon="7.959772" lat="46.027794"><ele>2236.25</ele></trkpt>
   <trkpt lon="7.959729" lat="46.027878"><ele>2235.0</ele></trkpt>
   <trkpt lon="7.959688" lat="46.027936"><ele>2234.25</ele></trkpt>
   <trkpt lon="7.959637" lat="46.027970"><ele>2234.5</ele></trkpt>
   <trkpt lon="7.959460" lat="46.028052"><ele>2236.5</ele></trkpt>
   <trkpt lon="7.959383" lat="46.028103"><ele>2237.0</ele></trkpt>
   <trkpt lon="7.959317" lat="46.028161"><ele>2237.25</ele></trkpt>
   <trkpt lon="7.959208" lat="46.028289"><ele>2236.75</ele></trkpt>
   <trkpt lon="7.959090" lat="46.028484"><ele>2237.25</ele></trkpt>
   <trkpt lon="7.959042" lat="46.028587"><ele>2237.25</ele></trkpt>
   <trkpt lon="7.959011" lat="46.028689"><ele>2236.75</ele></trkpt>
   <trkpt lon="7.958857" lat="46.028980"><ele>2237.25</ele></trkpt>
   <trkpt lon="7.958788" lat="46.029128"><ele>2237.25</ele></trkpt>
   <trkpt lon="7.958610" lat="46.029619"><ele>2236.5</ele></trkpt>
   <trkpt lon="7.958455" lat="46.029883"><ele>2236.0</ele></trkpt>
   <trkpt lon="7.958314" lat="46.030070"><ele>2236.75</ele></trkpt>
   <trkpt lon="7.958263" lat="46.030179"><ele>2237.25</ele></trkpt>
   <trkpt lon="7.957946" lat="46.031001"><ele>2236.0</ele></trkpt>
   <trkpt lon="7.957716" lat="46.031369"><ele>2236.5</ele></trkpt>
   <trkpt lon="7.957618" lat="46.031512"><ele>2236.75</ele></trkpt>
   <trkpt lon="7.957528" lat="46.031738"><ele>2235.5</ele></trkpt>
   <trkpt lon="7.957483" lat="46.031814"><ele>2235.5</ele></trkpt>
   <trkpt lon="7.957425" lat="46.031881"><ele>2235.5</ele></trkpt>
   <trkpt lon="7.957380" lat="46.031917"><ele>2235.75</ele></trkpt>
   <trkpt lon="7.957264" lat="46.031990"><ele>2236.25</ele></trkpt>
   <trkpt lon="7.957207" lat="46.032040"><ele>2236.75</ele></trkpt>
   <trkpt lon="7.957182" lat="46.032066"><ele>2237.25</ele></trkpt>
   <trkpt lon="7.957079" lat="46.032218"><ele>2238.0</ele></trkpt>
   <trkpt lon="7.957006" lat="46.032361"><ele>2237.5</ele></trkpt>
   <trkpt lon="7.956925" lat="46.032568"><ele>2236.25</ele></trkpt>
   <trkpt lon="7.956870" lat="46.032668"><ele>2236.25</ele></trkpt>
   <trkpt lon="7.956818" lat="46.032740"><ele>2236.5</ele></trkpt>
   <trkpt lon="7.956729" lat="46.032823"><ele>2236.75</ele></trkpt>
   <trkpt lon="7.956489" lat="46.033022"><ele>2236.75</ele></trkpt>
   <trkpt lon="7.956449" lat="46.033045"><ele>2237.0</ele></trkpt>
   <trkpt lon="7.956382" lat="46.033073"><ele>2237.25</ele></trkpt>
   <trkpt lon="7.956271" lat="46.033095"><ele>2237.5</ele></trkpt>
   <trkpt lon="7.956177" lat="46.033123"><ele>2237.5</ele></trkpt>
   <trkpt lon="7.955826" lat="46.033276"><ele>2236.75</ele></trkpt>
   <trkpt lon="7.955697" lat="46.033323"><ele>2237.25</ele></trkpt>
   <trkpt lon="7.955645" lat="46.033354"><ele>2237.5</ele></trkpt>
   <trkpt lon="7.955625" lat="46.033385"><ele>2237.75</ele></trkpt>
   <trkpt lon="7.955618" lat="46.033428"><ele>2237.75</ele></trkpt>
   <trkpt lon="7.955622" lat="46.033466"><ele>2237.75</ele></trkpt>
   <trkpt lon="7.955653" lat="46.033558"><ele>2237.0</ele></trkpt>
   <trkpt lon="7.955668" lat="46.033623"><ele>2236.0</ele></trkpt>
   <trkpt lon="7.955649" lat="46.033657"><ele>2235.5</ele></trkpt>
   <trkpt lon="7.955620" lat="46.033679"><ele>2235.25</ele></trkpt>
   <trkpt lon="7.955475" lat="46.033736"><ele>2236.75</ele></trkpt>
   <trkpt lon="7.955385" lat="46.033783"><ele>2237.5</ele></trkpt>
   <trkpt lon="7.955326" lat="46.033834"><ele>2237.5</ele></trkpt>
   <trkpt lon="7.955141" lat="46.034055"><ele>2236.25</ele></trkpt>
   <trkpt lon="7.955089" lat="46.034100"><ele>2236.25</ele></trkpt>
   <trkpt lon="7.955024" lat="46.034144"><ele>2236.75</ele></trkpt>
   <trkpt lon="7.954818" lat="46.034241"><ele>2238.0</ele></trkpt>
   <trkpt lon="7.954756" lat="46.034277"><ele>2238.0</ele></trkpt>
   <trkpt lon="7.954590" lat="46.034401"><ele>2240.25</ele></trkpt>
   <trkpt lon="7.954563" lat="46.034438"><ele>2240.25</ele></trkpt>
   <trkpt lon="7.954502" lat="46.034563"><ele>2239.0</ele></trkpt>
   <trkpt lon="7.954283" lat="46.034878"><ele>2238.75</ele></trkpt>
   <trkpt lon="7.954247" lat="46.034945"><ele>2238.25</ele></trkpt>
   <trkpt lon="7.954220" lat="46.035019"><ele>2237.75</ele></trkpt>
   <trkpt lon="7.954178" lat="46.035143"><ele>2239.5</ele></trkpt>
   <trkpt lon="7.954146" lat="46.035294"><ele>2240.5</ele></trkpt>
   <trkpt lon="7.954148" lat="46.035498"><ele>2240.75</ele></trkpt>
   <trkpt lon="7.954177" lat="46.035626"><ele>2240.25</ele></trkpt>
   <trkpt lon="7.954309" lat="46.035958"><ele>2240.75</ele></trkpt>
   <trkpt lon="7.954361" lat="46.036035"><ele>2240.75</ele></trkpt>
   <trkpt lon="7.954423" lat="46.036083"><ele>2240.0</ele></trkpt>
   <trkpt lon="7.954489" lat="46.036110"><ele>2239.0</ele></trkpt>
   <trkpt lon="7.954722" lat="46.036185"><ele>2237.25</ele></trkpt>
   <trkpt lon="7.954787" lat="46.036226"><ele>2236.75</ele></trkpt>
   <trkpt lon="7.954810" lat="46.036256"><ele>2237.0</ele></trkpt>
   <trkpt lon="7.954869" lat="46.036384"><ele>2238.5</ele></trkpt>
   <trkpt lon="7.954915" lat="46.036433"><ele>2238.0</ele></trkpt>
   <trkpt lon="7.955060" lat="46.036542"><ele>2236.5</ele></trkpt>
   <trkpt lon="7.955111" lat="46.036593"><ele>2236.5</ele></trkpt>
   <trkpt lon="7.955130" lat="46.036639"><ele>2237.25</ele></trkpt>
   <trkpt lon="7.955132" lat="46.036676"><ele>2237.75</ele></trkpt>
   <trkpt lon="7.955122" lat="46.036724"><ele>2237.0</ele></trkpt>
   <trkpt lon="7.955108" lat="46.036751"><ele>2236.75</ele></trkpt>
   <trkpt lon="7.955055" lat="46.036829"><ele>2236.5</ele></trkpt>
   <trkpt lon="7.954958" lat="46.037014"><ele>2236.5</ele></trkpt>
   <trkpt lon="7.954889" lat="46.037122"><ele>2237.5</ele></trkpt>
   <trkpt lon="7.954879" lat="46.037177"><ele>2237.0</ele></trkpt>
   <trkpt lon="7.954913" lat="46.037305"><ele>2233.25</ele></trkpt>
   <trkpt lon="7.954907" lat="46.037366"><ele>2232.25</ele></trkpt>
   <trkpt lon="7.954889" lat="46.037392"><ele>2232.5</ele></trkpt>
   <trkpt lon="7.954844" lat="46.037429"><ele>2233.5</ele></trkpt>
   <trkpt lon="7.954739" lat="46.037476"><ele>2236.0</ele></trkpt>
   <trkpt lon="7.954685" lat="46.037509"><ele>2237.0</ele></trkpt>
   <trkpt lon="7.954654" lat="46.037551"><ele>2237.5</ele></trkpt>
   <trkpt lon="7.954645" lat="46.037589"><ele>2237.25</ele></trkpt>
   <trkpt lon="7.954646" lat="46.037689"><ele>2236.0</ele></trkpt>
   <trkpt lon="7.954636" lat="46.037722"><ele>2235.75</ele></trkpt>
   <trkpt lon="7.954557" lat="46.037835"><ele>2237.5</ele></trkpt>
   <trkpt lon="7.954540" lat="46.037909"><ele>2238.0</ele></trkpt>
   <trkpt lon="7.954589" lat="46.038035"><ele>2235.25</ele></trkpt>
   <trkpt lon="7.954586" lat="46.038134"><ele>2233.5</ele></trkpt>
   <trkpt lon="7.954542" lat="46.038240"><ele>2233.25</ele></trkpt>
   <trkpt lon="7.954522" lat="46.038265"><ele>2233.5</ele></trkpt>
   <trkpt lon="7.954387" lat="46.038382"><ele>2236.75</ele></trkpt>
   <trkpt lon="7.954353" lat="46.038438"><ele>2238.25</ele></trkpt>
   <trkpt lon="7.954343" lat="46.038499"><ele>2239.0</ele></trkpt>
   <trkpt lon="7.954344" lat="46.038629"><ele>2240.75</ele></trkpt>
   <trkpt lon="7.954337" lat="46.038665"><ele>2243.75</ele></trkpt>
   <trkpt lon="7.954419" lat="46.038696"><ele>2240.75</ele></trkpt>
   <trkpt lon="7.954481" lat="46.038728"><ele>2239.0</ele></trkpt>
   <trkpt lon="7.954534" lat="46.038771"><ele>2238.25</ele></trkpt>
   <trkpt lon="7.954555" lat="46.038811"><ele>2239.75</ele></trkpt>
   <trkpt lon="7.954655" lat="46.039060"><ele>2239.75</ele></trkpt>
   <trkpt lon="7.954628" lat="46.039162"><ele>2242.25</ele></trkpt>
   <trkpt lon="7.954631" lat="46.039228"><ele>2242.5</ele></trkpt>
   <trkpt lon="7.954620" lat="46.039272"><ele>2243.25</ele></trkpt>
   <trkpt lon="7.954661" lat="46.039393"><ele>2241.5</ele></trkpt>
   <trkpt lon="7.954658" lat="46.039441"><ele>2241.75</ele></trkpt>
   <trkpt lon="7.954604" lat="46.039573"><ele>2243.75</ele></trkpt>
   <trkpt lon="7.954573" lat="46.039677"><ele>2244.0</ele></trkpt>
   <trkpt lon="7.954508" lat="46.039758"><ele>2245.0</ele></trkpt>
   <trkpt lon="7.954505" lat="46.039790"><ele>2244.0</ele></trkpt>
   <trkpt lon="7.954482" lat="46.039837"><ele>2243.5</ele></trkpt>
   <trkpt lon="7.954453" lat="46.039871"><ele>2243.75</ele></trkpt>
   <trkpt lon="7.954409" lat="46.039946"><ele>2243.75</ele></trkpt>
   <trkpt lon="7.954391" lat="46.040003"><ele>2243.0</ele></trkpt>
   <trkpt lon="7.954386" lat="46.040107"><ele>2242.0</ele></trkpt>
   <trkpt lon="7.954431" lat="46.040244"><ele>2237.75</ele></trkpt>
   <trkpt lon="7.954421" lat="46.040261"><ele>2238.0</ele></trkpt>
   <trkpt lon="7.954394" lat="46.040279"><ele>2239.0</ele></trkpt>
   <trkpt lon="7.954298" lat="46.040327"><ele>2243.0</ele></trkpt>
   <trkpt lon="7.954334" lat="46.040559"><ele>2239.0</ele></trkpt>
   <trkpt lon="7.954332" lat="46.040586"><ele>2238.75</ele></trkpt>
   <trkpt lon="7.954306" lat="46.040643"><ele>2239.5</ele></trkpt>
   <trkpt lon="7.954182" lat="46.040774"><ele>2243.0</ele></trkpt>
   <trkpt lon="7.954030" lat="46.040960"><ele>2243.75</ele></trkpt>
   <trkpt lon="7.953899" lat="46.041054"><ele>2247.0</ele></trkpt>
   <trkpt lon="7.953823" lat="46.041121"><ele>2248.0</ele></trkpt>
   <trkpt lon="7.953768" lat="46.041184"><ele>2248.25</ele></trkpt>
   <trkpt lon="7.953732" lat="46.041247"><ele>2247.5</ele></trkpt>
   <trkpt lon="7.953677" lat="46.041489"><ele>2243.0</ele></trkpt>
   <trkpt lon="7.953637" lat="46.041602"><ele>2242.0</ele></trkpt>
   <trkpt lon="7.953615" lat="46.041667"><ele>2241.75</ele></trkpt>
   <trkpt lon="7.953607" lat="46.041697"><ele>2241.75</ele></trkpt>
   <trkpt lon="7.953605" lat="46.041777"><ele>2241.0</ele></trkpt>
   <trkpt lon="7.953618" lat="46.041910"><ele>2239.0</ele></trkpt>
   <trkpt lon="7.953636" lat="46.041990"><ele>2238.5</ele></trkpt>
   <trkpt lon="7.953704" lat="46.042242"><ele>2238.75</ele></trkpt>
   <trkpt lon="7.953822" lat="46.042489"><ele>2236.5</ele></trkpt>
   <trkpt lon="7.953847" lat="46.042607"><ele>2233.75</ele></trkpt>
   <trkpt lon="7.953818" lat="46.042715"><ele>2233.75</ele></trkpt>
   <trkpt lon="7.953684" lat="46.042900"><ele>2232.25</ele></trkpt>
   <trkpt lon="7.953631" lat="46.042998"><ele>2231.5</ele></trkpt>
   <trkpt lon="7.953579" lat="46.043123"><ele>2232.25</ele></trkpt>
   <trkpt lon="7.953568" lat="46.043198"><ele>2232.25</ele></trkpt>
   <trkpt lon="7.953589" lat="46.043416"><ele>2229.25</ele></trkpt>
   <trkpt lon="7.953631" lat="46.043631"><ele>2226.25</ele></trkpt>
   <trkpt lon="7.953654" lat="46.043715"><ele>2226.5</ele></trkpt>
   <trkpt lon="7.953777" lat="46.044035"><ele>2222.5</ele></trkpt>
   <trkpt lon="7.953765" lat="46.044164"><ele>2222.75</ele></trkpt>
   <trkpt lon="7.953767" lat="46.044228"><ele>2231.0</ele></trkpt>
   <trkpt lon="7.954332" lat="46.046078"><ele>2225.0</ele></trkpt>
   <trkpt lon="7.954382" lat="46.046370"><ele>2219.25</ele></trkpt>
   <trkpt lon="7.954418" lat="46.046548"><ele>2217.0</ele></trkpt>
   <trkpt lon="7.954429" lat="46.047027"><ele>2214.75</ele></trkpt>
   <trkpt lon="7.954386" lat="46.047296"><ele>2214.75</ele></trkpt>
   <trkpt lon="7.954340" lat="46.047502"><ele>2213.5</ele></trkpt>
   <trkpt lon="7.954275" lat="46.047719"><ele>2208.5</ele></trkpt>
   <trkpt lon="7.954237" lat="46.047833"><ele>2207.25</ele></trkpt>
   <trkpt lon="7.954232" lat="46.047891"><ele>2207.25</ele></trkpt>
   <trkpt lon="7.954256" lat="46.047944"><ele>2206.75</ele></trkpt>
   <trkpt lon="7.954305" lat="46.047992"><ele>2205.75</ele></trkpt>
   <trkpt lon="7.954341" lat="46.048011"><ele>2205.0</ele></trkpt>
   <trkpt lon="7.954717" lat="46.048158"><ele>2202.0</ele></trkpt>
   <trkpt lon="7.954754" lat="46.048172"><ele>2198.0</ele></trkpt>
   <trkpt lon="7.954989" lat="46.048260"><ele>2198.0</ele></trkpt>
   <trkpt lon="7.954878" lat="46.048386"><ele>2195.0</ele></trkpt>
   <trkpt lon="7.954874" lat="46.048421"><ele>2193.5</ele></trkpt>
   <trkpt lon="7.954842" lat="46.048432"><ele>2193.25</ele></trkpt>
   <trkpt lon="7.954791" lat="46.048438"><ele>2193.5</ele></trkpt>
   <trkpt lon="7.954701" lat="46.048472"><ele>2192.5</ele></trkpt>
   <trkpt lon="7.954688" lat="46.048481"><ele>2192.25</ele></trkpt>
   <trkpt lon="7.954665" lat="46.048520"><ele>2191.0</ele></trkpt>
   <trkpt lon="7.954688" lat="46.048646"><ele>2186.0</ele></trkpt>
   <trkpt lon="7.954769" lat="46.048901"><ele>2181.25</ele></trkpt>
   <trkpt lon="7.954763" lat="46.048916"><ele>2181.0</ele></trkpt>
   <trkpt lon="7.954779" lat="46.049128"><ele>2178.0</ele></trkpt>
   <trkpt lon="7.954877" lat="46.049124"><ele>2177.25</ele></trkpt>
   <trkpt lon="7.954982" lat="46.049224"><ele>2175.5</ele></trkpt>
   <trkpt lon="7.955086" lat="46.049359"><ele>2173.25</ele></trkpt>
   <trkpt lon="7.955144" lat="46.049396"><ele>2172.25</ele></trkpt>
   <trkpt lon="7.955197" lat="46.049413"><ele>2171.75</ele></trkpt>
   <trkpt lon="7.955341" lat="46.049424"><ele>2170.75</ele></trkpt>
   <trkpt lon="7.955617" lat="46.049424"><ele>2169.75</ele></trkpt>
   <trkpt lon="7.955745" lat="46.049407"><ele>2169.5</ele></trkpt>
   <trkpt lon="7.956023" lat="46.049432"><ele>2167.75</ele></trkpt>
   <trkpt lon="7.956094" lat="46.049431"><ele>2167.25</ele></trkpt>
   <trkpt lon="7.956193" lat="46.049456"><ele>2167.0</ele></trkpt>
   <trkpt lon="7.956389" lat="46.049534"><ele>2164.5</ele></trkpt>
   <trkpt lon="7.956451" lat="46.049548"><ele>2164.25</ele></trkpt>
   <trkpt lon="7.956508" lat="46.049554"><ele>2164.5</ele></trkpt>
   <trkpt lon="7.956564" lat="46.049541"><ele>2166.0</ele></trkpt>
   <trkpt lon="7.956680" lat="46.049545"><ele>2167.0</ele></trkpt>
   <trkpt lon="7.956740" lat="46.049560"><ele>2166.0</ele></trkpt>
   <trkpt lon="7.956788" lat="46.049552"><ele>2166.25</ele></trkpt>
   <trkpt lon="7.956802" lat="46.049555"><ele>2166.25</ele></trkpt>
   <trkpt lon="7.957036" lat="46.049692"><ele>2163.5</ele></trkpt>
   <trkpt lon="7.957406" lat="46.049789"><ele>2159.5</ele></trkpt>
   <trkpt lon="7.957631" lat="46.049562"><ele>2163.75</ele></trkpt>
   <trkpt lon="7.959601" lat="46.050230"><ele>2144.75</ele></trkpt>
   <trkpt lon="7.959800" lat="46.050284"><ele>2143.0</ele></trkpt>
   <trkpt lon="7.959929" lat="46.050328"><ele>2143.0</ele></trkpt>
   <trkpt lon="7.960756" lat="46.050658"><ele>2134.5</ele></trkpt>
   <trkpt lon="7.960878" lat="46.050737"><ele>2132.0</ele></trkpt>
   <trkpt lon="7.960986" lat="46.050790"><ele>2129.75</ele></trkpt>
   <trkpt lon="7.961189" lat="46.050875"><ele>2125.5</ele></trkpt>
   <trkpt lon="7.961384" lat="46.050983"><ele>2121.25</ele></trkpt>
   <trkpt lon="7.961491" lat="46.051084"><ele>2116.75</ele></trkpt>
   <trkpt lon="7.961570" lat="46.051290"><ele>2111.75</ele></trkpt>
   <trkpt lon="7.961545" lat="46.051323"><ele>2111.0</ele></trkpt>
   <trkpt lon="7.961542" lat="46.051356"><ele>2110.5</ele></trkpt>
   <trkpt lon="7.961548" lat="46.051394"><ele>2109.75</ele></trkpt>
   <trkpt lon="7.961602" lat="46.051530"><ele>2107.75</ele></trkpt>
   <trkpt lon="7.961579" lat="46.051641"><ele>2106.5</ele></trkpt>
   <trkpt lon="7.961396" lat="46.052008"><ele>2103.0</ele></trkpt>
   <trkpt lon="7.961229" lat="46.052274"><ele>2099.25</ele></trkpt>
   <trkpt lon="7.961170" lat="46.052491"><ele>2097.25</ele></trkpt>
   <trkpt lon="7.961132" lat="46.052592"><ele>2096.0</ele></trkpt>
   <trkpt lon="7.961094" lat="46.052660"><ele>2095.0</ele></trkpt>
   <trkpt lon="7.960997" lat="46.052766"><ele>2093.5</ele></trkpt>
   <trkpt lon="7.960881" lat="46.052838"><ele>2092.25</ele></trkpt>
   <trkpt lon="7.960818" lat="46.052860"><ele>2091.5</ele></trkpt>
   <trkpt lon="7.960781" lat="46.052866"><ele>2091.0</ele></trkpt>
   <trkpt lon="7.960669" lat="46.052860"><ele>2089.75</ele></trkpt>
   <trkpt lon="7.960601" lat="46.052837"><ele>2089.5</ele></trkpt>
   <trkpt lon="7.960523" lat="46.052760"><ele>2089.0</ele></trkpt>
   <trkpt lon="7.960499" lat="46.052714"><ele>2088.0</ele></trkpt>
   <trkpt lon="7.960485" lat="46.052664"><ele>2087.25</ele></trkpt>
   <trkpt lon="7.960482" lat="46.052558"><ele>2086.25</ele></trkpt>
   <trkpt lon="7.960544" lat="46.052409"><ele>2086.0</ele></trkpt>
   <trkpt lon="7.960550" lat="46.052370"><ele>2086.0</ele></trkpt>
   <trkpt lon="7.960534" lat="46.052302"><ele>2085.25</ele></trkpt>
   <trkpt lon="7.960515" lat="46.052280"><ele>2085.0</ele></trkpt>
   <trkpt lon="7.960490" lat="46.052267"><ele>2084.75</ele></trkpt>
   <trkpt lon="7.960455" lat="46.052263"><ele>2084.25</ele></trkpt>
   <trkpt lon="7.960400" lat="46.052267"><ele>2084.0</ele></trkpt>
   <trkpt lon="7.960332" lat="46.052280"><ele>2083.25</ele></trkpt>
   <trkpt lon="7.960144" lat="46.052353"><ele>2082.25</ele></trkpt>
   <trkpt lon="7.959692" lat="46.052625"><ele>2075.75</ele></trkpt>
   <trkpt lon="7.959526" lat="46.052814"><ele>2072.75</ele></trkpt>
   <trkpt lon="7.959437" lat="46.052951"><ele>2070.0</ele></trkpt>
   <trkpt lon="7.959317" lat="46.053236"><ele>2067.75</ele></trkpt>
   <trkpt lon="7.959293" lat="46.053297"><ele>2067.75</ele></trkpt>
   <trkpt lon="7.959312" lat="46.053397"><ele>2065.75</ele></trkpt>
   <trkpt lon="7.959281" lat="46.053530"><ele>2063.5</ele></trkpt>
   <trkpt lon="7.959230" lat="46.053652"><ele>2061.5</ele></trkpt>
   <trkpt lon="7.959288" lat="46.053829"><ele>2058.0</ele></trkpt>
   <trkpt lon="7.959390" lat="46.054006"><ele>2053.75</ele></trkpt>
   <trkpt lon="7.959499" lat="46.054080"><ele>2050.5</ele></trkpt>
   <trkpt lon="7.959583" lat="46.054209"><ele>2046.75</ele></trkpt>
   <trkpt lon="7.959740" lat="46.054287"><ele>2043.0</ele></trkpt>
   <trkpt lon="7.959843" lat="46.054370"><ele>2040.25</ele></trkpt>
   <trkpt lon="7.959842" lat="46.054413"><ele>2039.25</ele></trkpt>
   <trkpt lon="7.959907" lat="46.054436"><ele>2038.0</ele></trkpt>
   <trkpt lon="7.959967" lat="46.054536"><ele>2035.5</ele></trkpt>
   <trkpt lon="7.959896" lat="46.054643"><ele>2034.0</ele></trkpt>
   <trkpt lon="7.959948" lat="46.054667"><ele>2033.25</ele></trkpt>
   <trkpt lon="7.960092" lat="46.054778"><ele>2027.5</ele></trkpt>
   <trkpt lon="7.960292" lat="46.054960"><ele>2029.0</ele></trkpt>
   <trkpt lon="7.960413" lat="46.055051"><ele>2029.0</ele></trkpt>
   <trkpt lon="7.960517" lat="46.055119"><ele>2030.0</ele></trkpt>
   <trkpt lon="7.960593" lat="46.055184"><ele>2032.25</ele></trkpt>
   <trkpt lon="7.960640" lat="46.055243"><ele>2034.25</ele></trkpt>
   <trkpt lon="7.960671" lat="46.055308"><ele>2036.0</ele></trkpt>
   <trkpt lon="7.960694" lat="46.055393"><ele>2037.5</ele></trkpt>
   <trkpt lon="7.960739" lat="46.055674"><ele>2040.25</ele></trkpt>
   <trkpt lon="7.960700" lat="46.055763"><ele>2040.0</ele></trkpt>
   <trkpt lon="7.960651" lat="46.055847"><ele>2040.0</ele></trkpt>
   <trkpt lon="7.960584" lat="46.056020"><ele>2038.75</ele></trkpt>
   <trkpt lon="7.960437" lat="46.056331"><ele>2034.75</ele></trkpt>
   <trkpt lon="7.960324" lat="46.056738"><ele>2030.5</ele></trkpt>
   <trkpt lon="7.960127" lat="46.057171"><ele>2023.75</ele></trkpt>
   <trkpt lon="7.960099" lat="46.057280"><ele>2022.5</ele></trkpt>
   <trkpt lon="7.960089" lat="46.057366"><ele>2021.0</ele></trkpt>
   <trkpt lon="7.960115" lat="46.057441"><ele>2019.75</ele></trkpt>
   <trkpt lon="7.960140" lat="46.057468"><ele>2019.5</ele></trkpt>
   <trkpt lon="7.960176" lat="46.057486"><ele>2019.25</ele></trkpt>
   <trkpt lon="7.960314" lat="46.057521"><ele>2018.0</ele></trkpt>
   <trkpt lon="7.960399" lat="46.057551"><ele>2017.25</ele></trkpt>
   <trkpt lon="7.960448" lat="46.057584"><ele>2016.25</ele></trkpt>
   <trkpt lon="7.960494" lat="46.057627"><ele>2015.25</ele></trkpt>
   <trkpt lon="7.960785" lat="46.057983"><ele>2009.5</ele></trkpt>
   <trkpt lon="7.960946" lat="46.058092"><ele>2009.5</ele></trkpt>
   <trkpt lon="7.960977" lat="46.058122"><ele>2009.0</ele></trkpt>
   <trkpt lon="7.961047" lat="46.058228"><ele>2007.0</ele></trkpt>
   <trkpt lon="7.961098" lat="46.058381"><ele>2004.5</ele></trkpt>
   <trkpt lon="7.961128" lat="46.058610"><ele>2003.0</ele></trkpt>
   <trkpt lon="7.961137" lat="46.058815"><ele>2000.5</ele></trkpt>
   <trkpt lon="7.961223" lat="46.059196"><ele>1996.0</ele></trkpt>
   <trkpt lon="7.961209" lat="46.059275"><ele>1994.25</ele></trkpt>
   <trkpt lon="7.961212" lat="46.059369"><ele>1993.25</ele></trkpt>
   <trkpt lon="7.961313" lat="46.059624"><ele>1990.75</ele></trkpt>
   <trkpt lon="7.961313" lat="46.059706"><ele>1988.0</ele></trkpt>
   <trkpt lon="7.961306" lat="46.059743"><ele>1987.25</ele></trkpt>
   <trkpt lon="7.961278" lat="46.059795"><ele>1985.75</ele></trkpt>
   <trkpt lon="7.961266" lat="46.059944"><ele>1984.5</ele></trkpt>
   <trkpt lon="7.961345" lat="46.060121"><ele>1985.25</ele></trkpt>
   <trkpt lon="7.961352" lat="46.060276"><ele>1982.0</ele></trkpt>
   <trkpt lon="7.961326" lat="46.060463"><ele>1980.75</ele></trkpt>
   <trkpt lon="7.961272" lat="46.060596"><ele>1977.75</ele></trkpt>
   <trkpt lon="7.961256" lat="46.060669"><ele>1976.5</ele></trkpt>
   <trkpt lon="7.961279" lat="46.060839"><ele>1976.75</ele></trkpt>
   <trkpt lon="7.961273" lat="46.061177"><ele>1971.0</ele></trkpt>
   <trkpt lon="7.961286" lat="46.061410"><ele>1967.75</ele></trkpt>
   <trkpt lon="7.961253" lat="46.061524"><ele>1966.5</ele></trkpt>
   <trkpt lon="7.961231" lat="46.061636"><ele>1965.75</ele></trkpt>
   <trkpt lon="7.961244" lat="46.061743"><ele>1964.75</ele></trkpt>
   <trkpt lon="7.961345" lat="46.061868"><ele>1964.25</ele></trkpt>
   <trkpt lon="7.961379" lat="46.062032"><ele>1960.5</ele></trkpt>
   <trkpt lon="7.961482" lat="46.062180"><ele>1959.5</ele></trkpt>
   <trkpt lon="7.961768" lat="46.062450"><ele>1956.75</ele></trkpt>
   <trkpt lon="7.961838" lat="46.062573"><ele>1955.25</ele></trkpt>
   <trkpt lon="7.961870" lat="46.062736"><ele>1951.25</ele></trkpt>
   <trkpt lon="7.961880" lat="46.062967"><ele>1949.75</ele></trkpt>
   <trkpt lon="7.961820" lat="46.063145"><ele>1948.5</ele></trkpt>
   <trkpt lon="7.961675" lat="46.063508"><ele>1950.5</ele></trkpt>
   <trkpt lon="7.961439" lat="46.063706"><ele>1947.75</ele></trkpt>
   <trkpt lon="7.961352" lat="46.063854"><ele>1949.0</ele></trkpt>
   <trkpt lon="7.961329" lat="46.063956"><ele>1948.5</ele></trkpt>
   <trkpt lon="7.961337" lat="46.064172"><ele>1947.75</ele></trkpt>
   <trkpt lon="7.961224" lat="46.064470"><ele>1945.5</ele></trkpt>
   <trkpt lon="7.961086" lat="46.064653"><ele>1940.5</ele></trkpt>
   <trkpt lon="7.960866" lat="46.065001"><ele>1935.0</ele></trkpt>
   <trkpt lon="7.960650" lat="46.064984"><ele>1931.0</ele></trkpt>
   <trkpt lon="7.960622" lat="46.065216"><ele>1929.75</ele></trkpt>
   <trkpt lon="7.960456" lat="46.065725"><ele>1923.5</ele></trkpt>
   <trkpt lon="7.960505" lat="46.065973"><ele>1922.0</ele></trkpt>
   <trkpt lon="7.960417" lat="46.066327"><ele>1914.25</ele></trkpt>
   <trkpt lon="7.960245" lat="46.066630"><ele>1906.0</ele></trkpt>
   <trkpt lon="7.959712" lat="46.067080"><ele>1887.0</ele></trkpt>
   <trkpt lon="7.959217" lat="46.067271"><ele>1868.0</ele></trkpt>
   <trkpt lon="7.959027" lat="46.067433"><ele>1861.5</ele></trkpt>
   <trkpt lon="7.958997" lat="46.067672"><ele>1861.5</ele></trkpt>
   <trkpt lon="7.958899" lat="46.067790"><ele>1857.25</ele></trkpt>
   <trkpt lon="7.958880" lat="46.068074"><ele>1855.75</ele></trkpt>
   <trkpt lon="7.959017" lat="46.068416"><ele>1866.75</ele></trkpt>
   <trkpt lon="7.959120" lat="46.069273"><ele>1859.0</ele></trkpt>
   <trkpt lon="7.958885" lat="46.070149"><ele>1844.5</ele></trkpt>
   <trkpt lon="7.958699" lat="46.070208"><ele>1839.0</ele></trkpt>
   <trkpt lon="7.958371" lat="46.070198"><ele>1832.5</ele></trkpt>
   <trkpt lon="7.958116" lat="46.070281"><ele>1827.0</ele></trkpt>
   <trkpt lon="7.958014" lat="46.070785"><ele>1827.75</ele></trkpt>
   <trkpt lon="7.957690" lat="46.071064"><ele>1814.0</ele></trkpt>
   <trkpt lon="7.957622" lat="46.071372"><ele>1812.75</ele></trkpt>
   <trkpt lon="7.957460" lat="46.071744"><ele>1813.75</ele></trkpt>
   <trkpt lon="7.957382" lat="46.072023"><ele>1817.5</ele></trkpt>
   <trkpt lon="7.957230" lat="46.072381"><ele>1819.75</ele></trkpt>
   <trkpt lon="7.957093" lat="46.072513"><ele>1813.75</ele></trkpt>
   <trkpt lon="7.957069" lat="46.072875"><ele>1816.5</ele></trkpt>
   <trkpt lon="7.957128" lat="46.073286"><ele>1818.0</ele></trkpt>
   <trkpt lon="7.957196" lat="46.073624"><ele>1819.25</ele></trkpt>
   <trkpt lon="7.957064" lat="46.074089"><ele>1803.75</ele></trkpt>
   <trkpt lon="7.956966" lat="46.074378"><ele>1795.5</ele></trkpt>
   <trkpt lon="7.957142" lat="46.074647"><ele>1798.25</ele></trkpt>
   <trkpt lon="7.957240" lat="46.075058"><ele>1796.5</ele></trkpt>
   <trkpt lon="7.957279" lat="46.075337"><ele>1792.0</ele></trkpt>
   <trkpt lon="7.957644" lat="46.076276"><ele>1793.75</ele></trkpt>
   <trkpt lon="7.957455" lat="46.077358"><ele>1776.75</ele></trkpt>
   <trkpt lon="7.957550" lat="46.077563"><ele>1775.5</ele></trkpt>
   <trkpt lon="7.957375" lat="46.077493"><ele>1771.0</ele></trkpt>
   <trkpt lon="7.957275" lat="46.077714"><ele>1764.25</ele></trkpt>
   <trkpt lon="7.957319" lat="46.078290"><ele>1757.5</ele></trkpt>
   <trkpt lon="7.957107" lat="46.078381"><ele>1757.5</ele></trkpt>
   <trkpt lon="7.957181" lat="46.078570"><ele>1757.0</ele></trkpt>
   <trkpt lon="7.957249" lat="46.078689"><ele>1756.5</ele></trkpt>
   <trkpt lon="7.957758" lat="46.079481"><ele>1750.0</ele></trkpt>
   <trkpt lon="7.957803" lat="46.079691"><ele>1749.25</ele></trkpt>
   <trkpt lon="7.957834" lat="46.080076"><ele>1748.5</ele></trkpt>
   <trkpt lon="7.957887" lat="46.080304"><ele>1746.75</ele></trkpt>
   <trkpt lon="7.957995" lat="46.080519"><ele>1744.5</ele></trkpt>
   <trkpt lon="7.958209" lat="46.080836"><ele>1741.75</ele></trkpt>
   <trkpt lon="7.958643" lat="46.081395"><ele>1738.25</ele></trkpt>
   <trkpt lon="7.958956" lat="46.081739"><ele>1735.75</ele></trkpt>
   <trkpt lon="7.959273" lat="46.082063"><ele>1735.0</ele></trkpt>
   <trkpt lon="7.959381" lat="46.082197"><ele>1734.5</ele></trkpt>
   <trkpt lon="7.959385" lat="46.082309"><ele>1733.5</ele></trkpt>
   <trkpt lon="7.959328" lat="46.082409"><ele>1732.0</ele></trkpt>
   <trkpt lon="7.959047" lat="46.082641"><ele>1729.25</ele></trkpt>
   <trkpt lon="7.958759" lat="46.082862"><ele>1729.25</ele></trkpt>
   <trkpt lon="7.958598" lat="46.083025"><ele>1728.5</ele></trkpt>
   <trkpt lon="7.958519" lat="46.083130"><ele>1729.5</ele></trkpt>
   <trkpt lon="7.958465" lat="46.083255"><ele>1728.25</ele></trkpt>
   <trkpt lon="7.958462" lat="46.083390"><ele>1726.5</ele></trkpt>
   <trkpt lon="7.958599" lat="46.083925"><ele>1722.75</ele></trkpt>
   <trkpt lon="7.958710" lat="46.084304"><ele>1721.0</ele></trkpt>
   <trkpt lon="7.958943" lat="46.084719"><ele>1718.0</ele></trkpt>
   <trkpt lon="7.958841" lat="46.084817"><ele>1718.0</ele></trkpt>
   <trkpt lon="7.958648" lat="46.085119"><ele>1716.25</ele></trkpt>
   <trkpt lon="7.958532" lat="46.085284"><ele>1715.75</ele></trkpt>
   <trkpt lon="7.958422" lat="46.085416"><ele>1714.75</ele></trkpt>
   <trkpt lon="7.958312" lat="46.085515"><ele>1715.0</ele></trkpt>
   <trkpt lon="7.958060" lat="46.085712"><ele>1713.75</ele></trkpt>
   <trkpt lon="7.957864" lat="46.085881"><ele>1713.0</ele></trkpt>
   <trkpt lon="7.957612" lat="46.086077"><ele>1711.75</ele></trkpt>
   <trkpt lon="7.957416" lat="46.086203"><ele>1711.0</ele></trkpt>
   <trkpt lon="7.957253" lat="46.086343"><ele>1708.75</ele></trkpt>
   <trkpt lon="7.957140" lat="46.086497"><ele>1707.5</ele></trkpt>
   <trkpt lon="7.956979" lat="46.086856"><ele>1706.0</ele></trkpt>
   <trkpt lon="7.956904" lat="46.086970"><ele>1705.5</ele></trkpt>
   <trkpt lon="7.956847" lat="46.087022"><ele>1705.0</ele></trkpt>
   <trkpt lon="7.956806" lat="46.087060"><ele>1704.5</ele></trkpt>
   <trkpt lon="7.956480" lat="46.087364"><ele>1703.25</ele></trkpt>
   <trkpt lon="7.956255" lat="46.087762"><ele>1701.5</ele></trkpt>
   <trkpt lon="7.956038" lat="46.088422"><ele>1698.75</ele></trkpt>
   <trkpt lon="7.955995" lat="46.088623"><ele>1696.5</ele></trkpt>
   <trkpt lon="7.955995" lat="46.088940"><ele>1694.75</ele></trkpt>
   <trkpt lon="7.956059" lat="46.089224"><ele>1693.0</ele></trkpt>
   <trkpt lon="7.956134" lat="46.089736"><ele>1691.5</ele></trkpt>
   <trkpt lon="7.956172" lat="46.089896"><ele>1690.5</ele></trkpt>
   <trkpt lon="7.956252" lat="46.090610"><ele>1689.0</ele></trkpt>
   <trkpt lon="7.956344" lat="46.090969"><ele>1686.5</ele></trkpt>
   <trkpt lon="7.956362" lat="46.091423"><ele>1684.0</ele></trkpt>
   <trkpt lon="7.956349" lat="46.091700"><ele>1683.25</ele></trkpt>
   <trkpt lon="7.956354" lat="46.092267"><ele>1680.75</ele></trkpt>
   <trkpt lon="7.956376" lat="46.092725"><ele>1679.25</ele></trkpt>
   <trkpt lon="7.956370" lat="46.092842"><ele>1679.25</ele></trkpt>
   <trkpt lon="7.956303" lat="46.093084"><ele>1680.25</ele></trkpt>
   <trkpt lon="7.956334" lat="46.093214"><ele>1678.25</ele></trkpt>
   <trkpt lon="7.956337" lat="46.093296"><ele>1677.75</ele></trkpt>
   <trkpt lon="7.956248" lat="46.093747"><ele>1675.0</ele></trkpt>
   <trkpt lon="7.956019" lat="46.094489"><ele>1671.25</ele></trkpt>
   <trkpt lon="7.956076" lat="46.094466"><ele>1670.5</ele></trkpt>
   <trkpt lon="7.956359" lat="46.094408"><ele>1670.0</ele></trkpt>
   <trkpt lon="7.956408" lat="46.094394"><ele>1670.25</ele></trkpt>
   <trkpt lon="7.956502" lat="46.094380"><ele>1670.5</ele></trkpt>
   <trkpt lon="7.956774" lat="46.094416"><ele>1671.25</ele></trkpt>
   <trkpt lon="7.956981" lat="46.094443"><ele>1671.75</ele></trkpt>
   <trkpt lon="7.957079" lat="46.094451"><ele>1671.75</ele></trkpt>
   <trkpt lon="7.957509" lat="46.094488"><ele>1670.5</ele></trkpt>
   <trkpt lon="7.957525" lat="46.094365"><ele>1671.25</ele></trkpt>
   <trkpt lon="7.957564" lat="46.094366"><ele>1671.25</ele></trkpt>
   <trkpt lon="7.957564" lat="46.094325"><ele>1671.25</ele></trkpt>
   <trkpt lon="7.957541" lat="46.094221"><ele>1671.75</ele></trkpt>
   <trkpt lon="7.957619" lat="46.094191"><ele>1671.75</ele></trkpt>
   <trkpt lon="7.957812" lat="46.094119"><ele>1672.25</ele></trkpt>
   <trkpt lon="7.958281" lat="46.094048"><ele>1672.5</ele></trkpt>
  </trkseg>
 </trk>
</gpx>
