<?xml version="1.0" encoding="UTF-8"?>
<!-- track-length = 18641 filtered ascend = 1341 plain-ascend = 386 cost=25903 energy=.4kwh time=5h 14m 26s -->
<gpx 
 xmlns="http://www.topografix.com/GPX/1/1" 
 xmlns:xsi="http://www.w3.org/2001/XMLSchema-instance" 
 xsi:schemaLocation="http://www.topografix.com/GPX/1/1 http://www.topografix.com/GPX/1/1/gpx.xsd" 
 creator="BRouter-1.7.9" version="1.1">
 <trk>
  <name>tour-mont-blanc-tappa-11-les-contamines-les-chapieux</name>
  <trkseg>
   <trkpt lon="6.727575" lat="45.821108"><ele>1164.25</ele></trkpt>
   <trkpt lon="6.727538" lat="45.821173"><ele>1164.25</ele></trkpt>
   <trkpt lon="6.727441" lat="45.821266"><ele>1163.75</ele></trkpt>
   <trkpt lon="6.727305" lat="45.821248"><ele>1162.0</ele></trkpt>
   <trkpt lon="6.727326" lat="45.821214"><ele>1162.0</ele></trkpt>
   <trkpt lon="6.727378" lat="45.821128"><ele>1162.25</ele></trkpt>
   <trkpt lon="6.727423" lat="45.821059"><ele>1162.25</ele></trkpt>
   <trkpt lon="6.727486" lat="45.820896"><ele>1162.0</ele></trkpt>
   <trkpt lon="6.727510" lat="45.820758"><ele>1161.25</ele></trkpt>
   <trkpt lon="6.727517" lat="45.820506"><ele>1158.25</ele></trkpt>
   <trkpt lon="6.727509" lat="45.820262"><ele>1154.75</ele></trkpt>
   <trkpt lon="6.727508" lat="45.820223"><ele>1154.5</ele></trkpt>
   <trkpt lon="6.727507" lat="45.820158"><ele>1153.75</ele></trkpt>
   <trkpt lon="6.727505" lat="45.820107"><ele>1153.0</ele></trkpt>
   <trkpt lon="6.727530" lat="45.820013"><ele>1152.5</ele></trkpt>
   <trkpt lon="6.727578" lat="45.819905"><ele>1152.0</ele></trkpt>
   <trkpt lon="6.727650" lat="45.819800"><ele>1152.0</ele></trkpt>
   <trkpt lon="6.728137" lat="45.819193"><ele>1151.25</ele></trkpt>
   <trkpt lon="6.728317" lat="45.818960"><ele>1151.25</ele></trkpt>
   <trkpt lon="6.728383" lat="45.818873"><ele>1151.25</ele></trkpt>
   <trkpt lon="6.728393" lat="45.818859"><ele>1151.25</ele></trkpt>
   <trkpt lon="6.728471" lat="45.818734"><ele>1150.75</ele></trkpt>
   <trkpt lon="6.728498" lat="45.818665"><ele>1150.5</ele></trkpt>
   <trkpt lon="6.728516" lat="45.818541"><ele>1149.75</ele></trkpt>
   <trkpt lon="6.728405" lat="45.818406"><ele>1145.75</ele></trkpt>
   <trkpt lon="6.728324" lat="45.818347"><ele>1142.75</ele></trkpt>
   <trkpt lon="6.728307" lat="45.818334"><ele>1142.25</ele></trkpt>
   <trkpt lon="6.728230" lat="45.818275"><ele>1141.25</ele></trkpt>
   <trkpt lon="6.728160" lat="45.818195"><ele>1140.25</ele></trkpt>
   <trkpt lon="6.728112" lat="45.818106"><ele>1140.0</ele></trkpt>
   <trkpt lon="6.728038" lat="45.817995"><ele>1139.5</ele></trkpt>
   <trkpt lon="6.727979" lat="45.817949"><ele>1139.75</ele></trkpt>
   <trkpt lon="6.727906" lat="45.817927"><ele>1139.5</ele></trkpt>
   <trkpt lon="6.727825" lat="45.817927"><ele>1139.0</ele></trkpt>
   <trkpt lon="6.727644" lat="45.817962"><ele>1139.0</ele></trkpt>
   <trkpt lon="6.727438" lat="45.817958"><ele>1139.5</ele></trkpt>
   <trkpt lon="6.727481" lat="45.817776"><ele>1141.0</ele></trkpt>
   <trkpt lon="6.727539" lat="45.817606"><ele>1142.0</ele></trkpt>
   <trkpt lon="6.727588" lat="45.817365"><ele>1144.75</ele></trkpt>
   <trkpt lon="6.727600" lat="45.817140"><ele>1148.25</ele></trkpt>
   <trkpt lon="6.727573" lat="45.817044"><ele>1149.5</ele></trkpt>
   <trkpt lon="6.727469" lat="45.816838"><ele>1151.0</ele></trkpt>
   <trkpt lon="6.727347" lat="45.816736"><ele>1150.25</ele></trkpt>
   <trkpt lon="6.727102" lat="45.816558"><ele>1148.75</ele></trkpt>
   <trkpt lon="6.727056" lat="45.816537"><ele>1148.5</ele></trkpt>
   <trkpt lon="6.727022" lat="45.816503"><ele>1148.25</ele></trkpt>
   <trkpt lon="6.726986" lat="45.816443"><ele>1148.25</ele></trkpt>
   <trkpt lon="6.726956" lat="45.816341"><ele>1148.5</ele></trkpt>
   <trkpt lon="6.726868" lat="45.816360"><ele>1148.25</ele></trkpt>
   <trkpt lon="6.726714" lat="45.816402"><ele>1147.75</ele></trkpt>
   <trkpt lon="6.726428" lat="45.816077"><ele>1149.0</ele></trkpt>
   <trkpt lon="6.726353" lat="45.815976"><ele>1149.5</ele></trkpt>
   <trkpt lon="6.726276" lat="45.815850"><ele>1151.0</ele></trkpt>
   <trkpt lon="6.726190" lat="45.815664"><ele>1153.5</ele></trkpt>
   <trkpt lon="6.726162" lat="45.815335"><ele>1154.5</ele></trkpt>
   <trkpt lon="6.726159" lat="45.815048"><ele>1155.5</ele></trkpt>
   <trkpt lon="6.726138" lat="45.814824"><ele>1156.5</ele></trkpt>
   <trkpt lon="6.726169" lat="45.814620"><ele>1157.0</ele></trkpt>
   <trkpt lon="6.726194" lat="45.814515"><ele>1157.0</ele></trkpt>
   <trkpt lon="6.726221" lat="45.814470"><ele>1157.0</ele></trkpt>
   <trkpt lon="6.726277" lat="45.814398"><ele>1156.75</ele></trkpt>
   <trkpt lon="6.726357" lat="45.814320"><ele>1156.5</ele></trkpt>
   <trkpt lon="6.726475" lat="45.814235"><ele>1156.75</ele></trkpt>
   <trkpt lon="6.726646" lat="45.814125"><ele>1157.0</ele></trkpt>
   <trkpt lon="6.726715" lat="45.814056"><ele>1157.25</ele></trkpt>
   <trkpt lon="6.726793" lat="45.813963"><ele>1157.5</ele></trkpt>
   <trkpt lon="6.726835" lat="45.813861"><ele>1157.5</ele></trkpt>
   <trkpt lon="6.726861" lat="45.813765"><ele>1157.5</ele></trkpt>
   <trkpt lon="6.726868" lat="45.813668"><ele>1157.5</ele></trkpt>
   <trkpt lon="6.726890" lat="45.813543"><ele>1157.75</ele></trkpt>
   <trkpt lon="6.726858" lat="45.813422"><ele>1157.75</ele></trkpt>
   <trkpt lon="6.726882" lat="45.813260"><ele>1158.0</ele></trkpt>
   <trkpt lon="6.726867" lat="45.813011"><ele>1158.0</ele></trkpt>
   <trkpt lon="6.726829" lat="45.812865"><ele>1158.5</ele></trkpt>
   <trkpt lon="6.726788" lat="45.812760"><ele>1159.0</ele></trkpt>
   <trkpt lon="6.726809" lat="45.812551"><ele>1159.25</ele></trkpt>
   <trkpt lon="6.726818" lat="45.812334"><ele>1159.25</ele></trkpt>
   <trkpt lon="6.726795" lat="45.812240"><ele>1159.5</ele></trkpt>
   <trkpt lon="6.726799" lat="45.812122"><ele>1159.5</ele></trkpt>
   <trkpt lon="6.726841" lat="45.812022"><ele>1159.75</ele></trkpt>
   <trkpt lon="6.726884" lat="45.811730"><ele>1160.0</ele></trkpt>
   <trkpt lon="6.726885" lat="45.811617"><ele>1160.0</ele></trkpt>
   <trkpt lon="6.726927" lat="45.811454"><ele>1160.0</ele></trkpt>
   <trkpt lon="6.727002" lat="45.811338"><ele>1160.0</ele></trkpt>
   <trkpt lon="6.727110" lat="45.811111"><ele>1160.0</ele></trkpt>
   <trkpt lon="6.727127" lat="45.810977"><ele>1160.0</ele></trkpt>
   <trkpt lon="6.727020" lat="45.810981"><ele>1160.0</ele></trkpt>
   <trkpt lon="6.726978" lat="45.810920"><ele>1160.0</ele></trkpt>
   <trkpt lon="6.726967" lat="45.810258"><ele>1161.0</ele></trkpt>
   <trkpt lon="6.726914" lat="45.810048"><ele>1161.75</ele></trkpt>
   <trkpt lon="6.726697" lat="45.809794"><ele>1162.5</ele></trkpt>
   <trkpt lon="6.726570" lat="45.809626"><ele>1163.0</ele></trkpt>
   <trkpt lon="6.726559" lat="45.809597"><ele>1163.0</ele></trkpt>
   <trkpt lon="6.726660" lat="45.809599"><ele>1163.0</ele></trkpt>
   <trkpt lon="6.726794" lat="45.809634"><ele>1163.0</ele></trkpt>
   <trkpt lon="6.726902" lat="45.809523"><ele>1163.0</ele></trkpt>
   <trkpt lon="6.726988" lat="45.809538"><ele>1162.75</ele></trkpt>
   <trkpt lon="6.727035" lat="45.809555"><ele>1162.75</ele></trkpt>
   <trkpt lon="6.726946" lat="45.809457"><ele>1162.75</ele></trkpt>
   <trkpt lon="6.726875" lat="45.809341"><ele>1163.25</ele></trkpt>
   <trkpt lon="6.726614" lat="45.809159"><ele>1163.0</ele></trkpt>
   <trkpt lon="6.726379" lat="45.808981"><ele>1164.0</ele></trkpt>
   <trkpt lon="6.726334" lat="45.808915"><ele>1164.0</ele></trkpt>
   <trkpt lon="6.726298" lat="45.808808"><ele>1164.25</ele></trkpt>
   <trkpt lon="6.726326" lat="45.808678"><ele>1164.75</ele></trkpt>
   <trkpt lon="6.726346" lat="45.808348"><ele>1165.0</ele></trkpt>
   <trkpt lon="6.726316" lat="45.808262"><ele>1165.25</ele></trkpt>
   <trkpt lon="6.726283" lat="45.808184"><ele>1165.5</ele></trkpt>
   <trkpt lon="6.726223" lat="45.808038"><ele>1166.0</ele></trkpt>
   <trkpt lon="6.726136" lat="45.807919"><ele>1166.25</ele></trkpt>
   <trkpt lon="6.725953" lat="45.807732"><ele>1166.5</ele></trkpt>
   <trkpt lon="6.725873" lat="45.807662"><ele>1166.5</ele></trkpt>
   <trkpt lon="6.725635" lat="45.807485"><ele>1166.25</ele></trkpt>
   <trkpt lon="6.725500" lat="45.807309"><ele>1166.25</ele></trkpt>
   <trkpt lon="6.725451" lat="45.807185"><ele>1166.25</ele></trkpt>
   <trkpt lon="6.725415" lat="45.807124"><ele>1166.0</ele></trkpt>
   <trkpt lon="6.725362" lat="45.807055"><ele>1166.0</ele></trkpt>
   <trkpt lon="6.725477" lat="45.807024"><ele>1166.5</ele></trkpt>
   <trkpt lon="6.725449" lat="45.806979"><ele>1166.5</ele></trkpt>
   <trkpt lon="6.725431" lat="45.806948"><ele>1166.5</ele></trkpt>
   <trkpt lon="6.725388" lat="45.806680"><ele>1166.75</ele></trkpt>
   <trkpt lon="6.725414" lat="45.806698"><ele>1166.75</ele></trkpt>
   <trkpt lon="6.725474" lat="45.806663"><ele>1167.0</ele></trkpt>
   <trkpt lon="6.725510" lat="45.806654"><ele>1167.0</ele></trkpt>
   <trkpt lon="6.725570" lat="45.806598"><ele>1167.25</ele></trkpt>
   <trkpt lon="6.725623" lat="45.806625"><ele>1167.25</ele></trkpt>
   <trkpt lon="6.725757" lat="45.806640"><ele>1167.75</ele></trkpt>
   <trkpt lon="6.725648" lat="45.806480"><ele>1168.0</ele></trkpt>
   <trkpt lon="6.725517" lat="45.806237"><ele>1168.25</ele></trkpt>
   <trkpt lon="6.725366" lat="45.805931"><ele>1170.0</ele></trkpt>
   <trkpt lon="6.725138" lat="45.805606"><ele>1172.25</ele></trkpt>
   <trkpt lon="6.724986" lat="45.805246"><ele>1175.75</ele></trkpt>
   <trkpt lon="6.724898" lat="45.804935"><ele>1176.25</ele></trkpt>
   <trkpt lon="6.724855" lat="45.804627"><ele>1176.5</ele></trkpt>
   <trkpt lon="6.724852" lat="45.804313"><ele>1176.5</ele></trkpt>
   <trkpt lon="6.724837" lat="45.804218"><ele>1176.5</ele></trkpt>
   <trkpt lon="6.724760" lat="45.803976"><ele>1176.75</ele></trkpt>
   <trkpt lon="6.724449" lat="45.803558"><ele>1177.0</ele></trkpt>
   <trkpt lon="6.724401" lat="45.803441"><ele>1177.0</ele></trkpt>
   <trkpt lon="6.724497" lat="45.803197"><ele>1177.0</ele></trkpt>
   <trkpt lon="6.724626" lat="45.803049"><ele>1177.0</ele></trkpt>
   <trkpt lon="6.724716" lat="45.802904"><ele>1177.0</ele></trkpt>
   <trkpt lon="6.724682" lat="45.802760"><ele>1177.0</ele></trkpt>
   <trkpt lon="6.724601" lat="45.802494"><ele>1176.75</ele></trkpt>
   <trkpt lon="6.724582" lat="45.802307"><ele>1176.5</ele></trkpt>
   <trkpt lon="6.724548" lat="45.802137"><ele>1176.5</ele></trkpt>
   <trkpt lon="6.724535" lat="45.802076"><ele>1176.5</ele></trkpt>
   <trkpt lon="6.724513" lat="45.801764"><ele>1177.0</ele></trkpt>
   <trkpt lon="6.724487" lat="45.801655"><ele>1177.0</ele></trkpt>
   <trkpt lon="6.724266" lat="45.800905"><ele>1177.0</ele></trkpt>
   <trkpt lon="6.724197" lat="45.800733"><ele>1177.75</ele></trkpt>
   <trkpt lon="6.724142" lat="45.800557"><ele>1178.75</ele></trkpt>
   <trkpt lon="6.724137" lat="45.800435"><ele>1179.75</ele></trkpt>
   <trkpt lon="6.724132" lat="45.800306"><ele>1180.5</ele></trkpt>
   <trkpt lon="6.724116" lat="45.800185"><ele>1182.0</ele></trkpt>
   <trkpt lon="6.724103" lat="45.800124"><ele>1182.5</ele></trkpt>
   <trkpt lon="6.724064" lat="45.800018"><ele>1183.5</ele></trkpt>
   <trkpt lon="6.723951" lat="45.799820"><ele>1184.25</ele></trkpt>
   <trkpt lon="6.723856" lat="45.799675"><ele>1184.5</ele></trkpt>
   <trkpt lon="6.723837" lat="45.799634"><ele>1184.75</ele></trkpt>
   <trkpt lon="6.723765" lat="45.799628"><ele>1184.5</ele></trkpt>
   <trkpt lon="6.723729" lat="45.799616"><ele>1184.5</ele></trkpt>
   <trkpt lon="6.723647" lat="45.799577"><ele>1184.25</ele></trkpt>
   <trkpt lon="6.723533" lat="45.799534"><ele>1183.75</ele></trkpt>
   <trkpt lon="6.723298" lat="45.799460"><ele>1182.75</ele></trkpt>
   <trkpt lon="6.723218" lat="45.799426"><ele>1182.5</ele></trkpt>
   <trkpt lon="6.723153" lat="45.799390"><ele>1182.5</ele></trkpt>
   <trkpt lon="6.723056" lat="45.799325"><ele>1182.25</ele></trkpt>
   <trkpt lon="6.722915" lat="45.799215"><ele>1182.25</ele></trkpt>
   <trkpt lon="6.722453" lat="45.798736"><ele>1183.0</ele></trkpt>
   <trkpt lon="6.721978" lat="45.798301"><ele>1184.0</ele></trkpt>
   <trkpt lon="6.721758" lat="45.798105"><ele>1184.75</ele></trkpt>
   <trkpt lon="6.721128" lat="45.797502"><ele>1186.75</ele></trkpt>
   <trkpt lon="6.721036" lat="45.797395"><ele>1187.75</ele></trkpt>
   <trkpt lon="6.720859" lat="45.797211"><ele>1188.75</ele></trkpt>
   <trkpt lon="6.720770" lat="45.797082"><ele>1189.5</ele></trkpt>
   <trkpt lon="6.720697" lat="45.796942"><ele>1190.25</ele></trkpt>
   <trkpt lon="6.720644" lat="45.796864"><ele>1190.5</ele></trkpt>
   <trkpt lon="6.720548" lat="45.796755"><ele>1191.0</ele></trkpt>
   <trkpt lon="6.720350" lat="45.796482"><ele>1191.75</ele></trkpt>
   <trkpt lon="6.720208" lat="45.796323"><ele>1192.0</ele></trkpt>
   <trkpt lon="6.719964" lat="45.796096"><ele>1191.75</ele></trkpt>
   <trkpt lon="6.719602" lat="45.795665"><ele>1192.25</ele></trkpt>
   <trkpt lon="6.719559" lat="45.795617"><ele>1192.5</ele></trkpt>
   <trkpt lon="6.719509" lat="45.795533"><ele>1193.25</ele></trkpt>
   <trkpt lon="6.719329" lat="45.795336"><ele>1195.0</ele></trkpt>
   <trkpt lon="6.719280" lat="45.795272"><ele>1195.25</ele></trkpt>
   <trkpt lon="6.719234" lat="45.795187"><ele>1196.75</ele></trkpt>
   <trkpt lon="6.718987" lat="45.794907"><ele>1198.75</ele></trkpt>
   <trkpt lon="6.718841" lat="45.794671"><ele>1200.5</ele></trkpt>
   <trkpt lon="6.718783" lat="45.794616"><ele>1200.5</ele></trkpt>
   <trkpt lon="6.718702" lat="45.794555"><ele>1200.0</ele></trkpt>
   <trkpt lon="6.718649" lat="45.794500"><ele>1200.0</ele></trkpt>
   <trkpt lon="6.718547" lat="45.794342"><ele>1200.75</ele></trkpt>
   <trkpt lon="6.718504" lat="45.794245"><ele>1201.75</ele></trkpt>
   <trkpt lon="6.718471" lat="45.794133"><ele>1203.25</ele></trkpt>
   <trkpt lon="6.718455" lat="45.794025"><ele>1205.0</ele></trkpt>
   <trkpt lon="6.718447" lat="45.793870"><ele>1208.5</ele></trkpt>
   <trkpt lon="6.718484" lat="45.793824"><ele>1211.75</ele></trkpt>
   <trkpt lon="6.718509" lat="45.793728"><ele>1216.5</ele></trkpt>
   <trkpt lon="6.718478" lat="45.793634"><ele>1218.5</ele></trkpt>
   <trkpt lon="6.718362" lat="45.793494"><ele>1218.75</ele></trkpt>
   <trkpt lon="6.718137" lat="45.793253"><ele>1219.25</ele></trkpt>
   <trkpt lon="6.717936" lat="45.793068"><ele>1218.75</ele></trkpt>
   <trkpt lon="6.717818" lat="45.792977"><ele>1218.25</ele></trkpt>
   <trkpt lon="6.717719" lat="45.792914"><ele>1217.25</ele></trkpt>
   <trkpt lon="6.717441" lat="45.792755"><ele>1212.75</ele></trkpt>
   <trkpt lon="6.717381" lat="45.792711"><ele>1213.25</ele></trkpt>
   <trkpt lon="6.717314" lat="45.792654"><ele>1213.5</ele></trkpt>
   <trkpt lon="6.717099" lat="45.792427"><ele>1214.25</ele></trkpt>
   <trkpt lon="6.716713" lat="45.792047"><ele>1214.5</ele></trkpt>
   <trkpt lon="6.716583" lat="45.791931"><ele>1214.0</ele></trkpt>
   <trkpt lon="6.716431" lat="45.791822"><ele>1214.25</ele></trkpt>
   <trkpt lon="6.716344" lat="45.791768"><ele>1214.0</ele></trkpt>
   <trkpt lon="6.716269" lat="45.791731"><ele>1214.0</ele></trkpt>
   <trkpt lon="6.716147" lat="45.791641"><ele>1214.75</ele></trkpt>
   <trkpt lon="6.716074" lat="45.791524"><ele>1218.0</ele></trkpt>
   <trkpt lon="6.716053" lat="45.791511"><ele>1218.0</ele></trkpt>
   <trkpt lon="6.715981" lat="45.791475"><ele>1218.0</ele></trkpt>
   <trkpt lon="6.715829" lat="45.791348"><ele>1219.5</ele></trkpt>
   <trkpt lon="6.715778" lat="45.791299"><ele>1220.25</ele></trkpt>
   <trkpt lon="6.715744" lat="45.791250"><ele>1221.25</ele></trkpt>
   <trkpt lon="6.715666" lat="45.791164"><ele>1222.25</ele></trkpt>
   <trkpt lon="6.715338" lat="45.790650"><ele>1236.5</ele></trkpt>
   <trkpt lon="6.715183" lat="45.790459"><ele>1243.0</ele></trkpt>
   <trkpt lon="6.714863" lat="45.789997"><ele>1262.25</ele></trkpt>
   <trkpt lon="6.714640" lat="45.789748"><ele>1264.25</ele></trkpt>
   <trkpt lon="6.714416" lat="45.789274"><ele>1277.0</ele></trkpt>
   <trkpt lon="6.714309" lat="45.789107"><ele>1278.25</ele></trkpt>
   <trkpt lon="6.714245" lat="45.788897"><ele>1284.25</ele></trkpt>
   <trkpt lon="6.714132" lat="45.788689"><ele>1286.75</ele></trkpt>
   <trkpt lon="6.714035" lat="45.788435"><ele>1292.5</ele></trkpt>
   <trkpt lon="6.713954" lat="45.788339"><ele>1293.25</ele></trkpt>
   <trkpt lon="6.713835" lat="45.788131"><ele>1296.5</ele></trkpt>
   <trkpt lon="6.713716" lat="45.787990"><ele>1297.5</ele></trkpt>
   <trkpt lon="6.713532" lat="45.787612"><ele>1304.25</ele></trkpt>
   <trkpt lon="6.713425" lat="45.787485"><ele>1304.5</ele></trkpt>
   <trkpt lon="6.713308" lat="45.787330"><ele>1304.25</ele></trkpt>
   <trkpt lon="6.713163" lat="45.786891"><ele>1313.0</ele></trkpt>
   <trkpt lon="6.713011" lat="45.786766"><ele>1310.25</ele></trkpt>
   <trkpt lon="6.712969" lat="45.786631"><ele>1312.75</ele></trkpt>
   <trkpt lon="6.712887" lat="45.786474"><ele>1314.0</ele></trkpt>
   <trkpt lon="6.712855" lat="45.786320"><ele>1317.5</ele></trkpt>
   <trkpt lon="6.712893" lat="45.786036"><ele>1326.5</ele></trkpt>
   <trkpt lon="6.712872" lat="45.785943"><ele>1327.75</ele></trkpt>
   <trkpt lon="6.712800" lat="45.785847"><ele>1326.75</ele></trkpt>
   <trkpt lon="6.712759" lat="45.785731"><ele>1327.5</ele></trkpt>
   <trkpt lon="6.712751" lat="45.785549"><ele>1331.75</ele></trkpt>
   <trkpt lon="6.712714" lat="45.785406"><ele>1333.25</ele></trkpt>
   <trkpt lon="6.712609" lat="45.785082"><ele>1335.0</ele></trkpt>
   <trkpt lon="6.712607" lat="45.784946"><ele>1337.5</ele></trkpt>
   <trkpt lon="6.712641" lat="45.784772"><ele>1341.75</ele></trkpt>
   <trkpt lon="6.712708" lat="45.784639"><ele>1345.75</ele></trkpt>
   <trkpt lon="6.712734" lat="45.784518"><ele>1347.75</ele></trkpt>
   <trkpt lon="6.712774" lat="45.784463"><ele>1349.5</ele></trkpt>
   <trkpt lon="6.712866" lat="45.784421"><ele>1352.75</ele></trkpt>
   <trkpt lon="6.712950" lat="45.784368"><ele>1355.5</ele></trkpt>
   <trkpt lon="6.713066" lat="45.784216"><ele>1358.25</ele></trkpt>
   <trkpt lon="6.713087" lat="45.784040"><ele>1357.25</ele></trkpt>
   <trkpt lon="6.713137" lat="45.783893"><ele>1356.75</ele></trkpt>
   <trkpt lon="6.713260" lat="45.783772"><ele>1358.0</ele></trkpt>
   <trkpt lon="6.713563" lat="45.783555"><ele>1360.5</ele></trkpt>
   <trkpt lon="6.713962" lat="45.783371"><ele>1363.75</ele></trkpt>
   <trkpt lon="6.714135" lat="45.783236"><ele>1365.0</ele></trkpt>
   <trkpt lon="6.714371" lat="45.783157"><ele>1367.25</ele></trkpt>
   <trkpt lon="6.714503" lat="45.783085"><ele>1368.25</ele></trkpt>
   <trkpt lon="6.714826" lat="45.782853"><ele>1372.0</ele></trkpt>
   <trkpt lon="6.714983" lat="45.782770"><ele>1375.5</ele></trkpt>
   <trkpt lon="6.715085" lat="45.782642"><ele>1377.75</ele></trkpt>
   <trkpt lon="6.715071" lat="45.782491"><ele>1377.5</ele></trkpt>
   <trkpt lon="6.715081" lat="45.782324"><ele>1378.5</ele></trkpt>
   <trkpt lon="6.715107" lat="45.782211"><ele>1379.5</ele></trkpt>
   <trkpt lon="6.715226" lat="45.781954"><ele>1383.0</ele></trkpt>
   <trkpt lon="6.715386" lat="45.781744"><ele>1386.25</ele></trkpt>
   <trkpt lon="6.715441" lat="45.781672"><ele>1387.0</ele></trkpt>
   <trkpt lon="6.715478" lat="45.781545"><ele>1388.75</ele></trkpt>
   <trkpt lon="6.715453" lat="45.781438"><ele>1390.0</ele></trkpt>
   <trkpt lon="6.715420" lat="45.781368"><ele>1390.75</ele></trkpt>
   <trkpt lon="6.715344" lat="45.781249"><ele>1393.25</ele></trkpt>
   <trkpt lon="6.715226" lat="45.781115"><ele>1396.25</ele></trkpt>
   <trkpt lon="6.715181" lat="45.781000"><ele>1400.5</ele></trkpt>
   <trkpt lon="6.715059" lat="45.780547"><ele>1412.75</ele></trkpt>
   <trkpt lon="6.714987" lat="45.780169"><ele>1421.25</ele></trkpt>
   <trkpt lon="6.714884" lat="45.779894"><ele>1427.0</ele></trkpt>
   <trkpt lon="6.714688" lat="45.779715"><ele>1431.5</ele></trkpt>
   <trkpt lon="6.714676" lat="45.779611"><ele>1433.75</ele></trkpt>
   <trkpt lon="6.714784" lat="45.779463"><ele>1435.75</ele></trkpt>
   <trkpt lon="6.714913" lat="45.779266"><ele>1437.75</ele></trkpt>
   <trkpt lon="6.714884" lat="45.778714"><ele>1448.5</ele></trkpt>
   <trkpt lon="6.714819" lat="45.778464"><ele>1451.75</ele></trkpt>
   <trkpt lon="6.714674" lat="45.778299"><ele>1454.75</ele></trkpt>
   <trkpt lon="6.714532" lat="45.778212"><ele>1457.5</ele></trkpt>
   <trkpt lon="6.714362" lat="45.778133"><ele>1461.5</ele></trkpt>
   <trkpt lon="6.714320" lat="45.778091"><ele>1462.75</ele></trkpt>
   <trkpt lon="6.714278" lat="45.778006"><ele>1464.75</ele></trkpt>
   <trkpt lon="6.714260" lat="45.777880"><ele>1467.0</ele></trkpt>
   <trkpt lon="6.714532" lat="45.777194"><ele>1485.75</ele></trkpt>
   <trkpt lon="6.714841" lat="45.776883"><ele>1483.25</ele></trkpt>
   <trkpt lon="6.714910" lat="45.776739"><ele>1484.5</ele></trkpt>
   <trkpt lon="6.714882" lat="45.776504"><ele>1493.0</ele></trkpt>
   <trkpt lon="6.714984" lat="45.776218"><ele>1498.25</ele></trkpt>
   <trkpt lon="6.715084" lat="45.776011"><ele>1501.75</ele></trkpt>
   <trkpt lon="6.715094" lat="45.775971"><ele>1503.0</ele></trkpt>
   <trkpt lon="6.715127" lat="45.775836"><ele>1507.25</ele></trkpt>
   <trkpt lon="6.715232" lat="45.775739"><ele>1507.75</ele></trkpt>
   <trkpt lon="6.715495" lat="45.775579"><ele>1505.75</ele></trkpt>
   <trkpt lon="6.715730" lat="45.775305"><ele>1510.5</ele></trkpt>
   <trkpt lon="6.715827" lat="45.775088"><ele>1513.5</ele></trkpt>
   <trkpt lon="6.715836" lat="45.774666"><ele>1520.5</ele></trkpt>
   <trkpt lon="6.715824" lat="45.774502"><ele>1523.75</ele></trkpt>
   <trkpt lon="6.715864" lat="45.774377"><ele>1523.75</ele></trkpt>
   <trkpt lon="6.715943" lat="45.774049"><ele>1526.5</ele></trkpt>
   <trkpt lon="6.715948" lat="45.773955"><ele>1528.0</ele></trkpt>
   <trkpt lon="6.715936" lat="45.773700"><ele>1534.25</ele></trkpt>
   <trkpt lon="6.715960" lat="45.773573"><ele>1536.0</ele></trkpt>
   <trkpt lon="6.715956" lat="45.773500"><ele>1537.25</ele></trkpt>
   <trkpt lon="6.715934" lat="45.773413"><ele>1539.25</ele></trkpt>
   <trkpt lon="6.715892" lat="45.773303"><ele>1542.0</ele></trkpt>
   <trkpt lon="6.715806" lat="45.773118"><ele>1545.25</ele></trkpt>
   <trkpt lon="6.715733" lat="45.772866"><ele>1546.75</ele></trkpt>
   <trkpt lon="6.715703" lat="45.772714"><ele>1547.25</ele></trkpt>
   <trkpt lon="6.715712" lat="45.772528"><ele>1547.0</ele></trkpt>
   <trkpt lon="6.715793" lat="45.771951"><ele>1547.75</ele></trkpt>
   <trkpt lon="6.715736" lat="45.771682"><ele>1549.5</ele></trkpt>
   <trkpt lon="6.715706" lat="45.771601"><ele>1550.0</ele></trkpt>
   <trkpt lon="6.715646" lat="45.771516"><ele>1550.75</ele></trkpt>
   <trkpt lon="6.715577" lat="45.771467"><ele>1551.75</ele></trkpt>
   <trkpt lon="6.715503" lat="45.771434"><ele>1553.0</ele></trkpt>
   <trkpt lon="6.715451" lat="45.771384"><ele>1553.75</ele></trkpt>
   <trkpt lon="6.715440" lat="45.771317"><ele>1553.5</ele></trkpt>
   <trkpt lon="6.715367" lat="45.770863"><ele>1551.75</ele></trkpt>
   <trkpt lon="6.715311" lat="45.770724"><ele>1551.5</ele></trkpt>
   <trkpt lon="6.715184" lat="45.770501"><ele>1551.5</ele></trkpt>
   <trkpt lon="6.715109" lat="45.770391"><ele>1551.25</ele></trkpt>
   <trkpt lon="6.714887" lat="45.770116"><ele>1550.5</ele></trkpt>
   <trkpt lon="6.714841" lat="45.770041"><ele>1550.5</ele></trkpt>
   <trkpt lon="6.714809" lat="45.769924"><ele>1550.5</ele></trkpt>
   <trkpt lon="6.714769" lat="45.769606"><ele>1551.5</ele></trkpt>
   <trkpt lon="6.714702" lat="45.769242"><ele>1553.25</ele></trkpt>
   <trkpt lon="6.714472" lat="45.768639"><ele>1556.5</ele></trkpt>
   <trkpt lon="6.714232" lat="45.768246"><ele>1559.0</ele></trkpt>
   <trkpt lon="6.714046" lat="45.767827"><ele>1561.25</ele></trkpt>
   <trkpt lon="6.713862" lat="45.767597"><ele>1561.75</ele></trkpt>
   <trkpt lon="6.713164" lat="45.766809"><ele>1564.0</ele></trkpt>
   <trkpt lon="6.713115" lat="45.766676"><ele>1564.5</ele></trkpt>
   <trkpt lon="6.712998" lat="45.766258"><ele>1568.5</ele></trkpt>
   <trkpt lon="6.712777" lat="45.765559"><ele>1574.0</ele></trkpt>
   <trkpt lon="6.712684" lat="45.765335"><ele>1576.0</ele></trkpt>
   <trkpt lon="6.712551" lat="45.764878"><ele>1579.75</ele></trkpt>
   <trkpt lon="6.712409" lat="45.764659"><ele>1582.25</ele></trkpt>
   <trkpt lon="6.712370" lat="45.764571"><ele>1582.75</ele></trkpt>
   <trkpt lon="6.712349" lat="45.764326"><ele>1583.5</ele></trkpt>
   <trkpt lon="6.712323" lat="45.764229"><ele>1584.0</ele></trkpt>
   <trkpt lon="6.712263" lat="45.764114"><ele>1584.75</ele></trkpt>
   <trkpt lon="6.712204" lat="45.763968"><ele>1585.75</ele></trkpt>
   <trkpt lon="6.712116" lat="45.763790"><ele>1587.75</ele></trkpt>
   <trkpt lon="6.711981" lat="45.763561"><ele>1591.25</ele></trkpt>
   <trkpt lon="6.711927" lat="45.763336"><ele>1593.75</ele></trkpt>
   <trkpt lon="6.711776" lat="45.762934"><ele>1598.75</ele></trkpt>
   <trkpt lon="6.711699" lat="45.762819"><ele>1600.25</ele></trkpt>
   <trkpt lon="6.711525" lat="45.762502"><ele>1604.75</ele></trkpt>
   <trkpt lon="6.711354" lat="45.762121"><ele>1610.5</ele></trkpt>
   <trkpt lon="6.711340" lat="45.761858"><ele>1614.75</ele></trkpt>
   <trkpt lon="6.711287" lat="45.761556"><ele>1621.0</ele></trkpt>
   <trkpt lon="6.711256" lat="45.761454"><ele>1623.0</ele></trkpt>
   <trkpt lon="6.711193" lat="45.761346"><ele>1625.0</ele></trkpt>
   <trkpt lon="6.711059" lat="45.761205"><ele>1627.75</ele></trkpt>
   <trkpt lon="6.710994" lat="45.761112"><ele>1629.5</ele></trkpt>
   <trkpt lon="6.710955" lat="45.760970"><ele>1632.0</ele></trkpt>
   <trkpt lon="6.710968" lat="45.760748"><ele>1636.75</ele></trkpt>
   <trkpt lon="6.711228" lat="45.760270"><ele>1647.75</ele></trkpt>
   <trkpt lon="6.711244" lat="45.760185"><ele>1649.5</ele></trkpt>
   <trkpt lon="6.711202" lat="45.760083"><ele>1652.0</ele></trkpt>
   <trkpt lon="6.711099" lat="45.759885"><ele>1657.5</ele></trkpt>
   <trkpt lon="6.710822" lat="45.759489"><ele>1669.25</ele></trkpt>
   <trkpt lon="6.710672" lat="45.759344"><ele>1673.0</ele></trkpt>
   <trkpt lon="6.710581" lat="45.759230"><ele>1675.0</ele></trkpt>
   <trkpt lon="6.710516" lat="45.759135"><ele>1677.5</ele></trkpt>
   <trkpt lon="6.710440" lat="45.758980"><ele>1681.75</ele></trkpt>
   <trkpt lon="6.710449" lat="45.758907"><ele>1683.0</ele></trkpt>
   <trkpt lon="6.710469" lat="45.758877"><ele>1683.0</ele></trkpt>
   <trkpt lon="6.710528" lat="45.758845"><ele>1682.25</ele></trkpt>
   <trkpt lon="6.710622" lat="45.758798"><ele>1682.25</ele></trkpt>
   <trkpt lon="6.710668" lat="45.758761"><ele>1682.5</ele></trkpt>
   <trkpt lon="6.710682" lat="45.758737"><ele>1683.0</ele></trkpt>
   <trkpt lon="6.710701" lat="45.758641"><ele>1685.25</ele></trkpt>
   <trkpt lon="6.710717" lat="45.758611"><ele>1685.75</ele></trkpt>
   <trkpt lon="6.710772" lat="45.758550"><ele>1687.25</ele></trkpt>
   <trkpt lon="6.710797" lat="45.758493"><ele>1688.75</ele></trkpt>
   <trkpt lon="6.710792" lat="45.758456"><ele>1690.0</ele></trkpt>
   <trkpt lon="6.710727" lat="45.758289"><ele>1694.25</ele></trkpt>
   <trkpt lon="6.710717" lat="45.758241"><ele>1695.0</ele></trkpt>
   <trkpt lon="6.710729" lat="45.758137"><ele>1697.0</ele></trkpt>
   <trkpt lon="6.710759" lat="45.758073"><ele>1698.25</ele></trkpt>
   <trkpt lon="6.710778" lat="45.758050"><ele>1698.75</ele></trkpt>
   <trkpt lon="6.710906" lat="45.758025"><ele>1699.75</ele></trkpt>
   <trkpt lon="6.711013" lat="45.758004"><ele>1700.25</ele></trkpt>
   <trkpt lon="6.711075" lat="45.757962"><ele>1700.75</ele></trkpt>
   <trkpt lon="6.711101" lat="45.757907"><ele>1701.5</ele></trkpt>
   <trkpt lon="6.711082" lat="45.757843"><ele>1702.25</ele></trkpt>
   <trkpt lon="6.710981" lat="45.757707"><ele>1704.25</ele></trkpt>
   <trkpt lon="6.710910" lat="45.757625"><ele>1705.75</ele></trkpt>
   <trkpt lon="6.710701" lat="45.757433"><ele>1709.75</ele></trkpt>
   <trkpt lon="6.710660" lat="45.757371"><ele>1710.75</ele></trkpt>
   <trkpt lon="6.710640" lat="45.757309"><ele>1711.5</ele></trkpt>
   <trkpt lon="6.710584" lat="45.757223"><ele>1712.75</ele></trkpt>
   <trkpt lon="6.710552" lat="45.757192"><ele>1713.25</ele></trkpt>
   <trkpt lon="6.710352" lat="45.757020"><ele>1717.25</ele></trkpt>
   <trkpt lon="6.710265" lat="45.756978"><ele>1718.75</ele></trkpt>
   <trkpt lon="6.710210" lat="45.756962"><ele>1719.75</ele></trkpt>
   <trkpt lon="6.710155" lat="45.756950"><ele>1720.5</ele></trkpt>
   <trkpt lon="6.709953" lat="45.756928"><ele>1723.5</ele></trkpt>
   <trkpt lon="6.709629" lat="45.756873"><ele>1729.25</ele></trkpt>
   <trkpt lon="6.709031" lat="45.756713"><ele>1740.0</ele></trkpt>
   <trkpt lon="6.708859" lat="45.756638"><ele>1742.0</ele></trkpt>
   <trkpt lon="6.708229" lat="45.756135"><ele>1756.25</ele></trkpt>
   <trkpt lon="6.708032" lat="45.755966"><ele>1760.5</ele></trkpt>
   <trkpt lon="6.707939" lat="45.755843"><ele>1763.75</ele></trkpt>
   <trkpt lon="6.707894" lat="45.755753"><ele>1766.0</ele></trkpt>
   <trkpt lon="6.707555" lat="45.755472"><ele>1777.75</ele></trkpt>
   <trkpt lon="6.707401" lat="45.755297"><ele>1781.75</ele></trkpt>
   <trkpt lon="6.707317" lat="45.755193"><ele>1784.75</ele></trkpt>
   <trkpt lon="6.707258" lat="45.755068"><ele>1788.5</ele></trkpt>
   <trkpt lon="6.707282" lat="45.754982"><ele>1790.0</ele></trkpt>
   <trkpt lon="6.707253" lat="45.754785"><ele>1794.25</ele></trkpt>
   <trkpt lon="6.707255" lat="45.754690"><ele>1796.25</ele></trkpt>
   <trkpt lon="6.707279" lat="45.754525"><ele>1800.5</ele></trkpt>
   <trkpt lon="6.707314" lat="45.754391"><ele>1804.25</ele></trkpt>
   <trkpt lon="6.707397" lat="45.754239"><ele>1808.5</ele></trkpt>
   <trkpt lon="6.707590" lat="45.754033"><ele>1812.0</ele></trkpt>
   <trkpt lon="6.707652" lat="45.753958"><ele>1813.25</ele></trkpt>
   <trkpt lon="6.707717" lat="45.753859"><ele>1815.25</ele></trkpt>
   <trkpt lon="6.707835" lat="45.753533"><ele>1825.0</ele></trkpt>
   <trkpt lon="6.707886" lat="45.753442"><ele>1827.75</ele></trkpt>
   <trkpt lon="6.707958" lat="45.753376"><ele>1829.5</ele></trkpt>
   <trkpt lon="6.708095" lat="45.753277"><ele>1832.25</ele></trkpt>
   <trkpt lon="6.708425" lat="45.753075"><ele>1839.25</ele></trkpt>
   <trkpt lon="6.708610" lat="45.753011"><ele>1841.25</ele></trkpt>
   <trkpt lon="6.708811" lat="45.752968"><ele>1843.0</ele></trkpt>
   <trkpt lon="6.708937" lat="45.752953"><ele>1843.5</ele></trkpt>
   <trkpt lon="6.709148" lat="45.752942"><ele>1843.75</ele></trkpt>
   <trkpt lon="6.709178" lat="45.752929"><ele>1844.5</ele></trkpt>
   <trkpt lon="6.709197" lat="45.752912"><ele>1845.25</ele></trkpt>
   <trkpt lon="6.709257" lat="45.752917"><ele>1845.25</ele></trkpt>
   <trkpt lon="6.709346" lat="45.752950"><ele>1844.0</ele></trkpt>
   <trkpt lon="6.709386" lat="45.752953"><ele>1844.0</ele></trkpt>
   <trkpt lon="6.709469" lat="45.752938"><ele>1844.75</ele></trkpt>
   <trkpt lon="6.709527" lat="45.752929"><ele>1845.5</ele></trkpt>
   <trkpt lon="6.709621" lat="45.752933"><ele>1845.5</ele></trkpt>
   <trkpt lon="6.709627" lat="45.752894"><ele>1847.75</ele></trkpt>
   <trkpt lon="6.709615" lat="45.752868"><ele>1849.25</ele></trkpt>
   <trkpt lon="6.709635" lat="45.752849"><ele>1850.25</ele></trkpt>
   <trkpt lon="6.709633" lat="45.752817"><ele>1852.0</ele></trkpt>
   <trkpt lon="6.709649" lat="45.752807"><ele>1852.75</ele></trkpt>
   <trkpt lon="6.709644" lat="45.752781"><ele>1854.25</ele></trkpt>
   <trkpt lon="6.709652" lat="45.752649"><ele>1859.25</ele></trkpt>
   <trkpt lon="6.709646" lat="45.752617"><ele>1860.25</ele></trkpt>
   <trkpt lon="6.709658" lat="45.752598"><ele>1861.0</ele></trkpt>
   <trkpt lon="6.709658" lat="45.752573"><ele>1862.0</ele></trkpt>
   <trkpt lon="6.709680" lat="45.752536"><ele>1863.0</ele></trkpt>
   <trkpt lon="6.709637" lat="45.752482"><ele>1865.25</ele></trkpt>
   <trkpt lon="6.709601" lat="45.752465"><ele>1866.25</ele></trkpt>
   <trkpt lon="6.709536" lat="45.752378"><ele>1869.75</ele></trkpt>
   <trkpt lon="6.709536" lat="45.752346"><ele>1871.0</ele></trkpt>
   <trkpt lon="6.709517" lat="45.752304"><ele>1872.5</ele></trkpt>
   <trkpt lon="6.709526" lat="45.752243"><ele>1874.5</ele></trkpt>
   <trkpt lon="6.709524" lat="45.752166"><ele>1877.25</ele></trkpt>
   <trkpt lon="6.709539" lat="45.752115"><ele>1879.0</ele></trkpt>
   <trkpt lon="6.709535" lat="45.752036"><ele>1882.0</ele></trkpt>
   <trkpt lon="6.709547" lat="45.751990"><ele>1883.75</ele></trkpt>
   <trkpt lon="6.709525" lat="45.751960"><ele>1885.0</ele></trkpt>
   <trkpt lon="6.709486" lat="45.751931"><ele>1886.75</ele></trkpt>
   <trkpt lon="6.709486" lat="45.751921"><ele>1887.0</ele></trkpt>
   <trkpt lon="6.709496" lat="45.751916"><ele>1887.0</ele></trkpt>
   <trkpt lon="6.709516" lat="45.751921"><ele>1886.5</ele></trkpt>
   <trkpt lon="6.709522" lat="45.751917"><ele>1886.75</ele></trkpt>
   <trkpt lon="6.709516" lat="45.751861"><ele>1888.5</ele></trkpt>
   <trkpt lon="6.709535" lat="45.751811"><ele>1890.0</ele></trkpt>
   <trkpt lon="6.709544" lat="45.751744"><ele>1892.0</ele></trkpt>
   <trkpt lon="6.709591" lat="45.751687"><ele>1893.75</ele></trkpt>
   <trkpt lon="6.709590" lat="45.751647"><ele>1895.25</ele></trkpt>
   <trkpt lon="6.709600" lat="45.751625"><ele>1896.0</ele></trkpt>
   <trkpt lon="6.709629" lat="45.751631"><ele>1895.75</ele></trkpt>
   <trkpt lon="6.709667" lat="45.751667"><ele>1894.0</ele></trkpt>
   <trkpt lon="6.709677" lat="45.751661"><ele>1894.25</ele></trkpt>
   <trkpt lon="6.709695" lat="45.751619"><ele>1896.0</ele></trkpt>
   <trkpt lon="6.709832" lat="45.751489"><ele>1899.0</ele></trkpt>
   <trkpt lon="6.709862" lat="45.751358"><ele>1903.5</ele></trkpt>
   <trkpt lon="6.709869" lat="45.751239"><ele>1907.25</ele></trkpt>
   <trkpt lon="6.709913" lat="45.751212"><ele>1907.5</ele></trkpt>
   <trkpt lon="6.709987" lat="45.751108"><ele>1910.25</ele></trkpt>
   <trkpt lon="6.710125" lat="45.750998"><ele>1907.0</ele></trkpt>
   <trkpt lon="6.710232" lat="45.750882"><ele>1905.5</ele></trkpt>
   <trkpt lon="6.710254" lat="45.750845"><ele>1905.75</ele></trkpt>
   <trkpt lon="6.710321" lat="45.750625"><ele>1909.25</ele></trkpt>
   <trkpt lon="6.710374" lat="45.750534"><ele>1910.0</ele></trkpt>
   <trkpt lon="6.710436" lat="45.750470"><ele>1910.25</ele></trkpt>
   <trkpt lon="6.710526" lat="45.750420"><ele>1909.25</ele></trkpt>
   <trkpt lon="6.710697" lat="45.750360"><ele>1909.0</ele></trkpt>
   <trkpt lon="6.710782" lat="45.750321"><ele>1909.25</ele></trkpt>
   <trkpt lon="6.710876" lat="45.750233"><ele>1912.0</ele></trkpt>
   <trkpt lon="6.710904" lat="45.750212"><ele>1912.75</ele></trkpt>
   <trkpt lon="6.710944" lat="45.750196"><ele>1913.25</ele></trkpt>
   <trkpt lon="6.711143" lat="45.750156"><ele>1913.25</ele></trkpt>
   <trkpt lon="6.711261" lat="45.750141"><ele>1913.25</ele></trkpt>
   <trkpt lon="6.711438" lat="45.750092"><ele>1913.75</ele></trkpt>
   <trkpt lon="6.711537" lat="45.750020"><ele>1915.25</ele></trkpt>
   <trkpt lon="6.711682" lat="45.749951"><ele>1916.5</ele></trkpt>
   <trkpt lon="6.711830" lat="45.749870"><ele>1917.75</ele></trkpt>
   <trkpt lon="6.711889" lat="45.749846"><ele>1918.0</ele></trkpt>
   <trkpt lon="6.712020" lat="45.749806"><ele>1917.5</ele></trkpt>
   <trkpt lon="6.712057" lat="45.749785"><ele>1917.5</ele></trkpt>
   <trkpt lon="6.712111" lat="45.749731"><ele>1917.75</ele></trkpt>
   <trkpt lon="6.712199" lat="45.749612"><ele>1919.25</ele></trkpt>
   <trkpt lon="6.712270" lat="45.749555"><ele>1919.5</ele></trkpt>
   <trkpt lon="6.712321" lat="45.749529"><ele>1919.75</ele></trkpt>
   <trkpt lon="6.712451" lat="45.749486"><ele>1919.0</ele></trkpt>
   <trkpt lon="6.712612" lat="45.749451"><ele>1918.75</ele></trkpt>
   <trkpt lon="6.712804" lat="45.749399"><ele>1919.5</ele></trkpt>
   <trkpt lon="6.713213" lat="45.749239"><ele>1921.5</ele></trkpt>
   <trkpt lon="6.713253" lat="45.749217"><ele>1921.5</ele></trkpt>
   <trkpt lon="6.713503" lat="45.749037"><ele>1923.5</ele></trkpt>
   <trkpt lon="6.713786" lat="45.748875"><ele>1924.75</ele></trkpt>
   <trkpt lon="6.714025" lat="45.748706"><ele>1925.25</ele></trkpt>
   <trkpt lon="6.714149" lat="45.748608"><ele>1925.0</ele></trkpt>
   <trkpt lon="6.714216" lat="45.748537"><ele>1925.5</ele></trkpt>
   <trkpt lon="6.714261" lat="45.748451"><ele>1926.0</ele></trkpt>
   <trkpt lon="6.714291" lat="45.748296"><ele>1927.5</ele></trkpt>
   <trkpt lon="6.714310" lat="45.748239"><ele>1928.0</ele></trkpt>
   <trkpt lon="6.714347" lat="45.748175"><ele>1928.5</ele></trkpt>
   <trkpt lon="6.714523" lat="45.747933"><ele>1929.75</ele></trkpt>
   <trkpt lon="6.714542" lat="45.747891"><ele>1930.0</ele></trkpt>
   <trkpt lon="6.714544" lat="45.747852"><ele>1930.5</ele></trkpt>
   <trkpt lon="6.714562" lat="45.747821"><ele>1930.75</ele></trkpt>
   <trkpt lon="6.714598" lat="45.747804"><ele>1930.5</ele></trkpt>
   <trkpt lon="6.714642" lat="45.747795"><ele>1930.25</ele></trkpt>
   <trkpt lon="6.714698" lat="45.747768"><ele>1930.25</ele></trkpt>
   <trkpt lon="6.714741" lat="45.747739"><ele>1930.75</ele></trkpt>
   <trkpt lon="6.714787" lat="45.747682"><ele>1932.25</ele></trkpt>
   <trkpt lon="6.714868" lat="45.747679"><ele>1933.5</ele></trkpt>
   <trkpt lon="6.714892" lat="45.747730"><ele>1933.5</ele></trkpt>
   <trkpt lon="6.714909" lat="45.747739"><ele>1933.5</ele></trkpt>
   <trkpt lon="6.714963" lat="45.747738"><ele>1934.5</ele></trkpt>
   <trkpt lon="6.714979" lat="45.747724"><ele>1935.0</ele></trkpt>
   <trkpt lon="6.714997" lat="45.747699"><ele>1935.5</ele></trkpt>
   <trkpt lon="6.715001" lat="45.747675"><ele>1935.75</ele></trkpt>
   <trkpt lon="6.714986" lat="45.747649"><ele>1935.5</ele></trkpt>
   <trkpt lon="6.715006" lat="45.747650"><ele>1936.0</ele></trkpt>
   <trkpt lon="6.715018" lat="45.747642"><ele>1936.25</ele></trkpt>
   <trkpt lon="6.715021" lat="45.747603"><ele>1936.5</ele></trkpt>
   <trkpt lon="6.715091" lat="45.747558"><ele>1937.75</ele></trkpt>
   <trkpt lon="6.715160" lat="45.747472"><ele>1939.25</ele></trkpt>
   <trkpt lon="6.715185" lat="45.747417"><ele>1939.75</ele></trkpt>
   <trkpt lon="6.715185" lat="45.747362"><ele>1940.0</ele></trkpt>
   <trkpt lon="6.715205" lat="45.747330"><ele>1940.5</ele></trkpt>
   <trkpt lon="6.715250" lat="45.747288"><ele>1941.25</ele></trkpt>
   <trkpt lon="6.715291" lat="45.747227"><ele>1942.0</ele></trkpt>
   <trkpt lon="6.715358" lat="45.747217"><ele>1942.75</ele></trkpt>
   <trkpt lon="6.715407" lat="45.747180"><ele>1943.5</ele></trkpt>
   <trkpt lon="6.715431" lat="45.747173"><ele>1943.75</ele></trkpt>
   <trkpt lon="6.715520" lat="45.747172"><ele>1944.75</ele></trkpt>
   <trkpt lon="6.715811" lat="45.747059"><ele>1949.75</ele></trkpt>
   <trkpt lon="6.715897" lat="45.747056"><ele>1950.75</ele></trkpt>
   <trkpt lon="6.715935" lat="45.747043"><ele>1951.25</ele></trkpt>
   <trkpt lon="6.715984" lat="45.747011"><ele>1952.0</ele></trkpt>
   <trkpt lon="6.716066" lat="45.746993"><ele>1953.0</ele></trkpt>
   <trkpt lon="6.716128" lat="45.746955"><ele>1954.0</ele></trkpt>
   <trkpt lon="6.716207" lat="45.746922"><ele>1955.25</ele></trkpt>
   <trkpt lon="6.716335" lat="45.746910"><ele>1956.75</ele></trkpt>
   <trkpt lon="6.716412" lat="45.746915"><ele>1957.5</ele></trkpt>
   <trkpt lon="6.716458" lat="45.746911"><ele>1957.75</ele></trkpt>
   <trkpt lon="6.716507" lat="45.746899"><ele>1958.25</ele></trkpt>
   <trkpt lon="6.716567" lat="45.746863"><ele>1959.25</ele></trkpt>
   <trkpt lon="6.716642" lat="45.746849"><ele>1960.25</ele></trkpt>
   <trkpt lon="6.716723" lat="45.746797"><ele>1961.75</ele></trkpt>
   <trkpt lon="6.716769" lat="45.746756"><ele>1963.0</ele></trkpt>
   <trkpt lon="6.716901" lat="45.746710"><ele>1964.75</ele></trkpt>
   <trkpt lon="6.716984" lat="45.746701"><ele>1965.25</ele></trkpt>
   <trkpt lon="6.717133" lat="45.746661"><ele>1966.75</ele></trkpt>
   <trkpt lon="6.717235" lat="45.746582"><ele>1969.75</ele></trkpt>
   <trkpt lon="6.717300" lat="45.746554"><ele>1971.25</ele></trkpt>
   <trkpt lon="6.717363" lat="45.746556"><ele>1971.75</ele></trkpt>
   <trkpt lon="6.717449" lat="45.746583"><ele>1971.75</ele></trkpt>
   <trkpt lon="6.717588" lat="45.746579"><ele>1973.5</ele></trkpt>
   <trkpt lon="6.717718" lat="45.746606"><ele>1974.25</ele></trkpt>
   <trkpt lon="6.717825" lat="45.746647"><ele>1974.0</ele></trkpt>
   <trkpt lon="6.717964" lat="45.746643"><ele>1975.75</ele></trkpt>
   <trkpt lon="6.718044" lat="45.746656"><ele>1976.0</ele></trkpt>
   <trkpt lon="6.718088" lat="45.746657"><ele>1976.5</ele></trkpt>
   <trkpt lon="6.718114" lat="45.746650"><ele>1976.75</ele></trkpt>
   <trkpt lon="6.718171" lat="45.746619"><ele>1978.25</ele></trkpt>
   <trkpt lon="6.718180" lat="45.746605"><ele>1978.75</ele></trkpt>
   <trkpt lon="6.718171" lat="45.746593"><ele>1979.0</ele></trkpt>
   <trkpt lon="6.718063" lat="45.746576"><ele>1978.75</ele></trkpt>
   <trkpt lon="6.717993" lat="45.746540"><ele>1979.25</ele></trkpt>
   <trkpt lon="6.717967" lat="45.746520"><ele>1979.75</ele></trkpt>
   <trkpt lon="6.717954" lat="45.746487"><ele>1980.5</ele></trkpt>
   <trkpt lon="6.717890" lat="45.746407"><ele>1982.5</ele></trkpt>
   <trkpt lon="6.717785" lat="45.746352"><ele>1983.75</ele></trkpt>
   <trkpt lon="6.717685" lat="45.746284"><ele>1985.5</ele></trkpt>
   <trkpt lon="6.717609" lat="45.746213"><ele>1987.75</ele></trkpt>
   <trkpt lon="6.717561" lat="45.746148"><ele>1990.0</ele></trkpt>
   <trkpt lon="6.717534" lat="45.746141"><ele>1990.0</ele></trkpt>
   <trkpt lon="6.717513" lat="45.746128"><ele>1990.25</ele></trkpt>
   <trkpt lon="6.717497" lat="45.746095"><ele>1991.75</ele></trkpt>
   <trkpt lon="6.717466" lat="45.746072"><ele>1992.5</ele></trkpt>
   <trkpt lon="6.717398" lat="45.746037"><ele>1993.5</ele></trkpt>
   <trkpt lon="6.717354" lat="45.745991"><ele>1995.25</ele></trkpt>
   <trkpt lon="6.717304" lat="45.745948"><ele>1996.5</ele></trkpt>
   <trkpt lon="6.717272" lat="45.745932"><ele>1996.75</ele></trkpt>
   <trkpt lon="6.717245" lat="45.745904"><ele>1997.75</ele></trkpt>
   <trkpt lon="6.717171" lat="45.745800"><ele>2001.75</ele></trkpt>
   <trkpt lon="6.717122" lat="45.745678"><ele>2007.0</ele></trkpt>
   <trkpt lon="6.717026" lat="45.745532"><ele>2012.5</ele></trkpt>
   <trkpt lon="6.717023" lat="45.745515"><ele>2013.25</ele></trkpt>
   <trkpt lon="6.717053" lat="45.745486"><ele>2015.5</ele></trkpt>
   <trkpt lon="6.717000" lat="45.745454"><ele>2016.0</ele></trkpt>
   <trkpt lon="6.717033" lat="45.745415"><ele>2018.75</ele></trkpt>
   <trkpt lon="6.717025" lat="45.745395"><ele>2019.5</ele></trkpt>
   <trkpt lon="6.717031" lat="45.745377"><ele>2020.75</ele></trkpt>
   <trkpt lon="6.717049" lat="45.745362"><ele>2021.75</ele></trkpt>
   <trkpt lon="6.717024" lat="45.745339"><ele>2022.5</ele></trkpt>
   <trkpt lon="6.717018" lat="45.745312"><ele>2023.75</ele></trkpt>
   <trkpt lon="6.716973" lat="45.745303"><ele>2023.25</ele></trkpt>
   <trkpt lon="6.716950" lat="45.745292"><ele>2023.25</ele></trkpt>
   <trkpt lon="6.716941" lat="45.745261"><ele>2025.0</ele></trkpt>
   <trkpt lon="6.716923" lat="45.745256"><ele>2025.5</ele></trkpt>
   <trkpt lon="6.716862" lat="45.745271"><ele>2025.75</ele></trkpt>
   <trkpt lon="6.716768" lat="45.745257"><ele>2028.0</ele></trkpt>
   <trkpt lon="6.716752" lat="45.745250"><ele>2028.5</ele></trkpt>
   <trkpt lon="6.716746" lat="45.745242"><ele>2028.75</ele></trkpt>
   <trkpt lon="6.716787" lat="45.745201"><ele>2030.0</ele></trkpt>
   <trkpt lon="6.716787" lat="45.745170"><ele>2031.5</ele></trkpt>
   <trkpt lon="6.716771" lat="45.745152"><ele>2032.25</ele></trkpt>
   <trkpt lon="6.716747" lat="45.745147"><ele>2032.5</ele></trkpt>
   <trkpt lon="6.716725" lat="45.745130"><ele>2033.5</ele></trkpt>
   <trkpt lon="6.716720" lat="45.745107"><ele>2034.25</ele></trkpt>
   <trkpt lon="6.716693" lat="45.745084"><ele>2035.25</ele></trkpt>
   <trkpt lon="6.716576" lat="45.745010"><ele>2038.5</ele></trkpt>
   <trkpt lon="6.716534" lat="45.744993"><ele>2039.5</ele></trkpt>
   <trkpt lon="6.716456" lat="45.744915"><ele>2041.25</ele></trkpt>
   <trkpt lon="6.716354" lat="45.744880"><ele>2042.5</ele></trkpt>
   <trkpt lon="6.716308" lat="45.744859"><ele>2043.25</ele></trkpt>
   <trkpt lon="6.716239" lat="45.744819"><ele>2044.25</ele></trkpt>
   <trkpt lon="6.716147" lat="45.744785"><ele>2045.25</ele></trkpt>
   <trkpt lon="6.716096" lat="45.744754"><ele>2045.75</ele></trkpt>
   <trkpt lon="6.716025" lat="45.744688"><ele>2047.0</ele></trkpt>
   <trkpt lon="6.716012" lat="45.744661"><ele>2047.5</ele></trkpt>
   <trkpt lon="6.715990" lat="45.744519"><ele>2050.5</ele></trkpt>
   <trkpt lon="6.715974" lat="45.744182"><ele>2058.5</ele></trkpt>
   <trkpt lon="6.715825" lat="45.744006"><ele>2063.25</ele></trkpt>
   <trkpt lon="6.715727" lat="45.743919"><ele>2065.5</ele></trkpt>
   <trkpt lon="6.715595" lat="45.743665"><ele>2069.5</ele></trkpt>
   <trkpt lon="6.715554" lat="45.743185"><ele>2073.0</ele></trkpt>
   <trkpt lon="6.715467" lat="45.742888"><ele>2077.0</ele></trkpt>
   <trkpt lon="6.715373" lat="45.742762"><ele>2078.0</ele></trkpt>
   <trkpt lon="6.715107" lat="45.742613"><ele>2079.25</ele></trkpt>
   <trkpt lon="6.714781" lat="45.742361"><ele>2081.75</ele></trkpt>
   <trkpt lon="6.714591" lat="45.742155"><ele>2084.0</ele></trkpt>
   <trkpt lon="6.714500" lat="45.741948"><ele>2088.0</ele></trkpt>
   <trkpt lon="6.714041" lat="45.741530"><ele>2090.75</ele></trkpt>
   <trkpt lon="6.713794" lat="45.741121"><ele>2097.25</ele></trkpt>
   <trkpt lon="6.713705" lat="45.740902"><ele>2101.0</ele></trkpt>
   <trkpt lon="6.713607" lat="45.740787"><ele>2101.75</ele></trkpt>
   <trkpt lon="6.713602" lat="45.740631"><ele>2105.25</ele></trkpt>
   <trkpt lon="6.713468" lat="45.740558"><ele>2106.25</ele></trkpt>
   <trkpt lon="6.713180" lat="45.740480"><ele>2107.0</ele></trkpt>
   <trkpt lon="6.712795" lat="45.740009"><ele>2114.75</ele></trkpt>
   <trkpt lon="6.712588" lat="45.739876"><ele>2118.0</ele></trkpt>
   <trkpt lon="6.712304" lat="45.739612"><ele>2125.75</ele></trkpt>
   <trkpt lon="6.712249" lat="45.739447"><ele>2128.5</ele></trkpt>
   <trkpt lon="6.712150" lat="45.739432"><ele>2131.0</ele></trkpt>
   <trkpt lon="6.712043" lat="45.739516"><ele>2133.5</ele></trkpt>
   <trkpt lon="6.711968" lat="45.739501"><ele>2136.0</ele></trkpt>
   <trkpt lon="6.711901" lat="45.739355"><ele>2138.75</ele></trkpt>
   <trkpt lon="6.711740" lat="45.739200"><ele>2144.0</ele></trkpt>
   <trkpt lon="6.711386" lat="45.739020"><ele>2151.75</ele></trkpt>
   <trkpt lon="6.710911" lat="45.738734"><ele>2163.5</ele></trkpt>
   <trkpt lon="6.710694" lat="45.738665"><ele>2170.75</ele></trkpt>
   <trkpt lon="6.710525" lat="45.738601"><ele>2176.0</ele></trkpt>
   <trkpt lon="6.710248" lat="45.738466"><ele>2184.5</ele></trkpt>
   <trkpt lon="6.709948" lat="45.738287"><ele>2193.25</ele></trkpt>
   <trkpt lon="6.709975" lat="45.738142"><ele>2192.0</ele></trkpt>
   <trkpt lon="6.709867" lat="45.738096"><ele>2196.75</ele></trkpt>
   <trkpt lon="6.709779" lat="45.738138"><ele>2200.75</ele></trkpt>
   <trkpt lon="6.709679" lat="45.738078"><ele>2204.75</ele></trkpt>
   <trkpt lon="6.709648" lat="45.738011"><ele>2206.5</ele></trkpt>
   <trkpt lon="6.709500" lat="45.737972"><ele>2212.5</ele></trkpt>
   <trkpt lon="6.709488" lat="45.737873"><ele>2214.0</ele></trkpt>
   <trkpt lon="6.709367" lat="45.737883"><ele>2217.0</ele></trkpt>
   <trkpt lon="6.709355" lat="45.737794"><ele>2217.75</ele></trkpt>
   <trkpt lon="6.709241" lat="45.737801"><ele>2220.25</ele></trkpt>
   <trkpt lon="6.709224" lat="45.737723"><ele>2222.0</ele></trkpt>
   <trkpt lon="6.709136" lat="45.737687"><ele>2224.5</ele></trkpt>
   <trkpt lon="6.708790" lat="45.737397"><ele>2235.75</ele></trkpt>
   <trkpt lon="6.708705" lat="45.737378"><ele>2237.75</ele></trkpt>
   <trkpt lon="6.708586" lat="45.737521"><ele>2239.5</ele></trkpt>
   <trkpt lon="6.708468" lat="45.737596"><ele>2243.25</ele></trkpt>
   <trkpt lon="6.708277" lat="45.737865"><ele>2247.0</ele></trkpt>
   <trkpt lon="6.708200" lat="45.737877"><ele>2248.25</ele></trkpt>
   <trkpt lon="6.708124" lat="45.737852"><ele>2250.25</ele></trkpt>
   <trkpt lon="6.707815" lat="45.737672"><ele>2259.25</ele></trkpt>
   <trkpt lon="6.707787" lat="45.737616"><ele>2260.75</ele></trkpt>
   <trkpt lon="6.707833" lat="45.737577"><ele>2260.5</ele></trkpt>
   <trkpt lon="6.707858" lat="45.737527"><ele>2261.0</ele></trkpt>
   <trkpt lon="6.707819" lat="45.737453"><ele>2262.75</ele></trkpt>
   <trkpt lon="6.707670" lat="45.737299"><ele>2267.75</ele></trkpt>
   <trkpt lon="6.707614" lat="45.737199"><ele>2270.75</ele></trkpt>
   <trkpt lon="6.707695" lat="45.737014"><ele>2272.0</ele></trkpt>
   <trkpt lon="6.707721" lat="45.736779"><ele>2276.25</ele></trkpt>
   <trkpt lon="6.707754" lat="45.736646"><ele>2278.0</ele></trkpt>
   <trkpt lon="6.707737" lat="45.736543"><ele>2280.0</ele></trkpt>
   <trkpt lon="6.707350" lat="45.736008"><ele>2302.75</ele></trkpt>
   <trkpt lon="6.707017" lat="45.735755"><ele>2315.5</ele></trkpt>
   <trkpt lon="6.706856" lat="45.735539"><ele>2321.5</ele></trkpt>
   <trkpt lon="6.706772" lat="45.735370"><ele>2326.5</ele></trkpt>
   <trkpt lon="6.706683" lat="45.735143"><ele>2329.75</ele></trkpt>
   <trkpt lon="6.706606" lat="45.735048"><ele>2330.75</ele></trkpt>
   <trkpt lon="6.706605" lat="45.735009"><ele>2330.75</ele></trkpt>
   <trkpt lon="6.706834" lat="45.734870"><ele>2330.75</ele></trkpt>
   <trkpt lon="6.706911" lat="45.734797"><ele>2331.5</ele></trkpt>
   <trkpt lon="6.707032" lat="45.734723"><ele>2334.0</ele></trkpt>
   <trkpt lon="6.707070" lat="45.734674"><ele>2334.0</ele></trkpt>
   <trkpt lon="6.707158" lat="45.734594"><ele>2334.5</ele></trkpt>
   <trkpt lon="6.707213" lat="45.734508"><ele>2334.0</ele></trkpt>
   <trkpt lon="6.707386" lat="45.734399"><ele>2336.5</ele></trkpt>
   <trkpt lon="6.707469" lat="45.734364"><ele>2337.25</ele></trkpt>
   <trkpt lon="6.707604" lat="45.734351"><ele>2339.75</ele></trkpt>
   <trkpt lon="6.707675" lat="45.734335"><ele>2340.5</ele></trkpt>
   <trkpt lon="6.707764" lat="45.734305"><ele>2341.0</ele></trkpt>
   <trkpt lon="6.707824" lat="45.734302"><ele>2343.0</ele></trkpt>
   <trkpt lon="6.707837" lat="45.734285"><ele>2342.75</ele></trkpt>
   <trkpt lon="6.708058" lat="45.734178"><ele>2347.5</ele></trkpt>
   <trkpt lon="6.708125" lat="45.734111"><ele>2347.75</ele></trkpt>
   <trkpt lon="6.708213" lat="45.734077"><ele>2349.75</ele></trkpt>
   <trkpt lon="6.708404" lat="45.733903"><ele>2351.0</ele></trkpt>
   <trkpt lon="6.708440" lat="45.733838"><ele>2352.0</ele></trkpt>
   <trkpt lon="6.708477" lat="45.733719"><ele>2353.25</ele></trkpt>
   <trkpt lon="6.708501" lat="45.733676"><ele>2354.25</ele></trkpt>
   <trkpt lon="6.708529" lat="45.733649"><ele>2355.25</ele></trkpt>
   <trkpt lon="6.708544" lat="45.733570"><ele>2356.25</ele></trkpt>
   <trkpt lon="6.708585" lat="45.733533"><ele>2358.25</ele></trkpt>
   <trkpt lon="6.708635" lat="45.733392"><ele>2361.75</ele></trkpt>
   <trkpt lon="6.708621" lat="45.733360"><ele>2361.25</ele></trkpt>
   <trkpt lon="6.708650" lat="45.733321"><ele>2363.25</ele></trkpt>
   <trkpt lon="6.708644" lat="45.733140"><ele>2368.75</ele></trkpt>
   <trkpt lon="6.708447" lat="45.732938"><ele>2366.5</ele></trkpt>
   <trkpt lon="6.708449" lat="45.732864"><ele>2369.5</ele></trkpt>
   <trkpt lon="6.708356" lat="45.732607"><ele>2375.75</ele></trkpt>
   <trkpt lon="6.708278" lat="45.732452"><ele>2377.5</ele></trkpt>
   <trkpt lon="6.708249" lat="45.732361"><ele>2378.25</ele></trkpt>
   <trkpt lon="6.708286" lat="45.732349"><ele>2379.75</ele></trkpt>
   <trkpt lon="6.708307" lat="45.732263"><ele>2382.25</ele></trkpt>
   <trkpt lon="6.708286" lat="45.732129"><ele>2382.0</ele></trkpt>
   <trkpt lon="6.708356" lat="45.731656"><ele>2385.0</ele></trkpt>
   <trkpt lon="6.708320" lat="45.731589"><ele>2384.75</ele></trkpt>
   <trkpt lon="6.708332" lat="45.731467"><ele>2387.5</ele></trkpt>
   <trkpt lon="6.708508" lat="45.731279"><ele>2393.5</ele></trkpt>
   <trkpt lon="6.708497" lat="45.731005"><ele>2391.75</ele></trkpt>
   <trkpt lon="6.708533" lat="45.730907"><ele>2393.0</ele></trkpt>
   <trkpt lon="6.708672" lat="45.730837"><ele>2397.5</ele></trkpt>
   <trkpt lon="6.708758" lat="45.730831"><ele>2399.5</ele></trkpt>
   <trkpt lon="6.708807" lat="45.730862"><ele>2401.0</ele></trkpt>
   <trkpt lon="6.708842" lat="45.730857"><ele>2401.75</ele></trkpt>
   <trkpt lon="6.708861" lat="45.730783"><ele>2402.0</ele></trkpt>
   <trkpt lon="6.708970" lat="45.730730"><ele>2404.75</ele></trkpt>
   <trkpt lon="6.709004" lat="45.730668"><ele>2405.5</ele></trkpt>
   <trkpt lon="6.709011" lat="45.730593"><ele>2405.5</ele></trkpt>
   <trkpt lon="6.709063" lat="45.730547"><ele>2406.75</ele></trkpt>
   <trkpt lon="6.709021" lat="45.730469"><ele>2405.0</ele></trkpt>
   <trkpt lon="6.709238" lat="45.730108"><ele>2407.5</ele></trkpt>
   <trkpt lon="6.709296" lat="45.730128"><ele>2409.0</ele></trkpt>
   <trkpt lon="6.709356" lat="45.730088"><ele>2410.0</ele></trkpt>
   <trkpt lon="6.709372" lat="45.729946"><ele>2408.75</ele></trkpt>
   <trkpt lon="6.709407" lat="45.729877"><ele>2408.5</ele></trkpt>
   <trkpt lon="6.709713" lat="45.729767"><ele>2412.0</ele></trkpt>
   <trkpt lon="6.709842" lat="45.729642"><ele>2412.5</ele></trkpt>
   <trkpt lon="6.710034" lat="45.729560"><ele>2415.75</ele></trkpt>
   <trkpt lon="6.710155" lat="45.729453"><ele>2415.75</ele></trkpt>
   <trkpt lon="6.710258" lat="45.729406"><ele>2417.75</ele></trkpt>
   <trkpt lon="6.710264" lat="45.729370"><ele>2418.25</ele></trkpt>
   <trkpt lon="6.710222" lat="45.728875"><ele>2417.25</ele></trkpt>
   <trkpt lon="6.710238" lat="45.728807"><ele>2416.0</ele></trkpt>
   <trkpt lon="6.710310" lat="45.728671"><ele>2415.0</ele></trkpt>
   <trkpt lon="6.710247" lat="45.728418"><ele>2408.5</ele></trkpt>
   <trkpt lon="6.710262" lat="45.728345"><ele>2407.5</ele></trkpt>
   <trkpt lon="6.710341" lat="45.728254"><ele>2408.0</ele></trkpt>
   <trkpt lon="6.710345" lat="45.728165"><ele>2406.5</ele></trkpt>
   <trkpt lon="6.710390" lat="45.728086"><ele>2406.5</ele></trkpt>
   <trkpt lon="6.710522" lat="45.728036"><ele>2410.0</ele></trkpt>
   <trkpt lon="6.710760" lat="45.728012"><ele>2415.0</ele></trkpt>
   <trkpt lon="6.710832" lat="45.727921"><ele>2414.5</ele></trkpt>
   <trkpt lon="6.710942" lat="45.727876"><ele>2416.75</ele></trkpt>
   <trkpt lon="6.711083" lat="45.727557"><ele>2416.5</ele></trkpt>
   <trkpt lon="6.711222" lat="45.727420"><ele>2419.5</ele></trkpt>
   <trkpt lon="6.711250" lat="45.727276"><ele>2419.25</ele></trkpt>
   <trkpt lon="6.711314" lat="45.727066"><ele>2417.25</ele></trkpt>
   <trkpt lon="6.711377" lat="45.727016"><ele>2417.75</ele></trkpt>
   <trkpt lon="6.711426" lat="45.726956"><ele>2418.25</ele></trkpt>
   <trkpt lon="6.711491" lat="45.726973"><ele>2420.5</ele></trkpt>
   <trkpt lon="6.711630" lat="45.726914"><ele>2422.75</ele></trkpt>
   <trkpt lon="6.711787" lat="45.726857"><ele>2423.75</ele></trkpt>
   <trkpt lon="6.711882" lat="45.726805"><ele>2423.25</ele></trkpt>
   <trkpt lon="6.712235" lat="45.726697"><ele>2426.25</ele></trkpt>
   <trkpt lon="6.712529" lat="45.726617"><ele>2429.75</ele></trkpt>
   <trkpt lon="6.712541" lat="45.726557"><ele>2429.0</ele></trkpt>
   <trkpt lon="6.712900" lat="45.726387"><ele>2431.5</ele></trkpt>
   <trkpt lon="6.712983" lat="45.726185"><ele>2431.25</ele></trkpt>
   <trkpt lon="6.713063" lat="45.726091"><ele>2432.5</ele></trkpt>
   <trkpt lon="6.713096" lat="45.726034"><ele>2431.75</ele></trkpt>
   <trkpt lon="6.713177" lat="45.725985"><ele>2433.0</ele></trkpt>
   <trkpt lon="6.713233" lat="45.725941"><ele>2433.5</ele></trkpt>
   <trkpt lon="6.713244" lat="45.725944"><ele>2434.0</ele></trkpt>
   <trkpt lon="6.713260" lat="45.725964"><ele>2435.0</ele></trkpt>
   <trkpt lon="6.713291" lat="45.725967"><ele>2436.0</ele></trkpt>
   <trkpt lon="6.713308" lat="45.725960"><ele>2436.25</ele></trkpt>
   <trkpt lon="6.713322" lat="45.725919"><ele>2435.75</ele></trkpt>
   <trkpt lon="6.713343" lat="45.725907"><ele>2436.0</ele></trkpt>
   <trkpt lon="6.713379" lat="45.725901"><ele>2436.5</ele></trkpt>
   <trkpt lon="6.713398" lat="45.725876"><ele>2436.5</ele></trkpt>
   <trkpt lon="6.713397" lat="45.725848"><ele>2435.75</ele></trkpt>
   <trkpt lon="6.713434" lat="45.725821"><ele>2435.75</ele></trkpt>
   <trkpt lon="6.713424" lat="45.725810"><ele>2435.25</ele></trkpt>
   <trkpt lon="6.713424" lat="45.725773"><ele>2434.25</ele></trkpt>
   <trkpt lon="6.713447" lat="45.725701"><ele>2432.75</ele></trkpt>
   <trkpt lon="6.713475" lat="45.725644"><ele>2431.75</ele></trkpt>
   <trkpt lon="6.713607" lat="45.725616"><ele>2434.25</ele></trkpt>
   <trkpt lon="6.713617" lat="45.725598"><ele>2434.0</ele></trkpt>
   <trkpt lon="6.713662" lat="45.725569"><ele>2434.5</ele></trkpt>
   <trkpt lon="6.713662" lat="45.725555"><ele>2434.25</ele></trkpt>
   <trkpt lon="6.713675" lat="45.725543"><ele>2434.25</ele></trkpt>
   <trkpt lon="6.713723" lat="45.725521"><ele>2435.0</ele></trkpt>
   <trkpt lon="6.713765" lat="45.725493"><ele>2435.25</ele></trkpt>
   <trkpt lon="6.713788" lat="45.725491"><ele>2435.75</ele></trkpt>
   <trkpt lon="6.713846" lat="45.725502"><ele>2437.25</ele></trkpt>
   <trkpt lon="6.713878" lat="45.725510"><ele>2438.25</ele></trkpt>
   <trkpt lon="6.713933" lat="45.725539"><ele>2440.0</ele></trkpt>
   <trkpt lon="6.713968" lat="45.725542"><ele>2440.5</ele></trkpt>
   <trkpt lon="6.714161" lat="45.725531"><ele>2443.0</ele></trkpt>
   <trkpt lon="6.714222" lat="45.725518"><ele>2443.25</ele></trkpt>
   <trkpt lon="6.714269" lat="45.725521"><ele>2444.0</ele></trkpt>
   <trkpt lon="6.714392" lat="45.725513"><ele>2445.25</ele></trkpt>
   <trkpt lon="6.714486" lat="45.725492"><ele>2446.5</ele></trkpt>
   <trkpt lon="6.714520" lat="45.725475"><ele>2446.75</ele></trkpt>
   <trkpt lon="6.714523" lat="45.725447"><ele>2446.0</ele></trkpt>
   <trkpt lon="6.714564" lat="45.725411"><ele>2445.75</ele></trkpt>
   <trkpt lon="6.714582" lat="45.725381"><ele>2445.25</ele></trkpt>
   <trkpt lon="6.714625" lat="45.725362"><ele>2445.5</ele></trkpt>
   <trkpt lon="6.714684" lat="45.725364"><ele>2446.5</ele></trkpt>
   <trkpt lon="6.714775" lat="45.725379"><ele>2448.0</ele></trkpt>
   <trkpt lon="6.714865" lat="45.725377"><ele>2449.0</ele></trkpt>
   <trkpt lon="6.715021" lat="45.725387"><ele>2451.0</ele></trkpt>
   <trkpt lon="6.715160" lat="45.725407"><ele>2453.0</ele></trkpt>
   <trkpt lon="6.715363" lat="45.725473"><ele>2458.25</ele></trkpt>
   <trkpt lon="6.715444" lat="45.725511"><ele>2461.0</ele></trkpt>
   <trkpt lon="6.715530" lat="45.725527"><ele>2462.5</ele></trkpt>
   <trkpt lon="6.715597" lat="45.725514"><ele>2463.0</ele></trkpt>
   <trkpt lon="6.715649" lat="45.725507"><ele>2463.75</ele></trkpt>
   <trkpt lon="6.715739" lat="45.725527"><ele>2466.0</ele></trkpt>
   <trkpt lon="6.715838" lat="45.725499"><ele>2467.25</ele></trkpt>
   <trkpt lon="6.716109" lat="45.725444"><ele>2474.0</ele></trkpt>
   <trkpt lon="6.716115" lat="45.725417"><ele>2474.5</ele></trkpt>
   <trkpt lon="6.716103" lat="45.725387"><ele>2474.5</ele></trkpt>
   <trkpt lon="6.716058" lat="45.725330"><ele>2473.5</ele></trkpt>
   <trkpt lon="6.716052" lat="45.725300"><ele>2473.5</ele></trkpt>
   <trkpt lon="6.716068" lat="45.725268"><ele>2474.0</ele></trkpt>
   <trkpt lon="6.716112" lat="45.725151"><ele>2474.5</ele></trkpt>
   <trkpt lon="6.716332" lat="45.725016"><ele>2477.0</ele></trkpt>
   <trkpt lon="6.716227" lat="45.724888"><ele>2475.25</ele></trkpt>
   <trkpt lon="6.716158" lat="45.724685"><ele>2473.25</ele></trkpt>
   <trkpt lon="6.716182" lat="45.724511"><ele>2473.75</ele></trkpt>
   <trkpt lon="6.716343" lat="45.724346"><ele>2476.75</ele></trkpt>
   <trkpt lon="6.716380" lat="45.724148"><ele>2475.75</ele></trkpt>
   <trkpt lon="6.716509" lat="45.723987"><ele>2476.0</ele></trkpt>
   <trkpt lon="6.716852" lat="45.723807"><ele>2472.75</ele></trkpt>
   <trkpt lon="6.717072" lat="45.723537"><ele>2471.0</ele></trkpt>
   <trkpt lon="6.717075" lat="45.723405"><ele>2469.5</ele></trkpt>
   <trkpt lon="6.717090" lat="45.723320"><ele>2468.75</ele></trkpt>
   <trkpt lon="6.717115" lat="45.723261"><ele>2468.25</ele></trkpt>
   <trkpt lon="6.717129" lat="45.723124"><ele>2466.25</ele></trkpt>
   <trkpt lon="6.717110" lat="45.722951"><ele>2462.5</ele></trkpt>
   <trkpt lon="6.717190" lat="45.722678"><ele>2457.5</ele></trkpt>
   <trkpt lon="6.717321" lat="45.722463"><ele>2453.5</ele></trkpt>
   <trkpt lon="6.717475" lat="45.722278"><ele>2449.5</ele></trkpt>
   <trkpt lon="6.717503" lat="45.722249"><ele>2449.0</ele></trkpt>
   <trkpt lon="6.717540" lat="45.722224"><ele>2448.5</ele></trkpt>
   <trkpt lon="6.717562" lat="45.722193"><ele>2448.0</ele></trkpt>
   <trkpt lon="6.717563" lat="45.722158"><ele>2447.25</ele></trkpt>
   <trkpt lon="6.717592" lat="45.722118"><ele>2446.5</ele></trkpt>
   <trkpt lon="6.717632" lat="45.722089"><ele>2446.0</ele></trkpt>
   <trkpt lon="6.717728" lat="45.722046"><ele>2445.25</ele></trkpt>
   <trkpt lon="6.717845" lat="45.722011"><ele>2444.25</ele></trkpt>
   <trkpt lon="6.717901" lat="45.722014"><ele>2444.25</ele></trkpt>
   <trkpt lon="6.718046" lat="45.722053"><ele>2444.5</ele></trkpt>
   <trkpt lon="6.718329" lat="45.722108"><ele>2437.75</ele></trkpt>
   <trkpt lon="6.718402" lat="45.722096"><ele>2435.75</ele></trkpt>
   <trkpt lon="6.718431" lat="45.722101"><ele>2435.0</ele></trkpt>
   <trkpt lon="6.718537" lat="45.722175"><ele>2433.5</ele></trkpt>
   <trkpt lon="6.718578" lat="45.722192"><ele>2433.0</ele></trkpt>
   <trkpt lon="6.718626" lat="45.722195"><ele>2432.25</ele></trkpt>
   <trkpt lon="6.718664" lat="45.722186"><ele>2432.0</ele></trkpt>
   <trkpt lon="6.718694" lat="45.722171"><ele>2431.5</ele></trkpt>
   <trkpt lon="6.718729" lat="45.722136"><ele>2430.75</ele></trkpt>
   <trkpt lon="6.718730" lat="45.722136"><ele>2430.75</ele></trkpt>
   <trkpt lon="6.718775" lat="45.722068"><ele>2429.5</ele></trkpt>
   <trkpt lon="6.718857" lat="45.721959"><ele>2428.0</ele></trkpt>
   <trkpt lon="6.718897" lat="45.721853"><ele>2426.0</ele></trkpt>
   <trkpt lon="6.718940" lat="45.721772"><ele>2424.5</ele></trkpt>
   <trkpt lon="6.719009" lat="45.721696"><ele>2423.25</ele></trkpt>
   <trkpt lon="6.719085" lat="45.721640"><ele>2422.5</ele></trkpt>
   <trkpt lon="6.719216" lat="45.721576"><ele>2420.25</ele></trkpt>
   <trkpt lon="6.719296" lat="45.721552"><ele>2419.25</ele></trkpt>
   <trkpt lon="6.719361" lat="45.721545"><ele>2418.75</ele></trkpt>
   <trkpt lon="6.719455" lat="45.721551"><ele>2418.25</ele></trkpt>
   <trkpt lon="6.719564" lat="45.721592"><ele>2416.0</ele></trkpt>
   <trkpt lon="6.719610" lat="45.721592"><ele>2414.75</ele></trkpt>
   <trkpt lon="6.719638" lat="45.721581"><ele>2413.75</ele></trkpt>
   <trkpt lon="6.719654" lat="45.721557"><ele>2413.0</ele></trkpt>
   <trkpt lon="6.719683" lat="45.721537"><ele>2412.0</ele></trkpt>
   <trkpt lon="6.719764" lat="45.721511"><ele>2409.75</ele></trkpt>
   <trkpt lon="6.719787" lat="45.721495"><ele>2409.25</ele></trkpt>
   <trkpt lon="6.719821" lat="45.721427"><ele>2407.5</ele></trkpt>
   <trkpt lon="6.719849" lat="45.721414"><ele>2406.5</ele></trkpt>
   <trkpt lon="6.719905" lat="45.721426"><ele>2405.75</ele></trkpt>
   <trkpt lon="6.719932" lat="45.721426"><ele>2405.0</ele></trkpt>
   <trkpt lon="6.719948" lat="45.721400"><ele>2404.25</ele></trkpt>
   <trkpt lon="6.719921" lat="45.721350"><ele>2403.25</ele></trkpt>
   <trkpt lon="6.719937" lat="45.721333"><ele>2402.25</ele></trkpt>
   <trkpt lon="6.719962" lat="45.721321"><ele>2401.25</ele></trkpt>
   <trkpt lon="6.720005" lat="45.721319"><ele>2400.25</ele></trkpt>
   <trkpt lon="6.720041" lat="45.721326"><ele>2399.5</ele></trkpt>
   <trkpt lon="6.720150" lat="45.721376"><ele>2398.25</ele></trkpt>
   <trkpt lon="6.720179" lat="45.721373"><ele>2397.25</ele></trkpt>
   <trkpt lon="6.720195" lat="45.721361"><ele>2396.5</ele></trkpt>
   <trkpt lon="6.720220" lat="45.721308"><ele>2394.5</ele></trkpt>
   <trkpt lon="6.720239" lat="45.721287"><ele>2393.5</ele></trkpt>
   <trkpt lon="6.720266" lat="45.721276"><ele>2392.75</ele></trkpt>
   <trkpt lon="6.720295" lat="45.721275"><ele>2392.25</ele></trkpt>
   <trkpt lon="6.720326" lat="45.721266"><ele>2391.75</ele></trkpt>
   <trkpt lon="6.720346" lat="45.721249"><ele>2391.0</ele></trkpt>
   <trkpt lon="6.720414" lat="45.720937"><ele>2384.75</ele></trkpt>
   <trkpt lon="6.720424" lat="45.720911"><ele>2384.25</ele></trkpt>
   <trkpt lon="6.720445" lat="45.720895"><ele>2383.75</ele></trkpt>
   <trkpt lon="6.720471" lat="45.720887"><ele>2383.5</ele></trkpt>
   <trkpt lon="6.720503" lat="45.720886"><ele>2383.0</ele></trkpt>
   <trkpt lon="6.720524" lat="45.720898"><ele>2383.0</ele></trkpt>
   <trkpt lon="6.720540" lat="45.720927"><ele>2383.0</ele></trkpt>
   <trkpt lon="6.720588" lat="45.720973"><ele>2383.0</ele></trkpt>
   <trkpt lon="6.720660" lat="45.720995"><ele>2383.0</ele></trkpt>
   <trkpt lon="6.720769" lat="45.720984"><ele>2381.75</ele></trkpt>
   <trkpt lon="6.720912" lat="45.720915"><ele>2379.0</ele></trkpt>
   <trkpt lon="6.720958" lat="45.720899"><ele>2378.75</ele></trkpt>
   <trkpt lon="6.721057" lat="45.720883"><ele>2378.5</ele></trkpt>
   <trkpt lon="6.721097" lat="45.720864"><ele>2378.0</ele></trkpt>
   <trkpt lon="6.721138" lat="45.720801"><ele>2376.5</ele></trkpt>
   <trkpt lon="6.721196" lat="45.720746"><ele>2375.25</ele></trkpt>
   <trkpt lon="6.721228" lat="45.720704"><ele>2373.75</ele></trkpt>
   <trkpt lon="6.721228" lat="45.720685"><ele>2373.25</ele></trkpt>
   <trkpt lon="6.721198" lat="45.720644"><ele>2372.0</ele></trkpt>
   <trkpt lon="6.721107" lat="45.720539"><ele>2370.0</ele></trkpt>
   <trkpt lon="6.721102" lat="45.720505"><ele>2368.25</ele></trkpt>
   <trkpt lon="6.721114" lat="45.720489"><ele>2367.5</ele></trkpt>
   <trkpt lon="6.721142" lat="45.720475"><ele>2366.25</ele></trkpt>
   <trkpt lon="6.721169" lat="45.720472"><ele>2365.75</ele></trkpt>
   <trkpt lon="6.721326" lat="45.720508"><ele>2365.0</ele></trkpt>
   <trkpt lon="6.721468" lat="45.720520"><ele>2364.25</ele></trkpt>
   <trkpt lon="6.721534" lat="45.720513"><ele>2364.0</ele></trkpt>
   <trkpt lon="6.721572" lat="45.720500"><ele>2363.5</ele></trkpt>
   <trkpt lon="6.721626" lat="45.720467"><ele>2362.5</ele></trkpt>
   <trkpt lon="6.721657" lat="45.720439"><ele>2362.0</ele></trkpt>
   <trkpt lon="6.721690" lat="45.720380"><ele>2360.75</ele></trkpt>
   <trkpt lon="6.721698" lat="45.720318"><ele>2359.25</ele></trkpt>
   <trkpt lon="6.721710" lat="45.720291"><ele>2358.75</ele></trkpt>
   <trkpt lon="6.721762" lat="45.720235"><ele>2358.0</ele></trkpt>
   <trkpt lon="6.721802" lat="45.720215"><ele>2357.75</ele></trkpt>
   <trkpt lon="6.721890" lat="45.720188"><ele>2358.0</ele></trkpt>
   <trkpt lon="6.721941" lat="45.720165"><ele>2358.0</ele></trkpt>
   <trkpt lon="6.722072" lat="45.720079"><ele>2356.5</ele></trkpt>
   <trkpt lon="6.722166" lat="45.719995"><ele>2355.5</ele></trkpt>
   <trkpt lon="6.722256" lat="45.719882"><ele>2355.5</ele></trkpt>
   <trkpt lon="6.722288" lat="45.719854"><ele>2355.25</ele></trkpt>
   <trkpt lon="6.722403" lat="45.719801"><ele>2353.5</ele></trkpt>
   <trkpt lon="6.722462" lat="45.719753"><ele>2352.0</ele></trkpt>
   <trkpt lon="6.722517" lat="45.719672"><ele>2350.0</ele></trkpt>
   <trkpt lon="6.722537" lat="45.719657"><ele>2349.25</ele></trkpt>
   <trkpt lon="6.722560" lat="45.719657"><ele>2348.75</ele></trkpt>
   <trkpt lon="6.722579" lat="45.719667"><ele>2348.25</ele></trkpt>
   <trkpt lon="6.722604" lat="45.719703"><ele>2348.0</ele></trkpt>
   <trkpt lon="6.722723" lat="45.719752"><ele>2346.0</ele></trkpt>
   <trkpt lon="6.722789" lat="45.719764"><ele>2345.0</ele></trkpt>
   <trkpt lon="6.722866" lat="45.719765"><ele>2346.0</ele></trkpt>
   <trkpt lon="6.722916" lat="45.719734"><ele>2345.75</ele></trkpt>
   <trkpt lon="6.722972" lat="45.719674"><ele>2344.75</ele></trkpt>
   <trkpt lon="6.723018" lat="45.719648"><ele>2344.5</ele></trkpt>
   <trkpt lon="6.723185" lat="45.719590"><ele>2344.0</ele></trkpt>
   <trkpt lon="6.723496" lat="45.719494"><ele>2343.5</ele></trkpt>
   <trkpt lon="6.723542" lat="45.719421"><ele>2342.25</ele></trkpt>
   <trkpt lon="6.723629" lat="45.719310"><ele>2341.75</ele></trkpt>
   <trkpt lon="6.723825" lat="45.719115"><ele>2341.75</ele></trkpt>
   <trkpt lon="6.723878" lat="45.719038"><ele>2340.5</ele></trkpt>
   <trkpt lon="6.723915" lat="45.719013"><ele>2340.0</ele></trkpt>
   <trkpt lon="6.724053" lat="45.718959"><ele>2339.0</ele></trkpt>
   <trkpt lon="6.724280" lat="45.718893"><ele>2337.0</ele></trkpt>
   <trkpt lon="6.724321" lat="45.718879"><ele>2336.75</ele></trkpt>
   <trkpt lon="6.724371" lat="45.718851"><ele>2336.25</ele></trkpt>
   <trkpt lon="6.724497" lat="45.718813"><ele>2335.5</ele></trkpt>
   <trkpt lon="6.724585" lat="45.718798"><ele>2335.0</ele></trkpt>
   <trkpt lon="6.724717" lat="45.718789"><ele>2334.5</ele></trkpt>
   <trkpt lon="6.724810" lat="45.718803"><ele>2334.25</ele></trkpt>
   <trkpt lon="6.724833" lat="45.718801"><ele>2334.0</ele></trkpt>
   <trkpt lon="6.724861" lat="45.718787"><ele>2333.75</ele></trkpt>
   <trkpt lon="6.724927" lat="45.718744"><ele>2332.75</ele></trkpt>
   <trkpt lon="6.724969" lat="45.718724"><ele>2332.0</ele></trkpt>
   <trkpt lon="6.725035" lat="45.718707"><ele>2331.25</ele></trkpt>
   <trkpt lon="6.725104" lat="45.718698"><ele>2330.5</ele></trkpt>
   <trkpt lon="6.725160" lat="45.718699"><ele>2330.0</ele></trkpt>
   <trkpt lon="6.725283" lat="45.718720"><ele>2329.25</ele></trkpt>
   <trkpt lon="6.725366" lat="45.718728"><ele>2329.75</ele></trkpt>
   <trkpt lon="6.725395" lat="45.718723"><ele>2330.0</ele></trkpt>
   <trkpt lon="6.725410" lat="45.718709"><ele>2329.75</ele></trkpt>
   <trkpt lon="6.725423" lat="45.718674"><ele>2328.75</ele></trkpt>
   <trkpt lon="6.725430" lat="45.718632"><ele>2328.0</ele></trkpt>
   <trkpt lon="6.725427" lat="45.718527"><ele>2325.25</ele></trkpt>
   <trkpt lon="6.725443" lat="45.718411"><ele>2322.5</ele></trkpt>
   <trkpt lon="6.725541" lat="45.718210"><ele>2318.75</ele></trkpt>
   <trkpt lon="6.725650" lat="45.718032"><ele>2313.5</ele></trkpt>
   <trkpt lon="6.725661" lat="45.717959"><ele>2310.5</ele></trkpt>
   <trkpt lon="6.725628" lat="45.717898"><ele>2308.0</ele></trkpt>
   <trkpt lon="6.725637" lat="45.717882"><ele>2307.5</ele></trkpt>
   <trkpt lon="6.725809" lat="45.717874"><ele>2307.25</ele></trkpt>
   <trkpt lon="6.725926" lat="45.717859"><ele>2306.25</ele></trkpt>
   <trkpt lon="6.725955" lat="45.717847"><ele>2305.5</ele></trkpt>
   <trkpt lon="6.725962" lat="45.717832"><ele>2305.0</ele></trkpt>
   <trkpt lon="6.725960" lat="45.717817"><ele>2304.5</ele></trkpt>
   <trkpt lon="6.725945" lat="45.717804"><ele>2304.0</ele></trkpt>
   <trkpt lon="6.725879" lat="45.717781"><ele>2303.75</ele></trkpt>
   <trkpt lon="6.725840" lat="45.717759"><ele>2303.0</ele></trkpt>
   <trkpt lon="6.725761" lat="45.717696"><ele>2299.5</ele></trkpt>
   <trkpt lon="6.725626" lat="45.717624"><ele>2295.75</ele></trkpt>
   <trkpt lon="6.725617" lat="45.717605"><ele>2294.75</ele></trkpt>
   <trkpt lon="6.725622" lat="45.717584"><ele>2294.0</ele></trkpt>
   <trkpt lon="6.725648" lat="45.717567"><ele>2293.0</ele></trkpt>
   <trkpt lon="6.725689" lat="45.717561"><ele>2292.75</ele></trkpt>
   <trkpt lon="6.725792" lat="45.717563"><ele>2293.0</ele></trkpt>
   <trkpt lon="6.725864" lat="45.717571"><ele>2293.0</ele></trkpt>
   <trkpt lon="6.725914" lat="45.717568"><ele>2292.25</ele></trkpt>
   <trkpt lon="6.725948" lat="45.717554"><ele>2291.0</ele></trkpt>
   <trkpt lon="6.725956" lat="45.717544"><ele>2290.5</ele></trkpt>
   <trkpt lon="6.725952" lat="45.717524"><ele>2289.5</ele></trkpt>
   <trkpt lon="6.725937" lat="45.717508"><ele>2288.75</ele></trkpt>
   <trkpt lon="6.725868" lat="45.717466"><ele>2288.0</ele></trkpt>
   <trkpt lon="6.725875" lat="45.717440"><ele>2286.75</ele></trkpt>
   <trkpt lon="6.725897" lat="45.717428"><ele>2286.25</ele></trkpt>
   <trkpt lon="6.725989" lat="45.717441"><ele>2286.5</ele></trkpt>
   <trkpt lon="6.726067" lat="45.717432"><ele>2286.5</ele></trkpt>
   <trkpt lon="6.726090" lat="45.717424"><ele>2286.5</ele></trkpt>
   <trkpt lon="6.726099" lat="45.717405"><ele>2286.5</ele></trkpt>
   <trkpt lon="6.726090" lat="45.717385"><ele>2286.5</ele></trkpt>
   <trkpt lon="6.726044" lat="45.717335"><ele>2285.75</ele></trkpt>
   <trkpt lon="6.726028" lat="45.717304"><ele>2285.0</ele></trkpt>
   <trkpt lon="6.726010" lat="45.717210"><ele>2283.25</ele></trkpt>
   <trkpt lon="6.725992" lat="45.717181"><ele>2282.0</ele></trkpt>
   <trkpt lon="6.725956" lat="45.717158"><ele>2280.0</ele></trkpt>
   <trkpt lon="6.725877" lat="45.717127"><ele>2276.5</ele></trkpt>
   <trkpt lon="6.725845" lat="45.717107"><ele>2275.0</ele></trkpt>
   <trkpt lon="6.725824" lat="45.717077"><ele>2274.0</ele></trkpt>
   <trkpt lon="6.725803" lat="45.716970"><ele>2271.75</ele></trkpt>
   <trkpt lon="6.725746" lat="45.716790"><ele>2265.75</ele></trkpt>
   <trkpt lon="6.725741" lat="45.716600"><ele>2261.25</ele></trkpt>
   <trkpt lon="6.725726" lat="45.716540"><ele>2259.5</ele></trkpt>
   <trkpt lon="6.725679" lat="45.716428"><ele>2256.25</ele></trkpt>
   <trkpt lon="6.725666" lat="45.716334"><ele>2254.75</ele></trkpt>
   <trkpt lon="6.725674" lat="45.716289"><ele>2254.5</ele></trkpt>
   <trkpt lon="6.725712" lat="45.716214"><ele>2253.75</ele></trkpt>
   <trkpt lon="6.725720" lat="45.716175"><ele>2253.25</ele></trkpt>
   <trkpt lon="6.725723" lat="45.716055"><ele>2251.25</ele></trkpt>
   <trkpt lon="6.725766" lat="45.715840"><ele>2246.5</ele></trkpt>
   <trkpt lon="6.725761" lat="45.715787"><ele>2245.0</ele></trkpt>
   <trkpt lon="6.725724" lat="45.715706"><ele>2242.5</ele></trkpt>
   <trkpt lon="6.725716" lat="45.715646"><ele>2240.75</ele></trkpt>
   <trkpt lon="6.725706" lat="45.715629"><ele>2240.0</ele></trkpt>
   <trkpt lon="6.725678" lat="45.715617"><ele>2239.5</ele></trkpt>
   <trkpt lon="6.725606" lat="45.715609"><ele>2238.75</ele></trkpt>
   <trkpt lon="6.725564" lat="45.715615"><ele>2238.75</ele></trkpt>
   <trkpt lon="6.725508" lat="45.715639"><ele>2237.75</ele></trkpt>
   <trkpt lon="6.725437" lat="45.715682"><ele>2236.75</ele></trkpt>
   <trkpt lon="6.725410" lat="45.715689"><ele>2236.0</ele></trkpt>
   <trkpt lon="6.725389" lat="45.715683"><ele>2235.25</ele></trkpt>
   <trkpt lon="6.725371" lat="45.715669"><ele>2234.25</ele></trkpt>
   <trkpt lon="6.725366" lat="45.715647"><ele>2233.5</ele></trkpt>
   <trkpt lon="6.725386" lat="45.715575"><ele>2232.5</ele></trkpt>
   <trkpt lon="6.725442" lat="45.715474"><ele>2231.0</ele></trkpt>
   <trkpt lon="6.725460" lat="45.715389"><ele>2228.75</ele></trkpt>
   <trkpt lon="6.725476" lat="45.715351"><ele>2227.75</ele></trkpt>
   <trkpt lon="6.725557" lat="45.715199"><ele>2224.0</ele></trkpt>
   <trkpt lon="6.725535" lat="45.715156"><ele>2222.25</ele></trkpt>
   <trkpt lon="6.725486" lat="45.715120"><ele>2220.75</ele></trkpt>
   <trkpt lon="6.725345" lat="45.715053"><ele>2218.75</ele></trkpt>
   <trkpt lon="6.725305" lat="45.715025"><ele>2218.25</ele></trkpt>
   <trkpt lon="6.725254" lat="45.715001"><ele>2217.5</ele></trkpt>
   <trkpt lon="6.725201" lat="45.714988"><ele>2215.75</ele></trkpt>
   <trkpt lon="6.725185" lat="45.714976"><ele>2215.0</ele></trkpt>
   <trkpt lon="6.725182" lat="45.714961"><ele>2214.5</ele></trkpt>
   <trkpt lon="6.725224" lat="45.714925"><ele>2214.0</ele></trkpt>
   <trkpt lon="6.725427" lat="45.714867"><ele>2211.0</ele></trkpt>
   <trkpt lon="6.725444" lat="45.714837"><ele>2209.5</ele></trkpt>
   <trkpt lon="6.725371" lat="45.714793"><ele>2208.25</ele></trkpt>
   <trkpt lon="6.725317" lat="45.714750"><ele>2207.25</ele></trkpt>
   <trkpt lon="6.725250" lat="45.714663"><ele>2204.25</ele></trkpt>
   <trkpt lon="6.725216" lat="45.714636"><ele>2203.0</ele></trkpt>
   <trkpt lon="6.725187" lat="45.714614"><ele>2202.25</ele></trkpt>
   <trkpt lon="6.725119" lat="45.714592"><ele>2201.75</ele></trkpt>
   <trkpt lon="6.725099" lat="45.714570"><ele>2201.25</ele></trkpt>
   <trkpt lon="6.725098" lat="45.714550"><ele>2200.5</ele></trkpt>
   <trkpt lon="6.725116" lat="45.714528"><ele>2199.75</ele></trkpt>
   <trkpt lon="6.725153" lat="45.714495"><ele>2198.0</ele></trkpt>
   <trkpt lon="6.725143" lat="45.714475"><ele>2197.5</ele></trkpt>
   <trkpt lon="6.725095" lat="45.714415"><ele>2195.75</ele></trkpt>
   <trkpt lon="6.725134" lat="45.714377"><ele>2193.5</ele></trkpt>
   <trkpt lon="6.725204" lat="45.714360"><ele>2191.25</ele></trkpt>
   <trkpt lon="6.725221" lat="45.714334"><ele>2189.75</ele></trkpt>
   <trkpt lon="6.725214" lat="45.714310"><ele>2188.75</ele></trkpt>
   <trkpt lon="6.725180" lat="45.714267"><ele>2187.5</ele></trkpt>
   <trkpt lon="6.725123" lat="45.714220"><ele>2186.5</ele></trkpt>
   <trkpt lon="6.725111" lat="45.714197"><ele>2185.75</ele></trkpt>
   <trkpt lon="6.725116" lat="45.714176"><ele>2184.75</ele></trkpt>
   <trkpt lon="6.725150" lat="45.714165"><ele>2183.5</ele></trkpt>
   <trkpt lon="6.725264" lat="45.714165"><ele>2181.0</ele></trkpt>
   <trkpt lon="6.725299" lat="45.714158"><ele>2180.75</ele></trkpt>
   <trkpt lon="6.725307" lat="45.714139"><ele>2180.25</ele></trkpt>
   <trkpt lon="6.725280" lat="45.714099"><ele>2177.75</ele></trkpt>
   <trkpt lon="6.725199" lat="45.714028"><ele>2175.75</ele></trkpt>
   <trkpt lon="6.725195" lat="45.714001"><ele>2174.5</ele></trkpt>
   <trkpt lon="6.725233" lat="45.713993"><ele>2173.5</ele></trkpt>
   <trkpt lon="6.725291" lat="45.713995"><ele>2173.25</ele></trkpt>
   <trkpt lon="6.725319" lat="45.713983"><ele>2173.75</ele></trkpt>
   <trkpt lon="6.725331" lat="45.713962"><ele>2173.25</ele></trkpt>
   <trkpt lon="6.725327" lat="45.713917"><ele>2171.25</ele></trkpt>
   <trkpt lon="6.725289" lat="45.713770"><ele>2163.5</ele></trkpt>
   <trkpt lon="6.725272" lat="45.713658"><ele>2158.75</ele></trkpt>
   <trkpt lon="6.725276" lat="45.713600"><ele>2156.25</ele></trkpt>
   <trkpt lon="6.725266" lat="45.713579"><ele>2154.75</ele></trkpt>
   <trkpt lon="6.725239" lat="45.713577"><ele>2154.0</ele></trkpt>
   <trkpt lon="6.725082" lat="45.713621"><ele>2154.75</ele></trkpt>
   <trkpt lon="6.725039" lat="45.713619"><ele>2154.0</ele></trkpt>
   <trkpt lon="6.724795" lat="45.713499"><ele>2145.75</ele></trkpt>
   <trkpt lon="6.724767" lat="45.713499"><ele>2145.75</ele></trkpt>
   <trkpt lon="6.724700" lat="45.713517"><ele>2145.75</ele></trkpt>
   <trkpt lon="6.724685" lat="45.713506"><ele>2144.75</ele></trkpt>
   <trkpt lon="6.724688" lat="45.713492"><ele>2144.25</ele></trkpt>
   <trkpt lon="6.724790" lat="45.713404"><ele>2141.0</ele></trkpt>
   <trkpt lon="6.724789" lat="45.713387"><ele>2140.0</ele></trkpt>
   <trkpt lon="6.724771" lat="45.713379"><ele>2139.75</ele></trkpt>
   <trkpt lon="6.724729" lat="45.713379"><ele>2140.0</ele></trkpt>
   <trkpt lon="6.724686" lat="45.713390"><ele>2139.75</ele></trkpt>
   <trkpt lon="6.724450" lat="45.713469"><ele>2136.5</ele></trkpt>
   <trkpt lon="6.724425" lat="45.713465"><ele>2135.75</ele></trkpt>
   <trkpt lon="6.724408" lat="45.713452"><ele>2135.0</ele></trkpt>
   <trkpt lon="6.724406" lat="45.713434"><ele>2134.25</ele></trkpt>
   <trkpt lon="6.724494" lat="45.713310"><ele>2132.0</ele></trkpt>
   <trkpt lon="6.724525" lat="45.713241"><ele>2129.5</ele></trkpt>
   <trkpt lon="6.724550" lat="45.713216"><ele>2128.75</ele></trkpt>
   <trkpt lon="6.724635" lat="45.713168"><ele>2127.75</ele></trkpt>
   <trkpt lon="6.724690" lat="45.713150"><ele>2127.5</ele></trkpt>
   <trkpt lon="6.724751" lat="45.713121"><ele>2126.25</ele></trkpt>
   <trkpt lon="6.724867" lat="45.713039"><ele>2121.5</ele></trkpt>
   <trkpt lon="6.724867" lat="45.713024"><ele>2120.75</ele></trkpt>
   <trkpt lon="6.724790" lat="45.712938"><ele>2117.5</ele></trkpt>
   <trkpt lon="6.724672" lat="45.712845"><ele>2114.25</ele></trkpt>
   <trkpt lon="6.724628" lat="45.712784"><ele>2111.75</ele></trkpt>
   <trkpt lon="6.724525" lat="45.712674"><ele>2108.0</ele></trkpt>
   <trkpt lon="6.724521" lat="45.712650"><ele>2107.25</ele></trkpt>
   <trkpt lon="6.724543" lat="45.712604"><ele>2105.75</ele></trkpt>
   <trkpt lon="6.724571" lat="45.712578"><ele>2105.0</ele></trkpt>
   <trkpt lon="6.724661" lat="45.712521"><ele>2102.75</ele></trkpt>
   <trkpt lon="6.724688" lat="45.712516"><ele>2102.5</ele></trkpt>
   <trkpt lon="6.724745" lat="45.712523"><ele>2102.25</ele></trkpt>
   <trkpt lon="6.724860" lat="45.712551"><ele>2101.25</ele></trkpt>
   <trkpt lon="6.724940" lat="45.712578"><ele>2100.75</ele></trkpt>
   <trkpt lon="6.724963" lat="45.712559"><ele>2099.75</ele></trkpt>
   <trkpt lon="6.724957" lat="45.712502"><ele>2097.75</ele></trkpt>
   <trkpt lon="6.724889" lat="45.712387"><ele>2095.75</ele></trkpt>
   <trkpt lon="6.724867" lat="45.712319"><ele>2094.0</ele></trkpt>
   <trkpt lon="6.724804" lat="45.712242"><ele>2092.25</ele></trkpt>
   <trkpt lon="6.724810" lat="45.712229"><ele>2091.75</ele></trkpt>
   <trkpt lon="6.724914" lat="45.712206"><ele>2090.75</ele></trkpt>
   <trkpt lon="6.724952" lat="45.712185"><ele>2090.0</ele></trkpt>
   <trkpt lon="6.724999" lat="45.712169"><ele>2089.0</ele></trkpt>
   <trkpt lon="6.725069" lat="45.712161"><ele>2088.5</ele></trkpt>
   <trkpt lon="6.725098" lat="45.712142"><ele>2088.0</ele></trkpt>
   <trkpt lon="6.725116" lat="45.712120"><ele>2087.25</ele></trkpt>
   <trkpt lon="6.725138" lat="45.712056"><ele>2085.25</ele></trkpt>
   <trkpt lon="6.725278" lat="45.711984"><ele>2083.75</ele></trkpt>
   <trkpt lon="6.725309" lat="45.711975"><ele>2083.0</ele></trkpt>
   <trkpt lon="6.725358" lat="45.711977"><ele>2082.25</ele></trkpt>
   <trkpt lon="6.725393" lat="45.711983"><ele>2081.75</ele></trkpt>
   <trkpt lon="6.725421" lat="45.711995"><ele>2081.5</ele></trkpt>
   <trkpt lon="6.725445" lat="45.711994"><ele>2081.0</ele></trkpt>
   <trkpt lon="6.725462" lat="45.711972"><ele>2080.25</ele></trkpt>
   <trkpt lon="6.725459" lat="45.711955"><ele>2080.0</ele></trkpt>
   <trkpt lon="6.725403" lat="45.711862"><ele>2078.25</ele></trkpt>
   <trkpt lon="6.725408" lat="45.711840"><ele>2077.75</ele></trkpt>
   <trkpt lon="6.725434" lat="45.711834"><ele>2077.25</ele></trkpt>
   <trkpt lon="6.725455" lat="45.711841"><ele>2077.25</ele></trkpt>
   <trkpt lon="6.725506" lat="45.711876"><ele>2077.5</ele></trkpt>
   <trkpt lon="6.725541" lat="45.711890"><ele>2077.25</ele></trkpt>
   <trkpt lon="6.725599" lat="45.711886"><ele>2078.25</ele></trkpt>
   <trkpt lon="6.725612" lat="45.711870"><ele>2078.25</ele></trkpt>
   <trkpt lon="6.725617" lat="45.711847"><ele>2078.0</ele></trkpt>
   <trkpt lon="6.725605" lat="45.711786"><ele>2076.75</ele></trkpt>
   <trkpt lon="6.725608" lat="45.711700"><ele>2075.25</ele></trkpt>
   <trkpt lon="6.725629" lat="45.711620"><ele>2074.75</ele></trkpt>
   <trkpt lon="6.725676" lat="45.711548"><ele>2074.25</ele></trkpt>
   <trkpt lon="6.725743" lat="45.711496"><ele>2074.0</ele></trkpt>
   <trkpt lon="6.725922" lat="45.711379"><ele>2072.0</ele></trkpt>
   <trkpt lon="6.725950" lat="45.711331"><ele>2071.0</ele></trkpt>
   <trkpt lon="6.726075" lat="45.711259"><ele>2069.25</ele></trkpt>
   <trkpt lon="6.726155" lat="45.711200"><ele>2067.75</ele></trkpt>
   <trkpt lon="6.726257" lat="45.711150"><ele>2066.75</ele></trkpt>
   <trkpt lon="6.726291" lat="45.711122"><ele>2066.0</ele></trkpt>
   <trkpt lon="6.726361" lat="45.711036"><ele>2063.5</ele></trkpt>
   <trkpt lon="6.726456" lat="45.710982"><ele>2062.25</ele></trkpt>
   <trkpt lon="6.726569" lat="45.710879"><ele>2059.0</ele></trkpt>
   <trkpt lon="6.726655" lat="45.710833"><ele>2056.75</ele></trkpt>
   <trkpt lon="6.726778" lat="45.710719"><ele>2054.25</ele></trkpt>
   <trkpt lon="6.726995" lat="45.710525"><ele>2047.75</ele></trkpt>
   <trkpt lon="6.727130" lat="45.710461"><ele>2046.0</ele></trkpt>
   <trkpt lon="6.727249" lat="45.710391"><ele>2044.5</ele></trkpt>
   <trkpt lon="6.727271" lat="45.710364"><ele>2044.0</ele></trkpt>
   <trkpt lon="6.727326" lat="45.710225"><ele>2040.0</ele></trkpt>
   <trkpt lon="6.727423" lat="45.710043"><ele>2035.25</ele></trkpt>
   <trkpt lon="6.727466" lat="45.709997"><ele>2034.75</ele></trkpt>
   <trkpt lon="6.727501" lat="45.709973"><ele>2034.75</ele></trkpt>
   <trkpt lon="6.727534" lat="45.709932"><ele>2033.75</ele></trkpt>
   <trkpt lon="6.727623" lat="45.709886"><ele>2034.0</ele></trkpt>
   <trkpt lon="6.727675" lat="45.709837"><ele>2033.25</ele></trkpt>
   <trkpt lon="6.727781" lat="45.709594"><ele>2028.25</ele></trkpt>
   <trkpt lon="6.727884" lat="45.709461"><ele>2026.25</ele></trkpt>
   <trkpt lon="6.728028" lat="45.709319"><ele>2023.75</ele></trkpt>
   <trkpt lon="6.728173" lat="45.709128"><ele>2021.25</ele></trkpt>
   <trkpt lon="6.728234" lat="45.709023"><ele>2021.0</ele></trkpt>
   <trkpt lon="6.728279" lat="45.708919"><ele>2020.25</ele></trkpt>
   <trkpt lon="6.728291" lat="45.708842"><ele>2019.5</ele></trkpt>
   <trkpt lon="6.728286" lat="45.708810"><ele>2019.0</ele></trkpt>
   <trkpt lon="6.728240" lat="45.708707"><ele>2017.0</ele></trkpt>
   <trkpt lon="6.728202" lat="45.708545"><ele>2015.0</ele></trkpt>
   <trkpt lon="6.728161" lat="45.708422"><ele>2013.25</ele></trkpt>
   <trkpt lon="6.728168" lat="45.708383"><ele>2013.0</ele></trkpt>
   <trkpt lon="6.728353" lat="45.708192"><ele>2011.75</ele></trkpt>
   <trkpt lon="6.728465" lat="45.708140"><ele>2010.25</ele></trkpt>
   <trkpt lon="6.728510" lat="45.708106"><ele>2009.5</ele></trkpt>
   <trkpt lon="6.728544" lat="45.708066"><ele>2008.25</ele></trkpt>
   <trkpt lon="6.728590" lat="45.708035"><ele>2007.5</ele></trkpt>
   <trkpt lon="6.728599" lat="45.708015"><ele>2007.0</ele></trkpt>
   <trkpt lon="6.728594" lat="45.707978"><ele>2006.0</ele></trkpt>
   <trkpt lon="6.728603" lat="45.707939"><ele>2005.0</ele></trkpt>
   <trkpt lon="6.728661" lat="45.707844"><ele>2002.25</ele></trkpt>
   <trkpt lon="6.728707" lat="45.707805"><ele>2001.25</ele></trkpt>
   <trkpt lon="6.728939" lat="45.707640"><ele>1996.75</ele></trkpt>
   <trkpt lon="6.729061" lat="45.707518"><ele>1993.0</ele></trkpt>
   <trkpt lon="6.729080" lat="45.707484"><ele>1992.0</ele></trkpt>
   <trkpt lon="6.729074" lat="45.707447"><ele>1991.25</ele></trkpt>
   <trkpt lon="6.729062" lat="45.707428"><ele>1990.75</ele></trkpt>
   <trkpt lon="6.729028" lat="45.707388"><ele>1989.75</ele></trkpt>
   <trkpt lon="6.729001" lat="45.707373"><ele>1989.25</ele></trkpt>
   <trkpt lon="6.728830" lat="45.707321"><ele>1987.0</ele></trkpt>
   <trkpt lon="6.728745" lat="45.707315"><ele>1986.25</ele></trkpt>
   <trkpt lon="6.728585" lat="45.707324"><ele>1985.5</ele></trkpt>
   <trkpt lon="6.728561" lat="45.707305"><ele>1984.5</ele></trkpt>
   <trkpt lon="6.728564" lat="45.707294"><ele>1984.25</ele></trkpt>
   <trkpt lon="6.728579" lat="45.707283"><ele>1983.75</ele></trkpt>
   <trkpt lon="6.728638" lat="45.707271"><ele>1983.75</ele></trkpt>
   <trkpt lon="6.728699" lat="45.707245"><ele>1983.25</ele></trkpt>
   <trkpt lon="6.728823" lat="45.707161"><ele>1981.0</ele></trkpt>
   <trkpt lon="6.729028" lat="45.707047"><ele>1977.5</ele></trkpt>
   <trkpt lon="6.729119" lat="45.706989"><ele>1975.5</ele></trkpt>
   <trkpt lon="6.729224" lat="45.706948"><ele>1974.0</ele></trkpt>
   <trkpt lon="6.729362" lat="45.706920"><ele>1972.75</ele></trkpt>
   <trkpt lon="6.729614" lat="45.706896"><ele>1970.25</ele></trkpt>
   <trkpt lon="6.729745" lat="45.706876"><ele>1968.25</ele></trkpt>
   <trkpt lon="6.729954" lat="45.706824"><ele>1964.75</ele></trkpt>
   <trkpt lon="6.730005" lat="45.706804"><ele>1963.75</ele></trkpt>
   <trkpt lon="6.730010" lat="45.706785"><ele>1963.0</ele></trkpt>
   <trkpt lon="6.729996" lat="45.706773"><ele>1962.75</ele></trkpt>
   <trkpt lon="6.729849" lat="45.706676"><ele>1960.25</ele></trkpt>
   <trkpt lon="6.729510" lat="45.706468"><ele>1953.0</ele></trkpt>
   <trkpt lon="6.729430" lat="45.706445"><ele>1952.25</ele></trkpt>
   <trkpt lon="6.729413" lat="45.706433"><ele>1951.75</ele></trkpt>
   <trkpt lon="6.729411" lat="45.706416"><ele>1951.0</ele></trkpt>
   <trkpt lon="6.729420" lat="45.706406"><ele>1950.5</ele></trkpt>
   <trkpt lon="6.729533" lat="45.706369"><ele>1948.75</ele></trkpt>
   <trkpt lon="6.729562" lat="45.706351"><ele>1948.0</ele></trkpt>
   <trkpt lon="6.729600" lat="45.706301"><ele>1946.0</ele></trkpt>
   <trkpt lon="6.729602" lat="45.706148"><ele>1940.25</ele></trkpt>
   <trkpt lon="6.729651" lat="45.706093"><ele>1938.25</ele></trkpt>
   <trkpt lon="6.729685" lat="45.706039"><ele>1936.75</ele></trkpt>
   <trkpt lon="6.729729" lat="45.706002"><ele>1935.75</ele></trkpt>
   <trkpt lon="6.729743" lat="45.705976"><ele>1934.75</ele></trkpt>
   <trkpt lon="6.729765" lat="45.705840"><ele>1930.5</ele></trkpt>
   <trkpt lon="6.729777" lat="45.705797"><ele>1929.0</ele></trkpt>
   <trkpt lon="6.729812" lat="45.705728"><ele>1926.0</ele></trkpt>
   <trkpt lon="6.729809" lat="45.705713"><ele>1925.5</ele></trkpt>
   <trkpt lon="6.729794" lat="45.705702"><ele>1925.25</ele></trkpt>
   <trkpt lon="6.729664" lat="45.705679"><ele>1924.75</ele></trkpt>
   <trkpt lon="6.729651" lat="45.705669"><ele>1924.25</ele></trkpt>
   <trkpt lon="6.729664" lat="45.705641"><ele>1923.25</ele></trkpt>
   <trkpt lon="6.729705" lat="45.705608"><ele>1922.5</ele></trkpt>
   <trkpt lon="6.729718" lat="45.705588"><ele>1922.0</ele></trkpt>
   <trkpt lon="6.729715" lat="45.705549"><ele>1920.25</ele></trkpt>
   <trkpt lon="6.729702" lat="45.705535"><ele>1919.25</ele></trkpt>
   <trkpt lon="6.729639" lat="45.705532"><ele>1918.25</ele></trkpt>
   <trkpt lon="6.729556" lat="45.705542"><ele>1917.75</ele></trkpt>
   <trkpt lon="6.729458" lat="45.705513"><ele>1915.0</ele></trkpt>
   <trkpt lon="6.729281" lat="45.705484"><ele>1912.75</ele></trkpt>
   <trkpt lon="6.729228" lat="45.705473"><ele>1912.25</ele></trkpt>
   <trkpt lon="6.729203" lat="45.705461"><ele>1911.5</ele></trkpt>
   <trkpt lon="6.729197" lat="45.705448"><ele>1911.0</ele></trkpt>
   <trkpt lon="6.729203" lat="45.705437"><ele>1910.5</ele></trkpt>
   <trkpt lon="6.729289" lat="45.705420"><ele>1909.75</ele></trkpt>
   <trkpt lon="6.729336" lat="45.705401"><ele>1909.0</ele></trkpt>
   <trkpt lon="6.729356" lat="45.705387"><ele>1908.25</ele></trkpt>
   <trkpt lon="6.729358" lat="45.705371"><ele>1907.5</ele></trkpt>
   <trkpt lon="6.729348" lat="45.705359"><ele>1906.75</ele></trkpt>
   <trkpt lon="6.729326" lat="45.705352"><ele>1906.5</ele></trkpt>
   <trkpt lon="6.729151" lat="45.705311"><ele>1904.5</ele></trkpt>
   <trkpt lon="6.729141" lat="45.705294"><ele>1904.0</ele></trkpt>
   <trkpt lon="6.729141" lat="45.705274"><ele>1903.25</ele></trkpt>
   <trkpt lon="6.729169" lat="45.705232"><ele>1901.5</ele></trkpt>
   <trkpt lon="6.729256" lat="45.705193"><ele>1900.25</ele></trkpt>
   <trkpt lon="6.729372" lat="45.705164"><ele>1898.75</ele></trkpt>
   <trkpt lon="6.729666" lat="45.705118"><ele>1895.25</ele></trkpt>
   <trkpt lon="6.729751" lat="45.705090"><ele>1893.25</ele></trkpt>
   <trkpt lon="6.729821" lat="45.705040"><ele>1890.25</ele></trkpt>
   <trkpt lon="6.729852" lat="45.705009"><ele>1888.5</ele></trkpt>
   <trkpt lon="6.729921" lat="45.704969"><ele>1886.75</ele></trkpt>
   <trkpt lon="6.729968" lat="45.704893"><ele>1884.25</ele></trkpt>
   <trkpt lon="6.730005" lat="45.704763"><ele>1881.0</ele></trkpt>
   <trkpt lon="6.730053" lat="45.704660"><ele>1878.5</ele></trkpt>
   <trkpt lon="6.730062" lat="45.704616"><ele>1877.5</ele></trkpt>
   <trkpt lon="6.730063" lat="45.704542"><ele>1875.75</ele></trkpt>
   <trkpt lon="6.730075" lat="45.704513"><ele>1875.25</ele></trkpt>
   <trkpt lon="6.730126" lat="45.704470"><ele>1874.0</ele></trkpt>
   <trkpt lon="6.730164" lat="45.704456"><ele>1873.5</ele></trkpt>
   <trkpt lon="6.730192" lat="45.704437"><ele>1873.0</ele></trkpt>
   <trkpt lon="6.730244" lat="45.704355"><ele>1871.0</ele></trkpt>
   <trkpt lon="6.730236" lat="45.704204"><ele>1867.5</ele></trkpt>
   <trkpt lon="6.730275" lat="45.703890"><ele>1859.0</ele></trkpt>
   <trkpt lon="6.730294" lat="45.703836"><ele>1857.5</ele></trkpt>
   <trkpt lon="6.730293" lat="45.703759"><ele>1855.25</ele></trkpt>
   <trkpt lon="6.730278" lat="45.703701"><ele>1853.5</ele></trkpt>
   <trkpt lon="6.730239" lat="45.703628"><ele>1850.75</ele></trkpt>
   <trkpt lon="6.730220" lat="45.703541"><ele>1848.0</ele></trkpt>
   <trkpt lon="6.730224" lat="45.703454"><ele>1845.75</ele></trkpt>
   <trkpt lon="6.730204" lat="45.703396"><ele>1844.0</ele></trkpt>
   <trkpt lon="6.730156" lat="45.703270"><ele>1840.0</ele></trkpt>
   <trkpt lon="6.730131" lat="45.703230"><ele>1838.5</ele></trkpt>
   <trkpt lon="6.730077" lat="45.703168"><ele>1836.25</ele></trkpt>
   <trkpt lon="6.730046" lat="45.703079"><ele>1833.5</ele></trkpt>
   <trkpt lon="6.730047" lat="45.702925"><ele>1829.25</ele></trkpt>
   <trkpt lon="6.730060" lat="45.702889"><ele>1828.25</ele></trkpt>
   <trkpt lon="6.730050" lat="45.702784"><ele>1825.25</ele></trkpt>
   <trkpt lon="6.730050" lat="45.702642"><ele>1821.75</ele></trkpt>
   <trkpt lon="6.730010" lat="45.702541"><ele>1819.0</ele></trkpt>
   <trkpt lon="6.729983" lat="45.702507"><ele>1817.75</ele></trkpt>
   <trkpt lon="6.729936" lat="45.702377"><ele>1813.25</ele></trkpt>
   <trkpt lon="6.729855" lat="45.702261"><ele>1808.5</ele></trkpt>
   <trkpt lon="6.729854" lat="45.702179"><ele>1806.25</ele></trkpt>
   <trkpt lon="6.729835" lat="45.702102"><ele>1804.0</ele></trkpt>
   <trkpt lon="6.729799" lat="45.702015"><ele>1801.25</ele></trkpt>
   <trkpt lon="6.729781" lat="45.701952"><ele>1799.5</ele></trkpt>
   <trkpt lon="6.729769" lat="45.701811"><ele>1796.0</ele></trkpt>
   <trkpt lon="6.729760" lat="45.701775"><ele>1795.25</ele></trkpt>
   <trkpt lon="6.729721" lat="45.701709"><ele>1793.75</ele></trkpt>
   <trkpt lon="6.729659" lat="45.701656"><ele>1793.25</ele></trkpt>
   <trkpt lon="6.729533" lat="45.701612"><ele>1794.0</ele></trkpt>
   <trkpt lon="6.729505" lat="45.701596"><ele>1794.25</ele></trkpt>
   <trkpt lon="6.729520" lat="45.701534"><ele>1793.0</ele></trkpt>
   <trkpt lon="6.729500" lat="45.701395"><ele>1791.5</ele></trkpt>
   <trkpt lon="6.729466" lat="45.701305"><ele>1789.5</ele></trkpt>
   <trkpt lon="6.729400" lat="45.701227"><ele>1788.75</ele></trkpt>
   <trkpt lon="6.729169" lat="45.701016"><ele>1786.0</ele></trkpt>
   <trkpt lon="6.729045" lat="45.700927"><ele>1784.75</ele></trkpt>
   <trkpt lon="6.728877" lat="45.700827"><ele>1782.75</ele></trkpt>
   <trkpt lon="6.728704" lat="45.700703"><ele>1781.0</ele></trkpt>
   <trkpt lon="6.728547" lat="45.700569"><ele>1778.5</ele></trkpt>
   <trkpt lon="6.728388" lat="45.700465"><ele>1776.5</ele></trkpt>
   <trkpt lon="6.728138" lat="45.700276"><ele>1773.25</ele></trkpt>
   <trkpt lon="6.728008" lat="45.700213"><ele>1772.25</ele></trkpt>
   <trkpt lon="6.727899" lat="45.700189"><ele>1771.5</ele></trkpt>
   <trkpt lon="6.727816" lat="45.700180"><ele>1771.5</ele></trkpt>
   <trkpt lon="6.727707" lat="45.700178"><ele>1770.5</ele></trkpt>
   <trkpt lon="6.727618" lat="45.700192"><ele>1769.75</ele></trkpt>
   <trkpt lon="6.727491" lat="45.700246"><ele>1770.5</ele></trkpt>
   <trkpt lon="6.727450" lat="45.700257"><ele>1771.5</ele></trkpt>
   <trkpt lon="6.727398" lat="45.700251"><ele>1772.0</ele></trkpt>
   <trkpt lon="6.727360" lat="45.700217"><ele>1771.25</ele></trkpt>
   <trkpt lon="6.727341" lat="45.700053"><ele>1766.25</ele></trkpt>
   <trkpt lon="6.727305" lat="45.699983"><ele>1765.0</ele></trkpt>
   <trkpt lon="6.727337" lat="45.699942"><ele>1763.0</ele></trkpt>
   <trkpt lon="6.727345" lat="45.699915"><ele>1762.25</ele></trkpt>
   <trkpt lon="6.727344" lat="45.699866"><ele>1761.0</ele></trkpt>
   <trkpt lon="6.727402" lat="45.699801"><ele>1758.0</ele></trkpt>
   <trkpt lon="6.727485" lat="45.699639"><ele>1753.0</ele></trkpt>
   <trkpt lon="6.727602" lat="45.699503"><ele>1748.5</ele></trkpt>
   <trkpt lon="6.727657" lat="45.699469"><ele>1746.5</ele></trkpt>
   <trkpt lon="6.727697" lat="45.699413"><ele>1744.25</ele></trkpt>
   <trkpt lon="6.727746" lat="45.699364"><ele>1742.25</ele></trkpt>
   <trkpt lon="6.727775" lat="45.699356"><ele>1741.25</ele></trkpt>
   <trkpt lon="6.727796" lat="45.699335"><ele>1740.5</ele></trkpt>
   <trkpt lon="6.727801" lat="45.699316"><ele>1740.25</ele></trkpt>
   <trkpt lon="6.727736" lat="45.699170"><ele>1738.75</ele></trkpt>
   <trkpt lon="6.727729" lat="45.699115"><ele>1738.5</ele></trkpt>
   <trkpt lon="6.727738" lat="45.699061"><ele>1738.0</ele></trkpt>
   <trkpt lon="6.727800" lat="45.698904"><ele>1735.5</ele></trkpt>
   <trkpt lon="6.727797" lat="45.698869"><ele>1735.0</ele></trkpt>
   <trkpt lon="6.727794" lat="45.698846"><ele>1734.25</ele></trkpt>
   <trkpt lon="6.727771" lat="45.698804"><ele>1733.5</ele></trkpt>
   <trkpt lon="6.727672" lat="45.698662"><ele>1731.75</ele></trkpt>
   <trkpt lon="6.727580" lat="45.698584"><ele>1731.0</ele></trkpt>
   <trkpt lon="6.727481" lat="45.698514"><ele>1730.25</ele></trkpt>
   <trkpt lon="6.727145" lat="45.698314"><ele>1727.5</ele></trkpt>
   <trkpt lon="6.727109" lat="45.698284"><ele>1727.25</ele></trkpt>
   <trkpt lon="6.727094" lat="45.698262"><ele>1726.75</ele></trkpt>
   <trkpt lon="6.727110" lat="45.698232"><ele>1725.5</ele></trkpt>
   <trkpt lon="6.727131" lat="45.698221"><ele>1724.5</ele></trkpt>
   <trkpt lon="6.727172" lat="45.698220"><ele>1723.75</ele></trkpt>
   <trkpt lon="6.727223" lat="45.698229"><ele>1723.0</ele></trkpt>
   <trkpt lon="6.727332" lat="45.698254"><ele>1722.25</ele></trkpt>
   <trkpt lon="6.727514" lat="45.698290"><ele>1720.75</ele></trkpt>
   <trkpt lon="6.727636" lat="45.698325"><ele>1719.5</ele></trkpt>
   <trkpt lon="6.728036" lat="45.698464"><ele>1715.5</ele></trkpt>
   <trkpt lon="6.728316" lat="45.698535"><ele>1713.5</ele></trkpt>
   <trkpt lon="6.728472" lat="45.698568"><ele>1712.0</ele></trkpt>
   <trkpt lon="6.728558" lat="45.698593"><ele>1711.25</ele></trkpt>
   <trkpt lon="6.728673" lat="45.698637"><ele>1710.0</ele></trkpt>
   <trkpt lon="6.728697" lat="45.698626"><ele>1709.0</ele></trkpt>
   <trkpt lon="6.728698" lat="45.698598"><ele>1708.0</ele></trkpt>
   <trkpt lon="6.728668" lat="45.698500"><ele>1705.0</ele></trkpt>
   <trkpt lon="6.728655" lat="45.698478"><ele>1704.5</ele></trkpt>
   <trkpt lon="6.728591" lat="45.698421"><ele>1703.75</ele></trkpt>
   <trkpt lon="6.728585" lat="45.698402"><ele>1703.0</ele></trkpt>
   <trkpt lon="6.728560" lat="45.698374"><ele>1702.25</ele></trkpt>
   <trkpt lon="6.728502" lat="45.698324"><ele>1701.0</ele></trkpt>
   <trkpt lon="6.728462" lat="45.698276"><ele>1699.75</ele></trkpt>
   <trkpt lon="6.728412" lat="45.698242"><ele>1699.25</ele></trkpt>
   <trkpt lon="6.728388" lat="45.698217"><ele>1698.75</ele></trkpt>
   <trkpt lon="6.728360" lat="45.698169"><ele>1697.5</ele></trkpt>
   <trkpt lon="6.728356" lat="45.698128"><ele>1696.0</ele></trkpt>
   <trkpt lon="6.728329" lat="45.698071"><ele>1694.5</ele></trkpt>
   <trkpt lon="6.728323" lat="45.698028"><ele>1693.5</ele></trkpt>
   <trkpt lon="6.728337" lat="45.698009"><ele>1692.75</ele></trkpt>
   <trkpt lon="6.728361" lat="45.697977"><ele>1691.5</ele></trkpt>
   <trkpt lon="6.728387" lat="45.697829"><ele>1687.75</ele></trkpt>
   <trkpt lon="6.728438" lat="45.697780"><ele>1685.25</ele></trkpt>
   <trkpt lon="6.728442" lat="45.697749"><ele>1684.5</ele></trkpt>
   <trkpt lon="6.728526" lat="45.697646"><ele>1681.0</ele></trkpt>
   <trkpt lon="6.728661" lat="45.697543"><ele>1677.75</ele></trkpt>
   <trkpt lon="6.728704" lat="45.697537"><ele>1677.0</ele></trkpt>
   <trkpt lon="6.728787" lat="45.697503"><ele>1675.5</ele></trkpt>
   <trkpt lon="6.728809" lat="45.697500"><ele>1675.0</ele></trkpt>
   <trkpt lon="6.728874" lat="45.697493"><ele>1674.0</ele></trkpt>
   <trkpt lon="6.728951" lat="45.697473"><ele>1672.75</ele></trkpt>
   <trkpt lon="6.729202" lat="45.697439"><ele>1668.75</ele></trkpt>
   <trkpt lon="6.729304" lat="45.697394"><ele>1666.5</ele></trkpt>
   <trkpt lon="6.729371" lat="45.697356"><ele>1665.0</ele></trkpt>
   <trkpt lon="6.729471" lat="45.697317"><ele>1663.0</ele></trkpt>
   <trkpt lon="6.729581" lat="45.697281"><ele>1661.75</ele></trkpt>
   <trkpt lon="6.729691" lat="45.697253"><ele>1660.5</ele></trkpt>
   <trkpt lon="6.729739" lat="45.697250"><ele>1660.0</ele></trkpt>
   <trkpt lon="6.729907" lat="45.697300"><ele>1657.75</ele></trkpt>
   <trkpt lon="6.729996" lat="45.697318"><ele>1656.75</ele></trkpt>
   <trkpt lon="6.730047" lat="45.697314"><ele>1655.5</ele></trkpt>
   <trkpt lon="6.730160" lat="45.697331"><ele>1653.5</ele></trkpt>
   <trkpt lon="6.730207" lat="45.697347"><ele>1652.75</ele></trkpt>
   <trkpt lon="6.730344" lat="45.697349"><ele>1649.75</ele></trkpt>
   <trkpt lon="6.730393" lat="45.697367"><ele>1649.0</ele></trkpt>
   <trkpt lon="6.730450" lat="45.697365"><ele>1647.75</ele></trkpt>
   <trkpt lon="6.730594" lat="45.697400"><ele>1645.25</ele></trkpt>
   <trkpt lon="6.730684" lat="45.697435"><ele>1644.0</ele></trkpt>
   <trkpt lon="6.730828" lat="45.697436"><ele>1641.25</ele></trkpt>
   <trkpt lon="6.730851" lat="45.697444"><ele>1640.75</ele></trkpt>
   <trkpt lon="6.731004" lat="45.697447"><ele>1637.25</ele></trkpt>
   <trkpt lon="6.731020" lat="45.697431"><ele>1636.5</ele></trkpt>
   <trkpt lon="6.730994" lat="45.697379"><ele>1635.75</ele></trkpt>
   <trkpt lon="6.730992" lat="45.697311"><ele>1634.25</ele></trkpt>
   <trkpt lon="6.731020" lat="45.697188"><ele>1631.0</ele></trkpt>
   <trkpt lon="6.731030" lat="45.697084"><ele>1629.75</ele></trkpt>
   <trkpt lon="6.731007" lat="45.697036"><ele>1629.5</ele></trkpt>
   <trkpt lon="6.731000" lat="45.696984"><ele>1629.0</ele></trkpt>
   <trkpt lon="6.731014" lat="45.696951"><ele>1628.25</ele></trkpt>
   <trkpt lon="6.731052" lat="45.696926"><ele>1627.75</ele></trkpt>
   <trkpt lon="6.731135" lat="45.696947"><ele>1626.5</ele></trkpt>
   <trkpt lon="6.731201" lat="45.696996"><ele>1625.25</ele></trkpt>
   <trkpt lon="6.731223" lat="45.697035"><ele>1625.0</ele></trkpt>
   <trkpt lon="6.731295" lat="45.697052"><ele>1623.0</ele></trkpt>
   <trkpt lon="6.731412" lat="45.697112"><ele>1619.75</ele></trkpt>
   <trkpt lon="6.731450" lat="45.697125"><ele>1619.0</ele></trkpt>
   <trkpt lon="6.731539" lat="45.697210"><ele>1617.75</ele></trkpt>
   <trkpt lon="6.731609" lat="45.697225"><ele>1616.75</ele></trkpt>
   <trkpt lon="6.731682" lat="45.697247"><ele>1615.25</ele></trkpt>
   <trkpt lon="6.731798" lat="45.697258"><ele>1612.0</ele></trkpt>
   <trkpt lon="6.731883" lat="45.697325"><ele>1609.0</ele></trkpt>
   <trkpt lon="6.731916" lat="45.697329"><ele>1608.0</ele></trkpt>
   <trkpt lon="6.731950" lat="45.697295"><ele>1607.25</ele></trkpt>
   <trkpt lon="6.732000" lat="45.697266"><ele>1606.75</ele></trkpt>
   <trkpt lon="6.732118" lat="45.697265"><ele>1605.0</ele></trkpt>
   <trkpt lon="6.732162" lat="45.697236"><ele>1604.5</ele></trkpt>
   <trkpt lon="6.732169" lat="45.697211"><ele>1604.5</ele></trkpt>
   <trkpt lon="6.732239" lat="45.697165"><ele>1602.75</ele></trkpt>
   <trkpt lon="6.732286" lat="45.697177"><ele>1601.5</ele></trkpt>
   <trkpt lon="6.732472" lat="45.697071"><ele>1595.0</ele></trkpt>
   <trkpt lon="6.732479" lat="45.697016"><ele>1594.25</ele></trkpt>
   <trkpt lon="6.732575" lat="45.697001"><ele>1591.75</ele></trkpt>
   <trkpt lon="6.732676" lat="45.696981"><ele>1589.25</ele></trkpt>
   <trkpt lon="6.732777" lat="45.697012"><ele>1587.25</ele></trkpt>
   <trkpt lon="6.732846" lat="45.696987"><ele>1584.5</ele></trkpt>
   <trkpt lon="6.732885" lat="45.697004"><ele>1583.0</ele></trkpt>
   <trkpt lon="6.732948" lat="45.697052"><ele>1580.0</ele></trkpt>
   <trkpt lon="6.733031" lat="45.697054"><ele>1576.5</ele></trkpt>
   <trkpt lon="6.733112" lat="45.697075"><ele>1573.25</ele></trkpt>
   <trkpt lon="6.733218" lat="45.697068"><ele>1570.0</ele></trkpt>
   <trkpt lon="6.733279" lat="45.697009"><ele>1569.75</ele></trkpt>
   <trkpt lon="6.733353" lat="45.697016"><ele>1567.25</ele></trkpt>
   <trkpt lon="6.733396" lat="45.696970"><ele>1566.75</ele></trkpt>
   <trkpt lon="6.733394" lat="45.696820"><ele>1564.25</ele></trkpt>
   <trkpt lon="6.733304" lat="45.696657"><ele>1563.5</ele></trkpt>
   <trkpt lon="6.733142" lat="45.696492"><ele>1561.75</ele></trkpt>
   <trkpt lon="6.733461" lat="45.696487"><ele>1553.5</ele></trkpt>
   <trkpt lon="6.733640" lat="45.696617"><ele>1550.5</ele></trkpt>
   <trkpt lon="6.733651" lat="45.696657"><ele>1550.5</ele></trkpt>
  </trkseg>
 </trk>
</gpx>
