<?xml version="1.0" encoding="UTF-8"?>
<gpx xmlns="http://www.topografix.com/GPX/1/1" creator="INVA x RAVdA" version="1.1" xmlns:xsi="http://www.w3.org/2001/XMLSchema-instance" xsi:schemaLocation="http://www.topografix.com/GPX/1/1 http://www.topografix.com/GPX/1/1/gpx.xsd">
  <trk>
    <name>RAVDA - Catasto Sentieri</name>
    <desc>Percorso personalizzato</desc>
    <trkseg>
      <trkpt lon="7.11918054886312" lat="45.5687307786923">
        <ele>1722</ele>
      </trkpt>
      <trkpt lon="7.1194490882318" lat="45.5685831720307">
        <ele>1727.1</ele>
      </trkpt>
      <trkpt lon="7.11948585150069" lat="45.5685145595516">
        <ele>1728.94</ele>
      </trkpt>
      <trkpt lon="7.11948879082655" lat="45.5684956174374">
        <ele>1729.46</ele>
      </trkpt>
      <trkpt lon="7.11945151569543" lat="45.5684605300832">
        <ele>1728.99</ele>
      </trkpt>
      <trkpt lon="7.11939405369391" lat="45.5681587663869">
        <ele>1737.2</ele>
      </trkpt>
      <trkpt lon="7.11942924146802" lat="45.5679722148176">
        <ele>1742.45</ele>
      </trkpt>
      <trkpt lon="7.11946928811312" lat="45.5679050968525">
        <ele>1744.94</ele>
      </trkpt>
      <trkpt lon="7.11949821388036" lat="45.567898460855">
        <ele>1746.27</ele>
      </trkpt>
      <trkpt lon="7.11951076242898" lat="45.5678450235227">
        <ele>1748.49</ele>
      </trkpt>
      <trkpt lon="7.11955159430721" lat="45.5678234622656">
        <ele>1749.02</ele>
      </trkpt>
      <trkpt lon="7.11961871407913" lat="45.5678819949428">
        <ele>1750</ele>
      </trkpt>
      <trkpt lon="7.11971465730527" lat="45.5679101271354">
        <ele>1751.53</ele>
      </trkpt>
      <trkpt lon="7.12005419594948" lat="45.5681616256363">
        <ele>1760.11</ele>
      </trkpt>
      <trkpt lon="7.12009384106642" lat="45.5681718207213">
        <ele>1762.18</ele>
      </trkpt>
      <trkpt lon="7.1201186192802" lat="45.5680360425493">
        <ele>1763</ele>
      </trkpt>
      <trkpt lon="7.12013881579893" lat="45.5679531156611">
        <ele>1763.14</ele>
      </trkpt>
      <trkpt lon="7.1201892180633" lat="45.5678943563397">
        <ele>1764</ele>
      </trkpt>
      <trkpt lon="7.1202922297845" lat="45.5678373670173">
        <ele>1764</ele>
      </trkpt>
      <trkpt lon="7.12038966912373" lat="45.5677822637993">
        <ele>1763.29</ele>
      </trkpt>
      <trkpt lon="7.12042048147459" lat="45.5677536967135">
        <ele>1763</ele>
      </trkpt>
      <trkpt lon="7.12044666932121" lat="45.5676947204853">
        <ele>1762</ele>
      </trkpt>
      <trkpt lon="7.12051594724967" lat="45.5676233138068">
        <ele>1762.15</ele>
      </trkpt>
      <trkpt lon="7.12062579179979" lat="45.5675996476103">
        <ele>1764.92</ele>
      </trkpt>
      <trkpt lon="7.12068648613268" lat="45.5675319687201">
        <ele>1766.98</ele>
      </trkpt>
      <trkpt lon="7.12076403251935" lat="45.5675200136158">
        <ele>1767.01</ele>
      </trkpt>
      <trkpt lon="7.1207667163602" lat="45.5674971936239">
        <ele>1767.58</ele>
      </trkpt>
      <trkpt lon="7.12082550209899" lat="45.5674406455505">
        <ele>1770</ele>
      </trkpt>
      <trkpt lon="7.12087394506064" lat="45.567429020728">
        <ele>1770</ele>
      </trkpt>
      <trkpt lon="7.12090427964279" lat="45.5673994563902">
        <ele>1771.04</ele>
      </trkpt>
      <trkpt lon="7.12092162855905" lat="45.567332685436">
        <ele>1772.98</ele>
      </trkpt>
      <trkpt lon="7.12097607487268" lat="45.5672985656619">
        <ele>1774</ele>
      </trkpt>
      <trkpt lon="7.12099991256566" lat="45.5672447728745">
        <ele>1775</ele>
      </trkpt>
      <trkpt lon="7.12103356380506" lat="45.5672194031188">
        <ele>1776.09</ele>
      </trkpt>
      <trkpt lon="7.12103596128449" lat="45.5672090001028">
        <ele>1776.17</ele>
      </trkpt>
      <trkpt lon="7.12098324658633" lat="45.5671911213647">
        <ele>1776</ele>
      </trkpt>
      <trkpt lon="7.12095782220393" lat="45.5671312057237">
        <ele>1777.11</ele>
      </trkpt>
      <trkpt lon="7.12075967025338" lat="45.5668670943879">
        <ele>1780.03</ele>
      </trkpt>
      <trkpt lon="7.12074396261915" lat="45.5665311885722">
        <ele>1788.2</ele>
      </trkpt>
      <trkpt lon="7.12053839798429" lat="45.5661974643044">
        <ele>1790.45</ele>
      </trkpt>
      <trkpt lon="7.12053328482101" lat="45.5661548076273">
        <ele>1791</ele>
      </trkpt>
      <trkpt lon="7.12057822138241" lat="45.5660408718665">
        <ele>1794.8</ele>
      </trkpt>
      <trkpt lon="7.12057070015017" lat="45.5659820619825">
        <ele>1794.43</ele>
      </trkpt>
      <trkpt lon="7.12052012226391" lat="45.5659309129846">
        <ele>1792.39</ele>
      </trkpt>
      <trkpt lon="7.12042117783507" lat="45.5656778862228">
        <ele>1799.06</ele>
      </trkpt>
      <trkpt lon="7.12034139428501" lat="45.5655995223691">
        <ele>1800.99</ele>
      </trkpt>
      <trkpt lon="7.12030668941269" lat="45.5655258646262">
        <ele>1802.53</ele>
      </trkpt>
      <trkpt lon="7.12023371360081" lat="45.565485418458">
        <ele>1801.94</ele>
      </trkpt>
      <trkpt lon="7.12020208131806" lat="45.5653965075839">
        <ele>1804.04</ele>
      </trkpt>
      <trkpt lon="7.12010200052285" lat="45.5652965679913">
        <ele>1806.21</ele>
      </trkpt>
      <trkpt lon="7.12008538434468" lat="45.5652530889599">
        <ele>1807.61</ele>
      </trkpt>
      <trkpt lon="7.120095414931" lat="45.5651213885255">
        <ele>1812</ele>
      </trkpt>
      <trkpt lon="7.12003810614859" lat="45.5650800313752">
        <ele>1813.62</ele>
      </trkpt>
      <trkpt lon="7.1200286259905" lat="45.5650491805081">
        <ele>1814.89</ele>
      </trkpt>
      <trkpt lon="7.12006592711974" lat="45.565033502698">
        <ele>1815.8</ele>
      </trkpt>
      <trkpt lon="7.12015707907401" lat="45.5650361730932">
        <ele>1816.78</ele>
      </trkpt>
      <trkpt lon="7.12014090093708" lat="45.5648949499433">
        <ele>1821.8</ele>
      </trkpt>
      <trkpt lon="7.12015719936175" lat="45.5648520129113">
        <ele>1823.82</ele>
      </trkpt>
      <trkpt lon="7.12031794181876" lat="45.5648505199875">
        <ele>1827.28</ele>
      </trkpt>
      <trkpt lon="7.12037051875335" lat="45.5648109695034">
        <ele>1830.49</ele>
      </trkpt>
      <trkpt lon="7.12045542622144" lat="45.5648087674934">
        <ele>1832.25</ele>
      </trkpt>
      <trkpt lon="7.12051674210184" lat="45.5647761117116">
        <ele>1834.38</ele>
      </trkpt>
      <trkpt lon="7.12057277916674" lat="45.5647903570573">
        <ele>1835.73</ele>
      </trkpt>
      <trkpt lon="7.12065897292948" lat="45.5647802548612">
        <ele>1837.12</ele>
      </trkpt>
      <trkpt lon="7.12075935678031" lat="45.5647250183352">
        <ele>1840.72</ele>
      </trkpt>
      <trkpt lon="7.12079398751231" lat="45.5647548416425">
        <ele>1840.5</ele>
      </trkpt>
      <trkpt lon="7.1208240660062" lat="45.5647520974207">
        <ele>1841.09</ele>
      </trkpt>
      <trkpt lon="7.12087086737212" lat="45.5645936383372">
        <ele>1846</ele>
      </trkpt>
      <trkpt lon="7.12092618065576" lat="45.5645450432078">
        <ele>1847.84</ele>
      </trkpt>
      <trkpt lon="7.12094557683669" lat="45.5644783944989">
        <ele>1849.53</ele>
      </trkpt>
      <trkpt lon="7.12100943164865" lat="45.5644464109809">
        <ele>1851.54</ele>
      </trkpt>
      <trkpt lon="7.12100943164865" lat="45.5644464109809">
        <ele>1851.54</ele>
      </trkpt>
      <trkpt lon="7.12112826132724" lat="45.5643414344951">
        <ele>1857</ele>
      </trkpt>
      <trkpt lon="7.12113675096491" lat="45.5641714525284">
        <ele>1857.15</ele>
      </trkpt>
      <trkpt lon="7.12111337783643" lat="45.5640500048058">
        <ele>1858.03</ele>
      </trkpt>
      <trkpt lon="7.12103446178519" lat="45.5639302510318">
        <ele>1857.85</ele>
      </trkpt>
      <trkpt lon="7.12099251707105" lat="45.5638969775669">
        <ele>1857.17</ele>
      </trkpt>
      <trkpt lon="7.12086619962055" lat="45.563653942458">
        <ele>1858</ele>
      </trkpt>
      <trkpt lon="7.1207785054066" lat="45.5635439443997">
        <ele>1857.43</ele>
      </trkpt>
      <trkpt lon="7.12073651608649" lat="45.5633774536983">
        <ele>1859.9</ele>
      </trkpt>
      <trkpt lon="7.12075369552956" lat="45.5633119411076">
        <ele>1861.09</ele>
      </trkpt>
      <trkpt lon="7.12074341355267" lat="45.5630899854311">
        <ele>1864.8</ele>
      </trkpt>
      <trkpt lon="7.12077136290903" lat="45.5630126754262">
        <ele>1865.78</ele>
      </trkpt>
      <trkpt lon="7.12079887505546" lat="45.562990805699">
        <ele>1867.43</ele>
      </trkpt>
      <trkpt lon="7.12081342738172" lat="45.5628887032746">
        <ele>1867.82</ele>
      </trkpt>
      <trkpt lon="7.12087436848554" lat="45.5628442499707">
        <ele>1871.19</ele>
      </trkpt>
      <trkpt lon="7.1208889618993" lat="45.5627716732886">
        <ele>1872.79</ele>
      </trkpt>
      <trkpt lon="7.1209302853698" lat="45.5627544399228">
        <ele>1874.39</ele>
      </trkpt>
      <trkpt lon="7.1209424262426" lat="45.5626670600673">
        <ele>1877.61</ele>
      </trkpt>
      <trkpt lon="7.1209563657999" lat="45.5626486569622">
        <ele>1878.21</ele>
      </trkpt>
      <trkpt lon="7.12100911933824" lat="45.5626690579862">
        <ele>1879.22</ele>
      </trkpt>
      <trkpt lon="7.12107046819541" lat="45.5626545832172">
        <ele>1882.11</ele>
      </trkpt>
      <trkpt lon="7.12109356414877" lat="45.5626036571615">
        <ele>1885.14</ele>
      </trkpt>
      <trkpt lon="7.12119298043991" lat="45.562592782852">
        <ele>1886</ele>
      </trkpt>
      <trkpt lon="7.12120760915569" lat="45.5625614294282">
        <ele>1887.13</ele>
      </trkpt>
      <trkpt lon="7.12118415586034" lat="45.5625614930914">
        <ele>1887</ele>
      </trkpt>
      <trkpt lon="7.12122465796608" lat="45.5624996919312">
        <ele>1891.01</ele>
      </trkpt>
      <trkpt lon="7.121205304986" lat="45.5624883025686">
        <ele>1890.86</ele>
      </trkpt>
      <trkpt lon="7.12121185371892" lat="45.562418742551">
        <ele>1894</ele>
      </trkpt>
      <trkpt lon="7.12122516999365" lat="45.5624536157785">
        <ele>1892.17</ele>
      </trkpt>
      <trkpt lon="7.12132342446415" lat="45.5624775562213">
        <ele>1893.92</ele>
      </trkpt>
      <trkpt lon="7.1213732192956" lat="45.562513657611">
        <ele>1893.2</ele>
      </trkpt>
      <trkpt lon="7.12140811056104" lat="45.5624317836699">
        <ele>1899.03</ele>
      </trkpt>
      <trkpt lon="7.12150609144913" lat="45.5623832584005">
        <ele>1905.24</ele>
      </trkpt>
      <trkpt lon="7.1215473111741" lat="45.5624151707129">
        <ele>1907.42</ele>
      </trkpt>
      <trkpt lon="7.12156535749694" lat="45.562481175324">
        <ele>1905.3</ele>
      </trkpt>
      <trkpt lon="7.12161626780459" lat="45.5624377275037">
        <ele>1911.22</ele>
      </trkpt>
      <trkpt lon="7.12164992617488" lat="45.5624735648415">
        <ele>1912.4</ele>
      </trkpt>
      <trkpt lon="7.12173859299327" lat="45.5624238061174">
        <ele>1915.37</ele>
      </trkpt>
      <trkpt lon="7.12174742449365" lat="45.562385608021">
        <ele>1915</ele>
      </trkpt>
      <trkpt lon="7.12171726922998" lat="45.5623369565064">
        <ele>1913.42</ele>
      </trkpt>
      <trkpt lon="7.12171119047175" lat="45.5622386539776">
        <ele>1915.06</ele>
      </trkpt>
      <trkpt lon="7.121722946643" lat="45.5622204869684">
        <ele>1916.06</ele>
      </trkpt>
      <trkpt lon="7.12178975407568" lat="45.5621998009851">
        <ele>1918.8</ele>
      </trkpt>
      <trkpt lon="7.12181419032425" lat="45.5622201878453">
        <ele>1919</ele>
      </trkpt>
      <trkpt lon="7.12191452386087" lat="45.5620394759442">
        <ele>1923.58</ele>
      </trkpt>
      <trkpt lon="7.12198170442383" lat="45.5619729832581">
        <ele>1926.26</ele>
      </trkpt>
      <trkpt lon="7.12202063882809" lat="45.5619621000287">
        <ele>1927.15</ele>
      </trkpt>
      <trkpt lon="7.12204624155117" lat="45.5619935760677">
        <ele>1927.38</ele>
      </trkpt>
      <trkpt lon="7.12216643680473" lat="45.5616628744795">
        <ele>1933.07</ele>
      </trkpt>
      <trkpt lon="7.12220145231606" lat="45.5616195237298">
        <ele>1935</ele>
      </trkpt>
      <trkpt lon="7.12215340554928" lat="45.5615424935509">
        <ele>1933.66</ele>
      </trkpt>
      <trkpt lon="7.12219349487456" lat="45.5614237992907">
        <ele>1937.81</ele>
      </trkpt>
      <trkpt lon="7.12214938082441" lat="45.5613825700495">
        <ele>1936.04</ele>
      </trkpt>
      <trkpt lon="7.12216911504553" lat="45.5613594918832">
        <ele>1936.78</ele>
      </trkpt>
      <trkpt lon="7.12215764517546" lat="45.561226896774">
        <ele>1938.3</ele>
      </trkpt>
      <trkpt lon="7.12217704376087" lat="45.5611792402091">
        <ele>1939.97</ele>
      </trkpt>
      <trkpt lon="7.12215587729456" lat="45.5611453197073">
        <ele>1940.99</ele>
      </trkpt>
      <trkpt lon="7.1222389945742" lat="45.5610658546276">
        <ele>1944.12</ele>
      </trkpt>
      <trkpt lon="7.122258116495" lat="45.5609612188507">
        <ele>1945.74</ele>
      </trkpt>
      <trkpt lon="7.12234041354492" lat="45.5607793984137">
        <ele>1951.58</ele>
      </trkpt>
      <trkpt lon="7.12238937303747" lat="45.5607752543397">
        <ele>1952.62</ele>
      </trkpt>
      <trkpt lon="7.12248721007721" lat="45.5606962144134">
        <ele>1955.7</ele>
      </trkpt>
      <trkpt lon="7.12253326293444" lat="45.5606023680576">
        <ele>1957.81</ele>
      </trkpt>
      <trkpt lon="7.12263246641943" lat="45.5605361312439">
        <ele>1961.59</ele>
      </trkpt>
      <trkpt lon="7.12269939991199" lat="45.5604616244652">
        <ele>1963.3</ele>
      </trkpt>
      <trkpt lon="7.12272555764037" lat="45.5603803226762">
        <ele>1964.22</ele>
      </trkpt>
      <trkpt lon="7.1227747795386" lat="45.5603105658452">
        <ele>1967.05</ele>
      </trkpt>
      <trkpt lon="7.12276127193419" lat="45.5602583171794">
        <ele>1967.19</ele>
      </trkpt>
      <trkpt lon="7.12277892035607" lat="45.5602170218686">
        <ele>1968.09</ele>
      </trkpt>
      <trkpt lon="7.12282057188192" lat="45.5601860214935">
        <ele>1970.35</ele>
      </trkpt>
      <trkpt lon="7.12281440259357" lat="45.5601711599492">
        <ele>1969.83</ele>
      </trkpt>
      <trkpt lon="7.12288013047263" lat="45.5600982504212">
        <ele>1973.32</ele>
      </trkpt>
      <trkpt lon="7.12289164543515" lat="45.5600564967061">
        <ele>1973.32</ele>
      </trkpt>
      <trkpt lon="7.12296544218052" lat="45.5600220632229">
        <ele>1977.23</ele>
      </trkpt>
      <trkpt lon="7.12296253193269" lat="45.5599748508975">
        <ele>1976.9</ele>
      </trkpt>
      <trkpt lon="7.12298236629204" lat="45.5599448447804">
        <ele>1978.35</ele>
      </trkpt>
      <trkpt lon="7.12297498335375" lat="45.5599164578845">
        <ele>1978.16</ele>
      </trkpt>
      <trkpt lon="7.12293420534029" lat="45.5598827538648">
        <ele>1977.71</ele>
      </trkpt>
      <trkpt lon="7.12297047882138" lat="45.5598593175164">
        <ele>1979.97</ele>
      </trkpt>
      <trkpt lon="7.12302014106984" lat="45.559857073497">
        <ele>1982.11</ele>
      </trkpt>
      <trkpt lon="7.12307301960919" lat="45.559877566191">
        <ele>1985.08</ele>
      </trkpt>
      <trkpt lon="7.12307385795405" lat="45.5599062030297">
        <ele>1984.27</ele>
      </trkpt>
      <trkpt lon="7.12314898642799" lat="45.5599549633162">
        <ele>1986.19</ele>
      </trkpt>
      <trkpt lon="7.12318615940176" lat="45.5599583637619">
        <ele>1988.29</ele>
      </trkpt>
      <trkpt lon="7.12320826975663" lat="45.5600216461216">
        <ele>1989.21</ele>
      </trkpt>
      <trkpt lon="7.12329772901393" lat="45.5600748705481">
        <ele>1993.15</ele>
      </trkpt>
      <trkpt lon="7.12333595660078" lat="45.5601274361281">
        <ele>1994.71</ele>
      </trkpt>
      <trkpt lon="7.12340037128226" lat="45.5601592792192">
        <ele>1996.87</ele>
      </trkpt>
      <trkpt lon="7.12339921216358" lat="45.5601979635131">
        <ele>1995.67</ele>
      </trkpt>
      <trkpt lon="7.12342510410369" lat="45.5602130613656">
        <ele>1996.55</ele>
      </trkpt>
      <trkpt lon="7.12343006462227" lat="45.5602487873112">
        <ele>1996.54</ele>
      </trkpt>
      <trkpt lon="7.12357683582019" lat="45.5603240156238">
        <ele>2000.22</ele>
      </trkpt>
      <trkpt lon="7.12359896992359" lat="45.5603096182544">
        <ele>2001</ele>
      </trkpt>
      <trkpt lon="7.12358019524447" lat="45.560130819136">
        <ele>2004.24</ele>
      </trkpt>
      <trkpt lon="7.12361661490434" lat="45.5601606702389">
        <ele>2005.41</ele>
      </trkpt>
      <trkpt lon="7.12371463056927" lat="45.5601801050105">
        <ele>2008.41</ele>
      </trkpt>
      <trkpt lon="7.12372695456901" lat="45.5602448428675">
        <ele>2007.02</ele>
      </trkpt>
      <trkpt lon="7.12377991980128" lat="45.5602358125985">
        <ele>2008.87</ele>
      </trkpt>
      <trkpt lon="7.12389082122394" lat="45.5602876816432">
        <ele>2011.49</ele>
      </trkpt>
      <trkpt lon="7.12399641491948" lat="45.5603027386005">
        <ele>2014.71</ele>
      </trkpt>
      <trkpt lon="7.12402223977253" lat="45.5603391647659">
        <ele>2014.81</ele>
      </trkpt>
      <trkpt lon="7.12412546919021" lat="45.5603713749091">
        <ele>2017.83</ele>
      </trkpt>
      <trkpt lon="7.12415275620262" lat="45.5603560720113">
        <ele>2018.88</ele>
      </trkpt>
      <trkpt lon="7.12414355406678" lat="45.5603130763974">
        <ele>2019.74</ele>
      </trkpt>
      <trkpt lon="7.1241662894456" lat="45.5602344190861">
        <ele>2022.59</ele>
      </trkpt>
      <trkpt lon="7.1241199350803" lat="45.5601218658091">
        <ele>2025.63</ele>
      </trkpt>
      <trkpt lon="7.1241230008461" lat="45.56002974408">
        <ele>2029.43</ele>
      </trkpt>
      <trkpt lon="7.12421160771022" lat="45.560062434649">
        <ele>2032.36</ele>
      </trkpt>
      <trkpt lon="7.12426322744879" lat="45.5601053167822">
        <ele>2032.87</ele>
      </trkpt>
      <trkpt lon="7.12438064372204" lat="45.5601155265101">
        <ele>2037.39</ele>
      </trkpt>
      <trkpt lon="7.12442541079938" lat="45.5601447943459">
        <ele>2037.83</ele>
      </trkpt>
      <trkpt lon="7.12447251759069" lat="45.5601346778817">
        <ele>2040.02</ele>
      </trkpt>
      <trkpt lon="7.12448010704201" lat="45.5601145496718">
        <ele>2041.02</ele>
      </trkpt>
      <trkpt lon="7.12443028456817" lat="45.5600715175522">
        <ele>2040.75</ele>
      </trkpt>
      <trkpt lon="7.12440567262582" lat="45.5599448280197">
        <ele>2044.64</ele>
      </trkpt>
      <trkpt lon="7.12437535585137" lat="45.5599163353434">
        <ele>2043.98</ele>
      </trkpt>
      <trkpt lon="7.12440685188246" lat="45.5598708567283">
        <ele>2046.17</ele>
      </trkpt>
      <trkpt lon="7.12454642283056" lat="45.5599507378657">
        <ele>2049.72</ele>
      </trkpt>
      <trkpt lon="7.12457869590484" lat="45.5599435296641">
        <ele>2050.96</ele>
      </trkpt>
      <trkpt lon="7.12460310819791" lat="45.5599107151874">
        <ele>2053.32</ele>
      </trkpt>
      <trkpt lon="7.12459830851099" lat="45.5598893951608">
        <ele>2054.01</ele>
      </trkpt>
      <trkpt lon="7.12454042467873" lat="45.559849918608">
        <ele>2053.18</ele>
      </trkpt>
      <trkpt lon="7.12447973953006" lat="45.5597328984133">
        <ele>2055.14</ele>
      </trkpt>
      <trkpt lon="7.12457195294908" lat="45.5597187517294">
        <ele>2058.96</ele>
      </trkpt>
      <trkpt lon="7.12462875533612" lat="45.5598023127126">
        <ele>2059.28</ele>
      </trkpt>
      <trkpt lon="7.12467478353953" lat="45.5598322333548">
        <ele>2059.5</ele>
      </trkpt>
      <trkpt lon="7.12476200293439" lat="45.5597910914999">
        <ele>2065.21</ele>
      </trkpt>
      <trkpt lon="7.12473669415639" lat="45.5597853633329">
        <ele>2064.52</ele>
      </trkpt>
      <trkpt lon="7.12471431434405" lat="45.5597224393129">
        <ele>2064.97</ele>
      </trkpt>
      <trkpt lon="7.12464657128392" lat="45.5597174551978">
        <ele>2063.09</ele>
      </trkpt>
      <trkpt lon="7.1246442215105" lat="45.5597032853746">
        <ele>2063.22</ele>
      </trkpt>
      <trkpt lon="7.12460140133519" lat="45.5596925013553">
        <ele>2061.53</ele>
      </trkpt>
      <trkpt lon="7.12457330145047" lat="45.5596551362554">
        <ele>2062.73</ele>
      </trkpt>
      <trkpt lon="7.12458171347596" lat="45.5596180104042">
        <ele>2065.41</ele>
      </trkpt>
      <trkpt lon="7.1245383688886" lat="45.5595767033908">
        <ele>2067</ele>
      </trkpt>
      <trkpt lon="7.12456914773712" lat="45.5595566865195">
        <ele>2069.23</ele>
      </trkpt>
      <trkpt lon="7.12451284924769" lat="45.5595581026761">
        <ele>2068.01</ele>
      </trkpt>
      <trkpt lon="7.12424668469612" lat="45.5592935101158">
        <ele>2084.09</ele>
      </trkpt>
      <trkpt lon="7.12419713258664" lat="45.5592039434965">
        <ele>2088.47</ele>
      </trkpt>
      <trkpt lon="7.12420981139606" lat="45.559165628768">
        <ele>2090.3</ele>
      </trkpt>
      <trkpt lon="7.12418199526404" lat="45.5589657984782">
        <ele>2094.69</ele>
      </trkpt>
      <trkpt lon="7.12424547583313" lat="45.5588948306439">
        <ele>2096.84</ele>
      </trkpt>
      <trkpt lon="7.1244411015328" lat="45.5587956133807">
        <ele>2099</ele>
      </trkpt>
      <trkpt lon="7.12451903533281" lat="45.5587177732917">
        <ele>2099.3</ele>
      </trkpt>
      <trkpt lon="7.12503294624359" lat="45.5583139653504">
        <ele>2101.57</ele>
      </trkpt>
      <trkpt lon="7.12512537287136" lat="45.5581932465469">
        <ele>2102.03</ele>
      </trkpt>
      <trkpt lon="7.12510618824974" lat="45.558095899471">
        <ele>2103.15</ele>
      </trkpt>
      <trkpt lon="7.1250967108709" lat="45.5580649624908">
        <ele>2104</ele>
      </trkpt>
      <trkpt lon="7.12509452500937" lat="45.5580498037555">
        <ele>2104.21</ele>
      </trkpt>
      <trkpt lon="7.12514544065326" lat="45.5580175145489">
        <ele>2105.49</ele>
      </trkpt>
      <trkpt lon="7.12519435943991" lat="45.5579644025777">
        <ele>2105.42</ele>
      </trkpt>
      <trkpt lon="7.12529272751491" lat="45.5578615148353">
        <ele>2106</ele>
      </trkpt>
      <trkpt lon="7.1253756416708" lat="45.5577994196345">
        <ele>2106.28</ele>
      </trkpt>
      <trkpt lon="7.12545570296585" lat="45.5577383549876">
        <ele>2107.01</ele>
      </trkpt>
      <trkpt lon="7.12551783857154" lat="45.5576922988772">
        <ele>2107.3</ele>
      </trkpt>
      <trkpt lon="7.12556013223392" lat="45.5576380868142">
        <ele>2108.17</ele>
      </trkpt>
      <trkpt lon="7.1256245843373" lat="45.5576032310076">
        <ele>2109.74</ele>
      </trkpt>
      <trkpt lon="7.12570246148975" lat="45.5575809256465">
        <ele>2111.75</ele>
      </trkpt>
      <trkpt lon="7.12575017752023" lat="45.5575253636021">
        <ele>2112.56</ele>
      </trkpt>
      <trkpt lon="7.12597076186293" lat="45.5574383441095">
        <ele>2115</ele>
      </trkpt>
      <trkpt lon="7.12606586142385" lat="45.5574258613842">
        <ele>2116.73</ele>
      </trkpt>
      <trkpt lon="7.12616961624191" lat="45.5574382765905">
        <ele>2119</ele>
      </trkpt>
      <trkpt lon="7.12618444500599" lat="45.5574046758902">
        <ele>2119.76</ele>
      </trkpt>
      <trkpt lon="7.12623859106688" lat="45.5573830619831">
        <ele>2122.41</ele>
      </trkpt>
      <trkpt lon="7.12626280488182" lat="45.5574139713276">
        <ele>2123</ele>
      </trkpt>
      <trkpt lon="7.12632129779962" lat="45.5574158330523">
        <ele>2124.68</ele>
      </trkpt>
      <trkpt lon="7.1264360126701" lat="45.5573529964745">
        <ele>2127.76</ele>
      </trkpt>
      <trkpt lon="7.12655151810373" lat="45.5573472391159">
        <ele>2130.18</ele>
      </trkpt>
      <trkpt lon="7.12659905586823" lat="45.5573163360225">
        <ele>2131</ele>
      </trkpt>
      <trkpt lon="7.12666595742907" lat="45.557311853225">
        <ele>2132</ele>
      </trkpt>
      <trkpt lon="7.12672510375224" lat="45.5572824891716">
        <ele>2133.12</ele>
      </trkpt>
      <trkpt lon="7.12672420959239" lat="45.5572669943293">
        <ele>2133.45</ele>
      </trkpt>
      <trkpt lon="7.12687423278616" lat="45.5572442507674">
        <ele>2135.01</ele>
      </trkpt>
      <trkpt lon="7.12715218195816" lat="45.5571736516876">
        <ele>2137.1</ele>
      </trkpt>
      <trkpt lon="7.12728197956649" lat="45.557158046998">
        <ele>2138.15</ele>
      </trkpt>
      <trkpt lon="7.12747274052038" lat="45.5570970000909">
        <ele>2140.78</ele>
      </trkpt>
      <trkpt lon="7.12761930891797" lat="45.5570317137602">
        <ele>2142</ele>
      </trkpt>
      <trkpt lon="7.12792189461538" lat="45.5569676373052">
        <ele>2144</ele>
      </trkpt>
      <trkpt lon="7.1280017278431" lat="45.556921059131">
        <ele>2144</ele>
      </trkpt>
      <trkpt lon="7.12817071587627" lat="45.5568711734044">
        <ele>2145</ele>
      </trkpt>
      <trkpt lon="7.12847517540082" lat="45.5567274671894">
        <ele>2146</ele>
      </trkpt>
      <trkpt lon="7.12866177249049" lat="45.5566604950932">
        <ele>2148</ele>
      </trkpt>
      <trkpt lon="7.12871327159871" lat="45.5566221862966">
        <ele>2148</ele>
      </trkpt>
      <trkpt lon="7.12893273680153" lat="45.5565183997051">
        <ele>2149</ele>
      </trkpt>
      <trkpt lon="7.12903333235958" lat="45.5564330068682">
        <ele>2149.07</ele>
      </trkpt>
      <trkpt lon="7.12916476700892" lat="45.5563718816064">
        <ele>2150</ele>
      </trkpt>
      <trkpt lon="7.12921484671261" lat="45.556329947705">
        <ele>2150</ele>
      </trkpt>
      <trkpt lon="7.12939120199117" lat="45.556258847628">
        <ele>2151</ele>
      </trkpt>
      <trkpt lon="7.12958915263919" lat="45.5560233825203">
        <ele>2153</ele>
      </trkpt>
      <trkpt lon="7.1296904675547" lat="45.5559432231551">
        <ele>2154</ele>
      </trkpt>
      <trkpt lon="7.12981992879777" lat="45.5557987152241">
        <ele>2156</ele>
      </trkpt>
      <trkpt lon="7.12994437234272" lat="45.5557011112005">
        <ele>2157</ele>
      </trkpt>
      <trkpt lon="7.13020186713616" lat="45.5555476292848">
        <ele>2159.7</ele>
      </trkpt>
      <trkpt lon="7.13049006947279" lat="45.5554688189868">
        <ele>2162.85</ele>
      </trkpt>
      <trkpt lon="7.13062302000554" lat="45.5553078051194">
        <ele>2164.27</ele>
      </trkpt>
      <trkpt lon="7.13070205044895" lat="45.555119176147">
        <ele>2166.15</ele>
      </trkpt>
      <trkpt lon="7.13077403207332" lat="45.5550039711729">
        <ele>2168</ele>
      </trkpt>
      <trkpt lon="7.13097099125515" lat="45.554898642658">
        <ele>2172.78</ele>
      </trkpt>
      <trkpt lon="7.1311195048426" lat="45.5547975610025">
        <ele>2176.28</ele>
      </trkpt>
      <trkpt lon="7.13124181038881" lat="45.5546522140922">
        <ele>2179.12</ele>
      </trkpt>
      <trkpt lon="7.13149304177581" lat="45.5544671229885">
        <ele>2183.74</ele>
      </trkpt>
      <trkpt lon="7.13174990494656" lat="45.5543672729695">
        <ele>2189.59</ele>
      </trkpt>
      <trkpt lon="7.13192530949573" lat="45.5543322487894">
        <ele>2194</ele>
      </trkpt>
      <trkpt lon="7.13200277311792" lat="45.5542912096202">
        <ele>2195.35</ele>
      </trkpt>
      <trkpt lon="7.13209573376833" lat="45.5542774296193">
        <ele>2197</ele>
      </trkpt>
      <trkpt lon="7.13224567967403" lat="45.5542296548723">
        <ele>2200</ele>
      </trkpt>
      <trkpt lon="7.13232069247428" lat="45.5542277333286">
        <ele>2201</ele>
      </trkpt>
      <trkpt lon="7.13255707983154" lat="45.5541463585752">
        <ele>2206</ele>
      </trkpt>
      <trkpt lon="7.13264138259701" lat="45.5541000304506">
        <ele>2208.03</ele>
      </trkpt>
      <trkpt lon="7.13275641209106" lat="45.5540001096109">
        <ele>2211.39</ele>
      </trkpt>
      <trkpt lon="7.13302162523446" lat="45.5539110154984">
        <ele>2216.63</ele>
      </trkpt>
      <trkpt lon="7.13315745483341" lat="45.5538290758674">
        <ele>2219</ele>
      </trkpt>
      <trkpt lon="7.1331853256158" lat="45.5537921779884">
        <ele>2220</ele>
      </trkpt>
      <trkpt lon="7.13326399222387" lat="45.5537418858208">
        <ele>2222</ele>
      </trkpt>
      <trkpt lon="7.13346626214249" lat="45.5536615718745">
        <ele>2224.65</ele>
      </trkpt>
      <trkpt lon="7.13352677304669" lat="45.5535984736536">
        <ele>2226.95</ele>
      </trkpt>
      <trkpt lon="7.13363760395335" lat="45.5535633821794">
        <ele>2228.46</ele>
      </trkpt>
      <trkpt lon="7.1338270699064" lat="45.5535292137126">
        <ele>2231.57</ele>
      </trkpt>
      <trkpt lon="7.13393337366862" lat="45.5534567823677">
        <ele>2234</ele>
      </trkpt>
      <trkpt lon="7.13399069726169" lat="45.5534512383394">
        <ele>2235</ele>
      </trkpt>
      <trkpt lon="7.13408477781915" lat="45.5534151494557">
        <ele>2237.47</ele>
      </trkpt>
      <trkpt lon="7.13440027109984" lat="45.5532622458942">
        <ele>2243.16</ele>
      </trkpt>
      <trkpt lon="7.13443970094339" lat="45.5532012336326">
        <ele>2243.05</ele>
      </trkpt>
      <trkpt lon="7.13444877178791" lat="45.5531400849624">
        <ele>2244</ele>
      </trkpt>
      <trkpt lon="7.13450983573454" lat="45.5530641225349">
        <ele>2246</ele>
      </trkpt>
      <trkpt lon="7.13453375907123" lat="45.553034180348">
        <ele>2247</ele>
      </trkpt>
      <trkpt lon="7.13458594966842" lat="45.5530056884713">
        <ele>2248.15</ele>
      </trkpt>
      <trkpt lon="7.1347035062935" lat="45.5529415407769">
        <ele>2250.83</ele>
      </trkpt>
      <trkpt lon="7.13476354137451" lat="45.5529198408135">
        <ele>2251.38</ele>
      </trkpt>
      <trkpt lon="7.13478148915043" lat="45.5529117630067">
        <ele>2252</ele>
      </trkpt>
      <trkpt lon="7.13483353049182" lat="45.5528451923945">
        <ele>2253</ele>
      </trkpt>
      <trkpt lon="7.13486180129343" lat="45.5528077611726">
        <ele>2254</ele>
      </trkpt>
      <trkpt lon="7.13492778128364" lat="45.5527690525063">
        <ele>2255</ele>
      </trkpt>
      <trkpt lon="7.13507280250649" lat="45.5526995938335">
        <ele>2257</ele>
      </trkpt>
      <trkpt lon="7.13516529974567" lat="45.552660960426">
        <ele>2257</ele>
      </trkpt>
      <trkpt lon="7.13522687165496" lat="45.552604448492">
        <ele>2258</ele>
      </trkpt>
      <trkpt lon="7.13523136456579" lat="45.5525461054035">
        <ele>2259</ele>
      </trkpt>
      <trkpt lon="7.13530626298687" lat="45.5524275225951">
        <ele>2260.8</ele>
      </trkpt>
      <trkpt lon="7.13546270242977" lat="45.5522917318113">
        <ele>2265</ele>
      </trkpt>
      <trkpt lon="7.13546581385928" lat="45.5522790009661">
        <ele>2265.29</ele>
      </trkpt>
      <trkpt lon="7.13548569825476" lat="45.5522471920265">
        <ele>2266.64</ele>
      </trkpt>
      <trkpt lon="7.13550893235544" lat="45.5522341585909">
        <ele>2267.08</ele>
      </trkpt>
      <trkpt lon="7.13555292547477" lat="45.5522094945088">
        <ele>2268.42</ele>
      </trkpt>
      <trkpt lon="7.1355919465838" lat="45.552168457745">
        <ele>2269.87</ele>
      </trkpt>
      <trkpt lon="7.13563359625028" lat="45.5520906478609">
        <ele>2271.21</ele>
      </trkpt>
      <trkpt lon="7.13564344405894" lat="45.5520718169278">
        <ele>2271.01</ele>
      </trkpt>
      <trkpt lon="7.13574810636439" lat="45.5519868435853">
        <ele>2273.54</ele>
      </trkpt>
      <trkpt lon="7.13591191058204" lat="45.5518141769467">
        <ele>2278.71</ele>
      </trkpt>
      <trkpt lon="7.13596619683867" lat="45.5517261335946">
        <ele>2280.72</ele>
      </trkpt>
      <trkpt lon="7.13601344120166" lat="45.5516417541553">
        <ele>2282.24</ele>
      </trkpt>
      <trkpt lon="7.136029228286" lat="45.5516098785076">
        <ele>2282.03</ele>
      </trkpt>
      <trkpt lon="7.13604814895896" lat="45.5515685109853">
        <ele>2281.8</ele>
      </trkpt>
      <trkpt lon="7.13605862477986" lat="45.5515384381092">
        <ele>2282.08</ele>
      </trkpt>
      <trkpt lon="7.13606497271576" lat="45.5515091985474">
        <ele>2283</ele>
      </trkpt>
      <trkpt lon="7.13607985437154" lat="45.5514698365919">
        <ele>2284</ele>
      </trkpt>
      <trkpt lon="7.13612313076624" lat="45.551447319779">
        <ele>2285.11</ele>
      </trkpt>
      <trkpt lon="7.13614538777986" lat="45.5513979993114">
        <ele>2286.91</ele>
      </trkpt>
      <trkpt lon="7.1362519169125" lat="45.5513069369453">
        <ele>2290.01</ele>
      </trkpt>
      <trkpt lon="7.13654583275609" lat="45.551112448797">
        <ele>2299.1</ele>
      </trkpt>
      <trkpt lon="7.1365734753175" lat="45.5510978681431">
        <ele>2299.97</ele>
      </trkpt>
      <trkpt lon="7.13660788445388" lat="45.5510955489737">
        <ele>2300.95</ele>
      </trkpt>
      <trkpt lon="7.13663836544637" lat="45.5511074773464">
        <ele>2301.16</ele>
      </trkpt>
      <trkpt lon="7.13665043749409" lat="45.5511299085823">
        <ele>2301.66</ele>
      </trkpt>
      <trkpt lon="7.13665889818633" lat="45.5511607399942">
        <ele>2303.02</ele>
      </trkpt>
      <trkpt lon="7.13667410907978" lat="45.5511888908486">
        <ele>2303.65</ele>
      </trkpt>
      <trkpt lon="7.13670587035172" lat="45.5512163224009">
        <ele>2304.93</ele>
      </trkpt>
      <trkpt lon="7.13674483149189" lat="45.5512585432832">
        <ele>2306.93</ele>
      </trkpt>
      <trkpt lon="7.13675455369185" lat="45.5512705825687">
        <ele>2307.85</ele>
      </trkpt>
      <trkpt lon="7.13677325124551" lat="45.5512746689636">
        <ele>2308.64</ele>
      </trkpt>
      <trkpt lon="7.13679151557836" lat="45.5512725357536">
        <ele>2309.35</ele>
      </trkpt>
      <trkpt lon="7.13682076639844" lat="45.5512635635895">
        <ele>2310.48</ele>
      </trkpt>
      <trkpt lon="7.13685039206947" lat="45.5512626055191">
        <ele>2311.63</ele>
      </trkpt>
      <trkpt lon="7.13688706489122" lat="45.5512731950293">
        <ele>2312.56</ele>
      </trkpt>
      <trkpt lon="7.1369061705733" lat="45.551288178924">
        <ele>2312.89</ele>
      </trkpt>
      <trkpt lon="7.13691307040854" lat="45.5513043127294">
        <ele>2313.36</ele>
      </trkpt>
      <trkpt lon="7.13691300648117" lat="45.5513062016651">
        <ele>2313.46</ele>
      </trkpt>
      <trkpt lon="7.13690658326982" lat="45.5513493915766">
        <ele>2314.69</ele>
      </trkpt>
      <trkpt lon="7.13690678324058" lat="45.5513511055104">
        <ele>2314.78</ele>
      </trkpt>
      <trkpt lon="7.13690035987728" lat="45.551402037283">
        <ele>2316.51</ele>
      </trkpt>
      <trkpt lon="7.13690681537676" lat="45.5514121348214">
        <ele>2317.24</ele>
      </trkpt>
      <trkpt lon="7.13691440978105" lat="45.5514226990492">
        <ele>2317.87</ele>
      </trkpt>
      <trkpt lon="7.13694140479882" lat="45.551423768782">
        <ele>2318.39</ele>
      </trkpt>
      <trkpt lon="7.13705448100247" lat="45.5513477540795">
        <ele>2321.56</ele>
      </trkpt>
      <trkpt lon="7.13714331986424" lat="45.5513072594787">
        <ele>2324.12</ele>
      </trkpt>
      <trkpt lon="7.13723452780318" lat="45.551288134882">
        <ele>2327.63</ele>
      </trkpt>
      <trkpt lon="7.13727647057414" lat="45.5512789183902">
        <ele>2328.28</ele>
      </trkpt>
      <trkpt lon="7.13728761549185" lat="45.5512673070954">
        <ele>2328.7</ele>
      </trkpt>
      <trkpt lon="7.13729884101448" lat="45.5512532707405">
        <ele>2329.12</ele>
      </trkpt>
      <trkpt lon="7.13728916088846" lat="45.5512205281577">
        <ele>2329.54</ele>
      </trkpt>
      <trkpt lon="7.13727265003218" lat="45.5511890244287">
        <ele>2330.02</ele>
      </trkpt>
      <trkpt lon="7.13727115070632" lat="45.5511529957315">
        <ele>2329.96</ele>
      </trkpt>
      <trkpt lon="7.13728445985661" lat="45.5511263007455">
        <ele>2330</ele>
      </trkpt>
      <trkpt lon="7.13728637663908" lat="45.5511225506699">
        <ele>2329.89</ele>
      </trkpt>
      <trkpt lon="7.13731367469558" lat="45.5511106645247">
        <ele>2330.05</ele>
      </trkpt>
      <trkpt lon="7.13734810050784" lat="45.5511078953443">
        <ele>2330.85</ele>
      </trkpt>
      <trkpt lon="7.13739986268541" lat="45.5511116209393">
        <ele>2332.88</ele>
      </trkpt>
      <trkpt lon="7.13742196869406" lat="45.5511133323076">
        <ele>2333.75</ele>
      </trkpt>
      <trkpt lon="7.13744421367589" lat="45.5511109046844">
        <ele>2334</ele>
      </trkpt>
      <trkpt lon="7.13750603159191" lat="45.5511165915372">
        <ele>2336.03</ele>
      </trkpt>
      <trkpt lon="7.13753827070679" lat="45.5511412396908">
        <ele>2337.32</ele>
      </trkpt>
      <trkpt lon="7.13757630433524" lat="45.5511688657532">
        <ele>2338.62</ele>
      </trkpt>
      <trkpt lon="7.13760993521237" lat="45.5511902055039">
        <ele>2339.18</ele>
      </trkpt>
      <trkpt lon="7.13769091957842" lat="45.5512284294708">
        <ele>2341.27</ele>
      </trkpt>
      <trkpt lon="7.1377270670743" lat="45.5512550332669">
        <ele>2341.83</ele>
      </trkpt>
      <trkpt lon="7.1377563779009" lat="45.551302406963">
        <ele>2343.04</ele>
      </trkpt>
      <trkpt lon="7.13774876807571" lat="45.5513698808062">
        <ele>2344.94</ele>
      </trkpt>
      <trkpt lon="7.13776546633917" lat="45.5514770864384">
        <ele>2349.03</ele>
      </trkpt>
      <trkpt lon="7.13778993921483" lat="45.551612770639">
        <ele>2354.32</ele>
      </trkpt>
      <trkpt lon="7.13780808281267" lat="45.5516762557426">
        <ele>2356</ele>
      </trkpt>
      <trkpt lon="7.13781567721696" lat="45.5516868199704">
        <ele>2356</ele>
      </trkpt>
      <trkpt lon="7.13782381346925" lat="45.5516887534312">
        <ele>2356.17</ele>
      </trkpt>
      <trkpt lon="7.13784737231373" lat="45.5516891370024">
        <ele>2357.09</ele>
      </trkpt>
      <trkpt lon="7.13789729050865" lat="45.5516672674923">
        <ele>2359</ele>
      </trkpt>
      <trkpt lon="7.1379523837699" lat="45.5516478230932">
        <ele>2360.14</ele>
      </trkpt>
      <trkpt lon="7.1380127742464" lat="45.5516346761259">
        <ele>2361.47</ele>
      </trkpt>
      <trkpt lon="7.13807953135275" lat="45.5516305461133">
        <ele>2363.08</ele>
      </trkpt>
      <trkpt lon="7.1381170875942" lat="45.5516377272131">
        <ele>2364.55</ele>
      </trkpt>
      <trkpt lon="7.13814887132916" lat="45.5516529167914">
        <ele>2365.38</ele>
      </trkpt>
      <trkpt lon="7.13816203255795" lat="45.5516616838058">
        <ele>2365.96</ele>
      </trkpt>
      <trkpt lon="7.1381839189867" lat="45.5516700508947">
        <ele>2366.51</ele>
      </trkpt>
      <trkpt lon="7.13820996665393" lat="45.5516765957559">
        <ele>2367.23</ele>
      </trkpt>
      <trkpt lon="7.13825695926419" lat="45.5516812324387">
        <ele>2368.95</ele>
      </trkpt>
      <trkpt lon="7.1382869405568" lat="45.5516773104085">
        <ele>2369.23</ele>
      </trkpt>
      <trkpt lon="7.1384055328702" lat="45.5516358605163">
        <ele>2372.09</ele>
      </trkpt>
      <trkpt lon="7.13842985043727" lat="45.5516172630626">
        <ele>2372.73</ele>
      </trkpt>
      <trkpt lon="7.1384705876725" lat="45.5516056853887">
        <ele>2373.3</ele>
      </trkpt>
      <trkpt lon="7.13849003530778" lat="45.5516064550409">
        <ele>2374.07</ele>
      </trkpt>
      <trkpt lon="7.13850181033187" lat="45.5516184360114">
        <ele>2374.54</ele>
      </trkpt>
      <trkpt lon="7.13850548793856" lat="45.5516312780363">
        <ele>2374.7</ele>
      </trkpt>
      <trkpt lon="7.13850962663811" lat="45.5516455673242">
        <ele>2374.97</ele>
      </trkpt>
      <trkpt lon="7.1385211959802" lat="45.5516637595598">
        <ele>2375.83</ele>
      </trkpt>
      <trkpt lon="7.13854154055159" lat="45.5516801129455">
        <ele>2376.17</ele>
      </trkpt>
      <trkpt lon="7.13858342133743" lat="45.5517153586809">
        <ele>2377</ele>
      </trkpt>
      <trkpt lon="7.13862255750793" lat="45.5517562323089">
        <ele>2377.43</ele>
      </trkpt>
      <trkpt lon="7.13865309070166" lat="45.5517975947548">
        <ele>2378</ele>
      </trkpt>
      <trkpt lon="7.13867815480929" lat="45.5518145648683">
        <ele>2378.67</ele>
      </trkpt>
      <trkpt lon="7.13871595804512" lat="45.5518336323801">
        <ele>2380.17</ele>
      </trkpt>
      <trkpt lon="7.13873757965876" lat="45.5518888923109">
        <ele>2381.09</ele>
      </trkpt>
      <trkpt lon="7.13875888989486" lat="45.5519573775709">
        <ele>2383.01</ele>
      </trkpt>
      <trkpt lon="7.13881267805156" lat="45.5520550166555">
        <ele>2386</ele>
      </trkpt>
      <trkpt lon="7.13885695555511" lat="45.552118654794">
        <ele>2387.03</ele>
      </trkpt>
      <trkpt lon="7.1388815332531" lat="45.55215028916">
        <ele>2388</ele>
      </trkpt>
      <trkpt lon="7.13888729711513" lat="45.552158122746">
        <ele>2388</ele>
      </trkpt>
      <trkpt lon="7.13908251071568" lat="45.5521087400635">
        <ele>2389.06</ele>
      </trkpt>
      <trkpt lon="7.13927997943494" lat="45.5520841441367">
        <ele>2391.51</ele>
      </trkpt>
      <trkpt lon="7.13937199799391" lat="45.5520909535325">
        <ele>2392.38</ele>
      </trkpt>
      <trkpt lon="7.13948403158619" lat="45.5520619066661">
        <ele>2394.46</ele>
      </trkpt>
      <trkpt lon="7.13948403158619" lat="45.5520619066661">
        <ele>2394.46</ele>
      </trkpt>
      <trkpt lon="7.13950278286402" lat="45.5520178362964">
        <ele>2396.06</ele>
      </trkpt>
      <trkpt lon="7.13953927570406" lat="45.5519989889543">
        <ele>2397.29</ele>
      </trkpt>
      <trkpt lon="7.13955262152104" lat="45.5519440293698">
        <ele>2398.97</ele>
      </trkpt>
      <trkpt lon="7.13963171918513" lat="45.5518687171334">
        <ele>2401</ele>
      </trkpt>
      <trkpt lon="7.13982629780737" lat="45.5517609051994">
        <ele>2405.02</ele>
      </trkpt>
      <trkpt lon="7.13985957173203" lat="45.5517114903917">
        <ele>2405.71</ele>
      </trkpt>
      <trkpt lon="7.14002288547083" lat="45.5516192785467">
        <ele>2408.81</ele>
      </trkpt>
      <trkpt lon="7.14006847896941" lat="45.551577086262">
        <ele>2409.63</ele>
      </trkpt>
      <trkpt lon="7.14011692479712" lat="45.5515609529927">
        <ele>2411.5</ele>
      </trkpt>
      <trkpt lon="7.14012787591272" lat="45.5515163964241">
        <ele>2411.08</ele>
      </trkpt>
      <trkpt lon="7.14023177980298" lat="45.5514347398242">
        <ele>2413.73</ele>
      </trkpt>
      <trkpt lon="7.14025528675187" lat="45.551390116709">
        <ele>2413.68</ele>
      </trkpt>
      <trkpt lon="7.14024949383878" lat="45.5513055923076">
        <ele>2413.35</ele>
      </trkpt>
      <trkpt lon="7.14027610395603" lat="45.5512445493655">
        <ele>2414.31</ele>
      </trkpt>
      <trkpt lon="7.14038807491586" lat="45.5511514119999">
        <ele>2418.88</ele>
      </trkpt>
      <trkpt lon="7.14044000801498" lat="45.5510800690444">
        <ele>2420.98</ele>
      </trkpt>
      <trkpt lon="7.14046357284193" lat="45.5509171707368">
        <ele>2425.1</ele>
      </trkpt>
      <trkpt lon="7.14051794286991" lat="45.5508068934938">
        <ele>2428.91</ele>
      </trkpt>
      <trkpt lon="7.14056856995501" lat="45.550615905854">
        <ele>2433.91</ele>
      </trkpt>
      <trkpt lon="7.14066159884418" lat="45.5505220988436">
        <ele>2437.42</ele>
      </trkpt>
      <trkpt lon="7.14073557524344" lat="45.5503922490767">
        <ele>2441.14</ele>
      </trkpt>
      <trkpt lon="7.14089607766337" lat="45.5503074596131">
        <ele>2444.47</ele>
      </trkpt>
      <trkpt lon="7.14095757346326" lat="45.5503073824292">
        <ele>2446.69</ele>
      </trkpt>
      <trkpt lon="7.14106266267416" lat="45.5502673268856">
        <ele>2450.64</ele>
      </trkpt>
      <trkpt lon="7.14111494709069" lat="45.5502707885902">
        <ele>2452</ele>
      </trkpt>
      <trkpt lon="7.1412086917929" lat="45.5502212799216">
        <ele>2454.56</ele>
      </trkpt>
      <trkpt lon="7.14126655407468" lat="45.5502265417254">
        <ele>2457.07</ele>
      </trkpt>
      <trkpt lon="7.14131528649661" lat="45.5501861106264">
        <ele>2457.56</ele>
      </trkpt>
      <trkpt lon="7.1414896610087" lat="45.5501235107434">
        <ele>2462.71</ele>
      </trkpt>
      <trkpt lon="7.14167581024106" lat="45.5500883755532">
        <ele>2467.81</ele>
      </trkpt>
      <trkpt lon="7.14184751982964" lat="45.5500755074489">
        <ele>2471.5</ele>
      </trkpt>
      <trkpt lon="7.14192455179869" lat="45.5500899030012">
        <ele>2473.38</ele>
      </trkpt>
      <trkpt lon="7.14197815308538" lat="45.5500844728285">
        <ele>2474.21</ele>
      </trkpt>
      <trkpt lon="7.14199808096169" lat="45.5501018095681">
        <ele>2475.82</ele>
      </trkpt>
      <trkpt lon="7.14208103838611" lat="45.5500996492063">
        <ele>2477.9</ele>
      </trkpt>
      <trkpt lon="7.14224014817372" lat="45.5499209545929">
        <ele>2482.25</ele>
      </trkpt>
      <trkpt lon="7.14252998465132" lat="45.5498028072111">
        <ele>2489.84</ele>
      </trkpt>
      <trkpt lon="7.14261338607661" lat="45.5496821966564">
        <ele>2493.02</ele>
      </trkpt>
      <trkpt lon="7.14267044584937" lat="45.5496728636414">
        <ele>2493.89</ele>
      </trkpt>
      <trkpt lon="7.14280630866201" lat="45.5495970352753">
        <ele>2496.94</ele>
      </trkpt>
      <trkpt lon="7.14290740858127" lat="45.5495730273184">
        <ele>2497.85</ele>
      </trkpt>
      <trkpt lon="7.14295648257481" lat="45.549537821354">
        <ele>2498.72</ele>
      </trkpt>
      <trkpt lon="7.14308864756219" lat="45.5494885741752">
        <ele>2500.96</ele>
      </trkpt>
      <trkpt lon="7.14314813021384" lat="45.549448495967">
        <ele>2502.09</ele>
      </trkpt>
      <trkpt lon="7.14320315319784" lat="45.5493298546314">
        <ele>2505.21</ele>
      </trkpt>
      <trkpt lon="7.14324723001263" lat="45.5492868261999">
        <ele>2506.85</ele>
      </trkpt>
      <trkpt lon="7.14329000099797" lat="45.5492562897362">
        <ele>2508.37</ele>
      </trkpt>
      <trkpt lon="7.14332880424148" lat="45.5492760933873">
        <ele>2509.91</ele>
      </trkpt>
      <trkpt lon="7.14336260451567" lat="45.5493000443162">
        <ele>2511.26</ele>
      </trkpt>
      <trkpt lon="7.14343865078619" lat="45.5494338678583">
        <ele>2515.06</ele>
      </trkpt>
      <trkpt lon="7.14341113313087" lat="45.5497364863033">
        <ele>2523.9</ele>
      </trkpt>
      <trkpt lon="7.14343226368924" lat="45.5497600509888">
        <ele>2525.57</ele>
      </trkpt>
      <trkpt lon="7.14346100323705" lat="45.5497587179003">
        <ele>2526.7</ele>
      </trkpt>
      <trkpt lon="7.14368193505149" lat="45.5496593397668">
        <ele>2534.19</ele>
      </trkpt>
      <trkpt lon="7.14375511343392" lat="45.5495690770975">
        <ele>2538.93</ele>
      </trkpt>
      <trkpt lon="7.14374511405065" lat="45.5495264287073">
        <ele>2539.35</ele>
      </trkpt>
      <trkpt lon="7.14381932796251" lat="45.5494669695995">
        <ele>2540.22</ele>
      </trkpt>
      <trkpt lon="7.14389339040866" lat="45.5494820345842">
        <ele>2543.21</ele>
      </trkpt>
      <trkpt lon="7.14432505703514" lat="45.5494021895381">
        <ele>2555.82</ele>
      </trkpt>
      <trkpt lon="7.14454724281452" lat="45.5493852773767">
        <ele>2562.33</ele>
      </trkpt>
      <trkpt lon="7.14461155518866" lat="45.5493930726399">
        <ele>2564.22</ele>
      </trkpt>
      <trkpt lon="7.14464809543386" lat="45.5493649528431">
        <ele>2564.78</ele>
      </trkpt>
      <trkpt lon="7.14478391887815" lat="45.549313513978">
        <ele>2568.39</ele>
      </trkpt>
      <trkpt lon="7.14482134741689" lat="45.549316731088">
        <ele>2569.74</ele>
      </trkpt>
      <trkpt lon="7.1448568013384" lat="45.5492982254111">
        <ele>2570.19</ele>
      </trkpt>
      <trkpt lon="7.14492804419945" lat="45.5493172960247">
        <ele>2572.76</ele>
      </trkpt>
      <trkpt lon="7.14502189722856" lat="45.5492682345905">
        <ele>2575.78</ele>
      </trkpt>
      <trkpt lon="7.14513131654152" lat="45.5492561492357">
        <ele>2578.26</ele>
      </trkpt>
      <trkpt lon="7.14537948983492" lat="45.5491969029294">
        <ele>2584.93</ele>
      </trkpt>
      <trkpt lon="7.14550922337513" lat="45.5491903679108">
        <ele>2589.91</ele>
      </trkpt>
      <trkpt lon="7.14564742214301" lat="45.5491251037215">
        <ele>2594.49</ele>
      </trkpt>
      <trkpt lon="7.14567295397142" lat="45.5490888836147">
        <ele>2595.16</ele>
      </trkpt>
      <trkpt lon="7.1458203038156" lat="45.5489790350608">
        <ele>2600.77</ele>
      </trkpt>
      <trkpt lon="7.14588509989921" lat="45.5489682048609">
        <ele>2602.29</ele>
      </trkpt>
      <trkpt lon="7.14594039683283" lat="45.5489033954355">
        <ele>2605.3</ele>
      </trkpt>
      <trkpt lon="7.14602125418181" lat="45.5489027267575">
        <ele>2606.72</ele>
      </trkpt>
      <trkpt lon="7.14606735880601" lat="45.5488603594733">
        <ele>2608.21</ele>
      </trkpt>
      <trkpt lon="7.14609439434376" lat="45.5487783493422">
        <ele>2610.21</ele>
      </trkpt>
      <trkpt lon="7.14613718417527" lat="45.548778324756">
        <ele>2611.89</ele>
      </trkpt>
      <trkpt lon="7.1462267987516" lat="45.5487022792697">
        <ele>2612.55</ele>
      </trkpt>
      <trkpt lon="7.14652405777338" lat="45.5485760484232">
        <ele>2617.71</ele>
      </trkpt>
      <trkpt lon="7.14667603275292" lat="45.5486060589823">
        <ele>2620.51</ele>
      </trkpt>
      <trkpt lon="7.14682148968311" lat="45.5485576536199">
        <ele>2623.22</ele>
      </trkpt>
      <trkpt lon="7.14690450524802" lat="45.5485653907295">
        <ele>2624.58</ele>
      </trkpt>
      <trkpt lon="7.14704997268555" lat="45.5485477694737">
        <ele>2626.95</ele>
      </trkpt>
      <trkpt lon="7.1472100717803" lat="45.5484904195841">
        <ele>2629.24</ele>
      </trkpt>
      <trkpt lon="7.14723551930747" lat="45.5485034340463">
        <ele>2630.71</ele>
      </trkpt>
      <trkpt lon="7.14741588435916" lat="45.5483634239436">
        <ele>2634.26</ele>
      </trkpt>
      <trkpt lon="7.14744501535609" lat="45.5483736189263">
        <ele>2635.41</ele>
      </trkpt>
      <trkpt lon="7.14753823068297" lat="45.5485465102825">
        <ele>2642.27</ele>
      </trkpt>
      <trkpt lon="7.14756869537954" lat="45.5485395326245">
        <ele>2643.01</ele>
      </trkpt>
      <trkpt lon="7.14757412970675" lat="45.5484949760025">
        <ele>2643.21</ele>
      </trkpt>
      <trkpt lon="7.14761531791077" lat="45.5484345276611">
        <ele>2644.13</ele>
      </trkpt>
      <trkpt lon="7.14768963237208" lat="45.5484887491871">
        <ele>2648.11</ele>
      </trkpt>
      <trkpt lon="7.14771497644463" lat="45.5485361450674">
        <ele>2649.16</ele>
      </trkpt>
      <trkpt lon="7.14775738255301" lat="45.5485555570768">
        <ele>2650.83</ele>
      </trkpt>
      <trkpt lon="7.14778021671389" lat="45.5485390041045">
        <ele>2651.71</ele>
      </trkpt>
      <trkpt lon="7.1478175977698" lat="45.5485554521019">
        <ele>2653.18</ele>
      </trkpt>
      <trkpt lon="7.14789977275536" lat="45.5485068294544">
        <ele>2656.33</ele>
      </trkpt>
      <trkpt lon="7.14793523409733" lat="45.5485348582796">
        <ele>2657.75</ele>
      </trkpt>
      <trkpt lon="7.14797741784454" lat="45.5485611037918">
        <ele>2659.5</ele>
      </trkpt>
      <trkpt lon="7.14803307527365" lat="45.5485280729458">
        <ele>2662.54</ele>
      </trkpt>
      <trkpt lon="7.14811376638858" lat="45.5485051703743">
        <ele>2664.29</ele>
      </trkpt>
      <trkpt lon="7.14815115106653" lat="45.5484785922911">
        <ele>2665.1</ele>
      </trkpt>
      <trkpt lon="7.14829612059117" lat="45.5484956163451">
        <ele>2670.78</ele>
      </trkpt>
      <trkpt lon="7.14843919161641" lat="45.5484340272951">
        <ele>2672.95</ele>
      </trkpt>
      <trkpt lon="7.14851600739825" lat="45.5484237527811">
        <ele>2675.01</ele>
      </trkpt>
      <trkpt lon="7.14854603803508" lat="45.5484533121477">
        <ele>2678.51</ele>
      </trkpt>
      <trkpt lon="7.14856918859926" lat="45.5484505373022">
        <ele>2678.72</ele>
      </trkpt>
      <trkpt lon="7.1487300879622" lat="45.5483804176552">
        <ele>2683.65</ele>
      </trkpt>
      <trkpt lon="7.14879058737676" lat="45.5483365726955">
        <ele>2684.52</ele>
      </trkpt>
      <trkpt lon="7.14882790812735" lat="45.548311883548">
        <ele>2684.01</ele>
      </trkpt>
      <trkpt lon="7.14887502581648" lat="45.5483126479125">
        <ele>2685.38</ele>
      </trkpt>
      <trkpt lon="7.14881879813052" lat="45.5483864464436">
        <ele>2688.04</ele>
      </trkpt>
      <trkpt lon="7.14899961896833" lat="45.5483767757298">
        <ele>2693.09</ele>
      </trkpt>
      <trkpt lon="7.14893490233998" lat="45.5484437740079">
        <ele>2694.81</ele>
      </trkpt>
      <trkpt lon="7.14895088284496" lat="45.548464285789">
        <ele>2695.89</ele>
      </trkpt>
      <trkpt lon="7.14922440337581" lat="45.5484327154231">
        <ele>2702.59</ele>
      </trkpt>
      <trkpt lon="7.14927632992828" lat="45.5484118626245">
        <ele>2703.32</ele>
      </trkpt>
      <trkpt lon="7.14941698023979" lat="45.5484122528855">
        <ele>2707.71</ele>
      </trkpt>
      <trkpt lon="7.14953686403446" lat="45.5483817005015">
        <ele>2709.54</ele>
      </trkpt>
      <trkpt lon="7.14958660835055" lat="45.5483024878828">
        <ele>2709.9</ele>
      </trkpt>
      <trkpt lon="7.14964304674246" lat="45.5482495759894">
        <ele>2711.08</ele>
      </trkpt>
      <trkpt lon="7.14974972460665" lat="45.5482233124741">
        <ele>2715.17</ele>
      </trkpt>
      <trkpt lon="7.14981795268544" lat="45.5481429583391">
        <ele>2716.69</ele>
      </trkpt>
      <trkpt lon="7.15003544061138" lat="45.5480113738074">
        <ele>2720.05</ele>
      </trkpt>
      <trkpt lon="7.15010609521557" lat="45.547997576923">
        <ele>2722.41</ele>
      </trkpt>
      <trkpt lon="7.15015516212236" lat="45.5480404062517">
        <ele>2724.76</ele>
      </trkpt>
      <trkpt lon="7.15023314406646" lat="45.548057151872">
        <ele>2728.64</ele>
      </trkpt>
      <trkpt lon="7.15026662577065" lat="45.5480361822252">
        <ele>2729.06</ele>
      </trkpt>
      <trkpt lon="7.15028249871699" lat="45.5480170874549">
        <ele>2728.86</ele>
      </trkpt>
      <trkpt lon="7.15039473761702" lat="45.5480009020244">
        <ele>2731.61</ele>
      </trkpt>
      <trkpt lon="7.15048994304185" lat="45.5479728300192">
        <ele>2733.65</ele>
      </trkpt>
      <trkpt lon="7.15068720415316" lat="45.5479110387112">
        <ele>2737.66</ele>
      </trkpt>
      <trkpt lon="7.15078453428504" lat="45.5479002838282">
        <ele>2739.76</ele>
      </trkpt>
      <trkpt lon="7.15085291061883" lat="45.5479090402659">
        <ele>2742.04</ele>
      </trkpt>
      <trkpt lon="7.15085895752901" lat="45.547931732561">
        <ele>2743.65</ele>
      </trkpt>
      <trkpt lon="7.15089293622608" lat="45.5479230104489">
        <ele>2744.18</ele>
      </trkpt>
      <trkpt lon="7.15089371078726" lat="45.5479462471511">
        <ele>2745.53</ele>
      </trkpt>
      <trkpt lon="7.15094382495141" lat="45.5479884625856">
        <ele>2749.37</ele>
      </trkpt>
      <trkpt lon="7.15094528566688" lat="45.5480102687029">
        <ele>2750.9</ele>
      </trkpt>
      <trkpt lon="7.15109107152119" lat="45.5480453932193">
        <ele>2755.39</ele>
      </trkpt>
      <trkpt lon="7.15119049308438" lat="45.5480489831613">
        <ele>2756.68</ele>
      </trkpt>
      <trkpt lon="7.15122598329442" lat="45.5480214744808">
        <ele>2757.47</ele>
      </trkpt>
      <trkpt lon="7.1513183628845" lat="45.548032781215">
        <ele>2759.64</ele>
      </trkpt>
      <trkpt lon="7.15138678562567" lat="45.5480831248088">
        <ele>2764.11</ele>
      </trkpt>
      <trkpt lon="7.15145979301107" lat="45.5480717946757">
        <ele>2765.25</ele>
      </trkpt>
      <trkpt lon="7.15148484893381" lat="45.5480812007102">
        <ele>2766.72</ele>
      </trkpt>
      <trkpt lon="7.15151669613552" lat="45.5481179908315">
        <ele>2769.04</ele>
      </trkpt>
      <trkpt lon="7.15160669160417" lat="45.5481667929288">
        <ele>2773.39</ele>
      </trkpt>
      <trkpt lon="7.15177280010061" lat="45.5482033260107">
        <ele>2777.11</ele>
      </trkpt>
      <trkpt lon="7.15204951429969" lat="45.5482149150929">
        <ele>2780.95</ele>
      </trkpt>
      <trkpt lon="7.15223819575903" lat="45.5482390314149">
        <ele>2786.43</ele>
      </trkpt>
      <trkpt lon="7.15233871175691" lat="45.5482443491886">
        <ele>2789.57</ele>
      </trkpt>
      <trkpt lon="7.15246613413449" lat="45.548237858593">
        <ele>2793.18</ele>
      </trkpt>
      <trkpt lon="7.15235621065338" lat="45.548320240153">
        <ele>2795.55</ele>
      </trkpt>
      <trkpt lon="7.15239471131231" lat="45.5483298657676">
        <ele>2797.04</ele>
      </trkpt>
      <trkpt lon="7.15253086421948" lat="45.5483344977582">
        <ele>2801.02</ele>
      </trkpt>
      <trkpt lon="7.1525661289832" lat="45.5483294868627">
        <ele>2801.08</ele>
      </trkpt>
      <trkpt lon="7.15282858659871" lat="45.5483774794989">
        <ele>2809.81</ele>
      </trkpt>
      <trkpt lon="7.15289840503317" lat="45.5483657354357">
        <ele>2810.24</ele>
      </trkpt>
      <trkpt lon="7.15334443945016" lat="45.5483863624958">
        <ele>2823.99</ele>
      </trkpt>
      <trkpt lon="7.15338651286276" lat="45.5483729097876">
        <ele>2824.83</ele>
      </trkpt>
      <trkpt lon="7.15341549067965" lat="45.5484034413906">
        <ele>2826.86</ele>
      </trkpt>
      <trkpt lon="7.15360801326041" lat="45.5483180744444">
        <ele>2831.79</ele>
      </trkpt>
      <trkpt lon="7.15359517276671" lat="45.5483854649015">
        <ele>2833.5</ele>
      </trkpt>
      <trkpt lon="7.15363885188625" lat="45.5483660981715">
        <ele>2835.07</ele>
      </trkpt>
      <trkpt lon="7.15372683227448" lat="45.5483317870507">
        <ele>2837.47</ele>
      </trkpt>
      <trkpt lon="7.15370784728065" lat="45.548395119013">
        <ele>2839.35</ele>
      </trkpt>
      <trkpt lon="7.15372500491272" lat="45.5484501233384">
        <ele>2842.13</ele>
      </trkpt>
      <trkpt lon="7.15375198047348" lat="45.5484518180867">
        <ele>2843.54</ele>
      </trkpt>
      <trkpt lon="7.1538840263321" lat="45.5483863538324">
        <ele>2846.61</ele>
      </trkpt>
      <trkpt lon="7.15388795100757" lat="45.5484073016188">
        <ele>2847.91</ele>
      </trkpt>
      <trkpt lon="7.15400089034146" lat="45.5483697934372">
        <ele>2851.08</ele>
      </trkpt>
      <trkpt lon="7.1540686974146" lat="45.5483685468404">
        <ele>2852.98</ele>
      </trkpt>
      <trkpt lon="7.15418071449038" lat="45.5483318331142">
        <ele>2857.25</ele>
      </trkpt>
      <trkpt lon="7.15421402633856" lat="45.5483316528767">
        <ele>2859.1</ele>
      </trkpt>
      <trkpt lon="7.15422809391444" lat="45.54830109669">
        <ele>2859.12</ele>
      </trkpt>
      <trkpt lon="7.15428388700216" lat="45.5482912858728">
        <ele>2862.23</ele>
      </trkpt>
      <trkpt lon="7.15435328952392" lat="45.5483822388293">
        <ele>2867.05</ele>
      </trkpt>
      <trkpt lon="7.15436368838464" lat="45.5484519851262">
        <ele>2868.07</ele>
      </trkpt>
      <trkpt lon="7.15438128023356" lat="45.5484624411148">
        <ele>2868.79</ele>
      </trkpt>
      <trkpt lon="7.15440639768907" lat="45.5484504243895">
        <ele>2870.21</ele>
      </trkpt>
      <trkpt lon="7.15448186209269" lat="45.5485088932556">
        <ele>2876.33</ele>
      </trkpt>
      <trkpt lon="7.15449557667305" lat="45.548489040112">
        <ele>2875.74</ele>
      </trkpt>
      <trkpt lon="7.1546176801389" lat="45.5484494291885">
        <ele>2881.45</ele>
      </trkpt>
      <trkpt lon="7.15461956835892" lat="45.5484856440053">
        <ele>2882.83</ele>
      </trkpt>
      <trkpt lon="7.15468677582513" lat="45.5484636885492">
        <ele>2885.57</ele>
      </trkpt>
      <trkpt lon="7.15482650928628" lat="45.548472426233">
        <ele>2890.4</ele>
      </trkpt>
      <trkpt lon="7.15492595747834" lat="45.548393022424">
        <ele>2894.42</ele>
      </trkpt>
      <trkpt lon="7.15494719102885" lat="45.5484057868391">
        <ele>2895.52</ele>
      </trkpt>
      <trkpt lon="7.15497802540219" lat="45.5483873838977">
        <ele>2897.44</ele>
      </trkpt>
      <trkpt lon="7.15502324298489" lat="45.5483914455488">
        <ele>2900.21</ele>
      </trkpt>
      <trkpt lon="7.15503687325712" lat="45.5484211880945">
        <ele>2901.35</ele>
      </trkpt>
      <trkpt lon="7.15502065001353" lat="45.5484550415654">
        <ele>2903.19</ele>
      </trkpt>
      <trkpt lon="7.15503596683079" lat="45.5484645586194">
        <ele>2905.04</ele>
      </trkpt>
      <trkpt lon="7.15512410889169" lat="45.5484018051191">
        <ele>2905.8</ele>
      </trkpt>
      <trkpt lon="7.15516507636805" lat="45.5484065167453">
        <ele>2908.38</ele>
      </trkpt>
      <trkpt lon="7.15525267882024" lat="45.5483798502573">
        <ele>2912.3</ele>
      </trkpt>
      <trkpt lon="7.15529520691889" lat="45.5484112320129">
        <ele>2915.79</ele>
      </trkpt>
      <trkpt lon="7.15537763005222" lat="45.5483157109675">
        <ele>2919.94</ele>
      </trkpt>
      <trkpt lon="7.15547127084635" lat="45.5483237037418">
        <ele>2926.17</ele>
      </trkpt>
      <trkpt lon="7.15548183809022" lat="45.548306142292">
        <ele>2926.13</ele>
      </trkpt>
      <trkpt lon="7.15554275598368" lat="45.5483119874732">
        <ele>2930.26</ele>
      </trkpt>
      <trkpt lon="7.15555407647372" lat="45.5482713948966">
        <ele>2934.11</ele>
      </trkpt>
      <trkpt lon="7.15564567084875" lat="45.548236150454">
        <ele>2941.03</ele>
      </trkpt>
      <trkpt lon="7.15562805860822" lat="45.548132353232">
        <ele>2947.78</ele>
      </trkpt>
      <trkpt lon="7.15558114127466" lat="45.5481136828643">
        <ele>2947.47</ele>
      </trkpt>
      <trkpt lon="7.1555616747205" lat="45.5480860958717">
        <ele>2948.2</ele>
      </trkpt>
      <trkpt lon="7.15562536301379" lat="45.548046348268">
        <ele>2951.17</ele>
      </trkpt>
      <trkpt lon="7.1556759476039" lat="45.5480390652416">
        <ele>2952.31</ele>
      </trkpt>
      <trkpt lon="7.15575715339078" lat="45.5479768283538">
        <ele>2956.93</ele>
      </trkpt>
      <trkpt lon="7.15570925349532" lat="45.5479177291834">
        <ele>2958.38</ele>
      </trkpt>
      <trkpt lon="7.15579005571693" lat="45.5478951821774">
        <ele>2961.67</ele>
      </trkpt>
      <trkpt lon="7.15581846835936" lat="45.5478490146263">
        <ele>2964.42</ele>
      </trkpt>
      <trkpt lon="7.15587064962722" lat="45.5478712795798">
        <ele>2965.81</ele>
      </trkpt>
      <trkpt lon="7.15589909554721" lat="45.5478279926569">
        <ele>2968.68</ele>
      </trkpt>
      <trkpt lon="7.1559211983156" lat="45.547853282395">
        <ele>2969.4</ele>
      </trkpt>
      <trkpt lon="7.15596069913405" lat="45.5478559022878">
        <ele>2970.56</ele>
      </trkpt>
      <trkpt lon="7.15607810175457" lat="45.5478541061574">
        <ele>2973.41</ele>
      </trkpt>
      <trkpt lon="7.15613793401657" lat="45.5478342812389">
        <ele>2977</ele>
      </trkpt>
      <trkpt lon="7.15622775174807" lat="45.5478808249444">
        <ele>2979.5</ele>
      </trkpt>
      <trkpt lon="7.15624370823615" lat="45.5478511993549">
        <ele>2982.15</ele>
      </trkpt>
      <trkpt lon="7.15628074517052" lat="45.547850808037">
        <ele>2983.55</ele>
      </trkpt>
      <trkpt lon="7.15630869618506" lat="45.5478304661302">
        <ele>2983.21</ele>
      </trkpt>
      <trkpt lon="7.15634773838659" lat="45.5478470280353">
        <ele>2985.34</ele>
      </trkpt>
      <trkpt lon="7.15639091719507" lat="45.547842956129">
        <ele>2986.93</ele>
      </trkpt>
      <trkpt lon="7.15646785867029" lat="45.5477974835098">
        <ele>2988.6</ele>
      </trkpt>
      <trkpt lon="7.15656056091539" lat="45.5477870980356">
        <ele>2991.58</ele>
      </trkpt>
      <trkpt lon="7.1568168158818" lat="45.5476799811602">
        <ele>2996.97</ele>
      </trkpt>
      <trkpt lon="7.15693500756333" lat="45.5475286896161">
        <ele>2997</ele>
      </trkpt>
      <trkpt lon="7.15695675540057" lat="45.5475217507635">
        <ele>2997.56</ele>
      </trkpt>
      <trkpt lon="7.15705394301021" lat="45.5475544608595">
        <ele>3002.17</ele>
      </trkpt>
      <trkpt lon="7.15712207528464" lat="45.5475433195728">
        <ele>3003.17</ele>
      </trkpt>
      <trkpt lon="7.15712207528464" lat="45.5475433195728">
        <ele>3003.17</ele>
      </trkpt>
      <trkpt lon="7.157144558691" lat="45.5475648369977">
        <ele>3005.21</ele>
      </trkpt>
      <trkpt lon="7.15714616579507" lat="45.5476293080769">
        <ele>3006.94</ele>
      </trkpt>
      <trkpt lon="7.15719806880593" lat="45.5476756930779">
        <ele>3008.44</ele>
      </trkpt>
      <trkpt lon="7.15717596156641" lat="45.5477367221744">
        <ele>3007.6</ele>
      </trkpt>
      <trkpt lon="7.15720273893662" lat="45.5477875598216">
        <ele>3005.5</ele>
      </trkpt>
      <trkpt lon="7.15729032849196" lat="45.5477103059518">
        <ele>3002.96</ele>
      </trkpt>
      <trkpt lon="7.15730426103832" lat="45.5477660658205">
        <ele>3000.96</ele>
      </trkpt>
      <trkpt lon="7.15735565153169" lat="45.547741962935">
        <ele>2998.64</ele>
      </trkpt>
      <trkpt lon="7.15747538987088" lat="45.5477627979512">
        <ele>2993.88</ele>
      </trkpt>
      <trkpt lon="7.15752485230981" lat="45.5477506342358">
        <ele>2991.97</ele>
      </trkpt>
      <trkpt lon="7.15756209446698" lat="45.5477674377962">
        <ele>2990.49</ele>
      </trkpt>
      <trkpt lon="7.15766254993188" lat="45.547743224272">
        <ele>2988.33</ele>
      </trkpt>
      <trkpt lon="7.15767917173096" lat="45.547783455999">
        <ele>2986.91</ele>
      </trkpt>
      <trkpt lon="7.15760911071911" lat="45.5479829603313">
        <ele>2987</ele>
      </trkpt>
      <trkpt lon="7.15768106050807" lat="45.5480744911047">
        <ele>2985.55</ele>
      </trkpt>
      <trkpt lon="7.15773115567429" lat="45.5480939337449">
        <ele>2984.48</ele>
      </trkpt>
      <trkpt lon="7.15773714252138" lat="45.5482047421415">
        <ele>2984.14</ele>
      </trkpt>
      <trkpt lon="7.15779620424347" lat="45.548239899152">
        <ele>2984.14</ele>
      </trkpt>
      <trkpt lon="7.15793059076732" lat="45.5482281168242">
        <ele>2980.72</ele>
      </trkpt>
      <trkpt lon="7.15805807352494" lat="45.5482589743893">
        <ele>2978</ele>
      </trkpt>
      <trkpt lon="7.15816157101953" lat="45.5483612779611">
        <ele>2976.34</ele>
      </trkpt>
      <trkpt lon="7.15817390278918" lat="45.5483132296515">
        <ele>2975.92</ele>
      </trkpt>
      <trkpt lon="7.15822761934656" lat="45.5482374977139">
        <ele>2973.31</ele>
      </trkpt>
      <trkpt lon="7.15828206291221" lat="45.5483434175682">
        <ele>2971.66</ele>
      </trkpt>
      <trkpt lon="7.15836990989412" lat="45.5484542878703">
        <ele>2969.05</ele>
      </trkpt>
      <trkpt lon="7.15843219685574" lat="45.5484808558074">
        <ele>2968</ele>
      </trkpt>
      <trkpt lon="7.1585278619859" lat="45.5485249745086">
        <ele>2966.83</ele>
      </trkpt>
      <trkpt lon="7.15861108795405" lat="45.5487106577562">
        <ele>2964.35</ele>
      </trkpt>
      <trkpt lon="7.15871082677427" lat="45.548826128289">
        <ele>2961.31</ele>
      </trkpt>
      <trkpt lon="7.1587319898353" lat="45.548892088484">
        <ele>2960.4</ele>
      </trkpt>
      <trkpt lon="7.15871610469166" lat="45.5489665402002">
        <ele>2959.92</ele>
      </trkpt>
      <trkpt lon="7.15866696035675" lat="45.5490473889773">
        <ele>2958.68</ele>
      </trkpt>
      <trkpt lon="7.1587034445544" lat="45.5490442864749">
        <ele>2957.27</ele>
      </trkpt>
      <trkpt lon="7.15876354102196" lat="45.5490086194943">
        <ele>2956.02</ele>
      </trkpt>
      <trkpt lon="7.15888343739928" lat="45.5489030818934">
        <ele>2954.45</ele>
      </trkpt>
      <trkpt lon="7.15892940637212" lat="45.5488371251264">
        <ele>2952.77</ele>
      </trkpt>
      <trkpt lon="7.1589469414686" lat="45.5487669290886">
        <ele>2951.52</ele>
      </trkpt>
      <trkpt lon="7.15899208222545" lat="45.5487223811846">
        <ele>2949.51</ele>
      </trkpt>
      <trkpt lon="7.15905503673735" lat="45.5488462599057">
        <ele>2947.85</ele>
      </trkpt>
      <trkpt lon="7.15902585595519" lat="45.5491082606484">
        <ele>2942.55</ele>
      </trkpt>
      <trkpt lon="7.15909306095835" lat="45.5492118666793">
        <ele>2939.9</ele>
      </trkpt>
      <trkpt lon="7.15929370382659" lat="45.5493758616304">
        <ele>2934.8</ele>
      </trkpt>
      <trkpt lon="7.15933596169466" lat="45.5494470193825">
        <ele>2933.12</ele>
      </trkpt>
      <trkpt lon="7.15947692502557" lat="45.5497753123271">
        <ele>2926.2</ele>
      </trkpt>
      <trkpt lon="7.15963664735812" lat="45.5499489960143">
        <ele>2921.75</ele>
      </trkpt>
      <trkpt lon="7.1598254777533" lat="45.5500275581496">
        <ele>2916.28</ele>
      </trkpt>
      <trkpt lon="7.15987776904355" lat="45.5501054495014">
        <ele>2914.96</ele>
      </trkpt>
      <trkpt lon="7.15995482015985" lat="45.5501350454354">
        <ele>2913.09</ele>
      </trkpt>
      <trkpt lon="7.16015202746585" lat="45.5502672062204">
        <ele>2909.15</ele>
      </trkpt>
      <trkpt lon="7.16027906527353" lat="45.5504649374175">
        <ele>2906.03</ele>
      </trkpt>
      <trkpt lon="7.16035534870356" lat="45.5505456457391">
        <ele>2902.94</ele>
      </trkpt>
      <trkpt lon="7.16035911355727" lat="45.550642287092">
        <ele>2903.78</ele>
      </trkpt>
      <trkpt lon="7.16040077768837" lat="45.5506767133603">
        <ele>2904.41</ele>
      </trkpt>
      <trkpt lon="7.1604849936137" lat="45.5506674500542">
        <ele>2903.07</ele>
      </trkpt>
      <trkpt lon="7.16053875294804" lat="45.5506767758091">
        <ele>2902.7</ele>
      </trkpt>
      <trkpt lon="7.1606548572255" lat="45.5507306727317">
        <ele>2900.01</ele>
      </trkpt>
      <trkpt lon="7.16068299601362" lat="45.5507673989268">
        <ele>2899.72</ele>
      </trkpt>
      <trkpt lon="7.1606904556886" lat="45.550848978826">
        <ele>2899.47</ele>
      </trkpt>
      <trkpt lon="7.16073774408718" lat="45.5509270590231">
        <ele>2897.44</ele>
      </trkpt>
      <trkpt lon="7.16081706120069" lat="45.5509933253447">
        <ele>2895.35</ele>
      </trkpt>
      <trkpt lon="7.16090619578378" lat="45.5510296854546">
        <ele>2891.82</ele>
      </trkpt>
      <trkpt lon="7.16093563044489" lat="45.5511366412041">
        <ele>2891.2</ele>
      </trkpt>
      <trkpt lon="7.16104504590017" lat="45.5511796294546">
        <ele>2886.87</ele>
      </trkpt>
      <trkpt lon="7.16106533495579" lat="45.5511939077876">
        <ele>2886.01</ele>
      </trkpt>
      <trkpt lon="7.16106247182778" lat="45.5512935019283">
        <ele>2886.84</ele>
      </trkpt>
      <trkpt lon="7.16110688999378" lat="45.5514085330259">
        <ele>2883.51</ele>
      </trkpt>
      <trkpt lon="7.16110770493527" lat="45.5514973852658">
        <ele>2883.42</ele>
      </trkpt>
      <trkpt lon="7.16119557978386" lat="45.5516037526776">
        <ele>2881.79</ele>
      </trkpt>
      <trkpt lon="7.16149905327327" lat="45.5517382562175">
        <ele>2875.93</ele>
      </trkpt>
      <trkpt lon="7.1614391908979" lat="45.5515939047893">
        <ele>2870.53</ele>
      </trkpt>
      <trkpt lon="7.16146732227073" lat="45.5515838270308">
        <ele>2869.72</ele>
      </trkpt>
      <trkpt lon="7.16138948941807" lat="45.5514719484666">
        <ele>2867.7</ele>
      </trkpt>
      <trkpt lon="7.16138491711591" lat="45.5513292976167">
        <ele>2866.07</ele>
      </trkpt>
      <trkpt lon="7.16146756114506" lat="45.5511600580545">
        <ele>2862.49</ele>
      </trkpt>
      <trkpt lon="7.16148448065468" lat="45.5510341356107">
        <ele>2859.24</ele>
      </trkpt>
      <trkpt lon="7.16151275115775" lat="45.5510119103262">
        <ele>2858.03</ele>
      </trkpt>
      <trkpt lon="7.16157670845153" lat="45.5511367029693">
        <ele>2855.51</ele>
      </trkpt>
      <trkpt lon="7.16161533148763" lat="45.5512801708361">
        <ele>2853.76</ele>
      </trkpt>
      <trkpt lon="7.16167595382685" lat="45.5513422646496">
        <ele>2851.79</ele>
      </trkpt>
      <trkpt lon="7.16202675184804" lat="45.5515537678042">
        <ele>2843.89</ele>
      </trkpt>
      <trkpt lon="7.16216817524918" lat="45.5516524438747">
        <ele>2840.61</ele>
      </trkpt>
      <trkpt lon="7.16227713231537" lat="45.5516977627349">
        <ele>2837.72</ele>
      </trkpt>
      <trkpt lon="7.16234266304154" lat="45.5517626344436">
        <ele>2837.48</ele>
      </trkpt>
      <trkpt lon="7.1627202272317" lat="45.552029561472">
        <ele>2830.57</ele>
      </trkpt>
      <trkpt lon="7.16304788750257" lat="45.5524402416285">
        <ele>2821.44</ele>
      </trkpt>
      <trkpt lon="7.16321323092751" lat="45.5525362428636">
        <ele>2819.84</ele>
      </trkpt>
      <trkpt lon="7.16324850642139" lat="45.5525506713454">
        <ele>2819.23</ele>
      </trkpt>
      <trkpt lon="7.16329431024832" lat="45.5525486161818">
        <ele>2817.87</ele>
      </trkpt>
      <trkpt lon="7.16318595811317" lat="45.5523942168093">
        <ele>2814.01</ele>
      </trkpt>
      <trkpt lon="7.16319256694485" lat="45.5522346434201">
        <ele>2811.05</ele>
      </trkpt>
      <trkpt lon="7.16322478566892" lat="45.5521659420062">
        <ele>2809.25</ele>
      </trkpt>
      <trkpt lon="7.16325040660191" lat="45.5521188299597">
        <ele>2807.67</ele>
      </trkpt>
      <trkpt lon="7.16325434524773" lat="45.5519940490854">
        <ele>2804.95</ele>
      </trkpt>
      <trkpt lon="7.16328599749222" lat="45.5517735799645">
        <ele>2799.99</ele>
      </trkpt>
      <trkpt lon="7.1633628623768" lat="45.5516675252669">
        <ele>2796.13</ele>
      </trkpt>
      <trkpt lon="7.16340398998072" lat="45.5515809651573">
        <ele>2793.88</ele>
      </trkpt>
      <trkpt lon="7.16371778958958" lat="45.5513868188744">
        <ele>2790.64</ele>
      </trkpt>
      <trkpt lon="7.1638980451026" lat="45.5513081658662">
        <ele>2788.95</ele>
      </trkpt>
      <trkpt lon="7.16411320666755" lat="45.5512433996561">
        <ele>2785.39</ele>
      </trkpt>
      <trkpt lon="7.16419102067927" lat="45.5511829016676">
        <ele>2784</ele>
      </trkpt>
      <trkpt lon="7.16425083178541" lat="45.5511087059385">
        <ele>2782.18</ele>
      </trkpt>
      <trkpt lon="7.16427636447028" lat="45.5510288264013">
        <ele>2780.29</ele>
      </trkpt>
      <trkpt lon="7.16426000718911" lat="45.5509568244342">
        <ele>2780.02</ele>
      </trkpt>
      <trkpt lon="7.16432315734141" lat="45.5508783591857">
        <ele>2775.63</ele>
      </trkpt>
      <trkpt lon="7.16442397097344" lat="45.5510046438898">
        <ele>2772.56</ele>
      </trkpt>
      <trkpt lon="7.16448146875173" lat="45.5510408536895">
        <ele>2771.21</ele>
      </trkpt>
      <trkpt lon="7.1645744438491" lat="45.5511402793096">
        <ele>2769.4</ele>
      </trkpt>
      <trkpt lon="7.16459895405857" lat="45.5512137619485">
        <ele>2768.46</ele>
      </trkpt>
      <trkpt lon="7.16461253885074" lat="45.5512962502633">
        <ele>2767.12</ele>
      </trkpt>
      <trkpt lon="7.16466754911992" lat="45.5512593304241">
        <ele>2766</ele>
      </trkpt>
      <trkpt lon="7.16477117330684" lat="45.5509923136087">
        <ele>2759.86</ele>
      </trkpt>
      <trkpt lon="7.16468082971382" lat="45.5508474729843">
        <ele>2757.64</ele>
      </trkpt>
      <trkpt lon="7.16470120562936" lat="45.5508236781394">
        <ele>2756.51</ele>
      </trkpt>
      <trkpt lon="7.16497437686553" lat="45.5510390528616">
        <ele>2751.04</ele>
      </trkpt>
      <trkpt lon="7.16509746705863" lat="45.5512523760789">
        <ele>2747.96</ele>
      </trkpt>
      <trkpt lon="7.16520363897257" lat="45.5513872999409">
        <ele>2745.64</ele>
      </trkpt>
      <trkpt lon="7.16518508363781" lat="45.5514968136234">
        <ele>2744.23</ele>
      </trkpt>
      <trkpt lon="7.16528307907292" lat="45.5516979418471">
        <ele>2740.73</ele>
      </trkpt>
      <trkpt lon="7.16530331686143" lat="45.551776757912">
        <ele>2739.02</ele>
      </trkpt>
      <trkpt lon="7.16532770068" lat="45.5517793998811">
        <ele>2738.96</ele>
      </trkpt>
      <trkpt lon="7.16537134405344" lat="45.5517413965712">
        <ele>2737.65</ele>
      </trkpt>
      <trkpt lon="7.16538504867553" lat="45.5516627669509">
        <ele>2735.63</ele>
      </trkpt>
      <trkpt lon="7.16536103800723" lat="45.5516132349185">
        <ele>2735.22</ele>
      </trkpt>
      <trkpt lon="7.16537653325249" lat="45.5515898094801">
        <ele>2735.33</ele>
      </trkpt>
      <trkpt lon="7.16562604364789" lat="45.5517648385153">
        <ele>2731</ele>
      </trkpt>
      <trkpt lon="7.16577073521372" lat="45.5517908350139">
        <ele>2728</ele>
      </trkpt>
      <trkpt lon="7.16593771105957" lat="45.5519351958128">
        <ele>2724.42</ele>
      </trkpt>
      <trkpt lon="7.16616782833058" lat="45.5520211613118">
        <ele>2722</ele>
      </trkpt>
      <trkpt lon="7.1662254230049" lat="45.5520741104218">
        <ele>2721.9</ele>
      </trkpt>
      <trkpt lon="7.16629854349826" lat="45.5521027396269">
        <ele>2721</ele>
      </trkpt>
      <trkpt lon="7.16640637648324" lat="45.552099971157">
        <ele>2719</ele>
      </trkpt>
      <trkpt lon="7.16650200918043" lat="45.5520981748157">
        <ele>2717.05</ele>
      </trkpt>
      <trkpt lon="7.1665229795251" lat="45.5520758300129">
        <ele>2715.74</ele>
      </trkpt>
      <trkpt lon="7.1665048462148" lat="45.552054295963">
        <ele>2716</ele>
      </trkpt>
      <trkpt lon="7.16638928780929" lat="45.5519282250103">
        <ele>2713.81</ele>
      </trkpt>
      <trkpt lon="7.16637630354926" lat="45.5518192832589">
        <ele>2713.11</ele>
      </trkpt>
      <trkpt lon="7.16626557423939" lat="45.5516314524681">
        <ele>2711.89</ele>
      </trkpt>
      <trkpt lon="7.16619072110602" lat="45.5515655334207">
        <ele>2710.94</ele>
      </trkpt>
      <trkpt lon="7.16620396054366" lat="45.5515524248862">
        <ele>2710.07</ele>
      </trkpt>
      <trkpt lon="7.16637786363238" lat="45.5515902302976">
        <ele>2708.35</ele>
      </trkpt>
      <trkpt lon="7.16655366952958" lat="45.551628607964">
        <ele>2707</ele>
      </trkpt>
      <trkpt lon="7.16671281718913" lat="45.5516434043211">
        <ele>2706.27</ele>
      </trkpt>
      <trkpt lon="7.16685122821321" lat="45.5516616477863">
        <ele>2705</ele>
      </trkpt>
      <trkpt lon="7.16689154805984" lat="45.5516864182434">
        <ele>2704.7</ele>
      </trkpt>
      <trkpt lon="7.16693225896893" lat="45.551742428378">
        <ele>2703.42</ele>
      </trkpt>
      <trkpt lon="7.16699452353339" lat="45.5517779020943">
        <ele>2702.62</ele>
      </trkpt>
      <trkpt lon="7.16703567877651" lat="45.5518400401649">
        <ele>2702</ele>
      </trkpt>
      <trkpt lon="7.16705803370324" lat="45.5518971973728">
        <ele>2701</ele>
      </trkpt>
      <trkpt lon="7.16711113081584" lat="45.5519624050807">
        <ele>2699.47</ele>
      </trkpt>
      <trkpt lon="7.16720437505818" lat="45.5520774060948">
        <ele>2699</ele>
      </trkpt>
      <trkpt lon="7.16728248547086" lat="45.5522007155045">
        <ele>2695.63</ele>
      </trkpt>
      <trkpt lon="7.16736763229577" lat="45.5523165747952">
        <ele>2693.09</ele>
      </trkpt>
      <trkpt lon="7.16742948518223" lat="45.552380485333">
        <ele>2692.52</ele>
      </trkpt>
      <trkpt lon="7.16745599856967" lat="45.5524358175353">
        <ele>2691.41</ele>
      </trkpt>
      <trkpt lon="7.16746840098639" lat="45.5524681490232">
        <ele>2691</ele>
      </trkpt>
      <trkpt lon="7.16748034285582" lat="45.5524712214383">
        <ele>2691</ele>
      </trkpt>
      <trkpt lon="7.16750030446922" lat="45.5524680298847">
        <ele>2690.64</ele>
      </trkpt>
      <trkpt lon="7.16757594112037" lat="45.5523838257239">
        <ele>2688.79</ele>
      </trkpt>
      <trkpt lon="7.16758198872466" lat="45.5523711393526">
        <ele>2688.53</ele>
      </trkpt>
      <trkpt lon="7.16761833201554" lat="45.5523291497608">
        <ele>2687.21</ele>
      </trkpt>
      <trkpt lon="7.16765938889866" lat="45.5523075746163">
        <ele>2686.88</ele>
      </trkpt>
      <trkpt lon="7.16769881219929" lat="45.5522968663957">
        <ele>2686.11</ele>
      </trkpt>
      <trkpt lon="7.16774824676485" lat="45.5522895583574">
        <ele>2686</ele>
      </trkpt>
      <trkpt lon="7.16783511774227" lat="45.5523089541302">
        <ele>2684.77</ele>
      </trkpt>
      <trkpt lon="7.16791808311643" lat="45.5523263970384">
        <ele>2684.13</ele>
      </trkpt>
      <trkpt lon="7.1680182348371" lat="45.5523511375186">
        <ele>2684</ele>
      </trkpt>
      <trkpt lon="7.16815444224467" lat="45.5524096680857">
        <ele>2682</ele>
      </trkpt>
      <trkpt lon="7.16822041275069" lat="45.5524296275592">
        <ele>2680.83</ele>
      </trkpt>
      <trkpt lon="7.16840087147213" lat="45.5524708692315">
        <ele>2678.22</ele>
      </trkpt>
      <trkpt lon="7.16848618947216" lat="45.5524986985345">
        <ele>2678.03</ele>
      </trkpt>
      <trkpt lon="7.16871648779566" lat="45.5525595495154">
        <ele>2677</ele>
      </trkpt>
      <trkpt lon="7.16887632917157" lat="45.5526122496093">
        <ele>2676.75</ele>
      </trkpt>
      <trkpt lon="7.1689633855226" lat="45.5526694518893">
        <ele>2676</ele>
      </trkpt>
      <trkpt lon="7.16905491449845" lat="45.5527111538232">
        <ele>2675.32</ele>
      </trkpt>
      <trkpt lon="7.16921531447945" lat="45.5527506285902">
        <ele>2675.7</ele>
      </trkpt>
      <trkpt lon="7.16934915227287" lat="45.5528151537294">
        <ele>2674</ele>
      </trkpt>
      <trkpt lon="7.16951361265506" lat="45.5528953795595">
        <ele>2673.17</ele>
      </trkpt>
      <trkpt lon="7.16965804417487" lat="45.5530084060198">
        <ele>2671</ele>
      </trkpt>
      <trkpt lon="7.16977290005248" lat="45.5531209599596">
        <ele>2669.07</ele>
      </trkpt>
      <trkpt lon="7.16993928702007" lat="45.5532641346122">
        <ele>2666.68</ele>
      </trkpt>
      <trkpt lon="7.17010612426765" lat="45.5533935422566">
        <ele>2664.77</ele>
      </trkpt>
      <trkpt lon="7.17021028550568" lat="45.55350403493">
        <ele>2663.57</ele>
      </trkpt>
      <trkpt lon="7.17032766317297" lat="45.553641470075">
        <ele>2659.81</ele>
      </trkpt>
      <trkpt lon="7.17041455390469" lat="45.5537866995651">
        <ele>2656.26</ele>
      </trkpt>
      <trkpt lon="7.17045570836912" lat="45.5538885330776">
        <ele>2654.5</ele>
      </trkpt>
      <trkpt lon="7.17047968846009" lat="45.5539391429147">
        <ele>2653.5</ele>
      </trkpt>
      <trkpt lon="7.17050921939553" lat="45.5539529379917">
        <ele>2653.06</ele>
      </trkpt>
      <trkpt lon="7.1705123838723" lat="45.5539265234698">
        <ele>2652.24</ele>
      </trkpt>
      <trkpt lon="7.17058581560184" lat="45.5538075350801">
        <ele>2650.02</ele>
      </trkpt>
      <trkpt lon="7.17067281267309" lat="45.553629717566">
        <ele>2646.35</ele>
      </trkpt>
      <trkpt lon="7.17068764031133" lat="45.5533702750802">
        <ele>2643.07</ele>
      </trkpt>
      <trkpt lon="7.17071133396682" lat="45.5532954956531">
        <ele>2642</ele>
      </trkpt>
      <trkpt lon="7.1707258289732" lat="45.5532831260382">
        <ele>2641.5</ele>
      </trkpt>
      <trkpt lon="7.17076424608734" lat="45.5533034546987">
        <ele>2640.9</ele>
      </trkpt>
      <trkpt lon="7.17085533495743" lat="45.5535483033989">
        <ele>2637.33</ele>
      </trkpt>
      <trkpt lon="7.17089605149823" lat="45.5536004412142">
        <ele>2636.68</ele>
      </trkpt>
      <trkpt lon="7.17093637574055" lat="45.5536843464905">
        <ele>2635</ele>
      </trkpt>
      <trkpt lon="7.17100494438728" lat="45.5538020084439">
        <ele>2632.18</ele>
      </trkpt>
      <trkpt lon="7.17103882463847" lat="45.5538555684509">
        <ele>2630.85</ele>
      </trkpt>
      <trkpt lon="7.17111386129302" lat="45.553912126154">
        <ele>2630.3</ele>
      </trkpt>
      <trkpt lon="7.17120029526364" lat="45.5539766980577">
        <ele>2629.92</ele>
      </trkpt>
      <trkpt lon="7.17126941572694" lat="45.5540023771499">
        <ele>2629.15</ele>
      </trkpt>
      <trkpt lon="7.17136229430664" lat="45.5540657935314">
        <ele>2628.62</ele>
      </trkpt>
      <trkpt lon="7.17140709464733" lat="45.5540987336816">
        <ele>2628.53</ele>
      </trkpt>
      <trkpt lon="7.17152201229259" lat="45.5541778923387">
        <ele>2626.89</ele>
      </trkpt>
      <trkpt lon="7.17158645128114" lat="45.5542451724308">
        <ele>2625.5</ele>
      </trkpt>
      <trkpt lon="7.1716107625211" lat="45.5542659037426">
        <ele>2624.95</ele>
      </trkpt>
      <trkpt lon="7.17167576829811" lat="45.554327611478">
        <ele>2624.01</ele>
      </trkpt>
      <trkpt lon="7.17174498002043" lat="45.5543741744292">
        <ele>2623</ele>
      </trkpt>
      <trkpt lon="7.17182543595103" lat="45.5544454019978">
        <ele>2622.34</ele>
      </trkpt>
      <trkpt lon="7.17187325839415" lat="45.554487842416">
        <ele>2621.81</ele>
      </trkpt>
      <trkpt lon="7.17194036447988" lat="45.5545361720578">
        <ele>2620.82</ele>
      </trkpt>
      <trkpt lon="7.17204154044613" lat="45.55460053021">
        <ele>2620</ele>
      </trkpt>
      <trkpt lon="7.17213853579083" lat="45.5546635577328">
        <ele>2618.84</ele>
      </trkpt>
      <trkpt lon="7.17222490876559" lat="45.5547221878199">
        <ele>2617</ele>
      </trkpt>
      <trkpt lon="7.17227685901607" lat="45.5547677561345">
        <ele>2616.31</ele>
      </trkpt>
      <trkpt lon="7.17234199558634" lat="45.554817494126">
        <ele>2615</ele>
      </trkpt>
      <trkpt lon="7.17238599233546" lat="45.5548910158437">
        <ele>2612.94</ele>
      </trkpt>
      <trkpt lon="7.17240528801316" lat="45.5549914157754">
        <ele>2612</ele>
      </trkpt>
      <trkpt lon="7.17242233406575" lat="45.5550701790306">
        <ele>2610.6</ele>
      </trkpt>
      <trkpt lon="7.17251390904663" lat="45.5551739853032">
        <ele>2607.43</ele>
      </trkpt>
      <trkpt lon="7.17258583904873" lat="45.5552829692936">
        <ele>2605.69</ele>
      </trkpt>
      <trkpt lon="7.17265929508514" lat="45.5553409436837">
        <ele>2605.66</ele>
      </trkpt>
      <trkpt lon="7.17279527340192" lat="45.5554661620355">
        <ele>2603.2</ele>
      </trkpt>
      <trkpt lon="7.17289751398492" lat="45.5556362089648">
        <ele>2600.99</ele>
      </trkpt>
      <trkpt lon="7.17299730744088" lat="45.5557986556794">
        <ele>2598</ele>
      </trkpt>
      <trkpt lon="7.17300836734598" lat="45.5558725493099">
        <ele>2596.15</ele>
      </trkpt>
      <trkpt lon="7.17304870262542" lat="45.5559602352371">
        <ele>2595</ele>
      </trkpt>
      <trkpt lon="7.17315567625425" lat="45.5561502493806">
        <ele>2593</ele>
      </trkpt>
      <trkpt lon="7.17325597165119" lat="45.5562143214061">
        <ele>2592.72</ele>
      </trkpt>
      <trkpt lon="7.17340527796098" lat="45.5563435344319">
        <ele>2592</ele>
      </trkpt>
      <trkpt lon="7.17341986575046" lat="45.5565575427284">
        <ele>2589.32</ele>
      </trkpt>
      <trkpt lon="7.17332581056993" lat="45.5567159874658">
        <ele>2586.91</ele>
      </trkpt>
      <trkpt lon="7.17333155095203" lat="45.556787908773">
        <ele>2586.6</ele>
      </trkpt>
      <trkpt lon="7.17337598717347" lat="45.556832182538">
        <ele>2585.89</ele>
      </trkpt>
      <trkpt lon="7.17350470911657" lat="45.5568493647717">
        <ele>2583.77</ele>
      </trkpt>
      <trkpt lon="7.17361443656482" lat="45.5568477880167">
        <ele>2582</ele>
      </trkpt>
      <trkpt lon="7.1737554793219" lat="45.5568089995187">
        <ele>2580</ele>
      </trkpt>
      <trkpt lon="7.17384725420818" lat="45.5567762634736">
        <ele>2579.02</ele>
      </trkpt>
      <trkpt lon="7.17391910447054" lat="45.556701984525">
        <ele>2577.97</ele>
      </trkpt>
      <trkpt lon="7.17408006382534" lat="45.556689074648">
        <ele>2576</ele>
      </trkpt>
      <trkpt lon="7.17441106543858" lat="45.5566953585662">
        <ele>2571.98</ele>
      </trkpt>
      <trkpt lon="7.17451283112431" lat="45.5567180462327">
        <ele>2570.46</ele>
      </trkpt>
      <trkpt lon="7.17470426373048" lat="45.5568284897504">
        <ele>2568</ele>
      </trkpt>
      <trkpt lon="7.17480109045362" lat="45.5568493884352">
        <ele>2566.74</ele>
      </trkpt>
      <trkpt lon="7.17541435326171" lat="45.5571683773886">
        <ele>2558</ele>
      </trkpt>
      <trkpt lon="7.17559376296977" lat="45.5575829506545">
        <ele>2555.1</ele>
      </trkpt>
      <trkpt lon="7.17585690730866" lat="45.5577422433163">
        <ele>2551.99</ele>
      </trkpt>
      <trkpt lon="7.17617176516917" lat="45.5579783300753">
        <ele>2547.26</ele>
      </trkpt>
      <trkpt lon="7.17632169083998" lat="45.5581124987874">
        <ele>2545.3</ele>
      </trkpt>
      <trkpt lon="7.17637824434798" lat="45.5581387861066">
        <ele>2545</ele>
      </trkpt>
      <trkpt lon="7.17655886388136" lat="45.5581954976139">
        <ele>2542.47</ele>
      </trkpt>
      <trkpt lon="7.17681308028768" lat="45.5582110754666">
        <ele>2538</ele>
      </trkpt>
      <trkpt lon="7.17718967577694" lat="45.5582975590639">
        <ele>2533.49</ele>
      </trkpt>
      <trkpt lon="7.17718148863865" lat="45.5583407211804">
        <ele>2533.4</ele>
      </trkpt>
      <trkpt lon="7.17721534433614" lat="45.5583715056152">
        <ele>2533.04</ele>
      </trkpt>
      <trkpt lon="7.1773891103567" lat="45.5584579900265">
        <ele>2531.47</ele>
      </trkpt>
      <trkpt lon="7.17744003628087" lat="45.5584680741063">
        <ele>2531</ele>
      </trkpt>
      <trkpt lon="7.17757849748192" lat="45.5584773951255">
        <ele>2529.8</ele>
      </trkpt>
      <trkpt lon="7.17788153217334" lat="45.5584653088668">
        <ele>2527.27</ele>
      </trkpt>
      <trkpt lon="7.17829278224941" lat="45.558498510905">
        <ele>2523.77</ele>
      </trkpt>
      <trkpt lon="7.1784115573992" lat="45.5584826755459">
        <ele>2521.79</ele>
      </trkpt>
      <trkpt lon="7.1784115573992" lat="45.5584826755459">
        <ele>2521.79</ele>
      </trkpt>
      <trkpt lon="7.17859664430757" lat="45.5585083085376">
        <ele>2521.05</ele>
      </trkpt>
      <trkpt lon="7.17902920676827" lat="45.5585005375302">
        <ele>2518.02</ele>
      </trkpt>
      <trkpt lon="7.17939606400706" lat="45.5585435616076">
        <ele>2516</ele>
      </trkpt>
      <trkpt lon="7.17955140918212" lat="45.5586807832267">
        <ele>2514.49</ele>
      </trkpt>
      <trkpt lon="7.17977976823201" lat="45.558759131851">
        <ele>2512.45</ele>
      </trkpt>
      <trkpt lon="7.18011736264714" lat="45.5589981800158">
        <ele>2510</ele>
      </trkpt>
      <trkpt lon="7.18011736264714" lat="45.5589981800158">
        <ele>2510</ele>
      </trkpt>
      <trkpt lon="7.18029512050971" lat="45.5590802226875">
        <ele>2508.3</ele>
      </trkpt>
      <trkpt lon="7.18037964301031" lat="45.5591609588682">
        <ele>2507.28</ele>
      </trkpt>
      <trkpt lon="7.18036938930348" lat="45.5591967985585">
        <ele>2506.94</ele>
      </trkpt>
      <trkpt lon="7.18039822379467" lat="45.5593117517266">
        <ele>2505</ele>
      </trkpt>
      <trkpt lon="7.18044560436573" lat="45.5593641729472">
        <ele>2504.73</ele>
      </trkpt>
      <trkpt lon="7.18048327508227" lat="45.5594832263039">
        <ele>2502.53</ele>
      </trkpt>
      <trkpt lon="7.18046775975442" lat="45.5595391470036">
        <ele>2501.77</ele>
      </trkpt>
      <trkpt lon="7.18054987991069" lat="45.5595950908713">
        <ele>2500.57</ele>
      </trkpt>
      <trkpt lon="7.18065388409988" lat="45.5596399541168">
        <ele>2500</ele>
      </trkpt>
      <trkpt lon="7.18081392410224" lat="45.5597629365348">
        <ele>2498</ele>
      </trkpt>
      <trkpt lon="7.18097582885691" lat="45.5598440040286">
        <ele>2497</ele>
      </trkpt>
      <trkpt lon="7.18118477484312" lat="45.5600000821963">
        <ele>2494</ele>
      </trkpt>
      <trkpt lon="7.18121376075208" lat="45.5600429391096">
        <ele>2493</ele>
      </trkpt>
      <trkpt lon="7.18132387592917" lat="45.5601009471891">
        <ele>2491.48</ele>
      </trkpt>
      <trkpt lon="7.18136057027706" lat="45.5601470792593">
        <ele>2491</ele>
      </trkpt>
      <trkpt lon="7.18140787959214" lat="45.5601501714617">
        <ele>2490</ele>
      </trkpt>
      <trkpt lon="7.18143212666471" lat="45.5601850309059">
        <ele>2489.21</ele>
      </trkpt>
      <trkpt lon="7.18152205563297" lat="45.5602253494565">
        <ele>2487</ele>
      </trkpt>
      <trkpt lon="7.18173107869244" lat="45.5602758416381">
        <ele>2483.42</ele>
      </trkpt>
      <trkpt lon="7.18190712080129" lat="45.5604510144117">
        <ele>2479.99</ele>
      </trkpt>
      <trkpt lon="7.18195773131115" lat="45.5605385004338">
        <ele>2478.37</ele>
      </trkpt>
      <trkpt lon="7.18216675665392" lat="45.5607557829185">
        <ele>2475</ele>
      </trkpt>
      <trkpt lon="7.18225675217377" lat="45.5608020432857">
        <ele>2474.05</ele>
      </trkpt>
      <trkpt lon="7.18237477154342" lat="45.5610799819695">
        <ele>2470.3</ele>
      </trkpt>
      <trkpt lon="7.18239676085858" lat="45.5612245302599">
        <ele>2468.26</ele>
      </trkpt>
      <trkpt lon="7.18241993557966" lat="45.5612647731624">
        <ele>2467.3</ele>
      </trkpt>
      <trkpt lon="7.18246118037788" lat="45.5612930631616">
        <ele>2467</ele>
      </trkpt>
      <trkpt lon="7.18253185765295" lat="45.5613980609294">
        <ele>2464.98</ele>
      </trkpt>
      <trkpt lon="7.1825793941097" lat="45.5614338317331">
        <ele>2463.87</ele>
      </trkpt>
      <trkpt lon="7.18274316875206" lat="45.5616359911776">
        <ele>2460.94</ele>
      </trkpt>
      <trkpt lon="7.18280613860365" lat="45.5616859597098">
        <ele>2457.7</ele>
      </trkpt>
      <trkpt lon="7.18294634900067" lat="45.5618798214955">
        <ele>2453.46</ele>
      </trkpt>
      <trkpt lon="7.18298524959139" lat="45.561893402769">
        <ele>2452.01</ele>
      </trkpt>
      <trkpt lon="7.18328145387462" lat="45.5621493342917">
        <ele>2446.57</ele>
      </trkpt>
      <trkpt lon="7.18334314831174" lat="45.5622189949732">
        <ele>2445.05</ele>
      </trkpt>
      <trkpt lon="7.18338015318414" lat="45.5622953722512">
        <ele>2443.53</ele>
      </trkpt>
      <trkpt lon="7.18355084048832" lat="45.562426260527">
        <ele>2437.41</ele>
      </trkpt>
      <trkpt lon="7.18358727786753" lat="45.5625441249534">
        <ele>2437.25</ele>
      </trkpt>
      <trkpt lon="7.18361915555014" lat="45.5625847762838">
        <ele>2436.88</ele>
      </trkpt>
      <trkpt lon="7.18383826797554" lat="45.5627638717957">
        <ele>2429.12</ele>
      </trkpt>
      <trkpt lon="7.18416284415109" lat="45.5629269123696">
        <ele>2420.86</ele>
      </trkpt>
      <trkpt lon="7.18423012486663" lat="45.5629943202709">
        <ele>2420.12</ele>
      </trkpt>
      <trkpt lon="7.18437185706892" lat="45.5630695707567">
        <ele>2418.27</ele>
      </trkpt>
      <trkpt lon="7.18453114881926" lat="45.5632442044663">
        <ele>2414.37</ele>
      </trkpt>
      <trkpt lon="7.18486512855275" lat="45.563378049953">
        <ele>2411</ele>
      </trkpt>
      <trkpt lon="7.1850001946868" lat="45.5635568863115">
        <ele>2408.74</ele>
      </trkpt>
      <trkpt lon="7.1850641341241" lat="45.5636007463663">
        <ele>2409</ele>
      </trkpt>
      <trkpt lon="7.18576416747479" lat="45.5638197947608">
        <ele>2401.75</ele>
      </trkpt>
      <trkpt lon="7.18602220330071" lat="45.563840995014">
        <ele>2399.85</ele>
      </trkpt>
      <trkpt lon="7.18626081001365" lat="45.563908424019">
        <ele>2397.02</ele>
      </trkpt>
      <trkpt lon="7.18637780347679" lat="45.563948265042">
        <ele>2394.84</ele>
      </trkpt>
      <trkpt lon="7.18650439256738" lat="45.5640801612497">
        <ele>2392.95</ele>
      </trkpt>
      <trkpt lon="7.18667031487306" lat="45.5641206916526">
        <ele>2389.48</ele>
      </trkpt>
      <trkpt lon="7.18678078535238" lat="45.564192022293">
        <ele>2387.75</ele>
      </trkpt>
      <trkpt lon="7.18691683277025" lat="45.564193281975">
        <ele>2387</ele>
      </trkpt>
      <trkpt lon="7.18709086176842" lat="45.5641849751176">
        <ele>2384.92</ele>
      </trkpt>
      <trkpt lon="7.18732656425604" lat="45.5643229225338">
        <ele>2381.33</ele>
      </trkpt>
      <trkpt lon="7.18741677927491" lat="45.5643666578399">
        <ele>2382.67</ele>
      </trkpt>
      <trkpt lon="7.18763853388971" lat="45.5643805297799">
        <ele>2385.76</ele>
      </trkpt>
      <trkpt lon="7.18772247275672" lat="45.5644759218794">
        <ele>2383.14</ele>
      </trkpt>
      <trkpt lon="7.18783097641893" lat="45.5645527137491">
        <ele>2382.68</ele>
      </trkpt>
      <trkpt lon="7.18806333046227" lat="45.5646076173786">
        <ele>2380.95</ele>
      </trkpt>
      <trkpt lon="7.18810308335141" lat="45.5646465909654">
        <ele>2380.29</ele>
      </trkpt>
      <trkpt lon="7.18811335487488" lat="45.5646937394723">
        <ele>2379.77</ele>
      </trkpt>
      <trkpt lon="7.18813074240191" lat="45.5647826752097">
        <ele>2377.05</ele>
      </trkpt>
      <trkpt lon="7.18819302492139" lat="45.5648941063917">
        <ele>2376.43</ele>
      </trkpt>
      <trkpt lon="7.18823587542674" lat="45.5649164795911">
        <ele>2376.49</ele>
      </trkpt>
      <trkpt lon="7.18825568670868" lat="45.5649300245679">
        <ele>2377.23</ele>
      </trkpt>
      <trkpt lon="7.18830361523105" lat="45.5649459087645">
        <ele>2377.17</ele>
      </trkpt>
      <trkpt lon="7.18838593573995" lat="45.5649841188553">
        <ele>2376.96</ele>
      </trkpt>
      <trkpt lon="7.18846966112849" lat="45.5650583548654">
        <ele>2377.56</ele>
      </trkpt>
      <trkpt lon="7.18853355847801" lat="45.5651236349028">
        <ele>2376.87</ele>
      </trkpt>
      <trkpt lon="7.18855484127054" lat="45.5651751002915">
        <ele>2376.58</ele>
      </trkpt>
      <trkpt lon="7.18856383283585" lat="45.5651903646512">
        <ele>2376.79</ele>
      </trkpt>
      <trkpt lon="7.18861151953803" lat="45.5652138018132">
        <ele>2375.34</ele>
      </trkpt>
      <trkpt lon="7.18868953896973" lat="45.5653020797877">
        <ele>2373.9</ele>
      </trkpt>
      <trkpt lon="7.18871754416763" lat="45.5653517618633">
        <ele>2373.43</ele>
      </trkpt>
      <trkpt lon="7.18880087286401" lat="45.565398538846">
        <ele>2372.57</ele>
      </trkpt>
      <trkpt lon="7.18890924341968" lat="45.5654636248646">
        <ele>2371.11</ele>
      </trkpt>
      <trkpt lon="7.18898874117177" lat="45.5655259105334">
        <ele>2370.88</ele>
      </trkpt>
      <trkpt lon="7.18905248086979" lat="45.5655562646913">
        <ele>2371.31</ele>
      </trkpt>
      <trkpt lon="7.18922888116356" lat="45.5655978563335">
        <ele>2371</ele>
      </trkpt>
      <trkpt lon="7.1893249577124" lat="45.565626832992">
        <ele>2370.38</ele>
      </trkpt>
      <trkpt lon="7.18947434067831" lat="45.5656717772347">
        <ele>2369.18</ele>
      </trkpt>
      <trkpt lon="7.18953288593205" lat="45.5656962895288">
        <ele>2368.19</ele>
      </trkpt>
      <trkpt lon="7.18957698073057" lat="45.5657277713027">
        <ele>2367.43</ele>
      </trkpt>
      <trkpt lon="7.1896150391985" lat="45.5657636586844">
        <ele>2366.9</ele>
      </trkpt>
      <trkpt lon="7.1896943817643" lat="45.5658069522076">
        <ele>2364.75</ele>
      </trkpt>
      <trkpt lon="7.18979596050405" lat="45.5658720187156">
        <ele>2362.76</ele>
      </trkpt>
      <trkpt lon="7.18986905318486" lat="45.5659024312989">
        <ele>2361.97</ele>
      </trkpt>
      <trkpt lon="7.18997093289722" lat="45.5659182687944">
        <ele>2360.93</ele>
      </trkpt>
      <trkpt lon="7.19005422902089" lat="45.5659262475791">
        <ele>2360.54</ele>
      </trkpt>
      <trkpt lon="7.19018588171544" lat="45.565936796341">
        <ele>2360.46</ele>
      </trkpt>
      <trkpt lon="7.19035913522033" lat="45.5659527734199">
        <ele>2361</ele>
      </trkpt>
      <trkpt lon="7.19046101771061" lat="45.5659686081376">
        <ele>2360.97</ele>
      </trkpt>
      <trkpt lon="7.19064650407106" lat="45.5660226751814">
        <ele>2360.88</ele>
      </trkpt>
      <trkpt lon="7.19077968942586" lat="45.5660692498638">
        <ele>2361.36</ele>
      </trkpt>
      <trkpt lon="7.19087127674815" lat="45.5661103962293">
        <ele>2361.95</ele>
      </trkpt>
      <trkpt lon="7.19106927947689" lat="45.5661937307967">
        <ele>2363.57</ele>
      </trkpt>
      <trkpt lon="7.19119752524207" lat="45.5662704700785">
        <ele>2364.05</ele>
      </trkpt>
      <trkpt lon="7.19129124791297" lat="45.5663528758353">
        <ele>2363.9</ele>
      </trkpt>
      <trkpt lon="7.19142527859564" lat="45.5664969446437">
        <ele>2364.17</ele>
      </trkpt>
      <trkpt lon="7.19153204535513" lat="45.5666121374622">
        <ele>2364.04</ele>
      </trkpt>
      <trkpt lon="7.19164337004536" lat="45.5667529670805">
        <ele>2364.03</ele>
      </trkpt>
      <trkpt lon="7.19178307356454" lat="45.5668721019837">
        <ele>2363</ele>
      </trkpt>
      <trkpt lon="7.19188613770769" lat="45.5669749083439">
        <ele>2363</ele>
      </trkpt>
      <trkpt lon="7.19194066183135" lat="45.5670808115342">
        <ele>2363</ele>
      </trkpt>
      <trkpt lon="7.19200013380394" lat="45.5671603335537">
        <ele>2363</ele>
      </trkpt>
      <trkpt lon="7.19212184698708" lat="45.5673330112956">
        <ele>2362</ele>
      </trkpt>
      <trkpt lon="7.1921759791953" lat="45.567451150901">
        <ele>2361.15</ele>
      </trkpt>
      <trkpt lon="7.19219509758742" lat="45.5675262529743">
        <ele>2361</ele>
      </trkpt>
      <trkpt lon="7.1922525849684" lat="45.5676676681974">
        <ele>2359.61</ele>
      </trkpt>
      <trkpt lon="7.19227043310956" lat="45.5677824434781">
        <ele>2359.77</ele>
      </trkpt>
      <trkpt lon="7.19227296675173" lat="45.5679111078487">
        <ele>2359</ele>
      </trkpt>
      <trkpt lon="7.19227607567835" lat="45.5680259218766">
        <ele>2358.24</ele>
      </trkpt>
      <trkpt lon="7.19223944808256" lat="45.5681170627025">
        <ele>2358</ele>
      </trkpt>
      <trkpt lon="7.19217152232304" lat="45.5682210285478">
        <ele>2356.03</ele>
      </trkpt>
      <trkpt lon="7.19210775788156" lat="45.5683191220635">
        <ele>2353.94</ele>
      </trkpt>
      <trkpt lon="7.1921056856002" lat="45.5683198081718">
        <ele>2353.93</ele>
      </trkpt>
      <trkpt lon="7.19210666321375" lat="45.568329275086">
        <ele>2353.65</ele>
      </trkpt>
      <trkpt lon="7.19197129263325" lat="45.5685182257485">
        <ele>2350</ele>
      </trkpt>
      <trkpt lon="7.19181215627145" lat="45.5687769140456">
        <ele>2347</ele>
      </trkpt>
      <trkpt lon="7.19169492619984" lat="45.5689036827647">
        <ele>2345</ele>
      </trkpt>
      <trkpt lon="7.1915947700763" lat="45.5689616832535">
        <ele>2343.35</ele>
      </trkpt>
      <trkpt lon="7.19130592008911" lat="45.5690612524051">
        <ele>2338.21</ele>
      </trkpt>
      <trkpt lon="7.19109782553543" lat="45.5691161934387">
        <ele>2335.74</ele>
      </trkpt>
      <trkpt lon="7.19107268791713" lat="45.5691647610831">
        <ele>2334.01</ele>
      </trkpt>
      <trkpt lon="7.19113412748928" lat="45.5691989486486">
        <ele>2333.17</ele>
      </trkpt>
      <trkpt lon="7.19132358387795" lat="45.5693692769877">
        <ele>2328.24</ele>
      </trkpt>
      <trkpt lon="7.19136630851863" lat="45.5694355707348">
        <ele>2327</ele>
      </trkpt>
      <trkpt lon="7.19150935681682" lat="45.5702491009087">
        <ele>2315.37</ele>
      </trkpt>
      <trkpt lon="7.19157371662018" lat="45.5703880161359">
        <ele>2313.84</ele>
      </trkpt>
      <trkpt lon="7.19175844427144" lat="45.5706019260809">
        <ele>2310.21</ele>
      </trkpt>
      <trkpt lon="7.19190614462179" lat="45.5708914875697">
        <ele>2306</ele>
      </trkpt>
      <trkpt lon="7.1919200262482" lat="45.5709940486164">
        <ele>2304.5</ele>
      </trkpt>
      <trkpt lon="7.19189706876634" lat="45.5710664141027">
        <ele>2303.33</ele>
      </trkpt>
      <trkpt lon="7.19190711318242" lat="45.5712206708566">
        <ele>2301</ele>
      </trkpt>
      <trkpt lon="7.19190545744071" lat="45.5712282960323">
        <ele>2301</ele>
      </trkpt>
      <trkpt lon="7.19190717131913" lat="45.5712307544441">
        <ele>2301</ele>
      </trkpt>
      <trkpt lon="7.19194853065441" lat="45.5713676832877">
        <ele>2298.83</ele>
      </trkpt>
      <trkpt lon="7.1919902774012" lat="45.5715803195944">
        <ele>2294.94</ele>
      </trkpt>
      <trkpt lon="7.1920161240268" lat="45.57178127212">
        <ele>2292.84</ele>
      </trkpt>
      <trkpt lon="7.19203842334186" lat="45.5718412127321">
        <ele>2292.68</ele>
      </trkpt>
      <trkpt lon="7.19215130405265" lat="45.5721015981505">
        <ele>2289</ele>
      </trkpt>
      <trkpt lon="7.19224626157166" lat="45.5722497277949">
        <ele>2287.4</ele>
      </trkpt>
      <trkpt lon="7.19232571358856" lat="45.5723777206716">
        <ele>2286</ele>
      </trkpt>
      <trkpt lon="7.1923434494155" lat="45.5724121161527">
        <ele>2286</ele>
      </trkpt>
      <trkpt lon="7.19242949359037" lat="45.5725224808722">
        <ele>2285.19</ele>
      </trkpt>
      <trkpt lon="7.19249695179262" lat="45.5726049169316">
        <ele>2284.89</ele>
      </trkpt>
      <trkpt lon="7.19251756756987" lat="45.5726733827419">
        <ele>2285</ele>
      </trkpt>
      <trkpt lon="7.1925452605915" lat="45.5727769717261">
        <ele>2284.79</ele>
      </trkpt>
      <trkpt lon="7.19258623799662" lat="45.5728419765353">
        <ele>2284</ele>
      </trkpt>
      <trkpt lon="7.19258261837632" lat="45.5728468710678">
        <ele>2284.05</ele>
      </trkpt>
      <trkpt lon="7.19258801564695" lat="45.5728504656549">
        <ele>2284.01</ele>
      </trkpt>
      <trkpt lon="7.19263887876491" lat="45.5729468630159">
        <ele>2283.93</ele>
      </trkpt>
      <trkpt lon="7.19269587588836" lat="45.5730159041928">
        <ele>2283</ele>
      </trkpt>
      <trkpt lon="7.19280619324407" lat="45.5731046880491">
        <ele>2281.2</ele>
      </trkpt>
      <trkpt lon="7.19295256595477" lat="45.5732441818631">
        <ele>2278.31</ele>
      </trkpt>
      <trkpt lon="7.19303152955445" lat="45.5733475935615">
        <ele>2277.11</ele>
      </trkpt>
      <trkpt lon="7.19306449848928" lat="45.5734105815759">
        <ele>2276</ele>
      </trkpt>
      <trkpt lon="7.19308075395331" lat="45.5735750164241">
        <ele>2272</ele>
      </trkpt>
      <trkpt lon="7.19306180103433" lat="45.5737024416674">
        <ele>2269</ele>
      </trkpt>
      <trkpt lon="7.19302318207957" lat="45.5737756403565">
        <ele>2267</ele>
      </trkpt>
      <trkpt lon="7.19298890319639" lat="45.5737934599173">
        <ele>2266.58</ele>
      </trkpt>
      <trkpt lon="7.1929431266256" lat="45.5738220768604">
        <ele>2265.95</ele>
      </trkpt>
      <trkpt lon="7.19284205697967" lat="45.5738603546223">
        <ele>2264.73</ele>
      </trkpt>
      <trkpt lon="7.19262548018705" lat="45.5739914919346">
        <ele>2261.26</ele>
      </trkpt>
      <trkpt lon="7.19253222373589" lat="45.5740739042155">
        <ele>2257.73</ele>
      </trkpt>
      <trkpt lon="7.19246556877801" lat="45.5741101155919">
        <ele>2256.76</ele>
      </trkpt>
      <trkpt lon="7.1922547908799" lat="45.5743040795404">
        <ele>2250.66</ele>
      </trkpt>
      <trkpt lon="7.19223554760235" lat="45.5743645336522">
        <ele>2249</ele>
      </trkpt>
      <trkpt lon="7.19212098757469" lat="45.5744637100373">
        <ele>2247.68</ele>
      </trkpt>
      <trkpt lon="7.19195683831207" lat="45.5746663357662">
        <ele>2241.76</ele>
      </trkpt>
      <trkpt lon="7.19187498590774" lat="45.5746969024091">
        <ele>2240.95</ele>
      </trkpt>
      <trkpt lon="7.19171300460809" lat="45.5748359237816">
        <ele>2237</ele>
      </trkpt>
      <trkpt lon="7.19144466033283" lat="45.5749504879537">
        <ele>2233.95</ele>
      </trkpt>
      <trkpt lon="7.19124775341729" lat="45.5752231623494">
        <ele>2229</ele>
      </trkpt>
      <trkpt lon="7.19103912214626" lat="45.5754498354747">
        <ele>2227.17</ele>
      </trkpt>
      <trkpt lon="7.1910098981033" lat="45.5755097672546">
        <ele>2227</ele>
      </trkpt>
      <trkpt lon="7.19100585375468" lat="45.5757833352069">
        <ele>2225.36</ele>
      </trkpt>
      <trkpt lon="7.1909250930424" lat="45.5759553248617">
        <ele>2225.69</ele>
      </trkpt>
      <trkpt lon="7.19085870445117" lat="45.5760071116325">
        <ele>2225.4</ele>
      </trkpt>
      <trkpt lon="7.19064614769896" lat="45.5761123844444">
        <ele>2226.2</ele>
      </trkpt>
      <trkpt lon="7.19038472944521" lat="45.5761826809035">
        <ele>2225.57</ele>
      </trkpt>
      <trkpt lon="7.1901621059966" lat="45.5762781644828">
        <ele>2222.49</ele>
      </trkpt>
      <trkpt lon="7.19005648558726" lat="45.5763502097166">
        <ele>2219.96</ele>
      </trkpt>
      <trkpt lon="7.18982468125455" lat="45.5764521183686">
        <ele>2219.43</ele>
      </trkpt>
      <trkpt lon="7.18971943847041" lat="45.5765323582566">
        <ele>2221.7</ele>
      </trkpt>
      <trkpt lon="7.18960221193317" lat="45.576762007342">
        <ele>2217.31</ele>
      </trkpt>
      <trkpt lon="7.18953462583218" lat="45.5768270916578">
        <ele>2218</ele>
      </trkpt>
      <trkpt lon="7.18949500969297" lat="45.5770387104857">
        <ele>2216.45</ele>
      </trkpt>
      <trkpt lon="7.18957426009308" lat="45.577248788759">
        <ele>2213</ele>
      </trkpt>
      <trkpt lon="7.18955110647953" lat="45.5774068397323">
        <ele>2212</ele>
      </trkpt>
      <trkpt lon="7.18955169527161" lat="45.5774124315453">
        <ele>2212</ele>
      </trkpt>
      <trkpt lon="7.18957466116459" lat="45.5776190980769">
        <ele>2211</ele>
      </trkpt>
      <trkpt lon="7.18960139611061" lat="45.577708453361">
        <ele>2210</ele>
      </trkpt>
      <trkpt lon="7.18964800426747" lat="45.5777697692434">
        <ele>2209.9</ele>
      </trkpt>
      <trkpt lon="7.18967314540427" lat="45.5778249819867">
        <ele>2209</ele>
      </trkpt>
      <trkpt lon="7.18966856915251" lat="45.5778835973056">
        <ele>2208</ele>
      </trkpt>
      <trkpt lon="7.18977384720309" lat="45.5781293739513">
        <ele>2204.18</ele>
      </trkpt>
      <trkpt lon="7.18981899062269" lat="45.5782322519761">
        <ele>2203.31</ele>
      </trkpt>
      <trkpt lon="7.18998342072052" lat="45.5784401699091">
        <ele>2200</ele>
      </trkpt>
      <trkpt lon="7.19011130704655" lat="45.5785728022612">
        <ele>2198</ele>
      </trkpt>
      <trkpt lon="7.19019324960329" lat="45.5786194681173">
        <ele>2197.22</ele>
      </trkpt>
      <trkpt lon="7.19025598674209" lat="45.5786375636244">
        <ele>2197</ele>
      </trkpt>
      <trkpt lon="7.19038060100863" lat="45.5786167643078">
        <ele>2195</ele>
      </trkpt>
      <trkpt lon="7.19047451001721" lat="45.5785463356678">
        <ele>2193</ele>
      </trkpt>
      <trkpt lon="7.19062595201407" lat="45.5784166005376">
        <ele>2190</ele>
      </trkpt>
      <trkpt lon="7.19074081786254" lat="45.5783042877137">
        <ele>2187.26</ele>
      </trkpt>
      <trkpt lon="7.19093769160911" lat="45.5781647388876">
        <ele>2184</ele>
      </trkpt>
      <trkpt lon="7.19094108624576" lat="45.5781587609924">
        <ele>2183.71</ele>
      </trkpt>
      <trkpt lon="7.19101022778955" lat="45.5781011713244">
        <ele>2182.45</ele>
      </trkpt>
      <trkpt lon="7.19104743187784" lat="45.5780761960564">
        <ele>2182</ele>
      </trkpt>
      <trkpt lon="7.19108790783173" lat="45.5780730574805">
        <ele>2182</ele>
      </trkpt>
      <trkpt lon="7.19112921400578" lat="45.5780879332546">
        <ele>2181.38</ele>
      </trkpt>
      <trkpt lon="7.19119422038033" lat="45.5781192068929">
        <ele>2181</ele>
      </trkpt>
      <trkpt lon="7.19127224899856" lat="45.5781640087753">
        <ele>2180.2</ele>
      </trkpt>
      <trkpt lon="7.19134588281711" lat="45.5782219692794">
        <ele>2179.14</ele>
      </trkpt>
      <trkpt lon="7.19137344328302" lat="45.5782857739289">
        <ele>2178.24</ele>
      </trkpt>
      <trkpt lon="7.19133941052628" lat="45.5783596726804">
        <ele>2176.92</ele>
      </trkpt>
      <trkpt lon="7.19117860595468" lat="45.5785534398862">
        <ele>2173.87</ele>
      </trkpt>
      <trkpt lon="7.19112974753947" lat="45.5787857008109">
        <ele>2168.63</ele>
      </trkpt>
      <trkpt lon="7.19107023743858" lat="45.5789503793769">
        <ele>2169</ele>
      </trkpt>
      <trkpt lon="7.19108154329415" lat="45.5790892635354">
        <ele>2169</ele>
      </trkpt>
      <trkpt lon="7.19111425830653" lat="45.5793517121205">
        <ele>2169</ele>
      </trkpt>
      <trkpt lon="7.19107875000859" lat="45.5794515115092">
        <ele>2169</ele>
      </trkpt>
      <trkpt lon="7.19109975644431" lat="45.579571736959">
        <ele>2169</ele>
      </trkpt>
      <trkpt lon="7.19117410823755" lat="45.5798468168207">
        <ele>2169</ele>
      </trkpt>
      <trkpt lon="7.19117410823755" lat="45.5798468168207">
        <ele>2169</ele>
      </trkpt>
      <trkpt lon="7.19132722261109" lat="45.5798525712258">
        <ele>2168</ele>
      </trkpt>
      <trkpt lon="7.19146393948199" lat="45.5798541975905">
        <ele>2167</ele>
      </trkpt>
      <trkpt lon="7.19159482817631" lat="45.5798695909117">
        <ele>2166</ele>
      </trkpt>
      <trkpt lon="7.19168529658656" lat="45.5798823643312">
        <ele>2166</ele>
      </trkpt>
      <trkpt lon="7.19177451443939" lat="45.5799221217507">
        <ele>2166.08</ele>
      </trkpt>
      <trkpt lon="7.19187232614755" lat="45.5800015302509">
        <ele>2168</ele>
      </trkpt>
      <trkpt lon="7.19190919081645" lat="45.5800031945386">
        <ele>2168</ele>
      </trkpt>
      <trkpt lon="7.19207684623662" lat="45.5799153883976">
        <ele>2168</ele>
      </trkpt>
      <trkpt lon="7.19261213594798" lat="45.5797671537406">
        <ele>2167</ele>
      </trkpt>
      <trkpt lon="7.1927695723467" lat="45.5796463300034">
        <ele>2168</ele>
      </trkpt>
      <trkpt lon="7.19301761566409" lat="45.5795578135118">
        <ele>2165.52</ele>
      </trkpt>
      <trkpt lon="7.19305690941663" lat="45.5794956984409">
        <ele>2163.47</ele>
      </trkpt>
      <trkpt lon="7.1931567436067" lat="45.5795641566851">
        <ele>2161.9</ele>
      </trkpt>
      <trkpt lon="7.19319155823282" lat="45.5795656987276">
        <ele>2161.99</ele>
      </trkpt>
      <trkpt lon="7.19323399979208" lat="45.5794773496939">
        <ele>2157.97</ele>
      </trkpt>
      <trkpt lon="7.19336040408239" lat="45.5794007684359">
        <ele>2152.4</ele>
      </trkpt>
      <trkpt lon="7.19360568566792" lat="45.5794822395268">
        <ele>2148.89</ele>
      </trkpt>
      <trkpt lon="7.19358655894133" lat="45.5794072263436">
        <ele>2146.61</ele>
      </trkpt>
      <trkpt lon="7.19366830301741" lat="45.5793762958014">
        <ele>2142.98</ele>
      </trkpt>
      <trkpt lon="7.19375089504238" lat="45.5794507818081">
        <ele>2141.41</ele>
      </trkpt>
      <trkpt lon="7.1938369873255" lat="45.5795160509502">
        <ele>2140.53</ele>
      </trkpt>
      <trkpt lon="7.19386879700058" lat="45.5794834309931">
        <ele>2137.93</ele>
      </trkpt>
      <trkpt lon="7.19389501084818" lat="45.5793734923704">
        <ele>2133.88</ele>
      </trkpt>
      <trkpt lon="7.19374072599095" lat="45.5791363960237">
        <ele>2129.56</ele>
      </trkpt>
      <trkpt lon="7.19373592068267" lat="45.5791184066357">
        <ele>2129</ele>
      </trkpt>
      <trkpt lon="7.19374656830243" lat="45.5791101148636">
        <ele>2129</ele>
      </trkpt>
      <trkpt lon="7.19378606640789" lat="45.5791094791189">
        <ele>2127.46</ele>
      </trkpt>
      <trkpt lon="7.19385247844292" lat="45.5791369915651">
        <ele>2126</ele>
      </trkpt>
      <trkpt lon="7.19393614814543" lat="45.5792177944077">
        <ele>2125.43</ele>
      </trkpt>
      <trkpt lon="7.19403232951555" lat="45.5792843025675">
        <ele>2125</ele>
      </trkpt>
      <trkpt lon="7.19403664006469" lat="45.579317764562">
        <ele>2125</ele>
      </trkpt>
      <trkpt lon="7.19408709345482" lat="45.5793432268021">
        <ele>2123.85</ele>
      </trkpt>
      <trkpt lon="7.19419360977026" lat="45.5793392388442">
        <ele>2122.12</ele>
      </trkpt>
      <trkpt lon="7.19429490376934" lat="45.5793341813644">
        <ele>2120.33</ele>
      </trkpt>
      <trkpt lon="7.1943376134534" lat="45.5793133423648">
        <ele>2119.69</ele>
      </trkpt>
      <trkpt lon="7.1943815406541" lat="45.5792505801003">
        <ele>2119</ele>
      </trkpt>
      <trkpt lon="7.1944637598451" lat="45.5790728514257">
        <ele>2114.07</ele>
      </trkpt>
      <trkpt lon="7.19463960241321" lat="45.5789414248222">
        <ele>2111.35</ele>
      </trkpt>
      <trkpt lon="7.19463960241321" lat="45.5789414248222">
        <ele>2111.35</ele>
      </trkpt>
      <trkpt lon="7.19474932189233" lat="45.578921378158">
        <ele>2110</ele>
      </trkpt>
      <trkpt lon="7.19481403774982" lat="45.5788937780903">
        <ele>2109.09</ele>
      </trkpt>
      <trkpt lon="7.19482443877468" lat="45.5788532577273">
        <ele>2108.27</ele>
      </trkpt>
      <trkpt lon="7.19481793576571" lat="45.5787162486624">
        <ele>2106.19</ele>
      </trkpt>
      <trkpt lon="7.1948808324379" lat="45.5786734065271">
        <ele>2104.3</ele>
      </trkpt>
      <trkpt lon="7.19491035882362" lat="45.5786359808715">
        <ele>2104</ele>
      </trkpt>
      <trkpt lon="7.19495152266029" lat="45.5785433789408">
        <ele>2104</ele>
      </trkpt>
      <trkpt lon="7.19497332010201" lat="45.5784151898162">
        <ele>2103.42</ele>
      </trkpt>
      <trkpt lon="7.19501904147331" lat="45.5783683863038">
        <ele>2103</ele>
      </trkpt>
      <trkpt lon="7.19522077405306" lat="45.5782088370215">
        <ele>2101</ele>
      </trkpt>
      <trkpt lon="7.19537946951201" lat="45.5780523874004">
        <ele>2099</ele>
      </trkpt>
      <trkpt lon="7.19544647492667" lat="45.5779933171189">
        <ele>2098.44</ele>
      </trkpt>
      <trkpt lon="7.1955226853777" lat="45.5779710284072">
        <ele>2098</ele>
      </trkpt>
      <trkpt lon="7.19558061220047" lat="45.5779432310466">
        <ele>2097</ele>
      </trkpt>
      <trkpt lon="7.1956720462136" lat="45.5778697884178">
        <ele>2095.44</ele>
      </trkpt>
      <trkpt lon="7.19582924412973" lat="45.5777279835951">
        <ele>2092.75</ele>
      </trkpt>
      <trkpt lon="7.19591079681238" lat="45.5776829165844">
        <ele>2092.03</ele>
      </trkpt>
      <trkpt lon="7.195974346363" lat="45.5776356771225">
        <ele>2091.71</ele>
      </trkpt>
      <trkpt lon="7.19601290353946" lat="45.5775964098414">
        <ele>2090.99</ele>
      </trkpt>
      <trkpt lon="7.19606337803741" lat="45.5775371699511">
        <ele>2090</ele>
      </trkpt>
      <trkpt lon="7.19610140256333" lat="45.5774625239973">
        <ele>2089</ele>
      </trkpt>
      <trkpt lon="7.19611689343229" lat="45.5773790581589">
        <ele>2087.7</ele>
      </trkpt>
      <trkpt lon="7.19611675524192" lat="45.5773433211476">
        <ele>2087.65</ele>
      </trkpt>
      <trkpt lon="7.19612719263834" lat="45.5772895698966">
        <ele>2086.36</ele>
      </trkpt>
      <trkpt lon="7.19611276520606" lat="45.5772557689068">
        <ele>2086.01</ele>
      </trkpt>
      <trkpt lon="7.19611120792561" lat="45.5772003869431">
        <ele>2085.94</ele>
      </trkpt>
      <trkpt lon="7.19612161792002" lat="45.5771274629875">
        <ele>2084.83</ele>
      </trkpt>
      <trkpt lon="7.1961398414218" lat="45.5770827481503">
        <ele>2085</ele>
      </trkpt>
      <trkpt lon="7.19618662958887" lat="45.5770305611795">
        <ele>2083.41</ele>
      </trkpt>
      <trkpt lon="7.19623272087728" lat="45.5769600904088">
        <ele>2083.23</ele>
      </trkpt>
      <trkpt lon="7.19629983771106" lat="45.5768854502923">
        <ele>2082.18</ele>
      </trkpt>
      <trkpt lon="7.19633062823926" lat="45.5768365215819">
        <ele>2081.04</ele>
      </trkpt>
      <trkpt lon="7.19634667097908" lat="45.5767998708154">
        <ele>2079.93</ele>
      </trkpt>
      <trkpt lon="7.19633853590859" lat="45.5767377247291">
        <ele>2078.71</ele>
      </trkpt>
      <trkpt lon="7.19633222018072" lat="45.5766828093978">
        <ele>2078.17</ele>
      </trkpt>
      <trkpt lon="7.19633954844821" lat="45.5766660923816">
        <ele>2077.91</ele>
      </trkpt>
      <trkpt lon="7.19637537792358" lat="45.5766198526765">
        <ele>2076.57</ele>
      </trkpt>
      <trkpt lon="7.19640525739151" lat="45.5765673099776">
        <ele>2076.69</ele>
      </trkpt>
      <trkpt lon="7.19643763671769" lat="45.5765247953328">
        <ele>2077.14</ele>
      </trkpt>
      <trkpt lon="7.19645815439218" lat="45.5764964975975">
        <ele>2077.23</ele>
      </trkpt>
      <trkpt lon="7.19647591688415" lat="45.5764461020575">
        <ele>2076.86</ele>
      </trkpt>
      <trkpt lon="7.19649804273613" lat="45.5764275490272">
        <ele>2076.02</ele>
      </trkpt>
      <trkpt lon="7.19656586995251" lat="45.5763908154266">
        <ele>2074.42</ele>
      </trkpt>
      <trkpt lon="7.19676089833268" lat="45.5762961427113">
        <ele>2072.93</ele>
      </trkpt>
      <trkpt lon="7.19690032804358" lat="45.5762127447413">
        <ele>2070.85</ele>
      </trkpt>
      <trkpt lon="7.19700363173423" lat="45.5761407494861">
        <ele>2069.9</ele>
      </trkpt>
      <trkpt lon="7.19706703334204" lat="45.5761300470529">
        <ele>2069.07</ele>
      </trkpt>
      <trkpt lon="7.19715429660075" lat="45.5761186448331">
        <ele>2067.82</ele>
      </trkpt>
      <trkpt lon="7.19723607442778" lat="45.5760664693125">
        <ele>2067.68</ele>
      </trkpt>
      <trkpt lon="7.19731766038963" lat="45.5760241912612">
        <ele>2065.76</ele>
      </trkpt>
      <trkpt lon="7.19746704244265" lat="45.5759741636713">
        <ele>2063.78</ele>
      </trkpt>
      <trkpt lon="7.19752202444418" lat="45.575962250015">
        <ele>2063.06</ele>
      </trkpt>
      <trkpt lon="7.19777873342194" lat="45.575934707363">
        <ele>2059.57</ele>
      </trkpt>
      <trkpt lon="7.19832114202375" lat="45.57582265424">
        <ele>2055.19</ele>
      </trkpt>
      <trkpt lon="7.19860587531002" lat="45.5757203016443">
        <ele>2053.15</ele>
      </trkpt>
      <trkpt lon="7.19890485798018" lat="45.5756653420452">
        <ele>2045.81</ele>
      </trkpt>
      <trkpt lon="7.19897190732058" lat="45.5756327363186">
        <ele>2045.16</ele>
      </trkpt>
      <trkpt lon="7.19910380132549" lat="45.575520231988">
        <ele>2044.01</ele>
      </trkpt>
      <trkpt lon="7.19910380132549" lat="45.575520231988">
        <ele>2044.01</ele>
      </trkpt>
      <trkpt lon="7.19926829838397" lat="45.5754302952072">
        <ele>2038.19</ele>
      </trkpt>
      <trkpt lon="7.19941173287305" lat="45.5752494753812">
        <ele>2033.38</ele>
      </trkpt>
      <trkpt lon="7.19952064159619" lat="45.5752104198976">
        <ele>2032.2</ele>
      </trkpt>
      <trkpt lon="7.19981364542003" lat="45.5750616606592">
        <ele>2030.5</ele>
      </trkpt>
      <trkpt lon="7.20005875806668" lat="45.5749756942031">
        <ele>2027.04</ele>
      </trkpt>
      <trkpt lon="7.20021412442942" lat="45.5748826405889">
        <ele>2025.41</ele>
      </trkpt>
      <trkpt lon="7.2003024908539" lat="45.574852710136">
        <ele>2023.21</ele>
      </trkpt>
      <trkpt lon="7.20057836631739" lat="45.5747143898831">
        <ele>2020.08</ele>
      </trkpt>
      <trkpt lon="7.20072595761527" lat="45.5746159055015">
        <ele>2019.02</ele>
      </trkpt>
      <trkpt lon="7.20084361091646" lat="45.5745798640673">
        <ele>2015.96</ele>
      </trkpt>
      <trkpt lon="7.20098466834506" lat="45.5745013467913">
        <ele>2014.39</ele>
      </trkpt>
      <trkpt lon="7.20110892212463" lat="45.5743068125458">
        <ele>2012.62</ele>
      </trkpt>
      <trkpt lon="7.20123098777046" lat="45.5742128752537">
        <ele>2009.15</ele>
      </trkpt>
      <trkpt lon="7.20135504595659" lat="45.5740766619176">
        <ele>2007.47</ele>
      </trkpt>
      <trkpt lon="7.20146859691992" lat="45.5738720578709">
        <ele>2002.74</ele>
      </trkpt>
      <trkpt lon="7.20163324636638" lat="45.5736606041466">
        <ele>1999.14</ele>
      </trkpt>
      <trkpt lon="7.20164460428942" lat="45.5736942689921">
        <ele>1998.33</ele>
      </trkpt>
      <trkpt lon="7.20160431395326" lat="45.5738642923226">
        <ele>1997.01</ele>
      </trkpt>
      <trkpt lon="7.20161861967653" lat="45.5741548914365">
        <ele>1991.19</ele>
      </trkpt>
      <trkpt lon="7.20170626614176" lat="45.5742919179534">
        <ele>1987.77</ele>
      </trkpt>
      <trkpt lon="7.20175866164745" lat="45.5742967019142">
        <ele>1986.45</ele>
      </trkpt>
      <trkpt lon="7.2018877351051" lat="45.5740956731076">
        <ele>1982.67</ele>
      </trkpt>
      <trkpt lon="7.20213169668896" lat="45.5739210238543">
        <ele>1979.19</ele>
      </trkpt>
      <trkpt lon="7.20214403729111" lat="45.5738475887936">
        <ele>1978.98</ele>
      </trkpt>
      <trkpt lon="7.20222470399429" lat="45.5736532652427">
        <ele>1974.61</ele>
      </trkpt>
      <trkpt lon="7.20221161853318" lat="45.5736054444689">
        <ele>1973.65</ele>
      </trkpt>
      <trkpt lon="7.20217970441162" lat="45.573581449112">
        <ele>1974.51</ele>
      </trkpt>
      <trkpt lon="7.20209733895046" lat="45.5734274944428">
        <ele>1973.43</ele>
      </trkpt>
      <trkpt lon="7.20204407502368" lat="45.5733695896932">
        <ele>1973.97</ele>
      </trkpt>
      <trkpt lon="7.2020253619822" lat="45.5733053878974">
        <ele>1973.4</ele>
      </trkpt>
      <trkpt lon="7.20209430697583" lat="45.573213311249">
        <ele>1969.71</ele>
      </trkpt>
      <trkpt lon="7.20211575929157" lat="45.5731194090951">
        <ele>1969.98</ele>
      </trkpt>
      <trkpt lon="7.20211575929157" lat="45.5731194090951">
        <ele>1969.98</ele>
      </trkpt>
      <trkpt lon="7.20211797752912" lat="45.5730418543883">
        <ele>1968.66</ele>
      </trkpt>
      <trkpt lon="7.20207766960732" lat="45.572975602332">
        <ele>1969.31</ele>
      </trkpt>
      <trkpt lon="7.20211525694249" lat="45.5728139069626">
        <ele>1961.78</ele>
      </trkpt>
      <trkpt lon="7.20209258207845" lat="45.5727815059283">
        <ele>1962.63</ele>
      </trkpt>
      <trkpt lon="7.20210514281683" lat="45.5726730616559">
        <ele>1962.14</ele>
      </trkpt>
      <trkpt lon="7.20216781125729" lat="45.5726530756488">
        <ele>1959.54</ele>
      </trkpt>
      <trkpt lon="7.20223115798666" lat="45.572607805679">
        <ele>1957.18</ele>
      </trkpt>
      <trkpt lon="7.20224540608911" lat="45.5725789578692">
        <ele>1956.61</ele>
      </trkpt>
      <trkpt lon="7.20230260491145" lat="45.5725616774327">
        <ele>1953.79</ele>
      </trkpt>
      <trkpt lon="7.20237301362433" lat="45.5724798843905">
        <ele>1952.53</ele>
      </trkpt>
      <trkpt lon="7.20244974645964" lat="45.572308364153">
        <ele>1954.95</ele>
      </trkpt>
      <trkpt lon="7.20250545455797" lat="45.5722413713408">
        <ele>1951.86</ele>
      </trkpt>
      <trkpt lon="7.20266610869307" lat="45.5722111360243">
        <ele>1945.27</ele>
      </trkpt>
      <trkpt lon="7.20276819240729" lat="45.5721648580708">
        <ele>1945.34</ele>
      </trkpt>
      <trkpt lon="7.2028563444948" lat="45.5721575142949">
        <ele>1944.21</ele>
      </trkpt>
      <trkpt lon="7.20297211785825" lat="45.5720878692196">
        <ele>1945.8</ele>
      </trkpt>
      <trkpt lon="7.20304608194958" lat="45.5720190932059">
        <ele>1946.03</ele>
      </trkpt>
      <trkpt lon="7.20333247552955" lat="45.5719602333866">
        <ele>1941.48</ele>
      </trkpt>
      <trkpt lon="7.20338370559905" lat="45.5719010018373">
        <ele>1943.82</ele>
      </trkpt>
      <trkpt lon="7.20343215339981" lat="45.5717843910403">
        <ele>1942.2</ele>
      </trkpt>
      <trkpt lon="7.20347276664127" lat="45.571579894624">
        <ele>1938.26</ele>
      </trkpt>
      <trkpt lon="7.20342874195292" lat="45.5713729889946">
        <ele>1936.93</ele>
      </trkpt>
      <trkpt lon="7.20346982677145" lat="45.5712018962008">
        <ele>1931.1</ele>
      </trkpt>
      <trkpt lon="7.20340951379164" lat="45.571087803859">
        <ele>1931.05</ele>
      </trkpt>
      <trkpt lon="7.20341225117386" lat="45.571026099556">
        <ele>1930</ele>
      </trkpt>
      <trkpt lon="7.20343361399274" lat="45.5709630676221">
        <ele>1928.26</ele>
      </trkpt>
      <trkpt lon="7.20350326420723" lat="45.5708888247625">
        <ele>1925.63</ele>
      </trkpt>
      <trkpt lon="7.20353112809461" lat="45.5707786417059">
        <ele>1924.4</ele>
      </trkpt>
      <trkpt lon="7.2034773252494" lat="45.5707216286403">
        <ele>1925.45</ele>
      </trkpt>
      <trkpt lon="7.20346647724602" lat="45.5706076840032">
        <ele>1921.69</ele>
      </trkpt>
      <trkpt lon="7.20371093367804" lat="45.5704129675838">
        <ele>1914.12</ele>
      </trkpt>
      <trkpt lon="7.20381911564797" lat="45.5701792905324">
        <ele>1912.03</ele>
      </trkpt>
      <trkpt lon="7.20387093697299" lat="45.5701416706435">
        <ele>1910.22</ele>
      </trkpt>
      <trkpt lon="7.20403864944988" lat="45.5701189272504">
        <ele>1908.27</ele>
      </trkpt>
      <trkpt lon="7.20411327190276" lat="45.570049442892">
        <ele>1907.88</ele>
      </trkpt>
      <trkpt lon="7.20411318055404" lat="45.5698915611431">
        <ele>1905.16</ele>
      </trkpt>
      <trkpt lon="7.2040896151924" lat="45.5697985696878">
        <ele>1903.92</ele>
      </trkpt>
      <trkpt lon="7.20410973815772" lat="45.5696417298275">
        <ele>1900.52</ele>
      </trkpt>
      <trkpt lon="7.20419519897759" lat="45.5694694429889">
        <ele>1896.81</ele>
      </trkpt>
      <trkpt lon="7.20423930019583" lat="45.5694569042115">
        <ele>1893.94</ele>
      </trkpt>
      <trkpt lon="7.20427891522117" lat="45.5695850717068">
        <ele>1890.99</ele>
      </trkpt>
      <trkpt lon="7.20424870681381" lat="45.5696964797715">
        <ele>1893.07</ele>
      </trkpt>
      <trkpt lon="7.20446152786248" lat="45.5699954199041">
        <ele>1887.11</ele>
      </trkpt>
      <trkpt lon="7.20450261827478" lat="45.5701055202927">
        <ele>1885.29</ele>
      </trkpt>
      <trkpt lon="7.20449956792392" lat="45.5702615491868">
        <ele>1884.62</ele>
      </trkpt>
      <trkpt lon="7.20456694919123" lat="45.5705841273953">
        <ele>1877.52</ele>
      </trkpt>
      <trkpt lon="7.20456078470179" lat="45.5707493787135">
        <ele>1875.45</ele>
      </trkpt>
      <trkpt lon="7.20458881896563" lat="45.5708750238112">
        <ele>1871.3</ele>
      </trkpt>
      <trkpt lon="7.20455560259385" lat="45.5709642424">
        <ele>1871.97</ele>
      </trkpt>
      <trkpt lon="7.20457216934832" lat="45.5711199492538">
        <ele>1870.64</ele>
      </trkpt>
      <trkpt lon="7.20457216934832" lat="45.5711199492538">
        <ele>1870.64</ele>
      </trkpt>
      <trkpt lon="7.20458283707303" lat="45.5712195796403">
        <ele>1869.1</ele>
      </trkpt>
      <trkpt lon="7.20464774888123" lat="45.571398551436">
        <ele>1867.52</ele>
      </trkpt>
      <trkpt lon="7.2047046684874" lat="45.5714542617213">
        <ele>1867.28</ele>
      </trkpt>
      <trkpt lon="7.20487504593531" lat="45.5715209372693">
        <ele>1865</ele>
      </trkpt>
      <trkpt lon="7.20489872652167" lat="45.5715459742393">
        <ele>1863.75</ele>
      </trkpt>
      <trkpt lon="7.20488107736996" lat="45.5717660407139">
        <ele>1862.79</ele>
      </trkpt>
      <trkpt lon="7.20493603199007" lat="45.5718754578864">
        <ele>1860.31</ele>
      </trkpt>
      <trkpt lon="7.20503700390097" lat="45.572004770449">
        <ele>1856.92</ele>
      </trkpt>
      <trkpt lon="7.20508440542546" lat="45.5721218988535">
        <ele>1857.38</ele>
      </trkpt>
      <trkpt lon="7.20513848671286" lat="45.5722869257494">
        <ele>1856.19</ele>
      </trkpt>
      <trkpt lon="7.20519728331979" lat="45.5723843426573">
        <ele>1855.68</ele>
      </trkpt>
      <trkpt lon="7.20526255288317" lat="45.5724516144253">
        <ele>1855.18</ele>
      </trkpt>
      <trkpt lon="7.20533694829488" lat="45.5724859076745">
        <ele>1853.11</ele>
      </trkpt>
      <trkpt lon="7.20536449763617" lat="45.5725504290083">
        <ele>1852</ele>
      </trkpt>
      <trkpt lon="7.20533040657375" lat="45.5726228916118">
        <ele>1848.95</ele>
      </trkpt>
      <trkpt lon="7.20527577702025" lat="45.5726520057042">
        <ele>1848.04</ele>
      </trkpt>
      <trkpt lon="7.20514669003471" lat="45.5726930915992">
        <ele>1849.63</ele>
      </trkpt>
      <trkpt lon="7.20510584956034" lat="45.572728003193">
        <ele>1848.08</ele>
      </trkpt>
      <trkpt lon="7.20510687140913" lat="45.5727481814881">
        <ele>1846.26</ele>
      </trkpt>
      <trkpt lon="7.20542240423272" lat="45.5727039973198">
        <ele>1840.5</ele>
      </trkpt>
      <trkpt lon="7.20550533995538" lat="45.5726754168482">
        <ele>1841.65</ele>
      </trkpt>
      <trkpt lon="7.20554689715795" lat="45.5726381746471">
        <ele>1841.48</ele>
      </trkpt>
      <trkpt lon="7.20559313068619" lat="45.5725386281466">
        <ele>1841.41</ele>
      </trkpt>
      <trkpt lon="7.2056114248665" lat="45.5724310839523">
        <ele>1839.3</ele>
      </trkpt>
      <trkpt lon="7.20561643473938" lat="45.5723582543914">
        <ele>1837.6</ele>
      </trkpt>
      <trkpt lon="7.2056310365563" lat="45.5722820665055">
        <ele>1836.89</ele>
      </trkpt>
      <trkpt lon="7.20563744097283" lat="45.5722057479815">
        <ele>1835.77</ele>
      </trkpt>
      <trkpt lon="7.20563744653205" lat="45.5722055674215">
        <ele>1835.77</ele>
      </trkpt>
      <trkpt lon="7.20563387534665" lat="45.5721487159571">
        <ele>1834.94</ele>
      </trkpt>
      <trkpt lon="7.20564640639716" lat="45.5721375713537">
        <ele>1834.13</ele>
      </trkpt>
      <trkpt lon="7.20568514314551" lat="45.5721486192287">
        <ele>1832.82</ele>
      </trkpt>
      <trkpt lon="7.20572275981392" lat="45.5721907956535">
        <ele>1831.98</ele>
      </trkpt>
      <trkpt lon="7.20576416717167" lat="45.5722870373635">
        <ele>1832.69</ele>
      </trkpt>
      <trkpt lon="7.20577660126937" lat="45.5724036154157">
        <ele>1833.06</ele>
      </trkpt>
      <trkpt lon="7.20578053316392" lat="45.5724813562978">
        <ele>1832.81</ele>
      </trkpt>
      <trkpt lon="7.20578259044159" lat="45.5725374660622">
        <ele>1832.03</ele>
      </trkpt>
      <trkpt lon="7.20575614459739" lat="45.5725790862974">
        <ele>1832.64</ele>
      </trkpt>
      <trkpt lon="7.20576104180014" lat="45.5727271400683">
        <ele>1826.26</ele>
      </trkpt>
      <trkpt lon="7.20558850958582" lat="45.5729009399917">
        <ele>1823.02</ele>
      </trkpt>
      <trkpt lon="7.20537171723231" lat="45.5729754814347">
        <ele>1819.88</ele>
      </trkpt>
      <trkpt lon="7.20536484735061" lat="45.5729900456234">
        <ele>1818.49</ele>
      </trkpt>
      <trkpt lon="7.20527882027915" lat="45.5729989533481">
        <ele>1820.22</ele>
      </trkpt>
      <trkpt lon="7.20523291020593" lat="45.5730360371698">
        <ele>1818.86</ele>
      </trkpt>
      <trkpt lon="7.20521461172926" lat="45.57307940475">
        <ele>1816.1</ele>
      </trkpt>
      <trkpt lon="7.20516641868288" lat="45.573095568579">
        <ele>1817.02</ele>
      </trkpt>
      <trkpt lon="7.20515083710683" lat="45.573130066518">
        <ele>1816.66</ele>
      </trkpt>
      <trkpt lon="7.20518775380058" lat="45.5731701623282">
        <ele>1816.19</ele>
      </trkpt>
      <trkpt lon="7.20527911596869" lat="45.5732189449949">
        <ele>1816.45</ele>
      </trkpt>
      <trkpt lon="7.20531346347305" lat="45.5732431570474">
        <ele>1815.22</ele>
      </trkpt>
      <trkpt lon="7.20535243013367" lat="45.5732872446445">
        <ele>1814.02</ele>
      </trkpt>
      <trkpt lon="7.2054119271073" lat="45.5733667583312">
        <ele>1812.93</ele>
      </trkpt>
      <trkpt lon="7.20549202204945" lat="45.573431382954">
        <ele>1811.55</ele>
      </trkpt>
      <trkpt lon="7.20558834517689" lat="45.5734934743368">
        <ele>1809.08</ele>
      </trkpt>
      <trkpt lon="7.20567785973116" lat="45.573560137991">
        <ele>1806.82</ele>
      </trkpt>
      <trkpt lon="7.20573420921099" lat="45.5736499546842">
        <ele>1806.16</ele>
      </trkpt>
      <trkpt lon="7.20576747269079" lat="45.5737081731371">
        <ele>1804.59</ele>
      </trkpt>
      <trkpt lon="7.20578442150488" lat="45.5737876475222">
        <ele>1803.04</ele>
      </trkpt>
      <trkpt lon="7.20579786663371" lat="45.5737678777106">
        <ele>1802.17</ele>
      </trkpt>
      <trkpt lon="7.20584245703669" lat="45.573599268346">
        <ele>1800</ele>
      </trkpt>
      <trkpt lon="7.20583471992257" lat="45.5735001352223">
        <ele>1798.31</ele>
      </trkpt>
      <trkpt lon="7.20579933062352" lat="45.573339722512">
        <ele>1794.01</ele>
      </trkpt>
      <trkpt lon="7.2057933869666" lat="45.5732929129439">
        <ele>1793.12</ele>
      </trkpt>
      <trkpt lon="7.2058802504465" lat="45.5732697937587">
        <ele>1788.89</ele>
      </trkpt>
      <trkpt lon="7.20606444331721" lat="45.5731322726383">
        <ele>1787.9</ele>
      </trkpt>
      <trkpt lon="7.20617242176498" lat="45.5730778917602">
        <ele>1785.66</ele>
      </trkpt>
      <trkpt lon="7.20636483539223" lat="45.5730242978302">
        <ele>1783.37</ele>
      </trkpt>
      <trkpt lon="7.20643519360243" lat="45.5729680665414">
        <ele>1786.87</ele>
      </trkpt>
      <trkpt lon="7.20651209122925" lat="45.5727507284862">
        <ele>1784.94</ele>
      </trkpt>
      <trkpt lon="7.20671400299566" lat="45.5725195135143">
        <ele>1780.35</ele>
      </trkpt>
      <trkpt lon="7.20678542077028" lat="45.5724017306878">
        <ele>1777.7</ele>
      </trkpt>
      <trkpt lon="7.20681284176285" lat="45.5723536436327">
        <ele>1776.03</ele>
      </trkpt>
      <trkpt lon="7.20682113453701" lat="45.5723065203056">
        <ele>1775.14</ele>
      </trkpt>
      <trkpt lon="7.20679687373565" lat="45.5722634745438">
        <ele>1774.77</ele>
      </trkpt>
      <trkpt lon="7.20675549417389" lat="45.5721663328114">
        <ele>1772.32</ele>
      </trkpt>
      <trkpt lon="7.20671394839218" lat="45.5720462377223">
        <ele>1768.96</ele>
      </trkpt>
      <trkpt lon="7.20668940796349" lat="45.5719555713157">
        <ele>1768</ele>
      </trkpt>
      <trkpt lon="7.20665919930372" lat="45.5719382650326">
        <ele>1768.41</ele>
      </trkpt>
      <trkpt lon="7.20674709494756" lat="45.5718343327139">
        <ele>1762.85</ele>
      </trkpt>
      <trkpt lon="7.20673186279136" lat="45.5717572250718">
        <ele>1763.59</ele>
      </trkpt>
      <trkpt lon="7.20680941997677" lat="45.5716197362536">
        <ele>1760.74</ele>
      </trkpt>
      <trkpt lon="7.20678747311988" lat="45.571576457175">
        <ele>1760.71</ele>
      </trkpt>
      <trkpt lon="7.20678632014602" lat="45.5714435843778">
        <ele>1758.86</ele>
      </trkpt>
      <trkpt lon="7.20674386529238" lat="45.5713601068676">
        <ele>1759.75</ele>
      </trkpt>
      <trkpt lon="7.20671411453462" lat="45.5712237253721">
        <ele>1757.94</ele>
      </trkpt>
      <trkpt lon="7.20672236283512" lat="45.5711780381919">
        <ele>1755.76</ele>
      </trkpt>
      <trkpt lon="7.20674205434199" lat="45.5710667355834">
        <ele>1753.06</ele>
      </trkpt>
      <trkpt lon="7.20681093151418" lat="45.5708918457408">
        <ele>1750.17</ele>
      </trkpt>
      <trkpt lon="7.2068349616775" lat="45.5707972630392">
        <ele>1751.11</ele>
      </trkpt>
      <trkpt lon="7.20697350170118" lat="45.5706119458308">
        <ele>1746.59</ele>
      </trkpt>
      <trkpt lon="7.20698607539408" lat="45.570551116645">
        <ele>1747.17</ele>
      </trkpt>
      <trkpt lon="7.20705188116178" lat="45.5704726708647">
        <ele>1746.7</ele>
      </trkpt>
      <trkpt lon="7.20715140434678" lat="45.5703938531792">
        <ele>1745.92</ele>
      </trkpt>
      <trkpt lon="7.20717475511398" lat="45.5703809891928">
        <ele>1745.03</ele>
      </trkpt>
      <trkpt lon="7.20719588588873" lat="45.5703935619357">
        <ele>1745</ele>
      </trkpt>
      <trkpt lon="7.20720329397515" lat="45.5704144708665">
        <ele>1744.59</ele>
      </trkpt>
      <trkpt lon="7.20717864793531" lat="45.5704680914209">
        <ele>1742.32</ele>
      </trkpt>
      <trkpt lon="7.2070978721717" lat="45.5705578234512">
        <ele>1740.94</ele>
      </trkpt>
      <trkpt lon="7.20706651452875" lat="45.5706289777149">
        <ele>1741.23</ele>
      </trkpt>
      <trkpt lon="7.20709148022817" lat="45.5707063299017">
        <ele>1740.82</ele>
      </trkpt>
      <trkpt lon="7.20711866170662" lat="45.5706898353056">
        <ele>1739.12</ele>
      </trkpt>
      <trkpt lon="7.20714043010572" lat="45.5706259977998">
        <ele>1738.06</ele>
      </trkpt>
      <trkpt lon="7.20720222465038" lat="45.570548749233">
        <ele>1736.01</ele>
      </trkpt>
      <trkpt lon="7.2072208303137" lat="45.5705641636896">
        <ele>1734.43</ele>
      </trkpt>
      <trkpt lon="7.20720111505496" lat="45.5706118285863">
        <ele>1734.42</ele>
      </trkpt>
      <trkpt lon="7.2072280636964" lat="45.5707113535722">
        <ele>1735.28</ele>
      </trkpt>
      <trkpt lon="7.20728019824257" lat="45.5707081206621">
        <ele>1732.05</ele>
      </trkpt>
      <trkpt lon="7.20735505402155" lat="45.5706392696551">
        <ele>1725.34</ele>
      </trkpt>
      <trkpt lon="7.20744404822342" lat="45.5704684773325">
        <ele>1723.41</ele>
      </trkpt>
      <trkpt lon="7.2074593819344" lat="45.5703248794253">
        <ele>1721.04</ele>
      </trkpt>
      <trkpt lon="7.20746058530882" lat="45.5701542390347">
        <ele>1721.31</ele>
      </trkpt>
      <trkpt lon="7.20759480747872" lat="45.5698829835123">
        <ele>1716.25</ele>
      </trkpt>
      <trkpt lon="7.20773999470285" lat="45.5697062332505">
        <ele>1709.72</ele>
      </trkpt>
      <trkpt lon="7.20774072533081" lat="45.5697033637409">
        <ele>1709.72</ele>
      </trkpt>
      <trkpt lon="7.20775681183755" lat="45.5697012749552">
        <ele>1709.01</ele>
      </trkpt>
      <trkpt lon="7.20780639029046" lat="45.5695809890769">
        <ele>1706.58</ele>
      </trkpt>
      <trkpt lon="7.20785986123804" lat="45.5694228717293">
        <ele>1701.48</ele>
      </trkpt>
      <trkpt lon="7.20784901704695" lat="45.5692561813216">
        <ele>1698.48</ele>
      </trkpt>
      <trkpt lon="7.20784809199673" lat="45.5691161111237">
        <ele>1695.32</ele>
      </trkpt>
      <trkpt lon="7.20780887405717" lat="45.5689953299292">
        <ele>1693.01</ele>
      </trkpt>
      <trkpt lon="7.20782264010117" lat="45.5689009471335">
        <ele>1691.25</ele>
      </trkpt>
      <trkpt lon="7.20785320969616" lat="45.5687860334286">
        <ele>1689.53</ele>
      </trkpt>
      <trkpt lon="7.2078760610158" lat="45.5687444464929">
        <ele>1688.69</ele>
      </trkpt>
      <trkpt lon="7.20791349033476" lat="45.5687079487151">
        <ele>1688.38</ele>
      </trkpt>
      <trkpt lon="7.20797235046322" lat="45.5686825903138">
        <ele>1687.61</ele>
      </trkpt>
      <trkpt lon="7.20799944085043" lat="45.5686366588654">
        <ele>1687.02</ele>
      </trkpt>
      <trkpt lon="7.20802127929211" lat="45.568542401151">
        <ele>1686.28</ele>
      </trkpt>
      <trkpt lon="7.20803648705352" lat="45.5684470489005">
        <ele>1684.95</ele>
      </trkpt>
      <trkpt lon="7.2080289547572" lat="45.5683857222855">
        <ele>1685</ele>
      </trkpt>
      <trkpt lon="7.20800539519458" lat="45.5682803110735">
        <ele>1684.01</ele>
      </trkpt>
      <trkpt lon="7.20798510646498" lat="45.5682493906552">
        <ele>1684</ele>
      </trkpt>
      <trkpt lon="7.20795271505301" lat="45.5682000057666">
        <ele>1684</ele>
      </trkpt>
      <trkpt lon="7.20787645978917" lat="45.568099438611">
        <ele>1684</ele>
      </trkpt>
      <trkpt lon="7.20787142362158" lat="45.5680966579368">
        <ele>1683.98</ele>
      </trkpt>
      <trkpt lon="7.2078698764381" lat="45.5680929439395">
        <ele>1683.93</ele>
      </trkpt>
      <trkpt lon="7.20771740959308" lat="45.5679306911619">
        <ele>1682.98</ele>
      </trkpt>
      <trkpt lon="7.20763667701033" lat="45.567801701026">
        <ele>1682.16</ele>
      </trkpt>
      <trkpt lon="7.20760830023134" lat="45.5677188958915">
        <ele>1681.41</ele>
      </trkpt>
      <trkpt lon="7.20759641204811" lat="45.5676695639805">
        <ele>1681</ele>
      </trkpt>
      <trkpt lon="7.2076046158765" lat="45.5676252268339">
        <ele>1681</ele>
      </trkpt>
      <trkpt lon="7.20762251934187" lat="45.5676102960762">
        <ele>1680.99</ele>
      </trkpt>
      <trkpt lon="7.20767010398683" lat="45.567596910089">
        <ele>1680</ele>
      </trkpt>
      <trkpt lon="7.20775642339156" lat="45.5675543404095">
        <ele>1678</ele>
      </trkpt>
      <trkpt lon="7.20787015768016" lat="45.5674918593835">
        <ele>1678</ele>
      </trkpt>
      <trkpt lon="7.20783882750298" lat="45.5674373604878">
        <ele>1677</ele>
      </trkpt>
      <trkpt lon="7.20781319161324" lat="45.567397264787">
        <ele>1676</ele>
      </trkpt>
    </trkseg>
  </trk>
</gpx>
