{"type":"FeatureCollection","features":[{"type":"Feature","properties":{"slug":"av2-s8","sct_code":"AV2_S8","source":"Catasto Sentieri VdA"},"geometry":{"type":"LineString","coordinates":[[7.208918772009409,45.56752567921962,1677],[7.208959544329644,45.567471916824516,1677],[7.208911696423356,45.567324517804295,1678],[7.208883822680384,45.56726254021083,1678],[7.208818632223055,45.56724358448614,1678],[7.208773814679712,45.56704325049687,1679],[7.208740034976439,45.56700416562691,1679],[7.208724914604204,45.56688660994186,1680],[7.20888171636862,45.56689120978148,1680],[7.208971323311298,45.56688952879267,1680],[7.209027130977533,45.56686945012978,1681],[7.209043111266366,45.566734268980696,1681],[7.2090701266620085,45.56673165668146,1681],[7.209096787778261,45.56673515037802,1682],[7.2092210545138995,45.56683029183247,1682],[7.20929618403857,45.566844477031225,1682],[7.209400672516016,45.56681110314239,1683],[7.2094963669860705,45.56676230248081,1683],[7.209554523982429,45.56663683556561,1684],[7.209700347035895,45.56670724447779,1684],[7.209809707535654,45.56675673345458,1684],[7.209840619162155,45.56674728562131,1685],[7.20983768621385,45.56666617284048,1685],[7.20985544728364,45.56661148144042,1685],[7.209941532398834,45.56656139926602,1686],[7.210086923976897,45.566505999129376,1686],[7.210209575296606,45.566467965026575,1686],[7.210327111001747,45.56644529783295,1687],[7.210394905996501,45.56629930033791,1687],[7.210394702569585,45.566147803403005,1688],[7.210448199004773,45.566061304054955,1688],[7.210494567786461,45.56594148355208,1688],[7.210504268351924,45.56591057642158,1689],[7.210499710185911,45.565858009493276,1689],[7.210502271992417,45.56583617583666,1689],[7.210524420699462,45.565825149468495,1690],[7.2105575377434565,45.565821731447244,1690],[7.2105891889498634,45.56582528948772,1691],[7.210625871737018,45.56584686230032,1691],[7.210676500072866,45.565860779689686,1691],[7.210732302600741,45.56586865306666,1692],[7.2109517839462836,45.56586071738518,1692],[7.211063310330567,45.56583971674954,1692],[7.211182358764857,45.56583760144864,1693],[7.211257488958235,45.56584407076391,1693],[7.211395125898867,45.56588341076626,1693],[7.211708657277499,45.565894883475835,1694],[7.211844490013379,45.56590649734998,1694],[7.211982612886229,45.56590966724423,1695],[7.212199310222532,45.56590748840437,1695],[7.212274707124389,45.56589598748178,1695],[7.212329903734581,45.565868887795055,1696],[7.212450519356038,45.56585627194199,1696],[7.21266038741463,45.56586658377912,1696],[7.212816778927535,45.56585208284799,1697],[7.212841139819163,45.56585254239805,1697],[7.21286908975581,45.565854949182444,1697],[7.212908595370338,45.56587590927633,1698],[7.212922785998292,45.56590156317117,1698],[7.212990783259433,45.565981061308555,1699],[7.213050093417828,45.56602429056743,1699],[7.213121978539936,45.56606165810533,1699],[7.213300169766384,45.56605125635845,1700],[7.213374067016895,45.56610955422837,1700],[7.213404267734902,45.566193052102186,1700],[7.213507763593492,45.56626934924515,1701],[7.213526662157704,45.566260949195225,1701],[7.213546459515268,45.5661624505685,1701],[7.213589457232574,45.566128051490345,1702],[7.21361255587886,45.566151350519135,1702],[7.213616757747594,45.56626984816997,1703],[7.213706655261001,45.56634594501441,1703],[7.21372385623276,45.56642734298293,1703],[7.21379015215453,45.56643934206198,1704],[7.2139047464131085,45.56638584236464,1704],[7.214008842523489,45.56647783957147,1704],[7.214033042192161,45.56652183782175,1705],[7.2140312432424,45.56656233678831,1705],[7.214098478185727,45.566693770576556,1705],[7.214060982931116,45.56682886798023,1706],[7.214074986534544,45.56689189651379,1706],[7.21410930835565,45.56694690083326,1707],[7.214114728159024,45.5669939005719,1707],[7.214133255252602,45.56702831241987,1707],[7.2141509139356375,45.56705563693892,1708],[7.214167096942551,45.56708068007237,1708],[7.214172033996512,45.56710175619384,1708],[7.21412668924953,45.567176509066954,1709],[7.214087405422791,45.56723692028993,1709],[7.214075466532189,45.567259864789634,1709],[7.214078573897442,45.567278789906766,1710],[7.214199449510978,45.56744151676104,1710],[7.21420140845477,45.567445330439426,1711],[7.21423917170586,45.56747421054444,1711],[7.214265752241825,45.56749037492793,1711],[7.214301671916521,45.56749005182411,1712],[7.214319019042755,45.56748989553854,1712],[7.2143382965109755,45.56747116743841,1712],[7.214353594312742,45.567401193940846,1713],[7.214399561084894,45.567321529057516,1713],[7.214436665403438,45.567270926047584,1714],[7.214520563749431,45.56721777385799,1714],[7.214561153354716,45.567175100117325,1714],[7.214674320374057,45.56703362041494,1715],[7.214781413590588,45.56696062020508,1715],[7.214837260793014,45.566846131505585,1715],[7.214897557154698,45.56680403212531,1716],[7.214929155787037,45.566801631395684,1716],[7.214925157296606,45.56686243064796,1716],[7.214974205965298,45.567061316213604,1717],[7.21496840657523,45.56712621509157,1717],[7.215099505963318,45.56739740767803,1718],[7.215139804399899,45.567419006742234,1718],[7.21527239445905,45.56723870885664,1718],[7.215434178445696,45.56708719981251,1719],[7.2155109846652135,45.56697766743223,1719],[7.2156549144010675,45.56681080989769,1719],[7.215660888552736,45.56675772459064,1720],[7.215690271322397,45.56674440433407,1720],[7.215720006229463,45.566749462048705,1720],[7.2157542000734995,45.566820209011105,1721],[7.215800465051642,45.567023607844206,1721],[7.215796766793926,45.567103806784154,1722],[7.215831065556386,45.56715510458472,1722],[7.21606193426718,45.56743795278154,1722],[7.2161576310607,45.56749525094985,1723],[7.216204270352252,45.56753560018526,1723],[7.2162359132618095,45.567598432330165,1723],[7.216263852762133,45.56760209103309,1724],[7.2163137476191075,45.56749489202317,1724],[7.216279027884458,45.56742400471036,1724],[7.216286126177439,45.567344706743405,1725],[7.216366241180045,45.56725249714903,1725],[7.2163894815803244,45.5671741416554,1726],[7.2163999378751695,45.56712869960839,1726],[7.216479931908555,45.567002001396276,1726],[7.216624521078585,45.56683770287272,1727],[7.2167418136241634,45.566736304094384,1727],[7.216771458422517,45.56672060783411,1727],[7.216791939229858,45.56672289702461,1728],[7.216799782247258,45.566740735810264,1728],[7.216790423411244,45.56680030382074,1728],[7.21680323083966,45.566897456154756,1729],[7.216795416169667,45.56700309737675,1729],[7.216827107944154,45.5671130233208,1730],[7.216929403920472,45.56720832004463,1730],[7.216988711231248,45.5672480899861,1730],[7.217015539642168,45.567273652656034,1731],[7.217032721051998,45.56732116621678,1731],[7.217036870466454,45.56736716488851,1731],[7.217059447035978,45.567391796185106,1732],[7.217076003907932,45.567399643273134,1732],[7.217085219161368,45.56740401033139,1732],[7.21710016013745,45.567404243596094,1733],[7.217115577215427,45.56738939171614,1733],[7.217126161123667,45.56735018556505,1734],[7.2171622672733955,45.56727200647452,1734],[7.217192397628169,45.567176015964925,1734],[7.217210492983077,45.56710608575731,1735],[7.217224572118476,45.56701542336272,1735],[7.217238288909228,45.566995295642926,1735],[7.217295082963468,45.566942374440764,1736],[7.217426889431978,45.56680695970729,1736],[7.2174765661295845,45.566742771696994,1736],[7.217511131230001,45.5667099514763,1737],[7.217524769484457,45.56669562172455,1737],[7.217537241103687,45.566685317830775,1738],[7.2175503961693215,45.566682898521684,1738],[7.217566021692065,45.56669101632877,1738],[7.217568262605571,45.56670876852228,1739],[7.217567245858705,45.5667409062867,1739],[7.217567204328494,45.56677174695262,1739],[7.217584469035816,45.56684616608859,1740],[7.217604595920072,45.566918661414206,1740],[7.217615967884462,45.56694311772116,1741],[7.217684071386235,45.56700520621506,1741],[7.217724664494234,45.56706571771489,1741],[7.217749171002035,45.56711793950966,1742],[7.217797499216692,45.56715544049228,1742],[7.217845765257934,45.567194908963394,1742],[7.217898658652005,45.56726529093701,1743],[7.217910133255491,45.56728646801583,1743],[7.217923663281333,45.56729711380569,1743],[7.217938971948241,45.56730512760717,1744],[7.217958685277049,45.567302154432866,1744],[7.217977193742095,45.56727816353949,1745],[7.218005102775812,45.567222822762425,1745],[7.218024857360036,45.56718900890864,1745],[7.218043097105786,45.56714401669652,1746],[7.2180485745513465,45.567088982040886,1746],[7.218073106354894,45.567022269114844,1746],[7.218078749728178,45.566961986866986,1747],[7.2180789569254316,45.56692589950817,1747],[7.218066360380073,45.56688108228362,1747],[7.218112986321795,45.56682472121215,1748],[7.218190924067698,45.566753099940335,1748],[7.21821421723337,45.566724569840204,1749],[7.218233804540956,45.566697008008546,1749],[7.218257584401103,45.566683598772045,1749],[7.21828190387281,45.566682665887335,1750],[7.218284539079951,45.56668795718089,1750],[7.218284933549114,45.566705023492084,1750],[7.218284933893315,45.5667345524918,1751],[7.218269080804149,45.56679270607957,1751],[7.218278150011064,45.566830906650104,1751],[7.218292405073235,45.566852784132635,1752],[7.2183517527342715,45.56689636224458,1752],[7.218424011440101,45.566959992158544,1753],[7.218495103686801,45.567016221355885,1753],[7.218570304280774,45.56706070281939,1753],[7.218665591471734,45.56709040588214,1754],[7.218776628339587,45.56715381957545,1754],[7.218848612783372,45.56718184669446,1754],[7.21893195238112,45.5672052930331,1755],[7.219049380542937,45.567214342175326,1755],[7.219140204852553,45.56720788465101,1755],[7.219171503937847,45.56721236730365,1756],[7.21924880052934,45.56722976603205,1756],[7.219278871508722,45.567239575091925,1757],[7.219288645004077,45.56725547622767,1757],[7.21927866507283,45.56727566246255,1757],[7.219265427867474,45.56731023432039,1758],[7.219234947682402,45.56738784654385,1758],[7.219218129701498,45.567417440909765,1758],[7.219214479361205,45.56747381642917,1759],[7.2192320565614265,45.56750886879227,1759],[7.2192534711167475,45.56754069929121,1759],[7.219287380804011,45.56756249249333,1760],[7.219431998895519,45.56762465511482,1760],[7.219508771557019,45.5676657482555,1761],[7.219546249946636,45.567721452704035,1761],[7.219552768387234,45.56781079655915,1761],[7.219566260587156,45.56791599787263,1762],[7.219572530356193,45.56801321176357,1762],[7.219601066165618,45.56811536680997,1762],[7.219708269842169,45.56821152960918,1763],[7.219718150513633,45.56831273673763,1763],[7.219686944949486,45.56841330425029,1764],[7.219651104112647,45.56860523250393,1764],[7.2196408064121105,45.568712029587424,1764],[7.219593809911955,45.568790128765585,1765],[7.219684807341127,45.56887782566507,1765],[7.219692808277648,45.56900522286304,1765],[7.219724607841224,45.56902042233743,1766],[7.219832004003881,45.569143118816456,1766],[7.219871804049509,45.56922511652016,1766],[7.219882305544887,45.569377013297554,1767],[7.219830009053506,45.56940391340747,1767],[7.2198382091832185,45.569429512646884,1768],[7.2199572051159775,45.56955590823938,1768],[7.220194896094808,45.5696849034209,1768],[7.220246794364514,45.56975190066057,1769],[7.220485886529152,45.5699526940795,1769],[7.220723876076507,45.57009078812681,1769],[7.220755916613201,45.570152797109515,1770],[7.220776008501268,45.57022660360851,1770],[7.220779415387455,45.57029621319388,1770],[7.220797308338318,45.57038048487943,1771],[7.220835976793417,45.57044757995045,1771],[7.220880941612354,45.57045396898983,1772],[7.2209226106211855,45.5704362447861,1772],[7.220975774991847,45.57040951251384,1772],[7.221033005819056,45.570372345011855,1773],[7.2210671168232325,45.570298070602284,1773],[7.221059101071529,45.57019689177502,1773],[7.221044611488452,45.57012317259717,1774],[7.221015262845072,45.570087185585756,1774],[7.220897365782105,45.56993038996935,1774],[7.220813465965246,45.569730694960924,1775],[7.220813365614873,45.56968489634166,1775],[7.220938855802197,45.56946029991957,1776],[7.220960850294392,45.56923220452048,1776],[7.220836652931295,45.56899891082861,1776],[7.220998047086937,45.56909050716155,1777],[7.221122042457029,45.569241102518,1777],[7.221123843615323,45.56930630099293,1777],[7.221188542433972,45.569414898260995,1778],[7.221206943845464,45.5695534950443,1778],[7.221236642864328,45.56958479354103,1778],[7.221349538769444,45.56967359075907,1779],[7.221639927532823,45.56981958445457,1779],[7.221774321751288,45.569906080590656,1780],[7.221874218515584,45.57001077732956,1780],[7.222071711322979,45.57011257316846,1780],[7.222107910434085,45.57015737214818,1781],[7.222103008439771,45.57002057523512,1781],[7.222112531548349,45.56985567192573,1781],[7.2220920240242705,45.56979498327835,1782],[7.221960406545753,45.56964332253127,1782],[7.2218448114657985,45.569500588797794,1782],[7.221815209636808,45.569236894472915,1783],[7.2217789107489,45.569197596039395,1783],[7.221776208456316,45.5690698989667,1784],[7.221756108088496,45.569010500107616,1784],[7.2218113022020445,45.56879740381064,1784],[7.221803400464398,45.56867040704059,1785],[7.221757701237302,45.56856151010839,1785],[7.221597204492848,45.568359815503285,1785],[7.221575204830535,45.568302017076064,1786],[7.221573304306834,45.56823101872326,1786],[7.22152310472453,45.56808682239872,1787],[7.221499200332414,45.567760030008216,1787],[7.221427199789724,45.56751223579993,1787],[7.2214409986256225,45.56751073605193,1788],[7.221589494742682,45.56773842920455,1788],[7.2218682848831275,45.56795782164024,1788],[7.221923383342479,45.56804341955248,1789],[7.222114176776001,45.56820371357497,1789],[7.222201675223387,45.568312110788405,1789],[7.222219275253013,45.568365308691156,1790],[7.222317671996566,45.56847370535561,1790],[7.2224412674499625,45.56857730159521,1791],[7.222504765675221,45.568683999169956,1791],[7.222503868039436,45.56879079700547,1791],[7.222580366858571,45.568926393294696,1792],[7.222915154349673,45.56915838453749,1792],[7.2229513522131255,45.56916548421373,1792],[7.223221242458044,45.56932617727994,1793],[7.223256540751952,45.5693766756038,1793],[7.223413634541946,45.56948337158233,1793],[7.223485233464877,45.56956576910049,1794],[7.223645827432107,45.569686465070816,1794],[7.223657130933114,45.56991006006019,1795],[7.223740027607386,45.57000545750954,1795],[7.223797825283291,45.57000295687944,1795],[7.22381502447454,45.56998235689592,1796],[7.2238062236034875,45.56992705850968,1796],[7.2238445206132536,45.569862559354796,1796],[7.223859017404466,45.56974476162118,1797],[7.223911114253639,45.5697014615752,1797],[7.223913313980891,45.5696450633673,1797],[7.223865012996496,45.56945586745104,1798],[7.223846712917016,45.56942696833071,1798],[7.2237969156125645,45.56940786904891,1799],[7.223759315732926,45.56935337113416,1799],[7.223699116059181,45.569190774698015,1799],[7.223712914768202,45.56913657578838,1800],[7.223619017616271,45.569013380082055,1800],[7.2235392164165315,45.568745986350535,1800],[7.223544216219422,45.5687117872121,1801],[7.223595193865332,45.5687310651819,1801],[7.22368990908672,45.568818382877595,1801],[7.223842863448464,45.568876326665155,1802],[7.224051181938373,45.569025241135684,1802],[7.224120372298762,45.56908274954791,1803],[7.224153376825678,45.569162006440536,1803],[7.224183020500596,45.56926373020483,1803],[7.224224092186506,45.56930416688563,1804],[7.224261691032263,45.569316266282975,1804],[7.224275590153953,45.56930106670818,1804],[7.224248790628282,45.56926786721126,1805],[7.224243989480385,45.56920226840623,1805],[7.224245297199,45.569017145529045,1805],[7.224223086854946,45.568957074337725,1806],[7.224272444072426,45.56897097852072,1806],[7.22434439712456,45.56902980067132,1807],[7.224392796938153,45.56909486046225,1807],[7.224468804772971,45.56923252973129,1807],[7.2245167793368905,45.56938176209624,1808],[7.224540480105543,45.569452460260194,1808],[7.224582378128686,45.56949425888019,1808],[7.224614776109489,45.569478158752545,1809],[7.224619575749608,45.56942865957131,1809],[7.2246737717651355,45.569350561348855,1810],[7.22463787249454,45.56931966240074,1810],[7.224669369058264,45.56917946477932,1810],[7.224680165992571,45.5689979682322,1811],[7.2246372671848045,45.568955769751234,1811],[7.224629466574498,45.568918971049115,1811],[7.224689664346937,45.56895616938273,1812],[7.224740163056636,45.569028566719375,1812],[7.224742364268745,45.56910576584509,1812],[7.224848960644761,45.56918896217768,1813],[7.224958357323834,45.56930705849978,1813],[7.224976057490415,45.56936485694126,1814],[7.224949559050647,45.56941225650372,1814],[7.224963258225582,45.56942995622351,1814],[7.224945659891031,45.56949065511656,1815],[7.224954461491236,45.56957435280605,1815],[7.225067157301442,45.56965545023536,1815],[7.225139453831178,45.56963874956507,1816],[7.22512035333565,45.56956165143872,1816],[7.225206445962737,45.56938425394373,1816],[7.225228347892848,45.56952725097053,1817],[7.225274645088481,45.569539950557335,1817],[7.225269144713793,45.56949785106565,1818],[7.225290942785152,45.569447751945205,1818],[7.225325640579078,45.56938695329668,1818],[7.225406234710523,45.56932415320799,1819],[7.225421133649697,45.56925755456395,1819],[7.225441866650157,45.5692467112272,1819],[7.225475400862973,45.569249856956404,1820],[7.225527327819073,45.56929200458663,1820],[7.225568799082483,45.569369423247274,1820],[7.22559866857615,45.56942960057771,1821],[7.225638831509593,45.56948928257508,1821],[7.2256863007146706,45.56955982055064,1822],[7.2257219245919275,45.569582844574725,1822],[7.225821919153118,45.56961234295858,1822],[7.225843919849592,45.5696467420462,1823],[7.225871817387878,45.56964454181178,1823],[7.225902315870618,45.569609641507,1823],[7.225902641920113,45.569609583566525,1824],[7.225902351177956,45.56960624154708,1824],[7.22591892755331,45.56958418873922,1824],[7.225971303963414,45.56958237685902,1825],[7.226016813473292,45.56959095863574,1825],[7.226044394181342,45.56960516732632,1826],[7.226079259214799,45.569625394598155,1826],[7.226139214790599,45.56964994855342,1826],[7.226180822804575,45.56966371893826,1827],[7.2262669563643,45.56968769565006,1827],[7.226354558157459,45.5697540187383,1827],[7.226382535920144,45.56978529456048,1828],[7.226499954832058,45.569824521022426,1828],[7.226611015148189,45.569843142961794,1828],[7.226686329244471,45.569884340016834,1829],[7.226734789707992,45.56991790229036,1829],[7.226805203237088,45.56993671284848,1830],[7.226879434498036,45.56995295800169,1830],[7.226918097091497,45.56997127550072,1830],[7.226930969674227,45.57000756593453,1831],[7.226931867022012,45.57003842026204,1831],[7.226920850678456,45.57009156465166,1831],[7.226908468633539,45.57012877529356,1832],[7.226890239659352,45.57020329894055,1832],[7.226906810955172,45.57027048719789,1833],[7.226907579082176,45.57035141465398,1833],[7.226906165863679,45.57051614003254,1833],[7.226953039840823,45.570612424958625,1834],[7.226933754384251,45.57069086916037,1834],[7.226886906766308,45.570754448109184,1834],[7.226838397894443,45.570811439650065,1835],[7.226680415971774,45.57102192152861,1835],[7.226580455939367,45.57116998080456,1835],[7.226535733386751,45.57128477573442,1836],[7.226533151155883,45.57142614562032,1836],[7.22653249579544,45.571432429711884,1837],[7.226628198524556,45.571590598465264,1837],[7.226681903648098,45.571627609398874,1837],[7.226689837682496,45.571672354133675,1838],[7.226615560844579,45.57177619160662,1838],[7.226562532190593,45.57185804778706,1838],[7.226533099874689,45.57202131100686,1839],[7.226505391638454,45.57212980854208,1839],[7.226488632148333,45.57218729298228,1839],[7.226459251055307,45.57234891612214,1840],[7.226445492904483,45.572425694502826,1840],[7.226449035890003,45.572468574491786,1841],[7.226469837072507,45.57258707190382,1841],[7.226496836434848,45.57261267097754,1841],[7.226469937656369,45.57264127005582,1842],[7.2264906369964175,45.57266507013663,1842],[7.226467138966508,45.5727007696634,1842],[7.226578736797331,45.5729056636698,1843],[7.226565539496508,45.572995361531845,1843],[7.2266152392872,45.57316105789387,1843],[7.226685856867559,45.57325305817842,1844],[7.226723263361075,45.57331138463466,1844],[7.22675951241183,45.57340643891647,1845],[7.226812282852551,45.57351093684448,1845],[7.22683952414759,45.5735953517868,1845],[7.226850245443152,45.57367032399207,1846],[7.226897608566946,45.57382788950277,1846],[7.2269185546147305,45.57399357490282,1846],[7.226891300235516,45.57408764404557,1847],[7.226858020309702,45.574135684890365,1847],[7.226628215931535,45.5743716271888,1847],[7.226548754312535,45.57452131699302,1848],[7.22649373900627,45.57466613711921,1848],[7.226487927081287,45.574809117420536,1849],[7.226539172156657,45.57497461994584,1849],[7.226597571986078,45.57508841679566,1849],[7.226532379070098,45.57531361271097,1850],[7.2265564788242775,45.575359010810736,1850],[7.226588976425961,45.57537521018314,1850],[7.2267963674611355,45.57538280768424,1851],[7.226947959698493,45.57542890532659,1851],[7.227189548302226,45.57542330232518,1851],[7.2272491447260965,45.57539990279119,1852],[7.2273219400665,45.5753413034307,1852],[7.2274039648724075,45.57529938626812,1853],[7.227496876929548,45.57528639201146,1853],[7.22756521688206,45.57528220343416,1853],[7.227645491998308,45.57528476163766,1854],[7.22771780087579,45.57530294486923,1854],[7.227823296939005,45.57533542330523,1854],[7.2278794000234425,45.575363853489414,1855],[7.227952206464284,45.5754107523703,1855],[7.227974295719561,45.575451123523685,1855],[7.227969007321787,45.575470727130615,1856],[7.2279440910223265,45.575520210377434,1856],[7.227917430714287,45.57556573050266,1857],[7.227913556035937,45.575599792439526,1857],[7.227928673614807,45.57565383475373,1857],[7.227939350140164,45.57570058950488,1858],[7.227939484722406,45.575815097165666,1858],[7.227935620580968,45.57590821626238,1858],[7.227944799540315,45.575943136913715,1859],[7.227939036667134,45.576037211233896,1859],[7.22795077621555,45.57610957447081,1860],[7.22795615319395,45.57629503222318,1860],[7.2279583616727825,45.576343624944265,1860],[7.227963971555575,45.576373240039366,1861],[7.227983670956494,45.57640045002501,1861],[7.228012216577436,45.576443545081915,1861],[7.228041872552386,45.57655523000338,1862],[7.228075918458519,45.576601691181345,1862],[7.228075407910074,45.576647617074045,1862],[7.228062089880128,45.57668481327992,1863],[7.228056239245732,45.5767519819239,1863],[7.228092963124997,45.57680242249989,1864],[7.2281284217642225,45.576863341972654,1864],[7.22814818458969,45.57688858443548,1864],[7.228183346729375,45.57695893213439,1865],[7.228278465527383,45.577054079258,1865],[7.228385049316414,45.577141201727585,1865],[7.228552382336585,45.57739134574621,1866],[7.228864126945787,45.57759549938725,1866],[7.228932893680393,45.57763724951669,1866],[7.22897625912908,45.57762546132903,1867],[7.228897251465347,45.5774929908032,1867],[7.228916858985521,45.577463765950874,1868],[7.228956378753241,45.57748472066252,1868],[7.229026643269954,45.577538305720516,1868],[7.229147600747495,45.577569546556134,1869],[7.229267391736042,45.5776527713253,1869],[7.2292718193837056,45.57771255311641,1869],[7.229257410195649,45.57778451074458,1870],[7.229252683425434,45.57781593486767,1870],[7.229261446396208,45.57783444408561,1870],[7.229297395872562,45.57785009404887,1871],[7.2293202293817,45.577866852953846,1871],[7.229325172977866,45.57788792758129,1872],[7.229337815966827,45.57790190384268,1872],[7.229364673856265,45.577909538015604,1872],[7.229380612206024,45.577907816658715,1873],[7.229390138172763,45.577902058927044,1873],[7.2293956140075775,45.57787236826643,1873],[7.229396896368335,45.5778654170258,1874],[7.229378829499915,45.577815922309114,1874],[7.229365398226995,45.57779734071942,1874],[7.229358709240468,45.577772302079666,1875],[7.229366305510002,45.577768482906194,1875],[7.229386749691953,45.57777208067922,1876],[7.229394260580553,45.577776725436706,1876],[7.229421579686724,45.57779361867423,1876],[7.229445326502343,45.57781104787311,1877],[7.229484894976311,45.57782198706037,1877],[7.2294948157775885,45.57782919119909,1877],[7.229520288148187,45.57789357732824,1878],[7.229553100021689,45.57789014906684,1878],[7.22956230324023,45.57783517171932,1878],[7.229509571138433,45.57775889235631,1879],[7.229522393643099,45.577737437013624,1879],[7.229568411240539,45.57775980456751,1880],[7.2296767063314125,45.57784408919352,1880],[7.229680824023251,45.577914275591915,1880],[7.22966580998862,45.57797572445468,1881],[7.229713314232615,45.57801025527989,1881],[7.229795671589255,45.57812505276885,1881],[7.229816391443898,45.57815156898439,1882],[7.229824891833508,45.57819356798591,1882],[7.229870889030853,45.57822116726697,1883],[7.229895887674615,45.57821806693948,1883],[7.229920286376144,45.57818866685964,1883],[7.229912556729235,45.57800041674702,1884],[7.229948391089955,45.57800799369934,1884],[7.23002475189502,45.578086613855334,1884],[7.230236995994011,45.57816076565014,1885],[7.230237388836264,45.578161561108544,1885],[7.230243015578206,45.578162498882534,1885],[7.230274281801706,45.57820826105583,1886],[7.23029259042734,45.57822035653374,1886],[7.230347240704481,45.578235638903905,1887],[7.2304243268913515,45.57825061364627,1887],[7.230455524947135,45.57826881425214,1887],[7.230479732218144,45.57830134291653,1888],[7.230505203168744,45.57832339171863,1888],[7.23052365615444,45.57833089538591,1888],[7.230555973659807,45.57834320788225,1889],[7.230590867557084,45.578362778032385,1889],[7.230606977494711,45.5783853379302,1889],[7.230613893761888,45.57840316227118,1890],[7.230625560775008,45.5784184355841,1890],[7.230650815469268,45.57844737111762,1891],[7.230665395218692,45.5784889376974,1891],[7.230662798894692,45.57857157705021,1891],[7.230662544321892,45.57863916103695,1892],[7.230670935682396,45.57866947614029,1892],[7.230745454137954,45.57870672117211,1892],[7.230817191518515,45.57874326691208,1893],[7.230890244105964,45.578767692698094,1893],[7.231011578500269,45.57877219780381,1893],[7.2311459261195115,45.57877887192028,1894],[7.2312287816516,45.578788685311146,1894],[7.2313111840126085,45.57881292891097,1895],[7.231378499454321,45.57884153100918,1895],[7.231435375676243,45.57887522156832,1895],[7.231492002886648,45.57888708939692,1896],[7.231534780780012,45.57889365817818,1896],[7.23153557397461,45.57889362365719,1896],[7.231566535636705,45.57889414992061,1897],[7.231623399017701,45.57886878232032,1897],[7.231663181340241,45.578851681160444,1897],[7.231708486115085,45.57883729013162,1898],[7.23174617398968,45.57882737515567,1898],[7.231766865853936,45.5788231015342,1899],[7.231793428947138,45.57881038965538,1899],[7.231824744058964,45.578795125812626,1899],[7.231888934477021,45.57877446553515,1900],[7.231929691761383,45.5787560670601,1900],[7.231980967553122,45.578715192597166,1900],[7.232028832686989,45.578649001855574,1901],[7.232043335874144,45.57862661366689,1901],[7.232228504670842,45.57855710470741,1901],[7.232278539947864,45.57855279827151,1902],[7.232349473270391,45.57852567962354,1902],[7.232403072407147,45.57848516946117,1903],[7.232472096546259,45.57845933440338,1903],[7.232531697822358,45.57843597720075,1903],[7.232562243268898,45.57841545197441,1904],[7.232602224428437,45.57836226304268,1904],[7.232624005648381,45.57832322882095,1904],[7.232645326247067,45.57825958106976,1905],[7.232692062119294,45.578209120375334,1905],[7.2327173949390575,45.578176046525165,1906],[7.232769063902275,45.57813747479458,1906],[7.2328255670104,45.578093728577414,1906],[7.23287808742428,45.578057794607126,1907],[7.232992034497601,45.57801477246364,1907],[7.233055247260076,45.57799540871831,1907],[7.233092186923617,45.57797957539294,1908],[7.233136452568472,45.57796844851137,1908],[7.233205812959101,45.57796164771018,1908],[7.233252400340306,45.577936120314085,1909],[7.233323386066313,45.577877505356426,1909],[7.233388314294349,45.577833232137365,1910],[7.233525097808953,45.577762183191275,1910],[7.233620316621897,45.57767572626855,1910],[7.233784199969618,45.577530125773364,1911],[7.233858589901053,45.57748206166748,1911],[7.2339749578779164,45.57743628753072,1911],[7.234094609372379,45.57737514387079,1912],[7.234195376903353,45.577320269681195,1912],[7.23429017070942,45.57727711389505,1912],[7.2344165127109905,45.57724100827167,1913],[7.234519629072256,45.57720060649984,1913],[7.2345385242772196,45.57719400849431,1914],[7.234667004958321,45.57696678646063,1914],[7.2347988978071465,45.57684698762428,1914],[7.234960287130101,45.576733188123136,1915],[7.23511407751715,45.57657698967103,1915],[7.235155874410843,45.576486390841055,1915],[7.2351790588311315,45.576433539967695,1916],[7.235196654634924,45.57628944976238,1916],[7.235192636189821,45.57617914758935,1916],[7.235192625164835,45.57617884499188,1917],[7.235213965764136,45.57613979805412,1917],[7.235246467373692,45.57613109338897,1918],[7.235289089426859,45.57611272252493,1918],[7.235326371461198,45.576085901978665,1918],[7.235391451230752,45.57600685263543,1919],[7.235457322147618,45.57593240859006,1919],[7.235522108772909,45.575862704679025,1919],[7.235550630894659,45.57581721154911,1920],[7.2355703990671305,45.575743330527665,1920],[7.2355939270094,45.575706534210426,1920],[7.235615019676541,45.57568565599349,1921],[7.235632157447112,45.57567127285782,1921],[7.235659161966851,45.57564860750136,1922],[7.235688606525235,45.575633313693025,1922],[7.235726312149341,45.575622740614655,1922],[7.235785314562966,45.57561840285918,1923],[7.235840133173337,45.57561334338282,1923],[7.2358912175218455,45.57560822709493,1923],[7.235962906200771,45.57560154249122,1924],[7.236045748475623,45.57558182414012,1924],[7.236088602338565,45.57557735110262,1924],[7.236259904411096,45.57553319988645,1925],[7.236321523897547,45.57550291064226,1925],[7.2363761490632745,45.5754742262028,1926],[7.236430793917068,45.57543742061284,1926],[7.236473636733336,45.57539707004276,1926],[7.236513809216203,45.5753450311761,1927],[7.236546363485682,45.57529008620573,1927],[7.236573760655178,45.57525064558975,1927],[7.236596966327029,45.5751660263971,1928],[7.2366062292950355,45.57512384583275,1928],[7.236622289018715,45.57504362839501,1929],[7.236634209843541,45.57500608108016,1929],[7.236656860473119,45.57496902797158,1929],[7.236695949293493,45.57490680139193,1930],[7.236728318364216,45.57485775803654,1930],[7.236739747098776,45.574821023985315,1930],[7.236750825026659,45.5747805113775,1931],[7.236757255088064,45.57476912742697,1931],[7.236787776468425,45.574749256847134,1931],[7.23684022963475,45.57471528847614,1932],[7.236892631916052,45.57469788798297,1932],[7.2369931602223145,45.574665317914096,1933],[7.237054054396808,45.574645259993424,1933],[7.237105887050759,45.57461620356278,1933],[7.237149065110807,45.57458750495561,1934],[7.237178970565547,45.574557453849486,1934],[7.237210990043809,45.574519560560326,1934],[7.2372246240892935,45.57448696216844,1935],[7.237258837782716,45.5744047134478,1935],[7.237370926269212,45.57401511988368,1935],[7.237368817627588,45.57400145291189,1936],[7.237373401989277,45.57399489997443,1936],[7.237428383059331,45.57395473638645,1937],[7.237465298328853,45.57393955742019,1937],[7.237522029631586,45.573918122681,1937],[7.2375573683229675,45.57389356841231,1938],[7.237615162235174,45.573853120514954,1938],[7.237656674652125,45.57381045285387,1938],[7.237708001632679,45.57375324281184,1939],[7.237777179393291,45.57370674734353,1939],[7.237838322872479,45.57366372548343,1939],[7.237888814358049,45.57363267952139,1940],[7.237929543151692,45.57360755214729,1940],[7.237956369143014,45.57358631191479,1941],[7.237964553652848,45.573578564289264,1941],[7.237970741470831,45.573559957881365,1941],[7.237975810767774,45.573547240546354,1942],[7.238004274063423,45.57351847928606,1942],[7.238016091011364,45.573484211911,1942],[7.238022614902037,45.57341008018883,1943],[7.238024492483915,45.573379924941804,1943],[7.238017194534273,45.57334437795333,1943],[7.238019950384676,45.57333096786267,1944],[7.238034583712172,45.57331118033773,1944],[7.2380403564700355,45.5732909275738,1945],[7.238033879989561,45.573244073841344,1945],[7.238037296635757,45.573194584296814,1945],[7.238033099805583,45.57316449824215,1946],[7.2380153450072715,45.57313469624637,1946],[7.237998811644364,45.57312558255425,1946],[7.237987667183846,45.57312344122679,1947],[7.23797713681076,45.57312387460415,1947],[7.237918873128594,45.57312730140828,1947],[7.237901545210585,45.573128674887414,1948],[7.237884929800664,45.57312218454905,1948],[7.237880983373333,45.573113921216546,1949],[7.237892184771289,45.57309933002645,1949],[7.237933111679606,45.57307535420951,1949],[7.23799729770524,45.573039597855995,1950],[7.238064930940452,45.57299815303482,1950],[7.238179289950712,45.572926587770944,1950],[7.238264897799672,45.57287803766912,1951],[7.238331535647486,45.572823617966165,1951],[7.238419041087418,45.57274425574257,1952],[7.2385000094486855,45.57266479351833,1952],[7.238558400393747,45.57259023137104,1952],[7.2386055730028795,45.572519044283446,1953],[7.238640439535279,45.57243171433519,1953],[7.2386641337001745,45.57236121099282,1953],[7.238669720553985,45.5723319329136,1954],[7.238677577439469,45.57232063656307,1954],[7.238692008152663,45.57231464947038,1954],[7.2386926873150195,45.57231456993706,1955],[7.238742367094505,45.57230942980927,1955],[7.238761106357431,45.57230775033939,1956],[7.238787582780139,45.57229766012213,1956],[7.238800504241689,45.572290428329545,1956],[7.238822042868316,45.5722867686394,1957],[7.239113378969271,45.57229581204925,1957],[7.2393455884142925,45.57226146472414,1957],[7.239663943321412,45.57216624384695,1958],[7.239677312984509,45.572154876690405,1958],[7.239687851482636,45.572146508165964,1958],[7.239681642689039,45.572135913014485,1959],[7.2396630264794455,45.57213365757735,1959],[7.23964531801322,45.57214016581875,1960],[7.239495410315804,45.57213192969776,1960],[7.239464902833019,45.57212026867957,1960],[7.239391947155213,45.57209289668122,1961],[7.239355792133327,45.57208380830562,1961],[7.2392748534757505,45.57207271803553,1961],[7.2392291757886715,45.57206938823159,1962],[7.239184954725537,45.5720672644755,1962],[7.239122467116159,45.572042763853254,1962],[7.239120938912295,45.57203491048322,1963],[7.239130904147692,45.57202229288826,1963],[7.239178554115798,45.57202406539867,1964],[7.239249206533059,45.572026388765835,1964],[7.239315008206373,45.57201362304823,1964],[7.239399527215557,45.57199983353909,1965],[7.239499002708507,45.57197085434701,1965],[7.239597067753327,45.57194218185554,1965],[7.239683762962606,45.571918582394424,1966],[7.2397788611432246,45.57189511328762,1966],[7.239840906791559,45.57188294553205,1966],[7.239918426307076,45.57185395519344,1967],[7.2399928356156975,45.57183476015653,1967],[7.240053259411901,45.57181469337962,1968],[7.240110347668964,45.57181163620702,1968],[7.240147605860854,45.57181724452879,1968],[7.2403365373456525,45.57180773565105,1969],[7.240387725512725,45.57181525428917,1969],[7.240422318951881,45.57181447498955,1969],[7.240453320557865,45.57180904632329,1970],[7.240469340107694,45.57180470003168,1970],[7.2404704992680395,45.57179750014032,1970],[7.240447664780045,45.57178074343538,1971],[7.240382098892242,45.57175611056485,1971],[7.240205106347693,45.57166446875245,1972],[7.240198917967181,45.57165321868374,1972],[7.240207756048913,45.571646683475294,1972],[7.24033003913429,45.571662115792485,1973],[7.240373934300551,45.571658540169864,1973],[7.240486746456653,45.571666183797554,1973],[7.240604691643714,45.57168899895689,1974],[7.240673142213056,45.57171105150369,1974],[7.240704483487994,45.57172465841901,1974],[7.240747175213997,45.57173384706661,1975],[7.240791045301575,45.571735179040054,1975],[7.240831468184694,45.571727270765884,1976],[7.240866061567679,45.571726491330914,1976],[7.2409022985713305,45.57173295495455,1976],[7.240926599515249,45.571732673117985,1977],[7.240953906705231,45.571725875990346,1977],[7.240967143950186,45.57172083061302,1977],[7.2409724106449085,45.571711039645955,1978],[7.240968548833295,45.57170575969095,1978],[7.240956655037577,45.5716977016779,1979],[7.240890637125119,45.57168749853917,1979],[7.240830366800363,45.57167278988575,1979],[7.240756026578789,45.57165983293201,1980],[7.240703431656419,45.57163868085881,1980],[7.240647654610915,45.57159976253884,1980],[7.240572810893917,45.57157301836512,1981],[7.240515914545645,45.57153998816859,1981],[7.240497717743955,45.571530177746716,1981],[7.240488349634458,45.5715251270664,1982],[7.240483115507762,45.57151323555619,1982],[7.240527068663463,45.57151194337416,1983],[7.240549689000674,45.57152566529099,1983],[7.240625342556391,45.571539321274244,1983],[7.2406299047366565,45.57154158415773,1984],[7.240641051672057,45.57154191610269,1984],[7.240680880364904,45.571553029145086,1984],[7.24071124680543,45.57156793245934,1985],[7.240742669941518,45.57157891598876,1985],[7.240762158382076,45.5715831531644,1985],[7.240808122557969,45.571577299639365,1986],[7.2408587762941385,45.57157086127513,1986],[7.240917597073837,45.57158035771728,1987],[7.240961859956529,45.57157735638403,1987],[7.240987024108038,45.571580250716224,1987],[7.241004842978664,45.57157573674663,1988],[7.2410478577730455,45.57157084218685,1988],[7.241060367536341,45.57157037780799,1988],[7.241073180878008,45.57157147794429,1989],[7.241112864412135,45.57158666866824,1989],[7.241137164023824,45.57158696101818,1989],[7.241169181135429,45.5715789240611,1990],[7.24124328380638,45.5715695658741,1990],[7.241247382180651,45.57156919875322,1991],[7.2412711064302,45.57156123836972,1991],[7.241310757839941,45.571548068770866,1991],[7.241350164778916,45.57154277020415,1992],[7.241400613652449,45.57154289093683,1992],[7.241461313982832,45.5715438256674,1992],[7.2415041373907405,45.57154448509001,1993],[7.24155569441649,45.57153948695452,1993],[7.241565115536572,45.57154083092881,1993],[7.241685120737538,45.571527586135005,1994],[7.241783605999008,45.571515322214225,1994],[7.2418768964848175,45.57148985414956,1995],[7.241993637031402,45.57146146710928,1995],[7.242090377297097,45.57144523910564,1995],[7.242129345983599,45.571440386264534,1996],[7.24218399746197,45.57144484582734,1996],[7.242607105724862,45.571383749037274,1996],[7.242666391483511,45.57138487557779,1997],[7.242790109597918,45.57137234381671,1997],[7.242953581383759,45.57135394568432,1997],[7.243191646018548,45.571364936703496,1998],[7.2433049603758155,45.57134849729765,1998],[7.2433104392754295,45.57134491464673,1999],[7.243376824118793,45.57134331116446,1999],[7.243470210194366,45.57134474759598,1999],[7.243585421564627,45.571335364024264,2000],[7.243679073492142,45.57132827340378,2000],[7.243719283345344,45.57132483243399,2000],[7.243783058613723,45.57131937403833,2001],[7.243808183782053,45.57131299631235,2001],[7.2438244964035015,45.571308855674786,2002],[7.24386158422362,45.571317956980145,2002],[7.243884705962345,45.57133448789934,2002],[7.243922281697706,45.57134504041819,2003],[7.243958578851846,45.571338478021104,2003],[7.244008925360775,45.571341876822984,2003],[7.244037248131473,45.57135543460928,2004],[7.2440717581420175,45.57135621096141,2004],[7.244086251426168,45.57134897123525,2004],[7.2441257397649474,45.571341048324925,2005],[7.2442129150239785,45.5713318892066,2005],[7.244267429597406,45.571326845309514,2006],[7.244448508812359,45.57133873164469,2006],[7.244512376743555,45.571346336244765,2006],[7.244565006191233,45.57135975539595,2007],[7.244572627303596,45.57136169880956,2007],[7.244651316492211,45.57135503354867,2007],[7.244726370265866,45.57133762119165,2008],[7.244791892446645,45.57131126129409,2008],[7.244862910295356,45.57126592660197,2008],[7.244965851056057,45.57120057771461,2009],[7.245026863786991,45.5711614869369,2009],[7.245076425515821,45.5711300958685,2010],[7.245139899988396,45.571116962499886,2010],[7.245220855697692,45.57106751570968,2010],[7.245257250420711,45.571037075242806,2011],[7.245350533113288,45.57093772284733,2011],[7.245427871328704,45.57078896746302,2011],[7.245658875549962,45.57067131235046,2012],[7.245748728330454,45.57066271703839,2012],[7.245823581306291,45.570735503422576,2012],[7.245855455469202,45.570745724704175,2013],[7.245918221278315,45.570770311425,2013],[7.245956647035139,45.57079649274163,2014],[7.245960166762834,45.570863478647425,2014],[7.2459580280444875,45.57090216099403,2014],[7.245937858523352,45.57094329274166,2015],[7.245921908343658,45.57096625814759,2015],[7.245920510163735,45.57096687572958,2015],[7.245882236362167,45.57099581681244,2016],[7.245862294008259,45.571036194167085,2016],[7.2458579856431005,45.57105450134802,2016],[7.245858088747037,45.57105814556059,2017],[7.245860205098191,45.57113327904779,2017],[7.245867658519002,45.57122394800752,2018],[7.245868325679943,45.571292530043486,2018],[7.245885214980452,45.57141024736385,2018],[7.245926191831145,45.57147452780625,2019],[7.245985066590454,45.5715190689269,2019],[7.246078380691564,45.57158283994116,2019],[7.246146241175934,45.57162390965806,2020],[7.246214367205636,45.57165645334311,2020],[7.246241709127606,45.57167852738755,2020],[7.246252302314309,45.57169837664126,2021],[7.246261477135169,45.571703766810586,2021],[7.246268920924844,45.571703176359414,2022],[7.246290273269184,45.57163981901637,2022],[7.246286447867592,45.571591941659,2022],[7.246244660498309,45.57152371194526,2023],[7.246233989859156,45.57147630191483,2023],[7.246226244466436,45.57142499985118,2023],[7.246227449219719,45.57138630315988,2024],[7.2462220968750914,45.57134816192958,2024],[7.2462134517484245,45.57132571885193,2025],[7.246204085114854,45.5713114671333,2025],[7.246208150478656,45.571285937556894,2025],[7.246199612972019,45.57123003021065,2026],[7.246199444909544,45.57120542030891,2026],[7.2462053301881415,45.57116646786718,2026],[7.246213188633009,45.57115412062588,2027],[7.246221878789581,45.57114506695283,2027],[7.24623949987785,45.57114927541621,2027],[7.246257687279496,45.571165302539576,2028],[7.2462694388144655,45.571177950930384,2028],[7.246283038834637,45.57119128386564,2029],[7.24632002491229,45.57120366360574,2029],[7.246351449015323,45.571214644705826,2029],[7.246395600629704,45.5712369768433,2030],[7.246429376983886,45.571262431344884,2030],[7.246469119680752,45.57130634990723,2030],[7.24648696007849,45.571333528171984,2031],[7.246502242790491,45.57135279235092,2031],[7.246523252181692,45.57136820660285,2031],[7.24656486793961,45.571381969667826,2032],[7.246611984519486,45.57139909797172,2032],[7.24669072954988,45.571420648807766,2033],[7.24679273787463,45.571482748958125,2033],[7.246809348840487,45.57145938133971,2033],[7.246818782266186,45.571397537569204,2034],[7.246831680919494,45.57135113838341,2034],[7.246804680950482,45.571190218699655,2034],[7.246813712438313,45.571169083030945,2035],[7.24681708541483,45.57115076145442,2035],[7.24680939429692,45.57112767690797,2035],[7.246779740902311,45.57108981878983,2036],[7.2467610278654835,45.57106065869506,2036],[7.246746337124577,45.57102237412028,2037],[7.246735217043773,45.570989393636374,2037],[7.246733885404098,45.57094212702672,2037],[7.246738942381594,45.57089971632832,2038],[7.2467376259337835,45.57088197891763,2038],[7.2467372841144195,45.570862944151514,2038],[7.2467412642739095,45.57085513134629,2039],[7.24675393751719,45.570849531189324,2039],[7.246779126043997,45.57085440029741,2039],[7.2468089847424935,45.57088569907647,2040],[7.24685167046335,45.57092507047486,2040],[7.246925276448363,45.570961634820875,2041],[7.246980715403622,45.57098151536697,2041],[7.24701693228131,45.5709886329001,2041],[7.247095840171471,45.57100493668434,2042],[7.247152723254351,45.57100843443241,2042],[7.2472043454862405,45.57103088092373,2042],[7.247216869042418,45.571048790340356,2043],[7.247208376907064,45.57108146976071,2043],[7.247207050398292,45.57112410155042,2043],[7.247214272292297,45.57116227143021,2044],[7.24722005384099,45.571186639858894,2044],[7.24721420638725,45.571254465738285,2045],[7.247188365070809,45.57136430925789,2045],[7.247158637647746,45.57143676585538,2045],[7.247105818744265,45.57163817636809,2046],[7.2471125888833825,45.571712732298316,2046],[7.2471173190897575,45.57177825880461,2046],[7.247138798570154,45.57180122823796,2047],[7.24715030180576,45.57185193175608,2047],[7.247160278096522,45.57192164135081,2048],[7.24716719261513,45.571969649797886,2048],[7.247196771596812,45.57203998789441,2048],[7.247240019968295,45.57212136375922,2049],[7.247262423147609,45.57218207694395,2049],[7.247266986565038,45.57221561289783,2049],[7.247261056114061,45.57228606213111,2050],[7.247259423452884,45.57233853250089,2050],[7.247257979415407,45.57235491521513,2050],[7.2472537747062535,45.5723699432402,2051],[7.247251236702026,45.572376465877575,2051],[7.247254808729609,45.572381770874145,2052],[7.247261294525915,45.57238351036602,2052],[7.247270268574475,45.57238036730399,2052],[7.247278625116683,45.572367043847926,2053],[7.247307974850155,45.57233960618809,2053],[7.24736461220313,45.57230602481867,2053],[7.2474030463304935,45.57228692899168,2054],[7.247420121769328,45.57227866097489,2054],[7.247430778036289,45.57225897412411,2054],[7.247475523885389,45.57218715207729,2055],[7.247490385515796,45.572167447849324,2055],[7.2475102962705105,45.57213560070152,2056],[7.247516380526512,45.57210518042031,2056],[7.247512711235655,45.572072971415324,2056],[7.247501057145476,45.57202932945721,2057],[7.247494719832013,45.57200559967573,2057],[7.247503162704739,45.571959467770675,2057],[7.247520556098362,45.571925940240966,2058],[7.247547272100502,45.57190059529354,2058],[7.247560472804925,45.571866675788904,2058],[7.247567073791441,45.571849716045705,2059],[7.24757166303073,45.57183731854521,2059],[7.247579389923355,45.57182923467703,2060],[7.2475888199474605,45.57182642621632,2060],[7.2475949312212755,45.571825207676234,2060],[7.247604197993061,45.57182764688235,2061],[7.247613738503774,45.57183632335,2061],[7.247617482230042,45.571851145727976,2061],[7.247617002751726,45.57186655856027,2062],[7.247615841479178,45.57188885105143,2062],[7.247622565564349,45.571927997950446,2062],[7.247633999573023,45.57196590480321,2063],[7.247638585336802,45.571983692367034,2063],[7.247663256514829,45.5720465725681,2064],[7.247665939317843,45.57209549983881,2064],[7.2476702309539585,45.57210770598533,2064],[7.247672517248455,45.57212430975986,2065],[7.24768623005331,45.57213403493105,2065],[7.247699791554588,45.57213358686265,2065],[7.247705316850207,45.57213052496007,2066],[7.2477694046544,45.57189309393051,2066],[7.247804797716298,45.57185428723409,2066],[7.247889213820639,45.57170586742478,2067],[7.247931648233166,45.57166329117017,2067],[7.2479575343323175,45.571544425761715,2068],[7.248136904047061,45.571274612211056,2068],[7.248195169011104,45.57118864186361,2068],[7.248202502704617,45.571148070689915,2069],[7.248217571723904,45.57111417976506,2069],[7.2482319268423865,45.57110324525988,2069],[7.248249223324553,45.57110285441905,2070],[7.248257901404345,45.571109220597464,2070],[7.248262213495374,45.57112077087814,2071],[7.248256848159745,45.571158091453,2071],[7.248246128468808,45.57132254917276,2071],[7.248224970565083,45.571387023266674,2072],[7.248226007709358,45.57144380009562,2072],[7.248267629193086,45.571517439627065,2072],[7.248272891599199,45.5715586828599,2073],[7.248271861730129,45.57156163373009,2073],[7.24826315737219,45.57166124090526,2073],[7.248262781434145,45.57173341624582,2074],[7.248266391206001,45.57176759369276,2074],[7.248276505534471,45.57179235615613,2075],[7.248287228560514,45.57181860408838,2075],[7.248288745085295,45.571859967176216,2075],[7.248278238617182,45.5719273940079,2076],[7.2482619717217345,45.57196979663061,2076],[7.248259084253615,45.57200256209531,2076],[7.248259365396666,45.57202356439976,2077],[7.248251118445931,45.57204837374393,2077],[7.2482474603344045,45.57207587721378,2077],[7.24824688923059,45.572094241808664,2078],[7.248250579310602,45.57212579584958,2078],[7.248259914418623,45.57215612416265,2079],[7.248269125882973,45.57219038753286,2079],[7.248293839923918,45.57225195593436,2079],[7.2482990945805685,45.57227828469913,2080],[7.248306213365061,45.57228971331272,2080],[7.248312353862193,45.57229505677345,2080],[7.248320042317541,45.57229566704918,2081],[7.248329919544915,45.572293521546015,2081],[7.248332836605618,45.57229096055507,2081],[7.248337425661173,45.57226690157172,2082],[7.2483546332843085,45.57223492550732,2082],[7.2483615869274995,45.572215850537454,2083],[7.248372513055701,45.572193244274665,2083],[7.248385752590925,45.57217310551326,2083],[7.248405062622179,45.572153059859595,2084],[7.248414934825972,45.57214353270707,2084],[7.248424979705733,45.57213224404326,2084],[7.248436562777512,45.57212782858788,2085],[7.248443567105606,45.57212793601804,2085],[7.248449488483755,45.5721327837664,2085],[7.248451406983976,45.57213871952361,2086],[7.2484563128474715,45.572153722612256,2086],[7.2484619435784525,45.57216791774451,2087],[7.248469554050919,45.57218607929511,2087],[7.248496084146253,45.57221929595037,2087],[7.248507415789068,45.572245512690856,2088],[7.248521133415293,45.57228509442416,2088],[7.248524986826478,45.57231140078736,2088],[7.2485264466051245,45.57232454725772,2089],[7.248529998386405,45.572330507162825,2089],[7.248537388725293,45.57233324514372,2089],[7.2485442970652185,45.57233273093969,2090],[7.248546192002039,45.57232804897764,2090],[7.248565989978312,45.57230735462166,2091],[7.2485880010019565,45.57227553859773,2091],[7.24863209884279,45.57225456074045,2091],[7.24865695706867,45.57222885851431,2092],[7.248681778239654,45.57221184959742,2092],[7.248704711324844,45.57219546877983,2092],[7.2487177876217785,45.57218057674946,2093],[7.248725696630328,45.5721665901651,2093],[7.248756243044313,45.57214573207472,2093],[7.248793550493252,45.57211775990383,2094],[7.248824317392681,45.572082304960944,2094],[7.248890801541139,45.572032469849056,2095],[7.24895174886288,45.57198796288869,2095],[7.248995970036384,45.57194795726653,2095],[7.249015766430984,45.57192726280719,2096],[7.249029868156554,45.57190943329694,2096],[7.249038071302461,45.57190102900286,2096],[7.249050800878439,45.5718972863228,2097],[7.249059124981038,45.57190003948699,2097],[7.249068188001161,45.57190903614137,2098],[7.249070602106991,45.57192154107828,2098],[7.249071817375488,45.571942557703004,2098],[7.2490760366204645,45.57197215135359,2099],[7.249080053360823,45.571993210930486,2099],[7.249083580817194,45.57203001172426,2099],[7.249079505160749,45.57207096143067,2100],[7.249070178226639,45.57210051120375,2100],[7.249060926456295,45.57212760130672,2100],[7.249041126001898,45.57217848082975,2101],[7.249016000251381,45.57223534794486,2101],[7.248995581900354,45.57227604706929,2102],[7.248978230676496,45.57229772950139,2102],[7.248926651635039,45.572363625634914,2102],[7.248921372974081,45.572378997286215,2103],[7.248919524307532,45.57239340533952,2103],[7.248921989381629,45.572404270212424,2103],[7.248934716378986,45.572415620964904,2104],[7.2489514640504025,45.572432938797405,2104],[7.248966778497467,45.5724512184403,2104],[7.248978957690123,45.57246518542448,2105],[7.248984030578594,45.57248232424256,2105],[7.248978031071367,45.57252504910666,2106],[7.248958727263329,45.57257495153875,2106],[7.248941293759544,45.57260979008681,2106],[7.248926725547984,45.57262761243141,2107],[7.248897368661464,45.572670306769176,2107],[7.248869526658415,45.57269432334538,2107],[7.248854574821085,45.57272444300519,2108],[7.248836277301374,45.57277202333523,2108],[7.248791545942269,45.57285471460807,2108],[7.248728525188659,45.572917070689456,2109],[7.248718233674459,45.57293253827265,2109],[7.248714496871122,45.572947532121674,2110],[7.248571363389516,45.57313081582286,2110],[7.2485068462332105,45.57316750102373,2110],[7.248495124884141,45.573211390114125,2111],[7.248459526138716,45.57331705457229,2111],[7.24847162139606,45.573385324002345,2111],[7.2485082349517755,45.573454876753274,2112],[7.248596245797654,45.573534295962936,2112],[7.248676173495021,45.57358272647098,2112],[7.248758417745975,45.573618937845715,2113],[7.248881290312505,45.573658041258255,2113],[7.2489398749315805,45.57368617241407,2114],[7.249020450578174,45.57371373433944,2114],[7.249214008165955,45.5738074795645,2114],[7.249381079828372,45.573921698523655,2115],[7.249484688355415,45.57399840567851,2115],[7.249565822858842,45.574049577702134,2115],[7.249594998219191,45.57410903058851,2116],[7.249596128635703,45.57414598182983,2116],[7.249590049760039,45.5741531208046,2116],[7.24953379747181,45.57416505592787,2117],[7.249473046656331,45.57416503200029,2117],[7.249427649937076,45.57416747470462,2118],[7.249289191397134,45.57417492274841,2118],[7.24914269037789,45.5741890168288,2118],[7.249035118179993,45.57419826121281,2119],[7.248922207816503,45.57421287003198,2119],[7.248875989866512,45.57421707398383,2119],[7.248777027387536,45.574226075710676,2120],[7.24864232316797,45.57423490365983,2120],[7.248562835433776,45.57425547107283,2121],[7.248533683227131,45.57428899032208,2121],[7.248518243188007,45.57431442922371,2121],[7.248526640557206,45.57433865947619,2122],[7.248513009525886,45.574402902500516,2122],[7.248535164769042,45.57443864606982,2122],[7.248575741324273,45.57450553682253,2123],[7.24861845565264,45.57454522660247,2123],[7.248737390886251,45.57462784268747,2123],[7.24884958539788,45.57471943439889,2124],[7.248967745600738,45.5748270029948,2124],[7.249007390826242,45.57492383579438,2125],[7.248985433198414,45.5750896234106,2125],[7.248965821743551,45.57513834290133,2125],[7.248958742182657,45.57515820533922,2126],[7.248964145560823,45.575162700384915,2126],[7.249007446145817,45.57515399716755,2126],[7.249234708751543,45.575043794097695,2127],[7.249288278518103,45.57499440974712,2127],[7.249302275459077,45.574918371288454,2127],[7.249288662031011,45.57485734054093,2128],[7.249282432193622,45.57480822484182,2128],[7.2492802149898505,45.57479638989358,2129],[7.249275837015548,45.57477090449917,2129],[7.249269354651119,45.57472995495986,2129],[7.249281557647206,45.57471410439785,2130],[7.249310646843608,45.57469064599621,2130],[7.249364210787733,45.57467240341063,2130],[7.249388673187917,45.574675502049836,2131],[7.249403641643023,45.574692978851814,2131],[7.249398947436791,45.57471923245363,2131],[7.249392961922404,45.574745467160376,2132],[7.24939624610989,45.57476458031363,2132],[7.249418068320791,45.57476945393704,2133],[7.249451970911429,45.57475998813223,2133],[7.249504101319695,45.574746262613786,2133],[7.249537778305825,45.5747440551764,2134],[7.249573896844108,45.57474642425945,2134],[7.249595663953083,45.57475311246707,2134],[7.249628747509057,45.57476995961608,2135],[7.2496552029403984,45.574792152454684,2135],[7.249677753817744,45.57481519272412,2135],[7.249701456313447,45.574842788846205,2136],[7.249718951049897,45.57486212068833,2136],[7.249744228084292,45.57488066361977,2137],[7.249764250299361,45.5749018496542,2137],[7.24978752993233,45.57494305659755,2137],[7.2498133652352905,45.5749852108845,2138],[7.249830172780288,45.57501276071478,2138],[7.24983814203964,45.575061389993486,2138],[7.249864762510143,45.57511989636485,2139],[7.249899974782632,45.57519305899891,2139],[7.249934989819551,45.57527257226775,2139],[7.249947036421263,45.57530089789614,2140],[7.249953128901939,45.57531279311677,2140],[7.249974166072583,45.57532219280941,2141],[7.249980867591976,45.57532682020986,2141],[7.250052759440116,45.57530726051755,2141],[7.250309481645978,45.57518658515354,2142],[7.250329538951731,45.57517966930801,2142],[7.250353326458201,45.575204543851406,2142],[7.250362614994069,45.57528003280799,2143],[7.250362356072968,45.57532995631236,2143],[7.250351987177285,45.57537246307275,2144],[7.250341449128188,45.57542041452809,2144],[7.250346308091586,45.5754304744661,2144],[7.250373185639117,45.57543905628363,2145],[7.250386928569054,45.57544050804526,2145],[7.250509630736136,45.57539918847982,2145],[7.250559615302884,45.57536724707911,2146],[7.250657782774412,45.57532790071314,2146],[7.250704549730328,45.57532044705792,2146],[7.250719432933435,45.57534064602321,2147],[7.250724456021137,45.575387020410666,2147],[7.250724982718919,45.57545329691162,2148],[7.250746491655692,45.57550990841383,2148],[7.250784444642259,45.5756145444636,2148],[7.250786448364704,45.57565406348893,2149],[7.250794647181185,45.575681422807776,2149],[7.250813099446502,45.57569078365211,2149],[7.250850807113964,45.57568364481778,2150],[7.250921492680042,45.575655224612014,2150],[7.251000266639307,45.57561603456307,2150],[7.2510420908001265,45.575586859032406,2151],[7.251042954961135,45.575585899279794,2151],[7.251047722816188,45.575586350332436,2152],[7.251127017800754,45.575530374471874,2152],[7.251188180954739,45.57549636188537,2152],[7.251261365490398,45.57547070248032,2153],[7.2513310208236845,45.57543375598247,2153],[7.251460408088376,45.5753880787601,2153],[7.251528071263856,45.57537368196104,2154],[7.251569037575392,45.57536568549966,2154],[7.251607249745279,45.57536309324565,2154],[7.251664154910761,45.575362148980666,2155],[7.2516786019574555,45.57536201642355,2155],[7.2517169312441965,45.57535887147617,2156],[7.251754131610542,45.57536806553999,2156],[7.25177133364373,45.57537604436855,2156],[7.251779786373087,45.57539523747316,2157],[7.251780050997567,45.575428375290386,2157],[7.251779389163267,45.57544969796847,2157],[7.2517784597568795,45.57547964112243,2158],[7.251778415392302,45.575501881434086,2158],[7.251773412417042,45.57553811589657,2158],[7.2517690845117775,45.57557345341174,2159],[7.2517748829960595,45.5755948749867,2159],[7.251790362187893,45.57563755074545,2160],[7.251780710349669,45.57567779950687,2160],[7.251766200562796,45.575707987505915,2160],[7.251752337662975,45.575738186306,2161],[7.251756604173509,45.575767300819294,2161],[7.2517612509142495,45.57578416565664,2161],[7.251769020739185,45.5758253615758,2162],[7.251770168252975,45.57587167658398,2162],[7.251780167136596,45.57588272242537,2162],[7.251796892620063,45.575885248467024,2163],[7.251804253065196,45.5758849642066,2163],[7.251898854221867,45.575827803593995,2164],[7.251991643922251,45.575795181973334,2164],[7.252184953651394,45.57575431668736,2164],[7.2522566503009935,45.575767515551945,2165],[7.252282130090069,45.57579397902926,2165],[7.252225933284567,45.57585766015461,2165],[7.25210763269751,45.575959314720606,2166],[7.252321790204324,45.575924033758305,2166],[7.2525265880411425,45.57590542267818,2167],[7.252667081082737,45.57584962250882,2167],[7.252760913187072,45.57586312283649,2167],[7.252822452280195,45.57585861796699,2168],[7.252825681369799,45.57587954653699,2168],[7.25272966422689,45.57593288431221,2168],[7.252617101579843,45.57600911801423,2169],[7.25251535149305,45.57605975855487,2169],[7.252299948035673,45.57622179264541,2169],[7.252299511640494,45.5762358560246,2170],[7.252481787834105,45.576204149816164,2170],[7.25272500522216,45.57619370225534,2171],[7.252945494173138,45.576151000423245,2171],[7.253131984436791,45.57615559848349,2171],[7.253231080807954,45.57617199710039,2172],[7.253525588928578,45.57616258706994,2172],[7.253753353693481,45.57613049258504,2172],[7.2538340822,45.57607278161283,2173],[7.25386131493574,45.576028262390864,2173],[7.253962444967038,45.57599758215616,2173],[7.254029717035969,45.575954129598344,2174],[7.254132110982746,45.575951427736655,2174],[7.254354172863187,45.57599333949277,2175],[7.254398571380916,45.57604373859659,2175],[7.254401213911813,45.57606272838272,2175],[7.254417971159691,45.576077137387884,2176],[7.254549052570909,45.57608904451029,2176],[7.254609581393336,45.57610688663517,2176],[7.254647781080068,45.576160585103864,2177],[7.2547775266512415,45.57620373944202,2177],[7.254672410612194,45.57626717911251,2177],[7.254579931495844,45.576354362431154,2178],[7.2545771685328955,45.57638098598487,2178],[7.254493848486938,45.5764934196609,2179],[7.254516648043057,45.576512118979444,2179],[7.254627755733687,45.57644684485548,2179],[7.254744349243653,45.57641104478502,2180],[7.2548908402450305,45.57638475807506,2180],[7.255039536119345,45.57638339929112,2180],[7.25517457089843,45.576383107005505,2181],[7.2552169870414955,45.57636137365826,2181],[7.255262878583331,45.5760541770771,2181],[7.255308686596983,45.575894471775854,2182],[7.255367937052809,45.575838641283326,2182],[7.255454865046217,45.57577788079107,2183],[7.255586859996855,45.57569832819717,2183],[7.255721974328088,45.57563457810405,2183],[7.255738363740121,45.57564924232128,2184],[7.25566075431805,45.57574557973513,2184],[7.255578059508054,45.5758280789848,2184],[7.255533090581563,45.57591106355284,2185],[7.255566263624973,45.57598770988916,2185],[7.255563737161818,45.57609013735592,2185],[7.255682891422775,45.57630176884905,2186],[7.2557965494641,45.57645090649156,2186],[7.255891450307699,45.576602292178656,2187],[7.255907950796589,45.5766738899487,2187],[7.255756532721873,45.57689783145926,2187],[7.255756919085093,45.576927113373124,2188],[7.255779093322513,45.57694152300512,2188],[7.255812940022416,45.576933869922314,2188],[7.25587810369759,45.57689583046618,2189],[7.2559977732203755,45.576830027814026,2189],[7.256053781220309,45.576773828828294,2189],[7.256134714588046,45.576669551906576,2190],[7.256115284609833,45.57661237732692,2190],[7.256135658390509,45.576520310491375,2191],[7.256108295822507,45.57638122897164,2191],[7.256377017943331,45.576166783634626,2191],[7.256429492379459,45.57613149968222,2192],[7.256599393143107,45.576071456939665,2192],[7.256596397139536,45.576058645361314,2192],[7.25654849212142,45.57603504928181,2193],[7.2565458535467595,45.57602112525887,2193],[7.256559957496344,45.57601440185729,2194],[7.256746619167333,45.57601316680719,2194],[7.256783119042296,45.57602416309946,2194],[7.256800575748968,45.57604485509204,2195],[7.256784204513152,45.57607095954946,2195],[7.256699809068706,45.57614135906866,2195],[7.256605985711008,45.57628880549421,2196],[7.256616335751384,45.5763384337175,2196],[7.256614552613565,45.57637517118012,2196],[7.25659476500456,45.57640891104132,2197],[7.256576019845708,45.57642785419036,2197],[7.256547397484737,45.576474681349254,2198],[7.2565419116337795,45.576508641339146,2198],[7.256547528165793,45.57653596081649,2198],[7.256559283798113,45.57655293398389,2199],[7.256570124716072,45.57655763859136,2199],[7.25658575595223,45.57655379175804,2199],[7.25660967258891,45.57653282406801,2200],[7.2566434618086495,45.576506106158774,2200],[7.256671619719763,45.5764942814125,2200],[7.25671057771287,45.57648852155164,2201],[7.256749914566336,45.576491391130844,2201],[7.256787818370417,45.576498778827144,2202],[7.25680389864995,45.57650129338578,2202],[7.256869161537911,45.57650183592162,2202],[7.25692141802556,45.57650490264327,2203],[7.256978127768258,45.57651030731301,2203],[7.257034976646028,45.576511174972715,2203],[7.257072206874978,45.57650901954298,2204],[7.257109352917787,45.57649914732732,2204],[7.25711799030174,45.5764915627588,2204],[7.257147187000163,45.57644616544927,2205],[7.257192562192354,45.576400106850976,2205],[7.257234615236795,45.57634650886768,2206],[7.257265946462964,45.5763156686983,2206],[7.257308667288247,45.57629271781438,2206],[7.257345349984538,45.57627693752391,2207],[7.257381175172514,45.57626795234485,2207],[7.257421466345347,45.576260851663065,2207],[7.25744351575152,45.57625846446805,2208],[7.257480282605227,45.57626084094015,2208],[7.257541049900843,45.576291724612716,2208],[7.25759596163312,45.576313441601414,2209],[7.257616902215558,45.57632601659309,2209],[7.257641702733262,45.576339104112506,2210],[7.257653374441516,45.576358799530375,2210],[7.257651702917113,45.57637102862258,2210],[7.25763701352583,45.576386237285156,2211],[7.257609487497148,45.576398525551014,2211],[7.257565248946836,45.57641232927535,2211],[7.257560586273042,45.576415641535824,2212],[7.257554675242329,45.57641539113257,2212],[7.257484652905457,45.57644337192102,2212],[7.257468109415842,45.57645582862792,2213],[7.257453244488585,45.57649758695927,2213],[7.257455108546486,45.57650357753466,2214],[7.257469705026936,45.57655048922489,2214],[7.257489142533197,45.57661160694067,2214],[7.257503285883013,45.57665585017415,2215],[7.2574877015675865,45.576679101781124,2215],[7.257477079587793,45.5766981384205,2215],[7.2574708098962635,45.5767139534748,2216],[7.257480079576626,45.57673742409809,2216],[7.2574752766419,45.576767307286524,2217],[7.2574676511566185,45.57678398463198,2217],[7.257460093506256,45.576786828777266,2217],[7.257442148623084,45.5767935818894,2218],[7.257428497790873,45.576796096337006,2218],[7.257398008581646,45.5767997165668,2218],[7.25735709813265,45.57680590050914,2219],[7.257340666828195,45.576814727084724,2219],[7.25733499360052,45.57683098057145,2219],[7.257342310242805,45.57684516317655,2220],[7.257349205976103,45.57685389477241,2220],[7.257359725314075,45.57686721536674,2221],[7.257363973725794,45.57689701074811,2221],[7.257346089473724,45.57691903463276,2221],[7.257283081490777,45.576942072881074,2222],[7.257247452292141,45.57696558561542,2222],[7.257240994757449,45.576991734312124,2222],[7.257268231337965,45.577046014358224,2223],[7.25729574349655,45.57709681619203,2223],[7.2573324418446195,45.577143219092804,2223],[7.2573711474342835,45.57718738350826,2224],[7.257449647944061,45.57724055198373,2224],[7.257519180033191,45.57729108674164,2225],[7.257570708695422,45.5773177448645,2225],[7.257616576919722,45.57733932385642,2225],[7.257641126521353,45.577360577573735,2226],[7.257661641743569,45.5774181941811,2226],[7.257664634101668,45.57744683538401,2226],[7.257670631504695,45.577461905120096,2227],[7.257682077562202,45.577467979774895,2227],[7.257686436934104,45.57746950261398,2227],[7.257698326571004,45.577465050395716,2228],[7.2577082132631,45.577458846665095,2228],[7.257716301983372,45.57744807729866,2229],[7.257718745530977,45.57743177452165,2229],[7.257708583480177,45.577405821386,2229],[7.2577067660440715,45.57740118074721,2230],[7.257704743470196,45.57738299437144,2230],[7.2577057961499545,45.57736984765809,2230],[7.257711244785825,45.57736085257533,2231],[7.257725386965413,45.57734245917384,2231],[7.257735133280634,45.57734079240387,2231],[7.2577396555353,45.57734086139606,2232],[7.2577492615267545,45.57734373068869,2232],[7.257758671006646,45.577352952449154,2233],[7.257762056380816,45.57736889051256,2233],[7.2577642052961755,45.57738299335059,2233],[7.2577667765993565,45.57740436537993,2234],[7.257775287803329,45.57742174346321,2234],[7.257790694734,45.57744603495193,2234],[7.257798530945648,45.57746431001675,2235],[7.257809963062932,45.57749171814761,2235],[7.257812604574491,45.57751082124426,2235],[7.257803195252635,45.57754335781269,2236],[7.257779124208437,45.577569317038844,2236],[7.257741738523439,45.57759362850222,2237],[7.25771382417174,45.577611780289914,2237],[7.257700748689889,45.577637452710476,2237],[7.257703154247637,45.57764661532397,2238],[7.257701693835634,45.57764862182403,2238],[7.257705162216854,45.577651477588944,2238],[7.257719797266259,45.577700721034475,2239],[7.2577340954274,45.57773997384846,2239],[7.257736918076319,45.577753179683945,2240],[7.257747704469512,45.57775969880842,2240],[7.257754768631038,45.577761168400755,2240],[7.257768391631489,45.57775956077062,2241],[7.257780371052278,45.57774839621561,2241],[7.257788333418373,45.577720830320594,2241],[7.257797335789483,45.577701450318806,2242],[7.257811871117754,45.577691232033146,2242],[7.257849565259981,45.57768454522268,2242],[7.257874830836492,45.577682660648144,2243],[7.257899562970609,45.57767713790708,2243],[7.257924462236178,45.57766617042479,2244],[7.257964473554749,45.577647263431714,2244],[7.2579997380590795,45.57763554586456,2244],[7.258033500693498,45.57763061448442,2245],[7.258061683462734,45.57761799500548,2245],[7.258073394718446,45.577594570837014,2245],[7.258081328841517,45.577567912671135,2246],[7.2581012016828135,45.577552329376786,2246],[7.258131929776668,45.57754099711536,2246],[7.258160045839506,45.5775305322867,2247],[7.258171912862874,45.577522997799626,2247],[7.2581913914642175,45.57750122132495,2248],[7.25820375525504,45.5774503132447,2248],[7.258186053718326,45.57731251729854,2248],[7.258183478491015,45.577274441529276,2249],[7.258197240150699,45.57724741769634,2249],[7.258234344142502,45.577218027133824,2249],[7.258300995883204,45.5771945335877,2250],[7.258349981088251,45.577178032423,2250],[7.258369571834461,45.57717152298846,2250],[7.258385217148239,45.57716722248326,2251],[7.2583992331325105,45.577173790799534,2251],[7.258400975330079,45.57720105109719,2252],[7.258354421669823,45.577264339535155,2252],[7.258345052478393,45.57727063942206,2252],[7.258331433620573,45.57730054930766,2253],[7.258331250808645,45.57730302084017,2253],[7.258350885578707,45.5773369085819,2253],[7.2583667841133765,45.57736619933539,2254],[7.258380814477951,45.57739319339377,2254],[7.25841486521897,45.577420718687286,2254],[7.258447448909629,45.577433017442885,2255],[7.258477727978663,45.577436201935186,2255],[7.2585116017550595,45.57744852034579,2256],[7.258552498913137,45.5774636685888,2256],[7.258599954854526,45.57747573954633,2256],[7.258673069467777,45.57749410175498,2257],[7.2587160439955225,45.577504742510314,2257],[7.258776167395129,45.577525176569864,2257],[7.258797908648916,45.577532770804964,2258],[7.2588793964394505,45.57755205531635,2258],[7.25893098158224,45.57755601906228,2258],[7.258980837544026,45.577553147316365,2259],[7.259018545482644,45.577546006689694,2259],[7.259076098513924,45.57754506860498,2260],[7.259111587706812,45.57754697053288,2260],[7.2591278385384035,45.57756492013854,2260],[7.259122080310305,45.57758389605885,2261],[7.2591033142748,45.57759403381634,2261],[7.259103371006532,45.57759406438382,2261],[7.2590997792991105,45.577594449770345,2262],[7.25899651441512,45.57763145566939,2262],[7.2589339761636245,45.577647296845726,2263],[7.258927031726369,45.57766284966805,2263],[7.258960532280373,45.57768194165877,2263],[7.258965836577813,45.57768295860833,2264],[7.2590335451739225,45.57770895545582,2264],[7.2590711696779175,45.57772541454241,2264],[7.259134804839613,45.57773682463838,2265],[7.259205221890371,45.577737898047324,2265],[7.259290133230277,45.57773011413489,2265],[7.259339890486583,45.57770953975078,2266],[7.2593532582683356,45.57770727188298,2266],[7.259366825954527,45.577695425706985,2267],[7.259380939659156,45.57767793894839,2267],[7.259385812482887,45.57766666590774,2267],[7.259397679375271,45.577659131291455,2268],[7.259408016573993,45.577659288846434,2268],[7.259419546972139,45.57766264186956,2268],[7.259433423013308,45.577673746129555,2269],[7.259440024522046,45.57769018680049,2269],[7.259446949209989,45.57771707242662,2269],[7.259448495655079,45.57775068338809,2270],[7.259440099429488,45.57779231373907,2270],[7.259423571975117,45.57782519559022,2271],[7.259401771454591,45.577903159491065,2271],[7.259370146683482,45.577964406772494,2271],[7.259349279091675,45.57799132243498,2272],[7.259314149153791,45.578040488503405,2272],[7.259318084488227,45.57808049044286,2272],[7.259326651074769,45.5780960537908,2273],[7.259315923127279,45.57812947766245,2273],[7.259296398615182,45.57815540029603,2273],[7.259282721805573,45.57820237132601,2274],[7.2592955185562,45.578225051282246,2274],[7.2592896634322095,45.578247203014826,2275],[7.25927868108029,45.57826791477351,2275],[7.259261724939801,45.578274476222894,2275],[7.259233543799719,45.57828538226915,2276],[7.259217463534423,45.57830374631207,2276],[7.259212049525698,45.578320043442865,2276],[7.259208912181581,45.57832948786424,2277],[7.25921566855962,45.57836181732073,2277],[7.259226455857225,45.57838921547618,2277],[7.2592329452046265,45.57840928537057,2278],[7.259226718432383,45.57844345920431,2278],[7.259213602637496,45.57847049300114,2279],[7.259204768917974,45.578484428398305,2279],[7.259205134123356,45.57849351217282,2279],[7.259214755684671,45.578495927938384,2280],[7.259239528848197,45.578489043711826,2280],[7.259272419320648,45.57844960220239,2280],[7.259282937025345,45.57842298333758,2281],[7.259311621769726,45.578377083541255,2281],[7.259316935843851,45.5783685804763,2281],[7.259408407882173,45.57831518140833,2282],[7.259433306500655,45.57826048229651,2282],[7.259482003140679,45.57822418258875,2283],[7.259577396206745,45.5780993839834,2283],[7.2596871910838034,45.57806518361333,2283],[7.259828741072156,45.57788618778539,2284],[7.259844213529047,45.57784488305165,2284],[7.259863322953726,45.57782259302242,2284],[7.259881622433903,45.577816062753215,2285],[7.259931295446624,45.57779821047059,2285],[7.259948750796264,45.577777143635096,2286],[7.259979830357738,45.577754468921306,2286],[7.260013577617953,45.57774999036169,2286],[7.260053785474291,45.57774561022497,2287],[7.260096141892869,45.57773445370199,2287],[7.26015939564706,45.577716354587835,2287],[7.260230598825768,45.57769202107664,2288],[7.260329748217545,45.577662666856064,2288],[7.260389266629397,45.57763997160786,2288],[7.260418955028057,45.5776413311256,2289],[7.2604161328168555,45.57764900452318,2289],[7.260397449688385,45.577659784613246,2290],[7.260178462900813,45.577824083143206,2290],[7.260111067693748,45.577901182430764,2290],[7.2600364735506995,45.578052479910205,2291],[7.260011575314653,45.578071179556375,2291],[7.25997247862366,45.578203077456905,2291],[7.259939750828031,45.57844315669929,2292],[7.259948023382617,45.5784701105331,2292],[7.259944392856027,45.57858761377175,2292],[7.2599580050683805,45.57862821676993,2293],[7.259966180703678,45.578656483241716,2293],[7.259972331752255,45.578666562450586,2294],[7.2600203467129605,45.57872334920726,2294],[7.260070812634512,45.57878448556863,2294],[7.260099422356651,45.57882077884155,2295],[7.260144138212947,45.578890225311,2295],[7.260195669308557,45.57893776053308,2295],[7.260213942049401,45.57895301714056,2296],[7.2602221028711575,45.57896085785155,2296],[7.260234405397676,45.57896013799139,2296],[7.260238147045163,45.578952329193456,2297],[7.2602344737859905,45.578725662790234,2297],[7.260246674821408,45.578695988508365,2298],[7.260246342326836,45.57865746091771,2298],[7.260271619003764,45.57861336402813,2298],[7.26028092771703,45.57858400301236,2299],[7.260287737776617,45.578551880289524,2299],[7.260302875483556,45.578522154428846,2299],[7.260316329396758,45.578505112046365,2300],[7.26032972599447,45.5784898833505,2300],[7.260344880005356,45.57848058234913,2300],[7.260354654460339,45.57847800850364,2301],[7.260368039352884,45.57848411242246,2301],[7.260386199865629,45.578502999117006,2302],[7.26042141391119,45.578576611223795,2302],[7.2604355880348415,45.57861994726656,2302],[7.260441332776523,45.578643183031595,2303],[7.260442584447636,45.57866544307524,2303],[7.260451619654254,45.57872867181267,2303],[7.260460357205312,45.578759668649724,2304],[7.260486770838298,45.578804326120625,2304],[7.260536519224284,45.57884684129124,2304],[7.260568881131345,45.5788872770608,2305],[7.26058615667737,45.5789138657287,2305],[7.26066184562228,45.57900591041231,2306],[7.260683351823623,45.57906297450206,2306],[7.260685956484702,45.57908234968982,2306],[7.260677457491211,45.57912454920808,2307],[7.260632260623597,45.57919294827173,2307],[7.260569464304567,45.579218347959745,2307],[7.2604861691878515,45.57930764707975,2308],[7.260420074345966,45.579418745256845,2308],[7.260346079321783,45.5794838450753,2308],[7.260309680428999,45.579488944897456,2309],[7.260261283722322,45.57952464466685,2309],[7.260249497251726,45.579558983175566,2310],[7.260191244489454,45.579583126953686,2310],[7.260132554062758,45.57962081293689,2310],[7.260081729155529,45.57965498870355,2311],[7.260026548682761,45.57968365080234,2311],[7.259965154347032,45.579714715017964,2311],[7.259965506976108,45.579724251336756,2312],[7.259972113874521,45.5797260936578,2312],[7.260020619232214,45.57973961563587,2313],[7.2601223035215945,45.579753873992125,2313],[7.260243383093127,45.57976797409007,2313],[7.2603726927542835,45.57976676665944,2314],[7.260457269403649,45.57976987044795,2314],[7.26052695928479,45.579773654704745,2314],[7.260573898009016,45.579781632395175,2315],[7.260604220488971,45.57978345606181,2315],[7.260670919970049,45.57980035745185,2315],[7.2607077033032645,45.57980227949229,2316],[7.26080118365147,45.5797891785798,2316],[7.260890647090101,45.579780555522106,2317],[7.2609900966046,45.579762552613076,2317],[7.261086904667392,45.57974632485775,2317],[7.261171930856418,45.57973491127285,2318],[7.261199233700255,45.57972987970008,2318],[7.26126284094644,45.57972131630702,2318],[7.261293289471701,45.57971905714722,2319],[7.261331278774213,45.57970284093632,2319],[7.261353326691514,45.57967957471108,2319],[7.261406007885264,45.579669029433546,2320],[7.261442156761553,45.57964960878513,2320],[7.261504049417737,45.57961287815764,2321],[7.261562103233831,45.57958527977509,2321],[7.261660342030434,45.57954365595653,2321],[7.261722052646439,45.57953370161652,2322],[7.261772683248545,45.5795267558794,2322],[7.2618239175227455,45.57952118112881,2322],[7.261868087264285,45.579514137912895,2323],[7.261926522541469,45.57950560884281,2323],[7.2619865356405535,45.57950879129302,2323],[7.2620294996178165,45.57951988517588,2324],[7.262089428726709,45.57952578993549,2324],[7.2621577400720385,45.579511396706685,2325],[7.262222611603647,45.57950376019842,2325],[7.262295165337808,45.5794985096488,2325],[7.262369008236496,45.57949339207847,2326],[7.262432263317988,45.57947529082911,2326],[7.262513534998292,45.57943885450366,2326],[7.262556285409711,45.57941499483638,2327],[7.262603588769588,45.57936919116497,2327],[7.262653358465536,45.57932728183663,2327],[7.262686260960548,45.57931402195749,2328],[7.262779257157184,45.57933282079247,2328],[7.262861292466028,45.579364941421055,2329],[7.262907055729156,45.57941102675699,2329],[7.262958730880688,45.579454023814314,2329],[7.263012145260541,45.57948252361224,2330],[7.26312983644413,45.57952266782787,2330],[7.26322270356828,45.57955040573109,2330],[7.263275120596595,45.57956935839174,2331],[7.263330429524666,45.57957836951956,2331],[7.263375149072069,45.57959538961626,2331],[7.263400980537887,45.57961711521839,2332],[7.263452904567313,45.57963106845738,2332],[7.263496584604683,45.57963990267455,2333],[7.263607646688284,45.57967495195295,2333],[7.263674644248951,45.579703204326506,2333],[7.263718310399385,45.57971249188777,2334],[7.263763899656577,45.57972226321025,2334],[7.26379777730523,45.5797345792048,2334],[7.263836289318272,45.579743334722046,2335],[7.263868818372117,45.57975744565424,2335],[7.263878187297263,45.57976802811011,2336],[7.263880508567392,45.579777299118035,2336],[7.263878205297272,45.5797936374554,2336],[7.263890963322806,45.5798148590714,2337],[7.263915192351303,45.57982566742949,2337],[7.263947397433544,45.57982933428815,2337],[7.263980947499587,45.579810326970396,2338],[7.2640527415363065,45.579787815525215,2338],[7.264112737392395,45.57977057198319,2338],[7.264149814527617,45.57976296553459,2339],[7.264231687601694,45.57975040994661,2339],[7.264422780280806,45.57969209441538,2340],[7.264462778001023,45.57963779560435,2340],[7.264690564657813,45.57948719582534,2340],[7.264812658661316,45.579455495125146,2341],[7.26483205790384,45.579465394630546,2341],[7.264872855191861,45.579441495419694,2341],[7.264960051569448,45.579495892523596,2342],[7.264990249992864,45.579479692641115,2342],[7.265041247390156,45.579506591329775,2342],[7.265106044161039,45.57951489066137,2343],[7.265139643073485,45.57955618999562,2343],[7.265186441747873,45.57954958956842,2344],[7.265231239608558,45.579585888037734,2344],[7.265290036311297,45.579602686482865,2344],[7.265300236412704,45.57962228674657,2345],[7.265355433327835,45.57960498585727,2345],[7.265373232690697,45.57961818586417,2345],[7.265401230873627,45.57960758515307,2346],[7.265467527836961,45.57955798602682,2346],[7.265494126066329,45.57956008575855,2346],[7.265500526574979,45.579581784886905,2347],[7.265534424363245,45.57957718457114,2347],[7.265585621616194,45.57959448399948,2348],[7.265644219538215,45.579573083454484,2348],[7.265669817480046,45.579545484220404,2348],[7.265674321204124,45.57954045906476,2349],[7.2656853870109686,45.579537904374426,2349],[7.265693576644019,45.579544836949914,2349],[7.265698451386183,45.57955444282536,2350],[7.2657016575156845,45.5795762779477,2350],[7.265703442207878,45.579581297793595,2350],[7.265713712954226,45.57960460202168,2351],[7.265715105160895,45.57962232503443,2351],[7.265733086238126,45.57964710817195,2352],[7.265741586273208,45.579664939123994,2352],[7.26576897984836,45.57969894339864,2352],[7.2657904068671035,45.57973773549381,2353],[7.265812865523106,45.57974306928173,2353],[7.2658247691882,45.57973903046838,2353],[7.265914207119669,45.57966847849345,2354],[7.266007000609828,45.579562079512804,2354],[7.266156590334523,45.57930718351491,2354],[7.266238084253158,45.57924158442322,2355],[7.266270083779092,45.57924788384025,2355],[7.266311857923528,45.57931859104086,2356],[7.266349225899145,45.579337491145004,2356],[7.266388596504174,45.57936032978426,2356],[7.266432672424701,45.579377338912664,2357],[7.266461716206214,45.57937868797239,2357],[7.266488822926861,45.57938000672117,2357],[7.26652014355629,45.57939137581342,2358],[7.266536564890706,45.579403879661974,2358],[7.2665388031554015,45.579436140096284,2359],[7.266540046604815,45.57947973273691,2359],[7.2665269825849705,45.57954716373759,2359],[7.26651797351309,45.57958787711146,2360],[7.266544140995095,45.57964069945998,2360],[7.266544386313177,45.5796747451031,2360],[7.266539193547447,45.57969645271453,2361],[7.2665404197279955,45.57971961957976,2361],[7.266535942470636,45.57973906895034,2361],[7.2665335572068726,45.57975355733242,2362],[7.2665358619819465,45.57976267052176,2362],[7.266536025910295,45.57977833169867,2363],[7.266549863243949,45.579790797221875,2363],[7.266589890600773,45.57979231206686,2363],[7.266616620904643,45.57978929298745,2364],[7.266702068931,45.57975726805821,2364],[7.266778164568479,45.57970056764917,2364],[7.266861659986985,45.57969016708612,2365],[7.266909056846907,45.57962276833771,2365],[7.267000651420819,45.57957046855595,2365],[7.267013733867055,45.57955598497837,2366],[7.26703061198326,45.579553899992256,2366],[7.267051127528797,45.57953832489834,2367],[7.267074214439081,45.57952324335972,2367],[7.267106946390826,45.579521868774,2367],[7.267111918806644,45.57952031058058,2368],[7.2671140025461565,45.57952203074896,2368],[7.267158775501874,45.57951635645992,2368],[7.267184856136595,45.57950903580887,2369],[7.267219291523335,45.57950320373999,2369],[7.267257479292239,45.57950151405703,2369],[7.26728785775009,45.57950152043623,2370],[7.267318319940528,45.57949880533617,2370],[7.2673789196376495,45.57948293105957,2371],[7.26740049044934,45.57947508829745,2371],[7.267428295098656,45.579453723698265,2371],[7.267454063677472,45.579435504584836,2372],[7.267478808404491,45.57942952542033,2372],[7.267502783083617,45.579427620030906,2372],[7.267519649990753,45.579425605908725,2373],[7.267530056049828,45.57942349467117,2373],[7.267597085042405,45.579408738503474,2373],[7.267627019074994,45.57938856546071,2374],[7.267665941060716,45.579387088396714,2374],[7.267670555996096,45.57942619306459,2375],[7.267697526932767,45.579452928621755,2375],[7.2677840484455825,45.579413844537264,2375],[7.267829721809878,45.57941164534961,2376],[7.26784672220257,45.57943204429215,2376],[7.2678510219793555,45.579495943172184,2376],[7.2677948266392765,45.57956394242248,2377],[7.2678206246675305,45.5795696414949,2377],[7.267868021807751,45.57955074135403,2377],[7.267949718601547,45.579554340458884,2378],[7.268015914253839,45.57949754127826,2378],[7.268047055447374,45.57946832893005,2379],[7.2681055865346735,45.579428936211876,2379],[7.268151582828241,45.57931503828157,2379],[7.268175595676555,45.579278378545546,2380],[7.268193870760378,45.57926562342313,2380],[7.268259620202751,45.579229401259155,2380],[7.268282172598052,45.57921067954806,2381],[7.268288094051226,45.5791862592639,2381],[7.26828915428551,45.579151779779174,2382],[7.268268640004303,45.57910426401529,2382],[7.268255790953129,45.57908249425819,2382],[7.268261482585435,45.57904666557743,2383],[7.268297080130369,45.57900056682953,2383],[7.268321377986749,45.57890456821345,2383],[7.268333475175529,45.578826070259865,2384],[7.268325475081029,45.57879154069583,2384],[7.2683612440539695,45.57874119344801,2384],[7.2684245667576475,45.578657730596234,2385],[7.268460596999002,45.57862105769232,2385],[7.268488484523279,45.57859697044698,2386],[7.268521651699296,45.57856933142037,2386],[7.268539062272406,45.578549624417505,2386],[7.268549984232187,45.57853072631628,2387],[7.268553510224493,45.57852801742974,2387],[7.268577787976727,45.57850936142064,2387],[7.268608211821352,45.57852888637114,2388],[7.268624061518595,45.57855999130802,2388],[7.26864617541362,45.57859754577596,2388],[7.268671969516789,45.57864150969705,2389],[7.268704281436017,45.578683757861384,2389],[7.268723230009998,45.57869811607095,2390],[7.268752217629503,45.578682353176795,2390],[7.268758116690188,45.57863555383882,2390],[7.2687602685270045,45.578631265175844,2391],[7.268760855417491,45.578630602613174,2391],[7.268841364775993,45.578534690040456,2391],[7.268888260699464,45.57848093437907,2392],[7.268936087933902,45.57843899286351,2392],[7.26901346338228,45.578402947387985,2392],[7.269067108456148,45.578381973155615,2393],[7.269134037387943,45.578349400183846,2393],[7.269193286655415,45.57827222882787,2394],[7.269250531639134,45.57817619019011,2394],[7.269302381074887,45.578101359346995,2394],[7.269371712521467,45.57798887753485,2395],[7.269368311685067,45.57794317843791,2395],[7.269380211220503,45.57790817913661,2395],[7.269402846720301,45.57782582549941,2396],[7.26943300066158,45.577769999539036,2396],[7.2694485181860005,45.577760367107516,2396],[7.269450105850973,45.577754581149314,2397],[7.269555702135572,45.577856977623135,2397],[7.269582900220047,45.5778561773336,2398],[7.269622296202576,45.577659482115635,2398],[7.269609095878078,45.57758848360293,2398],[7.269956781906062,45.57782927431273,2399],[7.270004279720692,45.577823673488844,2399],[7.270117273574867,45.577841372361014,2399],[7.270166671113556,45.57783017204534,2400],[7.2702794654095735,45.577848569796586,2400],[7.270476754872168,45.57777406992943,2400],[7.270508353747501,45.577811268141474,2401],[7.270616548246455,45.577763168190025,2401],[7.270637447144349,45.57777086802323,2402],[7.2706734463020775,45.57786466505178,2402],[7.270760943399831,45.57795366226646,2402],[7.270873239017907,45.577993660100745,2403],[7.270910755432906,45.578048617268486,2403],[7.270989435258903,45.5780629586797,2403],[7.271033705302043,45.57807361530873,2404],[7.271098518438127,45.57806778743263,2404],[7.2711247548561335,45.57807635465106,2405],[7.2711250497805,45.578129918377286,2405],[7.271119744910601,45.57819746827925,2405],[7.2710974369306545,45.57822935702347,2406],[7.271067655958076,45.57825370696725,2406],[7.271041234881099,45.57828835158103,2406],[7.271149131447805,45.57841614744879,2407],[7.271234238215101,45.578427321394905,2407],[7.2712686622545935,45.57842065445807,2407],[7.271303687853963,45.578416645552196,2408],[7.271323082668504,45.57841648459473,2408],[7.271328758435296,45.57842110961253,2409],[7.271345492047264,45.5784445111655,2409],[7.271354764704815,45.57845826883425,2409],[7.271368206521566,45.578462556862746,2410],[7.271396618216774,45.57846344145907,2410],[7.271419945433937,45.57846152454644,2410],[7.271448045644002,45.57845151074746,2411],[7.271466947951574,45.57844634956739,2411],[7.2714892534726845,45.578456673565256,2411],[7.271494214818129,45.5784695423949,2412],[7.27151081490385,45.57850594175717,2412],[7.271566912110204,45.57855283979061,2413],[7.271661107440634,45.578572339,2413],[7.271852661087475,45.578523512944386,2413],[7.27187483877978,45.578527521771576,2414],[7.271912395868245,45.57856043626231,2414],[7.272043789555877,45.57857003460359,2414],[7.272104986939156,45.57860683323761,2415],[7.272215781929557,45.57863223114625,2415],[7.272174184469557,45.578718929353656,2415],[7.272108889542769,45.57879712867685,2416],[7.272109889982123,45.57881832809439,2416],[7.272170486859693,45.57887792653059,2417],[7.272148689406771,45.57892422537907,2417],[7.27219918675217,45.578919724818476,2417],[7.2722577845712,45.57901612243109,2418],[7.272291857863507,45.57900397559392,2418],[7.272301102292721,45.57899263493001,2418],[7.272326430872707,45.578967600755554,2419],[7.272349599705916,45.578949794846956,2419],[7.272372760070045,45.57895332249894,2419],[7.272390395967855,45.57898944667394,2420],[7.2723927790165614,45.579004352943706,2420],[7.272415777651552,45.579042819240996,2421],[7.272518571815056,45.57897892040708,2421],[7.272546770922542,45.57900111899293,2421],[7.27257267045665,45.57908821724992,2422],[7.272556171890075,45.57918311513058,2422],[7.272589872792452,45.57929681173524,2422],[7.2726458357479435,45.579364480143106,2423],[7.272693795985792,45.5794024247562,2423],[7.2727686658604975,45.57944803818873,2423],[7.272806455606801,45.57948038254778,2424],[7.27281663753515,45.57952774122487,2424],[7.272826791666519,45.57957600676074,2425],[7.272842113962337,45.57962435135768,2425],[7.2728484621952765,45.57967029023011,2425],[7.272856470625919,45.579690850358595,2426],[7.272855851409624,45.57970330889879,2426],[7.272851860683176,45.579791303347776,2426],[7.272866364734977,45.57982420279744,2427],[7.272887189265248,45.579861736934426,2427],[7.2729200615943945,45.5798858368616,2427],[7.2729371763685124,45.57991786760343,2428],[7.272967102912072,45.57995372391325,2428],[7.273001071983691,45.5799841940652,2429],[7.273070941598801,45.58002428529625,2429],[7.273125955920406,45.58005458940716,2429],[7.273270351220869,45.58022058366439,2430],[7.273372249563835,45.58044617755717,2430],[7.273719135771105,45.5806984683036,2430],[7.273731135129137,45.58064086907473,2431],[7.273614238171731,45.58045207445414,2431],[7.273564132957969,45.57995678621669,2432],[7.273591630828404,45.579861488332035,2432],[7.273622230065582,45.57987758798828,2432],[7.273761425634199,45.580063382184775,2433],[7.2738532223775305,45.580151079264404,2433],[7.273992317477758,45.58036307297095,2433],[7.274233709209162,45.5806190637647,2434],[7.274271408418886,45.58068436267887,2434],[7.274317806594534,45.580706261578484,2434],[7.274469403330227,45.5809958531363,2435],[7.274481658762032,45.58102533319884,2435],[7.2745016938102385,45.581046515060216,2436],[7.27452500809207,45.58104505185794,2436],[7.274526047905376,45.58103809825242,2436],[7.274528259520907,45.58102331365783,2437],[7.27451990940321,45.58100049288948,2437],[7.274512532366588,45.580945914913876,2437],[7.274524204768692,45.58090251752048,2438],[7.274537413865289,45.58083603289979,2438],[7.27453689749157,45.58083075603201,2438],[7.274511998835866,45.580791857330965,2439],[7.27453209719929,45.58077185700236,2439],[7.274537395876425,45.58070785859234,2440],[7.274516695521005,45.580624561190064,2440],[7.27450879207558,45.58035206687475,2440],[7.274785981381711,45.58058435912117,2441],[7.27488647890141,45.580755354156835,2441],[7.274987076211367,45.58087904962424,2441],[7.275110071145753,45.580955646400255,2442],[7.2752395116441475,45.581129612885846,2442],[7.27525601086738,45.58111341311465,2442],[7.275266008782761,45.5809945159865,2443],[7.275225406783566,45.58069212320289,2443],[7.27526860387912,45.580586824523635,2444],[7.275247102690252,45.58042802817904,2444],[7.275288353499609,45.580353458516,2444],[7.275310552611183,45.5803305582159,2445],[7.275340350633788,45.58034425829859,2445],[7.275540345094572,45.58062174959962,2445],[7.275557845246491,45.58069164761168,2446],[7.27574233908908,45.580906840395656,2446],[7.275816236744105,45.58103613733498,2446],[7.275870935382391,45.58113883414853,2447],[7.2758800370233505,45.5812207320821,2447],[7.27597823576011,45.581486424798214,2448],[7.276110330460886,45.58161242100923,2448],[7.276298197661486,45.581700363745355,2448],[7.276385516795122,45.58175511757741,2449],[7.276453989757683,45.581798817464815,2449],[7.276532409554674,45.58185537564447,2449],[7.276574871633188,45.581904128394996,2450],[7.2766420107425365,45.58199138088342,2450],[7.276680497951454,45.58201630791426,2450],[7.276894500324172,45.582232698335176,2451],[7.276936198778203,45.5822308981696,2451],[7.27677619835577,45.58162011311281,2452],[7.276767796781935,45.58153351480432,2452],[7.276808487289012,45.58148333280547,2452],[7.276923282740897,45.581547229785485,2453],[7.277139349633246,45.581719702734674,2453],[7.277189747414618,45.58174450145113,2453],[7.277358666543155,45.58195521545072,2454],[7.277402272021188,45.582001897855285,2454],[7.277485861171767,45.581527707006884,2455],[7.277601052985178,45.58132631085702,2455],[7.277760843081728,45.58117321217276,2455],[7.27783394129471,45.58133660785401,2456],[7.277858341505686,45.58144440479385,2456],[7.277883740784411,45.58146190461853,2456],[7.277958147208351,45.58139643963235,2457],[7.278045931444463,45.58136790495426,2457],[7.2781489035973,45.581271162557556,2457],[7.278180003146936,45.58127436229054,2458],[7.278226723812407,45.581349626572695,2458],[7.2782527675749265,45.581485191356144,2459],[7.278247678878624,45.58154593660663,2459],[7.278271101262686,45.58155817167817,2459],[7.278330698796621,45.58153547098285,2460],[7.278429852884264,45.581496485579855,2460],[7.278547019589861,45.581427444332384,2460],[7.278606381336459,45.58141970285974,2461],[7.278645079280526,45.581462701501884,2461],[7.278663472672641,45.58154028656721,2461],[7.27868127544516,45.58173758229206,2462],[7.278681306014864,45.581797888074114,2462],[7.278717904796186,45.58182578681951,2463],[7.278989412797224,45.58173355943932,2463],[7.2790853062831244,45.581696658419574,2463],[7.279150005557034,45.58184025454191,2464],[7.279251901367314,45.581904752265906,2464],[7.279571265543939,45.58202827263687,2464],[7.279693359491621,45.58204557075431,2465],[7.279742257795109,45.58211626870319,2465],[7.2797976561028825,45.58214106778343,2465],[7.2799542484197275,45.58214906539249,2466],[7.280047744536815,45.58220446299928,2466],[7.280319230884506,45.58223775990152,2467],[7.280418626196501,45.582225458359694,2467],[7.280594317604456,45.582231656286716,2467],[7.280776608658319,45.582286652988344,2468],[7.281468474902045,45.58233744395925,2468],[7.281927252026675,45.582323139120895,2468],[7.282031946711327,45.5822891393798,2469],[7.28228283377567,45.58224783728258,2469],[7.282623117321391,45.582257733510694,2469],[7.283066996395565,45.58236542542205,2470],[7.283186691252504,45.582412323343306,2470],[7.283575175898955,45.5826516136726,2471],[7.283629474460274,45.582739310799845,2471],[7.2836698727837925,45.58275641009995,2471],[7.283676770071323,45.58263311289387,2472],[7.283655456223876,45.58252683613969,2472],[7.283360665762676,45.58214904796051,2472],[7.283300066194921,45.58203425179891,2473],[7.283194669609978,45.58189665552524,2473],[7.283048776770604,45.58185035832964,2473],[7.282932396321493,45.581790440039406,2474],[7.282969192927007,45.581680342023475,2474],[7.282961862228962,45.58160522458921,2475],[7.282722842530788,45.581305112089765,2475],[7.282674443748958,45.581210914646554,2475],[7.282596746127793,45.581125417787774,2476],[7.2825592443579765,45.58086402428165,2476],[7.282494645410399,45.58069242830797,2476],[7.282542900102327,45.58064717074551,2477],[7.282664393540918,45.58061036997867,2477],[7.2828796834694725,45.58065026658197,2478],[7.282995077301393,45.58068966449266,2478],[7.283488853869096,45.58070831485192,2478],[7.283645231322895,45.58071811783152,2479],[7.283752025550368,45.58071611708517,2479],[7.283903817871616,45.58068731749952,2479],[7.284051009874695,45.58062961544186,2480],[7.284082411066517,45.58068092374993,2480],[7.284080884901685,45.58079221545349,2480],[7.284105395430294,45.58083876860853,2481],[7.284182660580865,45.58093343155569,2481],[7.284264218861665,45.58101454164529,2482],[7.28439795315005,45.58112276102613,2482],[7.2844921352740855,45.581171380506376,2482],[7.284578813795794,45.5812117171765,2483],[7.284688336758461,45.58126601330721,2483],[7.2847038355255,45.581308912562605,2483],[7.284709301631029,45.58134167474642,2484],[7.284683817756348,45.58141436852977,2484],[7.284672235963813,45.58145504467493,2484],[7.28471129908863,45.581488311483604,2485],[7.284755335891273,45.58152800754092,2485],[7.2847572567798204,45.58154982281333,2486],[7.284742603374536,45.581572124514345,2486],[7.284668029614818,45.5816467848147,2486],[7.284706219794297,45.581697478450316,2487],[7.284754790750175,45.58175812174956,2487],[7.284763386355814,45.58181544099261,2487],[7.2847606869096415,45.58187225036098,2488],[7.284755122459634,45.58191698803793,2488],[7.284723881978855,45.5819664471225,2488],[7.284710537529979,45.581990756753264,2489],[7.284705183416761,45.5820255157064,2489],[7.28470060388882,45.58204098949253,2490],[7.284769086333766,45.58214822832768,2490],[7.2849339635640185,45.58234170046686,2490],[7.2849500658275135,45.582495897245366,2491],[7.284988371833651,45.58256347890551,2491],[7.285194061552325,45.582656773569894,2491],[7.285262948207212,45.582656967243736,2492],[7.285337149123139,45.58268259139742,2492],[7.285384353030808,45.5827032710774,2492],[7.2854394478346025,45.582719531007484,2493],[7.285498832828416,45.58272223802041,2493],[7.2855777673529545,45.58271979210527,2494],[7.285642184001337,45.582727113679006,2494],[7.28582771440261,45.58270538857695,2494],[7.286004668705603,45.582668101701636,2495],[7.28610895501369,45.58263971038917,2495],[7.286346586621654,45.58260514904196,2495],[7.286471134984314,45.582590677835874,2496],[7.286632167650343,45.582566768391686,2496],[7.286775960274318,45.58255712467099,2496],[7.286880710643082,45.58255597241225,2497],[7.286926131303825,45.5825502991873,2497],[7.287009714162652,45.58252250377083,2498],[7.287046577797191,45.58252111523407,2498],[7.287166371168844,45.58254951292795,2498],[7.287267492428354,45.582542174544244,2499],[7.287332844278393,45.58250340803119,2499],[7.287365292939899,45.58239291848127,2499],[7.287390533779286,45.58231749682784,2500],[7.287443104562311,45.58232470634711,2500],[7.287489404621652,45.58240340331335,2501],[7.287526602782326,45.58242220211495,2501],[7.287585000769973,45.5824096017961,2501],[7.287653370865873,45.582330876333565,2502],[7.287740363964702,45.58227677539341,2502],[7.2879105676316165,45.582214043516366,2502],[7.288063758939503,45.582129044925836,2503],[7.288310633376984,45.58204407408903,2503],[7.288536520646551,45.58191307407272,2503],[7.288615116991996,45.5818949740106,2504],[7.288672088242344,45.58188167579489,2504],[7.2889732709651796,45.5817373749215,2505],[7.289102495015386,45.58173244693171,2505],[7.2894358679862075,45.581631821889864,2505],[7.289615773873389,45.5816137273112,2506],[7.2898462647530735,45.581579959910265,2506],[7.290014927981576,45.58164138307021,2506],[7.290124308312388,45.581693737571364,2507],[7.290196953417839,45.581703299461644,2507],[7.2903094474886885,45.58167810006364,2507],[7.290702599933948,45.58164625023144,2508],[7.290813994422499,45.581624749405826,2508],[7.29095328703161,45.5815874537432,2509],[7.291254670748921,45.581496646971274,2509],[7.291726727920935,45.581255657146215,2509],[7.291812151958355,45.58116706468608,2510],[7.2920191078909395,45.58111299690982,2510],[7.292330490480993,45.58099889516458,2510],[7.292698499198981,45.58095198038466,2511],[7.2927915927789355,45.58094638025885,2511],[7.292988363712906,45.58099149753298,2511],[7.293175555482882,45.58104839555316,2512],[7.29324755034851,45.581099109115506,2512],[7.293388275862479,45.58109991335325,2513],[7.293600666046952,45.581147408768224,2513],[7.29367496269168,45.581129408390176,2513],[7.293666260628814,45.58102911213575,2514],[7.293873846818248,45.58119853112344,2514],[7.2939903437877245,45.58131942757432,2514],[7.294047240794432,45.58142872447335,2515],[7.294127440240627,45.581526621583656,2515],[7.294224134216402,45.581567219335795,2515],[7.294357787995604,45.58160839511746,2516],[7.2945647209952105,45.581698111855445,2516],[7.2946631160272375,45.5817297104419,2517],[7.2949756004519655,45.58176220665874,2517],[7.295092394977705,45.5817606056262,2517],[7.29521058781064,45.58173720382579,2518],[7.295380580667314,45.58173090253429,2518],[7.295473235693564,45.58172195438132,2518],[7.295625328853206,45.5817369334605,2519],[7.295698163882688,45.58172199902581,2519],[7.295799159448762,45.581682599384884,2519],[7.295913953652555,45.58166559790789,2520],[7.296024345232785,45.5816071971846,2520],[7.2963514300802315,45.58153849554851,2521],[7.29650282167269,45.58148979498397,2521],[7.296688410890169,45.5813799956463,2521],[7.296829903940216,45.58132959527492,2522],[7.297266078358856,45.58112729536128,2522],[7.297402771316563,45.581106993369815,2522],[7.297580463116112,45.581102891766484,2523],[7.297654158345663,45.58108159094357,2523],[7.297962842831355,45.581062989644224,2524],[7.298220230404757,45.581072886505304,2524],[7.298429715264528,45.58104274099919,2524],[7.298533504494119,45.58107041306999,2525],[7.298545047517829,45.581030643123924,2525],[7.298487619485523,45.580976103181506,2525],[7.298429391876249,45.58085449178282,2526],[7.298450599996848,45.580829977283045,2526],[7.298501100248945,45.58084140283607,2526],[7.298554843499733,45.580877600962836,2527],[7.298623535415756,45.58085570202564,2527],[7.29872529797359,45.58087310442696,2528],[7.29880332565218,45.580865015761496,2528],[7.298831687095899,45.580855058523206,2528],[7.298868072461653,45.58084879231528,2529],[7.298900623310469,45.58084110715889,2529],[7.29891864533209,45.58084364470362,2529],[7.2989405657842665,45.580850789314226,2530],[7.298955129517513,45.58085553544091,2530],[7.298978993023961,45.58085725270469,2530],[7.298999090528447,45.58085528295033,2531],[7.299023145892279,45.580850648502164,2531],[7.299053676064528,45.58084565594553,2532],[7.299069127611514,45.58084770154152,2532],[7.299086447800588,45.58085204496688,2532],[7.299095011774872,45.58084672613655,2533],[7.299105415875462,45.580833700329755,2533],[7.2991057608853165,45.580833268929716,2533],[7.299115078916225,45.580824330408326,2534],[7.29913007657913,45.58082001467576,2534],[7.299144840003813,45.58082341183313,2534],[7.299153022680468,45.58082876496129,2535],[7.299162587967048,45.58083502345828,2535],[7.299175236107756,45.58084428912873,2536],[7.299189285288279,45.58084994564324,2536],[7.2992067699334795,45.58084884421919,2536],[7.299218865272652,45.58083359159069,2537],[7.299221900462878,45.58082162523347,2537],[7.299226203275854,45.5808046526112,2537],[7.299235246836,45.58078345361149,2538],[7.299250145520301,45.580760981788,2538],[7.29930209194676,45.58075313082174,2538],[7.299347071601138,45.580761970667304,2539],[7.299364350679194,45.58076767525843,2539],[7.299478778188077,45.58078844196625,2540],[7.299495241078022,45.58079328830956,2540],[7.299548611464839,45.58080899911019,2540],[7.2995858236685915,45.58081817774579,2541],[7.299621564517477,45.58081190080114,2541],[7.299643722434761,45.5808058770508,2541],[7.29967855597385,45.580808211139946,2542],[7.299722861348583,45.580817948078185,2542],[7.299751675325301,45.580827001624534,2542],[7.29981937660889,45.5808325477407,2543],[7.299854306054307,45.580831705923806,2543],[7.299864266802421,45.58082928358325,2544],[7.299888272754643,45.580819957003534,2544],[7.299924356669842,45.58082367145177,2544],[7.299961679820005,45.580829219796165,2545],[7.2999964997011375,45.58083200722491,2545],[7.300033766776746,45.58083937107115,2545],[7.300083695872992,45.5808555461414,2546],[7.30010219932383,45.58086353794562,2546],[7.300114310175984,45.58086916459424,2546],[7.300157095921122,45.58087570236428,2547],[7.300221498914852,45.5808834691487,2547],[7.300266079590206,45.58088413267313,2548],[7.3003097107268715,45.580894767528406,2548],[7.3003264413844215,45.580897285631295,2548],[7.300407546387733,45.58090847906489,2549],[7.300464596170204,45.58092430629979,2549],[7.300487057497722,45.58092963330142,2549],[7.300515472412914,45.58093050979576,2550],[7.300536626390414,45.58091493819195,2550],[7.30055361591437,45.58090883645349,2551],[7.300577520580193,45.58090919217542,2551],[7.30059044278316,45.580909384466814,2551],[7.300631514928359,45.58089774105891,2552],[7.300649769776179,45.58089256631456,2552],[7.300691119278023,45.58089318159264,2552],[7.300730283902218,45.580901934366345,2553],[7.300768953398706,45.580905687019396,2553],[7.3007902738813755,45.580906004246486,2553],[7.300798672160661,45.58090612920327,2554],[7.3008038418108665,45.58090620612142,2554],[7.300837738677267,45.580896724079714,2555],[7.30085520726098,45.58087474392361,2555],[7.300889668965141,45.580867993910424,2555],[7.300924999040308,45.580875327746725,2556],[7.300932573630245,45.58088134135924,2556],[7.3009658520967005,45.58087094279916,2556],[7.3009868005871565,45.58086217715504,2557],[7.301003267526908,45.580851982114865,2557],[7.301051792255004,45.580850434908044,2557],[7.301103850436937,45.58086028754522,2558],[7.301118628986318,45.58086323013213,2558],[7.301153695287976,45.58085785175336,2559],[7.30117870105874,45.580864578289344,2559],[7.301186371508017,45.5808674151308,2559],[7.301240666787506,45.58084598272226,2560],[7.301307651582961,45.58083245451723,2560],[7.301359296750132,45.580834583614205,2560],[7.301400687255883,45.58083383832518,2561],[7.3014312309034395,45.580828391693075,2561],[7.301470091982973,45.58082579239787,2561],[7.30149578456071,45.58083116725918,2562],[7.3015080460693005,45.58083180326036,2562],[7.301518135178355,45.580818790550765,2563],[7.301536484427886,45.58081043978844,2563],[7.301564197570569,45.580813121044784,2563],[7.30157777915876,45.58081286939085,2564],[7.301608887678686,45.58081015475212,2564],[7.301610179128678,45.5808101739582,2564],[7.30168807360517,45.580809970535405,2565],[7.301749396070461,45.5808126979069,2565],[7.301774593441663,45.580813072601295,2565],[7.301784544383999,45.580804596913744,2566],[7.301822561468059,45.5807656739468,2566],[7.301878283232347,45.580771948887524,2567],[7.301926766832596,45.58077176251726,2567],[7.301947206251621,45.58075844912722,2567],[7.301963454094845,45.58075551343113,2568],[7.302010412389579,45.58076302072649,2568],[7.302029080265314,45.58076556738275,2568],[7.302072184095955,45.580750889793414,2569],[7.302109848122093,45.58074509520288,2569],[7.302150646292601,45.58074252447531,2569],[7.3022042708865404,45.58074332169811,2570],[7.302251835201298,45.58075219882355,2570],[7.302294767483548,45.58076463799092,2571],[7.302351266413259,45.580777278814026,2571],[7.302404521766624,45.58079032593429,2571],[7.302501675161961,45.580794492793686,2572],[7.302588995440766,45.58081394708047,2572],[7.302664809425132,45.580829143928796,2572],[7.302760488379342,45.58085008323436,2573],[7.3028609075247095,45.58086383106245,2573],[7.302935319521524,45.580882638716396,2574],[7.303067104681854,45.58090661022061,2574],[7.303229015243137,45.58093897326542,2574],[7.3033360735241875,45.580946917495886,2575],[7.303442195724648,45.580943047680016,2575],[7.303505566245445,45.580942173613,2575],[7.303532205106478,45.58094005721144,2576],[7.303565911852225,45.580934446377086,2576],[7.303597306089031,45.58092220360067,2576],[7.30361573003612,45.58088183419215,2577],[7.303627757401229,45.58085548030918,2577],[7.303721796374628,45.58078062330704,2578],[7.304040008352711,45.580586078064115,2578],[7.304237966974017,45.58049789722631,2578],[7.304354504530552,45.58050452132816,2579],[7.304450568030201,45.580505198740504,2579],[7.304487140613919,45.580535215720445,2579],[7.304488105553513,45.580575496897,2580],[7.30451175561703,45.58060580445635,2580],[7.3047056698767,45.58064862601993,2580],[7.304853831354648,45.580669823294656,2581],[7.3048790086519375,45.58067507903617,2581],[7.304922897991337,45.58068997693604,2582],[7.305018326604601,45.580697747873096,2582],[7.305142293030311,45.58070231133672,2582],[7.3051812799214915,45.580700846745145,2583],[7.305276309033627,45.580684328297224,2583]]}}]}