{"type":"FeatureCollection","features":[{"type":"Feature","properties":{"slug":"av2-s4","sct_code":"AV2_S4","source":"Catasto Sentieri VdA"},"geometry":{"type":"LineString","coordinates":[[7.081121246155611,45.67114767066041,2485],[7.081074592937961,45.67159692113563,2485],[7.080974719952076,45.67282833696254,2484],[7.080935316453662,45.67324623189179,2484],[7.0809711654835565,45.67334239096344,2484],[7.081035205214507,45.67344139989871,2483],[7.081127339612404,45.673580358757235,2483],[7.081143843435922,45.67359104354995,2482],[7.081171424405297,45.67361326702142,2482],[7.081228686281275,45.67363816463728,2482],[7.081302631697026,45.67366372325105,2481],[7.081351253761551,45.67366264728587,2481],[7.0813869677410475,45.67364432514973,2481],[7.081444122830993,45.67361075241865,2480],[7.081529266388475,45.67358921121401,2480],[7.081673118913861,45.67358385108259,2479],[7.081770038405368,45.67359115578238,2479],[7.081865326037063,45.67361735873002,2479],[7.082042075623309,45.67366982921688,2478],[7.0821710516652745,45.673728573507375,2478],[7.082236478585995,45.673707248810516,2478],[7.082267477175987,45.673684248765866,2477],[7.082337473355594,45.67360825047812,2477],[7.082391472337187,45.67356625093979,2477],[7.082440471134818,45.67357424992577,2476],[7.082481469462892,45.67358124959372,2476],[7.082536469384066,45.67357424885211,2475],[7.082625467682115,45.673589247723406,2475],[7.082719464890051,45.67358524719845,2475],[7.082801462875244,45.67356624713308,2474],[7.082880459689728,45.67352824658783,2474],[7.0829314588739285,45.673516247020714,2474],[7.082974457877909,45.673501246421004,2473],[7.08308245455083,45.67345224675452,2473],[7.083206450397627,45.67341724696264,2472],[7.083294448353172,45.673387246702916,2472],[7.083398445136555,45.67331824668961,2472],[7.083494441030213,45.673265247840746,2471],[7.083577439303322,45.67322324745337,2471],[7.083667436860761,45.673200246990355,2471],[7.0837554335143444,45.673154247635814,2470],[7.083777432268528,45.673143247992726,2470],[7.08387942821084,45.673036249078706,2470],[7.083953424462734,45.67292125123567,2469],[7.083995423374356,45.67287625218972,2469],[7.084041421868706,45.67286825183901,2468],[7.084095420860477,45.67288325102917,2468],[7.084152420114505,45.672929249380644,2468],[7.084188419595568,45.67295224790009,2467],[7.084216420369261,45.67298224707074,2467],[7.0843114192429715,45.67304324518197,2467],[7.084424417995218,45.673108242615946,2466],[7.084438417511578,45.673120242229984,2466],[7.084538416379786,45.67316223986564,2466],[7.08456341615161,45.673169239570576,2465],[7.084580416160375,45.673181239088116,2465],[7.0846051525086535,45.67320318180238,2464],[7.08463369958074,45.67321797257451,2464],[7.084692033041034,45.673234225966944,2464],[7.084750414210638,45.67326123504734,2463],[7.084810413471401,45.673288234330364,2463],[7.084848412922689,45.67332623251735,2463],[7.084863412212477,45.67333023283529,2462],[7.084903411814818,45.673337231986345,2462],[7.084923411599509,45.673364230992675,2461],[7.084959411263809,45.67339123007408,2461],[7.084994410658139,45.673406229760275,2461],[7.085035410117944,45.6734172284337,2460],[7.0850864099569115,45.67344022797488,2460],[7.085207408153614,45.673459225753994,2460],[7.085277405677714,45.673463225566074,2459],[7.085305405412023,45.67347122497733,2459],[7.08534444602783,45.67348970536914,2459],[7.085373403997167,45.6734822234512,2458],[7.085424403426731,45.67349022319431,2458],[7.085482401746767,45.67349422243244,2457],[7.085522401478168,45.67349422243658,2457],[7.085548401047383,45.673486221944536,2457],[7.0856423985606485,45.67349722045726,2456],[7.085672398393612,45.67351621973879,2456],[7.085720397434233,45.67352421945931,2456],[7.085765397305168,45.6735322192923,2455],[7.085865394595972,45.67354321737978,2455],[7.085895393793979,45.67354721695229,2454],[7.08597539370966,45.673600215390756,2454],[7.086037392345576,45.6736352140409,2454],[7.08604139309122,45.673642213417075,2453],[7.086056392921171,45.673658213298395,2453],[7.086107393438424,45.67371521067537,2453],[7.086165392859508,45.67376820930548,2452],[7.086163392759218,45.67379120853641,2452],[7.086175393584832,45.673814208379014,2452],[7.086199394042938,45.67386020624006,2451],[7.086245393808954,45.67389420491173,2451],[7.086294392959513,45.67391720458675,2450],[7.08638639116393,45.673944202799866,2450],[7.086504389438118,45.67398620058337,2450],[7.086569390036668,45.67405819794423,2449],[7.086630388798937,45.67409219664198,2449],[7.086665387623653,45.67410019597275,2449],[7.086700387481045,45.67411219521356,2448],[7.086761386445613,45.67411519459236,2448],[7.086822384512743,45.67411219406828,2447],[7.086902383537697,45.674123193749814,2447],[7.086991381321054,45.674138191905115,2447],[7.087038381146849,45.6741531912645,2446],[7.087084380353498,45.67417619075215,2446],[7.087121379393725,45.67418819004762,2446],[7.087153378916011,45.674211189032384,2445],[7.087248378318027,45.67425318695118,2445],[7.087272377867919,45.67427618602321,2445],[7.087299377319169,45.67428718521933,2444],[7.0873973760988385,45.67431818400974,2444],[7.087479375567263,45.67434818212644,2443],[7.087582373630974,45.674363181159215,2443],[7.087661371054625,45.67437517971239,2443],[7.087690371675408,45.67439817873268,2442],[7.087756370182859,45.67440917829572,2442],[7.0878453684566605,45.67442817659538,2442],[7.08791836756484,45.67444017534544,2441],[7.087978366248921,45.67447017467378,2441],[7.088021366915496,45.674508172720415,2440],[7.088067365541,45.67453117180033,2440],[7.088128364226427,45.67455417085898,2440],[7.088179364112056,45.67456917010676,2439],[7.088214363129744,45.67458516967103,2439],[7.0882933628488285,45.67463416692802,2439],[7.088352362462821,45.674680166048084,2438],[7.088423362049315,45.67471816367655,2438],[7.088500359762255,45.67473016327852,2438],[7.088558358571206,45.6747451624931,2437],[7.088669356468565,45.674741160788265,2437],[7.088736354377027,45.67473316076931,2436],[7.088813353944262,45.674752159121184,2436],[7.08886535251557,45.674764158646155,2436],[7.088885352651291,45.674771158341514,2435],[7.089003350482205,45.674794156686914,2435],[7.08906234902401,45.67481015524832,2435],[7.089133347615202,45.674833154581385,2434],[7.0892193464865905,45.67485215292482,2434],[7.089307345969314,45.674894150813834,2433],[7.089380343610617,45.67489415069419,2433],[7.08939634315517,45.674901149974914,2433],[7.089497342257187,45.67492414874297,2432],[7.089574340871268,45.67495514717302,2432],[7.089626341226139,45.67500414548127,2432],[7.089635340115497,45.67501614540974,2431],[7.08965134179391,45.675061143766406,2431],[7.08969734029036,45.675080143181724,2431],[7.0897693395546435,45.675115141462975,2430],[7.089793339326447,45.67512614119644,2430],[7.089879337101585,45.67512614038515,2429],[7.089911335996159,45.675115140308726,2429],[7.090009335207683,45.67513413804934,2429],[7.09004333425626,45.67515313735499,2428],[7.090083333855639,45.67515713746022,2428],[7.090141332232298,45.675180135666714,2428],[7.090171331896408,45.67519513565349,2427],[7.090258331183818,45.67522913337579,2427],[7.090322330712078,45.675298131714904,2427],[7.090370330670318,45.675328129855224,2426],[7.090390330523151,45.67537012932834,2426],[7.0904083307039025,45.67539312822682,2425],[7.090465331174763,45.6754351271197,2425],[7.090497330862273,45.675473125697835,2425],[7.090533330693059,45.67550812461683,2424],[7.090537330847351,45.67551512382294,2424],[7.090641329016646,45.67556912145877,2424],[7.090650328832243,45.675576121443456,2423],[7.09070332891283,45.67561811993903,2423],[7.090744330131403,45.675687117868804,2422],[7.090786087491918,45.675729475609856,2422],[7.090866058968576,45.67575613323071,2422],[7.090944723068233,45.67578057547516,2421],[7.091050721061845,45.67582257405559,2421],[7.091094653503374,45.67584568768328,2421],[7.091130993862472,45.67588537695706,2420],[7.091166326436111,45.6759881063371,2420],[7.0911735574783785,45.67602869245474,2420],[7.091184233832518,45.67608734741721,2419],[7.091192673491501,45.67614966607328,2419],[7.091127519878368,45.67614043505696,2418],[7.091087216502123,45.676145682939826,2418],[7.0910497781480535,45.67615986146898,2418],[7.091020119654361,45.67618293669293,2417],[7.09098540595994,45.676220777628046,2417],[7.090978017590059,45.67625174337138,2417],[7.090981156047157,45.67628362493618,2416],[7.0910116864087245,45.67633408004527,2416],[7.091063084578022,45.67639028616522,2415],[7.091254288604428,45.67653172615198,2415],[7.0914197842276145,45.6766560021144,2415],[7.091476094144162,45.67669722299428,2414],[7.091492687601777,45.67673510783198,2414],[7.091504874999002,45.67675376019141,2414],[7.091530704704956,45.67675821244063,2413],[7.091566887034377,45.67677572935699,2413],[7.091604991190101,45.67680616824824,2413],[7.0916180128400335,45.676839972777294,2412],[7.091618517373746,45.67687474992912,2412],[7.091614459184559,45.67690486769062,2411],[7.091602810556263,45.676939768482264,2411],[7.09157196059123,45.67697378586305,2411],[7.091494189959711,45.67701442039131,2410],[7.091329920436551,45.6770863483216,2410],[7.091126688127944,45.6771589946756,2410],[7.090997659180836,45.677202724286374,2409],[7.090899059331517,45.677244597049295,2409],[7.090217160543853,45.67763091430726,2408],[7.090140912784103,45.6776703213827,2408],[7.090065959312599,45.67769259656147,2408],[7.0900050449916066,45.677706721458,2407],[7.089926631459454,45.677710613298196,2407],[7.08973250696852,45.67771387116064,2407],[7.089690770075334,45.67772189018219,2406],[7.089673411446433,45.6777251820889,2406],[7.0896412295245135,45.677738835133546,2406],[7.0896283482349185,45.67776038059697,2405],[7.08962779058557,45.67777253748443,2405],[7.089636938769636,45.6777855956841,2404],[7.089649381978951,45.67779668384843,2404],[7.089680069436851,45.677807131218906,2404],[7.08971833636174,45.677812975507024,2403],[7.089779293481434,45.67780642554948,2403],[7.089851332005797,45.67780148121227,2403],[7.090016090686242,45.67779856008897,2402],[7.090165004011756,45.677788760048315,2402],[7.0902919740880925,45.677772425617405,2401],[7.090301785637951,45.67778157776163,2401],[7.0902906085777095,45.67779274341413,2401],[7.090220271617287,45.677817112042646,2400],[7.0901054986982635,45.67786817517248,2400],[7.0900112501888595,45.67789260551746,2400],[7.0897832598114165,45.677931808321745,2399],[7.089765978907962,45.67795831428895,2399],[7.089887673040818,45.6779765113639,2399],[7.08990047127809,45.67799840985127,2398],[7.089702479256457,45.67808651086414,2398],[7.089597382365472,45.678195709593,2397],[7.089473087790716,45.67827590910864,2397],[7.089239695919999,45.67832451077726,2397],[7.0890669031910045,45.678312114908294,2396],[7.088899811351195,45.678331017723465,2396],[7.088676519495266,45.6783087233119,2396],[7.088261334266367,45.67834603030328,2395],[7.088160339921841,45.67834353137906,2395],[7.088146939317303,45.6783592310412,2394],[7.088263633301148,45.67841852783653,2394],[7.088309632961984,45.67846522470118,2394],[7.088245136280005,45.67848952516077,2393],[7.088135340328751,45.678487726740244,2393],[7.088238835491446,45.67854022310494,2393],[7.088213335721436,45.67857872236338,2392],[7.0881040760078715,45.678605462333834,2392],[7.088083685592304,45.67862114937841,2392],[7.088046411107441,45.67864559673352,2391],[7.088010262631966,45.67865681753263,2391],[7.087957622301635,45.67865688309081,2390],[7.0878709719270825,45.67867470907187,2390],[7.087820963021864,45.67869657776045,2390],[7.087783177362269,45.67869641852217,2389],[7.087759796950405,45.67868940434231,2389],[7.087745136893274,45.67868395468046,2389],[7.0877142398787685,45.67867965344444,2388],[7.087703962656658,45.678684212112266,2388],[7.087696782745749,45.67869686384696,2388],[7.087688640748616,45.678698146918215,2387],[7.087673963288722,45.67869317039137,2387],[7.087663814965019,45.67869394642957,2386],[7.087654885181636,45.67869852765578,2386],[7.0876531981124185,45.67870843345221,2386],[7.0876447499891615,45.678718699469634,2385],[7.087638663972545,45.67871907009381,2385],[7.087621466274251,45.67870884806734,2385],[7.087610000154261,45.678708656062724,2384],[7.087599642354631,45.67871557874958,2384],[7.087563347459912,45.67873105427514,2383],[7.087490875669911,45.67875857891003,2383],[7.0873952109935905,45.67879340166005,2383],[7.087230785967365,45.67880625863605,2382],[7.087168028132147,45.67880615347394,2382],[7.087057465169353,45.67880288216039,2382],[7.086964583306728,45.67879565049898,2381],[7.086921340174715,45.6787774225058,2381],[7.086918683030323,45.67877555445766,2381],[7.086918585092739,45.678775640123625,2380],[7.086840124670156,45.678772270012665,2380],[7.086751726159476,45.67879397665274,2379],[7.086640038173492,45.678803931482555,2379],[7.086532987353325,45.678836198269025,2379],[7.086449095256649,45.678842361305364,2378],[7.08629074497578,45.67884526585767,2378],[7.086211704300588,45.678847726130336,2378],[7.086118161436058,45.6788598764605,2377],[7.086070561012209,45.678863696985466,2377],[7.0860416246933084,45.678868055304086,2376],[7.086000208469185,45.678875403298925,2376],[7.085981885788891,45.67887840756653,2376],[7.085954584802828,45.67888741061771,2375],[7.085953522765441,45.6788987462711,2375],[7.085974734158763,45.67890998178857,2375],[7.085981001998273,45.6789115845484,2374],[7.085980952107076,45.67891564481737,2374],[7.085980629606911,45.678925100023186,2374],[7.085969100242737,45.6789267987359,2373],[7.085942795462466,45.67892635786964,2373],[7.085890636425026,45.67893210636752,2372],[7.085842120383444,45.67894974279017,2372],[7.085790627499102,45.67896765602077,2372],[7.085670665898825,45.67898386350477,2371],[7.085663333778225,45.67898790161299,2371],[7.085639340630536,45.67899885287846,2371],[7.0856086932100055,45.678998752271774,2370],[7.085577483427635,45.67899213924132,2370],[7.085558485679899,45.678995132124584,2369],[7.085539294372702,45.67900379848647,2369],[7.085522558602494,45.67901960124209,2369],[7.0855188819782695,45.67902853488385,2368],[7.085501041240846,45.67903445977225,2368],[7.08546314070364,45.679023660841075,2368],[7.085441440908696,45.6790391616501,2367],[7.0854879395748664,45.679079457732996,2367],[7.085396444459806,45.67908046026017,2367],[7.085286848509821,45.679056963623005,2366],[7.085214751201131,45.67906876440916,2366],[7.085067355983981,45.67906446768639,2365],[7.085025058629686,45.679050369042756,2365],[7.084971159345432,45.679084567879286,2365],[7.084901364370565,45.679034471621335,2364],[7.084884463026486,45.67903247086957,2364],[7.084877864606937,45.6790754698571,2364],[7.0848076683685495,45.67903397325939,2363],[7.084798167607247,45.67904267239688,2363],[7.084832865192917,45.67908757180207,2362],[7.084798266471782,45.67908507264013,2362],[7.084774868915848,45.67906137390812,2362],[7.084678672213843,45.67905837451811,2361],[7.084630273996985,45.67905324609121,2361],[7.084604286393343,45.679083085810596,2361],[7.084635207569106,45.679126178507566,2360],[7.084697114591111,45.67916995647478,2360],[7.084710815565231,45.679204554433745,2360],[7.084589592728642,45.67917744907789,2359],[7.084684370027299,45.67923076821902,2359],[7.0846120737176,45.67923447007892,2358],[7.084526277016255,45.679205073190246,2358],[7.084386783888789,45.67911567892372,2358],[7.084302586488595,45.67913558019383,2357],[7.0842012899862,45.67917108075387,2357],[7.08402149608887,45.67928877978251,2357],[7.0839558998732075,45.67935527794067,2356],[7.083781406634223,45.679414580928814,2356],[7.083613805868336,45.679373716478985,2355],[7.083560186498688,45.679317421149236,2355],[7.083506087810572,45.67929832294461,2355],[7.083108705708525,45.67923363346974,2354],[7.082889015373117,45.67914293984651,2354],[7.082634424901418,45.679095946792636,2354],[7.082789018741335,45.67921914043061,2353],[7.082841142660759,45.67927370629167,2353],[7.0828292439656435,45.67928440636384,2353],[7.082747319363716,45.679284138122874,2352],[7.082572326728029,45.67919914464046,2352],[7.082385861176018,45.6792176145337,2351],[7.0823211655915275,45.67917451664155,2351],[7.082190169867104,45.6791309210046,2351],[7.082085167376432,45.67913742567868,2350],[7.082024924720859,45.67912518201282,2350],[7.081918046108215,45.67909311142801,2350],[7.081846432452664,45.679055956329606,2349],[7.081778671119155,45.67902454351851,2349],[7.08170497433688,45.67896937719003,2349],[7.081604621222652,45.67890430243046,2348],[7.081493663459435,45.678873109795866,2348],[7.081479564215328,45.67886967590092,2347],[7.081350604571722,45.67877945039189,2347],[7.081320408588973,45.67865645467226,2347],[7.081212111285973,45.67861705733873,2346],[7.081126015111195,45.678641858536,2346],[7.081007219853209,45.67862176208361,2346],[7.080913823011135,45.67863416352155,2345],[7.080996819513378,45.67870165914775,2345],[7.081002632990824,45.67871200050438,2344],[7.080984364510344,45.678718970578934,2344],[7.08094440969434,45.67872302994715,2344],[7.08077009271697,45.6787290886942,2343],[7.080653379726416,45.67872807320004,2343],[7.080578579325322,45.67872492410784,2343],[7.080439225294532,45.67871501322257,2342],[7.080351878919746,45.67871366295612,2342],[7.080251363102423,45.67867318311862,2342],[7.080086470578055,45.67862074093107,2341],[7.07990786281927,45.67856168643179,2341],[7.079854867115059,45.67855048783034,2340],[7.079646772542859,45.67867318736211,2340],[7.07954077867341,45.67866008935105,2340],[7.079513977982252,45.678806284898414,2339],[7.079416482372225,45.67879308666371,2339],[7.079221589443185,45.678684895241915,2339],[7.079199641356974,45.67867252909322,2338],[7.079095461457251,45.67864050125082,2338],[7.079019587712257,45.67862929097754,2337],[7.078949730560649,45.67863946936338,2337],[7.078891420395694,45.67864747567051,2337],[7.078855749640173,45.678664379234704,2336],[7.078844040821252,45.67867127750061,2336],[7.078819405175151,45.678681270554186,2336],[7.078844304299408,45.678717702026645,2335],[7.078888902977537,45.67879279786287,2335],[7.078879928376028,45.678805755479424,2335],[7.078872411368051,45.678808466942066,2334],[7.078851067186118,45.67882088074924,2334],[7.0788102057510915,45.67885141491228,2333],[7.0787902203651045,45.678883246225595,2333],[7.078795081121533,45.67889893877111,2333],[7.078816704336809,45.67892109406886,2332],[7.078788250453676,45.67892105733341,2332],[7.078740892919071,45.6789245179604,2332],[7.078698719869727,45.67893421505177,2331],[7.078672983345813,45.67897635707257,2331],[7.078655309279718,45.6790007944877,2330],[7.07864131007224,45.679020094034904,2330],[7.078625376275578,45.67903634310553,2330],[7.078587315308093,45.67904421829567,2329],[7.078548564467054,45.67905255350158,2329],[7.078515752705807,45.67906477430498,2329],[7.078486620991214,45.679068068941184,2328],[7.078460123300594,45.67907329893126,2328],[7.078442441509874,45.67907725964321,2328],[7.0783941722340815,45.67906793192494,2327],[7.078347154547066,45.67906146405976,2327],[7.078321427668561,45.679063869974385,2326],[7.078310086086392,45.67907976244066,2326],[7.078301025964078,45.679088125526725,2326],[7.078272952817028,45.67909995256131,2325],[7.078252972045041,45.67911191576306,2325],[7.078247338249155,45.67912119966598,2325],[7.078281095242279,45.67916761715388,2324],[7.078205401614647,45.6791822881175,2324],[7.078111000017645,45.67918618991612,2323],[7.078035800339697,45.67922268942055,2323],[7.077994821226408,45.679211051338996,2323],[7.0779763996197556,45.67921689057,2322],[7.077975450600569,45.67922491670285,2322],[7.0780861913974675,45.67928212736224,2322],[7.078162336176895,45.67934809303131,2321],[7.078215285735221,45.67935513962839,2321],[7.078260736343898,45.67937899028626,2321],[7.078342322867812,45.67937004926722,2320],[7.078429916761052,45.67938148599333,2320],[7.078562609392377,45.679451580085505,2319],[7.0784825140473515,45.67946988095316,2319],[7.078435614251281,45.679503081989445,2319],[7.078369999336869,45.679509144284346,2318],[7.078360583102548,45.679506831980824,2318],[7.078332466160383,45.679500209606196,2318],[7.078316905139153,45.67950136717078,2317],[7.078310689454187,45.67950551990004,2317],[7.078311056840537,45.679514514157425,2316],[7.07831824078751,45.679521494456274,2316],[7.078342936089746,45.679530882771935,2316],[7.078344555668255,45.679541331907046,2315],[7.078340651377883,45.67954694293753,2315],[7.07832418866426,45.67955470802825,2315],[7.078299433628759,45.67955831207972,2314],[7.078277899773628,45.67955653032062,2314],[7.078274376868066,45.6795561038123,2314],[7.078194937414696,45.679565069212615,2313],[7.078125687928777,45.67957714926143,2313],[7.078103619720141,45.67959096924995,2312],[7.078110934719538,45.67959528486685,2312],[7.078177227941527,45.67960923723838,2312],[7.078197073046129,45.67962092464468,2311],[7.078186022753439,45.679628307359444,2311],[7.078148252803386,45.679627671760265,2311],[7.078096604226174,45.67963815604192,2310],[7.078059438124923,45.679659291510184,2310],[7.078058973615626,45.679663331297,2310],[7.0779852451822745,45.67968167415985,2309],[7.077936005592056,45.679677082275845,2309],[7.077894058562217,45.679680160175685,2308],[7.077893086887504,45.679708527454025,2308],[7.077913836280409,45.67973212542263,2308],[7.077894211874399,45.679734800460295,2307],[7.07775376110645,45.679737167264044,2307],[7.077728195861195,45.679734845010195,2307],[7.07769476363485,45.679725766733874,2306],[7.077679374185733,45.679741591901085,2306],[7.077661256161636,45.67975831620818,2305],[7.077607298615505,45.67975740794954,2305],[7.0775299550145085,45.67976935138764,2305],[7.077441886193109,45.679779222277766,2304],[7.077370542386348,45.67981302754583,2304],[7.077283432172069,45.67983426700464,2304],[7.0771994418508,45.67984326040179,2303],[7.077146541383645,45.67985088436255,2303],[7.077082559275277,45.67986683724981,2303],[7.077046324914593,45.67989089349434,2302],[7.077046224441787,45.67990469163893,2302],[7.077257226988312,45.6799703867687,2301],[7.077177624648775,45.68001578525422,2301],[7.076995522969582,45.68008258773841,2301],[7.076869023065481,45.68011018864045,2300],[7.076690520839381,45.68011159113668,2300],[7.076560820817645,45.68013979305274,2300],[7.07650311849266,45.6801815924125,2299],[7.07640971796489,45.680196393282216,2299],[7.0763385176792,45.68019159372335,2298],[7.076387017945605,45.68025649187033,2298],[7.076194917135967,45.680360590863955,2298],[7.076078515801108,45.68038559239594,2297],[7.076105815755865,45.68044159006742,2297],[7.075971313532277,45.6805000894929,2297],[7.07603081488146,45.680539387993186,2296],[7.075846611785513,45.6806115878462,2296],[7.075685109916446,45.680625989553654,2296],[7.075652111716691,45.68065079023418,2295],[7.075665810230723,45.680664788488535,2295],[7.075570310343305,45.680681990679304,2294],[7.075494428970213,45.68065941188641,2294],[7.075443492484114,45.68064909200538,2294],[7.075326003434994,45.68065089680077,2293],[7.0752072764318905,45.68061010561711,2293],[7.075111876991899,45.68063688043531,2293],[7.075105882932088,45.68064021406337,2292],[7.075045829769539,45.68067361143369,2292],[7.0748908472347125,45.68063608540051,2291],[7.07480383579879,45.68062601218174,2291],[7.074839017764179,45.68069382680311,2291],[7.074832317079415,45.68074002412069,2290],[7.074757003743296,45.68076040113405,2290],[7.074647105101652,45.6807364049452,2290],[7.07448020284112,45.680760206014305,2289],[7.074350803211712,45.68074320909233,2289],[7.074150601588788,45.680669015885776,2289],[7.073940532429154,45.68064080057145,2288],[7.073868531297979,45.68058540397047,2288],[7.073847730784849,45.680591204212334,2287],[7.073878731406571,45.68073459838342,2287],[7.073818929242637,45.6807447992013,2287],[7.073590197235475,45.68068442407963,2286],[7.073518696609868,45.680692924294185,2286],[7.073315596065389,45.68058143232447,2286],[7.0732363970736145,45.68049133689551,2285],[7.0729542952659505,45.68036204555541,2285],[7.072821494847926,45.68032245002044,2284],[7.072784796320346,45.68028425110477,2284],[7.072261793102109,45.68013756610144,2284],[7.072060591982898,45.68002877354788,2283],[7.071728710223703,45.68001816056852,2283],[7.071673210235901,45.6799839641612,2283],[7.0716381118825025,45.67993076616365,2282],[7.071491511003664,45.67991026950336,2282],[7.071435109217845,45.67988857049176,2282],[7.071415509986307,45.679845072269444,2281],[7.071340390390392,45.679798094638414,2281],[7.071108988483505,45.679772098829666,2280],[7.070979786666613,45.67973450247216,2280],[7.070829888438769,45.67962520978982,2280],[7.070640286662345,45.67952911620193,2279],[7.070439187015824,45.67940072261454,2279],[7.070411485725313,45.67940362442674,2279],[7.070239585918528,45.679338328958266,2278],[7.069964184929755,45.679174139785864,2278],[7.069902783684355,45.67910714331705,2278],[7.069879163666319,45.67909061760751,2277],[7.069743281092111,45.679077913517574,2277],[7.069652578532027,45.679085841039694,2276],[7.069549866246673,45.67908978159665,2276],[7.069446568396108,45.67911074234526,2276],[7.069345204780859,45.679114705516774,2275],[7.069286745203314,45.67912696261194,2275],[7.069219625359884,45.67911636635163,2275],[7.069139648661434,45.6791263676459,2274],[7.069024275893265,45.679145231015006,2274],[7.068952404101069,45.67916220343272,2273],[7.068915711745283,45.67916231745378,2273],[7.068850264766428,45.67914228865051,2273],[7.068825254684683,45.67912389047769,2272],[7.068802130760063,45.67905064886054,2272],[7.068801892715975,45.67904838746508,2272],[7.068717277758091,45.67897456771941,2271],[7.068692181325506,45.6789609204147,2271],[7.068675645847994,45.678951179265546,2271],[7.068622883771847,45.67893514963439,2270],[7.06859046183539,45.678936020722865,2270],[7.068510131541616,45.67894648813172,2269],[7.068491311986301,45.678944277896115,2269],[7.068447537948749,45.678941644696046,2269],[7.068442377390614,45.678954330276184,2268],[7.068436720858498,45.678961803275236,2268],[7.068420850624749,45.67897194233806,2268],[7.068385843890665,45.67896945740056,2267],[7.068355657204768,45.6789642169657,2267],[7.0683061452325715,45.67897142070758,2266],[7.068229207819068,45.67897153872361,2266],[7.068159667607856,45.6789528596921,2266],[7.068081502552107,45.67893474396919,2265],[7.068039946277474,45.67892647230187,2265],[7.068002892720789,45.67892466277441,2265],[7.067975881433741,45.67891781983316,2264],[7.067949872503522,45.678913712948074,2264],[7.0679316534544,45.67891364143975,2264],[7.067906769383776,45.6789160592654,2263],[7.06788910733137,45.67891942643211,2263],[7.067888283719884,45.67891966631716,2262],[7.067841545350196,45.67891422402531,2262],[7.06784089422037,45.678913407448334,2262],[7.067818930200994,45.67890452030236,2261],[7.067796788383061,45.67890083433621,2261],[7.067758262752721,45.67890254789065,2261],[7.0677560041409135,45.678904263908514,2260],[7.067702972381479,45.678898088632,2260],[7.06759143513253,45.67885762357248,2259],[7.067510380422658,45.67884016871596,2259],[7.067374015046156,45.67883171095474,2259],[7.067267060300353,45.678841254390775,2258],[7.067157228972451,45.67885595233375,2258],[7.0671221735170855,45.678854885590894,2258],[7.066940354870495,45.67887297776703,2257],[7.066878019020479,45.678899832822566,2257],[7.06680581608217,45.678938819344026,2257],[7.066747964143621,45.678992241027636,2256],[7.066741860264239,45.6789950260172,2256],[7.066504364047343,45.67892790700601,2255],[7.066472755234652,45.67891993549168,2255],[7.066417824807712,45.678908125449794,2255],[7.066346763172785,45.67891401840813,2254],[7.066285231065886,45.67893710196335,2254],[7.066207203454131,45.67896889424603,2254],[7.066141907757369,45.67900326745086,2253],[7.066073858098589,45.67902943396717,2253],[7.0660247600822546,45.67904421330001,2252],[7.065985745499299,45.67906010934568,2252],[7.065944741039984,45.67907502570755,2252],[7.065916153349217,45.6790821102338,2251],[7.065902409758282,45.6791088417103,2251],[7.065901869930572,45.6791115768748,2251],[7.065781705287546,45.67916486441366,2250],[7.06574101977246,45.67915092992932,2250],[7.065681210707931,45.6791631623217,2250],[7.06567180777175,45.679181452648685,2249],[7.065621650494927,45.67920248103881,2249],[7.065578355882846,45.67922281378907,2248],[7.0655302627086645,45.67923026267581,2248],[7.06550397826615,45.67925500674104,2248],[7.065480212315725,45.679292212597566,2247],[7.065477478773994,45.67937530375687,2247],[7.065444632943214,45.679414011922226,2247],[7.065377819107443,45.679433694166825,2246],[7.065341200141673,45.679380092235434,2246],[7.06529444288903,45.6793755288473,2245],[7.065239941267129,45.679421029220826,2245],[7.06522804181956,45.67944602772458,2245],[7.065247940304279,45.679484725723725,2244],[7.065256695732247,45.67951158806455,2244],[7.06521304098273,45.679514126534606,2244],[7.065191241338921,45.679511426034146,2243],[7.065145564732427,45.67942692157035,2243],[7.065112206661426,45.67943534448072,2243],[7.065086573904686,45.67947417385064,2242],[7.0650545579289386,45.67946322392198,2242],[7.065007050782906,45.67948461376661,2241],[7.065021049728465,45.67951141195747,2241],[7.064943963100271,45.67959254033264,2241],[7.064909062885486,45.679572140284655,2240],[7.064894274962288,45.679541636633395,2240],[7.064873661168556,45.67953277270018,2240],[7.064843967675908,45.67953274208568,2239],[7.064842926235102,45.6796216583364,2239],[7.064810106393745,45.679643809111674,2239],[7.064766124946869,45.67963738710052,2238],[7.064721949015002,45.679558716935766,2238],[7.064638694296608,45.67955575435476,2237],[7.0646220407943305,45.67961791523412,2237],[7.0646030030153755,45.679631783970564,2237],[7.064559158253544,45.679611646262906,2236],[7.064518755119355,45.679609068684414,2236],[7.064532582707072,45.67963863263918,2236],[7.064499847346279,45.679667115833766,2235],[7.064446645859302,45.679634618186554,2235],[7.064419346869597,45.67953732261583,2234],[7.064329327122907,45.67955035186405,2234],[7.064286310666793,45.67956870418868,2234],[7.064281366189467,45.6795946386403,2233],[7.064252225690502,45.67960894992454,2233],[7.064225127713049,45.679610951393016,2233],[7.064194927329501,45.67958705212062,2232],[7.0640846435744615,45.67961792445654,2232],[7.064025544004359,45.679593526248176,2232],[7.063963344909352,45.67952922946247,2231],[7.063857843482087,45.67949983400619,2231],[7.063812941845564,45.67951893365081,2230],[7.06378555630345,45.67952993981828,2230],[7.063658197708572,45.679583128353876,2230],[7.063573840880418,45.6796386336149,2229],[7.063529174113309,45.67962588013056,2229],[7.063519835035135,45.67958362020131,2229],[7.063444642548106,45.67957229321597,2228],[7.063382483801998,45.67959394517215,2228],[7.063365105349976,45.679628183373026,2227],[7.063477640830825,45.67965493355193,2227],[7.063494039218633,45.679691732767104,2227],[7.063422146400592,45.679715719174204,2226],[7.063348358142571,45.67974190466107,2226],[7.063323718087106,45.67975189429548,2226],[7.063277756802842,45.67975395277736,2225],[7.0632733920851045,45.679754295488955,2225],[7.06286123609968,45.67968374413485,2225],[7.062706734286906,45.67963074833016,2224],[7.062600134768262,45.67963584888391,2224],[7.06242443212479,45.679756047705084,2223],[7.062381433205768,45.67977044831164,2223],[7.062355347992237,45.67977000123358,2223],[7.062309267998799,45.679755973999974,2222],[7.0622848500722455,45.679736917491056,2222],[7.062253756292437,45.67972191861789,2222],[7.062202115625943,45.67971252684564,2221],[7.062123144133672,45.67973247432794,2221],[7.06192903186498,45.67976442247248,2220],[7.061743324798688,45.67982655270352,2220],[7.06163525687042,45.67986823859149,2220],[7.061540515360129,45.67991488223485,2219],[7.061450938718859,45.679929209231254,2219],[7.061334244604373,45.67994709642598,2219],[7.06115649935283,45.68001314474302,2218],[7.061016187705495,45.68005049874567,2218],[7.060885079287392,45.680055841321476,2218],[7.06074295218497,45.68006761933918,2217],[7.060630239702634,45.68008746626794,2217],[7.0605717773479,45.68009971885189,2216],[7.060429780826687,45.68010771391224,2216],[7.0603150557820475,45.6801076582533,2216],[7.060116370432444,45.680115636043716,2215],[7.059935549388481,45.68011445725488,2215],[7.0599154125218915,45.68011127635574,2215],[7.059809992178371,45.68007637192194,2214],[7.059692071090715,45.68005166248651,2214],[7.05960636752212,45.68004289869511,2213],[7.059438011466971,45.67997539159571,2213],[7.059205111480407,45.67979170291309,2213],[7.059068211942627,45.67971620800051,2212],[7.058883210138726,45.67957501483973,2212],[7.058498909244163,45.6793385310277,2212],[7.058336308258116,45.67927453498973,2211],[7.057950608102065,45.67903735047577,2211],[7.057905195044535,45.67900399034219,2211],[7.057855228946921,45.67896576889945,2210],[7.057786296553581,45.67892959115916,2210],[7.057713944048617,45.67889477371691,2209],[7.05763563507075,45.6788565435703,2209],[7.057613607274454,45.67884954621702,2209],[7.0575854459507195,45.678844471490365,2208],[7.05744221336791,45.678741850455815,2208],[7.057420656272984,45.67870174757006,2208],[7.057300876527183,45.67865287771684,2207],[7.057139233396355,45.678565688004056,2207],[7.057047387873347,45.67852864656778,2206],[7.056984104138921,45.678458188143175,2206],[7.05694906798275,45.6784154517534,2206],[7.056863803473677,45.67836079349781,2205],[7.05678352141534,45.67826563408814,2205],[7.0567468869309184,45.67821273837201,2205],[7.056703107965096,45.67817131034796,2204],[7.056648807087259,45.67812189876805,2204],[7.056623914893782,45.6781001876704,2204],[7.056560803623966,45.67807898276677,2203],[7.056520111092784,45.67805773901813,2203],[7.056467334789068,45.678022780487495,2202],[7.056446996338744,45.6779864829383,2202],[7.056441693830507,45.677944763646956,2202],[7.0564417980641005,45.67793778719276,2201],[7.056376702282715,45.67778782156908,2201],[7.056387003895537,45.677732023455675,2201],[7.056352803544007,45.67768412480996,2200],[7.0562711624748164,45.67762636313301,2200],[7.05624333637183,45.67761226159507,2200],[7.056160935023652,45.67757538018077,2199],[7.056130779545998,45.67754979550008,2199],[7.0560758328866715,45.67751905806529,2198],[7.056068679785415,45.67751486979842,2198],[7.056051896798696,45.677508716575176,2198],[7.056008206511476,45.677503714648104,2197],[7.055980701116704,45.677506637894304,2197],[7.055931088996858,45.67748962993052,2197],[7.055885469858445,45.67746236253711,2196],[7.055864498998523,45.677443743154974,2196],[7.055744498945833,45.677415245449154,2195],[7.05566689863262,45.67735954938065,2195],[7.055651509413119,45.67734934071858,2195],[7.055624810623835,45.67734084404541,2194],[7.05559867087195,45.6773356682351,2194],[7.0555698022792575,45.67733139282873,2194],[7.055549074864331,45.67732583662279,2193],[7.0555144630165945,45.67731200099809,2193],[7.055485527642548,45.67730961637669,2193],[7.055448829927152,45.67731703362948,2192],[7.055447381275907,45.677317561604745,2192],[7.055436064793599,45.677315396865566,2191],[7.055398245749964,45.67729677673679,2191],[7.0553731843654885,45.67729942552861,2191],[7.055326606100738,45.6773096303202,2190],[7.055296096787188,45.67731372364216,2190],[7.055241929329042,45.677318950497884,2190],[7.055128042735111,45.67733380452742,2189],[7.055104027867751,45.67733552421064,2189],[7.055081025804014,45.67733562121309,2188],[7.055074607553229,45.67733738854903,2188],[7.055026919339601,45.67733089965144,2188],[7.0550155205375304,45.67732881357463,2187],[7.0550083139594735,45.67732254067239,2187],[7.055001338034174,45.67730964989609,2187],[7.054998211517726,45.67730250050982,2186],[7.054987237473582,45.67728812223202,2186],[7.054973320327909,45.67728078906571,2186],[7.054927178766396,45.67726864973773,2185],[7.054913273920855,45.67726262907302,2185],[7.0547184927934286,45.67727336776348,2184],[7.054716227154822,45.6772743138459,2184],[7.054704065890543,45.67727099965828,2184],[7.054665427691504,45.677276018226074,2183],[7.054644094016704,45.67728795425535,2183],[7.054611261950019,45.67730064038204,2183],[7.054576505859901,45.677310454908486,2182],[7.054524970106446,45.67731761909831,2182],[7.054488868291517,45.6773468062433,2181],[7.054486893252692,45.67734877704907,2181],[7.054414689827628,45.6773490708045,2181],[7.0543708898249,45.677324872426155,2180],[7.054203290217789,45.67732187474216,2180],[7.054109788620901,45.677294678263586,2180],[7.054025988673611,45.67730347873895,2179],[7.053970188264328,45.677274481773516,2179],[7.053949387112465,45.67731908032288,2179],[7.05387918879081,45.67731998125078,2178],[7.0538538872539345,45.67728738164454,2178],[7.053825386034855,45.677295583402774,2177],[7.053763787331261,45.67725488564475,2177],[7.053540685515254,45.677219490917295,2177],[7.053487286071088,45.67724159010879,2176],[7.053340885119268,45.67724659225538,2176],[7.052857680095823,45.67720464617768,2176],[7.052715472300332,45.677224274919084,2175],[7.052707791867978,45.6772360320595,2175],[7.052791478762819,45.67728969986169,2174],[7.05289248118697,45.67734959697762,2174],[7.053066982074504,45.677520288943846,2174],[7.053125080451664,45.67755528577665,2173],[7.053109980013637,45.6775795858097,2173],[7.053146882286827,45.67760148351729,2173],[7.053143180413808,45.67763498215283,2172],[7.053192982115106,45.67773377835672,2172],[7.053268381119826,45.67783207301063,2172],[7.053355781255119,45.67790406877344,2171],[7.053336480902363,45.67797696753019,2171],[7.0534189798009574,45.67814496017012,2170],[7.053491081166539,45.678240255238656,2170],[7.053511981168348,45.67832905215731,2170],[7.053654481295329,45.67850064327156,2169],[7.053656680786937,45.67863313837392,2169],[7.05361327919521,45.678780234849775,2169],[7.053669080669081,45.678807831494225,2168],[7.0537162037569585,45.67885800422798,2168],[7.053724011400884,45.67888219250699,2167],[7.053729575584923,45.67891634770765,2167],[7.053744383989879,45.678956336278944,2167],[7.053764606227404,45.67899594367502,2166],[7.053771090126645,45.679023018410746,2166],[7.053770450621482,45.679041457106095,2166],[7.053785983282514,45.67908003860668,2165],[7.053785846626322,45.6791034524466,2165],[7.053795227477678,45.6791442944859,2165],[7.053796332964415,45.67917080412608,2164],[7.053799378892017,45.67919971221323,2164],[7.053798039224045,45.67925462863175,2163],[7.053797296475227,45.67925975446205,2163],[7.053790208562956,45.67926956772164,2163],[7.053779055524165,45.679279785139194,2162],[7.053763346598209,45.67928519415695,2162],[7.053740772461769,45.67928796058357,2162],[7.053681963180568,45.6793221905876,2161],[7.05366606766298,45.679336754603376,2161],[7.053629979173455,45.67936546916023,2161],[7.053615356555728,45.67937846534313,2160],[7.053590164490393,45.679386851249355,2160],[7.053576725067668,45.67939294427044,2159],[7.053550349398805,45.67941401895432,2159],[7.053529461438846,45.679451979732704,2159],[7.053530697977524,45.679474707722335,2158],[7.053537444225537,45.67949421736951,2158],[7.05352752894784,45.679527161872294,2158],[7.053521050410452,45.679558273007615,2157],[7.053487243554634,45.679618484680894,2157],[7.053485946666917,45.67963643783252,2156],[7.053483316121196,45.67965389661701,2156],[7.053479074487375,45.679678895712165,2156],[7.053477217358371,45.67969352886473,2155],[7.053476708954006,45.679708185005644,2155],[7.053478881619401,45.67972335937971,2155],[7.053483375799376,45.67974945424355,2154],[7.053472208846697,45.679779538592,2154],[7.053452028460456,45.67981656634317,2154],[7.053450632262455,45.67982020672172,2153],[7.0533367726212965,45.67995959731378,2153],[7.0533333853871065,45.67996840434421,2152],[7.053331115646986,45.67997546088972,2152],[7.053333717256924,45.67999773871272,2152],[7.053354873112987,45.68001039875626,2151],[7.053395293614417,45.68003190180991,2151],[7.05345034087135,45.68006950165443,2151],[7.053459602870771,45.6800748637149,2150],[7.0534766797843025,45.68008840018265,2150],[7.053497770116294,45.68010295102525,2149],[7.053526067216322,45.68012377486056,2149],[7.053539820886475,45.68013583526998,2149],[7.053574878114175,45.6801563008766,2148],[7.053586640849747,45.68016738137618,2148],[7.053594127790588,45.68018501169928,2148],[7.053609921619422,45.680196634335935,2147],[7.053616682971721,45.680196277036266,2147],[7.0536324905799255,45.680188030907146,2147],[7.05366576871735,45.68018197536778,2146],[7.053681923338855,45.68018319665902,2146],[7.053695329999362,45.68018579052256,2145],[7.053699821646271,45.680192489770995,2145],[7.053704824313634,45.68020392848486,2145],[7.053713199469849,45.68021542467402,2144],[7.053723744704803,45.680222699624906,2144],[7.053738929143394,45.68023241991557,2144],[7.053749446530135,45.68023801756313,2143],[7.053784674877991,45.68028057908592,2143],[7.053795875455055,45.68031897604243,2142],[7.053898575018044,45.68036507431523,2142],[7.053920477172786,45.68033867412682,2142],[7.053940575085793,45.68034867253372,2141],[7.05398217710802,45.68032997418148,2141],[7.054110976115709,45.68042036830022,2141],[7.054178377389551,45.68038796760095,2140],[7.054253476927227,45.68041076597114,2140],[7.054323179008657,45.68041036399427,2140],[7.054347479237809,45.68042626456371,2139],[7.054411079024929,45.68040306425947,2139],[7.0545064797279675,45.68047155913428,2138],[7.054623279576892,45.68047845778761,2138],[7.054734081658349,45.680516653923114,2138],[7.054643280605786,45.68059555348454,2137],[7.054690180934742,45.6806345512649,2137],[7.05479548175414,45.680652247295434,2137],[7.054826580965605,45.68067404740403,2136],[7.054716379216221,45.68072304754856,2136],[7.054708180071721,45.68074524576824,2135],[7.054770680740405,45.680772943374805,2135],[7.054811180547756,45.6807677431647,2135],[7.054865282021152,45.68081104164182,2134],[7.054938980914057,45.680842339343876,2134],[7.0550768819295735,45.68087033627922,2134],[7.055230220147999,45.68094805105181,2133],[7.055244475722962,45.680964689444615,2133],[7.055252241819977,45.68097428320509,2133],[7.055269945327927,45.680989248579,2132],[7.055286429837509,45.681000410207666,2132],[7.055304444686234,45.681006392801805,2131],[7.055333826269417,45.68101540866265,2131],[7.055364491122354,45.68102633740967,2131],[7.055407955979262,45.681037958438004,2130],[7.055451452366057,45.68104863311541,2130],[7.055515726705508,45.68106344544143,2130],[7.055576513825633,45.68108151060657,2129],[7.0556510238735495,45.681112581339605,2129],[7.055654012374106,45.68111379060728,2128],[7.055672683300167,45.6811417153622,2128],[7.055656383001489,45.681165514654474,2128],[7.055617284011568,45.68117141586525,2127],[7.055695884923855,45.68128391063438,2127],[7.055689983589323,45.68131480849374,2127],[7.055537383760317,45.68133031072314,2126],[7.055504883135767,45.681298613207225,2126],[7.055397381084747,45.68128051492487,2126],[7.05542438267995,45.681315414885034,2125],[7.055404981712164,45.68134531240673,2125],[7.055309880507344,45.681347314893245,2124],[7.055329781208169,45.68140481346562,2124],[7.055382880417793,45.68142541112082,2124],[7.0554220804260135,45.68150700728546,2123],[7.0554226807965685,45.68154570601516,2123],[7.0553846820219785,45.68155460690395,2123],[7.055380580434056,45.68160070513148,2122],[7.055399280981224,45.68162140289046,2122],[7.055395071570883,45.681631338165715,2122],[7.055410347037381,45.68164078526072,2121],[7.055408867172782,45.681644544846556,2121],[7.055405134150474,45.681654887863914,2120],[7.055381265210961,45.68166205099921,2120],[7.055343428868609,45.681663298664944,2120],[7.055268626529415,45.68166013295339,2119],[7.055196375588712,45.68166126706145,2119],[7.055132974227706,45.68166018735469,2119],[7.055087224209387,45.68165609687452,2118],[7.055044976575176,45.681648282140074,2118],[7.055017389051478,45.681645920358186,2117],[7.054969397454887,45.68164885628515,2117],[7.054968683744495,45.681648886432825,2117],[7.054950519901035,45.68166701496031,2116],[7.054957594640922,45.68167706950037,2116],[7.05498625362496,45.68168749164917,2116],[7.054992939529643,45.681688797207926,2115],[7.055008893397175,45.68171586393324,2115],[7.055008067391574,45.68171598487564,2115],[7.054962766497308,45.681722570496056,2114],[7.05489860809693,45.681723843143324,2114],[7.054857513853192,45.68172172381051,2113],[7.054797681699211,45.68171502798322,2113],[7.054724524443162,45.68170337439599,2113],[7.0546082806719514,45.6816886223314,2112],[7.05460367466152,45.68168802993121,2112],[7.054347072831251,45.681714018707545,2112],[7.054327372846913,45.68173081856692,2111],[7.054281772031316,45.68190361249095,2111],[7.0540370712137275,45.68196381418627,2110],[7.054008069908429,45.68198651475393,2110],[7.054012469539987,45.682015013857,2110],[7.05410426958809,45.68210030956045,2109],[7.054093569609125,45.68213380777121,2109],[7.054062571685379,45.682137508108056,2109],[7.054128769827026,45.682240203285495,2108],[7.054040769662219,45.68225230565703,2108],[7.054019169062734,45.68227080480632,2108],[7.053791868622922,45.68227450820864,2107],[7.053886269794315,45.682320205837144,2107],[7.053978668418711,45.68242149883695,2106],[7.053847768445503,45.68239940192413,2106],[7.05370286572935,45.68240080460099,2106],[7.053756868350619,45.68243690316736,2105],[7.0537875668022,45.682506700923696,2105],[7.0536202672640975,45.68251800238344,2105],[7.053553465696474,45.68255050297254,2104],[7.05335986577884,45.68258280439751,2104],[7.0533065633966565,45.68260380526194,2103],[7.053387164051847,45.68264570198934,2103],[7.053304364764608,45.68269160177082,2103],[7.053344763334475,45.68277759879364,2102],[7.05328106226628,45.682781198701704,2102],[7.053305861803344,45.682989691832496,2102],[7.053163260821188,45.682920495766595,2101],[7.053064862309811,45.682900798951756,2101],[7.053117262664976,45.68294769651374,2101],[7.05316456279425,45.68305269106672,2100],[7.053152762982453,45.68306879193367,2100],[7.0530674622645195,45.68303969308193,2099],[7.053004361399213,45.682999196162726,2099],[7.053012761551335,45.68303399557043,2099],[7.052987761408301,45.68304179596811,2098],[7.052899259706229,45.68297209977919,2098],[7.052780059105153,45.683034899260164,2098],[7.052815460038374,45.683035699075944,2097],[7.052797959804952,45.68306619739859,2097],[7.052885860596153,45.68312649391625,2096],[7.052881060196347,45.683149594207805,2096],[7.0528344601637984,45.68314099429707,2096],[7.052914050089224,45.68319256424767,2095],[7.052925888926105,45.683212862797625,2095],[7.052930629184386,45.683231865733035,2095],[7.0529264854073155,45.68325402854997,2094],[7.052930435776181,45.683276329366215,2094],[7.052945276379995,45.68329597703917,2094],[7.052962190050176,45.68331424154761,2093],[7.052975944356334,45.68332630202939,2093],[7.053003056816688,45.68334237503185,2092],[7.053008387403419,45.683342517214726,2092],[7.053029762103826,45.683350754510556,2092],[7.053086159914592,45.683378679307594,2091],[7.053090169926774,45.68338138936761,2091],[7.053127659583755,45.68338828034803,2091],[7.053189582067251,45.68345194644452,2090],[7.053198057465854,45.6834701120734,2090],[7.053238367992706,45.683514320194384,2090],[7.053241743144516,45.68353377328091,2089],[7.053216867555575,45.68353098385868,2089],[7.053186522925662,45.683520532533755,2088],[7.053159376238575,45.68350540496278,2088],[7.053130321817965,45.68348693351532,2088],[7.053108095947469,45.683485608646656,2087],[7.053106799945866,45.6835229573504,2087],[7.053116525409183,45.683553872148615,2087],[7.053121250511993,45.68359274290372,2086],[7.053113784596387,45.683613429685494,2086],[7.053100293837,45.68361319969894,2085],[7.053077358196671,45.68360035446302,2085],[7.053074199502344,45.683587210033856,2085],[7.053054241127784,45.683559433028144,2084],[7.0530435501517585,45.683575807505335,2084],[7.0530312407939,45.68361935442652,2084],[7.0530184942261664,45.683656035379066,2083],[7.053018514170806,45.683694352486555,2083],[7.053007132786409,45.68373058417635,2083],[7.052998827685129,45.68375598739723,2082],[7.0529696899234695,45.68381769698804,2082],[7.052965828515505,45.6838706127187,2081],[7.052973745777909,45.68391474119018,2081],[7.0529756407961575,45.68393795293184,2081],[7.052987258328365,45.68396896300137,2080],[7.053075157086152,45.68403905926167,2080],[7.053024156974558,45.684043258980374,2080],[7.052975758303471,45.684019860160774,2079],[7.052942756953149,45.68402886163605,2079],[7.052948208115216,45.68403396794846,2078],[7.052951589960221,45.68404752751546,2078],[7.052965215537745,45.68408276613561,2078],[7.052975616097952,45.68411369155274,2077],[7.05298560411148,45.68413704126948,2077],[7.0530005597662635,45.68415338044647,2077],[7.053040151065365,45.68417661920397,2076],[7.053121455421655,45.684251250950055,2076],[7.053100335525203,45.68425383052485,2076],[7.053062563022003,45.68425318658213,2075],[7.0530257760189565,45.68424357135628,2075],[7.05298602882865,45.684241475216886,2074],[7.052970416882715,45.684244046963634,2074],[7.052969955384247,45.6842614526972,2074],[7.053043554873425,45.68436224770299,2073],[7.053013881791618,45.6843626283912,2073],[7.053012223054287,45.684361840455395,2073],[7.052971438708255,45.68435073765732,2072],[7.052935507187208,45.684335933698705,2072],[7.052934156226626,45.684363649838886,2071],[7.0529515546328385,45.68450934333041,2071],[7.053029155750142,45.68462323953872,2071],[7.053152453558113,45.68489282707121,2070],[7.053168824981252,45.68491111650279,2070],[7.053192353081458,45.68492796091465,2070],[7.0532065696050195,45.684946179403646,2069],[7.0532374391072965,45.68500962122155,2069],[7.053267026646393,45.6850808474602,2069],[7.053298982675877,45.6851518764459,2068],[7.053339951848805,45.685196568280986,2068],[7.053401787373486,45.6852915235942,2067],[7.05342561140344,45.68530517506248,2067],[7.053451277666928,45.685324061214025,2067],[7.0534903694917395,45.68534506903127,2066],[7.05353696274465,45.685363839312565,2066],[7.053564029708594,45.685400725452276,2066],[7.053601528022478,45.68543849952385,2065],[7.053638235224299,45.68546987322379,2065],[7.053680306412308,45.68550228429892,2064],[7.053705972820261,45.685521171295,2064],[7.053744868093779,45.68554785149757,2064],[7.053792482439406,45.6855761005805,2063],[7.053842465210751,45.68559445506391,2063],[7.053933826538329,45.685626287493136,2063],[7.053934980836178,45.685628069494186,2062],[7.053940956702461,45.68562908849366,2062],[7.054058856044687,45.68571818256976,2062],[7.054180755665742,45.685758078610476,2061],[7.054309458622863,45.68582827507852,2061],[7.054534759450003,45.68591686724882,2060],[7.054727760423558,45.685955262902326,2060],[7.05486475875256,45.686033356817155,2060],[7.05491582331555,45.68611405529319,2059],[7.054918005522651,45.686123674573324,2059],[7.054921924071577,45.686146920738366,2059],[7.054923210415658,45.68616823013136,2058],[7.054923097442533,45.68619093419701,2058],[7.054937022221296,45.686206962134655,2057],[7.054986857399984,45.6862451204744,2057],[7.055003836904224,45.68626149295107,2057],[7.0550173300822925,45.686281118296314,2056],[7.055018204908877,45.68629485201612,2056],[7.055008346172952,45.68630177934026,2056],[7.054996106558174,45.68630440969786,2055],[7.054985314191148,45.68630422589138,2055],[7.05495359451833,45.686304158197835,2055],[7.054943770036193,45.686300504012486,2054],[7.054942858996082,45.6863044460905,2054],[7.054923881127439,45.68630459810122,2053],[7.054893065992044,45.68629792400404,2053],[7.054875085350953,45.68631038970634,2053],[7.054889614211038,45.686319625232166,2052],[7.054915510881488,45.686331893182356,2052],[7.054932606413145,45.68634495629921,2052],[7.054924331514326,45.686350018650664,2051],[7.054908440361127,45.686360628905064,2051],[7.054899739269688,45.68637798341083,2051],[7.054909695682938,45.686402278382204,2050],[7.054917227804737,45.6864381222247,2050],[7.054903919691766,45.68645208691833,2049],[7.054876546363919,45.686482369681805,2049],[7.054842956146849,45.686516802966445,2049],[7.054861367796035,45.68653083538068,2048],[7.054874913199157,45.68656843686811,2048],[7.054881086938782,45.68660449429344,2048],[7.054879707013184,45.68662481140278,2047],[7.0548885112408,45.68664341092888,2047],[7.054915094390897,45.68667484849488,2046],[7.054890007238509,45.68669760063559,2046],[7.054867750290339,45.686716616194076,2046],[7.054862356417345,45.68673591986604,2045],[7.054860369940707,45.68677373024485,2045],[7.054841676046579,45.68680676202221,2045],[7.054821934799667,45.686811629065296,2044],[7.054775770803463,45.686819357394576,2044],[7.054737242421479,45.68684046205016,2044],[7.054712746957401,45.686865589605645,2043],[7.0546914764583155,45.68687563386418,2043],[7.0546302587931295,45.68688925586985,2042],[7.05460038403734,45.68691381923333,2042],[7.0545700515159435,45.686951619275106,2042],[7.054564463594654,45.68695496234114,2041],[7.054529954035081,45.68695353110695,2041],[7.054548053254936,45.687045527441306,2041],[7.054451954733473,45.68703483028696,2040],[7.054351453237242,45.68711642830151,2040],[7.054309452488557,45.68712492942227,2039],[7.054208951043136,45.68711373041861,2039],[7.05413365157518,45.68715553004202,2039],[7.054142752253207,45.687167429177286,2038],[7.054165052324221,45.687161029833014,2038],[7.054126150530649,45.68719732914824,2038],[7.054156186222069,45.6872075670364,2037],[7.054132851907122,45.687254927000126,2037],[7.054171450476585,45.68735362354147,2037],[7.0540221516471115,45.687358625802766,2036],[7.053850948928371,45.687445225489725,2036],[7.053670749486892,45.68744732812979,2035],[7.053489047147178,45.687509028895846,2035],[7.05328864608171,45.68754453191345,2035],[7.053074344666789,45.68765603146597,2034],[7.053232545123445,45.687639229299485,2034],[7.053259646255763,45.68764902856989,2034],[7.053312244790863,45.687702926501714,2033],[7.0532652460254415,45.68770422611428,2033],[7.053340945937832,45.68775092305851,2032],[7.053340544567615,45.68777692274647,2032],[7.053244245676064,45.687796024172904,2032],[7.053298044478049,45.68783162081104,2031],[7.053206442971901,45.68783992226972,2031],[7.053151244198402,45.68781232491802,2031],[7.053108342797981,45.68783432384524,2030],[7.053092943161064,45.687862424221045,2030],[7.053139242609421,45.68788742170948,2030],[7.053106342548042,45.68790772259313,2029],[7.053021543150876,45.687917623173206,2029],[7.053105242207112,45.687960519752394,2028],[7.0531152430138295,45.68798081933514,2028],[7.053100243236036,45.68799391881493,2028],[7.053053643805435,45.68796202168565,2027],[7.052849940857928,45.687944824536345,2027],[7.052840841048818,45.68800342394305,2027],[7.052905541757041,45.68803032118282,2026],[7.052905440573925,45.68813261744332,2026],[7.052925140071423,45.68815801656452,2025],[7.052881540950551,45.68818101518501,2025],[7.052904342577817,45.688211314959034,2025],[7.052880140056891,45.688222115349,2024],[7.05283164663498,45.68820833838413,2024],[7.052845139898154,45.68825651499836,2024],[7.052817340092464,45.68826491386797,2023],[7.0527848406658284,45.68824961484953,2023],[7.052776739469526,45.68828151369491,2023],[7.052710239694611,45.68830991460844,2022],[7.052693239323251,45.688342313354774,2022],[7.052624538528819,45.68835361502352,2021],[7.052587540042098,45.68839681377276,2021],[7.052516238722564,45.68842161343522,2021],[7.052526937039842,45.68845681206583,2020],[7.052512637313999,45.68847711313814,2020],[7.052454638772729,45.688480213986665,2020],[7.052483236634253,45.68852681028863,2019],[7.052397237450509,45.68855681183535,2019],[7.052377238505667,45.68857481053328,2018],[7.052400436697679,45.68859361071687,2018],[7.052350136972636,45.68859061074464,2018],[7.05230673601536,45.6886169103682,2017],[7.052341736131399,45.688630909269996,2017],[7.052337136324734,45.6886627093846,2017],[7.052279236161313,45.688712608087876,2016],[7.052244436366398,45.68879070560385,2016],[7.052214336597812,45.68880970568777,2016],[7.0522677348097496,45.68884390267036,2015],[7.052238635728915,45.68889030165454,2015],[7.052233934150218,45.68895780027082,2014],[7.052156535770766,45.689002900230214,2014],[7.052153833796651,45.68902789939922,2014],[7.05211163470209,45.68905189907434,2013],[7.051997332622813,45.68924379318586,2013],[7.052023933002918,45.68928489212148,2013],[7.052007432393723,45.68932529007686,2012],[7.052035533642129,45.689303791577736,2012],[7.052037232753023,45.689320691407424,2012],[7.052061732670385,45.689321390120455,2011],[7.052074933675287,45.689352489369995,2011],[7.052097332625479,45.68935658869405,2010],[7.0520798329521535,45.689382487547796,2010],[7.052017933261519,45.689404187214706,2010],[7.051976931668532,45.68938149020968,2009],[7.0518508309926204,45.689443890149604,2009],[7.051822232485531,45.68944338969395,2009],[7.051790820775899,45.689489204569,2008],[7.051747163284029,45.68951509727081,2008],[7.0517019515288695,45.6895341940397,2007],[7.0516556572427564,45.689584493830814,2007],[7.051622753987212,45.689637859972635,2007],[7.051612751623494,45.689653773514735,2006],[7.051565268751216,45.68966053207309,2006],[7.051534534360214,45.68965149217624,2006],[7.051505837357389,45.68962261986352,2005],[7.05150152537953,45.68959132478567,2005],[7.0515148168604505,45.68955843811151,2005],[7.051503298978381,45.68954026546861,2004],[7.051428931652612,45.689543727363706,2004],[7.051393623624761,45.689549747611146,2003],[7.051378414422177,45.68956759474004,2003],[7.051356490338326,45.689569455517805,2003],[7.051358332026396,45.68955529469301,2002],[7.051348064598063,45.68953998218073,2002],[7.0513176925435,45.68955933200666,2002],[7.051300187613652,45.68955808734365,2001],[7.051289951791958,45.689541828495415,2001],[7.051296071561647,45.68952111888097,2000],[7.051331245953963,45.68948009099467,2000],[7.051335980386882,45.68942151354061,2000],[7.05135239463224,45.689337589689174,1999],[7.051341665153194,45.689296724501915,1999],[7.051342749100959,45.68926552148742,1999],[7.051340180356294,45.68922290270644,1998],[7.051340539412349,45.68917371209248,1998],[7.0513412610675665,45.68916702341025,1998],[7.051331808384107,45.68915321350776,1997],[7.051331808620259,45.689152984894875,1997],[7.051332334157679,45.68913785654192,1996],[7.05132006046233,45.689122036357716,1996],[7.05128458451578,45.68907459874989,1996],[7.051261465690736,45.68904061737116,1995],[7.051237016063614,45.68902553627962,1995],[7.051214855482728,45.68904171485479,1995],[7.0511997702816975,45.689087342833425,1994],[7.051188934350943,45.68912724959242,1994],[7.051156161920722,45.68915743842066,1993],[7.051153465699838,45.689176787945804,1993],[7.051125427075976,45.68921640023744,1993],[7.0511033029680625,45.68928981914835,1992],[7.051071633350339,45.6893465175312,1992],[7.051058982261117,45.68936096641882,1992],[7.051052860387989,45.68934288581557,1991],[7.051031108245793,45.689308455179884,1991],[7.051016578930636,45.68927982362436,1991],[7.051013813664907,45.68926227373739,1990],[7.050990514221077,45.6892334934074,1990],[7.050925461470329,45.68926029245313,1989],[7.050864744380241,45.689327375934816,1989],[7.050819657697041,45.689404553986165,1989],[7.050809500561333,45.689421516094754,1988],[7.050790844441617,45.68945336515475,1988],[7.050779655366425,45.68942573745055,1988],[7.0507507447720155,45.68936422038616,1987],[7.050738716320563,45.689341309100875,1987],[7.050695408588352,45.689286168975066,1986],[7.050660905450091,45.68924962778397,1986],[7.050638774434508,45.689226070611,1986],[7.050621054531136,45.689211576793966,1985],[7.0505978285958735,45.68925836723078,1985],[7.05057086682156,45.68933501390631,1985],[7.050528283983852,45.68943621325685,1984],[7.050521230023996,45.689452311143754,1984],[7.05049540062326,45.689515732649625,1984],[7.050486945575273,45.68954539042159,1983],[7.0504569031170385,45.68955528504538,1983],[7.050439050446181,45.68954457281428,1982],[7.050437251767448,45.689521683118365,1982],[7.050419279911244,45.689490049502126,1982],[7.050412777024307,45.68947517739823,1981],[7.050390793938333,45.68944736448827,1981],[7.050363562896381,45.68941520556793,1981],[7.050328286172166,45.68938148988054,1980],[7.050283795456487,45.6893540775559,1980],[7.0502793036749445,45.689334293912346,1979],[7.05025289447374,45.68929789168067,1979],[7.050226849589067,45.68928987836301,1979],[7.050201151283048,45.689310726191835,1978],[7.05018541854219,45.68933745598216,1978],[7.0501741698408615,45.689368451237684,1978],[7.050167968844141,45.6894109203159,1977],[7.050161812451947,45.68943688383397,1977],[7.050148341406795,45.68943187178254,1977],[7.050136280327319,45.6894099058467,1976],[7.050113574258617,45.68938349994404,1976],[7.05009050662044,45.68936749623339,1975],[7.0500773937431305,45.689400579307055,1975],[7.050077396515437,45.6894339718249,1975],[7.050077282782656,45.68945667676283,1974],[7.050058379711556,45.68949561761164,1974],[7.050051779284779,45.689498332022744,1974],[7.050051498052873,45.68949940280041,1973],[7.049995526967909,45.68955615938343,1973],[7.049971738740277,45.68961914218801,1973],[7.049898387505778,45.68944844855255,1972],[7.049888174582928,45.68944055698802,1972],[7.049873671750525,45.68941986072643,1971],[7.049851601298287,45.68941111863148,1971],[7.0498350328760075,45.68945478775729,1971],[7.049761993514448,45.689520380337434,1970],[7.049718877740993,45.689572958588,1970],[7.049706661340652,45.68960185811708,1970],[7.049663492583476,45.68970397510472,1969],[7.04963589355254,45.6897271755214,1969],[7.049573920129918,45.689622496057915,1968],[7.049531330087063,45.68958962369533,1968],[7.04951458009284,45.68956663164238,1968],[7.0494337597677115,45.68944509598694,1967],[7.049403061374991,45.689551481569524,1967],[7.049402368584686,45.68955212588516,1967],[7.04939869412447,45.689620381778305,1966],[7.0493763145411545,45.68964169113473,1966],[7.049369599184604,45.689659711875464,1966],[7.049333634099342,45.68972343253073,1965],[7.04929299484527,45.68968867895887,1965],[7.049268676002663,45.689650419366544,1964],[7.049260909790527,45.689640825209935,1964],[7.049245147945255,45.68966704673498,1964],[7.049204839105228,45.689700418513226,1963],[7.049185358443428,45.68967832483739,1963],[7.049163630531991,45.6896478428527,1963],[7.049136433195475,45.689610079501264,1962],[7.049108134745635,45.68964744029126,1962],[7.049070228460994,45.689728157862405,1961],[7.049036443633399,45.689768026102506,1961],[7.049028908244235,45.68979060425209,1961],[7.049041546045176,45.68985420913397,1960],[7.049018842495168,45.689924778927164,1960],[7.049000777168121,45.6899396076269,1960],[7.048934143634271,45.69003118782039,1959],[7.04886089533632,45.69011886928234,1959],[7.048855202633841,45.690166077718736,1959],[7.048844442938261,45.69020373808631,1958],[7.04882970114672,45.69016185724688,1958],[7.048814694944422,45.690127541447055,1957],[7.04879166164236,45.69016877599156,1957],[7.048774022006044,45.69013252325329,1957],[7.048755331176058,45.690126527188724,1956],[7.048718806814792,45.69016753121309,1956],[7.04867392281904,45.69021596194858,1956],[7.048658720057664,45.69026489982085,1955],[7.0486592244094535,45.69027325385498,1955],[7.0486116530469864,45.690252185016945,1954],[7.048610611033512,45.69025083241344,1954],[7.048506756701288,45.69013174043884,1954],[7.048472612173177,45.69019060366741,1953],[7.048405897130432,45.69034931181563,1953],[7.048373301299468,45.69061126277155,1953],[7.048282228935163,45.69054603389172,1952],[7.048097198717922,45.69034793520187,1952],[7.048027711424203,45.690648862947924,1952],[7.048018435570936,45.69064493492541,1951],[7.047974406276734,45.69062999011228,1951],[7.047934227920576,45.690581998561306,1950],[7.047902801475756,45.69055402466132,1950],[7.047852685487311,45.69052005456252,1950],[7.047742020015826,45.690441528473514,1949],[7.047712536383837,45.6903965575741,1949],[7.0476903568473395,45.690374417508224,1949],[7.047679497902901,45.69037612471314,1948],[7.047673014711155,45.6904072344879,1948],[7.047645348976042,45.69050397411248,1947],[7.047626723602305,45.69053487720725,1947],[7.047593322683974,45.69056363485861,1947],[7.047606748473053,45.6906433375517,1946],[7.047601385063227,45.69068109005362,1946],[7.047558902286712,45.690660495700214,1946],[7.047491344541802,45.69062338844427,1945],[7.047473048194066,45.69064483564026,1945],[7.047444254400438,45.690696378891644,1945],[7.04743805153912,45.69075824331424,1944],[7.0474407161073005,45.69079802500393,1944],[7.047434266889003,45.690828190274296,1943],[7.047422190563667,45.69082609096136,1943],[7.047390994120562,45.6908302883279,1943],[7.047397016221746,45.690851205327775,1942],[7.047407019442752,45.690874083234384,1942],[7.047426269423621,45.690902795054484,1942],[7.0474639154083025,45.690946013637074,1941],[7.047510395091741,45.6910125059396,1941],[7.047534927644948,45.691038999384446,1940],[7.047546707387487,45.69108839840418,1940],[7.047546805682797,45.69112435233636,1940],[7.0475486821581015,45.69114803636151,1939],[7.047548295001714,45.69119793662299,1939],[7.047560239356809,45.691242607705526,1939],[7.047523622533688,45.69122268696867,1938],[7.047440236540547,45.69118620374323,1938],[7.047458227011757,45.6913033066413,1938],[7.047332062006025,45.6912434372624,1937],[7.0472500920466805,45.69115499387593,1937],[7.047188480236071,45.69125105662635,1936],[7.047213006870959,45.69143081063698,1936],[7.047276648074144,45.69159235546005,1936],[7.047290387384203,45.69169506653322,1935],[7.047149782621874,45.69165956777097,1935],[7.047066818491442,45.69161095679508,1935],[7.047071835124948,45.69168789924463,1934],[7.0471552664600585,45.691984004931264,1934],[7.047217311868605,45.6921740959885,1934],[7.046788224449358,45.69205394473366,1933],[7.046625721637872,45.69196891368541,1933],[7.046627923220942,45.69207142748706,1932],[7.046657233869086,45.69216901176921,1932],[7.046527463400697,45.69213847600537,1932],[7.046428835394593,45.69209768642972,1931],[7.046432914055463,45.69214629677285,1931],[7.046283822154122,45.692118128615206,1931],[7.046280021864829,45.692171997372384,1930],[7.046329168200859,45.69230767525121,1930],[7.045967902871807,45.692239469161976,1929],[7.045999516074948,45.69235391434611,1929],[7.046200794069032,45.692559476873825,1929],[7.046276960516217,45.69278474697874,1928],[7.046287875567422,45.69283158863607,1928],[7.046294290010729,45.6929187392672,1928],[7.046295836614658,45.69295187915882,1927],[7.046173551654063,45.69289680564086,1927],[7.045987893436184,45.692827771349386,1927],[7.045912740285437,45.692782468622475,1926],[7.0458833407701364,45.69277925457591,1926],[7.045852897211395,45.69287807395904,1925],[7.045916574068077,45.69302263766827,1925],[7.045955192829285,45.69308306284187,1925],[7.045663968233391,45.69299215743751,1924],[7.045605194583855,45.69297412239028,1924],[7.045633088334127,45.69327782571859,1924],[7.045433954084284,45.69319486270746,1923],[7.045180556992424,45.69314992540453,1923],[7.045175418105855,45.69325863923495,1922],[7.0450646331778035,45.69324160555724,1922],[7.045047223953822,45.6932763129157,1922],[7.04505376830575,45.6933596819579,1921],[7.045006413978425,45.69335044311195,1921],[7.04496138630805,45.693356917827366,1921],[7.044912616439162,45.6933617596458,1920],[7.044889217348717,45.69337460443876,1920],[7.044862297220683,45.69340202042199,1920],[7.044858380836996,45.69340718995878,1919],[7.044844129666959,45.69342870687823,1919],[7.044836461515531,45.69345506634478,1918],[7.044839717612627,45.693477828056416,1918],[7.0448336850827875,45.69349086844446,1918],[7.044723385697177,45.69347817026664,1917],[7.044650785505923,45.693518571512286,1917],[7.044614785859572,45.69350477096522,1917],[7.044569184012602,45.69354727074056,1916],[7.044549983770215,45.69361686991904,1916],[7.044488384546398,45.69367216830427,1915],[7.044420783896935,45.69370236725506,1915],[7.044427983489593,45.69373376603364,1915],[7.044374282597905,45.69382266405974,1914],[7.044305983292247,45.69386066355139,1914],[7.044262782881875,45.69385306524737,1914],[7.044104882502149,45.69390266572474,1913],[7.044041180906562,45.693983165712055,1913],[7.044020381603866,45.6940536626781,1913],[7.044057982814137,45.69409336053842,1912],[7.044041782273396,45.69412686075047,1912],[7.043962081279114,45.694159660390966,1911],[7.043909481270595,45.694323754160365,1911],[7.043914709702633,45.694335950501,1911],[7.043889861954548,45.69435160908296,1910],[7.043834903378429,45.69437905040296,1910],[7.043824057312261,45.69437966298102,1910],[7.043778080327107,45.69440975490084,1909],[7.04382687809757,45.69452694948867,1909],[7.043793079089276,45.6945953479995,1908],[7.043793579754609,45.69480833917644,1908],[7.043852777962252,45.694954134176584,1908],[7.043855179361902,45.69504893064557,1907],[7.043894579159059,45.695140627363685,1907],[7.043895177179747,45.69530812006101,1907],[7.043883976825634,45.695334719577936,1906],[7.043836076481401,45.69534842077674,1906],[7.043866678224398,45.69540071852953,1906],[7.0438066783968,45.6954505175246,1905],[7.043758288903052,45.69551789563786,1905],[7.043615374234759,45.695475723995386,1904],[7.043517156699929,45.69545306898495,1904],[7.043448574342451,45.695433427391414,1904],[7.0433807810220115,45.69541274439777,1903],[7.043325507917086,45.69540546544102,1903],[7.043280067021277,45.69541312860001,1903],[7.043230862510358,45.69542072725496,1902],[7.043151230372681,45.69541566983503,1902],[7.043042346086696,45.69538584083142,1902],[7.042980299426691,45.69535153726888,1901],[7.042967765577725,45.69533852804885,1901],[7.0428849997778515,45.69524277831118,1900],[7.042789665577617,45.69515621880459,1900],[7.042670969662981,45.695062379619905,1900],[7.042586387767741,45.695010410142785,1899],[7.042514844574605,45.69496776645759,1899],[7.042459677814102,45.69495204718514,1899],[7.042423276561075,45.69494878513853,1898],[7.042305288527742,45.69494254221824,1898],[7.042176529096301,45.694921340837055,1897],[7.041991978570909,45.69490234832167,1897],[7.041848243889075,45.69487877916459,1897],[7.041727451239427,45.694845050848286,1896],[7.041303820911547,45.694837785968346,1896],[7.04118915485477,45.69484426099641,1896],[7.041067951619547,45.69486539745943,1895],[7.040997473778514,45.6949000660579,1895],[7.04086736407859,45.69497143702022,1895],[7.040745128912231,45.69502210100176,1894],[7.040623883345651,45.695087556412645,1894],[7.040455523394004,45.69517620895493,1893],[7.040329364943896,45.69526373847693,1893],[7.040158161392522,45.69533677694473,1893],[7.04003603533371,45.69538427740575,1892],[7.039896730117992,45.69544942119941,1892],[7.039786790212247,45.695492909238,1892],[7.039680451359955,45.69551957464768,1891],[7.039518738165615,45.69552639610042,1891],[7.0394378604311125,45.69541089372464,1890],[7.039351958809976,45.69533259836945,1890],[7.039201958390764,45.69523630459299,1890],[7.0390825588447505,45.695166209531926,1889],[7.038996257686662,45.695169010185936,1889],[7.038963858596178,45.69512931178382,1889],[7.038911058041123,45.69512341334335,1888],[7.0388680582447085,45.695085315009244,1888],[7.038775958166222,45.69509461699927,1888],[7.038733456264243,45.695027519839286,1887],[7.038541754837836,45.695031523432206,1887],[7.038434455974714,45.6949738260137,1886],[7.0383852560427425,45.6950330261401,1886],[7.03833995495325,45.695028125713456,1886],[7.0382446561896455,45.694939331746454,1885],[7.038200556349601,45.694924032735464,1885],[7.038127253876457,45.694948632406145,1885],[7.038051753463839,45.69495073402427,1884],[7.038013555119896,45.6949270361023,1884],[7.037935354445352,45.694932236083915,1883],[7.037856051953942,45.694863640473486,1883],[7.037829152802915,45.69489834028894,1883],[7.037795851767398,45.69489994088472,1882],[7.037687352842955,45.69478384566268,1882],[7.037485052420173,45.69476035015773,1882],[7.037362451851749,45.69470415470507,1881],[7.037264450664569,45.694695356341825,1881],[7.0371573510923895,45.69463246056158,1881],[7.037019849619315,45.69459476420794,1880],[7.036932449674904,45.69453496822335,1880],[7.036728649762773,45.69448837330747,1879],[7.03667794905666,45.69445707586468,1879],[7.036578148193158,45.69443747758183,1879],[7.036510948307925,45.6943940803359,1878],[7.036299047394391,45.69439018491525,1878],[7.036257148592775,45.694377785207706,1878],[7.036162848137077,45.694393387318655,1877],[7.036071445212604,45.69434978963072,1877],[7.035869147038069,45.69430179509803,1876],[7.0357033446535,45.69423329978962,1876],[7.035425844118149,45.69420380521444,1876],[7.035282542947013,45.694169310236525,1875],[7.035165641424508,45.69418671165964,1875],[7.035067142497622,45.69417551226862,1875],[7.035028242119979,45.694186713028635,1874],[7.03491344305892,45.6941817153204,1874],[7.034611241051214,45.6941309229901,1874],[7.034495739207036,45.69408602543628,1873],[7.034327538384611,45.69406242894875,1873],[7.03419693888507,45.69407833171528,1872],[7.034182037762266,45.69409533128552,1872],[7.033923836676353,45.69410953585014,1872],[7.033605035612273,45.694060242620345,1871],[7.033508935162063,45.69407904278351,1871],[7.033312134165329,45.69408314599302,1871],[7.033251334540781,45.69405714911255,1870],[7.032990834496999,45.69402015401448,1870],[7.032761533716388,45.69404645737233,1869],[7.032692732316987,45.69402625919281,1869],[7.032564032958871,45.6940260618378,1869],[7.032386930232696,45.69404016411335,1868],[7.032194730005368,45.69407896660796,1868],[7.032045529442809,45.69402876956475,1868],[7.032012629723415,45.694092368345615,1867],[7.0318912283534605,45.69419566679145,1867],[7.031867828578405,45.69425096502361,1867],[7.031747329126582,45.69432876558312,1866],[7.031673128302365,45.69439976383935,1866],[7.031375725848317,45.69442026789585,1865],[7.031253326518126,45.69441627137588,1865],[7.031140626428972,45.69439377276858,1865],[7.030923923748999,45.69432237863073,1864],[7.030731323695541,45.69414608835781,1864],[7.0306411223587375,45.693950696471,1864],[7.030580490373493,45.6939214644187,1863],[7.030518761152884,45.69387238495305,1863],[7.030492718328904,45.693806654926284,1863],[7.030381819410396,45.69369688650468,1862],[7.030320378411174,45.693620375181105,1862],[7.030263424560822,45.69358911734226,1861],[7.030186131683932,45.69356034746976,1861],[7.030094097820425,45.693528484466235,1861],[7.030075055218851,45.69349409658709,1860],[7.030053645401462,45.69345020637447,1860],[7.030003073004869,45.69342946594815,1860],[7.029935843393585,45.69342168352896,1859],[7.0298967288971035,45.69338221861694,1859],[7.029846387864203,45.69335485852427,1858],[7.02973715876957,45.69335131889663,1858],[7.029641763101529,45.69333831962154,1858],[7.029572819209603,45.693340914878036,1857],[7.029513985537278,45.69332476154424,1857],[7.0295024063816145,45.69330847846867,1857],[7.029503502626076,45.69327727588371,1856],[7.029471587071873,45.6932634798199,1856],[7.029454412520606,45.6932527760106,1856],[7.029291389128204,45.69324334026621,1855],[7.0292713504312765,45.69323731775338,1855],[7.029237453385711,45.69324146355494,1854],[7.029214250212605,45.69324863179945,1854],[7.02918171665368,45.69321401095596,1854],[7.029107443254054,45.693214621119196,1853],[7.029065868704594,45.693149096147955,1853],[7.029047424954866,45.69309768827468,1853],[7.029045072457269,45.69304939601785,1852],[7.029026881283641,45.69302921400103,1852],[7.0289968786173995,45.692999366631724,1851],[7.028976454615777,45.69296590069419,1851],[7.028956515723359,45.69295704193899,1851],[7.028868032202606,45.69293943056469,1850],[7.02879379236485,45.692939096033115,1850],[7.028768436399018,45.69289229865228,1850],[7.028730933536722,45.692806975770615,1849],[7.0287021287817595,45.69274308958771,1849],[7.028649901990083,45.69265420027595,1849],[7.028589169749257,45.69263446652825,1848],[7.028540003698035,45.69259293479097,1848],[7.028469858295523,45.69255293369752,1847],[7.028433529472245,45.69254946862099,1847],[7.028410891503236,45.6925405631734,1847],[7.028397779408331,45.69249113917477,1846],[7.028376338038086,45.69244819406441,1846],[7.028331974701989,45.692366063048084,1846],[7.0283174459217745,45.69231850741994,1845],[7.028321407001925,45.692282623552536,1845],[7.028312693899335,45.69226165908556,1844],[7.028268138296006,45.69226183580109,1844],[7.028242104429795,45.69227273975564,1844],[7.028240691079248,45.69227363342126,1843],[7.028211813774033,45.69227459834523,1843],[7.028181990147838,45.692245599911274,1843],[7.028183902533315,45.692238621412706,1842],[7.0282009906619765,45.69221337166815,1842],[7.02821014966748,45.69218325426959,1842],[7.028209764610693,45.69215581089486,1841],[7.02820269975323,45.69212635934819,1841],[7.028173217265776,45.69212017358598,1840],[7.028124279769003,45.692129736085974,1840],[7.028061580701945,45.692150806811725,1840],[7.028026612869395,45.69213910519535,1839],[7.028027412592327,45.69209100685041,1839],[7.028021243724872,45.69204611932198,1839],[7.027998540830857,45.692039104610394,1838],[7.027970241187439,45.69203766996999,1838],[7.027947503780495,45.69203160062215,1837],[7.027890486395564,45.69200223243168,1837],[7.0278148642998,45.69200281936251,1837],[7.0277854151651615,45.69199568810599,1836],[7.027750084192294,45.69196385644619,1836],[7.027734990807542,45.69193237427847,1836],[7.027706971408314,45.691884584686214,1835],[7.027629264200669,45.69182931515774,1835],[7.027507785677106,45.69179031882897,1835],[7.027444812233764,45.69173837828044,1834],[7.027358311925685,45.69170282475617,1834],[7.027231621664219,45.69169685155737,1833],[7.027151069647717,45.6916841066073,1833],[7.027084926787987,45.691683909937844,1833],[7.0270513963730785,45.69167765485466,1832],[7.0269706461479915,45.69167058307276,1832],[7.026946327188562,45.69167110889079,1832],[7.0268919753986205,45.69164273312209,1831],[7.026836008611833,45.69162189718349,1831],[7.026734168474868,45.69160026949523,1830],[7.026675555424425,45.69161628688313,1830],[7.026674234986972,45.69161716773387,1830],[7.026668106126867,45.691615747734595,1829],[7.026602605422239,45.69163314828228,1829],[7.0265610053545435,45.69167114669568,1829],[7.0264613056182945,45.691648549476206,1828],[7.026415454058344,45.691584355512695,1828],[7.026383096456202,45.69152561061618,1828],[7.026355662161401,45.69149959170981,1827],[7.026292065002577,45.6914653791553,1827],[7.026222773821095,45.69143958278455,1826],[7.026172303209117,45.691416004500695,1826],[7.026089286812456,45.691396593516544,1826],[7.026051643226341,45.69139215808551,1825],[7.025992378744657,45.6913882957928,1825],[7.025869604497977,45.691386173550036,1825],[7.025844103077983,45.691381947942624,1824],[7.025798530711853,45.6913726455169,1824],[7.025692311707501,45.69136040180052,1824],[7.025582411899494,45.691337687778336,1823],[7.0254735616111,45.69132350642639,1823],[7.025307846713235,45.69131401844796,1822],[7.025294730210585,45.6913132498071,1822],[7.025232198771866,45.69128968397488,1822],[7.0251354681951845,45.691263732884956,1821],[7.0249970526897085,45.69120741082909,1821],[7.024936014002843,45.6911676829507,1821],[7.024904670481139,45.69112811488686,1820],[7.024864836079257,45.691090054286555,1820],[7.024850527486895,45.69107466949612,1819],[7.0248187296075075,45.691057562814336,1819],[7.024771268065249,45.69104444252296,1819],[7.024711137911581,45.69102684577537,1818],[7.024642962625505,45.691007690434255,1818],[7.024597266373925,45.69098277462838,1818],[7.024565960701892,45.69094214144585,1817],[7.024536511277504,45.69093500934396,1817],[7.024506338056483,45.690929284119214,1817],[7.024472134590536,45.69092301573418,1816],[7.0244207749041205,45.69090557054889,1816],[7.024391226907749,45.690901274614546,1815],[7.024377618068334,45.69090435053663,1815],[7.024326508369249,45.69091813114723,1815],[7.024252393988377,45.690948912935255,1814],[7.024116193142728,45.69098351325668,1814],[7.02395129190234,45.690957416752774,1814],[7.023884592481587,45.69093112016405,1813],[7.023823492148479,45.690894922483075,1813],[7.023788492525162,45.69081742593745,1812],[7.02361659037715,45.69071623224234,1812],[7.023430690997127,45.69053454067503,1812],[7.023366791295269,45.690506443500745,1811],[7.023271490232322,45.69042034790418,1811],[7.023116889512332,45.690366452606455,1811],[7.023011989161507,45.690295257741106,1810],[7.022911588253362,45.69026876058588,1810],[7.022885687966789,45.690157162940466,1810],[7.022890087250565,45.690077167357344,1809],[7.02279648545626,45.690018470008305,1809],[7.022704286444865,45.68999117320014,1808],[7.02252468503431,45.68980628232973,1808],[7.022372984978063,45.6897165883798,1808],[7.022321484806295,45.68965309148962,1807],[7.022196783876903,45.68958909552982,1807],[7.022150584501104,45.689514698745405,1807],[7.022066581514485,45.689498801401896,1806],[7.022034482054148,45.68945970278057,1806],[7.021876481613578,45.68940180821549,1805],[7.021819681506956,45.68933181081651,1805],[7.021823280688399,45.689314311054325,1805],[7.0217828804239115,45.68928911322088,1804],[7.021755181133098,45.68922561611867,1804],[7.0217509820011355,45.68914621867711,1804],[7.0216207810517375,45.68903692544333,1803],[7.0215373803623375,45.688988828344584,1803],[7.021465979556068,45.688913431233765,1803],[7.021365979014094,45.688917034287655,1802],[7.021349279982321,45.68886813594319,1802],[7.021276377143458,45.688862637095326,1801],[7.021238777377603,45.68879803945216,1801],[7.021244178274199,45.688686944150774,1801],[7.0212069773712305,45.68865924535476,1800],[7.02119437788696,45.68861864643214,1800],[7.021128078062326,45.68857574890606,1800],[7.021070276301891,45.68857715048921,1799],[7.0210170763788655,45.68852295363857,1799],[7.020950877400304,45.68851695510615,1798],[7.020887274939004,45.68841595804894,1798],[7.020887674727966,45.68835796105331,1798],[7.02084467645877,45.688319362664025,1797],[7.020584774093516,45.6881383748061,1797],[7.020558573551867,45.688138874749775,1797],[7.020523574907241,45.68816597398406,1796],[7.020418173081928,45.688153376783994,1796],[7.020245373550058,45.688064181899,1796],[7.020217670773844,45.68801438517157,1795],[7.020149372822255,45.68797028774556,1795],[7.020116871107976,45.6878938900171,1794],[7.020130772783306,45.68783709196878,1794],[7.020113670853004,45.68781449361313,1794],[7.020149170163428,45.68771389649527,1793],[7.02009118488676,45.68759524433625,1793],[7.0200643590552545,45.687530944686934,1793],[7.020003574882056,45.68741730413272,1792],[7.019927170439694,45.687343412404736,1792],[7.019793169178753,45.68715092274422,1791],[7.019807569406632,45.686998728040045,1791],[7.019747968990861,45.686991028686556,1791],[7.019770168629921,45.686912130296825,1790],[7.019803267749401,45.686882731982365,1790],[7.019886168802552,45.686865831444024,1790],[7.019949370232892,45.68682033077694,1789],[7.019942570389304,45.686790532259295,1789],[7.01989406903501,45.68671113524154,1789],[7.019821969008654,45.6867143368301,1788],[7.019753969643438,45.68669413932238,1788],[7.019651468318059,45.68652364608292,1787],[7.019676427238491,45.686463129926516,1787],[7.019598527595834,45.68642953145723,1787],[7.019539428515204,45.68637243598841,1786],[7.0194740282133985,45.68634483622722,1786],[7.019472628146995,45.68632163701128,1786],[7.019418626296687,45.68632153933892,1785],[7.01923662555649,45.68626204395615,1785],[7.019230925350956,45.68618954726604,1785],[7.019184125420996,45.68618544668713,1784],[7.019151224930835,45.68615684972568,1784],[7.019158626284786,45.68614464898001,1783],[7.01908892468091,45.68612395171262,1783],[7.0191091257408935,45.68609905162215,1783],[7.019040524451501,45.68608065418148,1782],[7.019072726051803,45.68603055515662,1782],[7.019170324667605,45.6859888540011,1782],[7.019249083001453,45.685946386757614,1781],[7.019257884695655,45.68594169705427,1781],[7.019445254380821,45.68591088634407,1780],[7.019345178332428,45.685877929175156,1780],[7.019118860505872,45.68582669895283,1780],[7.018971300464928,45.68580048647824,1779],[7.018958442142722,45.68579695477849,1779],[7.019175447893203,45.68567677696224,1779],[7.019273567145001,45.68563496773836,1778],[7.019117966125125,45.68561097146456,1778],[7.018900722368078,45.68566887117395,1778],[7.018764021940385,45.68567207290809,1777],[7.018723421795774,45.685658173554216,1777],[7.01866092200862,45.685602077102835,1776],[7.01859912080074,45.6854790817172,1776],[7.0185151213094965,45.6853715873315,1776],[7.018476721563379,45.685277290630694,1775],[7.018280520700129,45.685252595951596,1775],[7.01823642069499,45.68523359711227,1775],[7.0181716192202925,45.685160600380776,1774],[7.01811451704013,45.68502800694219,1774],[7.018073119011761,45.68501860824743,1773],[7.018039717562275,45.68503250705781,1773],[7.018041117887479,45.684956009412886,1773],[7.017996018353598,45.6849701102204,1772],[7.017952216670388,45.684921812046305,1772],[7.017919515828635,45.6849243137242,1772],[7.017865917269479,45.68488441592499,1771],[7.017809917241032,45.68491561596279,1771],[7.0177491164779005,45.68491891695454,1771],[7.017701214853034,45.68484651931315,1770],[7.017669815870367,45.684850119997996,1770],[7.0176472164498165,45.68479032324586,1769],[7.017575614808193,45.68479402350236,1769],[7.017524914426405,45.68476122698142,1769],[7.0174828140481855,45.68477912573188,1768],[7.017441213969392,45.684773926615584,1768],[7.017400712914954,45.68473682836499,1768],[7.017301813889473,45.68474652963421,1767],[7.017234012591341,45.684692333099164,1767],[7.017168911119655,45.684672133951615,1766],[7.01713981182784,45.68463813718994,1766],[7.017056412567338,45.68459494036895,1766],[7.016949510894284,45.684596140749036,1765],[7.016931711084044,45.684602141136274,1765],[7.016924412492545,45.68463664000141,1765],[7.016859610029036,45.68465594083861,1764],[7.016685608761342,45.68460054597702,1764],[7.016610509290284,45.68463824524244,1764],[7.016571608993977,45.68462504609239,1763],[7.016544507995432,45.68458974818401,1763],[7.016479407719445,45.684580349475446,1762],[7.016427266748288,45.68454938608374,1762],[7.016398680703854,45.68451548805348,1762],[7.016326413252057,45.684421515015806,1761],[7.016294526632048,45.68436892552576,1761],[7.016244802140501,45.68432454081143,1761],[7.016218124328412,45.6843155627545,1760],[7.016193307381042,45.68434166295359,1760],[7.016147663302131,45.68439088411548,1759],[7.0161427091869815,45.684406024500014,1759],[7.016102195760776,45.68448290114444,1759],[7.016067813044524,45.68453907021291,1758],[7.01605528259529,45.684588050229614,1758],[7.01603489204085,45.68463027009657,1758],[7.016019886615846,45.68463474016855,1757],[7.016000753978679,45.684603186233666,1757],[7.015992408739331,45.68457684658273,1757],[7.015954999036082,45.68452291895313,1756],[7.015886232484712,45.684406299550076,1756],[7.015769939467882,45.68425952473865,1755],[7.015753372209349,45.6842318001182,1755],[7.015737785941309,45.684214499123385,1755],[7.015705130852894,45.68418365615201,1754],[7.015679120750354,45.68415576744624,1754],[7.015659254028022,45.68414501476301,1754],[7.015629988923359,45.68417099794677,1753],[7.015619786608176,45.684206790977036,1753],[7.015611861059823,45.68422555648348,1752],[7.01558201605238,45.6843442473553,1752],[7.01557022101788,45.684372425133354,1752],[7.015558348016583,45.684364650150336,1751],[7.015530996390047,45.6843097027659,1751],[7.01550808984503,45.68427815427261,1751],[7.015464218529298,45.684182781283205,1750],[7.0153876281699254,45.68405845694346,1750],[7.015347726086524,45.68398444038706,1750],[7.0153299441209125,45.6839529098088,1749],[7.0152936109272135,45.68391159621341,1749],[7.015171177294505,45.6837476847771,1748],[7.015086739067933,45.6836544444815,1748],[7.014950708660556,45.6835352206628,1748],[7.014907407273836,45.68348682379453,1747],[7.014847708035015,45.68355622356854,1747],[7.0148419084588,45.683592021060214,1747],[7.014808950018765,45.68357623519092,1746],[7.014722253845614,45.68341934217573,1746],[7.014711712659018,45.683418429871296,1746],[7.0146263061691645,45.68352510357159,1745],[7.014624511297992,45.68344613011638,1745],[7.014616012783428,45.683377332393476,1744],[7.0145955442680155,45.683383599245424,1744],[7.014564410856886,45.683453630501816,1744],[7.014466895663951,45.683488323055755,1743],[7.014414796019845,45.68343912498126,1743],[7.014377893583666,45.68339142781232,1743],[7.014315394165882,45.68320663545519,1742],[7.014301693524755,45.683190935865866,1742],[7.014268492538552,45.683196635643114,1741],[7.014207993237411,45.68298894426849,1741],[7.014126093103696,45.682968247855406,1741],[7.014103692654524,45.68300874661058,1740],[7.013726990123239,45.68314694783687,1740],[7.013673888359448,45.683121149958254,1740],[7.013639189355354,45.68312375066512,1739],[7.013601069176101,45.68312646826719,1739],[7.013510844543031,45.683139562777846,1739],[7.013417598780554,45.68314267151352,1738],[7.013352480270858,45.68315194620934,1738],[7.0132859949591895,45.683161669625854,1737],[7.013234433724159,45.683169287262295,1737],[7.013160702221278,45.68319307681351,1737],[7.013146404225543,45.683196611944744,1736],[7.013147937150274,45.683191435321774,1736],[7.013154983654933,45.68318304327341,1736],[7.013147157604074,45.68317533754565,1735],[7.013117060823246,45.683186640813375,1735],[7.013099356731989,45.68319106355031,1734],[7.013097736024639,45.68317968189601,1734],[7.013102397627164,45.68316237818815,1734],[7.013111769315651,45.68314551105399,1733],[7.013134574439899,45.68311137491398,1733],[7.0131639531794265,45.68306316176448,1733],[7.013171400180935,45.68304342322573,1732],[7.0131641195774685,45.68303579899391,1732],[7.013107987388153,45.68305236203004,1732],[7.013092478677825,45.683065755235916,1731],[7.013072071780588,45.68306582051885,1731],[7.013018302615006,45.68307860383566,1730],[7.013017483608171,45.68307888660814,1730],[7.012986585564052,45.683071262772884,1730],[7.012995973643943,45.683061185145675,1729],[7.013008381766598,45.683053832365424,1729],[7.013062331011374,45.68301692676536,1729],[7.013086196197877,45.682971929056656,1728],[7.013130102942273,45.68293272003919,1728],[7.013172890946529,45.682906027687686,1727],[7.013182396478927,45.68288537898998,1727],[7.013176069899113,45.68287344202956,1727],[7.013138505496315,45.682886033891116,1726],[7.013111697723965,45.68289975975844,1726],[7.013096641509687,45.68290842648036,1726],[7.013092972591982,45.682908613766145,1725],[7.013075158614623,45.68290243538738,1725],[7.0130686813823315,45.68289475312129,1725],[7.013075761339307,45.68288541568805,1724],[7.013095048489482,45.68287439779724,1724],[7.013100188357731,45.682862661229436,1723],[7.013123400533842,45.68283610084381,1723],[7.013171708964014,45.682796495854866,1723],[7.013209185516391,45.68276734480347,1722],[7.013235798203124,45.68272097635403,1722],[7.01324006214425,45.682714900369746,1722],[7.013253375425105,45.68268201848025,1721],[7.013275845476969,45.68265733709515,1721],[7.013283582355106,45.68264848451278,1720],[7.013280460919051,45.68264133407396,1720],[7.01324838805921,45.68263226146309,1720],[7.013204087080888,45.68264087395824,1719],[7.013156886619489,45.682660073895164,1719],[7.013150639388823,45.68264818151665,1719],[7.013160319477927,45.68260352834326,1718],[7.013180493772248,45.68256745447778,1718],[7.013231471663706,45.68251914364307,1718],[7.0132455309944755,45.682503304919514,1717],[7.013243351149831,45.68248860218852,1717],[7.013227163463801,45.682488320569114,1716],[7.013185112401781,45.682494211690674,1716],[7.013159889280985,45.682501341538604,1716],[7.013143584403893,45.682504369218705,1715],[7.013135137798222,45.682495116276755,1715],[7.0131395829548575,45.68248395896464,1715],[7.0131512783398335,45.68245861760969,1714],[7.013160782547283,45.682437967989294,1714],[7.013162685045836,45.68242239030879,1714],[7.01315135258561,45.68241840926267,1713],[7.013115403818158,45.68242346055388,1713],[7.013083151028664,45.682438510188945,1712],[7.013081784364121,45.68243960879589,1712],[7.013065183772984,45.68243938387439,1712],[7.0130463513606545,45.68243905171434,1711],[7.013038424923142,45.68243418394613,1711],[7.013035381909446,45.68240574735595,1711],[7.013035048357366,45.68238855115327,1710],[7.013051967294763,45.68237576123386,1710],[7.013016666249021,45.68237619291352,1709],[7.012998800245563,45.68237152483118,1709],[7.012958550077316,45.68236467433799,1709],[7.012924587609949,45.68235178397107,1708],[7.012907029160989,45.68233302976057,1708],[7.012906672264163,45.68232403547111,1708],[7.01289820607757,45.68231537351532,1707],[7.012889366274542,45.68229818951414,1707],[7.012883140265407,45.68228341637168,1707],[7.012882851619603,45.682272531326646,1706],[7.012871396757386,45.68225293644245,1706],[7.012844836407284,45.68224064828635,1705],[7.012804711385778,45.68224941069658,1705],[7.012801282176963,45.68224899459821,1705],[7.01272248289256,45.68226739608392,1704],[7.0125897819545,45.682331194991306,1704],[7.012547482446245,45.68233369729851,1704],[7.01252258206261,45.68231409790129,1703],[7.01241378190226,45.68231209995026,1703],[7.012173478841627,45.68241350076293,1702],[7.012123179221801,45.68241470077118,1702],[7.01208927827023,45.68239870149138,1702],[7.012031077253665,45.682410602537026,1701],[7.011968078187312,45.68243890207337,1701],[7.011929278650095,45.68251230043376,1701],[7.011900377927571,45.68252837476235,1700],[7.011802256518964,45.68255151021827,1700],[7.01170017941593,45.68257527787183,1700],[7.011595067354531,45.68258953107593,1699],[7.011456191456122,45.68258522100926,1699],[7.011426615420834,45.68258186719143,1698],[7.01136543951544,45.682575126090846,1698],[7.011333550081488,45.68256085194215,1698],[7.011306299460159,45.682549023943864,1697],[7.011271377380095,45.68254415848215,1697],[7.011224603510826,45.68254996663669,1697],[7.01116907882311,45.68255514893899,1696],[7.011148911881628,45.68255290578202,1696],[7.011131878177534,45.68253841775896,1695],[7.011115234603732,45.6825319786356,1695],[7.011048766459315,45.6825412276125,1695],[7.011033153228978,45.68254379450133,1694],[7.011013812178686,45.68253730748265,1694],[7.010991130792352,45.682529817211325,1694],[7.010970017377856,45.68251620317989,1693],[7.010910746783278,45.682512806370426,1693],[7.0108937719597195,45.68255131714339,1693],[7.010847770727337,45.68255441859543,1692],[7.010830798940371,45.68255966469743,1692],[7.010794410813414,45.68255808490413,1691],[7.010726230709973,45.68252047243335,1691],[7.010605471440322,45.682541722913975,1691],[7.010583770119689,45.68252832268652,1690],[7.010450267773252,45.6825495247262,1690],[7.010389160245015,45.68252890974443,1690],[7.010374910293776,45.682521566243366,1689],[7.01037266208601,45.682511492216,1689],[7.010378112023517,45.68250743065166,1688],[7.010406007860717,45.682501057235875,1688],[7.010413163671749,45.682489591727474,1688],[7.010399763074986,45.682482992982,1687],[7.010117267604702,45.682460133543515,1687],[7.010042866019036,45.68242923567324,1687],[7.010010967108867,45.6824454354936,1686],[7.009945266779396,45.68241583766888,1686],[7.009885265229852,45.68241563993192,1686],[7.009826002167226,45.682423185717646,1685],[7.009732300469679,45.682420134230846,1685],[7.009660923560334,45.68241557891292,1684],[7.009577171788699,45.68241743056791,1684],[7.009484094847388,45.682415808273554,1684],[7.009401148178871,45.68239496691501,1683],[7.009305386485936,45.68237390211064,1683],[7.009305015069802,45.68237409185113,1683],[7.009301862625052,45.68237315033191,1682],[7.0089152600535,45.68238375668349,1682],[7.008783358236582,45.682416658561884,1681],[7.008505458423146,45.6825171602873,1681],[7.00835945793355,45.68253266051628,1681],[7.008284155624773,45.68252166249675,1680],[7.008196856257841,45.6824814657914,1680],[7.008127555938952,45.682484067971416,1680],[7.008023253797429,45.682523266598565,1679],[7.007902453978946,45.682600567051225,1679],[7.007780854152767,45.68263326764797,1679],[7.007709953064757,45.68260116922724,1678],[7.007719852209908,45.68257307078491,1678],[7.0077018525637325,45.68255677156224,1677],[7.007632751711419,45.68253697422729,1677],[7.007536051473145,45.68253457607738,1677],[7.007434551685765,45.68257027679117,1676],[7.007408151918174,45.6825954753063,1676],[7.007318750726841,45.68259017649841,1676],[7.007277449843726,45.682610177199514,1675],[7.007208348662593,45.682602177694214,1675],[7.007164849993245,45.68250878362946,1675],[7.007137550340869,45.682516582464054,1674],[7.007131649392817,45.68255828045082,1674],[7.00708864937522,45.682594881090544,1673],[7.006988948499558,45.68259988267658,1673],[7.006952749350072,45.68258398397303,1673],[7.006938648232748,45.682541085450524,1672],[7.006879647201442,45.68251488802661,1672],[7.006829046680054,45.6825108888571,1672],[7.006762048682628,45.682525888325806,1671],[7.006668046055798,45.68266948616339,1671],[7.006641446132262,45.68265758560205,1670],[7.006629646627366,45.68260108938456,1670],[7.0065932472589045,45.68258519067234,1670],[7.006478646648536,45.68262999016155,1669],[7.0063849454205185,45.6826299925657,1669],[7.006307745777161,45.682679190875376,1669],[7.006246844490668,45.68276168997332,1668],[7.006175044745816,45.68281408950067,1668],[7.006027542817242,45.68285019009262,1668],[7.005858843692863,45.682853093073184,1667],[7.005785435324721,45.68283256235361,1667],[7.005742631425452,45.68281104941572,1666],[7.005696063884621,45.682782562714095,1666],[7.005657297579846,45.682771951672365,1666],[7.005644093093282,45.68276367896627,1665],[7.005633115335261,45.682749768416386,1665],[7.005635793201846,45.682731366486685,1665],[7.00565067970569,45.68271128492113,1664],[7.005651234255317,45.682695683824846,1664],[7.0056449105636425,45.68268374739576,1663],[7.005628484798629,45.682671161110385,1663],[7.0055915239124245,45.682666730840666,1663],[7.005548374028623,45.682665504721925,1662],[7.0054776397240985,45.68266230721229,1662],[7.00545054895735,45.68267585262598,1662],[7.005448131688836,45.682675579990075,1661],[7.005373533613484,45.682666708409556,1661],[7.005292090945127,45.68266055514231,1661],[7.005230798179731,45.682657119161746,1660],[7.005186569887609,45.68266722752819,1660],[7.005137789697383,45.68267252470663,1659],[7.005092988512941,45.68267978421472,1659],[7.005076733624211,45.68268139220831,1659],[7.0050114954247995,45.682675049273854,1658],[7.004962309151527,45.68267277061077,1658],[7.0049289717147705,45.68266130818993,1658],[7.004891285436307,45.68265828442817,1657],[7.004818526345318,45.68265464790587,1657],[7.004779946487973,45.682657758661,1656],[7.0047644376377685,45.68265835626691,1656],[7.004741669932033,45.682651979329236,1656],[7.004651812164125,45.68264558587262,1655],[7.004602137135871,45.68263809522089,1655],[7.004568734851587,45.68262842269711,1655],[7.004479433216626,45.68258162666414,1654],[7.004396233005634,45.68251153000948,1654],[7.0043946593206945,45.682494327410076,1654],[7.004376294326681,45.68246042044534,1653],[7.004356610570077,45.68240662142812,1653],[7.004342647430592,45.68238177855995,1652],[7.0042858553048,45.682365648753354,1652],[7.004246684723531,45.682366382725796,1652],[7.004163232262928,45.682386638431275,1651],[7.004069430665258,45.68241993970079,1651],[7.004057530683361,45.68239854051442,1651],[7.0040113295902895,45.6823979400379,1650],[7.00388823118497,45.68241864299089,1650],[7.003841427757282,45.682356145031925,1649],[7.003736927824609,45.68238234650333,1649],[7.003691227624534,45.682315048802174,1649],[7.003697928674449,45.6822594517225,1648],[7.0036457271818895,45.68219955412332,1648],[7.00368402898637,45.68209655742513,1648],[7.003635126190328,45.6820474588973,1647],[7.003636925556903,45.68199436112697,1647],[7.00355862504298,45.68195666375538,1647],[7.003538526533241,45.68196106475259,1646],[7.003375224595031,45.6818582697963,1646],[7.003289923448078,45.68184107220629,1645],[7.003198023067384,45.681848673052855,1645],[7.003162224545896,45.6818103756504,1645],[7.003062823226892,45.681847975914856,1644],[7.003035221553559,45.681798878775105,1644],[7.003007457837851,45.681782260457354,1644],[7.002936402139575,45.681768718467175,1643],[7.002835165661173,45.68176884000235,1643],[7.002729308931599,45.68176604272805,1642],[7.002678789807929,45.68174434509857,1642],[7.002606385510624,45.68173077931618,1642],[7.002528586319235,45.68171711912592,1641],[7.002436523066908,45.68172496942965,1641],[7.002278899775417,45.68169761424233,1641],[7.0022602843067965,45.68168971902321,1640],[7.002199313043006,45.68169622199043,1640],[7.002164409222833,45.681690880623535,1640],[7.001939711379367,45.68167086527958,1639],[7.001846701587087,45.681629501715115,1639],[7.00180950442972,45.68161276755195,1638],[7.001742025303197,45.68161253280232,1638],[7.0016039965843655,45.681622416942545,1638],[7.001568791078623,45.681625584760035,1637],[7.001532100834938,45.681632511371284,1637],[7.0014988505637445,45.6816565283622,1637],[7.001484654744452,45.681676148041454,1636],[7.001456023137878,45.68168416252694,1636],[7.001393199200442,45.681704823117364,1636],[7.001379643508851,45.68174432209319,1635],[7.00136841252064,45.68178780765142,1635],[7.001334812028355,45.681792308585244,1634],[7.001276613023109,45.68183510712681,1634],[7.001227712554859,45.68184490807083,1634],[7.001139010571041,45.68191540600394,1633],[7.001067510927325,45.68191400870113,1633],[7.000983311006085,45.681888409423756,1633],[7.000914539921398,45.68186106761617,1632],[7.000770574256439,45.68181029562938,1632],[7.000719450715859,45.68180561674254,1631],[7.000615581837139,45.681765954009705,1631],[7.0005294535962745,45.681758769335346,1631],[7.000493302251853,45.6817505676997,1630],[7.000413242901785,45.681724567061146,1630],[7.000389568439392,45.681707122338324,1630],[7.000302125286074,45.68169896849672,1629],[7.000254338350802,45.681676371663045,1629],[7.000208340343907,45.68167935007379,1629],[7.000173807424421,45.681663608003255,1628],[7.000121773460415,45.68164661347219,1628],[7.000054596390209,45.68163786746823,1627],[7.000013623212332,45.68161349791667,1627],[6.999971064169381,45.68159572237896,1627],[6.99994553559221,45.68159243736864,1626],[6.999901526761191,45.681577474329224,1626],[6.9998356660893775,45.68156969812343,1626],[6.999714095448039,45.68157229955864,1625],[6.999508823495772,45.68157532660534,1625],[6.999465556703182,45.68157740658879,1624],[6.999451807266113,45.681588737005924,1624],[6.999412881962497,45.681597298809436,1624],[6.999337005851301,45.68160543018267,1623],[6.999184206963893,45.68161316069383,1623],[6.999116356993515,45.681623325384074,1623],[6.999071842568089,45.68162254544323,1622],[6.999029857027034,45.68162653965423,1622],[6.999000046278838,45.68162980210425,1622],[6.998947640529969,45.68162320711284,1621],[6.998897495150721,45.681628951138855,1621],[6.998854160834967,45.681632922550975,1620],[6.998701395580148,45.68163970613316,1620],[6.998700645502751,45.68163971098978,1620],[6.998654891633756,45.68165686732858,1619],[6.998550013628218,45.681683412954904,1619],[6.99847315917206,45.68171896338964,1619],[6.998383455600526,45.68173631329882,1618],[6.9982663012766055,45.681766427379955,1618],[6.998076103962663,45.681800937651346,1617],[6.997936825966566,45.68184580181268,1617],[6.997875518051462,45.681861756285805,1617],[6.997847055853284,45.68186504207711,1616],[6.997819990022446,45.68186496538579,1616],[6.99764318962226,45.681838469165996,1616],[6.997578090354444,45.68180547249308,1615],[6.997536433454571,45.6817943147669,1615],[6.997374986970375,45.68172289042635,1615],[6.9972712556878625,45.68167944317251,1614],[6.9971504961317885,45.68162150490396,1614],[6.997005928481406,45.681549903524356,1613],[6.996915923889184,45.68150007399978,1613],[6.996745963609289,45.68142140419203,1613],[6.996683275298532,45.68136259213362,1612],[6.9966235867176385,45.681333162291956,1612],[6.996552703779839,45.68127704431997,1612],[6.996551886075585,45.68127473570035,1611],[6.996548109236786,45.68127341564656,1611],[6.996423911589499,45.681198386994204,1610],[6.9963112475229385,45.68114058986264,1610],[6.996287034347674,45.681138273084564,1610],[6.99616711988576,45.681056695698445,1609],[6.996050273870778,45.68100260971565,1609],[6.9958626302845115,45.68090896436498,1609],[6.9957591043799425,45.68085984170139,1608],[6.99567018181047,45.680817598852784,1608],[6.995602231982199,45.680792753339055,1608],[6.995540016069176,45.680758547808196,1607],[6.9954731461394974,45.680741289847724,1607],[6.995395416480998,45.68072573406616,1606],[6.995338191491464,45.68070296949674,1606],[6.9952164888858315,45.680671503431086,1606],[6.99516097590237,45.68063859805294,1605],[6.995126411303003,45.680623799866595,1605],[6.995046525092944,45.68059306773459,1605],[6.9949489356641275,45.68056675548495,1604],[6.99486601305902,45.68054543143506,1604],[6.994775400926696,45.68055046312155,1603],[6.994676189696394,45.680569536018126,1603],[6.994620446086348,45.6805808556931,1603],[6.994462554523625,45.680617820084656,1602],[6.994314006716728,45.68063754553779,1602],[6.994271013480379,45.68064750575551,1602],[6.994240862853779,45.68064609413794,1601],[6.994156591719637,45.680624745887556,1601],[6.9940932806868545,45.6806023463313,1601],[6.994060166523726,45.68058473448237,1600],[6.99403905800878,45.680571118296506,1600],[6.99402405413955,45.68053774122568,1599],[6.99401818823595,45.68051303931502,1599],[6.993995595837591,45.68050318184381,1599],[6.993979510340755,45.68050006047223,1598],[6.993966664360555,45.680481858651305,1598],[6.993942992427527,45.68046441353017,1598],[6.993920500208516,45.680451718987634,1597],[6.9939048554706735,45.68043630591144,1597],[6.993897843731561,45.680405908033556,1597],[6.9938977458106955,45.680370899947434,1596],[6.9938991317790125,45.68033213403989,1596],[6.993882238503158,45.68031386111154,1595],[6.993863388051652,45.68031258399622,1595],[6.993834286372206,45.680295989439884,1595],[6.993813580160983,45.680308871096805,1594],[6.993813613961759,45.680307925718544,1594],[6.993791021714244,45.68029806730902,1594],[6.993776251145898,45.680295915880855,1593],[6.9936844295206475,45.680259296381806,1593],[6.9936069715286,45.68023617547609,1592],[6.993526458412683,45.68022789697438,1592],[6.993337955312314,45.680197001336886,1592],[6.993243929988669,45.68019781351524,1591],[6.993190939403428,45.68018841898769,1591],[6.993110547628563,45.68017186889422,1591],[6.993015285245616,45.68015600337541,1590],[6.992851325541451,45.68009848400369,1590],[6.992735868589627,45.68004347305677,1590],[6.992569157329657,45.679949715855415,1589],[6.9924195760496515,45.67986761391413,1589],[6.992255510801817,45.67979424431851,1588],[6.992192152397961,45.679754340135396,1588],[6.992113855847647,45.67971701208753,1588],[6.992031713855602,45.67967393873814,1587],[6.9919081991032925,45.679617839296014,1587],[6.9918671330566315,45.67955845880347,1587],[6.991763973431046,45.67946156059452,1586],[6.991724489554309,45.67943342945536,1586],[6.991699910052932,45.67940366756598,1585],[6.991677457561074,45.67935218301575,1585],[6.991627927689203,45.679303061082884,1585],[6.991583961778656,45.67924930621998,1584],[6.991536084062477,45.67919169775234,1584],[6.991510832962423,45.67914300186406,1584],[6.991483150248175,45.67912453881566,1583],[6.991422084329076,45.679096027986915,1583],[6.991357711924309,45.67908448916882,1583],[6.991346720093745,45.67908522290465,1582],[6.9913455642635265,45.679084511321925,1582],[6.991318722576372,45.67908025531049,1581],[6.9912184051673165,45.67905483784989,1581],[6.991184485734325,45.679022073639466,1581],[6.991135188248934,45.679004176263,1580],[6.991072909398268,45.678971859120885,1580],[6.99106161515195,45.6789480084311,1580],[6.9910241630441785,45.67886314635023,1579],[6.990960453195493,45.678814247206375,1579],[6.990907176419268,45.67879438778063,1578],[6.990824191632043,45.678774951635155,1578],[6.990798162658523,45.678748002863514,1578],[6.9907639728203135,45.678722802447425,1577],[6.990722165088186,45.67868422257539,1577],[6.990632880502338,45.67861453171376,1577],[6.9905309504126025,45.67855881055498,1576],[6.990403377755831,45.67848418845625,1576],[6.990340535903794,45.678392256643484,1576],[6.990210122448186,45.67826507521573,1575],[6.990171368286051,45.67821661481798,1575],[6.99013849379679,45.678192384233675,1574],[6.990110276150399,45.67815120449594,1574],[6.990080539256035,45.67811472967422,1574],[6.9900259885853755,45.67805511117097,1573],[6.989987821369662,45.67802794766976,1573],[6.989932220954037,45.67799764029035,1573],[6.989879317895301,45.677967379462245,1572],[6.989843244532899,45.67791943957386,1572],[6.989829096751278,45.67782457979346,1571],[6.989823605813675,45.67782158491793,1571],[6.989827920994987,45.6778156439144,1571],[6.9897579184500955,45.677657050826184,1570],[6.989795320195689,45.67762245169972,1570],[6.9897792182859275,45.67759365227696,1570],[6.989805118891586,45.67755035404307,1569],[6.989821786436403,45.67753884572862,1569],[6.989832409774055,45.677524841336684,1569],[6.989828736484764,45.67751436918043,1568],[6.989745787842008,45.67749398690879,1568],[6.989689781645764,45.67747502483559,1567],[6.9896471274650445,45.67746008257391,1567],[6.989560281732399,45.677454296387275,1567],[6.989504845154455,45.67745710431946,1566],[6.989429145379039,45.67744158019747,1566],[6.989424993067273,45.67744179241428,1566],[6.989379515575378,45.677431865033796,1565],[6.989310559056827,45.67743186603787,1565],[6.989295493918661,45.6774237350835,1564],[6.989285533735782,45.67740037933645,1564],[6.989299040407448,45.67736241821989,1564],[6.989288835232856,45.67728938874999,1563],[6.989278504357088,45.67721044361147,1563],[6.989268967684826,45.67717526931176,1563],[6.9892358297104815,45.67712075820068,1562],[6.9892318920479415,45.677080006646555,1562],[6.989213824691488,45.6770380594282,1562],[6.989158831581643,45.67700965430471,1561],[6.98910442612458,45.67700254613606,1561],[6.989096739739612,45.67699105821727,1560],[6.9890565528282504,45.67694493668245,1560],[6.989020785734618,45.67688848726497,1560],[6.988946005728793,45.67682851200328,1559],[6.988874763428624,45.67678279038318,1559],[6.9887701948237275,45.67670667960363,1559],[6.988739246538182,45.676666397397646,1558],[6.988670234266634,45.67659611693406,1558],[6.988625934392043,45.67655181565,1558],[6.9885799471142676,45.67651694525447,1557],[6.988479812043525,45.67644895441209,1557],[6.988418486523794,45.67639016176151,1556],[6.988383492852511,45.67634980909837,1556],[6.988304998982953,45.676318150772246,1556],[6.988262617206156,45.6762956441062,1555],[6.988192718781544,45.67628779003848,1555],[6.988146069710659,45.67627135742594,1555],[6.9880909732123815,45.67626471003484,1554],[6.988061910557523,45.676247167807766,1554],[6.9880407712389445,45.67623449593084,1553],[6.987994072684571,45.67621948179329,1553],[6.987946363296263,45.67619498829937,1553],[6.987940535645745,45.67616934075855,1552],[6.987956015450049,45.67615163821278,1552],[6.987943443584393,45.67612587184688,1552],[6.987888353404252,45.676081380158756,1551],[6.987819601037445,45.67603215367138,1551],[6.987735771967957,45.67596113812515,1551],[6.987664145016049,45.675907366844925,1550],[6.987594090891628,45.675875620027966,1550],[6.987570495174903,45.67583735991093,1549],[6.987522807708564,45.675793471931954,1549],[6.987459723934582,45.67576492340383,1549],[6.98742786606692,45.675731248415296,1548],[6.987415408984538,45.67570229056635,1548],[6.987356897969262,45.67565915774011,1548],[6.987337662569902,45.67564983064112,1547],[6.987309898169604,45.67563373051039,1547],[6.9872781545922535,45.67561566829533,1546],[6.987250106545629,45.67558868311312,1546],[6.987229912583945,45.67556845906353,1546],[6.9872259162612345,45.67556525638646,1545],[6.987283007582943,45.6754671424856,1545]]}}]}