{"type":"FeatureCollection","features":[{"type":"Feature","properties":{"slug":"gsw-s1","sct_code":"GSW_S1","source":"Catasto Sentieri VdA"},"geometry":{"type":"LineString","coordinates":[[7.854202566394057,45.68759415825801,3297],[7.853598626617297,45.68768513334139,3296],[7.853347559190503,45.68782732131142,3296],[7.853316984659211,45.687963374243694,3295],[7.853232448087644,45.6881169739414,3295],[7.853138503191896,45.688148034193105,3294],[7.853105635601836,45.68820196966152,3294],[7.853038148240438,45.68820129206527,3293],[7.852900046460025,45.688352962178755,3292],[7.852894199411131,45.68844473827778,3292],[7.852813090573133,45.68862480860474,3291],[7.852815837589328,45.688684667607795,3291],[7.852925030950999,45.68878177342097,3290],[7.853075533728958,45.68899478134735,3290],[7.8530304141566605,45.689065290764,3289],[7.852807896188137,45.68917019661541,3288],[7.852759205567802,45.689221190087196,3288],[7.852418123339853,45.689395866802336,3287],[7.852420498788926,45.689473810555945,3287],[7.852462176823339,45.68957162910801,3286],[7.852320429228227,45.68996112668424,3286],[7.852214007664451,45.69017815335033,3285],[7.852164007845088,45.69046815388221,3284],[7.852294008523915,45.6906781539823,3284],[7.852164008391422,45.690958153889994,3283],[7.852114008140264,45.6909381543946,3283],[7.852104008453153,45.69123815413,3282],[7.852044008091175,45.69122815457229,3282],[7.852124008687733,45.69146815444315,3281],[7.852274007650358,45.69161815417287,3280],[7.852204008207531,45.69161815469198,3280],[7.852354007862331,45.691948154303745,3279],[7.852254008733727,45.692168154448076,3279],[7.852364007834027,45.6925581550183,3278],[7.852254007676783,45.6927481556285,3278],[7.852424008360333,45.69286815553672,3277],[7.852344007948623,45.693288156055814,3276],[7.851954008220441,45.69356815604801,3276],[7.8514140083492245,45.69388815635392,3275],[7.851144008244186,45.69388815581163,3275],[7.851154007953736,45.693668156161856,3274],[7.851064008108852,45.693678156095075,3273],[7.850114008330831,45.694368156535475,3273],[7.8500440082853595,45.6943981564613,3272],[7.850034007527903,45.69425815615972,3272],[7.849834008506181,45.6944781563394,3271],[7.849774008536038,45.694348156259494,3271],[7.84962400757028,45.69439815610004,3270],[7.849584007808468,45.69449815655227,3269],[7.849414007878673,45.69452815703156,3269],[7.849414007587194,45.6949081570211,3268],[7.849294008125275,45.69489815652011,3268],[7.849274008290355,45.69504815672763,3267],[7.848964007566094,45.695308157344456,3267],[7.848574008384119,45.69504815686471,3266],[7.848324008479676,45.69512815669085,3265],[7.848264008446314,45.695048156750616,3265],[7.847564007710993,45.6951181571975,3264],[7.847214007985444,45.69517815717842,3264],[7.846824008232874,45.695398157019646,3263],[7.846394008054626,45.695448157263286,3263],[7.846204007874544,45.695568157486505,3262],[7.846064008467585,45.695488157492726,3261],[7.845954008281729,45.69560815715039,3261],[7.845934008716434,45.69550815758004,3260],[7.845634008093882,45.69558815758994,3260],[7.845284008490373,45.69579815800274,3259],[7.845744007725696,45.69600815786242,3259],[7.8458040080771445,45.696228157711616,3258],[7.846184007622527,45.696328157834216,3257],[7.846284008259762,45.696448158193505,3257],[7.846084008520911,45.696598157836995,3256],[7.845594007735108,45.69667815811768,3256],[7.845834008474219,45.69708815818343,3255],[7.845744008017698,45.6971681586007,3255],[7.8458140085308505,45.69734815917858,3254],[7.8455540084318045,45.69736815844069,3253],[7.845604007988311,45.69743815897941,3253],[7.845304008023398,45.69740815846526,3252],[7.845314007837736,45.6974681583809,3252],[7.845494008121526,45.697638158880004,3251],[7.845664007632241,45.69766815938145,3251],[7.845734008560454,45.697798159099165,3250],[7.846084007595502,45.697958159334895,3249],[7.846334008066437,45.69818815956399,3249],[7.846864008702972,45.698258159370845,3248],[7.846801505465885,45.698316851197454,3248],[7.84678200869315,45.69833515955481,3247],[7.8460740080112155,45.69857815923802,3247],[7.844454008370571,45.69874815998753,3246],[7.844064007634492,45.69891816018868,3245],[7.842984007846334,45.69891816033646,3245],[7.842754008296372,45.6988281595436,3244],[7.841764008576241,45.69911816011563,3244],[7.841334007854805,45.69901816021919,3243],[7.840444008707696,45.69903815992424,3243],[7.839644008122485,45.69884816005815,3242],[7.8391340076812766,45.69891816022596,3241],[7.838034007591429,45.69887816017399,3241],[7.837404007927079,45.69901815977824,3240],[7.8369640086137276,45.69900815991474,3240],[7.835694008176175,45.69874815953685,3239],[7.835484007564721,45.69885815979508,3239],[7.835614007839603,45.69892816026171,3238],[7.835494007519728,45.69905816000063,3237],[7.834824007616276,45.699278160427994,3237],[7.834874008018612,45.699448160233885,3236],[7.834454007844057,45.69971816092253,3236],[7.834374007717476,45.69986816094279,3235],[7.834164008449568,45.699998160743746,3234],[7.834184008556398,45.700078160340446,3234],[7.833804007586467,45.700288161279076,3233],[7.833594008356092,45.70044816073307,3233],[7.8324640077115095,45.7006581615459,3232],[7.832174008592417,45.70085816099518,3232],[7.831874008695863,45.70091816154732,3231],[7.831384008243646,45.70120816157397,3230],[7.8310840085349325,45.701218161875424,3230],[7.830914008526404,45.70093816140209,3229],[7.830414008567576,45.700638161035684,3229],[7.830394008653153,45.700728160899736,3228],[7.8302640077040335,45.70066816134069,3228],[7.830194008039846,45.70083816108357,3227],[7.830054007934743,45.70078816113172,3226],[7.830044008575456,45.700878161648994,3226],[7.829814007843619,45.70073816092904,3225],[7.829664008072587,45.70082816097238,3225],[7.829644007933042,45.70098816175003,3224],[7.829314007900503,45.700698161577904,3224],[7.829214007565881,45.700818161102355,3223],[7.829184008658215,45.70072816113135,3222],[7.828934007701437,45.70088816143758,3222],[7.828914008373805,45.700718161512796,3221],[7.828794008047809,45.700828161209834,3221],[7.828714008091758,45.70076816129388,3220],[7.828614007869099,45.70086816102166,3220],[7.828544007717752,45.70077816111381,3219],[7.828304008729129,45.70088816182467,3218],[7.828534007747437,45.70049816145473,3218],[7.828274008486462,45.70020816054675,3217],[7.827964008668984,45.69999816066491,3217],[7.827564008668829,45.69990816075474,3216],[7.827414007711743,45.69983816094284,3216],[7.827176008685691,45.69979216028018,3215],[7.826975007501228,45.699610160547365,3214],[7.8269940083755865,45.69944815990866,3214],[7.82646400767465,45.698968160105196,3213],[7.82585400874616,45.698568159832355,3213],[7.82559400749474,45.69846815936429,3212],[7.825404008035047,45.698498159695305,3212],[7.82540400856085,45.698378159517965,3211],[7.826164008722881,45.69798815882051,3210],[7.826564007847242,45.69789815932543,3210],[7.826674008253977,45.69772815946434,3209],[7.826424008333986,45.697508158991965,3209],[7.8266240075272275,45.697288158474265,3208],[7.826684008144039,45.69693815815368,3208],[7.82661400748606,45.69673815822267,3207],[7.8264540086353,45.69662815844397,3206],[7.826334008673097,45.696648157946086,3206],[7.826244008440407,45.696418157675176,3205],[7.8268040086946735,45.69613815821124,3205],[7.827024008470451,45.6958681580201,3204],[7.827384007861736,45.69569815725958,3204],[7.827754007475727,45.695618157579965,3203],[7.827824008502624,45.69575815718555,3202],[7.828014007630532,45.69575815714984,3202],[7.827884008591794,45.69593815801107,3201],[7.827534008588847,45.696118158211156,3201],[7.828384008436475,45.69604815758214,3200],[7.828804007695675,45.69564815755995,3200],[7.829334008722841,45.69567815739336,3199],[7.8297940083182995,45.69534815702118,3198],[7.830164008007919,45.695308157113146,3198],[7.831124008160574,45.694948156745916,3197],[7.8316640082212805,45.69482815709545,3197],[7.831844008495003,45.69494815667813,3196],[7.83214400849091,45.694998156761294,3195],[7.832324008182839,45.694908156723514,3195],[7.832564007654181,45.69491815672265,3194],[7.832534008689103,45.694878156671045,3194],[7.832694008407876,45.69478815685814,3193],[7.833574007592119,45.69462815641701,3193],[7.834194008396166,45.694288156690796,3192],[7.834014008712643,45.694268156372075,3191],[7.834144008725337,45.69409815625035,3191],[7.834094008502581,45.69408815662197,3190],[7.834204008664209,45.693648156232555,3190],[7.834114007743507,45.69357815551811,3189],[7.8341240085316874,45.693038155082164,3189],[7.834234007846793,45.69294815579486,3188],[7.834414008318978,45.69291815573752,3187],[7.8347140078688,45.69257815557539,3187],[7.83543400807922,45.692088154553566,3186],[7.835494008656676,45.6919881549873,3186],[7.835284007675626,45.69198815433575,3185],[7.835544007794401,45.69172815443348,3185],[7.834974007971618,45.6912881542811,3184],[7.834444008547471,45.69118815423613,3183],[7.834194007863986,45.69100815383101,3183],[7.833514008527743,45.69101815379635,3182],[7.833014008116124,45.690818153598265,3182],[7.8319240080209,45.68978815273357,3181],[7.831674007885301,45.689148152740934,3181],[7.831474007575402,45.68884815238735,3180],[7.830954008373402,45.68869815190136,3179],[7.830624008551717,45.688758152760286,3179],[7.830664008647896,45.688648151985554,3178],[7.828407673143467,45.688222615263435,3178],[7.828174008411675,45.68805815203205,3177],[7.828134007787623,45.68768815127334,3177],[7.827714008284523,45.687338151583894,3176],[7.827324008315154,45.68719815142244,3175],[7.827234007523975,45.68710815128483,3175],[7.82636400864279,45.68681815090171,3174],[7.8259740084926275,45.68660815119285,3174],[7.826164007585056,45.68661815120868,3173],[7.826221008125399,45.68653315028114,3173],[7.825974007872436,45.68641815044193,3172],[7.825894008287,45.68623815067093,3171],[7.825964008130868,45.68617815032009,3171],[7.825694007891757,45.68570815051636,3170],[7.825644008155785,45.68552815022511,3170],[7.825734008077375,45.68504814928516,3169],[7.825884007831696,45.68514814957209,3169],[7.826084008423871,45.68477814923091,3168],[7.8260740086107194,45.68455814927892,3167],[7.826424008340028,45.68484814911066,3167],[7.826574007946749,45.68484814916383,3166],[7.8266340079358905,45.68471814973126,3166],[7.826774008309744,45.684798149422306,3165],[7.826874007896617,45.684588149343895,3165],[7.8269240082803,45.68453814967473,3164],[7.827054008333363,45.68416814876738,3163],[7.827254008606533,45.6842381486486,3163],[7.827234007853016,45.68391814846821,3162],[7.82731400754263,45.68395814847109,3162],[7.827254007700014,45.68371814899066,3161],[7.827484008568395,45.683748149091656,3161],[7.8275640085220655,45.68343814804869,3160],[7.827704007498355,45.68349814817315,3159],[7.827804008202865,45.6834481481947,3159],[7.82783400861076,45.68352814824534,3158],[7.8279540075769285,45.683358148546915,3158],[7.828064008651322,45.68341814825875,3157],[7.828224008680569,45.68333814881475,3156],[7.828164008590341,45.683158148680725,3156],[7.82821400835437,45.68301814783666,3155],[7.828334007929855,45.68299814812294,3155],[7.8284340085389195,45.682578148233496,3154],[7.828814007624497,45.68247814739831,3154],[7.828844007974283,45.681908147227254,3153],[7.828944008425968,45.681458146909776,3152],[7.8291100083745055,45.681018146724824,3152],[7.829060008508176,45.6809091463421,3151],[7.829064008237641,45.68076814609874,3151],[7.829164008727471,45.680748146616196,3150],[7.8290440075251535,45.68064814665359,3150],[7.829014008048351,45.68052814641153,3149],[7.828824007541079,45.68023814593403,3148],[7.828624007930494,45.67973814580076,3148],[7.82835400762945,45.67947814578506,3147],[7.828544008467848,45.67930814508602,3147],[7.828354007604466,45.67912814555871,3146],[7.828544008071691,45.67903814492775,3146],[7.828514008332732,45.67894814533671,3145],[7.827825007801097,45.678592145343096,3144],[7.827414007901935,45.678548144443795,3144],[7.827244008215931,45.67845814470664,3143],[7.8270640084146486,45.678538144492194,3143],[7.826554008096924,45.67850814501213,3142],[7.826514008202499,45.67858814461689,3142],[7.826224007862212,45.678678144939404,3141],[7.825814008589239,45.678638144833236,3140],[7.824934008491185,45.67844814492359,3140],[7.823654008462655,45.67837814437813,3139],[7.822644008215109,45.678568144598486,3139],[7.821724008252161,45.678538145280115,3138],[7.821324008565808,45.678708145242005,3138],[7.820804007660753,45.678788144712065,3137],[7.8203240087107595,45.67896814483585,3136],[7.820004007563427,45.67888814550887,3136],[7.819794007723549,45.67891814508509,3135],[7.819694007949108,45.67887814553566,3135],[7.819664008093506,45.678778144836045,3134],[7.819334008605709,45.678618144630335,3134],[7.819184008578923,45.678348144750544,3133],[7.8189140084472255,45.678168144934986,3132],[7.8190940079061795,45.67785814475289,3132],[7.818304008675766,45.67793814408316,3131],[7.817844008395727,45.67774814389128,3131],[7.817784007574478,45.677828144078255,3130],[7.817724008571174,45.67777814397025,3130],[7.81738400834965,45.67780814453603,3129],[7.817434007801571,45.67757814398946,3128],[7.81735400873949,45.67753814422216,3128],[7.816914007770391,45.67766814434563,3127],[7.816854008727146,45.67778814456675,3127],[7.816744007813072,45.677768144395024,3126],[7.816474008582278,45.67793814454796,3126],[7.815614007782101,45.67822814469776,3125],[7.814514007832867,45.678198144256775,3124],[7.81263400824286,45.67799814411068,3124],[7.811814007926611,45.67805914463677,3123],[7.811094008156951,45.67798914480604,3123],[7.810454008060762,45.678049144879125,3122],[7.810254008567336,45.6779491443656,3122],[7.8094040082238925,45.67804914418027,3121],[7.809334008688173,45.67810914436975,3120],[7.808884008282758,45.678119144624524,3120],[7.808684007792839,45.678179144263666,3119],[7.808504008696726,45.67808914463322,3119],[7.808494008417316,45.67797914469492,3118],[7.8066740081533865,45.6777491439708,3117],[7.806335007968237,45.67762914404233,3117],[7.805885008218083,45.67709914361586,3116],[7.805445007926403,45.676899143513026,3116],[7.80484500813095,45.67688914388321,3115],[7.80423500814519,45.67713914415281,3115],[7.803225008107805,45.67712914384527,3114],[7.8028650087436935,45.67686914401012,3113],[7.802875007862349,45.67659914317365,3113],[7.80274500809631,45.67654914319873,3112],[7.802495008629841,45.676649143108484,3112],[7.802365007793364,45.67659914359015,3111],[7.801975008170214,45.67679914373224,3111],[7.801375008165663,45.67686914399693,3110],[7.8011050086035425,45.676819143732615,3109],[7.800995008510407,45.6767491435005,3109],[7.799965008223734,45.67643914356795,3108],[7.799885008017556,45.67627914348443,3108],[7.799745008583838,45.676189143419855,3107],[7.799895008381146,45.676069142768426,3107],[7.799875008380531,45.6760691432587,3106],[7.799865007829209,45.67602914297696,3105],[7.800015007584289,45.67593914300503,3105],[7.800605008612621,45.67577914317533,3104],[7.800925008119121,45.67547914244444,3104],[7.8011250080695715,45.67545914248432,3103],[7.801265008011116,45.67535914243781,3103],[7.8013950077096395,45.675339142741954,3102],[7.801555007668499,45.675459142663556,3101],[7.801905008484925,45.675449142259346,3101],[7.802015007545983,45.67559914266472,3100],[7.802405008254176,45.675429142303344,3100],[7.8025050082994065,45.67549914256769,3099],[7.802565008560166,45.67544914220425,3099],[7.802615008540203,45.67552914263965,3098],[7.802726008429523,45.67538014259829,3097],[7.8028350078726545,45.67540914280197,3097],[7.80311500748278,45.67534914287523,3096],[7.803435008334991,45.67535914232401,3096],[7.803605007936313,45.675249142553106,3095],[7.803858007492263,45.675320142751595,3095],[7.804065007920208,45.67525014233826,3094],[7.804114008069949,45.67532214270739,3093],[7.804774008039849,45.67539914272722,3093],[7.80505400851358,45.67554914304762,3092],[7.805244008370977,45.67549914293001,3092],[7.805534008479425,45.67527914237465,3091],[7.80577400764048,45.67524914241861,3091],[7.805884007716755,45.67536914276689,3090],[7.805994007748565,45.67529914277589,3089],[7.80634400766126,45.675489143069086,3089],[7.806524007527239,45.67549914241459,3088],[7.80623400820441,45.67575914240241,3088],[7.806534008612811,45.675899143198464,3087],[7.806674007738164,45.67586914328217,3087],[7.807144008142777,45.67621914293696,3086],[7.807724008055387,45.67614914302626,3085],[7.808544007570378,45.676179142829014,3085],[7.8088540077580335,45.67627914319597,3084],[7.80982400822642,45.67616914345727,3084],[7.810394008130622,45.67618914351311,3083],[7.810634008267769,45.676279143003356,3083],[7.810974007785353,45.676199143426786,3082],[7.811594008597562,45.676449142916596,3081],[7.811714008503687,45.676399143615875,3081],[7.812154007969209,45.67659914386592,3080],[7.81247400824139,45.676599143497555,3080],[7.813024008148502,45.67674914332792,3079],[7.814094007490292,45.6768891437585,3078],[7.8151040081507945,45.67688914367428,3078],[7.816034008289197,45.676689143606566,3077],[7.816514008052369,45.67649914377753,3077],[7.817044007989844,45.676488143636654,3076],[7.817774007881082,45.67631814340122,3076],[7.818464008488497,45.67630814354916,3075],[7.81940400772263,45.6763981435099,3074],[7.819354008519804,45.67678814339909,3074],[7.819604008607485,45.6769781440403,3073],[7.820344008602848,45.67694814339745,3073],[7.820744008474526,45.67721814429687,3072],[7.820974007491879,45.67719814385426,3072],[7.821154008651392,45.677248144053195,3071],[7.8218540082592085,45.67727814370261,3070],[7.822244007631696,45.67706814354351,3070],[7.822484007890934,45.67706814352216,3069],[7.822884008543661,45.67690814364402,3069],[7.823654008330555,45.676918144078186,3068],[7.824254007662559,45.67678814391259,3068],[7.824954008411802,45.67679814322393,3067],[7.825664007570621,45.67664814359886,3066],[7.826014007874982,45.67665814335787,3066],[7.826924008480775,45.67682814403193,3065],[7.8279540083810915,45.676858143801205,3065],[7.828404008425587,45.67705814350472,3064],[7.828684007497686,45.67700814358589,3064],[7.829294008196915,45.67745814398561,3063],[7.829894008193822,45.67774814466239,3062],[7.8301940083320405,45.67818814455126,3062],[7.8308340079073,45.678758144687876,3061],[7.831003008361194,45.67887714499948,3061],[7.831754008670234,45.67928814514096,3060],[7.832053580077636,45.67961568388747,3060],[7.832233623628592,45.67964838316766,3059],[7.832535818320001,45.67982712696133,3058],[7.832608982063008,45.6798915287601,3058],[7.833198776382033,45.6800697641527,3057],[7.833269735780907,45.68014871678585,3057],[7.83327290413675,45.68031843031915,3056],[7.833144008356593,45.68069814615226,3056],[7.833188963391702,45.68096179826866,3055],[7.833474007604325,45.681508146931826,3054],[7.834194008149531,45.682088147044716,3054],[7.83448400778536,45.68216814786589,3053],[7.834804008203907,45.68249814771398,3053],[7.835634008003783,45.683028148017705,3052],[7.835774008218397,45.68317814784932,3052],[7.836233691227098,45.683547893515424,3051],[7.836402007689687,45.68354114850915,3050],[7.838074007847159,45.68423814858967,3050],[7.838284008341559,45.68451814907877,3049],[7.838284007884871,45.68472814918517,3049],[7.838464007826576,45.68486814956723,3048],[7.838824008340649,45.68481814983678,3048],[7.8393840085417255,45.684908149523366,3047],[7.839984008364491,45.68477814967671,3046],[7.840604008485128,45.68473814951779,3046],[7.840734008126429,45.68478814950447,3045],[7.840724007600572,45.68465814961442,3045],[7.840844008663099,45.68469814915018,3044],[7.84091400839096,45.684568149191826,3044],[7.840324007969517,45.684488149125954,3043],[7.839894008446866,45.68439814948465,3042],[7.839804008588566,45.684288149101135,3042],[7.8398940078396935,45.684118149016804,3041],[7.839794007679822,45.684078149108544,3041],[7.8397740086726335,45.68390814881999,3040],[7.840054008672248,45.68408814933989,3039],[7.84123400853905,45.683858148853425,3039],[7.841594007919781,45.68404814849561,3038],[7.8418840080767955,45.68386814915313,3038],[7.841944008746937,45.68373814887912,3037],[7.842104007657716,45.6838681490263,3037],[7.842234007915764,45.68391814911948,3036],[7.842514008001666,45.683728148863636,3035],[7.842694007837794,45.68379814855426,3035],[7.842914007523171,45.683508148521184,3034],[7.842984007563139,45.68353814819824,3034],[7.842924007839127,45.6833881485421,3033],[7.8431440078056545,45.68346814822912,3033],[7.843204008334855,45.68332814852031,3032],[7.843384007761357,45.68339814802416,3031],[7.843782757895348,45.68324598928704,3031],[7.843771245390826,45.683317876642874,3030],[7.843789761437583,45.683354066448814,3030],[7.843833768981524,45.68339951485869,3029],[7.843900400725082,45.683418190433294,3029],[7.8442086445404176,45.68343480965654,3028],[7.844444396886594,45.683464197448124,3027],[7.844639134244253,45.68343916453984,3027],[7.844909606100071,45.68336089625581,3026],[7.845012220949726,45.68336643323572,3026],[7.8450547771249965,45.68338486560706,3025],[7.845079406582848,45.6834166158143,3025],[7.845117612489706,45.68352951045252,3024],[7.845181836349853,45.68354816003492,3023],[7.845257940695017,45.683535427588545,3023],[7.845296394276072,45.68349981571255,3022],[7.845314847507783,45.68344149836155,3022],[7.8453330593788,45.68329767198936,3021],[7.845254917789591,45.68323387791083,3021],[7.845094591493805,45.68320525529182,3020],[7.844962594838183,45.683203920697125,3019],[7.844508683255308,45.6832848357933,3019],[7.844397119593347,45.68326570693503,3018],[7.8443349332119165,45.683206572132384,3018],[7.844343390496598,45.68316615590275,3017],[7.844376320273549,45.68312598725162,3017],[7.844437952371936,45.683095106844846,3016],[7.844763785851284,45.683075902814764,3015],[7.845009661062367,45.68304238672856,3015],[7.845122890401528,45.683039030333916,3014],[7.845292444454667,45.6830677461935,3014],[7.845421968794814,45.68309155601359,3013],[7.845713888199154,45.68318001276094,3013],[7.845830270428823,45.68325769380472,3012],[7.845847491015732,45.68329837048656,3011],[7.845836349968662,45.683352261506705,3011],[7.845771757210766,45.68346861572737,3010],[7.845754536524676,45.68354494680065,3010],[7.845787403363673,45.68358578338557,3009],[7.845830550783846,45.68359521814359,3009],[7.845868940688324,45.68358210602509,3008],[7.845936034556075,45.68351977970443,3007],[7.846002077301846,45.68343044093267,3007],[7.84607333578684,45.683282651824534,3006],[7.846063117262273,45.68323304531233,3006],[7.8459675705320695,45.683137572904364,3005],[7.845674231228916,45.68304010185852,3005],[7.84561216656723,45.682994473477144,3004],[7.845601984026289,45.68296286668103,3003],[7.845638368198825,45.68294973436923,3003],[7.8457531121288495,45.68295089385467,3002],[7.8461969929678785,45.683103888045395,3002],[7.846290876672358,45.68316334017419,3001],[7.846364007909956,45.683158148265456,3001],[7.846524008266739,45.68321814819541,3000],[7.8464440082218765,45.68309814813143,2999],[7.846414007799966,45.68308814792611,2999],[7.846384007689893,45.68304814782281,2998],[7.846664008730478,45.6830781480027,2998],[7.846754007507205,45.6831281486014,2997],[7.846794008658532,45.68312814830772,2996],[7.8467340079436685,45.68303814772395,2996],[7.846784008444474,45.6829981480212,2995],[7.846974008006407,45.68304814808945,2995],[7.846934008232303,45.68295814787977,2994],[7.84714400770397,45.6830181484967,2994],[7.847174007950127,45.68295814815726,2993],[7.847214008199795,45.68306814851624,2992],[7.847196306300154,45.68311280905154,2992],[7.847262488823441,45.683177649398225,2991],[7.847295010321732,45.683020466213364,2991],[7.847270656507655,45.682858210590545,2990],[7.847223682090659,45.68278123146724,2990],[7.846774890269948,45.68263269107927,2989],[7.8466242246620865,45.682563665439545,2988],[7.846429491764086,45.68253019878785,2988],[7.846378601235062,45.68250718245822,2987],[7.846388444848951,45.682457779474674,2987],[7.846459208168242,45.68243149138907,2986],[7.8464964261534345,45.68243636662089,2986],[7.84691617300117,45.68255311282865,2985],[7.847392579142812,45.68260742321386,2984],[7.847471460206943,45.68263522270252,2984],[7.847602441291264,45.682744549534505,2983],[7.847724007655554,45.68277814831851,2983],[7.8477040083966365,45.68262814781941,2982],[7.847634007515123,45.68253814763187,2982],[7.847644007637409,45.68250814781043,2981],[7.847664007597128,45.682528148183906,2980],[7.847704008327038,45.68252814756741,2980],[7.847784007792951,45.6825681476331,2979],[7.8480040081617854,45.682608147411685,2979],[7.847984008390664,45.68253814787443,2978],[7.847914008554493,45.68252814788996,2978],[7.847774008311769,45.68237814763694,2977],[7.8476140083969055,45.68226814752556,2976],[7.84766400769952,45.6822381479866,2976],[7.847891827032767,45.68224204265105,2975],[7.847832359971142,45.68213932926669,2975],[7.8478940086157944,45.682138147335486,2974],[7.847934008304117,45.682168147425614,2974],[7.847984007912154,45.68216814764669,2973],[7.848174008135052,45.68226814766128,2972],[7.848244007817605,45.682228147357236,2972],[7.84820400852195,45.6821681474828,2971],[7.848234007847363,45.68213814764532,2971],[7.848294007861592,45.68213814775526,2970],[7.8483440084604865,45.68217814739183,2970],[7.848475747333721,45.6821678998102,2969],[7.848544007659518,45.68215814720293,2968],[7.848564007523412,45.68216814775317,2968],[7.84863400869187,45.68214814745615,2967],[7.848704007534764,45.68217814722157,2967],[7.848774008649074,45.682158147738285,2966],[7.848864007509845,45.68219814791697,2966],[7.848914008095181,45.682188147175005,2965],[7.848983337807181,45.68220914662758,2964],[7.849034008448521,45.682228147114664,2964],[7.849164008307689,45.682208147969405,2963],[7.849214007485761,45.68222814787884,2963],[7.849224008686579,45.682278147953404,2962],[7.849274007543381,45.682288147267535,2962],[7.849354008197482,45.682248147122856,2961],[7.84962400815017,45.682208147857956,2960],[7.849724007657968,45.682238147598056,2960],[7.84973400781755,45.68225814772073,2959],[7.849834008758437,45.68228814737857,2959],[7.849885468470263,45.68228814796763,2958],[7.849934008184488,45.68228814793726,2957],[7.850064008704511,45.682398147924054,2957],[7.850344008128936,45.682528147420264,2956],[7.850869246075277,45.6827257670424,2956],[7.850944008295418,45.682758148104206,2955],[7.850974008217509,45.68278814824389,2955],[7.850974007952119,45.6828381483636,2954],[7.851034008679433,45.682908148291475,2953],[7.851214008585137,45.68295814783254,2953],[7.8513640086125465,45.68302814808231,2952],[7.851364007613057,45.68304814830042,2952],[7.8514440086563875,45.68309814817723,2951],[7.851694008587469,45.683208148499894,2951],[7.852104008019133,45.68335814824549,2950],[7.852429202135561,45.68341901403509,2949],[7.852484008711111,45.68342814847907,2949],[7.852904008457407,45.68358814826003,2948],[7.8532440083673425,45.68376814828913,2948],[7.853874008087529,45.6839081487981,2947],[7.854214007870711,45.68405814874002,2947],[7.854524007605168,45.68408814881526,2946],[7.854645453363979,45.684128630767574,2945],[7.854674008251103,45.684148148645534,2945],[7.8547540082274825,45.68415814933436,2944],[7.854884008389714,45.684068148752694,2944],[7.85495400853456,45.684058148740206,2943],[7.854984008432826,45.68406814849441,2943],[7.855109050807053,45.684311273013265,2942],[7.855133885898802,45.68446863721432,2941],[7.855116996557617,45.684641312671374,2941],[7.855061086785908,45.68482036187452,2940],[7.854991337250192,45.6849393760658,2940],[7.854966428873215,45.68506913907922,2939],[7.8548497444438246,45.68533319980925,2939],[7.854849001721014,45.68536959616588,2938],[7.854907816630689,45.685396188474684,2937],[7.854890857940974,45.68550003023647,2937],[7.855178830519292,45.68550601284171,2936],[7.855102377583388,45.68568756443407,2936],[7.855088758521391,45.685725102618825,2935],[7.855077958248427,45.685760875235665,2935],[7.855045568049893,45.68586760544653,2934],[7.855024804184235,45.685980334968306,2933],[7.855008619742254,45.68611546245783,2933],[7.855001124296265,45.686235971868086,2932],[7.854990117958087,45.686364092087054,2932],[7.854966137713532,45.686634431119735,2931],[7.8549434405786736,45.68692419367281,2931],[7.854935454097512,45.687068815224826,2930],[7.854922981998302,45.68726868333939,2929],[7.854895324355224,45.68740026024869,2929],[7.854887619342139,45.687565626468405,2928],[7.856182992209278,45.68747059743501,2928],[7.856950264147512,45.68745654570796,2927],[7.85706141324575,45.68744872836906,2927],[7.857221828053421,45.68746582598983,2926],[7.857736569278837,45.687549845580826,2925],[7.857835045670999,45.687549421660954,2925],[7.8578307462790455,45.68776064232693,2924],[7.857720965416326,45.687921512927375,2924],[7.8576411204508725,45.688324854450066,2923],[7.857577575589146,45.68849397007328,2923],[7.857602718226249,45.68876027892338,2922],[7.857583304042755,45.68897582887125,2921],[7.8577725643820715,45.689406599488926,2921],[7.857884953735302,45.68960762628047,2920],[7.8580529281662415,45.68975304497289,2920],[7.858282712564213,45.68987774981225,2919],[7.858383912942894,45.68995976651549,2918],[7.858677811499423,45.690139924853064,2918],[7.859418773306373,45.69047134667317,2917],[7.85967231292309,45.69063444836908,2917],[7.860002793222319,45.69080965809977,2916],[7.860156125756522,45.69092396553094,2916],[7.860344091814969,45.69117947743747,2915],[7.860374019221573,45.69128679295956,2914],[7.8604469545355675,45.69136960589657,2914],[7.860629717188247,45.69147673577827,2913],[7.860674567304213,45.691532266685655,2913],[7.860841135076728,45.69163374434482,2912],[7.861073049449541,45.691749104157665,2912],[7.861237344221944,45.691937324197745,2911],[7.861353629375106,45.69212443541465,2910],[7.86150595402267,45.69229270745505,2910],[7.861809117087809,45.69279354983236,2909],[7.862134323750752,45.6932693634064,2909],[7.862381078339447,45.69354753225036,2908],[7.862613030486062,45.693774079743704,2908],[7.8631763282662215,45.69414602858441,2907],[7.8634809590944466,45.69429909947166,2906],[7.8636586642111155,45.69435865106777,2906],[7.864441478342958,45.6944471220874,2905],[7.864734463200568,45.69456264764248,2905],[7.865068197216477,45.6949501400679,2904],[7.865170563925726,45.695141401386756,2904],[7.865333820285796,45.69537945300068,2903],[7.865485221095265,45.6956704414319,2902],[7.865603086537428,45.69581674447111,2902],[7.865720496524026,45.69590639232993,2901],[7.865870022999765,45.696183273009694,2901],[7.8660030068058004,45.696369597373334,2900],[7.866053156332708,45.69648321264169,2900],[7.866136600982382,45.69654680105012,2899],[7.86653304516443,45.696685234620205,2898],[7.86683615024029,45.69673280089567,2898],[7.867112066958418,45.69680626770765,2897],[7.86726751580859,45.696823650250835,2897],[7.8682066832393245,45.69705436608788,2896],[7.868292436603266,45.69708727392577,2896],[7.868523522622043,45.69717883346054,2895],[7.8686961601430845,45.697288992124435,2894],[7.868809008031304,45.69740806938377,2894],[7.868911882349931,45.697380152098184,2893],[7.86914077458942,45.69728782221711,2893],[7.869300257928568,45.69722246094383,2892],[7.869424514958124,45.6971462939475,2892],[7.869503920431586,45.697164279899994,2891],[7.86959982727307,45.6972225968539,2890],[7.869753748998628,45.69726474128176,2890],[7.869783364182058,45.69743946633305,2889],[7.8698107967136774,45.69755053481651,2889],[7.869792329992155,45.69780407829705,2888],[7.869830034077268,45.697921728806755,2888],[7.8699456638608805,45.69802862947356,2887],[7.870539223566106,45.69843601529131,2886],[7.870615498943195,45.69855827715663,2886],[7.870683622421586,45.69874094222618,2885],[7.8707716238982695,45.69882947775258,2885],[7.870974677337949,45.698887918395435,2884],[7.871096145308299,45.698896409320234,2884],[7.8715420508416125,45.69886751295523,2883],[7.871761490938275,45.69890955302017,2882],[7.8723061865256465,45.69921852074418,2882],[7.8726517372067155,45.699370530869274,2881],[7.872816824993169,45.69942004300581,2881],[7.873168160109343,45.69948885335605,2880],[7.873428690656585,45.699570087992484,2879],[7.874394854247632,45.69997446722846,2879],[7.874728191097855,45.70011473996158,2878],[7.87485615264604,45.700222297119716,2878],[7.875349502100688,45.70047980127992,2877],[7.8757722297173975,45.70064651259892,2877],[7.8759696516823565,45.700736570918934,2876],[7.876052541902585,45.70079228997669,2875],[7.876183849631029,45.70091895976195,2875],[7.8764000927212825,45.701178863207225,2874],[7.876550356038947,45.70142380646001,2874],[7.876680556727879,45.70171490514356,2873],[7.876758154467466,45.70184257617457,2873],[7.876992120292649,45.702064490314434,2872],[7.877175851607991,45.702209945431676,2871],[7.877540547179912,45.70245312457687,2871],[7.8780858210411955,45.70274289899785,2870],[7.879575382714051,45.70377746165043,2870],[7.879719127791704,45.70367536403979,2869],[7.8798909607371765,45.70361404600201,2869],[7.880092178986385,45.70358901804858,2868],[7.880242682202082,45.703590493422304,2867],[7.880448036743556,45.70361950697338,2867],[7.8807195074416025,45.703775177686296,2866],[7.8811792672006495,45.703871796006325,2866],[7.88173525328725,45.704073713328846,2865],[7.882074387110583,45.70410665263054,2865],[7.882507333380106,45.70430184917629,2864],[7.882416937728358,45.70464898691741,2863],[7.882274761442937,45.70501769631162,2863],[7.882154874620015,45.70527771502665,2862],[7.882021252575336,45.705507460803624,2862],[7.8820317683724666,45.705588139443215,2861],[7.882247414134338,45.70567040687519,2861],[7.88228921883953,45.70573109087179,2860],[7.88220100479081,45.70584073120878,2859],[7.882156196874888,45.705930705183135,2859],[7.882238805537084,45.706102292857665,2858],[7.882783477048879,45.706830918641245,2858],[7.882919229177527,45.70721398692678,2857],[7.882979073400589,45.70777943815527,2857],[7.88311499026115,45.7089035973957,2856],[7.8832254786590275,45.70911563892767,2855],[7.883435519673398,45.70936883732196,2855],[7.88348746541184,45.70964058217355,2854],[7.88331876377702,45.71019145203726,2854],[7.88321380779545,45.71042148013718,2853],[7.8830240321566425,45.7105904030019,2853],[7.882655082982557,45.71087306377512,2852],[7.882690126173183,45.711008416626726,2851],[7.88266561122419,45.711087943349156,2851],[7.88270929320326,45.71124315309956,2850],[7.882678954776087,45.7113487703695,2850],[7.8826746723820955,45.7115766782716,2849],[7.88270058260397,45.71168025173128,2849],[7.882649310917017,45.711867114735306,2848],[7.8826594517583315,45.71195464888241,2847],[7.882629266902279,45.71218068960488,2847],[7.882646042804215,45.71232924757989,2846],[7.8826365343569895,45.71250819173338,2846],[7.882608421841813,45.71265021726014,2845],[7.882650953331705,45.71285314565579,2845],[7.8826991685156935,45.71325414171309,2844],[7.883239262167027,45.713209920795,2843],[7.883517135560053,45.71320813575805,2843],[7.8838324239777595,45.71324271782236,2842],[7.884104496590092,45.713290380400316,2842],[7.884706616542331,45.71341776705963,2841],[7.8848190118768615,45.713459366802155,2840],[7.88491703653824,45.71365833666502,2840],[7.884979163194314,45.71370394402588,2839],[7.884990623590584,45.71375355890469,2839],[7.884700471934151,45.7139082378794,2838],[7.885023008302254,45.71389717092782,2838],[7.885153008696295,45.71392717125027,2837],[7.885283007585782,45.71398717113741,2836],[7.885483008102688,45.71418717153716,2836],[7.885793008149828,45.71427717146182,2835],[7.886013008457665,45.71444717185335,2835],[7.886243007968066,45.71438717120973,2834],[7.886393008664854,45.714397171482865,2834],[7.886713008527741,45.71471717186538,2833],[7.886873008006697,45.715197172191225,2832],[7.887223007899594,45.715507172193774,2832],[7.887283008432969,45.71561717268019,2831],[7.887683008284417,45.71578717235248,2831],[7.887703008622039,45.71589717284669,2830],[7.888103008676153,45.71599717290218,2830],[7.88827300836919,45.71607717268297,2829],[7.888243008281304,45.71618717339882,2828],[7.888293007766775,45.71640717336917,2828],[7.888313007946123,45.716437173305124,2827],[7.888383007518241,45.7164371731427,2827],[7.888473007865594,45.71654717328812,2826],[7.888563008663474,45.71652717310634,2826],[7.8885830083398,45.716767173681404,2825],[7.888693007626846,45.71673717304779,2824],[7.888733008494676,45.71676717306482,2824],[7.888613008707466,45.71696717321769,2823],[7.888553008668814,45.717157174175675,2823],[7.8885730075685885,45.717197173653126,2822],[7.888323008353809,45.71743717431113,2822],[7.8880725483593706,45.71759983096633,2821],[7.8882860758052145,45.71754340652748,2820],[7.888731060828111,45.71737672401637,2820],[7.888876832663192,45.71727463572194,2819],[7.888964838089481,45.71718998831777,2819],[7.889109313752678,45.71697087825351,2818],[7.8891647572166175,45.71694891694213,2818],[7.889123008047279,45.71688717316019,2817],[7.889233008395946,45.7168171736014,2816],[7.889363008286416,45.71681717389621,2816],[7.889403008288941,45.71684717366954,2815],[7.889393008628733,45.71692717319028,2815],[7.889603008333075,45.71684717376609,2814],[7.88969300752011,45.716847173687185,2814],[7.889543008542963,45.71706717405974,2813],[7.889623008492932,45.717097173752265,2812],[7.890013007469285,45.71692717329091,2812],[7.88993300852784,45.71707717394747,2811],[7.889943007508537,45.717157173432255,2811],[7.89032300836818,45.71697717326223,2810],[7.890453008228173,45.7170371735378,2810],[7.890563008118905,45.71704717402511,2809],[7.890573008220228,45.71707717364826,2808],[7.89070300869228,45.717087173826734,2808],[7.890813008689463,45.717237173920985,2807],[7.890783007809256,45.717327174266686,2807],[7.890895975543388,45.71741683375145,2806],[7.890963008207791,45.71753717375786,2806],[7.8909030075684665,45.71752717397166,2805],[7.890963008419499,45.7176371742862,2804],[7.890823007550575,45.71769717443017,2804],[7.890793007729594,45.71777717427955,2803],[7.890723007878517,45.717727174305196,2803],[7.890603007858901,45.717947173915995,2802],[7.890643008728232,45.718137174086806,2801],[7.890873008167394,45.71800717413872,2801],[7.890943008384456,45.71799717461086,2800],[7.890853008659426,45.71816717430084,2800],[7.890913007463947,45.71823717440362,2799],[7.891033008688256,45.71816717481636,2799],[7.89120300848407,45.7181971748953,2798],[7.891243007945182,45.718237174512616,2797],[7.891163007529429,45.718337174376025,2797],[7.89124300871038,45.71834717463557,2796],[7.891433007671293,45.718267174851,2796],[7.89146300805624,45.718297174962174,2795],[7.89134300853632,45.71838717511865,2795],[7.89139300818598,45.71850717493587,2794],[7.891280870521996,45.718670578724975,2793],[7.891450683379113,45.71859122004751,2793],[7.891667200165706,45.71852581596399,2792],[7.891951516117149,45.7184025664986,2792],[7.892065973599837,45.71838117618193,2791],[7.892138281116912,45.7183998794238,2791],[7.892189446112218,45.71843187660296,2790],[7.8922798266342475,45.7185317580853,2789],[7.89234099043107,45.71862685773652,2789],[7.892449889833087,45.71890693035037,2788],[7.892503514807979,45.71899745564712,2788],[7.892575248813759,45.71906565512021,2787],[7.8927583672142525,45.71916643518917,2787],[7.892960754685065,45.719226901067564,2786],[7.893070087170518,45.71924146224071,2785],[7.893186600697384,45.71923808910542,2785],[7.893313193508451,45.71921231394739,2784],[7.89354116890742,45.719075014805775,2784],[7.893770670172954,45.71906373484287,2783],[7.893829642714947,45.71908680814866,2783],[7.893902574563169,45.71907401442649,2782],[7.894160613990078,45.71895950558801,2781],[7.894261379129008,45.718960480976854,2781],[7.894837151822477,45.71922706740471,2780],[7.895847471781185,45.71932684430857,2780],[7.895966261932403,45.7193504928604,2779],[7.89601399467942,45.7193734555096,2779],[7.896252994504861,45.719654783473416,2778],[7.8963547071067435,45.71970976850183,2777],[7.896409621587576,45.719714798389354,2777],[7.896517079984466,45.71970233473953,2776],[7.896586663948352,45.71967600525699,2776],[7.897379553574719,45.71907162437212,2775],[7.897985500200658,45.71908904970382,2775],[7.898175189129989,45.7189658925381,2774],[7.8983592529319075,45.71887262200546,2773],[7.8985237233110075,45.71882912785339,2773],[7.898933007533833,45.71887717520992,2772],[7.899603007554569,45.719017174733786,2772],[7.899703007746294,45.71895717549794,2771],[7.899813008261314,45.718937175478196,2771],[7.899923008415607,45.718947175047866,2770],[7.900073008529592,45.71892717473617,2769],[7.900204075962832,45.71865782641083,2769],[7.900254855850694,45.718693653195835,2768],[7.900322671884064,45.718692379018734,2768],[7.9007117979720975,45.718572418082175,2767],[7.900898888374499,45.71854750737939,2767],[7.901149487899201,45.718545416119824,2766],[7.901243007830285,45.71858717450894,2765],[7.901163008574099,45.718627174774134,2765],[7.901213007520169,45.71867717487205,2764],[7.901333008384968,45.71871717536993,2764],[7.901623008235913,45.71877717509726,2763],[7.902293007661093,45.71871717494275,2763],[7.902333007596697,45.71885717477018,2762],[7.902290813438971,45.71895079526779,2761],[7.9023137688934995,45.719000121889536,2761],[7.902326248965049,45.71906536251085,2760],[7.902328802131656,45.71911345622382,2760],[7.902678296556768,45.719072288223735,2759],[7.903266626627025,45.718969237607695,2758],[7.903338306037201,45.718950462079306,2758],[7.903409621656292,45.71890680012233,2757],[7.903648115489813,45.718837801369666,2757],[7.903873624014635,45.718771461389174,2756],[7.903979774433164,45.71875855334152,2756],[7.9040837462676095,45.718752970535725,2755],[7.904149461226747,45.718783319827374,2754],[7.904273009363564,45.71878717629396,2754],[7.904512067386842,45.71878659695009,2753],[7.9046426866508215,45.71874737673937,2753],[7.904851080051327,45.71872357377973,2752],[7.90497054896546,45.718727471390466,2752],[7.9051015845203025,45.71869112311714,2751],[7.905342776933033,45.71870531887641,2750],[7.905399340411286,45.71868215525248,2750],[7.905499555771239,45.718679157921045,2749],[7.905597561036989,45.71857547279166,2749],[7.9057271039803085,45.718498978793285,2748],[7.905959694727815,45.71849446693765,2748],[7.906039389955566,45.71847446770214,2747],[7.906216158867491,45.71848160657719,2746],[7.9063142936351465,45.71845476598066,2746],[7.906452855480428,45.71848502920336,2745],[7.90657357723557,45.718497532646175,2745],[7.906693274253943,45.71851362997022,2744],[7.907018769472947,45.71868532117815,2744],[7.907260764312621,45.71877161308525,2743],[7.907415762598241,45.71885910838026,2742],[7.907578959020787,45.718908505173665,2742],[7.907801256342725,45.71905619645516,2741],[7.907871258297288,45.71920409292444,2741],[7.908070660467487,45.71941798336186,2740],[7.908130260684348,45.71952538042201,2740],[7.908431158779125,45.71974236979167,2739],[7.908781251193178,45.71990805899417,2738],[7.908906750252816,45.719997255977546,2738],[7.908906395157134,45.72002592649809,2737],[7.909041436583932,45.720140084756075,2737],[7.909186580814955,45.72034839673221,2736],[7.909300901847845,45.72045399532357,2736],[7.909580873405599,45.720634331451734,2735],[7.909840190886825,45.7206937059934,2734],[7.9098774908483005,45.720752504221444,2734],[7.9099064939861075,45.72086210149599,2733],[7.9099869947329475,45.720988297505016,2733],[7.910168671567804,45.72117029719056,2732],[7.910298692662362,45.721246985417,2732],[7.910197698531491,45.721277387061214,2731],[7.910175399218799,45.72132548560116,2730],[7.91013060359545,45.72135898665916,2730],[7.910034205462102,45.72139368745906,2729],[7.910037007012238,45.72143318513642,2729],[7.910082608702181,45.72148418342983,2728],[7.9103375011339025,45.72154997699718,2728],[7.91045890548328,45.7218211690038,2727],[7.9107170114344365,45.72221335533849,2726],[7.910807709827005,45.722270851495196,2726],[7.910938005955342,45.72231464824971,2725],[7.910967007176328,45.72235584655096,2725],[7.911190803646782,45.722480441060995,2724],[7.911216005610745,45.72254973875398,2724],[7.911250006104045,45.72258073662182,2723],[7.911299505014383,45.72259103514759,2722],[7.911406403022092,45.722677132293754,2722],[7.911481606392325,45.72284732713624,2721],[7.911595704484566,45.72292902304282,2721],[7.911666307568258,45.72305121908894,2720],[7.911796907429488,45.723204712639436,2719],[7.911959705815517,45.72326870720178,2719],[7.911992405482453,45.72332690646393,2718],[7.9120560048065505,45.723353604714596,2718],[7.912141302870603,45.723363502158804,2717],[7.912293200329504,45.72345819765664,2717],[7.912461994660369,45.72344279549439,2716],[7.912555290546032,45.72341059407535,2715],[7.912555990830726,45.72343119305857,2715],[7.9125209924563995,45.72344619320447,2714],[7.912519394298497,45.723517891528715,2714],[7.912606992680401,45.72356978900269,2713],[7.912685493668691,45.72367928512728,2713],[7.912764093070854,45.72372318265899,2712],[7.912754294112908,45.72374328209103,2711],[7.9127313948977855,45.72373718320014,2711],[7.912757396262535,45.72380978053996,2710],[7.912858993922321,45.72385607771504,2710],[7.912958794000056,45.72394477359742,2709],[7.913049897039086,45.724147967899476,2709],[7.913037699596141,45.72422156618932,2708],[7.912984501519049,45.72424076666297,2707],[7.912976403720847,45.724289365378745,2707],[7.912998303639842,45.724320164767946,2706],[7.912999405890967,45.72438696279285,2706],[7.912935508604522,45.72440376360145,2705],[7.912926409399686,45.72444416230055,2705],[7.912873413832777,45.724512662353554,2704],[7.912766719615345,45.724611961472064,2703],[7.912727821768214,45.72461616173222,2703],[7.912669224477098,45.724657361968774,2702],[7.9126243290919875,45.724753560728814,2702],[7.9126487328077,45.724912156436034,2701],[7.91263633329247,45.724937056284986,2701],[7.912569537483855,45.72497365656489,2700],[7.912591037773685,45.72503485421319,2699],[7.9126648385093645,45.7251049516683,2699],[7.912676838930235,45.72513175065939,2698],[7.912651039325901,45.725151650978596,2698],[7.912680739144221,45.72517214975561,2697],[7.912716440634979,45.7252406478662,2697],[7.912661043210898,45.725256047931346,2696],[7.9126487434769865,45.725283947706245,2695],[7.912694734573222,45.72537946794413,2695],[7.912795999906001,45.72545065476142,2694],[7.9131562911688915,45.725509147432426,2694],[7.913246088510705,45.725502645586054,2693],[7.913335385347532,45.72551804349485,2693],[7.913421685515239,45.72557804105216,2692],[7.913527682856212,45.72559823832945,2691],[7.913600980889674,45.72563523634789,2691],[7.9136433821906955,45.72571623390773,2690],[7.913676586103887,45.725875729402055,2690],[7.913734585625912,45.725913127285345,2689],[7.913816182479247,45.72590342563058,2689],[7.91376598664273,45.725961325777625,2688],[7.913797785743696,45.72599482388341,2687],[7.913996080531535,45.72602461978631,2687],[7.914067480166174,45.726066917867016,2686],[7.914058780791835,45.72608551756693,2686],[7.914015682124125,45.72609191766342,2685],[7.913994784987259,45.72615081737132,2685],[7.9141348825315765,45.72621251296589,2684],[7.914153483606298,45.72625711187705,2683],[7.914080686503994,45.7262680125866,2683],[7.914093787036209,45.72629671199133,2682],[7.914023688865703,45.726304613242334,2682],[7.913981991660697,45.72634591269297,2681],[7.913969094403098,45.726445510525245,2680],[7.913989794636053,45.726471509126824,2680],[7.9140735934731685,45.72651360735488,2679],[7.91409959305336,45.726493606913806,2679],[7.914082196272627,45.726579705297496,2678],[7.9140001980246835,45.7265909064138,2678],[7.913968901885602,45.726684604996734,2677],[7.914034402805582,45.72676090140848,2676],[7.914101301191719,45.726795200206965,2676],[7.914084603141299,45.726801999788094,2675],[7.914125203885939,45.72686769804262,2675],[7.914070806189757,45.72691599711476,2674],[7.914135007001048,45.72697909533574,2674],[7.914119507906756,45.726992194986025,2673],[7.914137307469693,45.72702889371355,2672],[7.9140815107612426,45.727070993429805,2672],[7.914074415027304,45.72719669123194,2671],[7.914187913955269,45.72726518761669,2671],[7.914120016577117,45.727280087952,2670],[7.914130216607779,45.72731118721881,2670],[7.91421861555075,45.72736678394542,2669],[7.914178318046132,45.72739298398131,2668],[7.914140619042482,45.727380585645975,2668],[7.914102021182633,45.7274245850492,2667],[7.914136622537296,45.727480183478185,2667],[7.914166620752699,45.72749028188872,2666],[7.914130622940549,45.72751848219024,2666],[7.914099325118049,45.72752458226345,2665],[7.914064824714268,45.72751218370621,2664],[7.914042925989009,45.72752718372502,2664],[7.914068127624408,45.72758618142246,2663],[7.914063929954452,45.72765337994536,2663],[7.913975434615362,45.72773098006086,2662],[7.91392773779602,45.72779837887199,2662],[7.913963639917777,45.727876977057434,2661],[7.914000638918293,45.72790687571672,2660],[7.914084437619085,45.72792117310278,2660],[7.914115337495664,45.72794457207215,2659],[7.914124338650522,45.72801327043344,2659],[7.914095740887633,45.72804177057504,2658],[7.914181039450735,45.72810826718942,2658],[7.914224539393167,45.728120566735875,2657],[7.914239441373609,45.72821556399969,2656],[7.914199245030158,45.728284262777336,2656],[7.914188651301004,45.72849225780811,2655],[7.914156954011998,45.72852895768157,2655],[7.914158554785654,45.72855955667778,2654],[7.914194554617378,45.72858805609247,2654],[7.91431785179721,45.728618152919694,2653],[7.9143681519269045,45.7286828505828,2652],[7.914384553823207,45.728753648863645,2652],[7.914411853577999,45.72877404786434,2651],[7.914398755192124,45.72882194658551,2651],[7.91441165631704,45.72884724544836,2650],[7.914512954120331,45.72889264270643,2650],[7.914508855552621,45.72894904154419,2649],[7.91453575523564,45.728961440648085,2648],[7.914573353713131,45.72895454077189,2648],[7.914561555382789,45.72898163995248,2647],[7.914577556212196,45.72900893936239,2647],[7.914699951510787,45.729006036687295,2646],[7.914764949149322,45.72898893663765,2646],[7.91477644992362,45.72901123578184,2645],[7.91473105394652,45.729114833473915,2644],[7.914761753742287,45.7291296330628,2644],[7.914903948690123,45.72909453167737,2643],[7.915011345967189,45.72911122885569,2643],[7.915212539174755,45.72909832557053,2642],[7.915261237320912,45.72911812471385,2641],[7.915487728569049,45.72904222258082,2641],[7.915492828213514,45.729057021951306,2640],[7.915469930043172,45.72906382227572,2640],[7.915506628551664,45.72907792076956,2639],[7.915649924229316,45.72907801825025,2639],[7.915772519290898,45.72904181708635,2638],[7.915821716191861,45.72899931730282,2637],[7.915844816704641,45.72902861632654,2637],[7.915878916415607,45.72902851511341,2636],[7.915974711431589,45.72898921523119,2636],[7.916072906934879,45.728922214633094,2635],[7.9161014048260725,45.72887971543935,2635],[7.916135103531858,45.728878614887144,2634],[7.916136705425698,45.728938112744274,2633],[7.916205101391507,45.72888741276192,2633],[7.916305397506295,45.72887391120192,2632],[7.9163809959173275,45.7288956094442,2632],[7.916417893940169,45.72888510930763,2631],[7.916446094679913,45.72891730795299,2631],[7.916484094040182,45.728918307409344,2630],[7.916574289853978,45.72887610705129,2629],[7.9166129866309864,45.72882820693498,2629],[7.916647587035088,45.72885730613864,2628],[7.916696584572551,45.728860505144404,2628],[7.916705587402801,45.72894670302341,2627],[7.916735387023983,45.72896820163585,2627],[7.916821184726179,45.72896590009995,2626],[7.91696697896275,45.72893079877151,2625],[7.917039077045068,45.72895069659027,2625],[7.917074477854568,45.72899079559051,2624],[7.917186774668588,45.72901939265761,2624],[7.917196976690821,45.729078290674856,2623],[7.917276975342945,45.72913048870022,2623],[7.917314776966205,45.72921728529031,2622],[7.917258882724981,45.72932988401279,2621],[7.91727648217797,45.72936258320664,2621],[7.917260183663254,45.729391982847815,2620],[7.917225686024258,45.72940528266823,2620],[7.917262385768009,45.72943458159092,2619],[7.9173588815697755,45.72941028026294,2619],[7.917433681535246,45.72948147761262,2618],[7.917669675827952,45.72955317167337,2617],[7.917756972659145,45.72952267060044,2617],[7.917879168635801,45.72951356847041,2616],[7.917894668812728,45.729557167115985,2616],[7.917949768168284,45.729585165817426,2615],[7.917967269589157,45.72962396452855,2615],[7.918058468228432,45.729671461804806,2614],[7.918069868282284,45.72971396043181,2613],[7.918123368847149,45.72975115864113,2613],[7.918069971206716,45.729812058094915,2612],[7.918075572939508,45.72984295773614,2612],[7.918217268497185,45.72984715457918,2611],[7.9182474683459905,45.72986355418752,2611],[7.918253769050003,45.72990425300602,2610],[7.9181887731513445,45.72999255188105,2609],[7.918187874542013,45.730023251350794,2609],[7.9182478726672425,45.73003905018658,2608],[7.918282274245985,45.73008884820487,2608],[7.918280675185372,45.73012254721642,2607],[7.918318674125523,45.730123146434664,2607],[7.9183199758693865,45.73019864523241,2606],[7.918579165988241,45.730133741910706,2605],[7.918612265004055,45.73014284064173,2605],[7.918620965839506,45.73016513989079,2604],[7.918596967639691,45.73019284043898,2604],[7.918689364023639,45.730189138278945,2603],[7.918720463913358,45.73020093801351,2602],[7.918646866882674,45.73024853818197,2602],[7.918654067371935,45.73026773694747,2601],[7.91871056651175,45.730274935723045,2601],[7.9186681688631975,45.73030733591185,2600],[7.918575871633974,45.730322736970564,2600],[7.918551173197502,45.730338437685496,2599],[7.918547973656458,45.73036883725806,2598],[7.918566574335013,45.73038973614162,2598],[7.918634972634985,45.73039063472555,2597],[7.918624374025645,45.73043423372908,2597],[7.918662173195422,45.73044073348348,2596],[7.918683374771478,45.730511330840905,2596],[7.918656976026354,45.73055473078741,2595],[7.918674478022643,45.73063402813126,2594],[7.918581084648383,45.73073262772964,2594],[7.918596885026903,45.7307531265767,2593],[7.918581786404251,45.73081552556479,2593],[7.9186369864885116,45.730863823754795,2592],[7.918605894467041,45.731086319310734,2592],[7.918633894116738,45.7311064179006,2591],[7.918659498538297,45.73128771291965,2590],[7.918569304314216,45.73135401291413,2590],[7.918494109324997,45.73145641191151,2589],[7.918487412937286,45.73155170991737,2589],[7.918319020571676,45.731658810367335,2588],[7.9182678228958405,45.73167391088339,2588],[7.918350123705957,45.73176740721091,2587],[7.918349823613862,45.73179060680701,2586],[7.9182990265611,45.731814507337,2586],[7.918272428735725,45.73186610657304,2585],[7.91809873850702,45.73201660563052,2585],[7.918133841889365,45.732158702537824,2584],[7.918253342351963,45.732270197626256,2584],[7.918221744847829,45.73233869657897,2583],[7.918263343960614,45.73236059543017,2582],[7.918184550293008,45.73246349386154,2582],[7.918232551266101,45.73252779178291,2581],[7.918212353149816,45.73257009106159,2581],[7.918134256969653,45.73265249018067,2580],[7.918012862438677,45.73270439133275,2580],[7.917991465231812,45.732757390729994,2579],[7.917846773401072,45.73286149095514,2578],[7.917752777456906,45.73290199119568,2578],[7.917719878374003,45.732885792706576,2577],[7.917655579540589,45.73288529333721,2577],[7.917556685924988,45.732972993428014,2576],[7.917514088656014,45.73304119263978,2576],[7.917505790781563,45.733093491619876,2575],[7.917592788443005,45.7330991897324,2574],[7.917511795447172,45.733229587729134,2574],[7.917305203292053,45.73328528995307,2573],[7.917167008684731,45.73334309102569,2573],[7.917122809983641,45.733344092352986,2572],[7.91710031110706,45.73335389215686,2572],[7.917113711480822,45.73337349179929,2571],[7.917059413456803,45.733370092421545,2570],[7.916928819713875,45.73344589338706,2570],[7.916922722189394,45.733499291444346,2569],[7.917064016875602,45.73349118940549,2569],[7.917243113378144,45.73355378541904,2568],[7.917367010295088,45.733572982282745,2568],[7.917403508136146,45.73356638156617,2567],[7.917424409562673,45.733612180754,2566],[7.917494507432596,45.7336189788618,2566],[7.917490908885212,45.733644378420856,2565],[7.917510408216705,45.733659977475654,2565],[7.917559306872248,45.733670376482706,2564],[7.917529609446087,45.733719075896204,2563],[7.917559108997331,45.73374527510134,2563],[7.917467113373008,45.73379537510409,2562],[7.917438515246133,45.733831674998825,2562],[7.917361817377164,45.73382287649811,2561],[7.917316020504325,45.73384257662678,2561],[7.9173005221140755,45.73389747599566,2560],[7.917317324551333,45.733991373809594,2559],[7.917265927776448,45.734034473488414,2559],[7.917237031437514,45.734146770856576,2558],[7.917170236884196,45.73425476947225,2558],[7.91714174114709,45.73434266841318,2557],[7.91708174394641,45.734388968071634,2557],[7.917059846496457,45.734454666764606,2556],[7.917080547642915,45.73448436578913,2555],[7.917174244728856,45.73448276440359,2555],[7.917321738595089,45.73445256243822,2554],[7.917548331394872,45.73445825860936,2554],[7.917574529417616,45.73440915881872,2553],[7.917667626038911,45.73437795854611,2553],[7.917893918333199,45.73438755380796,2552],[7.91803843084047,45.73434598022755,2551],[7.918322305258565,45.73438104691519,2551],[7.918434405253677,45.73448194199579,2550],[7.918695395186197,45.734448938911925,2550],[7.918825692245988,45.73449133509155,2549],[7.918960788673359,45.73449963308631,2549],[7.919048886547095,45.734530630144484,2548],[7.91907798857809,45.734612928098805,2547],[7.919082389583356,45.73464262733588,2547],[7.919011995089244,45.73476442584623,2546],[7.919058395464965,45.734833823240635,2546],[7.919110794713881,45.734838522276306,2545],[7.919175591598696,45.7348167213633,2545],[7.919217792306001,45.734853119976314,2544],[7.919251590918325,45.73485401936351,2543],[7.919311793059451,45.73498591538454,2543],[7.919363192118315,45.7350292134466,2542],[7.9194664897613665,45.735045411306814,2542],[7.91957908605614,45.73504190938693,2541],[7.9196101855432675,45.735065008109345,2541],[7.919584386953455,45.7350886082829,2540],[7.919598887525913,45.73511140691454,2539],[7.919525890871384,45.73513890794308,2539],[7.919516893398356,45.73519250640774,2538],[7.919445798158978,45.73529620571431,2538],[7.919426000723633,45.7353615043892,2537],[7.9191666145090585,45.73555800423244,2537],[7.919037921123104,45.73560900574762,2536],[7.9190429222355805,45.735650304220215,2535],[7.918971624395709,45.73567970477436,2535],[7.91893192733431,45.73573180390928,2534],[7.918825733678881,45.735798204666686,2534],[7.918818934222366,45.73583790368021,2533],[7.91878703523752,45.73584290397939,2533],[7.918741239518652,45.73593300309294,2532],[7.9187360402327895,45.73601704926978,2531],[7.918719045181149,45.73608599974528,2531],[7.91863405018363,45.73617299882635,2530],[7.918626752559312,45.73620879858889,2530],[7.918472060346873,45.73630499874203,2529],[7.918409764888916,45.73640969784702,2529],[7.918358367436146,45.73644989712911,2528],[7.918351368961344,45.736489696832095,2527],[7.918264672542811,45.73648329831553,2527],[7.918251274402421,45.73654239751374,2526],[7.918192378099298,45.736602696758546,2526],[7.918164282995373,45.736733294538816,2525],[7.918232684175592,45.736849589840574,2524],[7.918356382385384,45.73691308695073,2524],[7.918354385519876,45.73700538448439,2523],[7.91830638949491,45.73709718347117,2523],[7.918302191856215,45.73715248156483,2522],[7.9183631959903735,45.73737997554853,2522],[7.918467497200619,45.73750857047626,2521],[7.918463000754114,45.73763726760174,2520],[7.918501802814642,45.73771716525078,2520],[7.918853603539586,45.73808615078885,2519],[7.918986806138085,45.73831724292104,2519],[7.919007807194392,45.73838694087442,2518],[7.91899350852762,45.73839834062402,2518],[7.919015297909745,45.73843351918361,2517],[7.919243210197239,45.73870542890352,2516],[7.918906923610392,45.7388106329028,2516],[7.918838725505323,45.73879463442975,2515],[7.9187506283796285,45.73881193486846,2515],[7.91843314374163,45.73899803648098,2514],[7.918325148904193,45.73904093736179,2514],[7.9182211542101495,45.73911823725741,2513],[7.918181857858382,45.739181036100376,2512],[7.918160262475117,45.739303134091145,2512],[7.91809366849758,45.7394456312979,2511],[7.918058673689795,45.73957152928507,2511],[7.918056676772651,45.73968242721919,2510],[7.917974482966333,45.73979182574837,2510],[7.917906191151913,45.739985422429186,2509],[7.917868193995339,45.74004852147778,2508],[7.9176149090422285,45.740247620790264,2508],[7.917236822575072,45.74029962683382,2507],[7.916875138770079,45.74045132913716,2507],[7.916767542640024,45.740465630509675,2506],[7.916674045894456,45.74049583167101,2506],[7.916491554308355,45.740596731934666,2505],[7.916364560250049,45.74062873384994,2504],[7.915968673527682,45.74066093944332,2504],[7.915660685712247,45.74074024331555,2503],[7.915410393727589,45.74076144684257,2503],[7.915044508298239,45.740833351773695,2502],[7.914662920116833,45.74082825823487,2502],[7.914343631111833,45.74088366285126,2501],[7.914114440500546,45.74095686467722,2500],[7.9140446449948145,45.74099766475278,2500],[7.913486367325449,45.741158671359436,2499],[7.913202476720035,45.741193974700735,2499],[7.913004585630982,45.741246877100124,2498],[7.912896488454209,45.741254279271146,2498],[7.912042122804726,45.741474988261864,2497],[7.911954524815006,45.741481289590496,2496],[7.911917627186733,45.74150108939189,2496],[7.9116960349931205,45.741513392914385,2495],[7.911671935315944,45.7415317934702,2495],[7.911532140877115,45.7415481952959,2494],[7.911265852585912,45.74164419802736,2494],[7.911039960052608,45.74167930077327,2493],[7.910972061898261,45.74166480265467,2492],[7.910942364420489,45.74169130234982,2492],[7.910684174944911,45.74180120390434,2491],[7.910639777804849,45.741837303698205,2491],[7.910506182877872,45.741875005474185,2490],[7.910386287723934,45.741889007128286,2490],[7.910170194395986,45.74187421101804,2489],[7.909916904863583,45.7419509133192,2488],[7.909326123220591,45.741969623566746,2488],[7.908992033030133,45.74192863041659,2487],[7.908749840038522,45.74193323406005,2487],[7.908561244993537,45.7418764384073,2486],[7.908153255329147,45.741790348059325,2486],[7.907872462251979,45.74175295358162,2485],[7.907187985134727,45.74177116472633,2484],[7.90695269143371,45.74174106970878,2484],[7.906786197851123,45.74176457177684,2483],[7.906585503367543,45.74176707570326,2483],[7.906494406792909,45.74178587616105,2482],[7.906389609351604,45.741756579000615,2481],[7.906298213776554,45.741807078916445,2481],[7.906237815116521,45.74178578059639,2480],[7.906113019535701,45.741789682683766,2480],[7.9060284230863,45.74181948332399,2479],[7.9059538249236825,45.74181808489952,2479],[7.905838429910715,45.74184158620708,2478],[7.905755134944081,45.7419183862429,2477],[7.905557242939439,45.74196748831555,2477],[7.905422147333051,45.74198319053747,2476],[7.905277955803809,45.74210588983427,2476],[7.905206361468411,45.742205888782564,2475],[7.904926873854011,45.74235548954376,2475],[7.904821578522644,45.742395290242015,2474],[7.90474298360712,45.74246019002309,2473],[7.9036653327384805,45.74293469760101,2473],[7.903465742808974,45.74307739757866,2472],[7.903420845059732,45.74308329846987,2472],[7.903309350574441,45.743168298192074,2471],[7.903178057895126,45.7432366989061,2471],[7.903094862653952,45.74333869755022,2470],[7.902934672545558,45.74345639707797,2469],[7.902831678673674,45.74356259673989,2469],[7.902761485233539,45.74371799397619,2468],[7.902787688034849,45.74380549110691,2468],[7.902596895834872,45.743859693809355,2467],[7.902588695860782,45.743883693180585,2467],[7.902636696241163,45.7439189916142,2466],[7.902658898184394,45.74401148882062,2465],[7.902618600843219,45.74406538825646,2465],[7.902547604481749,45.74410858818961,2464],[7.90253741033091,45.74426458504828,2464],[7.902456914583476,45.74432348504465,2463],[7.902334323253708,45.74448608300965,2463],[7.902257027325872,45.74453268292266,2462],[7.902202531349495,45.74460668249519,2461],[7.90216493235501,45.74460958295901,2461],[7.901983042087532,45.74473168264648,2460],[7.901852647666821,45.744772884642884,2460],[7.901794051297289,45.74482958344292,2459],[7.901713554375637,45.74484998506013,2459],[7.901660054128221,45.74479778713045,2458],[7.901599656255772,45.7447833879602,2457],[7.901548157941687,45.744796389048624,2457],[7.901480161129093,45.74484648903718,2456],[7.901393964789498,45.7448532898711,2456],[7.901304269541547,45.74490699009724,2455],[7.901233170551404,45.74490139201008,2455],[7.901170174834709,45.74493389173379,2454],[7.901134174421657,45.74492449275023,2453],[7.901074577761177,45.74494309324243,2453],[7.900679689174392,45.744915700928054,2452],[7.900505692619956,45.74486070477529,2452],[7.9003818972794555,45.74487830718978,2451],[7.900316999598235,45.74487140824742,2451],[7.900115808386087,45.74495490952946,2450],[7.899954813368817,45.74496591237447,2449],[7.899836919112841,45.74501291265128,2449],[7.899738422528072,45.74502821445886,2448],[7.899714724667471,45.745056113680704,2448],[7.899612826513175,45.74501691699244,2447],[7.899419931525441,45.744977721137914,2447],[7.899330732696179,45.74493522365119,2446],[7.899073140395601,45.744947627452206,2445],[7.899005541813459,45.74491542923153,2445],[7.89890454671693,45.744946130397786,2444],[7.898813951024387,45.745003130373526,2444],[7.898713355192733,45.74502613169102,2443],[7.898606060585217,45.74510723136771,2442],[7.898294176599813,45.74529373226578,2442],[7.898195880863469,45.74533053327327,2441],[7.898062087986937,45.74541533348469,2441],[7.897959191589058,45.74542133520367,2440],[7.89783969414108,45.745407137055395,2440],[7.897518007350728,45.7454986408852,2439],[7.897193117594428,45.745503045657365,2438],[7.8969387254726255,45.74547265116082,2438],[7.896855526726183,45.74544395344162,2437],[7.896700931555154,45.745448956163095,2437],[7.896482337612853,45.745407760155494,2436],[7.896344541775364,45.745415962338136,2436],[7.896136947973864,45.745386467283424,2435],[7.895948352219592,45.74531627158626,2434],[7.895653061032939,45.74532747618648,2434],[7.895439469643943,45.74537377899762,2433],[7.895336372279431,45.745377380477635,2433],[7.895112578875977,45.745330685367406,2432],[7.895051280854056,45.74533798683502,2432],[7.894888490006911,45.74545968661735,2431],[7.8948263925477065,45.74547908680284,2430],[7.894618799184065,45.74548939010282,2430],[7.894576701491187,45.74551259016859,2429],[7.894465909555159,45.745655688953754,2429],[7.894440412070522,45.74572178758447,2428],[7.894465813545639,45.74579078551969,2428],[7.8943711180445035,45.74584658572645,2427],[7.8943374210226285,45.745905985108365,2426],[7.894393722529587,45.74601538114065,2426],[7.894269927613321,45.74603488323875,2425],[7.894243729209636,45.746052083427635,2425],[7.894240030498422,45.74608308224677,2424],[7.894285929848495,45.74612728063601,2424],[7.894398034613635,45.74637237274773,2423],[7.8943747352176175,45.74638357248831,2422],[7.894318535818729,45.74636287375384,2422],[7.894222339294223,45.74636657522074,2421],[7.894009447942385,45.74641407829402,2421],[7.893904651002689,45.74642038017829,2420],[7.893838554482187,45.74644158080613,2420],[7.893752360103309,45.74653517939665,2419],[7.8935702668804195,45.74657378137304,2418],[7.893477369441542,45.74657588327444,2418],[7.893350172627065,45.74654848582996,2417],[7.893164878592959,45.746536589460256,2417],[7.893093581857619,45.74655719024282,2416],[7.892777779144617,45.74675283298234,2416],[7.892516871258151,45.746950387704246,2415],[7.892413094262491,45.74699976188832,2414],[7.892380467238463,45.747090130967585,2414],[7.8922376677552295,45.74724132818571,2413],[7.892183908077259,45.7472566405495,2413],[7.892168280731999,45.74721719283465,2412],[7.891938490308939,45.74728069485732,2412],[7.891671204778577,45.74749589425005,2411],[7.891574709412152,45.747550694508824,2410],[7.891543612311152,45.74758499339068,2410],[7.891545612666724,45.747608892917754,2409],[7.891700110946276,45.747734987565956,2409],[7.891686512936125,45.74776728713258,2408],[7.891558318330428,45.7478309873438,2408],[7.89153492096168,45.74785798682354,2407],[7.891345828634669,45.74793208819638,2406],[7.8911116368963325,45.747952391157405,2406],[7.890818743150108,45.747842398648274,2405],[7.890652250623592,45.747894500573004,2405],[7.890522555825258,45.74791400161684,2404],[7.890366759956361,45.747902605001684,2403],[7.8901791686327964,45.747978205904715,2403],[7.8901055332522185,45.748044780034476,2402],[7.8900240689939345,45.74808227125074,2402],[7.889914871589953,45.748205175846365,2401],[7.889621896450547,45.748300506895006,2401],[7.889434202111361,45.74827501020073,2400],[7.889196206315789,45.74814971713317,2399],[7.88913330338241,45.74809366692687,2399],[7.889108353526462,45.74803873369683,2398],[7.888952474970048,45.74802081078897,2398],[7.888697700691692,45.74813135910782,2397],[7.888620325553409,45.74813992640456,2397],[7.888562526565534,45.74812042794933,2396],[7.888473929230383,45.74812712906883,2395],[7.88841133338461,45.74819662847265,2395],[7.888298938876639,45.74822362983133,2394],[7.888130442389602,45.74817823320525,2394],[7.888023147047666,45.74820533432438,2393],[7.8878648524889865,45.7481903367786,2393],[7.887770255135547,45.74821023847209,2392],[7.8876132606269875,45.74820474065769,2391],[7.8875964616592125,45.7482214404092,2391],[7.887542663518781,45.74822984143157,2390],[7.887388268341003,45.74821904392651,2390],[7.887336971222373,45.74823854432052,2389],[7.887278475795074,45.7483196432767,2389],[7.8872010774487915,45.748296945263135,2388],[7.88707428170807,45.74830514710639,2387],[7.886949686544027,45.74833664823204,2387],[7.886747894223752,45.74835835057222,2386],[7.886622199567788,45.748404851653035,2386],[7.886523202376546,45.7484146531785,2385],[7.886466106201912,45.74844995283175,2385],[7.8859834227796,45.74849655965525,2384],[7.885824928191393,45.74849806154157,2383],[7.885608938468998,45.74856986326873,2383],[7.885480642132005,45.74856886549892,2382],[7.885247251607933,45.74863456725195,2382],[7.885068158680805,45.748645169999676,2381],[7.884822270236684,45.748761271389895,2381],[7.8847801724432385,45.748805771106525,2380],[7.884370492019047,45.74899677215846,2379],[7.884074101967158,45.749007576973945,2379],[7.883965404647525,45.74898847904351,2378],[7.883884606163378,45.74895308097121,2378],[7.8837719108204265,45.7489664823862,2377],[7.8835142192956384,45.74895638669218,2377],[7.88347851830777,45.748891889444046,2376],[7.883393418643255,45.74881929224047,2375],[7.883337520256956,45.74882129300236,2375],[7.883296123402416,45.74884399352338,2374],[7.883114029380091,45.74884889625895,2374],[7.8827191432300685,45.74890890061089,2373],[7.882600749296067,45.748946101850194,2373],[7.8824880526283945,45.74893430419883,2372],[7.8822383608852835,45.74894840700857,2371],[7.882216562155869,45.748976607383604,2371],[7.882157665188938,45.74898950752971,2370],[7.882022469401695,45.74898181039924,2370],[7.881950972307432,45.74902071016762,2369],[7.881925072651368,45.74898071140079,2369],[7.881614183963408,45.74901071539693,2368],[7.881472487020528,45.748978618430804,2367],[7.881365790858117,45.748978320753,2367],[7.8811740979992795,45.74900972286739,2366],[7.880744811469908,45.74894929077186,2366],[7.8802466372271525,45.748943264891714,2365],[7.880096363379782,45.74900631099065,2364],[7.880039810173232,45.74914798600642,2364],[7.879796218075062,45.749166089092824,2363],[7.879609626706853,45.74922619078116,2363],[7.879517730423101,45.749227292093195,2362],[7.87941303256091,45.74919399477456,2362],[7.879293136484202,45.74918849750185,2361],[7.879214640454142,45.74921919764893,2360],[7.879125242783123,45.74921589941519,2360],[7.8790530462119825,45.74924389990688,2359],[7.8787469573920275,45.74927070391761,2359],[7.878595964317402,45.74932010523091,2358],[7.878528668025428,45.74939920430064,2358],[7.8783779759099,45.74949330473686,2357],[7.878224186843123,45.74965000270439,2356],[7.878100692946681,45.749736502508746,2356],[7.878018895487009,45.74971060490225,2355],[7.877968895206712,45.7496418072703,2355],[7.8779863939074515,45.749620507556564,2354],[7.878009592561672,45.74962290722104,2354],[7.878002092436914,45.74959190785953,2353],[7.87804418951067,45.74956570774303,2352],[7.878003089971076,45.749529809742775,2352],[7.877744200007067,45.749567112868384,2351],[7.877416815364659,45.749681615539814,2351],[7.877352117664226,45.749693716365016,2350],[7.8772522201019735,45.74968641806739,2350],[7.877178723888916,45.74970721860499,2349],[7.876935134783326,45.74982101967664,2348],[7.876753546051624,45.74996261944778,2348],[7.876634750254156,45.74996142163975,2347],[7.876607951254221,45.74998192135111,2347],[7.876620754451097,45.750032117001595,2346],[7.876468063897599,45.75017981660121,2346],[7.876412766987609,45.75021121730285,2345],[7.8762283749938256,45.750268418931505,2344],[7.876179577619773,45.75030041898477,2344],[7.876156879443118,45.75035691770309,2343],[7.875989087953053,45.750482018166494,2343],[7.875710400584023,45.75056582094929,2342],[7.875615604658805,45.75063162123369,2342],[7.875433913255431,45.75069962264721,2341],[7.875215219607243,45.75064452693352,2340],[7.875148421330841,45.75065122803245,2340],[7.875057725954631,45.75068342888544,2339],[7.874919432886867,45.75078402908748,2339],[7.87481633741899,45.750804630197386,2338],[7.874703943939551,45.75090512970785,2338],[7.8746469457135015,45.7509333302187,2337],[7.874448358475598,45.751128729406645,2336],[7.874347963202037,45.7511699300227,2336],[7.8739880755974525,45.75116733648281,2335],[7.873874077983174,45.75112733877208,2335],[7.8737902803154265,45.75112194044939,2334],[7.873632486713309,45.75116854189865,2334],[7.873615988078995,45.75119364180875,2333],[7.873574189366225,45.75120574215761,2332],[7.873458592728396,45.751174044720855,2332],[7.8732246001245985,45.751146848868395,2331],[7.873087905610992,45.751159950824146,2331],[7.872800417689915,45.75128335275955,2330],[7.872709121374187,45.75128385418157,2330],[7.872419729715443,45.75124335990416,2329],[7.87222223730312,45.75125746280144,2328],[7.8719225509727275,45.75141526439122,2328],[7.871808855969822,45.7514560650288,2327],[7.8717378597224315,45.751505965540275,2327],[7.871678364656977,45.7515710653276,2326],[7.871613067240642,45.751607265694524,2325],[7.871554572694768,45.75173606368017,2325],[7.871456078353193,45.75183396292605,2324],[7.8712302878039315,45.75189566537041,2324],[7.871197390792841,45.75195466436044,2323],[7.871210892171395,45.751999663417294,2323],[7.871164094014077,45.752039863421246,2322],[7.871081798338097,45.752088463802224,2321],[7.870874106836617,45.752125466135816,2321],[7.870695814785781,45.752204667708206,2320],[7.870686416576886,45.75223786672001,2320],[7.870519425838291,45.752365466468795,2319],[7.870392233831109,45.752509465982556,2319],[7.870285438623162,45.75253846707589,2318],[7.87015034497981,45.752617167021675,2317],[7.869908054189482,45.75265397030657,2317],[7.8698036570430085,45.75265217249097,2316],[7.8696139642274945,45.75267577515399,2316],[7.869520565650701,45.75262497743105,2315],[7.869355868766944,45.75249658281196,2315],[7.869219970783632,45.75244368652023,2314],[7.868850381116423,45.75232629470253,2313],[7.868646387027191,45.752335197659384,2313],[7.868595787540308,45.75225350041228,2312],[7.868483689512185,45.752227103282735,2312],[7.868430490541283,45.75219070488863,2311],[7.868373191959519,45.752174705976216,2311],[7.868231596028107,45.75215730850423,2310],[7.868151798841577,45.75213281063343,2309],[7.868021000405894,45.7520209148093,2309],[7.867789404288511,45.751908421309594,2308],[7.867571311902771,45.75191482449045,2308],[7.867396116557394,45.75187392834757,2307],[7.86728332070345,45.75187103060429,2307],[7.867154217966928,45.75162143766158,2306],[7.867073620987506,45.75163893910204,2305],[7.866808534630188,45.75179173940552,2305],[7.866590443268356,45.75182624296024,2304],[7.866426449511667,45.75188454378153,2304],[7.8663523522846805,45.751878744830485,2303],[7.866248254810409,45.7518371474615,2303],[7.86614855806304,45.75182445015367,2302],[7.8660184607946295,45.751767353084716,2301],[7.866025157391127,45.75165705551951,2301],[7.866006156566496,45.75163165653069,2300],[7.865899560219716,45.75161545862826,2300],[7.865733065448109,45.751612660785426,2299],[7.865545972428366,45.75163926347129,2299],[7.865190084472743,45.75164846897313,2298],[7.86489269484771,45.75164967446303,2297],[7.864772898803012,45.75163537666447,2297],[7.864203320395311,45.751719784026974,2296],[7.864089624285693,45.7517150857808,2296],[7.863917670621487,45.75166785858396,2295],[7.8638445712608185,45.75162286088285,2295],[7.863729073827003,45.75159936393458,2294],[7.863731574212764,45.751576064027375,2293],[7.863703073862307,45.75155076547901,2293],[7.863609776412684,45.751518967555825,2292],[7.863532975328117,45.75141187083177,2292],[7.8633552760517595,45.75124077754226,2291],[7.863372972908431,45.75117847849423,2291],[7.863328572506832,45.75110508142305,2290],[7.8632396726675955,45.75102308439492,2289],[7.863206671265324,45.750921887470184,2289],[7.863094371791651,45.75083659100629,2288],[7.862973673655367,45.75077059430283,2288],[7.862933676246995,45.75077499526429,2287],[7.862694080422424,45.75067840115492,2286],[7.8623943855431,45.75053280972606,2286],[7.862343687561649,45.7505219101885,2285],[7.862297088580332,45.750538010631324,2285],[7.862204291974986,45.75053021275966,2284],[7.862045894823569,45.75047321630745,2284],[7.862008796202189,45.75048921685618,2283],[7.861977396726207,45.75047011823465,2282],[7.861951896265938,45.750411719207214,2282],[7.8617733003101655,45.75034482402076,2281],[7.861610102714305,45.75025972909,2281],[7.861429807143335,45.75019553277704,2280],[7.861391009132366,45.75022783318622,2280],[7.861229712649599,45.750173837167736,2279],[7.861210812839436,45.75016003731853,2278],[7.861226007341602,45.75008604180397,2278],[7.861092411345869,45.75005804422973,2277],[7.8610193133556425,45.750069945851074,2277],[7.861006210452185,45.74998454811989,2276],[7.860951013589371,45.74998994890736,2276],[7.860936414808434,45.75002124837654,2275],[7.860878015103662,45.74999234960752,2274],[7.86083991476369,45.749929751963386,2274],[7.86082291248474,45.74985195404611,2273],[7.860772814061136,45.74984025604399,2273],[7.8607636139203185,45.74982345577692,2272],[7.860840707200356,45.74970685808974,2272],[7.860826906226991,45.749681758494454,2271],[7.860790207431654,45.749679759844554,2270],[7.860684913159471,45.74974185996493,2270],[7.860624914791506,45.74973266070748,2269],[7.860524413331529,45.74957446644074,2269],[7.860464914112484,45.749544668141944,2268],[7.860468612019606,45.74947377031807,2268],[7.860533707099366,45.749410471094755,2267],[7.860480304886553,45.74930497463838,2266],[7.860547101298365,45.74922477504292,2266],[7.86052710010137,45.74919537613247,2265],[7.86047110252856,45.74918557766348,2265],[7.860452801031789,45.749143478892364,2264],[7.860497899180678,45.74911037939077,2264],[7.860623093358805,45.74907527779184,2263],[7.860648192019428,45.749059377622025,2262],[7.860661689672601,45.749014078630516,2262],[7.860581193179779,45.749009480278524,2261],[7.8606384886493,45.748948980656266,2261],[7.860629888414299,45.74893278129185,2260],[7.860552589858952,45.7489047838203,2260],[7.860540789293982,45.74887818395543,2259],[7.860621686524666,45.748843683673115,2258],[7.860656483727896,45.74879998408914,2258],[7.8605813854101525,45.74879818562629,2257],[7.8606332812741115,45.74873268637561,2257],[7.860586782074932,45.748684988894716,2256],[7.860624879645096,45.74864948838819,2256],[7.860646772015819,45.748441194003725,2255],[7.860615971563337,45.74841219502691,2254],[7.860625869372811,45.74836329593384,2254],[7.860590670437779,45.74834019700985,2253],[7.860487373839304,45.74833469884504,2253],[7.860513569369402,45.74822540157526,2252],[7.860577165720645,45.74817610204114,2252],[7.860549665141601,45.74814750317838,2251],[7.8605618639089245,45.74810790385263,2250],[7.86047376447693,45.74804360668906,2250],[7.860512259936856,45.747962508259775,2249],[7.860507258991628,45.74792390924196,2249],[7.860584953939168,45.74784030992061,2248],[7.860575654064625,45.74782091109389,2248],[7.860488755634361,45.74780621236542,2247],[7.860494354480314,45.747769313964774,2246],[7.860447755946945,45.74774991479679,2246],[7.860382052010805,45.74759781967477,2245],[7.860382450117332,45.74753802162984,2245],[7.860345548483591,45.74743122529922,2244],[7.860275147928906,45.74735882767898,2243],[7.860248247372197,45.74730222967142,2243],[7.860217347671354,45.747270631146726,2242],[7.860121948578071,45.747232634135685,2242],[7.86009544846751,45.74718883519692,2241],[7.8600066499000265,45.74716503743529,2241],[7.859990849482451,45.74712863834881,2240],[7.859954050712068,45.74710643950916,2239],[7.859932849941999,45.74709964046833,2239],[7.859900351569079,45.74711614077466,2238],[7.859775354310214,45.747062343819195,2238],[7.85971985147189,45.74692324873141,2237],[7.859635452367301,45.74686645195682,2237],[7.859593551315203,45.74680045423546,2236],[7.859552152431252,45.74678725484634,2235],[7.859444952238458,45.74668725921394,2235],[7.859316353441567,45.74659986382702,2234],[7.859343349714849,45.74652396574643,2234],[7.859244652497852,45.74650956768063,2233],[7.859103955370199,45.74645817115074,2233],[7.85908275713677,45.746487670996665,2232],[7.85902116036929,45.7465046715853,2231],[7.859037559626255,45.74651877084993,2231],[7.85900596063987,45.746506971510804,2230],[7.858867460958546,45.74638667710094,2230],[7.858873260006701,45.74636737765001,2229],[7.8588517603755585,45.74634977842103,2229],[7.858810660722622,45.746325579538365,2228],[7.858792261871711,45.746339079203146,2227],[7.858717561681836,45.746258683012805,2227],[7.858638062883427,45.74623258475652,2226],[7.858600962945309,45.746201186655824,2226],[7.858592762030931,45.746146587780395,2225],[7.858523163536186,45.74612508951204,2225],[7.858549861010124,45.74607909009316,2224],[7.85849655985137,45.74600239346157,2223],[7.8583901631143664,45.745975395321615,2223],[7.85836565984027,45.745882298576454,2222],[7.858411758393232,45.74586399860313,2222],[7.858383557647242,45.745836999699456,2221],[7.858236961420581,45.745803302933616,2221],[7.858179363064115,45.745769304785625,2220],[7.8580591602756,45.74559441159883,2219],[7.858021461687136,45.74559751164768,2219],[7.857958667108855,45.745688910443704,2218],[7.8579089691283075,45.745718110759924,2218],[7.857864370148993,45.74571961168522,2217],[7.857823969931085,45.745644714208105,2217],[7.857782569879025,45.745630814823635,2216],[7.857700975680754,45.745699814968546,2215],[7.857647277865954,45.74572071541472,2215],[7.857569384459588,45.74586161247935,2214],[7.857574086062824,45.745888311783375,2214],[7.857530286663517,45.74588281278354,2213],[7.8575131881376095,45.74590421238731,2213],[7.857559990845959,45.74601700850836,2212],[7.857493196975702,45.74615780590256,2211],[7.857318258576465,45.74623634247333,2211],[7.857293383533608,45.74624552168114,2210],[7.857227007580738,45.74622260937694,2210],[7.8570734087659355,45.746105514426944,2209],[7.856912313829884,45.74610401780857,2209],[7.856742321217196,45.74616361912849,2208],[7.856654624024819,45.74616831996485,2207],[7.85642433279646,45.74621492271221,2207],[7.856328838061889,45.746275923482536,2206],[7.856192243016256,45.74631582411301,2206],[7.856182544679293,45.74634742407408,2205],[7.856125047145704,45.74636302406493,2204],[7.8561310475399875,45.74638432352977,2204],[7.856094349390224,45.74640122352779,2203],[7.856099649236544,45.74641232381179,2203],[7.8559535559987275,45.746470724083274,2202],[7.85591215957031,45.74654372299709,2202],[7.855852962224165,45.74657612326324,2201],[7.8557045695128584,45.74663692401963,2200],[7.855597773348638,45.746652625756965,2200],[7.855574773755005,45.74664002686458,2199],[7.855409581029305,45.74669232807256,2199],[7.855342684598537,45.74672142875471,2198],[7.855256788844781,45.74679812897267,2198],[7.855196092956893,45.74681632819182,2197],[7.8551977924520635,45.7468368285621,2196],[7.855167692998161,45.74685112753929,2196],[7.855165295426406,45.74689872696088,2195],[7.8551177981070675,45.7469010285145,2195],[7.8551119978164605,45.74694402697907,2194],[7.854969903580372,45.7469703279789,2194],[7.854946406968463,45.74699152805853,2193],[7.854851311016135,45.747101027179625,2192],[7.854823319541518,45.74724482479111,2192],[7.854754820500324,45.74726662495675,2191],[7.8546738228473725,45.74726442504796,2191],[7.854504930170327,45.74729252870644,2190],[7.854473931162449,45.74731382806924,2190],[7.854462932935652,45.74735172689547,2189],[7.854324442687197,45.74747262608145,2188],[7.8542237442406115,45.747501728225906,2188],[7.854150048089654,45.747497028834445,2187],[7.854047552048754,45.74754863024307,2187],[7.854029753389033,45.747577829330396,2186],[7.8539207594954465,45.74760142969165,2186],[7.8536925676002545,45.7476817323539,2185],[7.853590875046711,45.74774353177929,2184],[7.853581377831778,45.74787372770006,2184],[7.853539181586518,45.74793742739694,2183],[7.853408385901112,45.747946830695824,2183],[7.85324629354011,45.74803923010531,2182],[7.8531907972124895,45.748087430510346,2182],[7.853106701447372,45.74810023102314,2181],[7.853066904232033,45.748131630236905,2180],[7.853044803758834,45.74813683025118,2180],[7.853032103237875,45.748108531176044,2179],[7.852861209866373,45.74812983313852,2179],[7.852574224300022,45.74832053371329,2178],[7.852487727941996,45.74833853534774,2178],[7.852440032590945,45.7483982335779,2177],[7.85233323548725,45.74843183604205,2176],[7.85221734137676,45.74850143540519,2176],[7.852144547787128,45.74857293480739,2175],[7.85212344706997,45.7485756353496,2175],[7.8520772518308,45.748667734091704,2174],[7.851996057781172,45.74873283243607,2174],[7.851930859124021,45.74872093380364,2173],[7.8519010592141,45.748744233624485,2172],[7.851666767572655,45.748742337780754,2172],[7.851563974193837,45.748808838787646,2171],[7.851437578180631,45.74885533910864,2171],[7.851309784592811,45.748927339847775,2170],[7.851169691169514,45.748974341176385,2170],[7.851041197544264,45.74906564064131,2169],[7.850803906782427,45.74911434426345,2168],[7.850655314421067,45.7492059433334,2168],[7.850537119353053,45.749186045690315,2167],[7.850240632838414,45.749329647779355,2167],[7.849821051088844,45.74946674992491,2166],[7.8497156548337985,45.749482051629826,2165],[7.849579660858646,45.7495944520914,2165],[7.849472465634855,45.7496169520539,2164],[7.849379772147778,45.749713151838776,2164],[7.849240981590965,45.74980305128608,2163],[7.849199681652544,45.749819451780965,2163],[7.849108985159143,45.749810453855766,2162],[7.849035088528013,45.74988755286016,2161],[7.848931491245214,45.74986695458425,2161],[7.848784191429208,45.7497128614781,2160],[7.848652191976413,45.749636265452686,2160],[7.848612294735118,45.74963546732234,2159],[7.848570196206071,45.74966406601513,2159],[7.848453561917933,45.74968216224543,2158],[7.848026491216972,45.749803494437586,2157],[7.8475986867044885,45.74993015672327,2157],[7.847537706822588,45.74974494227643,2156],[7.847366506689607,45.74972628061458,2156],[7.847096641938003,45.74958269606728,2155],[7.846894260361808,45.74952697627815,2155],[7.846765009450924,45.749466199883656,2154],[7.846653224978248,45.749418858316176,2153],[7.846688648029955,45.7493324025414,2153],[7.846670854211865,45.74928575603161,2152],[7.8466489187939334,45.749249813399395,2152],[7.846581146997851,45.74923722149866,2151],[7.846502038384967,45.749224516887544,2151],[7.8464166930129835,45.74923953017914,2150],[7.8463987054412385,45.74928697557242,2149],[7.846429589863116,45.74949208926332,2149],[7.846397332741873,45.749595271047966,2148],[7.846154348586547,45.74984482920861,2148],[7.846056184194456,45.749929343295804,2147],[7.845875431136514,45.75000170753154,2147],[7.844810528007842,45.749662425992454,2146],[7.844332633578395,45.75031462875235,2145],[7.844107619241988,45.750568866367914,2145],[7.844011088009849,45.7506713944051,2144],[7.84317331911573,45.75141445705235,2144],[7.842976725759405,45.75161497632975,2143],[7.842998841062672,45.751750207727255,2143],[7.842884022220421,45.751818016481316,2142],[7.842815562681558,45.75191049615386,2141],[7.842789268130655,45.75201187417687,2141],[7.842493687832038,45.752262989678634,2140],[7.842283659212507,45.75247262051252,2140],[7.84214077717759,45.75265328480818,2139],[7.841543551999028,45.753155450134095,2139],[7.841052187725846,45.753635743147804,2138],[7.840775575548422,45.753831679149876,2137],[7.840124667542662,45.75415562433377,2137],[7.840032589627433,45.754402407226145,2136],[7.839844066439932,45.75458160069863,2136],[7.839453682725159,45.75489622313004,2135],[7.839404491313855,45.7551610290156,2135],[7.8394504579815285,45.75525984524276,2134],[7.839475198190129,45.755439100998984,2133],[7.839672852458881,45.75565426731511,2133],[7.839720047594479,45.7557931093735,2132],[7.839694722901923,45.75596953354083,2132],[7.83987111101994,45.756198074231826,2131],[7.8399402376500715,45.75653445208598,2131],[7.83983143203759,45.75676285867015,2130],[7.839965814644589,45.757127099540035,2129],[7.840005848921923,45.757341553816836,2129],[7.839787446079123,45.757685701623245,2128],[7.839708199873452,45.757806358323485,2128],[7.839651217303472,45.757891535279484,2127],[7.839430048273262,45.75807257629364,2126],[7.839333786997977,45.75813802910445,2126],[7.83918224926503,45.75819057780399,2125],[7.838999295402477,45.75825028013115,2125],[7.838655336137327,45.75827818759479,2124],[7.8382356892396405,45.75827392074811,2124],[7.837926629238487,45.75826232227534,2123],[7.837081002330519,45.758558694133825,2122],[7.836456486590913,45.75888448803886,2122],[7.836409436239085,45.75913493509996,2121],[7.836361900506615,45.75934642489638,2121],[7.836274824052066,45.759530033408865,2120],[7.835956552382344,45.75962915421872,2120],[7.835840075809966,45.759753581659346,2119],[7.835640549744028,45.75983969083929,2118],[7.835200824987305,45.7602644988063,2118],[7.835310435057675,45.7603625830389,2117],[7.83538019828308,45.76074729980212,2117],[7.835359728173192,45.76117331968572,2116],[7.835256527302076,45.761392058366816,2116],[7.8358667053764455,45.761483152392756,2115],[7.83623425231302,45.76156403130991,2114],[7.836250102122324,45.76174870170442,2114],[7.83633861162828,45.76192494074578,2113],[7.836691074322408,45.762495732500476,2113],[7.836801963416268,45.762825379083466,2112],[7.836793827453846,45.763216817916,2112],[7.836727195781143,45.76390917705395,2111],[7.836655501400708,45.764380971072285,2110],[7.836644738431919,45.76460784355646,2110],[7.836652457973698,45.7649524711471,2109],[7.836719941279836,45.76539868090982,2109],[7.836738646149958,45.765542878956644,2108],[7.836715140171734,45.76580365423557,2108],[7.836636622365433,45.765941768883344,2107],[7.836585413345055,45.766031845248605,2106],[7.8358945646183304,45.76703902133864,2106],[7.836938474559666,45.76734189115714,2105],[7.8362375324492755,45.767662603100476,2105],[7.835606410859196,45.768113040530764,2104],[7.8354278363242695,45.768338490239536,2104],[7.835433141262005,45.768588869873746,2103],[7.835326210647774,45.76883962820064,2102],[7.835132666563494,45.7690670534188,2102],[7.834646008006926,45.769396215405486,2101],[7.834286007498901,45.769666215251775,2101],[7.834096007495437,45.76990621520002,2100],[7.833536008316195,45.77036621612876,2100],[7.833016008424443,45.770656216159075,2099],[7.832812617451736,45.77080861241713,2098],[7.832700006954379,45.771081975141456,2098],[7.832447471246096,45.7715699180437,2097],[7.8325000901864845,45.77176396759489,2097],[7.83251167248614,45.771921594090415,2096],[7.832487787040721,45.77200685440158,2096],[7.832384005343065,45.772068796983746,2095],[7.832120100336895,45.7723481856455,2094],[7.832082918027643,45.77261727940721,2094],[7.832069465997387,45.772656898729544,2093],[7.831998382632674,45.772735688388124,2093],[7.831760343996669,45.772949715569695,2092],[7.8310750637087505,45.77341980230275,2092],[7.830933074033092,45.77356854727737,2091],[7.8306957637196355,45.77374723845399,2090],[7.830533824116699,45.773944371319764,2090],[7.830520370617504,45.77398399223661,2089],[7.830405657188604,45.77403582878336,2089],[7.83030960036975,45.774101107616076,2088],[7.83028352155216,45.77414059833554,2087],[7.829857788868031,45.774273184081146,2087],[7.829698710333524,45.77433340034014,2086],[7.829577310622669,45.774402839062304,2086],[7.829499455531741,45.77441090054983,2085],[7.829511655788424,45.77444252716438,2085],[7.82949639242719,45.774518875595426,2084],[7.829409304753508,45.7747429938857,2083],[7.829408015444899,45.77511199953955,2083],[7.829325129179784,45.77525065552825,2082],[7.82931889320148,45.77531809687264,2082],[7.829404055785203,45.77551247941568,2081],[7.829405454609787,45.77557999629283,2081],[7.829364048444936,45.77563807769405,2080],[7.829141856843284,45.7758068075922,2079],[7.828738927288662,45.77604568964835,2079],[7.828258956110801,45.77629728079511,2078],[7.827963425598828,45.77639775361135,2078],[7.8279724394447605,45.7765238542976,2077],[7.827649861328159,45.77653404423155,2077],[7.827675360689083,45.777254342486955,2076],[7.827653152541807,45.77783464492073,2075],[7.827597916755221,45.77807258925386,2075],[7.827408608396981,45.778493667719566,2074],[7.8273428527144375,45.7786775020984,2074],[7.827237028595002,45.778868499895765,2073],[7.827161479961077,45.77902665793763,2073],[7.827038866356199,45.77921890884586,2072],[7.826903491255683,45.779559536057015,2071],[7.826818180618636,45.77969816793456,2071],[7.826829789211933,45.78025631341252,2070],[7.827082258597506,45.78028185873921,2070],[7.82704412319942,45.78069566799434,2069],[7.827049253751749,45.78089265054847,2069],[7.827066650347554,45.781111990147025,2068],[7.827111368602404,45.78132891010604,2067],[7.827071117491712,45.78164729280545,2067],[7.826960489397976,45.782125700892706,2066],[7.826705873655265,45.78240975051978,2066],[7.8266035154021845,45.78257961775495,2065],[7.826432890374985,45.783596423316034,2065],[7.826085000562499,45.78461901245502,2064],[7.826045254057349,45.78488843738377,2063],[7.8260388154389116,45.7850970915437,2063],[7.826063548594414,45.78534674802587,2062],[7.826249073705852,45.78580551685011,2062],[7.826470336965231,45.78671314452076,2061],[7.826564985076203,45.78738851804987,2061],[7.8266923444675705,45.78833361415873,2060],[7.826663560863053,45.7886446437524,2059],[7.826531286747552,45.78897045111963,2059],[7.826298710138737,45.78933680990667,2058],[7.8261499817205955,45.78961276532978,2058],[7.825995284473348,45.789995224391475,2057],[7.825880336849475,45.79063514422476,2057],[7.825718912331798,45.79103751467798,2056],[7.825671662470733,45.79120443710517,2055],[7.825619312230544,45.791589657640515,2055],[7.825431227971361,45.79202327939143,2054],[7.825432439612801,45.79209023078033,2054],[7.825363727410345,45.79234195949068,2053],[7.825241347831314,45.79278524335757,2053],[7.825095424271978,45.79316647085969,2052],[7.825078283827251,45.79344801982508,2051],[7.824975536022838,45.79357018170201,2051],[7.8248649609467025,45.793678028788044,2050],[7.824805924709764,45.79371817636898,2050],[7.824956485231313,45.79392629756017,2049],[7.825225725103349,45.79403547859284,2048],[7.825355723929823,45.794145478414535,2048],[7.825367678332749,45.794260226320745,2047],[7.825284946614042,45.79447451836123,2047],[7.82534084451399,45.79465067442299,2046],[7.825555724653501,45.79504547879861,2046],[7.82572572433489,45.79518547920029,2045],[7.8258557242390685,45.7953354790498,2044],[7.825885724178901,45.79534547903386,2044],[7.825865724368879,45.79537547892992,2043],[7.826135723857841,45.79553547931639,2043],[7.8262657246093505,45.79567547922153,2042],[7.8263157240232815,45.7956754798773,2042],[7.826375725066312,45.795725479836044,2041],[7.826345724479648,45.79584547946838,2040],[7.8264257239644435,45.79605548025409,2040],[7.826595724265402,45.79665548040538,2039],[7.826605724603022,45.79686548028381,2039],[7.8268057246895335,45.79716548083207,2038],[7.826745724170078,45.797285481175756,2038],[7.826836294060325,45.79740221795392,2037],[7.826940445613202,45.797521782542546,2036],[7.827080767725142,45.79759627524399,2036],[7.827176007638885,45.79775523838736,2035],[7.827226007486745,45.79777523849412,2035],[7.827206007564305,45.797795239138615,2034],[7.827287919994312,45.79782087436922,2034],[7.827355554449534,45.79789357201944,2033],[7.827554964845895,45.79804862680038,2032],[7.827407485605675,45.79838912843131,2032],[7.8273197569325434,45.79854573538932,2031],[7.827110828651122,45.798710099367696,2031],[7.827037404775482,45.79881734972783,2030],[7.827012200106687,45.79890709608577,2030],[7.827035802646424,45.798970339587044,2029],[7.827002445429816,45.79927601240362,2028],[7.827069943685451,45.79939371092257,2028],[7.827160238638954,45.79942163920232,2027],[7.827086008504865,45.79945523984222,2027],[7.827176008442526,45.799565239938254,2026],[7.827196008530179,45.79974524040333,2026],[7.827186007493185,45.7999052408523,2025],[7.827006007712175,45.80003524094962,2024],[7.826996007584075,45.80007524055523,2024],[7.827056008374841,45.80015524122131,2023],[7.82725600822967,45.800285240838605,2023],[7.827206008228154,45.80046524092576,2022],[7.827326007877086,45.80076524172644,2022],[7.827366008536893,45.80092524147611,2021],[7.827376008533371,45.80131524143996,2020],[7.827496007540165,45.80147524227838,2020],[7.827386007802824,45.80162524203842,2019],[7.827376008662071,45.80170524224237,2019],[7.827376007782995,45.80184524196081,2018],[7.827416008276898,45.80195524253225,2018],[7.827376007647075,45.802065242810215,2017],[7.827426008155883,45.80220524270706,2016],[7.827456008026938,45.8027452427122,2016],[7.827416008581226,45.80278524315057,2015],[7.827456008726641,45.80285524312907,2015],[7.827416007797437,45.802915243380205,2014],[7.827406008311098,45.80301524339432,2014],[7.827556008648978,45.80361524402792,2013],[7.827636008083797,45.80370524382814,2012],[7.827626007710781,45.80373524399892,2012],[7.827706007522459,45.80373524408645,2011],[7.827586008389233,45.80394524435802,2011],[7.827607008432111,45.80412524407829,2010],[7.827697007814568,45.80416524473222,2009],[7.827897007587531,45.80479524500714,2009],[7.828007008421744,45.804955245237714,2008],[7.82804700850056,45.805085245345786,2008],[7.8282070078260295,45.80539524524044,2007],[7.828227007872753,45.805585245704954,2007],[7.828287007795619,45.805735245454095,2006],[7.828247007901132,45.80575524544067,2005],[7.828207008333447,45.805825245413516,2005],[7.828247007670431,45.80622524611484,2004],[7.828127008678702,45.806395246336564,2004],[7.828067008275629,45.80678524695852,2003],[7.828077007516443,45.80700524669259,2003],[7.82814700838552,45.8072052464484,2002],[7.828107008176395,45.807395247045136,2001],[7.828157008075293,45.807675246975826,2001],[7.827757008104388,45.8082452480442,2000],[7.827697007559597,45.80836524776891,2000],[7.827715429990089,45.808544215539044,1999],[7.827699556928163,45.8086114162263,1999],[7.8277026304292825,45.8086682709478,1998],[7.827644370680953,45.808792130773924,1997],[7.827573457793897,45.808889208707086,1997],[7.827432161521567,45.80884946454883,1996],[7.827369331356384,45.80885525316125,1996],[7.827207301188927,45.80894657227117,1995],[7.827156072155057,45.809055289726366,1995],[7.82700685254081,45.8090954476334,1994],[7.8266074747571075,45.809134940781206,1993],[7.826605348980072,45.80922893271468,1993],[7.826421219804091,45.809284841131785,1992],[7.826297738218843,45.80926064946907,1992],[7.825891125178753,45.80903032263484,1991],[7.825808949428491,45.809029086561274,1991],[7.825683436651238,45.80920065654698,1990],[7.825527468134464,45.809214105540555,1989],[7.825364242199432,45.80925130468428,1989],[7.825292861520864,45.8093200971036,1988],[7.825269740633856,45.809394037130616,1988],[7.82541237512638,45.809792721387396,1987],[7.8252869281180955,45.80999358701917,1987],[7.82515476251299,45.81007048201096,1986],[7.825234281672961,45.81027997595817,1985],[7.825240316034952,45.81087998440442,1985],[7.82530187782395,45.81150012612812,1984],[7.825617914655535,45.81243589904168,1984],[7.825790008472931,45.81244825151246,1983],[7.826650008312011,45.81312825183781,1983],[7.827170008066485,45.81386825265626,1982],[7.827350008713464,45.81455825301422,1981],[7.8273600078037004,45.8152882538641,1981],[7.827867152438923,45.815651595713604,1980],[7.827816938053068,45.81571367829011,1980],[7.8277306495182986,45.81598591001197,1979],[7.82767856822077,45.816357722057575,1979],[7.827537966456416,45.81699755749966,1978],[7.827533023380904,45.81718399498521,1977],[7.827564519144851,45.81742507880556,1977],[7.827466795387414,45.81766546650497,1976],[7.82731825036273,45.817849530018385,1976],[7.827156260276821,45.8179934035506,1975],[7.826645782143938,45.8182740144387,1975],[7.826496580106131,45.818384986915746,1974],[7.8262918482778625,45.818608613687516,1973],[7.826199411035855,45.81877471131539,1973],[7.826155271456426,45.818933384769245,1972],[7.826083747563388,45.81945179255468,1972],[7.826096719373841,45.81958180151226,1971],[7.826177037593116,45.81972906315484,1971],[7.8262034786280354,45.81981843870456,1970],[7.8261926362691066,45.82002980862442,1969],[7.826144805229562,45.82036847985003,1969],[7.826057872262373,45.82048823865321,1968],[7.825969455984743,45.8204485951143,1968],[7.825851085553662,45.82041206381171,1967],[7.825689265487513,45.82037717117888,1966],[7.825647371249639,45.820357540016936,1966],[7.825588637610477,45.820309971330225,1965],[7.825547393016668,45.82020833433899,1965],[7.825528072202231,45.819764357880516,1964],[7.8254779474446705,45.81956765562008,1964],[7.825400674827206,45.81937391166167,1963],[7.825321838058597,45.81944277223713,1962],[7.825304679104867,45.819499146178,1962],[7.825315134536923,45.81973329269562,1961],[7.825285669591633,45.81979510594288,1961],[7.82499753952501,45.81987335439535,1960],[7.824760511781898,45.819981301685274,1960],[7.8247257095159295,45.81998357538909,1959],[7.824577548974446,45.819557346015046,1958],[7.824458876397899,45.81961505596882,1958],[7.824362877159779,45.81955405802505,1957],[7.824320879174245,45.819558058537616,1957],[7.8242528820736785,45.81962605697877,1956],[7.8240408880387475,45.81971805699946,1956],[7.824023889310068,45.8197560562935,1955],[7.823935891223229,45.819783056186495,1954],[7.823922891156293,45.81977505691899,1954],[7.823949889279009,45.81965305910322,1953],[7.823866890045554,45.81961506096173,1953],[7.823819890345107,45.81956206341244,1952],[7.823775890186321,45.819542064264894,1952],[7.8237738885822905,45.819439066559355,1951],[7.823673889627332,45.81936706887613,1950],[7.823685888168102,45.81933606995672,1950],[7.823550891374768,45.81932107131956,1949],[7.823447894496961,45.81940107091109,1949],[7.823430895281999,45.81939007107299,1948],[7.823415895999474,45.81944307022457,1948],[7.823408896631488,45.819417070707594,1947],[7.8233728964085385,45.81940907121352,1946],[7.8233398951320705,45.81929507436081,1946],[7.823220896709493,45.81923007731081,1945],[7.823194895776059,45.81914607882738,1945],[7.823061898574446,45.81916908006977,1944],[7.8229599026525145,45.81926007901564,1944],[7.822940904901904,45.81932907741272,1943],[7.8228929057593986,45.81933607750536,1942],[7.822767908028079,45.81929507982341,1942],[7.822689908106127,45.8191990824991,1941],[7.8226729045422605,45.819008087226834,1941],[7.822580905005618,45.81889409147247,1940],[7.822513905210483,45.81888309190525,1940],[7.82250990392205,45.818802093919764,1939],[7.822432905135075,45.81878309520315,1938],[7.8223479061304895,45.81868009879124,1938],[7.822312904504565,45.818608101149294,1937],[7.822335903804488,45.81856210140317,1937],[7.822119907120762,45.81848210587431,1936],[7.822012907220059,45.818360109352426,1936],[7.821978907504222,45.81835611001879,1935],[7.821835908494081,45.81827611328811,1934],[7.821771908396495,45.81816511652566,1934],[7.821714909211051,45.81815811769524,1933],[7.821676908834104,45.818108119191564,1933],[7.8217059071548665,45.81805111995517,1932],[7.8216749080323815,45.81802412126557,1932],[7.821701905901354,45.81794412248682,1931],[7.821633905527166,45.817849125788435,1930],[7.821531906860165,45.817792128142806,1930],[7.8214689076688435,45.817784129456655,1929],[7.820687007629878,45.817395255973054,1929],[7.820567008354812,45.81710525568141,1928],[7.82060700850725,45.81657525539857,1927],[7.8204270076388065,45.816285254718494,1927],[7.819427008723468,45.81599525433447,1926],[7.819167008019075,45.816045254732195,1926],[7.8191470082960794,45.81565525423354,1925],[7.819047008100427,45.8156652541727,1925],[7.819130007962151,45.81550825409958,1924],[7.819280007620557,45.81514825386561,1923],[7.8197370083402244,45.81495525341043,1923],[7.81985700847412,45.81483525316131,1922],[7.819967008145365,45.81464525327865,1922],[7.8200670081647,45.814595252950106,1921],[7.820117007784335,45.814385252655505,1921],[7.820267007959599,45.814325253350276,1920],[7.820347008471973,45.81420525264006,1919],[7.820515800094011,45.81408976335294,1919],[7.820407007618501,45.81359525248293,1918],[7.820467007700252,45.81349525197137,1918],[7.820477007953034,45.81310525166032,1917],[7.820107008661131,45.81251525184517,1917],[7.820137007770149,45.81240525180967,1916],[7.819897007471048,45.81204525080785,1915],[7.819967007945544,45.811985250826794,1915],[7.819757008535782,45.811515250406885,1914],[7.8193270079877415,45.81130525070116,1914],[7.819147007762419,45.81112525070636,1913],[7.819157007508835,45.81105524989995,1913],[7.819007007950937,45.81092525010412,1912],[7.818827007859379,45.81065525002512,1911],[7.818437007705989,45.810545249992096,1911],[7.818197008473672,45.81040524946808,1910],[7.81812700759641,45.810365249350006,1910],[7.817807007594757,45.80994524931044,1909],[7.817507008594844,45.809615248841084,1909],[7.817347007797341,45.80952524913314,1908],[7.817317007813701,45.80956524870376,1907],[7.817267007472144,45.80954524879759,1907],[7.817097008508967,45.809535248869565,1906],[7.817107007902277,45.80940524879293,1906],[7.8169770086935335,45.80917524821496,1905],[7.8167570082966105,45.80907524882716,1905],[7.816737008036206,45.809025248716,1904],[7.8167670085071155,45.808925248067844,1903],[7.816697007753598,45.808815248175534,1903],[7.816797007691861,45.80867524836388,1902],[7.816717007496175,45.80863524821264,1902],[7.816667007525447,45.80844524829336,1901],[7.816507007538311,45.80835524829685,1901],[7.816477007918582,45.80830524805232,1900],[7.816497007875822,45.808215247723325,1899],[7.816217008714663,45.80799524786096,1899],[7.816117008217771,45.80785524708273,1898],[7.815647008298997,45.80765524764042,1898],[7.815617008270054,45.80756524752884,1897],[7.815287007606816,45.807555247519,1897],[7.81529700829709,45.80758524699327,1896],[7.815227008146943,45.80755524724116,1895],[7.815057007720523,45.80758524748568,1895],[7.814937008467309,45.80757524719577,1894],[7.814897008635262,45.80753524755864,1894],[7.814927007465048,45.80752524697103,1893],[7.815137008460605,45.807345246894705,1893],[7.815507007814545,45.80721524662012,1892],[7.815627007783191,45.80709524706137,1891],[7.8158070083438975,45.80684524632764,1891],[7.815877007455133,45.80683524698223,1890],[7.815967008461216,45.80671524663716,1890],[7.816057008011007,45.80665524655895,1889],[7.816137007528542,45.806455246658395,1888],[7.816287007875005,45.80625524567568,1888],[7.81646700824475,45.8061552456685,1887],[7.816877007494852,45.80611524633392,1887],[7.816937007968753,45.80613524557614,1886],[7.816927008440178,45.806175246069856,1886],[7.816977007596711,45.80620524558542,1885],[7.817117007637679,45.806185246335346,1884],[7.817577007862781,45.806025245740834,1884],[7.817837007763858,45.805855245472,1883],[7.81799700783355,45.80597524562714,1883],[7.818090008116019,45.80592824548437,1882],[7.818047008229616,45.80587524540614,1882],[7.818057007701438,45.80584524607259,1881],[7.818097007839861,45.80584524587603,1880],[7.818187008451143,45.80570524574003,1880],[7.818247007636309,45.80569524590066,1879],[7.818377007557794,45.8055552453402,1879],[7.818527008617261,45.80560524592018,1878],[7.81859700747474,45.80547524507493,1878],[7.818297008421,45.80516524534452,1877],[7.818277008074417,45.80508524528466,1876],[7.818227007925188,45.8050252452372,1876],[7.818297007601465,45.804655244881936,1875],[7.818457008175986,45.804565244916496,1875],[7.818467007816259,45.80448524462992,1874],[7.818427007518327,45.80441524421562,1874],[7.818427008182028,45.804265244180606,1873],[7.81836700820157,45.804205244267116,1872],[7.818487008459257,45.804115244542245,1872],[7.818547007700643,45.803985243784794,1871],[7.818657007712542,45.80394524398324,1871],[7.818687007852643,45.80389524366309,1870],[7.818617008475568,45.80388524400359,1870],[7.818627007483149,45.80366524399443,1869],[7.8185570075609165,45.80346524367422,1868],[7.818487008420123,45.803395243550476,1868],[7.818477008174884,45.80315524298282,1867],[7.818407008352622,45.803115242993734,1867],[7.818447008125523,45.80300524315754,1866],[7.818307008585312,45.802935243463416,1866],[7.818357007671806,45.80281524321314,1865],[7.818287007881022,45.802755243317385,1864],[7.818307007666348,45.8025752428971,1864],[7.818357008083459,45.80244524318753,1863],[7.818277008296547,45.80220524306256,1863],[7.818367007958206,45.80205524232603,1862],[7.818237007512303,45.80203524248285,1862],[7.818217008433494,45.80207524228351,1861],[7.818217008282228,45.801955242381325,1860],[7.818157007536817,45.8019152421587,1860],[7.818037008191734,45.80150524211869,1859],[7.8179870083264476,45.801485241601775,1859],[7.817987007801077,45.80135524221571,1858],[7.8179670086129,45.80131524173318,1858],[7.81789700873631,45.80130524162107,1857],[7.818007008609977,45.80107524173363,1856],[7.817927008482436,45.80102524200571,1856],[7.817817008656049,45.800745241027,1855],[7.817817008176785,45.8006752411394,1855],[7.817777008190604,45.80069524107546,1854],[7.817777007732857,45.800205240970534,1854],[7.81769700780254,45.79997524071465,1853],[7.817567008201917,45.799815240322886,1852],[7.817267008093961,45.79962524021305,1852],[7.817227008192936,45.79956524059373,1851],[7.81723700762142,45.79954524077101,1851],[7.817297007936876,45.79942524005368,1850],[7.81730700829271,45.79927523990705,1849],[7.817286159548956,45.799331268623,1849],[7.817107863352704,45.79936706514213,1848],[7.817133665394845,45.79944746217152,1848],[7.817136469301698,45.79957915930467,1847],[7.817173270480571,45.79964765733932,1847],[7.817193373871601,45.79975175466836,1846],[7.817227574967466,45.79979725218293,1845],[7.817219777219493,45.79987915090923,1845],[7.817134678274463,45.79988395270697,1844],[7.816937682044056,45.79993755528594,1844],[7.816844482614697,45.799934457014444,1843],[7.816716185437968,45.7999943581271,1843],[7.816555582310977,45.799847065015584,1842],[7.816521782484315,45.79983976565405,1841],[7.8165185851561185,45.799905564329485,1841],[7.816585287791353,45.800002460823464,1840],[7.816566088396388,45.800039860309965,1840],[7.816569690330055,45.80011125837663,1839],[7.816543392153904,45.80013945789467,1839],[7.816559294452347,45.800218455530626,1838],[7.816532595209226,45.80024055580471,1837],[7.816544411439515,45.80032279806772,1837],[7.816485105441937,45.80031010513361,1836],[7.816434213146993,45.80027514318443,1836],[7.816372414167894,45.80030294336805,1835],[7.816366115325791,45.800326943439096,1835],[7.816323715655543,45.8003343444148,1834],[7.8163160927902124,45.80038142764963,1833],[7.816315766839383,45.80043758780991,1833],[7.816254175051065,45.80060408208575,1832],[7.816263373622405,45.80065898186839,1832],[7.816250546259321,45.80074807374304,1831],[7.816258150401587,45.80088597059627,1831],[7.816211654072256,45.800993568580616,1830],[7.816137157806322,45.801104567469324,1829],[7.816095157711668,45.80109246858649,1829],[7.8159672625229275,45.80121996797949,1828],[7.815926863327361,45.80121666913814,1828],[7.815889402211553,45.80122459365909,1827],[7.815905860311842,45.80126281082321,1827],[7.815886178993138,45.80129521805952,1826],[7.815837076501997,45.80128987768724,1825],[7.815774331922988,45.80126494687367,1825],[7.81574583291258,45.80126554789875,1824],[7.81574313365702,45.80128404728573,1824],[7.815699633473463,45.80127514855847,1823],[7.8156781351354185,45.80132394739119,1823],[7.81563833636547,45.801337247849006,1822],[7.815651538433219,45.80140984620466,1821],[7.815595541145647,45.80151914461869,1821],[7.8155580426901405,45.801537744943,1820],[7.815528445446045,45.80162774290943,1820],[7.815440247425667,45.80166764445668,1819],[7.815381450578221,45.80173754319339,1819],[7.815359453254933,45.80182364173197,1818],[7.815418856264656,45.8019390382508,1817],[7.815479856669555,45.80197543570873,1817],[7.815519359045723,45.80206163278083,1816],[7.815590059808651,45.80210143120569,1816],[7.815648861039015,45.80217372824922,1815],[7.815627661906153,45.80220152768707,1815],[7.815467063197339,45.802191931475,1814],[7.815523865976485,45.80231862709976,1813],[7.8154979676860075,45.80233322727894,1813],[7.815498143894467,45.80242904037419,1812],[7.8153586466609895,45.80248614169125,1812],[7.815214658078432,45.802482662137585,1811],[7.815204760619809,45.802555760806655,1810],[7.815184461038871,45.80257486068378,1810],[7.815169160931275,45.8026465820567,1809],[7.81491015879189,45.8026348367237,1809],[7.814957021936594,45.80279869394981,1808],[7.814947426379936,45.80292599084755,1808],[7.814964080078754,45.80310523772775,1807],[7.814991932835606,45.803176184422355,1806],[7.815032284684984,45.803227783847625,1806],[7.81502633677111,45.803263956939176,1805],[7.815053736051197,45.80328808053685,1805],[7.815120740865554,45.803363991989045,1804],[7.81526374461675,45.803551584800424,1804],[7.815245208247426,45.803617702252566,1803],[7.815263011413522,45.803726998941336,1802],[7.815252863172119,45.80389568573339,1802],[7.815213573433261,45.80422127879376,1801],[7.814840439029072,45.80452998852542,1801],[7.8146997418521815,45.804589990007464,1800],[7.8143936434999235,45.80455039720749,1800],[7.814249843602686,45.80450630041954,1799],[7.814188143572142,45.80448210232453,1798],[7.814086741820023,45.804396106537475,1798],[7.813926940576503,45.804317911666864,1797],[7.813739042183724,45.804291415736415,1797],[7.813676942453634,45.804292917504824,1796],[7.813436945824272,45.804349520948875,1796],[7.813383392641043,45.80432864088228,1795],[7.813336946785829,45.80431922374253,1794],[7.813250047014077,45.804328924468784,1794],[7.813172349966239,45.804380425063684,1793],[7.8130528512956126,45.804395727257166,1793],[7.813000353727419,45.804450627087974,1792],[7.8128062280676565,45.80443982015185,1792],[7.812677139190931,45.80449861401212,1791],[7.812657741782365,45.8045791128532,1790],[7.812673644584166,45.804665210507316,1790],[7.8126645484627515,45.80478690780761,1789],[7.812712352990715,45.804946202570356,1789],[7.812709954421786,45.80499180165231,1788],[7.812581996264662,45.80506811566054,1788],[7.812522197246704,45.80504681745936,1787],[7.812155192728503,45.804798230442955,1786],[7.811943287983779,45.80457523957171,1786],[7.811922587323993,45.804513241837604,1785],[7.81188468759436,45.804504742820434,1785],[7.811854786174726,45.80445864402809,1784],[7.81186048483167,45.80443284509625,1784],[7.811808085944799,45.80442294600388,1783],[7.8117200843711085,45.804359649725214,1782],[7.811657281711371,45.80426215289611,1782],[7.811624982443033,45.80426855373484,1781],[7.811561585210003,45.80435085290208,1781],[7.811419264110256,45.804389164049304,1780],[7.811334268043454,45.80443936069937,1780],[7.811306469524737,45.80446376050791,1779],[7.811257670068099,45.804460761432345,1778],[7.811223770517031,45.80450076116333,1778],[7.81123409501077,45.80456435303522,1777],[7.811346494965517,45.80458395000596,1777],[7.8114628966004345,45.80466674622136,1776],[7.811522495783259,45.80467864466506,1776],[7.811530297192112,45.80469884355348,1775],[7.811479597523981,45.804719044080024,1774],[7.811303398583519,45.80469034824955,1774],[7.811231399383548,45.80469584987554,1773],[7.811138202118038,45.8047439503467,1773],[7.811044303578667,45.80476125211837,1772],[7.810917706367971,45.804825053449896,1771],[7.810855508128766,45.80483895433297,1771],[7.810798409575216,45.80490215314448,1770],[7.810549715204053,45.8049927562582,1770],[7.810399920551935,45.805113256625205,1769],[7.81012722434705,45.80515826119307,1769],[7.81001382679242,45.80522246180715,1768],[7.810033128231421,45.8052442602499,1767],[7.8099481282912055,45.80524436220766,1767],[7.809764632557887,45.80529876444098,1766],[7.809528233104957,45.805266770048206,1766],[7.809417934911455,45.80528977146149,1765],[7.809249039454161,45.80536617352937,1765],[7.8092001776141124,45.805399949524165,1764],[7.809201829650516,45.80548451394838,1763],[7.809171295310906,45.80562067887831,1763],[7.809016951513394,45.80570557026254,1762],[7.808803455244233,45.80574397316994,1762],[7.808595456409174,45.805738977203696,1761],[7.808457060899265,45.8058103787167,1761],[7.808074166154729,45.80588528401543,1760],[7.808014969127186,45.80595248361848,1759],[7.807956170352123,45.80595998489313,1759],[7.807932970286957,45.805980285365195,1758],[7.807985571923649,45.80604798271206,1758],[7.807879973660256,45.8060793840616,1757],[7.807875875037142,45.80610368291502,1757],[7.807826575939078,45.806101484498505,1756],[7.807725078489118,45.80618598414234,1755],[7.80762678044477,45.80618518595633,1755],[7.807575481524076,45.80621928683261,1754],[7.807557282465877,45.80626888537251,1754],[7.807511082799612,45.80625658650389,1753],[7.807407481701666,45.80618859058248,1753],[7.80736268251103,45.80618219164425,1752],[7.8073578837863975,45.806220891033966,1751],[7.807404985662358,45.80630258807896,1751],[7.807392887599903,45.80638668586557,1750],[7.807359388013683,45.8063847871849,1750],[7.8072720868144945,45.806309090439,1749],[7.807204586801389,45.80628119275796,1749],[7.807184185623083,45.806236794017785,1748],[7.807147686670345,45.80624259441496,1747],[7.807153288752579,45.80631439251187,1747],[7.807128190375303,45.80635499233461,1746],[7.807150692033857,45.80642229026872,1746],[7.80710969141502,45.80641289145323,1745],[7.807069290168277,45.80635739335859,1745],[7.80701219120363,45.80635089465078,1744],[7.8069440901783995,45.806308896790775,1743],[7.806865690847042,45.80630729860396,1743],[7.806883493657374,45.806410695882555,1742],[7.806938795001796,45.80644949366986,1742],[7.806868095203464,45.806451994576136,1741],[7.8067409007704365,45.806610493685675,1741],[7.8066944011189365,45.806602595256834,1740],[7.806587699644737,45.80651039919916,1739],[7.8065440996897815,45.80650840016962,1739],[7.806458603804619,45.806605799628755,1738],[7.8063655068529165,45.80666819979995,1738],[7.80615401124137,45.80674040260853,1737],[7.8060956134863755,45.80679070228371,1737],[7.805879117893511,45.80690310398069,1736],[7.805568125096979,45.807005907537324,1735],[7.805463729080309,45.80710270722337,1735],[7.805413029225169,45.80712180789882,1734],[7.805343730787903,45.80712360968213,1734],[7.805274932215375,45.807151810363194,1733],[7.805165531981346,45.807123412994706,1733],[7.805124132660074,45.80714661329557,1732],[7.805084336225374,45.80721961253284,1731],[7.80507853881366,45.807323409464715,1731],[7.804991139236227,45.80729421239263,1730],[7.804905838265232,45.80724271528167,1730],[7.804736839241743,45.807223219171874,1729],[7.8046237439994215,45.8073256189346,1728],[7.804589945888594,45.807409117639004,1728],[7.804515049520533,45.807494316674884,1727],[7.804412653075691,45.80756351765088,1727],[7.804363053279572,45.807567018155304,1726],[7.804283456498557,45.80763831800957,1726],[7.804234456663825,45.80763981944555,1725],[7.80420865744016,45.80765981923931,1724],[7.804207160688909,45.80774671695808,1724],[7.804250762167383,45.80781321475127,1723],[7.804207762203289,45.80783551502407,1723],[7.8041796651476805,45.80791621384182,1722],[7.804132965946949,45.807921814702176,1722],[7.804104767034851,45.8079473147058,1721],[7.803897668065747,45.80792041890645,1720],[7.803876569373898,45.80793851924797,1720],[7.803707172287259,45.80797402167027,1719],[7.80363687212577,45.80794832376955,1719],[7.803509972942333,45.807962925548885,1718],[7.803455874528908,45.807996125807854,1718],[7.803373975378719,45.80798242801787,1717],[7.803328073858209,45.80792043030661,1716],[7.803262472855317,45.807873932841474,1716],[7.8032557718742215,45.80782873367852,1715],[7.803359366830884,45.80770083480315,1715],[7.803332866835991,45.80766063679845,1714],[7.80326776733317,45.807658037800664,1714],[7.803069771094891,45.807715740726415,1713],[7.802877976649327,45.80785254091813,1712],[7.802873477431219,45.80788774028819,1712],[7.802853377833862,45.80790004024379,1711],[7.8027370805151515,45.80792924202287,1711],[7.802486881825156,45.80791464736435,1710],[7.802399784322386,45.80793904803488,1710],[7.802303287115301,45.80802094823574,1709],[7.802226587209712,45.80801165042883,1708],[7.802211888770712,45.80804994968709,1708],[7.802167189505924,45.80807774952788,1707],[7.802130495271301,45.80825844588269,1707],[7.802091296663056,45.80827644611664,1706],[7.802042295524166,45.80820984858094,1706],[7.802008797782439,45.80827054801737,1705],[7.801970397819347,45.80827884874016,1704],[7.80192299652328,45.80821015103307,1704],[7.801871596316902,45.808207252082646,1703],[7.801830298973983,45.808284351223634,1703],[7.801835303535211,45.80840554835459,1702],[7.801824805285836,45.80848994671787,1702],[7.801801906568903,45.80851794625025,1701],[7.801776107761532,45.80853684654637,1700],[7.801723507267596,45.80851254816251,1700],[7.8016929083995965,45.808528548563174,1699],[7.801596811566652,45.80863104800136,1699],[7.8014899126578126,45.80861774994748,1698],[7.801419214542418,45.808643851078386,1698],[7.801324818000561,45.80874055025855,1697],[7.801260421683869,45.80885934874289,1696],[7.801224723004632,45.808871349726,1696],[7.801192724271154,45.808913049477624,1695],[7.801082627540205,45.8089663502311,1695],[7.801035829043616,45.80900974960902,1694],[7.800737033129827,45.809068954792146,1694],[7.8005416228266995,45.8091981662338,1693],[7.800526211803353,45.809330558880006,1692],[7.800500512778811,45.809362458326405,1692],[7.800626118544652,45.80960165068428,1691],[7.800628120976925,45.80966754840788,1691],[7.800669521495295,45.80970124674907,1690],[7.800715523658371,45.80978804449683,1689],[7.8006969244492295,45.80982794337585,1689],[7.800586817528245,45.8098833505334,1688],[7.800539119496757,45.809952649737035,1688],[7.800483320899547,45.809971350869695,1687],[7.800445122428591,45.81000395069929,1687],[7.800407225838233,45.810106948588135,1686],[7.800336027518404,45.81013974999608,1685],[7.800176433810128,45.81029774938151,1685],[7.800078135717375,45.81033874980284,1684],[7.799897041236188,45.810468150978366,1684],[7.799813343406865,45.8104866514116,1683],[7.799744343717133,45.81048105370117,1683],[7.799469650136403,45.810612955765635,1682],[7.799406352811991,45.81069655512093,1681],[7.799356554417085,45.81071885501758,1681],[7.7991280657025435,45.81100765272631,1680],[7.799098967149153,45.811052552306535,1680],[7.79909776973833,45.81115155050808,1679],[7.7991951745041055,45.811360243458914,1679],[7.799319080704073,45.81159503521246,1678],[7.799386680316741,45.811583734600546,1677],[7.799488079854018,45.811603731630655,1677],[7.799548080252165,45.81166432912499,1676],[7.799543183042731,45.811723027823675,1676],[7.799572683266136,45.81177252592456,1675],[7.799572487390457,45.81190102267503,1675],[7.799647991413181,45.81204701776697,1674],[7.799595194712893,45.81215591607248,1673],[7.799411001103,45.81232061587274,1673],[7.7993334036573865,45.81237031606301,1672],[7.799203906601548,45.812416818291304,1672],[7.7990059098581,45.81245452063041,1671],[7.798963910338343,45.81247462163222,1671],[7.798916712788979,45.8125479206721,1670],[7.798872114421102,45.812571021154085,1669],[7.798849211156211,45.812467624004036,1669],[7.7987488137004,45.812492125053616,1668],[7.798659212385675,45.81241282895472,1668],[7.798527715516481,45.81247353002883,1667],[7.798494314105179,45.812451231264056,1667],[7.798474112602965,45.81239663295122,1666],[7.798424513362833,45.81238313451535,1665],[7.798361215290011,45.81243153447278,1665],[7.798153419384467,45.81250453716262,1664],[7.7980369231938065,45.81259063711395,1664],[7.797935625011515,45.812629038099246,1663],[7.79786812835727,45.81269463748239,1663],[7.797771428718738,45.81267453997004,1662],[7.797523613881957,45.81267180678139,1661],[7.797428415527017,45.81269300784129,1661],[7.7973314149378,45.812655210190556,1660],[7.797306614366999,45.812630211494586,1660],[7.797151617343646,45.812651814235885,1659],[7.797112315708961,45.81262201591036,1659],[7.797052516701464,45.81260611708184,1658],[7.79699791827393,45.812675416823836,1657],[7.796814420848604,45.812675520338644,1657],[7.796768422652441,45.8127063204046,1656],[7.796591222308071,45.812668625174325,1656],[7.7963877256695495,45.812684228447175,1655],[7.796235027687918,45.81272873049731,1655],[7.796031931399401,45.81276193404795,1654],[7.795461542946576,45.812986139380264,1653],[7.795058257488174,45.81335753835865,1653],[7.7950285600432885,45.81341823798115,1652],[7.795003362634949,45.81349383662736,1652],[7.795029465009604,45.813585433644285,1651],[7.79499276866396,45.813696232190814,1650],[7.794994371043377,45.813798629591794,1650],[7.794975571621009,45.813801729950775,1649],[7.794923974351043,45.81387862878467,1649],[7.79496767706327,45.81397092538257,1648],[7.794946777471718,45.81400252586496,1648],[7.795046779693236,45.81411542055875,1647],[7.794986982290501,45.81418252059384,1646],[7.794916783697608,45.81421262092897,1646],[7.794938785538303,45.81427491889033,1645],[7.794930688086304,45.814352017338436,1645],[7.794848892585376,45.81446121685576,1644],[7.794788994414646,45.81450891625151,1644],[7.794690801975566,45.81472351290224,1643],[7.794689502949527,45.814767611971895,1642],[7.794643604795675,45.814801812580576,1642],[7.794719609873904,45.815013705397725,1641],[7.794668809668539,45.81498940748516,1641],[7.794636810861928,45.81500840724606,1640],[7.794599514418999,45.81512110559456,1640],[7.794542514861556,45.81511060733669,1639],[7.794523915812748,45.8151607062359,1638],[7.794481515749616,45.81515410706278,1638],[7.79444671444989,45.81510130888992,1637],[7.794401214662912,45.81507081061051,1637],[7.794372714886983,45.81507421082234,1636],[7.794335416033359,45.815108810767235,1636],[7.794225116508143,45.815102413856856,1635],[7.794151521414602,45.81522801174028,1634],[7.794107121906952,45.81521881270906,1634],[7.794055522793206,45.81525871316115,1633],[7.79385652778738,45.81533641541346,1633],[7.7938691299249765,45.81541881303406,1632],[7.793853331899639,45.815465412335705,1632],[7.793786333369305,45.81551471211113,1631],[7.793555237015881,45.81555581588384,1630],[7.793460740243216,45.815637915956536,1630],[7.793258746198335,45.81576961670127,1629],[7.793017049549833,45.81582742016554,1629],[7.792792252071593,45.8158461239378,1628],[7.792729553723568,45.81587982403239,1628],[7.792617456330121,45.81589532614974,1627],[7.792371462847621,45.816046027280045,1626],[7.792307663455057,45.816074728381345,1626],[7.792189066363275,45.816099829600134,1625],[7.792159767129919,45.81614052927004,1625],[7.792074568679368,45.81616053012336,1624],[7.791933675853856,45.816344029205084,1624],[7.7918251792468505,45.81645222864469,1623],[7.791736887946417,45.816690224036755,1622],[7.791678089028858,45.816742924133585,1622],[7.791595791711826,45.81679822428009,1621],[7.791234100294693,45.81697352756353,1621],[7.79103990882927,45.81717762692542,1620],[7.791037810880593,45.817255824496485,1620],[7.790927412865863,45.81730202619793,1619],[7.790826814960482,45.81732142752342,1618],[7.790753017811961,45.81740312699068,1618],[7.7906609192372,45.8174386280419,1617],[7.790641220337634,45.81747422760679,1617],[7.790581184629804,45.81749829637193,1616],[7.790566641356637,45.81755265873112,1616],[7.790580442088709,45.817574858506134,1615],[7.79064174229922,45.81760445630558,1614],[7.790590443559004,45.81765945562759,1614],[7.790551946898475,45.81775465392955,1613],[7.790564647165276,45.81778095343788,1613],[7.790524949271997,45.81782955294925,1612],[7.790575852051912,45.817913649726506,1611],[7.790581054097071,45.81799334842173,1611],[7.790546755133971,45.81802854769716,1610],[7.7904898561720755,45.818044748169655,1610],[7.790495356851961,45.818068148037675,1609],[7.790455358476168,45.81809684806128,1609],[7.790399259034596,45.81812444875721,1608],[7.790338659402445,45.81813124955836,1607],[7.790387761501616,45.81818704719837,1607],[7.790307062152766,45.81820174812759,1606],[7.790308862636319,45.81821804801207,1606],[7.790347462523994,45.8182247470991,1605],[7.79029386414359,45.818251447183385,1605],[7.790239964140526,45.818242148756845,1604],[7.790218164531339,45.8182561484455,1603],[7.790214264994092,45.81828814856882,1603],[7.790163267902295,45.81834414813158,1602],[7.790100468769631,45.81835424846089,1602],[7.790064669141737,45.818383648941584,1601],[7.7899754713912355,45.8183955505126,1601],[7.789978571713876,45.81842694973568,1600],[7.7900097714895855,45.818448148502945,1599],[7.789938473247307,45.81846594947186,1599],[7.789980775028027,45.81853534686024,1598],[7.78987447595356,45.818553148792965,1598],[7.789835577079056,45.818577648957785,1597],[7.789796878375348,45.81862314825699,1597],[7.789807379579458,45.81864494775342,1596],[7.789778579569801,45.818651948296825,1595],[7.789670584325919,45.81876434784889,1595],[7.7894236891295545,45.81886654967723,1594],[7.789396090415791,45.81888695004396,1594],[7.7894108915397915,45.818923148973184,1593],[7.789311193382087,45.81897154967325,1593],[7.789238396687666,45.819045549003796,1592],[7.789120599101737,45.81909665044735,1591],[7.789133198867788,45.81912174929102,1591],[7.789016101491631,45.81916435087268,1590],[7.788990202426956,45.81920204991809,1590],[7.788892604587376,45.8192448508667,1589],[7.788882306100954,45.819266250840805,1589],[7.788908706188325,45.81928025000931,1588],[7.788716310300317,45.819355852225605,1587],[7.788718010173419,45.81938965143637,1587],[7.788760611514458,45.81942554936712,1586],[7.788731812986614,45.81945524956128,1586],[7.788687713133396,45.81948084984047,1585],[7.788593014356844,45.81948135150567,1585],[7.788476316927157,45.819546051845506,1584],[7.78844171735655,45.81954545271749,1583],[7.78841916943911,45.81957088002792,1583],[7.78838991992572,45.81960925263448,1582],[7.78828422248374,45.81964655342376,1582],[7.788211122252256,45.819651554537295,1581],[7.788154721818463,45.81961055711378,1581],[7.788127923542334,45.819632056510514,1580],[7.788162624184805,45.819688454761064,1579],[7.788119726406948,45.81972715504673,1579],[7.787986325512967,45.819681658657814,1578],[7.787962326735587,45.819703758339976,1578],[7.787864327344699,45.81968586087674,1577],[7.787826627953352,45.81970276144508,1577],[7.787781127782035,45.81968556223328,1576],[7.78765182842745,45.819689464445055,1575],[7.787608429311433,45.81970706499063,1575],[7.787533330195058,45.81969206717885,1574],[7.787392531748194,45.819713169221274,1574],[7.787189233708484,45.81970267326225,1573],[7.787079634082344,45.819710376011216,1572],[7.7870393356097685,45.819731775925106,1572],[7.786943335851343,45.81972577762465,1571],[7.786873638016213,45.8197823781776,1571],[7.786816838477746,45.81976417925934,1570],[7.786738239734069,45.81977868036166,1570],[7.786660941333826,45.81982878098567,1569],[7.786561641422877,45.81979568402476,1568],[7.786258945433472,45.8198369890568,1568],[7.786211745972858,45.81985558914259,1567],[7.786089847376056,45.819851691967855,1567],[7.785887044246234,45.81970489875157,1566],[7.785760044268709,45.81965430245739,1566],[7.785634644195432,45.81963030569817,1565],[7.785526245577722,45.81964220760702,1564],[7.785415749147278,45.819707008540576,1564],[7.78530205575584,45.819903406167825,1563],[7.785290457441104,45.81997420416973,1563],[7.785265082540935,45.819996132946365,1562],[7.785201260297427,45.820038704830736,1562],[7.785151862709749,45.82011460372511,1561],[7.785094763783541,45.82014000408449,1560],[7.784950868133299,45.82025450418634,1560],[7.784848569406191,45.820271805760584,1559],[7.784740599022127,45.82031265044948,1559],[7.784554376553937,45.820405408465795,1558],[7.784453977901215,45.82041281056541,1558],[7.784288781812495,45.82049511109208,1557],[7.784055785230363,45.82056191473405,1556],[7.783942288253813,45.820622115498104,1556],[7.783777390310418,45.820657617302984,1555],[7.783442993629639,45.82067842370597,1555],[7.783328595640904,45.82071222510715,1554],[7.783194799871795,45.82081012491492,1554],[7.783104201276405,45.8208441264679,1553],[7.78300000489095,45.820945425756726,1552],[7.7828208083540105,45.82100162777731,1552],[7.782759610644745,45.8210669279486,1551],[7.782616313540902,45.82109782950982,1551],[7.782559712842862,45.821089231317956,1550],[7.782380114807925,45.82110033459188,1550],[7.782117414994241,45.821020841200095,1549],[7.7818827184041295,45.8210510455801,1548],[7.781732624636077,45.82120844431138,1548],[7.781317232809936,45.82137304860128,1547],[7.781079535347275,45.821390553064596,1547],[7.780890235496899,45.821362657080876,1546],[7.7808817358940585,45.82138245725285,1546],[7.780743638161093,45.82139805907412,1545],[7.78071183865725,45.82142935878362,1544],[7.780577340982893,45.82146726039996,1544],[7.780481543744148,45.8215149614837,1543],[7.780399144623337,45.82152286266746,1543],[7.780251347210749,45.821570564656064,1542],[7.780124248261621,45.821545167557126,1542],[7.779943146426785,45.8214672730469,1541],[7.779915047978221,45.82147397348009,1540],[7.779620947291678,45.82138638156112,1540],[7.779560144710554,45.82126098568297,1539],[7.779489545020711,45.82126028727618,1539],[7.779450344121399,45.821211488657745,1538],[7.779416344130655,45.82122428938909,1538],[7.779392744348162,45.82121598999746,1537],[7.779387742784679,45.821172191042706,1536],[7.779326041809575,45.821108194229645,1536],[7.77927194229601,45.821109394661015,1535],[7.779130043013256,45.821069898497285,1535],[7.779050341234195,45.820990002580416,1534],[7.779067340485888,45.82095840295665,1533],[7.779049039233525,45.820919603777384,1533],[7.778993838922918,45.820911105187534,1532],[7.778945939680909,45.8209287056468,1532],[7.778901639545889,45.820904507118456,1531],[7.778836839791464,45.82090720854607,1531],[7.77876054185005,45.82094500917237,1530],[7.77876324259621,45.82096890798969,1529],[7.778689042994952,45.82097290931421,1529],[7.778631543019685,45.82094301182741,1528],[7.7785884440959,45.82094971267496,1528],[7.778428144434248,45.820920915694124,1527],[7.778416445589867,45.82094381541414,1527],[7.778368945116589,45.82094311669204,1526],[7.778367047228439,45.820985215546294,1525],[7.778328546715228,45.82096141722607,1525],[7.7782993462535845,45.82096241722845,1524],[7.778234745059358,45.8209070201877,1524],[7.7782344478007115,45.82096691913793,1523],[7.778160947560605,45.82095472058723,1523],[7.778146749614787,45.82101411895486,1522],[7.778088950274387,45.821015920084385,1521],[7.77806715011632,45.82103152041407,1521],[7.778063751384838,45.821067719652135,1520],[7.777994451229847,45.82100852265313,1520],[7.778000649152953,45.82096682351493,1519],[7.777829248233923,45.82086802878343,1519],[7.777594148332919,45.82081783480822,1518],[7.777393850060935,45.82079733967368,1517],[7.777360849144342,45.82077784086662,1517],[7.77731394960295,45.82077904091987,1516],[7.777135250119816,45.82072464608585,1516],[7.776980250565494,45.820698949536165,1515],[7.776808351208305,45.82068445373643,1515],[7.776794551682027,45.82070185315951,1514],[7.776776351974465,45.82069875386963,1513],[7.77666755077263,45.820622657893225,1513],[7.7764911505138965,45.820571362104495,1512],[7.77641325003649,45.820515565088286,1512],[7.77636205049947,45.82050416674487,1511],[7.7763314517524655,45.820540266311944,1511],[7.776255150735809,45.8205097684311,1510],[7.776195751938518,45.82051966982686,1509],[7.776057051260133,45.82044387400452,1509],[7.775994450645185,45.82038677624719,1508],[7.775969749826743,45.82037847695086,1508],[7.775938051290826,45.820399377361916,1507],[7.775808850715767,45.8203412814976,1507],[7.775619550379102,45.82028538643217,1506],[7.7755469516009255,45.820287387682896,1505],[7.775526850419188,45.820255888664505,1505],[7.77540594951298,45.82021329267617,1504],[7.775369149444253,45.82017789386953,1504],[7.775335050170726,45.82018769429201,1503],[7.775212450347631,45.82014609783131,1503],[7.775171250881646,45.82016609783859,1502],[7.7750302529182465,45.82018200097543,1501],[7.774941851595847,45.82011400372496,1501],[7.774799750611646,45.82004070891928,1500],[7.774750650579501,45.82002470976407,1500],[7.774687651300155,45.820023710983214,1499],[7.774681151890222,45.820041610567216,1499],[7.774630151032561,45.8200203122405,1498],[7.774571751377495,45.820025813314494,1497],[7.774440554546345,45.820079914131874,1497],[7.774424656011046,45.8201047142809,1496],[7.7743712559380915,45.820095315626595,1496],[7.7743592565278705,45.820129615213084,1495],[7.774257058684763,45.82016241606835,1494],[7.774215162256793,45.820264714178855,1494],[7.774178361961197,45.82026601500255,1493],[7.774170663082757,45.82029081489135,1493],[7.774144063452967,45.82029901505356,1492],[7.7740879640424065,45.82030051648454,1492],[7.774112965502364,45.82035621460117,1491],[7.774106566715697,45.820387113603566,1490],[7.774057067691884,45.82040541398011,1490],[7.7740304695493,45.820453713596805,1489],[7.774034469339972,45.82048431286339,1489],[7.774065670466268,45.82050411193432,1488],[7.773983871522502,45.82051601290702,1488],[7.773968271818465,45.820537212439184,1487],[7.773980672008987,45.820556212141994,1486],[7.774020971629048,45.82056111150474,1486],[7.774005572788375,45.82057961127844,1485],[7.774066573669488,45.82063150873079,1485],[7.773945375374063,45.82065431028456,1484],[7.773829275847967,45.820638413429265,1484],[7.773793077098602,45.82064701360592,1483],[7.773803577508922,45.82068781259674,1482],[7.773666876715728,45.82063661631833,1482],[7.7734914859272335,45.82087781349283,1481],[7.773106197011128,45.82114121503924,1481],[7.773018099899775,45.82124421448508,1480],[7.772927906665047,45.821452210654606,1480],[7.772848011487621,45.82155900982093,1479],[7.772840314656377,45.821694406484426,1478],[7.772682420508166,45.82184520584851,1478],[7.772616624777183,45.821974404387156,1477],[7.772424031339628,45.82212930469079,1477],[7.772347533136771,45.82216680546399,1476],[7.772323534556609,45.822220304230605,1476],[7.772247235767928,45.82226090501452,1475],[7.7722005378123065,45.822314004104214,1474],[7.772063741137445,45.82239240515825,1474],[7.7719950437034475,45.82245190459581,1473],[7.771982646213851,45.82251680367849,1473],[7.771833953107348,45.8227201019403,1472],[7.771830553116048,45.82274130091666,1472],[7.771884252854058,45.822746300082606,1471],[7.771902854991982,45.82283689729535,1470],[7.771882856617928,45.82285679729652,1470],[7.771891857225354,45.822907095541105,1469],[7.7717698627474405,45.823040695455006,1469],[7.771750165814553,45.823135793351206,1468],[7.7716011684403705,45.82321299432562,1468],[7.771600270830338,45.82325889297469,1467],[7.771540572650067,45.82330599274874,1466],[7.771503974261876,45.823362392582254,1466],[7.771381476947848,45.823445793279944,1465],[7.771247078904506,45.82346929514739,1465],[7.7703986952580575,45.82377700362388,1464],[7.7698264031728295,45.82388921228839,1464],[7.769659204658958,45.823891615891576,1463],[7.769084413310668,45.82402142388865,1462],[7.7688317202430985,45.824177125008596,1462],[7.7686231285718925,45.82440372357075,1461],[7.768512731655143,45.824498123173804,1461],[7.768154138263315,45.82458442854581,1460],[7.768035640713068,45.82463742944907,1460],[7.767908741841538,45.82466323134905,1459],[7.767831543666587,45.82472043149113,1458],[7.767607247496128,45.824762534413686,1458],[7.767388051920287,45.82483803747229,1457],[7.767211953779017,45.82485594005084,1457],[7.766907356018384,45.824853445767445,1456],[7.766697157407925,45.824827251093836,1456],[7.766575957775684,45.824830853271806,1455],[7.7661278626805395,45.8248740605377,1454],[7.766003465139458,45.824915061993174,1454],[7.765881266568835,45.824932864260305,1453],[7.7658510657470465,45.82488576568985,1453],[7.765696867351998,45.82490466843744,1452],[7.765522868742043,45.824871472478655,1451],[7.765369970093709,45.82486867538773,1451],[7.7653643701717385,45.824884275549515,1450],[7.76543677041173,45.82493527292149,1450],[7.76545677490919,45.82508526908387,1449],[7.765236778546742,45.82515907088561,1449],[7.765169879980812,45.82516887198532,1448],[7.765195277633984,45.82510737321792,1447],[7.764904180768173,45.82511807908,1447],[7.764750983847961,45.825170580832335,1446],[7.764677085657158,45.82521408082486,1446],[7.764625587696672,45.82530058024355,1445],[7.764469090272984,45.82531428214891,1445],[7.764336990948027,45.825301285260636,1444],[7.76422379138096,45.825307087461574,1443],[7.76405199405754,45.82533059032976,1443],[7.763942595988731,45.82536489171001,1442],[7.763898995565873,45.825351093099414,1442],[7.763797796737679,45.82535189449936,1441],[7.763563601474386,45.825437197640674,1441],[7.7631955146298495,45.825519352519564,1440],[7.763098706624807,45.825507604789294,1439],[7.76306050816365,45.82552530450474,1439],[7.76282921994404,45.825907500150144,1438],[7.762848423096382,45.826005097708,1438],[7.76297712652775,45.82614419099309,1437],[7.7629086275277945,45.82619199197986,1437],[7.762811328840361,45.826203793611526,1436],[7.762793831036851,45.82624549283148,1435],[7.762644133902703,45.82634299289127,1435],[7.762471036713471,45.826378095202294,1434],[7.762261045311701,45.8265961939538,1434],[7.7621185472275025,45.826653195765616,1433],[7.762056949283032,45.82669829619309,1433],[7.761930551904069,45.826737897174894,1432],[7.76187995170401,45.82673609866142,1431],[7.761808553526278,45.826783298740786,1431],[7.761730554731534,45.82679699979378,1430],[7.761641757038002,45.82685430042339,1430],[7.761277060975398,45.8268506077624,1429],[7.761140862490775,45.82688140902548,1429],[7.761063263199482,45.82687181105114,1428],[7.761023863308218,45.826883011374086,1427],[7.760988764053135,45.82687741229883,1427],[7.76094146315213,45.8268408140503,1426],[7.760828064765212,45.82687241574148,1426],[7.760637666713887,45.826861019721925,1425],[7.76048616726518,45.826875222207605,1425],[7.760455168706678,45.82689072206591,1424],[7.7601498729808025,45.826933727055945,1423],[7.759455278286584,45.82692694110737,1423],[7.758769787730497,45.827072151190585,1422],[7.758637489004282,45.82706585353811,1422],[7.758365992063913,45.82709165854635,1421],[7.758259293441093,45.82709156003214,1421],[7.758193492278044,45.827048962414935,1420],[7.758099692615931,45.8270309644803,1419],[7.758005991521189,45.82697276820807,1419],[7.7576409936993995,45.82695657531835,1418],[7.757422698052331,45.82704137812375,1418],[7.757347099925291,45.827088177818695,1417],[7.757189602271036,45.8271060809516,1417],[7.756792206684584,45.82713108770006,1416],[7.756599108481074,45.82716249111092,1415],[7.756135512870876,45.827152900304434,1415],[7.7558773137634835,45.82712090598216,1414],[7.75560211742007,45.827162210504625,1414],[7.7555150079747115,45.82719226438588,1413],[7.75489736224367,45.827365253510536,1412],[7.754074660185819,45.82753504106088,1412],[7.753721331895966,45.82757466900841,1411],[7.753349008343117,45.82779726446726,1411],[7.753236007720168,45.82794926473489,1410],[7.753070008194181,45.82808026546869,1410],[7.752933007918293,45.82809826494164,1409],[7.752821007984434,45.82821126534039,1408],[7.752609047475801,45.82828637167399,1408],[7.752378368341113,45.828319932624105,1407],[7.752318294999198,45.828349720384026,1407],[7.752310774926394,45.828352836994156,1406],[7.752302627373762,45.828355053912674,1406],[7.752184847504768,45.828379571666225,1405],[7.752120491096316,45.828431057474404,1404],[7.752087689663743,45.828498680904104,1404],[7.752078296242934,45.828518045234006,1403],[7.752073906983161,45.828524800681286,1403],[7.75206769449928,45.82853081618205,1402],[7.752059904834413,45.82853585501337,1402],[7.7520508437026825,45.828539718005594,1401],[7.752040869832333,45.828542253370344,1400],[7.751870461379717,45.828572578975034,1400],[7.75094244266769,45.82873772636893,1399],[7.750722823149281,45.82881659762633,1399],[7.75071627339602,45.82881857539248,1398],[7.75027598164605,45.82892778221896,1398],[7.75026482553228,45.82892963666748,1397],[7.7499782570438995,45.82895500305682,1396],[7.74985424735807,45.82897900742316,1396],[7.749282113167487,45.829132286192134,1395],[7.749159330052585,45.829241386573955,1395],[7.74914990921525,45.82924790141115,1394],[7.748753718604077,45.82946090422898,1394],[7.748749111248272,45.82946312276515,1393],[7.748533180505696,45.829555849397224,1392],[7.748378272794008,45.82969032283027,1392],[7.748371017683861,45.829695500471274,1391],[7.7483624709406005,45.829699600115696,1391],[7.7481695141984614,45.82977404145824,1390],[7.7480099118596515,45.829885790978736,1390],[7.74763228879628,45.83015019114873,1389],[7.747623164110132,45.83015531224603,1388],[7.74761266351998,45.83015892239581,1388],[7.747601291731227,45.83016084892287,1387],[7.747444317620302,45.83017497409309,1387],[7.747352598920083,45.83020284441379,1386],[7.747032563812777,45.83039852064113,1386],[7.747026122707391,45.830401896246464,1385],[7.746601631035076,45.830591199980525,1384],[7.746599991743961,45.83059190202642,1384],[7.746462395846586,45.83064850424538,1383],[7.7464551610210854,45.83065098727184,1383],[7.746447472684809,45.83065268138835,1382],[7.745962353471478,45.83073206454337,1382],[7.745614892546711,45.830808743186346,1381],[7.745609793663479,45.83080967724422,1380],[7.744919579236584,45.83091409575638,1380],[7.744926294781661,45.830951612025366,1379],[7.744945001301196,45.83104179975739,1379],[7.745069009283801,45.831385269230985,1378],[7.744999008328932,45.83150526921673,1378],[7.744742028280109,45.83160455171859,1377],[7.744684274187017,45.83166215231322,1376],[7.744440900389577,45.83174948172453,1376],[7.744329211342022,45.83184950850786,1375],[7.744211743668438,45.8319202204219,1375],[7.744155215673786,45.83200060248896,1374],[7.74410431387745,45.83211704790111,1373],[7.744019388626469,45.83245812877815,1373],[7.744008606075694,45.83253650705956,1372],[7.7440566532763855,45.83267855005262,1372],[7.743667293436504,45.83265511892579,1371],[7.7428090084117525,45.832565268879556,1371],[7.742339007618371,45.8329352695785,1370],[7.74090400752237,45.8333962695236,1369],[7.740666404092917,45.83347109083897,1369],[7.740449944254785,45.83349575614164,1368],[7.740294716913005,45.83352777719635,1368],[7.7402262897228695,45.83357785952546,1367],[7.740194356621382,45.83362037620763,1367],[7.740155980769572,45.83370047852109,1366],[7.740138142428688,45.83374745009633,1365],[7.74014091811599,45.833797669520465,1365],[7.740154538199122,45.833849864408954,1364],[7.740197978175718,45.833909830539056,1364],[7.740245411811527,45.83395926254336,1363],[7.740336459610974,45.834071912560624,1363],[7.74038174175526,45.83413265226156,1362],[7.740544328083066,45.83432633640714,1361],[7.740741935287005,45.834521389171925,1361],[7.741200176549223,45.834755948765476,1360],[7.7412559732709365,45.83485106750159,1360],[7.74129207784406,45.83510572594928,1359],[7.741339082735081,45.83516249617228,1359],[7.741418607247267,45.83524519919948,1358],[7.741282667731237,45.8353156496707,1357],[7.741209618149713,45.83539124811743,1357],[7.741107023079742,45.83556572760631,1356],[7.740967526621696,45.8357090514538,1356],[7.740841692963845,45.83578470517785,1355],[7.740768102415039,45.83584524514577,1355],[7.740649966955578,45.83598572861141,1354],[7.740569475303808,45.83613730588169,1353],[7.740524176863611,45.836575574810425,1353],[7.740529009733673,45.83678938699185,1352],[7.74037186132766,45.83704866531805,1352],[7.740454769186219,45.83709207375726,1351],[7.74044636918633,45.83713427390716,1351],[7.740466068955006,45.837183972449765,1350],[7.740428372225708,45.83739496843279,1349],[7.740515871941276,45.837515264540095,1349],[7.74055357364847,45.83761956157824,1348],[7.740625373127436,45.837663059839265,1348],[7.740698972610851,45.837752456398306,1347],[7.740791172723949,45.83778625380953,1347],[7.740916174838401,45.83807064552156,1346],[7.741020774884404,45.83816454168358,1345],[7.741030675236019,45.83820504085519,1345],[7.741102674981028,45.83825483857866,1344],[7.741274373647721,45.83831853417222,1344],[7.7412719740356275,45.8383774331716,1343],[7.74131067383486,45.83841603102334,1343],[7.741294274828449,45.83844323128189,1342],[7.741412774622725,45.83852402716905,1341],[7.741485275398609,45.838645923146515,1341],[7.7414466756469205,45.83868562339233,1340],[7.741523376024501,45.8387662205982,1340],[7.74162337627753,45.83882201735679,1339],[7.741617976064777,45.83885101647527,1339],[7.741663176224986,45.83889831535893,1338],[7.741731675199887,45.83891531366932,1337],[7.741745976476343,45.83896511182497,1337],[7.74180287597227,45.83899171084271,1336],[7.741937276139145,45.83913040516623,1336],[7.741920876794795,45.83917710481148,1335],[7.741999277469497,45.839297900769346,1334],[7.741991277249847,45.83932040000721,1334],[7.742013477669856,45.83934739896282,1333],[7.742056076915714,45.83935209819435,1333],[7.742093978753155,45.83956539317946,1332],[7.742153778575454,45.83961469138565,1332],[7.742194279333728,45.83971028830107,1331],[7.7423296514419935,45.83988060034424,1330],[7.742271184987903,45.84033222528045,1330],[7.742176554911038,45.84053144168499,1329],[7.742006529102643,45.84079058032333,1329],[7.7419710479032355,45.84093644561583,1328],[7.741942128912628,45.84121963876739,1328],[7.741952771943133,45.84131876001108,1327],[7.742026265060808,45.841486076066936,1326],[7.742064631990426,45.841783510637754,1326],[7.742245428853934,45.842046511821415,1325],[7.742291578582222,45.84214152372565,1325],[7.742338817899695,45.842331051449904,1324],[7.7422669669840944,45.84280502977434,1324],[7.742261643611076,45.84304123075947,1323],[7.742363852318989,45.84379163626848,1322],[7.742497693786625,45.84428137924199,1322],[7.7426003129532015,45.8444422651513,1321],[7.742871955244229,45.844674763751,1321],[7.742960637001542,45.84488274786561,1320],[7.7429805089738934,45.845143977011155,1320],[7.743010315131147,45.84525005920317,1319],[7.743347153318057,45.845733033947255,1318],[7.743428968122891,45.84581718716671,1318],[7.7440328472285005,45.84616584111937,1317],[7.744143582652926,45.84625256184061,1317],[7.74446114397386,45.84659131555713,1316],[7.744559157270811,45.846671145787106,1316],[7.744711638639695,45.84676282485625,1315],[7.74486482892345,45.84682301025119,1314],[7.744985324778009,45.846905337193924,1314],[7.745161636195265,45.84708278083744,1313],[7.745272628112098,45.847158252817444,1313],[7.745377536594029,45.84721790725558,1312],[7.74554983997953,45.847287301974504,1312],[7.745809559962294,45.84733515521006,1311],[7.746263207756364,45.84749314044262,1310],[7.746342770915817,45.84753451513646,1310],[7.746532115965501,45.84770534939228,1309],[7.746701931518957,45.848028975166955,1309],[7.74682720330465,45.84818560548366,1308],[7.7468354960332615,45.84824644885423,1308],[7.746818643358693,45.8482800153378,1307],[7.746776241050369,45.84830430120315,1306],[7.7464829444288,45.84835411366957,1306],[7.746418059683895,45.84837590263602,1305],[7.746416543451559,45.84844338867418,1305],[7.746435752614591,45.848473023409845,1304],[7.746489598344444,45.848499582036304,1304],[7.746469621902417,45.848582232738856,1303],[7.746466022207813,45.848626831410435,1302],[7.746413123387029,45.848683831670975,1302],[7.746264125886691,45.848760533102556,1301],[7.746087528822737,45.84890493361787,1301],[7.745979231734906,45.84897123413965,1300],[7.745934932757422,45.84902703341861,1300],[7.7457351358375695,45.84913763529917,1299],[7.745808335569302,45.849217932732536,1298],[7.74586973504745,45.84924273039783,1298],[7.745905334685648,45.84929652928661,1297],[7.745916735644383,45.84935192741555,1297],[7.745895336329227,45.84941342685389,1296],[7.745910336943567,45.849440925593335,1295],[7.745850636750461,45.84948112646862,1295],[7.7459228365590205,45.84954892395451,1294],[7.745937537726387,45.84958602278147,1294],[7.745861738713084,45.84966052280904,1293],[7.745934138915181,45.84979871875942,1293],[7.745942840362881,45.84985761718843,1292],[7.745789443919611,45.850090415049365,1291],[7.745816445438491,45.850306710962876,1291],[7.745681448237057,45.850450310129595,1290],[7.745522851073902,45.85049911208934,1290],[7.745467147491093,45.85053552249101,1289],[7.745212788694936,45.85053497924953,1289],[7.745035333891011,45.85055103083937,1288],[7.74493483358413,45.850581428085384,1287],[7.744865866222161,45.85064142281691,1287],[7.744756295637455,45.85078872485236,1286],[7.74437893053528,45.850960085021526,1286],[7.744146879452056,45.85111279057252,1285],[7.743985242843095,45.8512842704915,1285],[7.74390167502077,45.85142060711655,1284],[7.743900256879971,45.85148359399116,1283],[7.743968545789937,45.85159684917157,1283],[7.744140889706386,45.851808001945756,1282],[7.744159141284966,45.85185545441828,1282],[7.744116409454869,45.85203724181381,1281],[7.743994667545546,45.85225640490167,1281],[7.74402985635039,45.852382404246924,1280],[7.743997763735968,45.852579528134996,1279],[7.744131622180822,45.8530822039426,1279],[7.744079535080081,45.85338913911408,1278],[7.744012665417173,45.8539137192766,1278],[7.744092272130954,45.85421654708716,1277],[7.74402161600071,45.85443740303101,1277],[7.743970295692217,45.85498941246713,1276],[7.743877433179651,45.85527524607171,1275],[7.743748158079506,45.8554938948419,1275],[7.743576494440722,45.85568101441595,1274],[7.743195754795698,45.85602777268495,1274],[7.742912548952979,45.8563059177046,1273],[7.742745209536568,45.85648479426892,1273],[7.742693698227882,45.85662282371065,1272],[7.742796229379524,45.85675198011522,1271],[7.742856027957966,45.856859831327114,1271],[7.742822063972755,45.85698627784878,1270],[7.742720966425366,45.85702351311164,1270],[7.742669760950683,45.857071261646105,1269],[7.7426368478983445,45.85736037478538,1269],[7.742753204485789,45.85791292629739,1268],[7.74274004176438,45.858171142581256,1267],[7.74263323951274,45.85838465508649,1267],[7.742528568382495,45.85842698373808,1266],[7.742452639714595,45.85840199199639,1266],[7.742284977401489,45.85840135425527,1265],[7.7421336431843795,45.858443169745044,1265],[7.7420373208514395,45.85855702377819,1264],[7.742062001541176,45.858812558715364,1263],[7.742104060344421,45.8589725618438,1263],[7.742039588540304,45.85913139113223,1262],[7.742037669904473,45.859216458329584,1262],[7.7421418028376525,45.85932396458022,1261],[7.742412793346091,45.85944087410403,1261],[7.742652364233251,45.85962589019239,1260],[7.742767556569547,45.85980712145495,1259],[7.74293449872439,45.85994957611485,1259],[7.7431130515401865,45.86013235197445,1258],[7.743322764187624,45.86028356228983,1258],[7.743425943280767,45.86043360055801,1257],[7.74371175283171,45.86058564797521,1256],[7.744189186696642,45.86101633561695,1256],[7.744493232139172,45.861711015629396,1255],[7.7446829791667176,45.86211833987594,1255],[7.744789544663209,45.86229932302356,1254],[7.744846180682372,45.86247130353523,1254],[7.7447120668031735,45.8626067179825,1253],[7.7445515145929065,45.862751939228666,1252],[7.744389680980554,45.86282999016305,1252],[7.744315782384699,45.862931089687,1251],[7.744302483574564,45.86302418789366,1251],[7.744314985420493,45.863119186126696,1250],[7.744372684946363,45.86319578399281,1250],[7.744474583873785,45.863252780609564,1249],[7.74459048409419,45.863409675390606,1248],[7.744831181729652,45.863554167948074,1248],[7.745186478380439,45.86369255912242,1247],[7.745294878590258,45.86376305580299,1247],[7.745404478009794,45.8639126505787,1246],[7.745414778214125,45.863971148848634,1246],[7.745378480855515,45.86409874760009,1245],[7.7453238808604254,45.86410644811324,1244],[7.745197083836268,45.864169449364525,1244],[7.745125584211927,45.86417715048114,1243],[7.745016686485884,45.86421895163646,1243],[7.7449538867220955,45.8642496522563,1242],[7.7449424880196505,45.864280851799144,1242],[7.744982587384125,45.86430395062788,1241],[7.745027386341201,45.86429344972017,1240],[7.745048687029512,45.864303049440075,1240],[7.745040886679069,45.86433034907183,1239],[7.745138986047455,45.86435834657719,1239],[7.745236084730416,45.86435484534381,1238],[7.74540558224237,45.864380241708474,1238],[7.7454457822761515,45.864401339805504,1237],[7.744705093131475,45.864567450524916,1236],[7.7445246969222366,45.86467805168671,1236],[7.74429500087829,45.864716354678066,1235],[7.744258500794251,45.86474795508806,1235],[7.744186601626003,45.86475745579183,1234],[7.7439416064523385,45.864864858263495,1234],[7.743950007033538,45.86487985786855,1233],[7.743910907269535,45.86489845830769,1232],[7.743975541170977,45.86497381673986,1232],[7.744061023733735,45.865047855365646,1231],[7.744186121734872,45.865106952310065,1231],[7.7442018229361675,45.86516395118729,1230],[7.744190722508653,45.8652082503118,1230],[7.744175823391019,45.865221350332526,1229],[7.743871427893249,45.86520945554105,1228],[7.743779028684395,45.86523605713638,1228],[7.743627405088846,45.86532984920105,1227],[7.7434930340171215,45.86536245934521,1227],[7.743394335763809,45.865377461028345,1226],[7.743256854959611,45.86537786770694,1226],[7.742956172187298,45.86534949120798,1225],[7.742865545934671,45.86538170887723,1224],[7.74274799053389,45.865406772787296,1224],[7.742620493185,45.86547977362997,1223],[7.7425814231065555,45.86555175130412,1223],[7.742451151525243,45.86564377332463,1222],[7.742309654494579,45.865719174017336,1222],[7.742170946390257,45.86583363427335,1221],[7.742053259475188,45.865952474065764,1220],[7.741965912143593,45.865984617317146,1220],[7.741884114824187,45.866037313570665,1219],[7.7418683192843645,45.86608605552706,1219],[7.741878801124447,45.866158908923786,1218],[7.7414583537677055,45.86613215809095,1218],[7.7413117024517994,45.866139343062564,1217],[7.741063828365739,45.866072966147236,1216],[7.740866008944806,45.86610520885035,1216],[7.740601444453449,45.866226313780345,1215],[7.74053985613546,45.866174422986866,1215],[7.740467466789185,45.86620049545394,1214],[7.740464165659838,45.86610429772948,1213],[7.7404417650583035,45.86611299710407,1213],[7.740127569227122,45.866018305456386,1212],[7.740091769964952,45.86604360572631,1212],[7.739956170848111,45.86604270793477,1211],[7.739905872051319,45.866058008171564,1211],[7.739889272932595,45.86604890846719,1210],[7.73990007092337,45.86596861050586,1209],[7.739876671052125,45.865955510747575,1209],[7.739864272206334,45.865970111135816,1208],[7.739814172313788,45.865946911910704,1208],[7.739773073811393,45.86599571199626,1207],[7.739711473751471,45.86588641561289,1207],[7.739683773862661,45.86587381650171,1206],[7.739619974130792,45.86589211689685,1205],[7.739563076197744,45.86593171707927,1205],[7.739469576360475,45.86589481921003,1204],[7.7394277768879505,45.86586172102613,1204],[7.739405977598467,45.86589562055922,1203],[7.739253479993992,45.865936323117594,1203],[7.739060008087163,45.86666429931083,1202],[7.738930007761172,45.86683430005392,1201],[7.737960008528061,45.86732430013975,1201],[7.737810008583123,45.866764299564636,1200],[7.737230007649409,45.86694429992219,1200],[7.736570008405574,45.86734430058652,1199],[7.735263392545904,45.86833874933547,1199],[7.73469039608875,45.868331746991224,1198],[7.734420832446197,45.8683222747562,1197],[7.7343435426978875,45.86853310088268,1197],[7.734332606240235,45.8687637355238,1196],[7.734347044403028,45.86900515103572,1196],[7.734309439957841,45.86929183947333,1195],[7.734292160010594,45.86937084461361,1195],[7.734261618658602,45.869452684641274,1194],[7.734265648278371,45.869532385770405,1193],[7.734300855050553,45.869632494017644,1193],[7.734264402019661,45.869700162340635,1192],[7.734193562330733,45.86972744683197,1192],[7.734084603086507,45.86972753474613,1191],[7.733981859294947,45.86972381138977,1191],[7.733775290344236,45.86969959200821,1190],[7.733649454446956,45.869679995958386,1189],[7.7335325616450445,45.86968704716571,1189],[7.733418495029293,45.869760477286846,1188],[7.733326162512805,45.86989082780787,1188],[7.73329304838124,45.87003796970919,1187],[7.73327606460675,45.87014974095478,1187],[7.7332242882279525,45.87027700570557,1186],[7.733149199854996,45.87038212135133,1185],[7.733102714699407,45.87049718627079,1185],[7.732910129185946,45.87069819150556,1184],[7.732886049829467,45.87087523534276,1184],[7.732941595912737,45.87102339188316,1183],[7.732953350646489,45.871112834258554,1183],[7.7329334193076615,45.8711625227132,1182],[7.732870901092367,45.87121086311977,1181],[7.7326544643435975,45.87119270110041,1181],[7.7322704441127295,45.8711026315642,1180],[7.732146680195969,45.87108812403803,1180],[7.73193172856357,45.87113096422404,1179],[7.731767099709539,45.87113559282528,1179],[7.731535700545705,45.87120251006322,1178],[7.731451432958164,45.871183382101044,1177],[7.731357174711696,45.871092242252296,1177],[7.731248997376035,45.87106198705248,1176],[7.73096245617508,45.87102682561289,1176],[7.730860776565325,45.870985597020024,1175],[7.730757590624262,45.87090465297133,1174],[7.730461203792314,45.870810390967456,1174],[7.730386322524651,45.87068142395056,1173],[7.730337138571023,45.87063773882565,1173],[7.7302837567832015,45.870616524039775,1172],[7.730225344092329,45.87044283641174,1172],[7.730164316988772,45.87013301406838,1171],[7.730150008088751,45.869935302381414,1170],[7.729093007934765,45.869676302298664,1170],[7.728923007497727,45.869921302661226,1169],[7.72865000786787,45.8700043028379,1169],[7.728270008701212,45.8704343033906,1168],[7.727820007544742,45.870481302798716,1168],[7.727640007962634,45.8704843034443,1167],[7.726590007999553,45.870134302781246,1166],[7.7264600076083285,45.87020430284104,1166],[7.726230007981733,45.8705243032979,1165],[7.7259000086527685,45.8707343031112,1165],[7.725800008313354,45.87103430365463,1164],[7.725500008607582,45.871164303572975,1164],[7.725520007494835,45.871424303926034,1163],[7.725180007707771,45.871894304829986,1162],[7.724490008009544,45.87239430469961,1162],[7.724150008683263,45.87230430510745,1161],[7.72369000875777,45.87294430503521,1161],[7.7233500082704545,45.873144306033346,1160],[7.723220008451699,45.87354430636942,1160],[7.72283100809077,45.87396930624924,1159],[7.722558008390419,45.87396630636346,1158],[7.722225008611735,45.874210306523146,1158],[7.722057007663443,45.874418306854814,1157],[7.721890007749261,45.87467430693584,1157],[7.721680007568728,45.874764307080405,1156],[7.721530007901006,45.875004307057125,1156],[7.721030008673128,45.87522430756742,1155],[7.720870008437867,45.87535430802072,1154],[7.72065000790738,45.87542430809784,1154],[7.720750008370037,45.87550430752133,1153],[7.720950008521832,45.87556430805658,1153],[7.721640007738943,45.87556430829108,1152],[7.721675008332676,45.875614307862776,1152],[7.721660007797373,45.875824308252604,1151],[7.721060008697961,45.87612430800357,1150],[7.7211200076251645,45.87625430878334,1150],[7.720393008345321,45.87678130869752,1149],[7.7213600086768,45.876784309168585,1149],[7.720560007763718,45.87745431002852,1148],[7.720670008348355,45.877624309428214,1148],[7.720430008747149,45.8776943101275,1147],[7.720240008302715,45.87792431006754,1146],[7.71994000844252,45.87796431011475,1146],[7.718890008699571,45.87908431091822,1145],[7.718440008268245,45.879234311644964,1145],[7.718140008027191,45.879624312022656,1144],[7.716360007927359,45.88058431270146,1144],[7.715431700652268,45.88172392000105,1143],[7.714431008743354,45.88232431385558,1142],[7.714401007879278,45.88245431425237,1142],[7.712131008533315,45.883204315407966,1141],[7.711511008234188,45.884344315996586,1141],[7.709811008495335,45.886234317519076,1140],[7.709771007723422,45.88678431804406,1140],[7.709001007730708,45.8880743194447,1139],[7.708951008510612,45.88880432054354,1138],[7.708571008125572,45.889174320481516,1138],[7.707841007918874,45.88947432069951,1137],[7.70715100756059,45.89043432151377,1137],[7.707221008761361,45.890504321391596,1136],[7.706701008219027,45.891314322271676,1135],[7.706551007634134,45.89146432241519,1135],[7.706101008661652,45.89150432310498,1134],[7.704941007996266,45.89271432408183,1134],[7.7033310074838655,45.89316432436774,1133],[7.703141008532155,45.89339432416777,1133],[7.703031008580733,45.893394324772444,1132],[7.703031008482831,45.89320432407209,1131],[7.702691007801808,45.89299432393783,1131],[7.702281007492285,45.892924323832666,1130],[7.702191008666722,45.893034323793245,1130],[7.701831007659468,45.89281432408331,1129],[7.700541008379876,45.89296432440811,1129],[7.699191008222273,45.89281432405294,1128],[7.698631007832042,45.89320432435084,1127],[7.697541008606239,45.89367432494617,1127],[7.697171008031409,45.893994324891054,1126],[7.696851008363663,45.894664325792775,1126],[7.696141008076044,45.89502432569962,1125],[7.695861007744071,45.896124327155846,1125],[7.696311008426729,45.89689432809295,1124],[7.695759008221664,45.89789932844784,1123],[7.6955910077900995,45.89818432890393,1123],[7.6942310080026655,45.899364329907215,1122],[7.694581008487182,45.899644330365575,1122],[7.694431008619754,45.89977433019578,1121],[7.693701007818292,45.89979433079006,1121],[7.692951007508646,45.90000433064874,1120],[7.691891008519373,45.900694331438835,1119],[7.690671007478985,45.902174332780255,1119],[7.690332008128313,45.902964333403524,1118],[7.689412008471554,45.90419433480305,1118],[7.6896900079612776,45.90531733612484,1117],[7.690182008496158,45.905904336872894,1117],[7.690932008480196,45.906104336815034,1116],[7.690892008252458,45.90644433732857,1115],[7.691252007999101,45.90698433703833,1115],[7.691252008661934,45.90837433836657,1114],[7.691643007819414,45.910484340684945,1114],[7.69126100795412,45.91048034100296,1113],[7.690762008751634,45.91047434059902,1113],[7.689942007927973,45.91073434099838,1112],[7.689532008572052,45.910694341020765,1111],[7.689432007488869,45.91082434141648,1111],[7.689132007476676,45.91073434067145,1110],[7.688832008698198,45.91097434121214,1110],[7.688592007535473,45.91236434218027,1109],[7.688702007754492,45.91268434283105,1109],[7.689102008369198,45.913034343305426,1108],[7.689302008481772,45.91363434361937,1107],[7.689172007824958,45.91444434483468,1107],[7.688661008180934,45.91538534566015,1106],[7.6890620085592385,45.915524345542906,1106],[7.688832008583544,45.915604345860146,1105],[7.688734684628157,45.915930884376586,1105],[7.688251184007426,45.91570343837175,1104],[7.6877170654350255,45.91583869371595,1103],[7.687759614867015,45.91599694799168,1103],[7.6878656349214705,45.91615575206811,1102],[7.68817913012571,45.91643092124474,1102],[7.688414248114579,45.91669564507577,1101],[7.688514268322659,45.91700124679479,1101],[7.68850166444338,45.91729465368447,1100],[7.688461177416131,45.91751970843562,1099],[7.688460825301415,45.91780329534638,1099],[7.688447876447779,45.91793149579176,1098],[7.688440957037118,45.918104526429545,1098],[7.688359235527482,45.918465002662124,1097],[7.688359875383135,45.91886657898525,1096],[7.6883677543610665,45.918971808634886,1096],[7.688403629317525,45.91915397524759,1095],[7.688539996470164,45.919557996039636,1095],[7.688723902310053,45.91974074283827,1094],[7.688797064151983,45.919839426943305,1094],[7.688859015652697,45.9199563032763,1093],[7.688995979440024,45.92009335215365,1092],[7.689210506878048,45.92023710849182,1092],[7.689329506053997,45.92041144142438,1091],[7.68937882416334,45.92054649255858,1091],[7.689452253636458,45.920659807412235,1090],[7.689460377664686,45.92077279798323,1090],[7.689437574920767,45.92082522211638,1089],[7.68937182444878,45.920869626689864,1088],[7.689262770438165,45.92092106137243,1088],[7.689056331223003,45.92098643154854,1087],[7.688686004444914,45.92107292519033,1087],[7.688264469394011,45.92111324525533,1086],[7.688112929753645,45.921197280501644,1086],[7.688164176301103,45.92131076717892,1085],[7.688323945696059,45.921395392988664,1084],[7.688537977536438,45.921465588499565,1084],[7.688693043197019,45.92151678596164,1083],[7.688717957822241,45.92157345038489,1083],[7.6884823706058905,45.921589349913425,1082],[7.688035893887,45.92166005569494,1082],[7.687535334620465,45.92184999576249,1081],[7.687296900055709,45.92189994229499,1080],[7.686971434512187,45.92196465035082,1080],[7.686732178871389,45.92206656272589,1079],[7.686556655524345,45.92219249540745,1079],[7.686153653594185,45.92236097191204,1078],[7.6860223200663365,45.92244225313824,1078],[7.685848394403667,45.92250046450454,1077],[7.6858538446915805,45.92272632280474,1076],[7.6859268288127405,45.92283253356611,1076],[7.686195659885605,45.92286573093392,1075],[7.686302587716015,45.922904592266256,1075],[7.686492573011005,45.92307988644361,1074],[7.686918869878395,45.92329552817185,1074],[7.686938657789944,45.92337102107431,1073],[7.686571544804256,45.923389381376985,1072],[7.686344418026081,45.923416876072544,1072],[7.686353246510778,45.92349976907925,1071],[7.686641867392049,45.923608457510234,1071],[7.686888428942587,45.92367150399065,1070],[7.6871443520417975,45.92379486917683,1070],[7.687120835737919,45.92387739045928,1069],[7.686560711443306,45.92384837309697,1068],[7.686441933525485,45.92385453453235,1068],[7.686493889424966,45.92393792332988,1067],[7.686794006870613,45.92401663769744,1067],[7.686866815601052,45.92413037182554,1066],[7.686906570730732,45.92427383277529,1066],[7.687012436499876,45.924357840875025,1065],[7.687152246644489,45.924374500339376,1064],[7.6872485742816465,45.92440571296588,1064],[7.68742938369437,45.924513161538634,1063],[7.687587208928688,45.92468055747882,1063],[7.687605933430033,45.924801196777736,1062],[7.6875919564355835,45.92493651336614,1062],[7.687654520261399,45.925027549473064,1061],[7.687684913685097,45.92511069004393,1060],[7.687703283619743,45.92524637815947,1060],[7.687678347815705,45.925389095787466,1059],[7.687597269984515,45.92551925222351,1059],[7.687506394976118,45.925634766959206,1058],[7.687448827798487,45.92571504847932,1057],[7.687353465823315,45.92582403496754,1057],[7.687225941788681,45.92591970139351,1056],[7.68702519897452,45.9259724357604,1056],[7.686828633948193,45.926044644822014,1055],[7.686626390342775,45.92609202589265,1055],[7.686396602371342,45.9261104439495,1054],[7.6862408490462615,45.926180347323886,1053],[7.685974440072454,45.926304576052914,1053],[7.685935920476761,45.926322537651174,1052],[7.685789152195687,45.92644712123528,1052],[7.685697660278938,45.92658852832901,1051],[7.685596890887251,45.92672982861965,1051],[7.685106243809899,45.92707385624122,1050],[7.684874067906244,45.9272783985193,1049],[7.684574198158096,45.927598717756034,1049],[7.684394848079279,45.92792366225452,1048],[7.684242361212374,45.92809350590388,1048],[7.683863394083312,45.928446539953306,1047],[7.6834485337987894,45.92866714718809,1047],[7.682927220849972,45.92881919593945,1046],[7.682317325090083,45.929068064191014,1045],[7.681858741282673,45.929303622898786,1045],[7.681652795950642,45.92934640552072,1044],[7.681510835348761,45.92942003285884,1044],[7.6814929204034685,45.92972088601017,1043],[7.6815590258021205,45.92976519380131,1043],[7.681993561681066,45.929918802057,1042],[7.682106298107208,45.93000011460407,1041],[7.682563099983396,45.9302511342052,1041],[7.682683249310206,45.930365394228545,1040],[7.682758262225953,45.93048341968225,1040],[7.682787158959071,45.93064663556474,1039],[7.682784455294416,45.93093379124487,1039],[7.682800848717265,45.931019707515304,1038],[7.683189136176503,45.931657137553756,1037],[7.683455047373896,45.93227458148489,1037],[7.683506045622695,45.93254235284655,1036],[7.683537210254298,45.93260986539301,1036],[7.683576766123529,45.932668901884526,1035],[7.683766117003676,45.93280110255308,1035],[7.684162990244998,45.93298998782124,1034],[7.684273451767819,45.93308127394498,1033],[7.684477258451827,45.93329508212084,1033],[7.684672052602265,45.93363023264911,1032],[7.684933840822406,45.93416332655841,1032],[7.684971925494107,45.93419805668435,1031],[7.685268345692822,45.93430576889238,1031],[7.685383716091732,45.93436281951228,1030],[7.685655458589673,45.934561690051474,1029],[7.685865011879285,45.93479270634021,1029],[7.685957663211299,45.93485806779272,1028],[7.686356707617286,45.935042683517196,1028],[7.686481743802747,45.93512413397589,1027],[7.686541675211064,45.93518768955932,1027],[7.6866368602626505,45.935405959331106,1026],[7.686800235789543,45.935685022711404,1025],[7.686852215393158,45.93573848477541,1025],[7.687571677950675,45.936229682849444,1024],[7.687959355215515,45.93646274109833,1024],[7.688064834240234,45.93650538753479,1023],[7.688347143595862,45.936604356955606,1023],[7.688585559671106,45.93665424405301,1022],[7.688857903212933,45.93674166843166,1021],[7.689085404544084,45.93690716049115,1021],[7.689718477990759,45.937249353962194,1020],[7.689694296687485,45.93751518912973,1020],[7.689723482246701,45.937725078847414,1019],[7.690008403418102,45.93809030623668,1018],[7.690336966506128,45.93834172934341,1018],[7.690591748828685,45.93847758909243,1017],[7.690774833767618,45.93858964197479,1017],[7.692922008399602,45.93809336741336,1016],[7.694282008315062,45.9382833676812,1016],[7.69494200756409,45.938543368008425,1015],[7.69537200751819,45.938863368447876,1014],[7.695522008137434,45.939273369125004,1014],[7.695132007548573,45.939983369960686,1013],[7.695182008352186,45.94077337041491,1013],[7.694732008700288,45.94180337144134,1012],[7.695202008653715,45.94217337188958,1012],[7.695132008115116,45.94371337327688,1011],[7.695412008051581,45.944253374215634,1010],[7.695262008557744,45.94521337519999,1010],[7.694132008196948,45.9456933755786,1009],[7.693462008253256,45.94674337656717,1009],[7.693482007584254,45.946973376227646,1008],[7.694656559543109,45.947947606768224,1008],[7.695035273501471,45.948247215241324,1007],[7.695153325315691,45.9483080962478,1006],[7.695258479554497,45.94833668199753,1006],[7.695359268509937,45.94833307084976,1005],[7.695458518555421,45.94832229677464,1005],[7.695556733570058,45.94828293602368,1004],[7.69574899115372,45.948428709330194,1004],[7.695878526813782,45.94852398267454,1003],[7.696144115099693,45.94855140064887,1002],[7.696527594158656,45.948482615956976,1002],[7.696941049150529,45.94851171882896,1001],[7.697271819457036,45.94851173835396,1001],[7.697908410228325,45.948428951069836,1000],[7.69875335413146,45.94834853323702,1000],[7.699369030595686,45.94829739008065,999],[7.699745373627781,45.94830354992161,998],[7.700074331714364,45.94826602242736,998],[7.701009160486216,45.94819411485599,997],[7.702034737138363,45.94815136789853,997],[7.702695131293993,45.948027554765766,996],[7.7031409140412626,45.94793881956046,996],[7.703463430479357,45.948004384920424,995],[7.703680497139668,45.94803686261177,994],[7.703944249991059,45.94814302947772,994],[7.704096706676888,45.94817852477839,993],[7.704249643032042,45.948193390530584,993],[7.704400591882152,45.94817821873729,992],[7.704522490756407,45.94814020695427,992],[7.704868372589559,45.948010939275065,991],[7.70503315436884,45.94797903994277,990],[7.705166242778174,45.94792239514644,990],[7.7052647094700975,45.94785128875658,989],[7.7052864982077605,45.94772397475063,989],[7.705278404863848,45.94749408423023,988],[7.70530454220527,45.94729553420625,988],[7.705297609720698,45.94713131427665,987],[7.705192992596578,45.94677370686453,986],[7.7053565208856485,45.94656452105368,986],[7.705619213009798,45.94636958881687,985],[7.705673147884529,45.946131959631316,985],[7.705802008493184,45.945923375870954,984],[7.705801017952728,45.94572164734139,984],[7.705745694132038,45.94555687837048,983],[7.705646767364324,45.94541694114391,982],[7.705593368244643,45.94528502307946,982],[7.705592163304899,45.94522122850212,981],[7.705620050826249,45.945178398291134,981],[7.705696834532432,45.945229917709405,980],[7.705844936582167,45.94533664577674,979],[7.706012008247305,45.94536337496213,979],[7.70610237145331,45.945309547368,978],[7.706158886302862,45.945192004605246,978],[7.706316890819744,45.94504653574996,977],[7.706477852654167,45.944831690486915,977],[7.706540077251733,45.94472875111522,976],[7.706646026431141,45.9446535071041,975],[7.706888484285301,45.94444638516712,975],[7.706955707184755,45.94433083972521,974],[7.707132007742093,45.94403337320284,974],[7.707202726131975,45.94399972323593,973],[7.707324177973323,45.94398046253901,973],[7.707432007841621,45.94399337369552,972],[7.707563601671911,45.9440338206124,971],[7.70764332788357,45.944132269446094,971],[7.707667377833551,45.94425447550147,970],[7.707647586615018,45.94441182744568,970],[7.707755536404593,45.94508931200023,969],[7.707824213266376,45.9451426139471,969],[7.707887287274145,45.945089864155904,968],[7.708037785652745,45.944746399591864,967],[7.708101913057144,45.94476400727825,967],[7.708178598098814,45.94493558229325,966],[7.708276017479708,45.94502485068064,966],[7.708330263435536,45.945004829128344,965],[7.708357943844629,45.94485506974503,965],[7.708514761486736,45.944586711679264,964],[7.708578916838309,45.94454522939502,963],[7.708932782636316,45.94447606833376,963],[7.709232007839778,45.94431337429553,962],[7.709275485444103,45.9441347728311,962],[7.709331687654762,45.944030357165815,961],[7.709593635807386,45.9438663599672,961],[7.709844447722053,45.94360281372,960]]}}]}