{"type":"FeatureCollection","features":[{"type":"Feature","properties":{"slug":"pvf-s3","sct_code":"PVF_S3","source":"Catasto Sentieri VdA"},"geometry":{"type":"LineString","coordinates":[[7.318629787824668,45.73816553420658,581],[7.318662017338164,45.73811149941478,581],[7.318776133099273,45.73792017374723,581],[7.318873823170303,45.737957613883154,581],[7.318966426932093,45.73799047969503,581],[7.319176134067108,45.73802956812888,581],[7.319593028797942,45.738071282386585,581],[7.319650697381607,45.73807705230216,581],[7.320070118848802,45.73814172552687,581],[7.320259879565326,45.737653985549876,581],[7.320326567051267,45.737492956071556,581],[7.32036647657687,45.73738103588821,581],[7.320470898872766,45.73724756291043,581],[7.320696498038466,45.73701087088171,581],[7.321355400155485,45.737173920646114,581],[7.321626097145508,45.73727442881682,581],[7.321697993984115,45.737301602203644,581],[7.322295376372562,45.737526391903124,581],[7.322620041398798,45.737603164757864,581],[7.322916651908548,45.737685811663816,581],[7.32338726792128,45.73781694200146,581],[7.323518817317486,45.73786387573435,581],[7.32357248065504,45.73788266450171,581],[7.323840136398482,45.73795859713075,581],[7.324216594676185,45.73806312717375,581],[7.32429287553375,45.738091247996856,581],[7.324366776029138,45.73811060240114,581],[7.324464802971519,45.73813537169635,581],[7.324649260661491,45.73818198217176,581],[7.324806710999981,45.73824649079883,581],[7.3249226653611865,45.73829399883642,581],[7.325016081714474,45.73831336990734,581],[7.325686838140537,45.73847621293211,581],[7.32584349706946,45.73851458978885,581],[7.325862692462102,45.73851929311588,581],[7.326267800491575,45.73861973601662,581],[7.326539743638954,45.738686723664465,580],[7.32673875981507,45.7387346070212,580],[7.32721693581526,45.738849654673956,580],[7.327569719158073,45.73894032426461,580],[7.327694428272702,45.738975261473215,580],[7.327908716689968,45.7390352930324,580],[7.328296966866683,45.739148983676166,580],[7.328604516710531,45.73923448864568,580],[7.328645058194371,45.73935659127129,580],[7.328748238414084,45.739452606029225,580],[7.328847863767163,45.739492314271,580],[7.328876005855765,45.73950353208668,580],[7.328970937610317,45.739541370537594,580],[7.329232931453587,45.73958462562623,580],[7.329407998943835,45.739572031155255,580],[7.3294619174647115,45.73954045823686,580],[7.329553402541646,45.73948688469341,580],[7.329860891425314,45.73957714577627,580],[7.330093048692502,45.73964529289403,580],[7.330231544810851,45.73968340537582,580],[7.330319407834912,45.73970758362165,580],[7.330562756222193,45.73977454868974,580],[7.330891764155048,45.73985297165051,580],[7.331138686344686,45.7399228156886,580],[7.331176973607579,45.73993364473154,580],[7.33130839929751,45.73995806625492,580],[7.331476768645534,45.73999652814264,580],[7.3316607954714605,45.740035219380204,580],[7.33192124324414,45.7401245276797,580],[7.3321418096592295,45.740231254160555,580],[7.332334936682964,45.74032858083104,580],[7.3324124300285005,45.74035671391609,580],[7.332833088541762,45.74038085574375,580],[7.333444203335309,45.74043027555999,580],[7.333477178902598,45.740493277278226,580],[7.333468666214889,45.74057432912215,580],[7.333480470925076,45.74060406909556,580],[7.333655894213847,45.74059799510737,580],[7.333940416526542,45.74059189215206,580],[7.334167671606246,45.740585401526864,580],[7.334174519403484,45.7406499931056,580],[7.334193807939321,45.740657965390724,580],[7.334232409192855,45.74067305435066,580],[7.334307047326372,45.74070746740026,580],[7.334267970063676,45.74074472327691,580],[7.334311419068998,45.74076563606403,580],[7.334353503196226,45.74078675754519,580],[7.334424585289303,45.74083623599957,580],[7.334467157060358,45.740863395823965,580],[7.334545478379531,45.74091246042994,580],[7.334659914815485,45.74095463148472,580],[7.335198999740897,45.74104540321238,580],[7.335291350384166,45.74106025004835,580],[7.335515536637501,45.74107251687989,580],[7.335774922478779,45.74107629648378,580],[7.335927769727998,45.7410695237412,580],[7.336179526043332,45.741059690433985,580],[7.336433690180951,45.74102288996451,580],[7.336722383863046,45.74097309091305,580],[7.336957677633225,45.74091276694354,580],[7.3371412998705745,45.7408261799694,580],[7.337481916736045,45.74065112707098,580],[7.337596884416818,45.74063479928125,580],[7.337717207863849,45.74064105161707,580],[7.337861357699615,45.74068365188476,580],[7.338095050752625,45.740768056464766,580],[7.3386028589165475,45.740941955128356,580],[7.338780472840608,45.74099404063604,580],[7.338995024920826,45.74104666482799,580],[7.339119500078971,45.741061975717024,580],[7.339382765648573,45.741070303817104,580],[7.339482748476538,45.74108525822266,579],[7.339565066224188,45.74111345568145,579],[7.339670543573641,45.741200495160435,579],[7.339704678466248,45.74125499469097,579],[7.3397159256522775,45.741309161524306,579],[7.339702423274648,45.74145297418046,579],[7.339688920301614,45.74161028765916,579],[7.339728144690981,45.74168286227386,579],[7.339815551710746,45.74175613721007,579],[7.340110293488438,45.741913652629925,579],[7.3406032742265666,45.742177109226375,579],[7.340699782526414,45.74222801430966,579],[7.340761356750203,45.742278411845504,579],[7.3408492455171235,45.74236543952915,579],[7.340931413311856,45.742442344826365,579],[7.34102392669553,45.74250029304524,579],[7.341091087465119,45.74252758700881,579],[7.341159426959654,45.742549851439676,579],[7.3413647710761385,45.742588693488614,579],[7.341612387520367,45.742596789193954,579],[7.341857323247261,45.74258684523502,579],[7.342206664188785,45.742605415987775,579],[7.3425210708132305,45.74262348144129,579],[7.342541783321839,45.74262601233844,579],[7.342730009609521,45.742649013671326,579],[7.342933590958256,45.74267896897355,579],[7.343182422077784,45.74272758049398,579],[7.343345987303049,45.74276595516213,579],[7.343457488142688,45.7427990760454,579],[7.343520797565478,45.74281799350827,579],[7.344131433929443,45.742966357035804,579],[7.344473424467307,45.74302981706384,579],[7.344708196784095,45.74306472245279,579],[7.344808318992401,45.74307517302835,579],[7.345121929587204,45.743106719711626,579],[7.345278936337962,45.74313599513023,579],[7.345599517401208,45.74321714363058,579],[7.345683980094525,45.74324086925375,579],[7.345809669682426,45.74326969035843,579],[7.345956773449447,45.743294322048115,579],[7.346241344292508,45.74334344623387,579],[7.346396751044737,45.74338619957875,579],[7.34645578486742,45.74341405496652,579],[7.346512547115634,45.743464378824896,579],[7.346615379570492,45.7436278773625,579],[7.34671379623184,45.74379131188709,579],[7.346721035176979,45.743845419986286,579],[7.346742625578601,45.74402574355447,579],[7.346759902765712,45.744066497013726,579],[7.346790277180577,45.744102577037246,579],[7.346947058925907,45.744217714872065,579],[7.3470640576528385,45.74426891109389,579],[7.3472639090298415,45.744330306616895,579],[7.347381974358515,45.744372517392286,579],[7.347479027666344,45.74441892432884,579],[7.3475696602266165,45.744478739123096,579],[7.347586473480363,45.74449276670261,579],[7.347684927869392,45.74457491242342,579],[7.347756819958077,45.744629955693064,579],[7.347850660305897,45.74467631583503,579],[7.34798198279686,45.74473221857056,579],[7.3480439617644455,45.74475561634987,579],[7.34819014026115,45.744811733701866,579],[7.34844648633297,45.74489194522932,579],[7.348597615340423,45.744930132534776,579],[7.348706440677626,45.74494520668951,579],[7.349044433214165,45.745008596093186,579],[7.3491973005338815,45.7450423074533,579],[7.349441469815736,45.74512684103068,579],[7.349509742176746,45.74515482922973,579],[7.3496602109943305,45.74521550696389,579],[7.349738120960402,45.74524363517464,578],[7.349853642465502,45.7452768051812,578],[7.3499996864491495,45.74531041688879,578],[7.350195658546261,45.745353750124366,578],[7.3504569579610575,45.74541602847052,578],[7.350552136412621,45.74544440370655,578],[7.351090148123852,45.74563218271842,578],[7.3512092920552785,45.745678904468534,578],[7.351577430472893,45.7458102265357,578],[7.351684126058998,45.74585676903668,578],[7.351791091583259,45.74590781650757,578],[7.351997129429436,45.74601879421325,578],[7.352137429850238,45.74608382313463,578],[7.352241047577014,45.74612582043392,578],[7.352344659127061,45.74615431582554,578],[7.352463262973512,45.74617852889763,578],[7.353300046597507,45.74634360399825,578],[7.353570986541094,45.74639251246136,578],[7.353696011117759,45.7464033168777,578],[7.353840844276005,45.74640990366328,578],[7.354037080733443,45.74641723190693,578],[7.354147645238313,45.74642782475539,578],[7.354308283623492,45.746457140959315,578],[7.354416182518941,45.746490198313694,578],[7.354488476068,45.74651824145882,578],[7.354760642112233,45.746621167150025,578],[7.3548317363268625,45.74666269362447,578],[7.354916485849362,45.74671791844765,578],[7.355289058043157,45.746849290570104,578],[7.355401391103786,45.74692291240436,578],[7.3554545469166905,45.74695967993212,578],[7.355561381373275,45.74700172142258,578],[7.355668734046153,45.74699876573403,578],[7.355745697937007,45.746990874922425,578],[7.355996268676445,45.74696747821842,578],[7.356137760219851,45.74697851606624,578],[7.356421026747106,45.74704559535224,578],[7.356605773484773,45.74710225686019,578],[7.356761478813422,45.74717650136865,578],[7.356873947773003,45.747245624329715,578],[7.3570640586080325,45.74732486362538,578],[7.357346145177123,45.74744592782001,578],[7.357508549221578,45.747524767912616,578],[7.357598795462513,45.74758456824864,578],[7.357643655300013,45.747630216910714,578],[7.357685678593717,45.74768359944255,578],[7.357697637728654,45.747720613329754,578],[7.357721756852107,45.74777534861614,578],[7.357778934632884,45.74782567280169,578],[7.357851106054433,45.747871714045715,578],[7.358009890757131,45.74793700056479,578],[7.358072160966681,45.74791101467247,578],[7.358207965874448,45.747854342602594,578],[7.358293357994542,45.747833068598254,578],[7.3584566930348325,45.74789391962422,578],[7.358862355039465,45.74804825785692,578],[7.3588930126550816,45.74805255867177,578],[7.359096180220976,45.74808105707437,578],[7.359184039512531,45.748093380882885,578],[7.359445078245948,45.7481241329585,578],[7.359942932549297,45.74818978598716,578],[7.36027922014342,45.74825761786531,578],[7.3607424230200245,45.74835427187046,578],[7.36110642845135,45.74843599991283,578],[7.36150605098409,45.74853623880526,578],[7.361636447082583,45.74856961113228,578],[7.361883581030634,45.74862265954403,578],[7.362027624087875,45.748642726322224,578],[7.362184249967207,45.74865847216909,578],[7.36226216506839,45.7486730901661,578],[7.362700978911785,45.748710882979715,578],[7.362905672919324,45.74874531793532,577],[7.363140224958687,45.748802684465815,577],[7.363302628471626,45.74885451374999,577],[7.363404381562777,45.74889197389843,577],[7.363461150454621,45.74891528953384,577],[7.363558611950699,45.74893468696791,577],[7.363645495553722,45.74894493133652,577],[7.3637825692386425,45.748942394695106,577],[7.363899830419975,45.74894407437375,577],[7.364152824395267,45.7489341970968,577],[7.364268344976791,45.74892685182494,577],[7.364383189975646,45.74891499469005,577],[7.364456140900535,45.74890703874382,577],[7.364535640627608,45.748881175429936,577],[7.364598804664333,45.748850577901614,577],[7.364673340305264,45.74880214205738,577],[7.364802445844032,45.74867348249249,577],[7.364875491206427,45.7485935241752,577],[7.365000855081921,45.74848281100867,577],[7.3650900014178955,45.74847058620659,577],[7.36516350588619,45.74849863900946,577],[7.36520234395479,45.74853069768535,577],[7.365222445156273,45.74857148782875,577],[7.365281925050818,45.74865334489814,577],[7.365338593417874,45.748735159899105,577],[7.365364734351835,45.74880303808352,577],[7.365516130563691,45.74903921874129,577],[7.365559408257275,45.74911184146779,577],[7.365615129004865,45.749171142306515,577],[7.365700429239043,45.74922186669997,577],[7.365761632886936,45.749272246271616,577],[7.365853758585703,45.74932306640402,577],[7.365919225657864,45.74933750381241,577],[7.365999018791339,45.74935664549489,577],[7.36610624888372,45.749371681122675,577],[7.366390725282236,45.7493982513914,577],[7.36677952327782,45.74943275163005,577],[7.366874397709861,45.749441169979285,577],[7.36699951943734,45.74944773004828,577],[7.367097420152577,45.749438875332956,577],[7.367161185332463,45.74942867841429,577],[7.367204359799332,45.74941306041274,577],[7.367252662834366,45.7493889714891,577],[7.367359179851231,45.74933580673274,577],[7.367559884100553,45.74931219031034,577],[7.3676915261401135,45.74931223100822,577],[7.367925013394514,45.74935711122983,577],[7.368040789547145,45.74942595358834,577],[7.3681227498447495,45.74945766430508,577],[7.368365945062368,45.749590750827686,577],[7.368474589977621,45.74964854891631,577],[7.3684319227714,45.74978717965575,577],[7.368435088135804,45.74986212378217,577],[7.36841631998274,45.749955478435524,577],[7.368402024999285,45.75007885708432,577],[7.36840202641983,45.75026235834958,577],[7.3684012666531356,45.75030514507208,577],[7.368416872865085,45.75032099203468,577],[7.368462071914607,45.750332261894954,577],[7.368591769374812,45.75035411359105,577],[7.368635967393394,45.750369118710594,577],[7.3686673269170315,45.75039581486912,577],[7.3686798376413565,45.75042599145036,577],[7.368681605628322,45.75045726477981,577],[7.368670806867447,45.75049085808275,577],[7.3686467861007605,45.75051863810862,577],[7.368725444741935,45.750651630222556,577],[7.368858701527784,45.75089556498689,577],[7.368919980775041,45.75106498597645,577],[7.368933003411566,45.75112071336989,577],[7.368954418320473,45.75116075294969,576],[7.36904505518549,45.75141176894025,576],[7.369059205828974,45.751460249886854,576],[7.369063091688679,45.7515363536315,576],[7.369068982037808,45.75164837474745,576],[7.369074285792199,45.751696729370366,576],[7.369171383888195,45.75177843654519,576],[7.369294065945847,45.751851323836746,576],[7.369306346700053,45.75190742401167,576],[7.369320403524491,45.75195821042055,576],[7.369341051337918,45.75200800815577,576],[7.369364672413282,45.75205676646786,576],[7.369415082809609,45.75217449221101,576],[7.369446180617308,45.752237939010406,576],[7.369479154836318,45.752305914655466,576],[7.369544136432571,45.7523923473526,576],[7.3696119381118415,45.75249232017161,576],[7.369628780878065,45.75263070713779,576],[7.369642432022593,45.752652574382076,576],[7.3696579570438026,45.75266228164254,576],[7.369678087670248,45.75266889184806,576],[7.369702341489717,45.75266963314552,576],[7.369730062256245,45.752667658054946,576],[7.369761421297056,45.75265703946463,576],[7.369795187927642,45.752641317719856,576],[7.369829741773231,45.75261790093936,576],[7.369865080529153,45.75259666898006,576],[7.3699245662509,45.7525895146325,576],[7.369963099892408,45.752584531905384,576],[7.370029666147193,45.7525669065141,576],[7.370086602762639,45.752550329945244,576],[7.370210882450442,45.75250882779822,576],[7.370296092333663,45.7524906780175,576],[7.3704328158773516,45.75246773047153,576],[7.370561801373366,45.752448822524485,576],[7.37060745214005,45.75245144935675,576],[7.370659196540386,45.75245811612979,576],[7.370713566442353,45.75247153833122,576],[7.370839369363568,45.752494080755305,576],[7.370887738909604,45.75250030416579,576],[7.37094150939397,45.75249553752247,576],[7.371011379900376,45.7524807254494,576],[7.371101633074288,45.75244446770492,576],[7.371136516093254,45.75242915660723,576],[7.371184308054069,45.75239703656342,576],[7.3712322839113185,45.75235859444353,576],[7.371292781453771,45.7522875292879,576],[7.371385402789116,45.75218925717387,576],[7.371533452019107,45.75207774518301,576],[7.371635243379333,45.752023274212426,576],[7.3717306524759145,45.75195527436676,576],[7.3718012563145034,45.751895814289824,576],[7.371846519486336,45.75186326189631,576],[7.37188415393083,45.7518503605301,576],[7.3719341237686775,45.75184040263817,576],[7.371957387565979,45.75183569662046,576],[7.371970666144712,45.75186173452848,576],[7.371977410426119,45.75189216427061,576],[7.37198916853296,45.751939007751794,576],[7.372002322709816,45.7519798902712,576],[7.372015140453403,45.75199556018512,576],[7.372070017553806,45.75199498593247,576],[7.372124636749237,45.75199576435905,576],[7.372197944667861,45.75201706030608,576],[7.372271318045319,45.752036107004095,576],[7.372338265678507,45.75205506208963,576],[7.372402000459091,45.752073971355216,576],[7.372484881896844,45.75209765366696,576],[7.372570910917832,45.75212363089898,576],[7.372653727116558,45.75214956229295,576],[7.372717658268297,45.7521617237758,576],[7.3727783111616505,45.75217608865564,575],[7.372855159375862,45.75218618394153,575],[7.372941646339338,45.7521964164751,575],[7.373015543196238,45.752197469074055,575],[7.373089440057218,45.75219852162523,575],[7.373176450015326,45.752190760353464,575],[7.373240969605961,45.75218267871277,575],[7.3733087020850006,45.752174642791296,575],[7.373373090923956,45.752171059483025,575],[7.373437479755661,45.752167476138354,575],[7.3735597008850515,45.752164716250384,575],[7.373681922005998,45.75216195623146,575],[7.373772079401112,45.752156489453526,575],[7.373862171442258,45.75215327180853,575],[7.373952328809678,45.752147804887876,575],[7.374142412867304,45.75213250962048,575],[7.374200702430903,45.75211758835559,575],[7.37424941857647,45.752100280667975,575],[7.374324295148813,45.75206759434558,575],[7.374425462671848,45.75201503092511,575],[7.3744909615890775,45.75197321049624,575],[7.3745499040000215,45.75193579699727,575],[7.374611993916982,45.75190067839096,575],[7.37471316087085,45.75184811470642,575],[7.374804884874604,45.75178866617238,575],[7.374850779452387,45.75175781727372,575],[7.374899952158209,45.75172476486087,575],[7.374974893146604,45.75168982889217,575],[7.375037374266024,45.75164121481071,575],[7.375103198726617,45.751588147986254,575],[7.37515643271246,45.75152590148441,575],[7.375222256923426,45.751472834586934,575],[7.375275164265781,45.75142183405635,575],[7.375341575734873,45.75134852422924,575],[7.375394287024895,45.75130427125855,575],[7.375476501387463,45.75124018665492,575],[7.375522395144463,45.75120933747242,575],[7.375568288850915,45.75117848827063,575],[7.3756335901416055,45.75114341477593,575],[7.375695939551322,45.75109929872735,575],[7.375735537900427,45.751063859665535,575],[7.375794478522813,45.75102644549433,575],[7.375875843706626,45.75099160028009,575],[7.375937670738879,45.7509654777506,575],[7.375970451657275,45.750943442484164,575],[7.376018644253132,45.750944127675155,575],[7.376066184380192,45.75096730491891,575],[7.376107103125206,45.75099713841301,575],[7.376173202728463,45.751045330950355,575],[7.376235632912671,45.75110922223,575],[7.376298063238338,45.75117311347676,575],[7.376341868929006,45.75121423859789,575],[7.376385674683673,45.751255363702825,575],[7.376457809159429,45.75131714266332,575],[7.376508236498261,45.75135161143309,575],[7.376561941993368,45.75138387663739,575],[7.376657153935306,45.751425732250446,575],[7.37670777716263,45.751453453311086,575],[7.376758400440353,45.751481174349834,575],[7.376846795646518,45.7515364337388,575],[7.376919648349486,45.75157347112876,575],[7.377024369105249,45.751619961819756,575],[7.377116173298129,45.751668519031995,575],[7.377220046765755,45.751744249254415,575],[7.377284779008591,45.75183967454135,575],[7.377299604683027,45.75188263771749,575],[7.377298496288201,45.75192087425877,575],[7.377297648690656,45.751950113966636,575],[7.377283688685027,45.75198816793234,575],[7.3772697938608935,45.752023972687624,575],[7.377242004157558,45.75209558219174,575],[7.3772278484660125,45.75214038377315,574],[7.377213692750865,45.75218518535214,574],[7.377199602216562,45.75222773772067,574],[7.377198624149219,45.75226147584165,574],[7.377203354669589,45.7523200465439,574],[7.377208672037778,45.752358374373294,574],[7.377241797284699,45.75243534955141,574],[7.377314734718909,45.75258039433454,574],[7.377351268773676,45.75265066750115,574],[7.37737310736826,45.752673479077764,574],[7.377394945980515,45.752696290650384,574],[7.377455405132506,45.75271740069351,574],[7.377558023765193,45.752725608741876,574],[7.377596709478395,45.75272165796036,574],[7.377645359957059,45.752706598027224,574],[7.377681484569817,45.75268010949833,574],[7.377739988654647,45.75263514748206,574],[7.377789747107722,45.752581850940246,574],[7.377832557906919,45.752527609657996,574],[7.3779624698002255,45.75242788618267,574],[7.3780305939916,45.75239029975822,574],[7.3781636924496885,45.75234493684489,574],[7.378247880090959,45.752323630828805,574],[7.378296595213684,45.75230632140096,574],[7.378364783304041,45.7522825380082,574],[7.378660440335866,45.75222635765704,574],[7.378814126876522,45.752163330145706,574],[7.378965296245742,45.75207954926622,574],[7.379116346448504,45.75196918610617,574],[7.379159416696911,45.751924794592476,574],[7.379252915651224,45.75158185071953,574],[7.379302476362709,45.75153530110911,574],[7.379452026834966,45.75147666931459,574],[7.379561980802627,45.751453477749166,574],[7.3799262073630745,45.75141814184746,574],[7.3801897931559335,45.75141737979504,574],[7.380474958081588,45.751448424981064,574],[7.380625117406796,45.75147980566809,574],[7.380697842478945,45.75152133910546,574],[7.380741326410916,45.751573708645275,574],[7.380763711426467,45.751688782839565,574],[7.380756684897131,45.75193169775696,574],[7.380777548723509,45.75198824688245,574],[7.380824376108746,45.75203616351377,574],[7.381001566929528,45.75213318077877,574],[7.381219329760201,45.75216101859507,574],[7.382015131078276,45.75209578933437,574],[7.382421908308965,45.752034046582786,574],[7.38259783866189,45.75206353948813,574],[7.382939447214449,45.75203237397277,574],[7.383201966910051,45.751957335437375,574],[7.38326719821411,45.75192450672716,574],[7.383326329729526,45.751880340074166,574],[7.383402016392018,45.75170815183151,574],[7.383492514925397,45.75168903199037,574],[7.384133751774408,45.75167812292789,574],[7.3848842402173,45.75172239112539,574],[7.385228082632258,45.75165034920565,574],[7.386450845121608,45.751701807337255,574],[7.387727810398261,45.751947985330446,574],[7.388253957425525,45.751987881006194,574],[7.390154459378039,45.75211380217023,574],[7.390696927277783,45.7520530880949,574],[7.391023990433453,45.75218244934227,574],[7.39132500779475,45.752251201348685,574],[7.391923122516083,45.75241044078763,574],[7.3929475850753,45.75238292350236,574],[7.393532009469791,45.752405736085066,574],[7.394136282105307,45.752790568836375,574],[7.394247898619695,45.75283537744939,574],[7.394316999024037,45.752818166850766,574],[7.39437694130171,45.7527875084857,573],[7.394475742735428,45.752703640598256,573],[7.394600931960397,45.75259739194842,573],[7.394688138312594,45.75252661329673,573],[7.3948355453542485,45.752416179066515,573],[7.394953260125465,45.75233232812898,573],[7.395178585812289,45.75219973453003,573],[7.395252805640767,45.752156526138194,573],[7.395368061822698,45.75212588559991,573],[7.395479987871423,45.75211184375778,573],[7.395572616409591,45.75210414434358,573],[7.395676278605651,45.752111477712205,573],[7.395717037015555,45.75209018966936,573],[7.395730128596548,45.752058493641464,573],[7.395815877611063,45.75204629614553,573],[7.3959328864677865,45.75205120746729,573],[7.396025126392354,45.752054866305336,573],[7.396128059606426,45.75205887773007,573],[7.3962289347015,45.752080202397494,573],[7.396256592586702,45.75208800806652,573],[7.396409179972159,45.75213387043454,573],[7.396588343613565,45.75218635113337,573],[7.396783607781306,45.752221882710714,573],[7.396880884329175,45.75221309810453,573],[7.396882809386188,45.75221142402107,573],[7.396989536947849,45.752118594454906,573],[7.396998818615401,45.75202816132079,573],[7.397029278050276,45.75197706160928,573],[7.397110302029424,45.751951653349735,573],[7.397267041105177,45.75193043153384,573],[7.397296330298432,45.7519493845031,573],[7.397231134031076,45.75200624324525,573],[7.397203597232369,45.75203318157977,573],[7.397203751934685,45.75206675484909,573],[7.39724816194169,45.75211265969564,573],[7.39733954869155,45.75215375942926,573],[7.39747465894406,45.7521868833096,573],[7.397585172034621,45.752212440838385,573],[7.397655045768032,45.752225912892726,573],[7.397856367578805,45.75229334180357,573],[7.397922495424222,45.75232081368893,573],[7.39797135581645,45.75232813507288,573],[7.39800552409397,45.75232275853783,573],[7.39804731357922,45.752304411999205,573],[7.398084882233168,45.75227761415216,573],[7.3981629534478355,45.75221898416267,573],[7.398280266289686,45.75213357876734,573],[7.398439758608115,45.75207346753295,573],[7.398650530109148,45.751983071739645,573],[7.399328300037455,45.75159725994644,573],[7.399600139524919,45.75146485309254,573],[7.3996338821577305,45.75142986374164,573],[7.399847994729638,45.75113584569712,573],[7.399891106886074,45.75099646068804,573],[7.3998994862635525,45.75089370193046,573],[7.399834802431793,45.750110109931676,573],[7.399762504952307,45.749783321702395,573],[7.399762261125419,45.74969663499639,573],[7.3998220803571275,45.749555541723325,573],[7.399918484319393,45.74946735214828,573],[7.400537106446446,45.748626333811146,573],[7.4009299455427575,45.74821080219805,573],[7.400999417107526,45.74816033664418,573],[7.401293146543495,45.74803728127416,573],[7.401353226405397,45.74804169446335,573],[7.401624395594509,45.74812264647728,573],[7.40171925946035,45.748123973896824,573],[7.401707539287702,45.748084276825466,573],[7.401733436636585,45.74805630278958,573],[7.401793270873872,45.74803356397803,573],[7.401870284206145,45.748016780835314,573],[7.402010702122781,45.747995170239875,572],[7.402206242017168,45.747972900356814,572],[7.402353405746734,45.74796280448826,572],[7.4025025228851495,45.74796039070996,572],[7.402612959167921,45.747961935175866,572],[7.402723267146107,45.74796797711129,572],[7.4028070900578715,45.74798715031565,572],[7.403122162937256,45.74806806012679,572],[7.403333996501945,45.748120525277855,572],[7.403394507707617,45.748125870477764,572],[7.403476302513379,45.748131514930314,572],[7.403734159032066,45.748120343433214,572],[7.403882880100943,45.74812669424386,572],[7.403996074048028,45.748137675170526,572],[7.404057002905914,45.74814108983856,572],[7.40413191066809,45.74812504619815,572],[7.404163311770918,45.74809386960974,572],[7.404176510589711,45.74805902030538,572],[7.404263035928406,45.74805683230971,572],[7.404339995392463,45.748048905981406,572],[7.404525121039764,45.748015182865586,572],[7.404522716588421,45.747993361671064,572],[7.404524027101675,45.74797949484171,572],[7.40456706869354,45.74796813341559,572],[7.404637767869189,45.74794989483109,572],[7.404663106758359,45.747938713640984,572],[7.4046787341277645,45.7479256867064,572],[7.404700885707127,45.747876436406365,572],[7.404709826673392,45.74786246193115,572],[7.404839543181408,45.747829026495786,572],[7.404990980091882,45.747793544173504,572],[7.405173698956541,45.7477525166604,572],[7.405277507148129,45.747728759090336,572],[7.405377302617893,45.74771733465162,572],[7.405465411877829,45.74770916539621,572],[7.405613428168469,45.74769734642325,572],[7.405699364547946,45.74767974739218,572],[7.405757515518853,45.74764485297909,572],[7.405787322071162,45.7475532402532,572],[7.405840250002523,45.74740400742483,572],[7.40593738644423,45.74743686945315,572],[7.406279361067388,45.74753356210985,572],[7.4066126200861895,45.74759309493363,572],[7.406740481199392,45.74764607445434,572],[7.406825031760172,45.7476771607745,572],[7.406890791166015,45.747682350508654,572],[7.406956866535112,45.74767643614368,572],[7.407088088039992,45.74765434002393,572],[7.407314076142243,45.74760451412156,572],[7.407381299318137,45.74760117886951,572],[7.407489685137355,45.747609525940135,572],[7.407594169451216,45.74762636273062,572],[7.407691551324912,45.747635411254194,572],[7.407800302919673,45.74763094545821,572],[7.407860180700249,45.74762836258634,572],[7.4079189169400355,45.747665923286206,572],[7.408007964243699,45.747753466995434,572],[7.408081079708874,45.74784335285083,572],[7.408200597984081,45.74797532651222,572],[7.40823647005435,45.74800146084859,572],[7.408322023019062,45.74804025008803,572],[7.408402963711843,45.74806957573173,572],[7.408512892630795,45.74810955952911,572],[7.408614261461591,45.748171639994254,572],[7.408734200809888,45.74824594169434,572],[7.408803626817081,45.748293905168616,572],[7.4088627284738715,45.74831865459954,572],[7.4089525248906725,45.74833699474444,572],[7.4090328677060455,45.748376619030026,572],[7.4090512027356965,45.74836491178878,572],[7.409073477339648,45.748358118806706,572],[7.409163095031224,45.74834660330583,571],[7.40939247126089,45.748358061055214,571],[7.409613619307131,45.74836564065463,571],[7.409918028194692,45.748369878631536,571],[7.409978139415937,45.74837521567316,571],[7.410067839516922,45.748385464814575,571],[7.410291966685759,45.748415585916455,571],[7.41047003791755,45.748440564511405,571],[7.410532685267067,45.748441436283365,571],[7.410622478891792,45.74842018530159,571],[7.410676527437247,45.7483984359973,571],[7.410798373088825,45.74832362670647,571],[7.410964887677043,45.748217936815486,571],[7.411026949809673,45.74818279801555,571],[7.41115266481789,45.748099041630944,571],[7.411306395706318,45.74794816981776,571],[7.411347026697094,45.74790373402539,571],[7.411468394730402,45.747774913229335,571],[7.411616359736559,45.74761496206469,571],[7.411675863036227,45.7475707849858,571],[7.41173097261503,45.7475400493933,571],[7.411847724493682,45.747559673825116,571],[7.411924537847276,45.747542740712476,571],[7.412214247178542,45.74756927135206,571],[7.412360826125148,45.74757130878643,571],[7.412540936473694,45.7475243081727,571],[7.412664822990352,45.74747652686803,571],[7.412748678155876,45.747423687994626,571],[7.412806431911834,45.74737048817366,571],[7.412923542942458,45.747264108022605,571],[7.412968846573745,45.74721073513132,571],[7.413011298979461,45.74713032098423,571],[7.4130110006428565,45.747013308001705,571],[7.413021749366861,45.74694595417847,571],[7.41304974578275,45.74686533916875,571],[7.413073909166312,45.74682067036555,571],[7.4131142670836185,45.746771728972845,571],[7.413158657917686,45.746736344404816,571],[7.413237290294158,45.74668343261061,571],[7.413349636832884,45.74661748916466,571],[7.413417466397475,45.7465914297134,571],[7.413480896373054,45.74657881082695,571],[7.41388625023742,45.74650793475154,571],[7.414048049251683,45.74648317973936,571],[7.414243854380927,45.7464633977738,571],[7.4143281662624645,45.74645106651373,571],[7.414408188736991,45.7464341762777,571],[7.4145256472843135,45.74638630371897,571],[7.414603368705396,45.74635138032224,571],[7.414754096978832,45.74626346685485,571],[7.41480694036848,45.746241697964415,571],[7.415044156801823,45.74616398579352,571],[7.415388956207044,45.7460607631257,571],[7.415581399197748,45.74603193168135,571],[7.4157753210768185,45.7460076188951,571],[7.415891357187746,45.74599572737156,571],[7.416036836296487,45.74597974375139,571],[7.416226616060162,45.74595987393081,571],[7.416312552284323,45.745961065441286,571],[7.416484594348594,45.74598595197597,571],[7.416812968219554,45.74609401004489,571],[7.417036650914158,45.74613551904774,571],[7.417146063950603,45.74613462853265,571],[7.41722824285683,45.746126767644796,571],[7.417340789969597,45.74611032603135,571],[7.417554245304335,45.74607728122932,571],[7.417692072770379,45.74604768778223,571],[7.418055504436845,45.745967216522686,571],[7.418243509459381,45.74592481831478,571],[7.41844501978835,45.745873604449855,571],[7.4184552148320915,45.745872944561704,571],[7.4188458797279075,45.74584765215458,570],[7.418994547886183,45.74581820809654,570],[7.419178408989475,45.74578025036328,570],[7.41944856685256,45.74571648484525,570],[7.419585082719949,45.74570487204881,570],[7.4197837778899185,45.74573912382484,570],[7.420038841133823,45.745783153696564,570],[7.42011382983248,45.74580219110357,570],[7.420206975433695,45.7457899803847,570],[7.420316859063703,45.74578249954253,570],[7.420427651230685,45.74575703007353,570],[7.420545398922375,45.74572715640419,570],[7.420716239598709,45.74566651389618,570],[7.421067680582436,45.74554086544915,570],[7.42114434129227,45.74551492347884,570],[7.421256318835089,45.74547596787565,570],[7.421851060378336,45.74523926730386,570],[7.421932672697409,45.745210798359075,570],[7.421989275833775,45.745198078628796,570],[7.4220650224711,45.745190125397826,570],[7.4221687550081965,45.74518705807182,570],[7.422573849433513,45.74519066846233,570],[7.422962896509132,45.74517552284167,570],[7.423343714234736,45.745176280571535,570],[7.42342415673943,45.74517289152791,570],[7.423500201039314,45.745182939839154,570],[7.4236150941418515,45.745211528034,570],[7.423774562708529,45.74524072943306,570],[7.423967003885881,45.74529738808653,570],[7.424073355733213,45.74525835389926,570],[7.424156013988762,45.74521899183866,570],[7.424206948497706,45.74517919207622,570],[7.424253466301072,45.74513933046181,570],[7.424296114719674,45.745108417794185,570],[7.424364448865151,45.74506148473856,570],[7.424417006839482,45.745038081063896,570],[7.424477220179108,45.74502541079833,570],[7.424584418079158,45.74501338763285,570],[7.4246430263540315,45.7450006951424,570],[7.424695461291362,45.74497891694076,570],[7.424827446208253,45.7448997331149,570],[7.424934408166997,45.744824702564046,570],[7.425030020644093,45.744767517409244,570],[7.425117475002559,45.74471471996533,570],[7.425183392301014,45.74467062696839,570],[7.4252808862382675,45.74461796781387,570],[7.425345747167867,45.74458285980299,570],[7.42539456799271,45.744561030556504,570],[7.425455286550809,45.744530367451844,570],[7.42552323592107,45.74449980128451,570],[7.425600017098841,45.744469358608974,570],[7.42568254670214,45.744434492138204,570],[7.425793335143127,45.74440901830875,570],[7.425855979731463,45.74440988163779,570],[7.425938851985578,45.744420025123105,570],[7.426033517201637,45.744439328894224,570],[7.426119602080542,45.74444951651674,570],[7.426211389636603,45.74442827894263,570],[7.42625496860585,45.74439287718992,570],[7.4263027485460995,45.74430803120663,570],[7.426321532424291,45.74425428673035,570],[7.426343126562669,45.74420058186715,570],[7.42637165402745,45.74412896962876,570],[7.426405293749117,45.74407543069926,570],[7.426476455890454,45.74404490732309,570],[7.426537195000105,45.74402774474085,570],[7.42666698291652,45.74399802970946,570],[7.426727319762315,45.7439808596851,570],[7.426782968012116,45.743959125680824,570],[7.426905334487054,45.7438933050847,570],[7.4269648680208755,45.7438761238715,570],[7.427064790127588,45.743836997445015,569],[7.427167844492292,45.743829416867044,569],[7.4272881847468035,45.74383557501621,569],[7.4273732131941905,45.74385474589379,569],[7.427451138567653,45.743869319546945,569],[7.427526002301648,45.743892851543286,569],[7.4276366279609265,45.743930376594,569],[7.427722330873601,45.743954058567724,569],[7.427801887363974,45.74398215344932,569],[7.4278764987733155,45.74401468318646,569],[7.4279227442470965,45.74405582212156,569],[7.427963521338088,45.74410588632236,569],[7.428019577509949,45.74416966159831,569],[7.4280962186094746,45.74421571813927,569],[7.428212192539012,45.744248817757864,569],[7.428290243726552,45.744258890496084,569],[7.428355022964955,45.74425528155445,569],[7.428390176045107,45.74430526911879,569],[7.428505448768644,45.744320355903476,569],[7.428630864154995,45.74431758101543,569],[7.428725725605785,45.74437288922823,569],[7.428733974667096,45.74442250569133,569],[7.428742223741883,45.74447212215366,569],[7.428795196126521,45.74453135435238,569],[7.42888155643381,45.74454604305199,569],[7.42899103575474,45.74453854830102,569],[7.429065807984582,45.74450807476563,569],[7.4291535565427935,45.744473279363625,569],[7.429234501310955,45.74445189114698,569],[7.429301838688167,45.744457317389774,569],[7.429391159213642,45.74448104695315,569],[7.42946120449199,45.744504511422555,569],[7.429518399607983,45.74452779917235,569],[7.4295788073289595,45.744551131061925,569],[7.429649105098712,45.744565598343875,569],[7.429725954178684,45.744575655373254,569],[7.429819118379442,45.744576936082936,569],[7.429877196724421,45.74456873389271,569],[7.429941952444766,45.74455162291259,569],[7.429997070456574,45.7445343794274,569],[7.430084566244547,45.74450858037931,569],[7.430175652863348,45.74446932979897,569],[7.430230896838631,45.74444758766028,569],[7.430305542184495,45.744421611840984,569],[7.430383400011296,45.74439568011705,569],[7.43047089541069,45.74436988076723,569],[7.430551713462047,45.744352990147306,569],[7.430629192838207,45.74434055387085,569],[7.430713286385235,45.74432145800365,569],[7.430797442910365,45.74430011280378,569],[7.430881536342215,45.744281016810994,569],[7.430981755457018,45.74425989212736,569],[7.431081974498318,45.744238767354695,569],[7.4311821934661255,45.74421764249303,569],[7.431285624899642,45.744196561661965,569],[7.43135334027007,45.744188491070915,569],[7.431424268160501,45.74418046455518,569],[7.431520518308998,45.744186286526016,569],[7.431584265072637,45.7442051629337,569],[7.431686058391394,45.7442425627799,569],[7.431749553294213,45.74427043618043,569],[7.431812922274429,45.74430280808838,569],[7.431886180933882,45.744326315186406,569],[7.431949802008815,45.74434968993555,569],[7.43206803649605,45.74437381432391,569],[7.432144759831464,45.744388368270926,569],[7.4322217351160385,45.74439392508124,569],[7.43228604913101,45.74439255765971,569],[7.432350363143801,45.74439119020195,569],[7.432427716268654,45.744383251244166,569],[7.4325181714384385,45.744366491487675,569],[7.432612153911907,45.74433852938196,568],[7.432706136293187,45.74431056719756,568],[7.432803268175332,45.744284898283546,568],[7.432900399970318,45.744259229285674,568],[7.433007169309995,45.74423369241791,568],[7.433119985996881,45.744221739219824,568],[7.433209307846944,45.74424546581433,568],[7.433266378440635,45.74427325025023,568],[7.433323449091355,45.74430103465823,568],[7.433367292014063,45.74434213843056,568],[7.433436080287824,45.744410585935974,568],[7.433492773606889,45.74445186589805,568],[7.433553057111589,45.744479694251986,568],[7.433636331964489,45.74448983676988,568],[7.43369762227048,45.74448167668196,568],[7.433801367876389,45.74444934720241,568],[7.433853209179387,45.744434307063216,568],[7.433905050455047,45.74441926690009,568],[7.434008795829595,45.74438693722871,568],[7.434070589195156,45.74436078275126,568],[7.4341323825035435,45.74433462823953,568],[7.4341814513507005,45.74430379899417,568],[7.434237825780529,45.74424156796936,568],[7.434275302191354,45.744165577060734,568],[7.434289410228021,45.74412076772722,568],[7.434303518241196,45.74407595839131,568],[7.434324554433531,45.744013242930656,568],[7.434365243095372,45.743937296019965,568],[7.434392201104045,45.743892662800626,568],[7.434438685760241,45.743839296663594,568],[7.434484667248661,45.74380392469871,568],[7.43454362452221,45.74376423027737,568],[7.434602455952381,45.74372903437269,568],[7.43466128730881,45.743693838436556,568],[7.434732968646024,45.743658818558664,568],[7.43480464989417,45.74362379863439,568],[7.434869654558013,45.743597687725554,568],[7.434934659161897,45.74357157677883,568],[7.43504155202843,45.74354153942763,568],[7.435132130820682,45.74352027902089,568],[7.435222709545855,45.74349901854137,568],[7.435326201070902,45.74347568473638,568],[7.435432905014797,45.74345239483882,568],[7.4355298456831855,45.74343347139245,568],[7.435626786288054,45.74341454786289,568],[7.435701050823865,45.7434020641152,568],[7.4358074403261725,45.74339002024165,568],[7.435881453480964,45.74338653347849,568],[7.435984379125458,45.74338344255264,568],[7.4361036185353795,45.743371574348565,568],[7.4361647816557275,45.74336791146655,568],[7.436242509770267,45.74334647424161,568],[7.4363139384532175,45.74332045045553,568],[7.436369178978277,45.743298705297704,568],[7.4364340569439635,45.743277092035314,568],[7.436495722367099,45.74325543476303,568],[7.436586425770423,45.743229674635636,568],[7.436647714304169,45.74322151293928,568],[7.436734702750148,45.743213702937744,568],[7.436833913245346,45.74322856148999,568],[7.436928906734955,45.74327936442737,568],[7.43697608962635,45.743316012251846,568],[7.4370293208886995,45.74336624363445,568],[7.437066803630728,45.74340500882686,568],[7.437104286424259,45.743443774007375,568],[7.437147817620757,45.74349612274701,568],[7.437191286122213,45.74355072074774,568],[7.437234817481426,45.74360306945542,568],[7.437275575810653,45.74363962925641,568],[7.4373164597344985,45.74367169048895,568],[7.437411579947959,45.743717994482125,567],[7.437465690689129,45.74373673578616,567],[7.4375615642727,45.743756048328784,567],[7.437611509382029,45.74369372769127,567],[7.437683188922969,45.74365870593771,567],[7.4377355932774005,45.74362342051267,567],[7.437794799102844,45.74357472726858,567],[7.437837565773596,45.743539309985714,567],[7.437903447425923,45.74348170744037,567],[7.437955976964868,45.743441923353345,567],[7.438011969902122,45.74339318605872,567],[7.4380617887006775,45.74333536376588,567],[7.438089370872403,45.74326823684579,567],[7.438106813593948,45.74321897236236,567],[7.438121294742465,45.74316066683595,567],[7.4381388628731315,45.743106903789396,567],[7.438156430968759,45.74305314073925,567],[7.4381961099930995,45.74301318082854,567],[7.438264073965596,45.74299610899327,567],[7.438363911790755,45.74298847343222,567],[7.438450648774091,45.74298965923007,567],[7.438540598244033,45.74299088887684,567],[7.438607934915393,45.74299630962311,567],[7.438717159293657,45.742997802606226,567],[7.438820460387781,45.742981213438966,567],[7.4389369875691695,45.742951304117156,567],[7.439024351524997,45.74292999668625,567],[7.439114927893239,45.74290873308612,567],[7.4391825153074285,45.742905156375386,567],[7.439268876051166,45.742919837227525,567],[7.439355236841829,45.74293451801493,567],[7.439419110318464,45.74294889151007,567],[7.439479771347713,45.74296322108167,567],[7.439578606121837,45.74299157293297,567],[7.439664716409845,45.74301525060828,567],[7.4397634260306695,45.7430481008618,567],[7.439859173950326,45.74307191003313,567],[7.43991341025334,45.74308615162176,567],[7.439983458382981,45.74310960967808,567],[7.440085756805821,45.74312900784949,567],[7.440178543133114,45.74314377576333,567],[7.440291105673736,45.743140812553136,567],[7.440381431344607,45.74312854507003,567],[7.440465331995099,45.7431161897938,567],[7.440552445100846,45.7431038783137,567],[7.440665445996611,45.74308516976673,567],[7.440778384189218,45.74306871038807,567],[7.440891384944125,45.74305000161554,567],[7.440985173324978,45.74302878037452,567],[7.441094898831478,45.74301227683399,567],[7.441201411790411,45.742995729347314,567],[7.441272211694616,45.742992195239474,567],[7.4413751364447185,45.742989099442056,567],[7.441436298876514,45.742985433726865,567],[7.441533049038367,45.742973252992506,567],[7.44162003651483,45.742965439255926,567],[7.441687749064216,45.74295736249729,567],[7.441761886562529,45.742949373346626,567],[7.44183268638186,45.742945838890094,567],[7.441900398880139,45.742937762004686,567],[7.4419842989379905,45.74292540560413,567],[7.442097236453924,45.742908944911655,567],[7.442158774208987,45.74289178311196,567],[7.442220562215538,45.74286562414763,567],[7.442285437504247,45.742844007523956,567],[7.442382812910262,45.742809333235044,567],[7.442460788224149,45.74277889460322,567],[7.44252207548987,45.74277072973641,567],[7.442605787502127,45.742765120723405,567],[7.442686287024993,45.74275946785093,567],[7.442773274030834,45.74275165322931,567],[7.44286989843498,45.74274396991987,566],[7.442956885394763,45.742736155157736,566],[7.443073034739568,45.74271973728143,566],[7.443153846830051,45.742702837659095,566],[7.443257021109138,45.742690743021896,566],[7.443340920522383,45.74267838561561,566],[7.443444282287905,45.742659542955856,566],[7.443547643986176,45.74264070020163,566],[7.443673305352362,45.742628911598935,566],[7.443753617061095,45.742630005823415,566],[7.443837016229732,45.742635642326135,566],[7.443923627886091,45.7426413225313,566],[7.444019814471836,45.74264938323728,566],[7.444100376207719,45.74264148007919,566],[7.44414749733151,45.74262192740016,566],[7.444190403251671,45.74259303232656,566],[7.444196930230267,45.74257774109679,566],[7.444199123967922,45.74254273635668,566],[7.444209824883754,45.7424211191385,566],[7.444202169568224,45.742367182611254,566],[7.444177555537358,45.74230874253672,566],[7.444156904483871,45.74221745854307,566],[7.444163113799852,45.74216969172075,566],[7.444227787491015,45.74215893040382,566],[7.444448301120505,45.74204059728464,566],[7.444730246743573,45.741951298010456,566],[7.444948718652742,45.741906421976374,566],[7.445128154125172,45.74186101325352,566],[7.445453172001542,45.74184663850493,566],[7.445728207636398,45.74187430651886,566],[7.446056752309121,45.74199669542499,566],[7.446140818029729,45.7420456895396,566],[7.446236231542395,45.742125600015065,566],[7.446329890366948,45.742268718070434,566],[7.446379964530241,45.74239928061887,566],[7.446451358823436,45.74246519238555,566],[7.446714079751031,45.74258497491115,566],[7.447037596899828,45.74266884048534,566],[7.447486851025788,45.74270741784475,566],[7.448018266467189,45.74273172876257,566],[7.448232547213031,45.74275002102604,566],[7.448705218292666,45.742780366593614,566],[7.449316922018262,45.74282032201168,566],[7.44952214656319,45.74280683939829,566],[7.449834496497597,45.74280936955539,566],[7.450018743050274,45.74285459361595,566],[7.45028040574133,45.742924793869484,566],[7.450573739504187,45.742997131435814,566],[7.45074133902782,45.74300453234702,566],[7.4508412872377265,45.742964872440815,566],[7.4511233617308905,45.742914865416694,566],[7.451303864474809,45.74291902206049,566],[7.451479833635708,45.742954732267,566],[7.451632121377192,45.742986276162235,566],[7.451782188495523,45.74303188910653,566],[7.452001911848108,45.74307417330582,566],[7.452293118839535,45.7431131531185,566],[7.452470883296124,45.74308394540375,566],[7.452787460406213,45.74299979551843,566],[7.452887078108101,45.74297209196723,566],[7.453174581486677,45.742924289236115,566],[7.453328788597149,45.74290843389812,566],[7.45357157654753,45.74293308299803,566],[7.453680480294803,45.74292259470339,566],[7.453835655546671,45.74287171717294,566],[7.453981069676214,45.74282070731709,566],[7.454139596225031,45.74278098320259,566],[7.45452167499217,45.74266695379134,566],[7.454777800944511,45.74258411539062,566],[7.454873462676724,45.74256703843484,566],[7.454965074568429,45.742564005071465,566],[7.455105532445886,45.742559923980814,565],[7.455290259659493,45.74254362372042,565],[7.455415068869437,45.74253163966155,565],[7.455758432133255,45.7425379904844,565],[7.4558930255895355,45.74252528402653,565],[7.456128853744177,45.74258102229002,565],[7.456212604676059,45.742597535263215,565],[7.456310783691974,45.74262193322658,565],[7.456407129892128,45.74266852237825,565],[7.456474476572033,45.74274889914521,565],[7.456516421083754,45.74277680958105,565],[7.456700521477259,45.74282757511561,565],[7.456826217694817,45.74287199800036,565],[7.456945371487796,45.74288813366553,565],[7.457225721357316,45.74290046563209,565],[7.457368454220968,45.74290239334471,565],[7.457555454854,45.74293653396236,565],[7.4576384199439545,45.74295944366278,565],[7.457688364256895,45.74300711437029,565],[7.457764463772534,45.743079918490146,565],[7.457916527242114,45.74318621847667,565],[7.458014398669822,45.743266152264646,565],[7.45805791550217,45.743303481722535,565],[7.458084562529195,45.74335511031691,565],[7.458133646695277,45.74345617483033,565],[7.4582448325057005,45.74354013317026,565],[7.458405628524228,45.74359528147777,565],[7.458519431644992,45.74367286558559,565],[7.458646184315056,45.74376771454744,565],[7.458773807267266,45.743830959808385,565],[7.458886534585481,45.7438589693515,565],[7.4590213048566785,45.74386206924292,565],[7.459246459730111,45.74384032711047,565],[7.459384032603382,45.74385243611643,565],[7.459521395321313,45.74387223308469,565],[7.459818007385138,45.74393690102797,565],[7.459945656397487,45.74395485730603,565],[7.460102210306128,45.743986874937846,565],[7.460324007698456,45.74401019522855,565],[7.46033483301216,45.744009304282415,565],[7.461053008497277,45.74395019486098,565],[7.461253007823507,45.74380019506575,565],[7.461223008047315,45.74369419478451,565],[7.4618930075899454,45.74341019428804,565],[7.4621041478321395,45.743432303755675,565],[7.4626803581589405,45.74362357671766,565],[7.462719054312028,45.743533152438054,565],[7.462773107333826,45.74352020806158,565],[7.462793799902322,45.743499979702264,565],[7.462793681224507,45.743459816789766,565],[7.462766771844682,45.743417585032915,565],[7.4627496535798885,45.743378696431506,565],[7.462806254706319,45.74335744822982,565],[7.462848674015673,45.74336945786701,565],[7.4629013183864785,45.74338436194972,565],[7.462951242565199,45.743388452156346,565],[7.463357146109585,45.74340444579049,565],[7.463418501820966,45.74339955582729,565],[7.46346847817615,45.74339626516564,565],[7.463534905889471,45.743381930694504,565],[7.463641440289089,45.7433189368737,565],[7.46376083766256,45.74321112494222,565],[7.463856041827268,45.74308742469295,565],[7.463883494781643,45.74288863439363,565],[7.463877783767164,45.74281373698494,565],[7.463847675724152,45.74274610253485,565],[7.463794962946705,45.74265887140854,565],[7.463779431745079,45.74261759305587,565],[7.463800122512724,45.7425751466482,565],[7.463852226568489,45.742519335665875,565],[7.463991511023849,45.7424031180038,565],[7.464041846745506,45.74242484083175,564],[7.464210563054469,45.7424748599583,564],[7.464698306539184,45.74247241617751,564],[7.464892844431366,45.742439028609205,564],[7.4651535136663005,45.74235252607483,564],[7.465331986252985,45.742260417460315,564],[7.4654152952330595,45.742284038974,564],[7.46549001912189,45.742298542752195,564],[7.465573976963364,45.742313172323925,564],[7.465683386974151,45.742337142460215,564],[7.465761323444034,45.74235169101303,564],[7.4658365703722565,45.742361702218155,564],[7.465981965351246,45.74237715483202,564],[7.4660751274950785,45.7423784059314,564],[7.466197482285127,45.74238455012245,564],[7.466319030152876,45.74239068244801,564],[7.466456610475715,45.74238352817545,564],[7.466570744370965,45.74236705934002,564],[7.466675243310506,45.74235046105508,564],[7.466755645973189,45.74233353923513,564],[7.466815044242366,45.742320836602865,564],[7.46687499933245,45.74231714015576,564],[7.466966523692762,45.74230486863194,564],[7.467063423618753,45.74230166791852,564],[7.467164772798734,45.74231202944286,564],[7.467233192797521,45.74232194721448,564],[7.467358913498173,45.74233713586961,564],[7.467534861662434,45.742366498166305,564],[7.46796157341867,45.74242172424841,564],[7.468103232708237,45.742441625227116,564],[7.468232536902694,45.74244335926475,564],[7.468316986630326,45.74243999233011,564],[7.468376941744972,45.74243629599473,564],[7.4685256108274105,45.74242028827224,564],[7.468710945597676,45.7424002716228,564],[7.468869250692087,45.74238439263063,564],[7.469117194276955,45.74235171372392,564],[7.469204129339948,45.74234136081928,564],[7.469272650463568,45.74233480233091,564],[7.469350523748934,45.742320892371865,564],[7.469432691659083,45.74230618575393,564],[7.4694891121922575,45.742295833274895,564],[7.469607281428397,45.742303398318874,564],[7.469791754470072,45.74234090343625,564],[7.470047714251172,45.7423973101565,564],[7.470281645209469,45.74245598464823,564],[7.470353200634845,45.742472323023286,564],[7.470395863614529,45.742474176009004,564],[7.470448671116367,45.74246206637097,564],[7.470477603141957,45.74244644271892,564],[7.4705999328385575,45.74249758366538,564],[7.4707571089323315,45.742567191187426,564],[7.470891395595723,45.74263649388118,564],[7.470972611323994,45.742678082598,564],[7.471086944405116,45.74274261768981,564],[7.471254596264468,45.74282586555266,564],[7.471338375910704,45.74287649066323,564],[7.471450269202775,45.742927491025604,564],[7.471579547080471,45.74297422272536,564],[7.471674539834947,45.74301149591404,564],[7.471805271525119,45.7430492471681,564],[7.471928217545426,45.743077894478034,564],[7.472008442164707,45.74309696874332,564],[7.4720851748375745,45.74311149597271,564],[7.47215279790074,45.7431257662961,564],[7.472192007902619,45.74308519427769,564],[7.472300504467935,45.743011342371524,564],[7.472405188601336,45.7429761093011,564],[7.472556008574607,45.742910193694684,564],[7.472962385382092,45.742964382108624,564],[7.473316141751527,45.743059685905614,564],[7.475493008129049,45.74391019508296,563],[7.475713008620109,45.744100194680875,563],[7.4754730085789065,45.74459019518753,563],[7.475583008260284,45.744740195529324,563],[7.4760910756143115,45.74498517407254,563],[7.476547238689265,45.745111704970874,563],[7.476911393429576,45.74522262619067,563],[7.477126289742014,45.74534593838473,563],[7.477238198850381,45.7454323719728,563],[7.4774370571836135,45.745319294784025,563],[7.477586915567191,45.74523769880491,563],[7.4778580652049005,45.74551070833485,563],[7.477996505256116,45.74567906297698,563],[7.478332162009484,45.74586354563441,563],[7.478447363452737,45.74600008736839,563],[7.478532117913679,45.74605972068766,563],[7.478645470250301,45.74610173286201,563],[7.47871550343493,45.74611166522785,563],[7.479363251428849,45.74616529373815,563],[7.479624633118969,45.74620027493659,563],[7.479829040781609,45.746268772259825,563],[7.4800140080996105,45.74634496430354,563],[7.480235086932994,45.74646966966373,563],[7.480398651879724,45.74657509627971,563],[7.480552274148016,45.74676165082963,563],[7.480676495165682,45.74686230993003,563],[7.480798643889114,45.74724645635665,563],[7.480829029402761,45.74729636431121,563],[7.480884397598835,45.74732860163907,563],[7.480941668798889,45.74732036274533,563],[7.481102934933589,45.74725500323849,563],[7.481163189636058,45.74721080267016,563],[7.481236834553529,45.74711727536964,563],[7.481330266631903,45.747064514399646,563],[7.4814103917128065,45.747043078313624,563],[7.481960853843098,45.7469513901182,563],[7.48200611297592,45.74695649095472,563],[7.482112242344028,45.74699840369015,563],[7.4822511713524635,45.74719376122091,563],[7.482304570605932,45.74723947339928,563],[7.482409736595544,45.747272372521984,563],[7.482484520794075,45.74725536499221,563],[7.482672162051901,45.747091347789265,563],[7.482775909848747,45.74704322203155,563],[7.483324979622178,45.74703251357299,563],[7.4837255671541545,45.74706033308998,563],[7.483883662176249,45.74711193450162,563],[7.484075888006693,45.74731249745733,563],[7.484301622387134,45.74747750258407,563],[7.4844591569234336,45.747520094323896,563],[7.484542811732589,45.74751670483945,563],[7.484606239636955,45.74750165948115,563],[7.484666846600496,45.747446346081965,563],[7.484822194008937,45.747278461437496,563],[7.484900634461837,45.747224415926205,563],[7.484960191344528,45.747207934743855,563],[7.48502341894901,45.74719618879242,563],[7.485085827170662,45.74719538738853,563],[7.485304733838002,45.747211792981666,563],[7.485582653197932,45.74717047438877,563],[7.48568590074194,45.747148458004986,563],[7.485886002571393,45.74705298226809,563],[7.486241754965861,45.74683718423327,563],[7.486473550240493,45.74674575648089,563],[7.486715287077965,45.74669548169792,563],[7.486877211870024,45.746674599799555,563],[7.487124072314443,45.74668236986182,563],[7.487439658895689,45.74663766189228,563],[7.487619616161371,45.74663042851573,563],[7.487772819090434,45.74665495817028,563],[7.487992761544105,45.74671779167845,563],[7.488443736304496,45.74699049558059,562],[7.488628787291169,45.7470904460659,562],[7.488797004759439,45.7471194572573,562],[7.489199352273759,45.74720128314986,562],[7.489269343532213,45.74724905212506,562],[7.489284484672115,45.747305908930386,562],[7.48936403106427,45.74755897586115,562],[7.489341724065076,45.74761179839592,562],[7.489345839928244,45.7476496046615,562],[7.489369739105099,45.74766789838826,562],[7.489397635315379,45.74768085094983,562],[7.489405698453098,45.74771511370083,562],[7.489405327321352,45.74779262407689,562],[7.489489857990804,45.74781624324723,562],[7.489723629039818,45.74763932368148,562],[7.48976078098724,45.747617314454814,562],[7.4898131556165115,45.7475820047754,562],[7.489847254261974,45.74756895478551,562],[7.489915088790799,45.747556350778204,562],[7.489964888793187,45.74755700912252,562],[7.4900449640923235,45.747567068186086,562],[7.490139536704311,45.74759081961875,562],[7.490220176529212,45.74760988655363,562],[7.490313583488933,45.74764712233357,562],[7.490350084144504,45.74767910660139,562],[7.490393969508822,45.74772018898456,562],[7.4904506346150335,45.74773444044284,562],[7.490547498648678,45.747762720284385,562],[7.490612997871608,45.74777708749946,562],[7.490696884284145,45.747809696894784,562],[7.490806113542513,45.747856142763176,562],[7.49091453848825,45.74790257790067,562],[7.490960481205733,45.7479121862829,562],[7.491041120500063,45.7479312526295,562],[7.491114934507383,45.74795022786076,562],[7.491179265880827,45.74797808102134,562],[7.491214841520864,45.74801455305794,562],[7.491455296293188,45.748064058210446,562],[7.4916402439087975,45.74813758676671,562],[7.491856645820684,45.748238499508716,562],[7.491954307911469,45.74828293384311,562],[7.491968887511067,45.7483136876274,562],[7.491998478089296,45.748318753153804,562],[7.492086418465121,45.748311643496514,562],[7.492223480587061,45.74837097965971,562],[7.492281938283582,45.748393323744814,562],[7.492391126215785,45.7483911691783,562],[7.492513248565713,45.74843323020486,562],[7.492814741296378,45.748472199135,562],[7.492956829001965,45.74849207489496,562],[7.493009318182763,45.74849726675525,562],[7.493150443946183,45.74850813085265,562],[7.493374823547216,45.748515589930825,562],[7.493441889217635,45.74851647448502,562],[7.49350988427649,45.748512871891755,562],[7.493550407159903,45.748499904623834,562],[7.493582218195798,45.74848232308599,562],[7.49365820989305,45.74842032151225,562],[7.493704922451869,45.74837143549014,562],[7.493743520936676,45.74834044171494,562],[7.493833085112903,45.74829662005759,562],[7.4939450182014475,45.74825759352438,562],[7.494085674866527,45.748226136084895,562],[7.494277646668694,45.74818366411778,562],[7.494418860939342,45.74815751223063,562],[7.49456990893491,45.748128002064036,562],[7.494678303576482,45.748115929771096,562],[7.494891667575889,45.74810356104134,562],[7.495072510527263,45.748101444389484,562],[7.4952901435329204,45.74809080975747,562],[7.495427173619178,45.74807461369626,562],[7.495495287669432,45.74806651032246,561],[7.4955276580184576,45.74805793613984,561],[7.496062035816309,45.747920490254366,561],[7.496105250032968,45.74791205777921,561],[7.496144726994921,45.74790807725098,561],[7.49628255833864,45.747891890712005,561],[7.496371569970752,45.747884530841326,561],[7.496711973736855,45.747835008026584,561],[7.497037195669525,45.747812292336086,561],[7.497290529487701,45.74778862372598,561],[7.497561613921604,45.74779218962339,561],[7.497851531566396,45.747827504403844,561],[7.498128032473354,45.74789864416938,561],[7.498154138825248,45.7478989874139,561],[7.498364773969069,45.74792402572587,561],[7.498531326095782,45.74793094847314,561],[7.498559038894896,45.74793131274102,561],[7.498614699365413,45.747923042912575,561],[7.4987906064512115,45.7478803531061,561],[7.498830084532767,45.74787637076417,561],[7.4989863902841245,45.74786042374895,561],[7.499032574378998,45.74786103062299,561],[7.499274641312208,45.747876330370794,561],[7.499336508479914,45.7478830250121,561],[7.49937116499881,45.74789033510998,561],[7.499411931790466,45.7478892091644,561],[7.499467114301728,45.747866675800395,561],[7.499516985538221,45.747835764251256,561],[7.499554904079245,45.74781388971818,561],[7.499556391367612,45.74777340686426,561],[7.4995826969330865,45.7477512510709,561],[7.4996377975265105,45.747733973758315,561],[7.49969932377458,45.74771678081568,561],[7.499744424136565,45.747712872902156,561],[7.499802496407499,45.74770463507096,561],[7.499860689197127,45.74769189852735,561],[7.499906030592132,45.74767899318416,561],[7.499964343859353,45.7476617579042,561],[7.5000294443359055,45.74763111092315,561],[7.500078239517578,45.747609250333106,561],[7.50014309884786,45.74758760065198,561],[7.5002112914712,45.747561494433796,561],[7.500285548199881,45.747548968588745,561],[7.500353499721946,45.74753185965155,561],[7.5004407282046675,45.74751500373948,561],[7.500502253974796,45.7474978103576,561],[7.500541048926546,45.74748931909076,561],[7.500602695113329,45.74746762696963,561],[7.500654582292953,45.747450306985414,561],[7.500699923315887,45.747437401321804,561],[7.500784059184212,45.74741600428932,561],[7.5008390386338295,45.74740322507235,561],[7.500890564329745,45.74739940103399,561],[7.50099670808701,45.74739629373426,561],[7.501054659422462,45.74739255394489,561],[7.501131646851591,45.74739806444604,561],[7.501211847125487,45.74740361705116,561],[7.501279557361369,45.7473955049284,561],[7.5013087136481245,45.747386886936674,561],[7.5014123669953126,45.74735674498105,561],[7.501448189705238,45.74733921388057,561],[7.501558629729503,45.747295660028556,561],[7.501669069583785,45.74725210606728,561],[7.501763324798203,45.747212839984805,561],[7.501863945327855,45.747175907440734,561],[7.50196777854063,45.74713901694039,561],[7.502003360218951,45.74713048303619,561],[7.502080768638245,45.747120247487906,561],[7.5021581770305135,45.74711001188674,561],[7.5022355252248785,45.74710202557678,561],[7.5023423903740944,45.74707192488948,561],[7.5024527690301115,45.747030619499846,560],[7.502566360331725,45.746989356118526,560],[7.502666859637685,45.74695692154301,560],[7.502767298679793,45.74692673622208,560],[7.502867797760503,45.74689430146654,560],[7.502958417761674,45.74687073768231,560],[7.503045824889051,45.74684713172147,560],[7.503091044620892,45.74683872378433,560],[7.503181123251105,45.74683540392629,560],[7.503267989073885,45.74683204189971,560],[7.50335806768638,45.74682872190185,560],[7.503451298966954,45.746827693270525,560],[7.503544530246018,45.746826664563045,560],[7.503586176396799,45.7468317104119,560],[7.5036820794718,45.746850967790635,560],[7.50377798261467,45.74687022508958,560],[7.50387388582538,45.746889482308745,560],[7.503969789103951,45.74690873944818,560],[7.504036957498222,45.74692086979075,560],[7.504100913116979,45.746932958020096,560],[7.504187358408767,45.746945340717815,560],[7.504273863829116,45.74695547400438,560],[7.504360309197136,45.74696785657207,560],[7.504475850126205,45.74697386961151,560],[7.504594603892027,45.74697992459469,560],[7.504700626592021,45.74698131253319,560],[7.504777673946521,45.7469845712279,560],[7.504854721311311,45.746987829870754,560],[7.504934380873719,45.747013623980706,560],[7.505010827697631,45.74703937598736,560],[7.505068297990691,45.74705362892867,560],[7.505141892441822,45.747065842720055,560],[7.505215486926205,45.74707805646439,560],[7.505302172899966,45.74708144093539,560],[7.505388858885874,45.74708482534072,560],[7.505478877781613,45.7470837530212,560],[7.505572049455152,45.74708497201101,560],[7.50566206835129,45.74708389954707,560],[7.505771304116478,45.747085328524676,560],[7.505880539889909,45.747086757397916,560],[7.5063102423070545,45.74709990790873,560],[7.506477645818852,45.747088255802694,560],[7.506564211914987,45.74709613801382,560],[7.506800691410655,45.74713569789485,560],[7.506874106421426,45.747154658622094,560],[7.506944308659414,45.74717357730846,560],[7.507037240631861,45.74718379250069,560],[7.507126959815121,45.747193965628625,560],[7.507226257539126,45.74720651399509,560],[7.50732561527647,45.74721681292661,560],[7.5074249130897766,45.747229361121384,560],[7.507538617066968,45.747243793156365,560],[7.507650706343898,45.747258758415306,560],[7.507762855632696,45.747271474215296,560],[7.507855668042346,45.74728618744467,560],[7.507948132883897,45.747289293474005,560],[7.508005724096295,45.7472990462495,560],[7.508069561184264,45.74731563097161,560],[7.50813339831084,45.74733221565847,560],[7.50818777676684,45.747341926382035,560],[7.508259602997834,45.747344501602655,560],[7.508327551953464,45.74732738788741,560],[7.508424895751987,45.747292656907504,560],[7.508463689427331,45.747284162932644,560],[7.508505695922872,45.74727571089493,560],[7.50856739802659,45.747264004894404,560],[7.508627742230775,45.747263893616825,560],[7.508681018155389,45.747285363305416,560],[7.508735157026676,45.74730407117136,560],[7.508839862606481,45.74735494099052,560],[7.508909346947696,45.74740085068834,559],[7.508950574744572,45.74742164004731,559],[7.5090084657777,45.747420145566814,559],[7.509043561222624,45.747384601530605,559],[7.509118017573866,45.74739457387484,559],[7.509177577483258,45.74739085005773,559],[7.509267210293692,45.74737401968349,559],[7.5094335098826495,45.747344686195675,559],[7.509489454566181,45.74734091774075,559],[7.509607125363066,45.74734245311273,559],[7.509719736861958,45.74735791908272,559],[7.509814279178223,45.74737533184656,559],[7.509918775823546,45.74742882880443,559],[7.51003928250879,45.747531970811735,559],[7.510137853738351,45.74762839391179,559],[7.510208106738539,45.74770581379757,559],[7.510328731638056,45.74783789463987,559],[7.510401346884137,45.74785684266575,559],[7.510518424416186,45.747862550107406,559],[7.510527332294988,45.74786298488032,559],[7.510603715620524,45.74784598069125,559],[7.510699009572579,45.74779772115332,559],[7.5107427741223765,45.74775328729432,559],[7.510786294156212,45.74767285170998,559],[7.510829607903116,45.747569909392745,559],[7.51085626795251,45.74753425392993,559],[7.510925617824664,45.747494655606474,559],[7.5110372997925605,45.74746461047737,559],[7.51116577027587,45.74745278422035,559],[7.511791472113196,45.74746093781669,559],[7.512072638565219,45.7474781014097,559],[7.512282406578018,45.74752133602429,559],[7.51241783466987,45.74755010046098,559],[7.512674949101352,45.74758045103595,559],[7.512952620831283,45.74759306759252,559],[7.513048085145152,45.74759880969201,559],[7.513321389076205,45.74760889154837,559],[7.513464489500663,45.74763502293687,559],[7.513574568542772,45.74768216641366,559],[7.513677924247637,45.74776901634336,559],[7.513755974378302,45.74785553782579,559],[7.513820253197633,45.747946379445914,559],[7.513838533740692,45.74796911770902,559],[7.513866862674247,45.74803699024806,559],[7.513878161846595,45.748095641592506,559],[7.513899057017759,45.74814091518489,559],[7.513944004849946,45.74817300179552,559],[7.514018714763607,45.7482189763566,559],[7.514055869305776,45.74824196011151,559],[7.514139132008817,45.74828354558766,559],[7.514227303632569,45.74835219824004,559],[7.514269006529112,45.74841574256498,559],[7.514291237352871,45.748501537634375,559],[7.514349373553006,45.74859679841622,559],[7.514440278824291,45.748683486610496,559],[7.514525597932668,45.74873859933748,559],[7.5146274125162655,45.74876242375193,559],[7.514715322740463,45.7487500678687,559],[7.514770374368103,45.748719280029356,559],[7.514842286713025,45.748643711440174,559],[7.514907605627191,45.748559054754836,559],[7.5150130329327185,45.74841641871729,559],[7.515070722603141,45.74833166275422,559],[7.5151478129244,45.748208860800396,559],[7.515263470844342,45.7480847014898,559],[7.515324971128793,45.748042577328114,559],[7.515446982366274,45.74798186053149,559],[7.51568489337965,45.74787939675248,559],[7.515759397192756,45.7478590839995,559],[7.515794343262587,45.7478673361289,559],[7.515838099633705,45.74786341069657,559],[7.515942890089182,45.74784796909556,558],[7.516183797978024,45.747792594379206,558],[7.516623521151082,45.74766329755264,558],[7.516867471093558,45.74755970995749,558],[7.5170867749651,45.74749604145615,558],[7.5172521242886665,45.74745773952064,558],[7.517366017012076,45.747447533366675,558],[7.517456152455294,45.74745809440212,558],[7.517544378624376,45.747471965284085,558],[7.517644926333508,45.74751893523531,558],[7.517674295244333,45.74743241443992,558],[7.517683564663824,45.747369711028746,558],[7.517663667798118,45.7473111950993,558],[7.51761991774985,45.74720186224244,558],[7.517588130355116,45.74714831239181,558],[7.517571855964736,45.747109769729356,558],[7.517581735792116,45.74709495346634,558],[7.517601574027571,45.74709216603932,558],[7.517721199021006,45.747109078714956,558],[7.517822009381675,45.747123671613906,558],[7.517900998650337,45.747126357115036,558],[7.5179667142413376,45.747122781486844,558],[7.51798668802871,45.74711861237015,558],[7.517999896709865,45.74711241856544,558],[7.517999359006628,45.74710286292667,558],[7.517986158532201,45.74709383604098,558],[7.517955280407028,45.74707309332134,558],[7.517948453887184,45.74705473907479,558],[7.5179558376903355,45.74702964959122,558],[7.518034186803868,45.74705612769729,558],[7.518066891881426,45.747091242742954,558],[7.518120041426455,45.74717857766668,558],[7.51816284256061,45.747245498324915,558],[7.5182014540472855,45.747304502654266,558],[7.518219736160644,45.747327241137754,558],[7.518255524827465,45.747341206180565,558],[7.518295967359467,45.747346231049534,558],[7.518344797886079,45.74733786391011,558],[7.518404550189311,45.747311637350954,558],[7.518426960314393,45.74724576242221,558],[7.518429148184935,45.74717828682363,558],[7.518429832338256,45.74706128880408,558],[7.518444886517153,45.74691747557251,558],[7.518465979105451,45.74681874240709,558],[7.518525676306326,45.74669667201586,558],[7.518559953092565,45.74661626839144,558],[7.518686307929073,45.74662645123552,558],[7.518768146741054,45.74664118429876,558],[7.51882280125447,45.74665129226091,558],[7.518859199502832,45.746659455177884,558],[7.518898172519165,45.74666252386564,558],[7.518935000109266,45.7466544562677,558],[7.518952262740667,45.74664784418747,558],[7.518989496987659,45.746624401737314,558],[7.519030752728022,45.74658733960709,558],[7.519084141589089,45.746552998113756,558],[7.519158451691219,45.74651209191415,558],[7.519225124096193,45.746483049262466,558],[7.519287911796768,45.74646250131968,558],[7.519347039454379,45.74644190500004,558],[7.519377743771584,45.746434612938216,558],[7.519411950004641,45.74643334711177,558],[7.519439944120637,45.74643627330958,558],[7.519463915547627,45.746452819168525,558],[7.519475461468903,45.746477749079155,558],[7.519477042349492,45.746510239884955,558],[7.519468615563428,45.74655200023457,558],[7.519458878846618,45.74659716110658,558],[7.519449818300002,45.74666283935102,558],[7.51944780817345,45.746692720260846,558],[7.5194562022221305,45.746744524506916,558],[7.519469238835983,45.74675921943359,557],[7.519511444130682,45.74677856586314,557],[7.519577079053873,45.74678881577795,557],[7.519681754912713,45.74679957160421,557],[7.519738781184803,45.74681227321481,557],[7.519825971312339,45.746838182420205,557],[7.51994580840979,45.74687562392407,557],[7.520008540211643,45.746903352807195,557],[7.520127474078382,45.74692881891226,557],[7.520237913485717,45.746952466552194,557],[7.520352282655089,45.746965910684956,557],[7.52050092742776,45.74697552609782,557],[7.520604926974595,45.746988835668425,557],[7.520705965926739,45.74699868930237,557],[7.520839291323819,45.74698759817484,557],[7.521024672257951,45.746969491740664,557],[7.521141255238678,45.746945366731524,557],[7.5213744562389335,45.74694197635239,557],[7.521445796454571,45.747198389735445,557],[7.521529371734096,45.747222542546986,557],[7.52151132708761,45.74739747730007,557],[7.521659453001767,45.7474036669864,557],[7.521836003730148,45.74741962356567,557],[7.521966710677812,45.747438404197354,557],[7.522045676131647,45.747452243578756,557],[7.522313121596228,45.747469375431805,557],[7.522449545685593,45.74747968436602,557],[7.522541775595957,45.7474996767313,557],[7.522628459718613,45.7475448032779,557],[7.522686032196851,45.74758314488546,557],[7.522780588913947,45.74760743880091,557],[7.522874241599537,45.747619758344456,557],[7.5230069822362875,45.74763087403038,557],[7.523121512538384,45.7476383357184,557],[7.523295077875847,45.74765756273626,557],[7.523337242729115,45.7476334778724,557],[7.523443730344071,45.747575474325316,557],[7.523702996329124,45.74743118340746,557],[7.523901205729996,45.7473150963272,557],[7.523995124934615,45.74726072717325,557],[7.524052405617076,45.74722896279901,557],[7.524187463123739,45.74736553572745,557],[7.52437618335969,45.74758169766622,557],[7.524492199726406,45.74778654077201,557],[7.524717461594826,45.74795933346409,557],[7.524751113594435,45.74807705666445,557],[7.524936750042281,45.74819739150349,557],[7.525446180794801,45.74844243955209,557],[7.5258479845763135,45.748676158930444,557],[7.526199438745221,45.74881080291372,557],[7.526774247338927,45.74913482567333,557],[7.526813700993853,45.74915557218925,557],[7.526858385679716,45.74916513729518,557],[7.526913646379151,45.749163153388054,557],[7.526982073199602,45.749148755600295,557],[7.527060501983904,45.74911041843584,557],[7.5270913403079565,45.74907039111584,557],[7.527115624737894,45.749025761016256,557],[7.52710569444964,45.74899063082538,557],[7.527054965170717,45.748890846698075,557],[7.526907527155761,45.74878578049804,557],[7.526592651013122,45.74852959036275,557],[7.526463534491776,45.74842702263728,557],[7.526413419127278,45.748385401243155,557],[7.526377862955251,45.74834652830035,557],[7.526375284755879,45.74830552013777,557],[7.526390989303909,45.74826474873299,557],[7.526439670439201,45.748221841180886,557],[7.526501184630472,45.74819987956769,557],[7.526588696615574,45.74819201957127,557],[7.526694783349902,45.7482098903784,557],[7.526861642396046,45.74826326078148,556],[7.527021392505235,45.74830885642027,556],[7.527221498177048,45.74834985085552,556],[7.527534288526374,45.748436215629255,556],[7.5278699973352685,45.7484882471808,556],[7.527900650497775,45.74849184910861,556],[7.52796463675377,45.74848191176891,556],[7.528016917700317,45.74846458443219,556],[7.528049401780569,45.74845150313498,556],[7.528079785657219,45.74842818276759,556],[7.528094670741898,45.748396872725735,556],[7.528113695184321,45.74835393423465,556],[7.528129525101694,45.748286633352315,556],[7.5281303560650334,45.74817863772799,556],[7.5281147522837895,45.748087549338486,556],[7.528101974579448,45.74799288004881,556],[7.528090826206374,45.747943232591496,556],[7.528092411118995,45.747898251273675,556],[7.528108498955883,45.74786695672555,556],[7.52813559665407,45.747844804568366,556],[7.528199926579655,45.74782763239964,556],[7.5283991196461395,45.74782031168179,556],[7.528688084590849,45.74781684260678,556],[7.528839813367644,45.747808010598895,556],[7.528925615605115,45.747816307040985,556],[7.528990014174807,45.74783330851656,556],[7.52904895333754,45.747861938540225,556],[7.529110520612936,45.74791306769267,556],[7.5292332511468745,45.74802797813676,556],[7.529348039396792,45.74812396068929,556],[7.529435241542392,45.748185781107416,556],[7.529538432405858,45.748240816571375,556],[7.529670756191487,45.748286563071396,556],[7.529779200092649,45.74831267793406,556],[7.529840834494635,45.74832217561318,556],[7.5299007264823405,45.74832547197256,556],[7.52998168672001,45.74831751515576,556],[7.53002816131554,45.74829665417314,556],[7.53001127218981,45.748275605111125,556],[7.529991705752678,45.748239256697794,556],[7.529958077823884,45.74815226496314,556],[7.529917337481603,45.74802651721638,556],[7.529905392148498,45.747992961625215,556],[7.529890528044166,45.7479338663728,556],[7.529864589289384,45.74786372804724,556],[7.529845014685664,45.7478081642737,556],[7.529810184619023,45.74768883252008,556],[7.529790521627631,45.74761710444912,556],[7.529763660719897,45.74752642852278,556],[7.529759630574065,45.74749915275217,556],[7.529722653367071,45.74742253324025,556],[7.529713448933616,45.74736279346425,556],[7.529746207508797,45.74730700500642,556],[7.529757623908955,45.74726297465198,556],[7.529752702057788,45.74719646579774,556],[7.529716013678157,45.74708932110245,556],[7.529717244868998,45.74704179885457,556],[7.5297386584113415,45.74697424738601,556],[7.529742984479795,45.746946288020006,556],[7.529752165655393,45.74688965785413,556],[7.529728727167817,45.74678591578734,556],[7.529732069892757,45.74673675291694,556],[7.52974620451638,45.746706405949844,556],[7.529780850012317,45.74665692773309,556],[7.529828512589602,45.74660007459752,556],[7.529846710189583,45.74653224589954,556],[7.52986135377112,45.74648251022549,556],[7.529880387229754,45.7464414517546,556],[7.52989962237624,45.746412246873945,556],[7.52994327105374,45.74637150518238,556],[7.5300094461889255,45.74633248894998,556],[7.5300903632611265,45.74630353956312,555],[7.530132867460967,45.74628684688904,555],[7.530185205888168,45.74624729338499,555],[7.530231513588778,45.74620299368505,555],[7.5302704527870095,45.74616578158238,555],[7.530301511915746,45.746157204973066,555],[7.53036574205037,45.746155783925566,555],[7.530451284056334,45.74612497487223,555],[7.530523188331146,45.74617353970372,555],[7.530613188660078,45.74624202503043,555],[7.53067755817928,45.746291339789515,555],[7.530821183648382,45.74644834729011,555],[7.530959216236365,45.74638834650626,555],[7.531093297150835,45.74632254700068,555],[7.531215245459157,45.74625343394736,555],[7.531298626481271,45.746216044087326,555],[7.531505830066716,45.74613147398941,555],[7.531536678003352,45.74611888369281,555],[7.531574780999294,45.746105874522655,555],[7.531643924451509,45.746090088967186,555],[7.5316825915626255,45.74608429373717,555],[7.53171840025192,45.74608568017772,555],[7.531867322185753,45.74610559626514,555],[7.531926263460985,45.74611309879418,555],[7.5325687705906175,45.74620646533574,555],[7.532676864985914,45.7462213367052,555],[7.532860050081484,45.74623939468317,555],[7.532972316620362,45.74623967909693,555],[7.533020343532707,45.746231294461,555],[7.533055644729222,45.74621957279299,555],[7.533088236524319,45.7462006653991,555],[7.533104508402803,45.746167617400474,555],[7.5331080752628425,45.74612946135466,555],[7.533103583066092,45.7460559224378,555],[7.533096323319643,45.74596549448627,555],[7.533098062359707,45.74589911360461,555],[7.533152764229825,45.745783527405415,555],[7.533243061730717,45.74574266523033,555],[7.53335332831496,45.745750701848294,555],[7.533448221925341,45.74574741813547,555],[7.533564353294107,45.745730907993895,555],[7.533718313827849,45.745671852691565,555],[7.533821907416884,45.74560279735791,555],[7.533927120850028,45.74552764145844,555],[7.53408868447404,45.745415550401674,555],[7.534215618838389,45.745323698877826,555],[7.534257226911957,45.745230077326745,555],[7.534300035365626,45.745164111794004,555],[7.534360294546087,45.74511814431974,555],[7.534486245941752,45.74505869889418,555],[7.534634404924998,45.745015596966816,555],[7.534813608474442,45.744968393687216,555],[7.534963891996273,45.74492081831705,555],[7.535097594247899,45.744877530372925,555],[7.535139830530555,45.74486007095181,555],[7.535228886748092,45.74483421137149,555],[7.535316619793903,45.744812835021435,555],[7.535350588772278,45.74480427094749,555],[7.535405558189795,45.74479147405845,555],[7.535421850179161,45.744706177892205,555],[7.535524372752315,45.744702992068795,555],[7.535661716677027,45.74470475281196,555],[7.536047389137143,45.74475019862684,555],[7.536272781111778,45.74478008951853,555],[7.53638161165905,45.74478148402155,555],[7.536534451470556,45.744774440831335,555],[7.536938090457082,45.744716608600555,555],[7.537157259766695,45.744692412153455,555],[7.537308895063247,45.74468535520152,555],[7.537349054123603,45.74468586942835,555],[7.537516048068203,45.744706008656934,555],[7.537663674864637,45.74474498623583,554],[7.537731106868276,45.74476832019607,554],[7.537767014152919,45.74480193960693,554],[7.5378164769062055,45.7448422210069,554],[7.537848129671363,45.74488374870212,554],[7.537856458711634,45.74493351664819,554],[7.537865364490509,45.74498576442152,554],[7.537908028209179,45.74504810635981,554],[7.537964537073804,45.74509646945328,554],[7.538045133368288,45.74514841339638,554],[7.538193413424542,45.74519620656705,554],[7.538415157259641,45.745244030500814,554],[7.538498037767153,45.74526576426575,554],[7.538636624990137,45.74530653663731,554],[7.538675889244479,45.74531938587793,554],[7.53890890441873,45.74541169145893,554],[7.539042584212781,45.74546645309428,554],[7.539093871216102,45.7454716083952,554],[7.539175461931812,45.74545464989173,554],[7.539335100966761,45.74538837820766,554],[7.539500954334665,45.745305332260905,554],[7.539552829462255,45.745285322190846,554],[7.539614760338045,45.74527353033476,554],[7.53975742148193,45.745270213026075,554],[7.540010687022486,45.74527859146256,554],[7.540189439051666,45.7452916622346,554],[7.540358671067764,45.745312108520494,554],[7.540489641705223,45.74532728281178,554],[7.540668351375064,45.74533912822043,554],[7.540741763663016,45.74533017899245,554],[7.5408115820546815,45.745311295825005,554],[7.54086355550742,45.74529094799586,554],[7.540970928699557,45.74520469754084,554],[7.5410259061132034,45.74514167868753,554],[7.541075110139701,45.74510095958987,554],[7.541172604969938,45.74505456583577,554],[7.541335279755888,45.744994846507325,554],[7.541527675245993,45.744937310130325,554],[7.541627467972676,45.744921714542414,554],[7.5418320997942985,45.74490969385106,554],[7.541980806357859,45.744907091774195,554],[7.542140542290766,45.74490894962267,554],[7.542269265117369,45.74492047947275,554],[7.54238318605408,45.74494372890199,554],[7.54250749672323,45.74496781732627,554],[7.542611248198762,45.74500034682617,554],[7.542666094030678,45.74503284363845,554],[7.542727337758595,45.745087627254904,554],[7.542801299182757,45.74517857699893,554],[7.542888530460382,45.74523819320829,554],[7.542975775570342,45.74526630857005,554],[7.543056899204751,45.74526734329668,554],[7.5431168023471775,45.74525010445922,554],[7.543180329393525,45.745208949695275,554],[7.543235673075055,45.745143615914024,554],[7.543313855286853,45.745060543488876,554],[7.543355946878637,45.74499122892726,554],[7.543404502646547,45.74494684544373,554],[7.543449137357803,45.744918676800935,554],[7.543546232704126,45.7448955603,554],[7.54376051073642,45.744892085441705,554],[7.543965638186848,45.74490181792863,554],[7.5441039545993345,45.744912581443295,554],[7.544242128963677,45.74492243212636,554],[7.544395718889255,45.74490188897712,554],[7.544563952394437,45.74485902907421,554],[7.544697462410616,45.74483822877136,554],[7.5448046896772345,45.74483959481964,554],[7.545129857504954,45.74486122119127,554],[7.545256702523613,45.74487092635061,554],[7.5453482844142385,45.74489141767826,554],[7.545381448106478,45.744862626973976,553],[7.545426070443541,45.74484300970552,553],[7.545654256565152,45.74479641134195,553],[7.5458120248382,45.744769235691365,553],[7.5459774066651635,45.744753364197166,553],[7.546092758733038,45.74475699078364,553],[7.546449587689481,45.74474355518375,553],[7.546637700480385,45.74475494927105,553],[7.546808501023774,45.744793100099116,553],[7.546897828335709,45.7448055249278,553],[7.546986573596431,45.744804365882054,553],[7.5470879564927165,45.74478315411758,553],[7.547164157635072,45.744757120823316,553],[7.547374787321563,45.744705798161604,553],[7.5474840059013015,45.7446896116802,553],[7.547670120074262,45.74469107986872,553],[7.547880974395573,45.74471623124003,553],[7.54801379420011,45.74474935396677,553],[7.548074768066315,45.7447681318615,553],[7.548277665925587,45.74482921499222,553],[7.5484120667724985,45.74486692511727,553],[7.548468604149529,45.74487852790397,553],[7.548531763969302,45.744881127876184,553],[7.548592218494724,45.74487358224369,553],[7.548674780089461,45.74484277747248,553],[7.5487227470963605,45.74480928659125,553],[7.548897305804007,45.74470113791228,553],[7.548941837755871,45.74467151223189,553],[7.548961599872485,45.744658223770735,553],[7.549032421969363,45.744609742880364,553],[7.54904564693463,45.7446009787396,553],[7.549084300193176,45.74457085170597,553],[7.549121343959715,45.74454553660129,553],[7.549144373630535,45.74451672409267,553],[7.549158351760975,45.74449685024881,553],[7.549162115341213,45.74446774173019,553],[7.549151660184677,45.744450081303235,553],[7.549253486562092,45.74444856191022,553],[7.5494159172197906,45.74447885128148,553],[7.549594637968374,45.74451569713788,553],[7.549875002095817,45.74450101979397,553],[7.550124152585053,45.744487977000645,553],[7.550292607175156,45.74447980671083,553],[7.5508121442053895,45.744513929010694,553],[7.5509267409705485,45.74452239421783,553],[7.55106495762644,45.74453628291998,553],[7.551077103694852,45.74453730643686,553],[7.5512029296632255,45.74454467352814,553],[7.551576244878524,45.74455073714462,553],[7.551763456786051,45.74455940220453,553],[7.551984398650204,45.744597676057325,553],[7.5524298213214,45.74466222821679,553],[7.552480363585178,45.744668711846764,553],[7.552589169476473,45.744668629803115,553],[7.552680011654448,45.74466809503821,553],[7.55278321358475,45.74466131291494,553],[7.553232678317707,45.74458161574759,553],[7.553407023212879,45.744552834947555,553],[7.553595781962617,45.744523723364324,553],[7.553897707499322,45.74448150021903,553],[7.554205188056716,45.74447743503059,553],[7.554477637480225,45.744489884515424,553],[7.554838549704405,45.74448868809279,553],[7.554942597691632,45.74448640868667,553],[7.555271998285529,45.74448555209557,553],[7.555529308000715,45.74449169082824,553],[7.555675383561309,45.74449149479173,553],[7.555886881009448,45.74449032285897,553],[7.5560083347640985,45.74448645072122,553],[7.5562073084925,45.74448927542482,553],[7.5568422217137705,45.744488280061255,553],[7.557093605091224,45.744481409334156,552],[7.557133362122395,45.74448191152434,552],[7.557542029358005,45.74448811865587,552],[7.557695437810004,45.74449005575297,552],[7.557791587069593,45.7445002702602,552],[7.557923254237777,45.74453053713853,552],[7.558028681925001,45.74457526770604,552],[7.5580856940290975,45.74463899109218,552],[7.558194447620869,45.744721368602164,552],[7.558355116014024,45.74481013905281,552],[7.5585116990064085,45.74489907913427,552],[7.558624581618107,45.74494005279679,552],[7.55866913420626,45.74496137288445,552],[7.558770034150514,45.74497514591553,552],[7.558957937558466,45.74497851829082,552],[7.559148995476824,45.744985695068245,552],[7.559392449829329,45.74504700178067,552],[7.559526461902102,45.745084693914,552],[7.55980957390686,45.74515126830539,552],[7.559913179516662,45.745184074554835,552],[7.5600994074980985,45.74525033132583,552],[7.560209878541422,45.745300323050664,552],[7.560323346552678,45.74532865756558,552],[7.560604012607755,45.74534579075404,552],[7.560845026366859,45.74536232918286,552],[7.561067559281354,45.74535691152836,552],[7.561220753910243,45.74535806174801,552],[7.561375199337609,45.74535100733209,552],[7.561506697434343,45.74533016114102,552],[7.561654323248595,45.74529151771779,552],[7.561758914609013,45.7452703324314,552],[7.56183372474966,45.74526768581458,552],[7.56196217811084,45.74528639319075,552],[7.562229925843069,45.74532576656891,552],[7.562328888056213,45.74533601085818,552],[7.562665195097302,45.74538074543187,552],[7.5627407491420975,45.745395197784575,552],[7.562920545565305,45.74543346198835,552],[7.563054042077906,45.74547564285509,552],[7.563131314586401,45.74551711815086,552],[7.56330634363591,45.74560032351854,552],[7.563527096409689,45.74570210737082,552],[7.563859142536676,45.74585029090946,552],[7.564017134845635,45.74592428046051,552],[7.5641718006599925,45.74600272824269,552],[7.564366870132843,45.74610691208953,552],[7.5644393076856264,45.746145600369594,552],[7.56463574049835,45.74622457241048,552],[7.564831028683341,45.746285528677426,552],[7.564916396058364,45.74630910250699,552],[7.565174908268864,45.74637985388476,552],[7.565298544602626,45.74639940784916,552],[7.565481161573418,45.746406201593864,552],[7.5656293542677036,45.74640806252706,552],[7.5657394164469265,45.7464084508528,552],[7.565905296459596,45.74644828531545,552],[7.5659857615343356,45.74646457567625,552],[7.566057982711711,45.74648009915516,552],[7.566081320225492,45.74649221880311,552],[7.566080442227918,45.74652650338756,552],[7.566151944792556,45.746567633284094,552],[7.566228247369974,45.74660009287312,552],[7.56633100088363,45.74661938360312,552],[7.566423139469052,45.74662953959828,552],[7.566531288278451,45.74662639744285,552],[7.566676214530496,45.74661471613715,552],[7.566882414439051,45.74659480107066,552],[7.566951019883535,45.74658887086989,552],[7.56707059419668,45.74659077052588,552],[7.567302206960296,45.7466206421757,552],[7.567345519934312,45.74665893721501,552],[7.56746641166991,45.74670090171991,551],[7.567553180712429,45.746721763994124,551],[7.56760399192682,45.74672787527643,551],[7.567809881279471,45.746657983720816,551],[7.5679148459280245,45.746664835919155,551],[7.568038548307052,45.74666638669088,551],[7.568172622315282,45.746677803202225,551],[7.568329636302816,45.74669639787285,551],[7.56843238599444,45.74672306349407,551],[7.568699489879368,45.746774540925145,551],[7.568953564265732,45.746810102680996,551],[7.569200180441095,45.74686854159424,551],[7.569346886434453,45.74689925726612,551],[7.569410559967507,45.746917450931086,551],[7.569621404151481,45.74707107510952,551],[7.569715776717959,45.74712221240968,551],[7.5698678931597545,45.74721031409853,551],[7.569956473376341,45.74726567913022,551],[7.570090336400964,45.747334408788646,551],[7.570143244144998,45.74736422286432,551],[7.570212328655285,45.747384613335335,551],[7.57029750390376,45.74738983586099,551],[7.570383855327041,45.74739179145186,551],[7.5704374852186165,45.74739640125885,551],[7.570464627545131,45.747410304725804,551],[7.570477345821489,45.74742621570632,551],[7.570474199721094,45.74745155421392,551],[7.570443473963674,45.747455544849466,551],[7.5705275936456875,45.747514353916934,551],[7.570699716611796,45.74752875924126,551],[7.570967961896256,45.74751514574414,551],[7.571365158916157,45.74748016610195,551],[7.571450007928597,45.74742819705508,551],[7.571943290834031,45.74728369254656,551],[7.572181007810239,45.74729919736416,551],[7.572490008666327,45.74734819782808,551],[7.572774107079817,45.74731024907062,551],[7.573064032764101,45.74742524270762,551],[7.573173078796351,45.74743521653289,551],[7.573510525828872,45.74743533127664,551],[7.573786719533518,45.74734719246914,551],[7.574044604959041,45.74721249154869,551],[7.574195785818072,45.74714112429401,551],[7.574243997214885,45.747118365188946,551],[7.574414897393756,45.74697467613498,551],[7.574771723888742,45.74690298520403,551],[7.57500528432161,45.746836939729356,551],[7.575157033854928,45.7467907761632,551],[7.575226874316589,45.74675745429673,551],[7.57532117994503,45.74672055919303,551],[7.57553522965713,45.746666372300425,551],[7.575734456146816,45.74668835884212,551],[7.575802417370346,45.746684929138056,551],[7.575900759607862,45.746693204416026,551],[7.575957313240631,45.74668899606461,551],[7.576017577157185,45.74668291142509,551],[7.576158551566707,45.74668253288512,551],[7.576272804652237,45.74670104625055,551],[7.576370684952513,45.746715510427734,551],[7.576599805631216,45.74677647037228,551],[7.576718023186382,45.74678307009435,551],[7.57680092412843,45.74678666723933,551],[7.5769423438943635,45.74676877555851,551],[7.577129186900015,45.74671641676698,551],[7.577229229870224,45.74666981158248,551],[7.5772974427565565,45.74665100852614,551],[7.5773588602736766,45.74663553829811,551],[7.577499343513692,45.74663045191155,551],[7.577629740483881,45.74663805650843,551],[7.57781691249254,45.74662073433181,551],[7.577956089286313,45.74661904861729,550],[7.578048490550832,45.74663301652317,550],[7.578140913569241,45.746646129575105,550],[7.578300416337209,45.74663700639387,550],[7.5784633603692,45.74661254571744,550],[7.5786855864515505,45.74658454989305,550],[7.578830619815209,45.74654448483976,550],[7.578938122255805,45.74649241673857,550],[7.579118668404407,45.74641173720778,550],[7.579163162412429,45.74649777943707,550],[7.57920356087221,45.746541006512665,550],[7.579253916535114,45.74657666646859,550],[7.579290128974304,45.74659249695405,550],[7.57940795641655,45.74661447003667,550],[7.579457676508874,45.74662705095258,550],[7.579529928203054,45.746665546427415,550],[7.579577930336646,45.7466977594738,550],[7.579647258791628,45.74670716663026,550],[7.579760813558738,45.74670516012613,550],[7.579847483125811,45.74670452846571,550],[7.579976487701058,45.74671894987015,550],[7.58007252815825,45.74673381552681,550],[7.580173449711631,45.74674874177233,550],[7.580274045159889,45.746776480622664,550],[7.580394032371509,45.74680958797698,550],[7.580482027353246,45.746852977671125,550],[7.580508696043293,45.7468601449726,550],[7.580551572722423,45.746853841875655,550],[7.580732138893106,45.7468082350923,550],[7.580931551015501,45.74676542459467,550],[7.581007521663187,45.74675355159467,550],[7.581116761644063,45.746680996233714,550],[7.581211358790428,45.746656536813354,550],[7.581347090684491,45.746646259080364,550],[7.58141308387719,45.74664280699603,550],[7.581503543331604,45.74663709444495,550],[7.581567398958119,45.74662165222997,550],[7.581657071523309,45.74659883958985,550],[7.581751451932397,45.74658292212905,550],[7.581823241523918,45.746591503471194,550],[7.582001534439118,45.74663558638796,550],[7.582094261299791,45.74663673741385,550],[7.582201953142872,45.7466252573596,550],[7.582293828052426,45.746611871702456,550],[7.582379494153104,45.74660268056818,550],[7.582440433223415,45.746606000165926,550],[7.582641903405461,45.74662644450704,550],[7.5827304856464295,45.74659849169682,550],[7.58279982604621,45.74655919074791,550],[7.582861328480288,45.746540301115246,550],[7.5829663149446995,45.74651511408013,550],[7.583080184390725,45.74645244104138,550],[7.583160678917661,45.74640644322976,550],[7.58322476646676,45.74637113700571,550],[7.583227645532046,45.74641617533872,550],[7.5832765929203205,45.74646628349706,550],[7.583337815019493,45.74647604420162,550],[7.583394554142505,45.74647224759151,550],[7.583647904228237,45.746430385653724,550],[7.583763680742333,45.74642732265377,550],[7.583938269858451,45.74643398554816,550],[7.584070914048448,45.74643113133604,550],[7.58448394540019,45.746445249888005,550],[7.584764510947884,45.746502728488636,550],[7.584900096900689,45.74655841136914,550],[7.585051179180707,45.746636788249695,550],[7.585166904976251,45.7466517215472,550],[7.585402015362152,45.746632132015925,550],[7.585487278618187,45.74666019033217,550],[7.5855100039342895,45.74668297304725,550],[7.585489374479696,45.74671340398325,550],[7.585991806610343,45.74692503532351,549],[7.586272220538416,45.74702757485819,549],[7.586622743896617,45.74715574882844,549],[7.587000882239879,45.7472465646195,549],[7.587525460534769,45.7473009080696,549],[7.587635745033241,45.7473248693086,549],[7.587721302259073,45.74736536470949,549],[7.587805906034512,45.747461660501564,549],[7.587879935327172,45.74754962963204,549],[7.587948709117749,45.747566904846344,549],[7.58802329951485,45.747562899076755,549],[7.588130903745107,45.74752891464254,549],[7.588162876066811,45.74751699079381,549],[7.588255953248109,45.74750089434292,549],[7.588330245995261,45.74748538742641,549],[7.588390939427965,45.747474229771,549],[7.588441633930686,45.74746417979779,549],[7.58868557568717,45.74730128280402,549],[7.588730661521805,45.7472802970759,549],[7.588828231243047,45.74726664890049,549],[7.589003410762058,45.74723343092335,549],[7.589112684782958,45.74721705681078,549],[7.589213866208576,45.747205165714185,549],[7.589495250421099,45.74719364387928,549],[7.589796143393049,45.747209879491756,549],[7.590088403710878,45.74723995767234,549],[7.590150600493884,45.747263115929854,549],[7.590156757549605,45.74728954635202,549],[7.590235068914488,45.747396859426125,549],[7.590265967585426,45.747426485252305,549],[7.590352725272555,45.747449711591045,549],[7.590454741052079,45.74741995285332,549],[7.590576161300431,45.74737359526778,549],[7.590670993296605,45.747352609614865,549],[7.590749761935139,45.74734117417914,549],[7.590869075279989,45.747339694797574,549],[7.591034436955791,45.74734173454915,549],[7.591289733710883,45.7473382660036,549],[7.59143745595506,45.747352314848484,549],[7.5915404725477105,45.747328122604195,549],[7.591650904406454,45.74728685409259,549],[7.591746601020527,45.747279312386645,549],[7.591893639873692,45.747294207266215,549],[7.592069231261153,45.74732199610708,549],[7.592338318691855,45.74733062988374,549],[7.592415313703155,45.74728904039309,549],[7.59250579369468,45.74728046171368,549],[7.592709285028295,45.74726973357879,549],[7.592956951050593,45.74729446854084,549],[7.593182984852551,45.747327031624835,549],[7.59337827019521,45.74735407633516,549],[7.593539877153877,45.74736935819489,549],[7.5936665568039805,45.747354317294736,549],[7.5939364419375295,45.74733447767261,549],[7.594358307528298,45.747353732033474,549],[7.5944517596679315,45.747327584263424,549],[7.5945825438133605,45.74724048156418,549],[7.594734372439527,45.747153224480584,549],[7.5948746398782125,45.747079575982305,549],[7.595006343774093,45.74704081601623,549],[7.595095360058535,45.74701768323769,549],[7.5952345919036395,45.74699983200204,549],[7.595323326942515,45.746994719134136,549],[7.595477718193393,45.746949702324315,549],[7.5956062496698635,45.7469335533756,549],[7.59589826138796,45.74688763931577,549],[7.596010644240504,45.74686935000256,549],[7.596095730358786,45.74686306572089,549],[7.596209491570094,45.74686276089612,549],[7.596327054393977,45.74686870493277,549],[7.596415818132204,45.74686699916663,549],[7.596453578170665,45.74686703830258,548],[7.596493073271724,45.746856889450804,548],[7.596705152803091,45.74677884849746,548],[7.596758467278606,45.746772202213734,548],[7.5968566870202885,45.746764410004,548],[7.596947339521179,45.746770022849134,548],[7.5972683739849245,45.74683246803244,548],[7.597564505051197,45.74689460747123,548],[7.597732461011685,45.74694167378809,548],[7.598344310881325,45.747102190125894,548],[7.598454770319528,45.747135047277176,548],[7.598614698077145,45.74720460960339,548],[7.598657055640484,45.74722303487637,548],[7.598798439589798,45.74725627106006,548],[7.599035524453815,45.74728617965191,548],[7.599325236619521,45.74734823579373,548],[7.599433737529838,45.747363067837234,548],[7.5997595317274635,45.747412064482354,548],[7.600136108134694,45.747470683048725,548],[7.600322074319114,45.74750446277485,548],[7.600484233197573,45.74754245168333,548],[7.600534789221597,45.74744856648758,548],[7.600585796149233,45.7473366848482,548],[7.600967945724659,45.74741336999045,548],[7.601025150855455,45.74742307021033,548],[7.6010910843732304,45.74743737935317,548],[7.602271811170674,45.74769484685244,548],[7.602389615692648,45.74772328980537,548],[7.602955107788925,45.74784271276675,548],[7.603843431081162,45.74802031531917,548],[7.604117600724005,45.74807766906421,548],[7.604628538121424,45.74819306077357,548],[7.604835573211136,45.748239768635734,548],[7.6049378136768055,45.74824392717112,548],[7.604946311834343,45.74826656465745,548],[7.604966504135754,45.748283875340526,548],[7.604993998186477,45.74830915154498,548],[7.605031620708249,45.74832930052638,548],[7.605138549697199,45.74835204640741,548],[7.6052060289569035,45.74836533968591,548],[7.605312903602343,45.74839027276626,548],[7.605404936314683,45.74840889789579,548],[7.605515669063264,45.74842950183496,548],[7.6055629235463185,45.74843303175635,548],[7.605630114491165,45.74842652372121,548],[7.605752063716122,45.74839825921476,548],[7.605825962991741,45.74839215966136,548],[7.605915867719058,45.748395882348184,548],[7.605988015477449,45.74840988917669,548],[7.606023861312185,45.74842607842158,548],[7.606084198521785,45.74846269347722,548],[7.606137014779856,45.74850009248021,548],[7.606251460395647,45.74855361090732,548],[7.60631927486014,45.74857855878955,548],[7.6064278059324835,45.74860407356669,548],[7.606578457973671,45.74863401277486,548],[7.60674701716193,45.748671712629516,548],[7.60674869200105,45.74867208677751,548],[7.606794503034608,45.74868233277207,548],[7.6068976814828435,45.748705409282536,548],[7.607422455717766,45.748817599123285,548],[7.607701335909975,45.74887721850483,548],[7.608248778672589,45.748996395220395,548],[7.608915416485465,45.74915302297102,548],[7.609444285931982,45.749277998110976,548],[7.609758391215685,45.74935528624762,548],[7.609806438534368,45.74936638179582,548],[7.6098629012660135,45.7493757814315,548],[7.609959791272739,45.749389915833916,548],[7.6100216841368695,45.7493944122821,548],[7.610124034547261,45.749374614431105,548],[7.610152741571155,45.749369062070926,547],[7.610302058565993,45.749340192333996,547],[7.610536436225104,45.749304328611174,547],[7.6106436982068715,45.749291076709696,547],[7.610724596030361,45.749262947534305,547],[7.610775010238211,45.74920715530923,547],[7.610811273817524,45.749160159090735,547],[7.610842994863258,45.74911043176527,547],[7.610875020249628,45.74904636310548,547],[7.610903201154862,45.748979201910466,547],[7.610929597699074,45.74890301849123,547],[7.6109601493062975,45.74882517549141,547],[7.610975110658491,45.74878773434997,547],[7.61150607687571,45.7487750193093,547],[7.611737284767699,45.748750827866466,547],[7.6120951194888775,45.74869341542681,547],[7.612102323124774,45.748692259978434,547],[7.612416746934205,45.7486403053317,547],[7.612558977803567,45.74861680268035,547],[7.61277846749165,45.74857896692301,547],[7.612912256333748,45.74856259052869,547],[7.6130618175638,45.748570580871956,547],[7.613239252499851,45.74858006057282,547],[7.613293124715399,45.74858405375536,547],[7.613482469822893,45.74859809331466,547],[7.613602171636862,45.74860696799161,547],[7.613783472228493,45.748617761035945,547],[7.613730473976517,45.748740261179016,547],[7.613678980855416,45.748745629713454,547],[7.613578420046343,45.748831303865,547],[7.6132533390789465,45.7489097585674,547],[7.613296661390909,45.74892306161758,547],[7.613492034329865,45.74893119438922,547],[7.613511728771807,45.74895351440362,547],[7.6132952338106845,45.74900623877787,547],[7.61304455364199,45.749037692583244,547]]}}]}