{"type":"FeatureCollection","features":[{"type":"Feature","properties":{"slug":"tmb-s1","sct_code":"TMB_S1","source":"Catasto Sentieri VdA"},"geometry":{"type":"LineString","coordinates":[[6.808337007288683,45.75142920044551,2514],[6.808588007812771,45.75136620036952,2514],[6.80924800822636,45.75110620073444,2514],[6.80991800774247,45.751176200349406,2514],[6.810488007406983,45.75141620041362,2514],[6.810988007286234,45.751466201193104,2514],[6.811508007559509,45.75169620110613,2514],[6.812768007475316,45.75184620072842,2514],[6.813058007195804,45.751700201462896,2514],[6.813228008182589,45.7516462013093,2514],[6.814088007962872,45.75173620105801,2514],[6.815148008296415,45.75204620121018,2514],[6.816048007691583,45.75252620178569,2514],[6.816246183241891,45.75259260609265,2514],[6.816455191181959,45.75263410367053,2514],[6.816513553695537,45.7526595104263,2514],[6.816575847857687,45.752779172016226,2514],[6.816616879750202,45.7527884791948,2514],[6.816717329936304,45.75271028342936,2514],[6.816805277667076,45.75273412430354,2514],[6.816847704918892,45.752707661745035,2514],[6.816866065890941,45.75267392023732,2514],[6.8168518119877985,45.75263358962628,2514],[6.816894073018801,45.75261138566194,2514],[6.816938008305278,45.752616202019865,2514],[6.817077913526305,45.752666037803884,2514],[6.817196421971311,45.752655518570286,2514],[6.817330852693383,45.75270496498443,2514],[6.817405526886263,45.752764774658196,2514],[6.817509103321962,45.75276249329398,2514],[6.817676120884632,45.752725626072156,2514],[6.817770562952844,45.75270782837307,2514],[6.817856808402764,45.7527128849349,2514],[6.818038533275439,45.75273596056108,2514],[6.818149922034101,45.75273521937659,2514],[6.818151505341285,45.752734709590044,2514],[6.81829621999859,45.75272341181119,2514],[6.8183529797023885,45.752704040467904,2514],[6.818417260038473,45.75271038260074,2514],[6.8184733772408155,45.752738728262216,2514],[6.818524474757793,45.7527397043577,2514],[6.81860671675835,45.75272252437358,2514],[6.818647694122032,45.752701999956074,2514],[6.818705526023848,45.75271759378891,2514],[6.818846899596011,45.75276077789488,2514],[6.818959014489876,45.75278934137626,2514],[6.8189906121531125,45.75279079719981,2514],[6.819093923167432,45.75279532639019,2514],[6.8191460050958534,45.75280228751165,2514],[6.819213735278099,45.752813808323666,2514],[6.8192238443679685,45.75286684485368,2514],[6.819215072849016,45.75293571383179,2514],[6.819240466455127,45.75300267906084,2514],[6.819267960370468,45.75307820616841,2514],[6.819295322852626,45.75315714108975,2514],[6.819342636305926,45.753255207943496,2514],[6.819357767092401,45.753335613095736,2514],[6.819320747692794,45.75341076154041,2514],[6.819264241847973,45.75345485478517,2514],[6.819236701511346,45.75350546673821,2514],[6.819264539999847,45.7535409432083,2514],[6.819444752624351,45.75366541197756,2514],[6.8195534401285585,45.75376635442851,2514],[6.819608862129675,45.75381258486295,2514],[6.819671750303407,45.75385469602835,2514],[6.819738520899129,45.753890915677275,2514],[6.8197844099856315,45.75393184987931,2514],[6.819855814017589,45.75397412352081,2514],[6.819993171810758,45.754042373630845,2514],[6.820031794190702,45.75408231665666,2514],[6.8200353326436245,45.7541164767079,2514],[6.8200191410662825,45.75415707809009,2514],[6.820018300800497,45.75420990552258,2514],[6.820060309987166,45.75424763693527,2514],[6.820062414436703,45.754249526731876,2514],[6.820168405537211,45.75431035900751,2514],[6.8202955653210715,45.754296593160234,2514],[6.820333114742276,45.75430157074117,2514],[6.820390950067098,45.75431716377927,2514],[6.820488988602909,45.75436335479416,2514],[6.820572826116568,45.75439904731639,2514],[6.820612543689005,45.75441088504371,2514],[6.8206947439510826,45.75442609054866,2514],[6.820782032814375,45.75446696292526,2514],[6.820848450449381,45.75448101478769,2514],[6.820893399763248,45.75448357721557,2514],[6.821049775042005,45.75446620432064,2514],[6.821896626212149,45.75446620588376,2514],[6.821897010764858,45.75446650033764,2514],[6.821949946736515,45.75448285149765,2514],[6.822052631431768,45.75450355995273,2514],[6.822138652287593,45.75449880822834,2514],[6.822285278203658,45.75448541049428,2514],[6.822419572533607,45.754476039219035,2514],[6.822517622516712,45.754490693277,2514],[6.822597645736034,45.75453057336847,2514],[6.822702826438162,45.75456539227768,2514],[6.822784440404552,45.75456439120472,2514],[6.8229044564550945,45.75457775899573,2514],[6.823028875552337,45.754603143600555,2514],[6.823080330263554,45.75462628395838,2514],[6.823172354327055,45.75467065329723,2514],[6.823242579583953,45.75471205088436,2514],[6.823333917229014,45.7547427701883,2514],[6.823413122219782,45.754772405819836,2514],[6.823490581874311,45.75481564495199,2514],[6.823535224650456,45.75485740624068,2514],[6.823591437189555,45.7549147295424,2514],[6.82362240688631,45.75493236600576,2514],[6.823689413250852,45.75496262132392,2514],[6.823809554139393,45.75500411743641,2514],[6.823864063573312,45.75504265718374,2514],[6.823981903796953,45.755080699843745,2514],[6.824098949431937,45.75513918202057,2514],[6.824179694779552,45.755191858317055,2514],[6.824261301206399,45.755222391468116,2514],[6.824334813935212,45.75527322604273,2514],[6.82442259389011,45.75533285504406,2514],[6.82450216578827,45.755353121873966,2514],[6.8245087370066315,45.755351842060406,2514],[6.824570942291178,45.75538873695129,2515],[6.824880504935797,45.75552972448729,2515],[6.825241360467606,45.75562879109689,2515],[6.825516415632626,45.75575419224885,2515],[6.825732391624492,45.75582130868852,2515],[6.8259851662525906,45.75593412828312,2515],[6.826184102460877,45.756108926738754,2515],[6.826334790229198,45.75620180105569,2515],[6.827028184779209,45.756557019886,2515],[6.827165328113901,45.75666763658432,2515],[6.827328867638384,45.75676075410155,2515],[6.827579205579626,45.7569365280089,2515],[6.827691002732406,45.75703766130228,2515],[6.827738556790361,45.75713757250043,2515],[6.8278486089544135,45.757283675458986,2515],[6.828136100815572,45.75749615722027,2515],[6.828263192386393,45.757534576592555,2515],[6.8283503414933255,45.75760823868818,2515],[6.828892720386783,45.75787956882819,2515],[6.829045162197591,45.75792746986862,2515],[6.829385104398485,45.758113943721334,2515],[6.829523302831909,45.75819757580093,2515],[6.829734409420186,45.75839060049918,2515],[6.829810108111599,45.75842804145788,2515],[6.830177149150026,45.75857902549276,2515],[6.830646984909367,45.75873196107682,2515],[6.830810536321096,45.75882507378926,2515],[6.83106438086768,45.75891090057884,2515],[6.831303634050793,45.75904145271039,2515],[6.831767203380448,45.759356275459716,2515],[6.83228426591272,45.7596181081113,2515],[6.8325242218275095,45.7597306698047,2515],[6.832866276905378,45.75986316972193,2515],[6.833257293145298,45.76005960175502,2515],[6.833933752268963,45.760522464180404,2515],[6.8341969774671,45.7606984678664,2515],[6.834663361580211,45.76094132734702,2515],[6.83472586936528,45.760987515510216,2515],[6.835034509514789,45.76126687801009,2515],[6.8353764663421135,45.76157218264261,2515],[6.835570809573401,45.76184456004523,2515],[6.8357684050103025,45.762055318556385,2515],[6.836112701255178,45.76231588911207,2515],[6.836423234249778,45.76250111312971,2515],[6.836648429558,45.7626470747612,2515],[6.836837492406909,45.76280310725074,2515],[6.837053799411578,45.76304079127779,2515],[6.8374390196534875,45.763310695128965,2515],[6.837535413296362,45.763432675656574,2515],[6.837611653000633,45.76355826715288,2515],[6.8377314649860175,45.76378555053724,2515],[6.83775118589651,45.76385717081951,2515],[6.837851207653483,45.76393106929214,2515],[6.837931123941185,45.76404202230401,2515],[6.838057861772589,45.764185885750344,2515],[6.838400138780329,45.76444044547898,2515],[6.8384892432964834,45.76452069547382,2515],[6.838649671600371,45.76458803203854,2515],[6.838776889202443,45.764684903563335,2515],[6.838758007908654,45.76487621203157,2515],[6.838468008315256,45.76506621181931,2515],[6.8380880075811215,45.765556212316575,2515],[6.83833800794095,45.76597621303362,2515],[6.838541699819936,45.76624899343703,2515],[6.838513466248693,45.76627582175792,2515],[6.838528706326229,45.766365334845624,2515],[6.838608008287676,45.766466213052325,2515],[6.838582971161651,45.76653492582253,2515],[6.838519674240923,45.76659908290511,2515],[6.838508008152071,45.76671621357888,2515],[6.8385276150494985,45.76687746659661,2515],[6.838526219227687,45.76690383800411,2515],[6.838559869956935,45.766956820521166,2515],[6.838555641308224,45.76702774882904,2515],[6.838567345832654,45.767013298495414,2515],[6.838588663901948,45.76701038795153,2515],[6.838628253198443,45.767008832170255,2515],[6.838659970409817,45.76701923048252,2515],[6.838682212133956,45.76701907538084,2515],[6.838709458026544,45.7670172850666,2515],[6.838733411441311,45.76701543333598,2515],[6.838768131436233,45.76701205544163,2515],[6.838803739363285,45.767006965327255,2515],[6.838859077086514,45.767002825505095,2515],[6.838904828038513,45.766991011251925,2515],[6.838946153349494,45.76696585716719,2515],[6.838985813537386,45.766941160290685,2515],[6.839044650586994,45.76690316247791,2515],[6.8390394420881,45.766840012099344,2515],[6.839097624814314,45.76677493800793,2515],[6.839221354523309,45.766762258944574,2515],[6.839256897264958,45.76677802811942,2515],[6.839273052271473,45.76679907563328,2515],[6.839307988099062,45.766818771966626,2515],[6.839349213234045,45.76685167233575,2515],[6.83938961185622,45.766905972152614,2515],[6.839443095471876,45.76692958808546,2515],[6.839484274807335,45.76691966003957,2515],[6.839511419044417,45.766899056381234,2515],[6.839526637738969,45.7668791199678,2515],[6.839557533699282,45.76688238122877,2515],[6.839702236081617,45.76678875558042,2515],[6.839891930019597,45.766762602219316,2515],[6.840028678559991,45.76679790404925,2515],[6.840102913110119,45.766856412301316,2515],[6.840341471758385,45.76685640110729,2515],[6.840387472254654,45.76700140102537,2515],[6.840394041624772,45.76699872967238,2515],[6.840513266119421,45.76699265685001,2515],[6.840636671631091,45.76721098731024,2515],[6.840923114164116,45.76736463826235,2515],[6.841167510771689,45.76746443611617,2515],[6.841269333228487,45.76749472083411,2515],[6.841359973722868,45.7675336983817,2515],[6.841493551317772,45.767569893474416,2515],[6.8416659600141125,45.76760109792233,2515],[6.841892438725996,45.76758480173315,2515],[6.8422193635500586,45.76749662879608,2515],[6.842408189295533,45.76752965801057,2515],[6.842457380891364,45.76751445651221,2515],[6.842532996221048,45.767516115450725,2515],[6.842624824664346,45.76753468580262,2515],[6.843723559522267,45.76775519196217,2515],[6.844096593133136,45.7677532340924,2515],[6.844251501694314,45.76773815716924,2515],[6.844435150503214,45.767690723567306,2515],[6.84458771426817,45.76769049970047,2515],[6.844855858219231,45.76774056316925,2515],[6.845265713357905,45.76778429927218,2515],[6.84545848275376,45.767787936223364,2515],[6.8457940019741415,45.76775826329265,2515],[6.84637127134811,45.76779615265986,2515],[6.846565425942601,45.767763811518755,2515],[6.8466310674089765,45.76772904691106,2515],[6.846659193659617,45.767666573145725,2515],[6.8465108647930935,45.7675107662699,2515],[6.8464504175588665,45.76741061996212,2515],[6.846492780081115,45.76731241234523,2515],[6.846570925990144,45.76728688415188,2515],[6.846699091657722,45.76729830139228,2515],[6.846785934088434,45.767380944064726,2515],[6.847005485822061,45.76769110329843,2515],[6.847040577906937,45.76778177072479,2515],[6.847128460070641,45.76783743097301,2515],[6.8474473203215265,45.76790644557931,2515],[6.8475862624090595,45.767972068454014,2515],[6.848208762679657,45.7685058331753,2515],[6.848516160455062,45.768538626468896,2515],[6.849070504088667,45.76850406558425,2515],[6.849365396758517,45.76852762047887,2515],[6.853233942780467,45.76959947110883,2515],[6.858718325180411,45.77113352603407,2515],[6.860050253815362,45.77161752108167,2515],[6.861493062994997,45.7722295849474,2515],[6.861644541324689,45.77230442595704,2515],[6.861895401500486,45.772471133193356,2515],[6.862136504913026,45.77255665203513,2515],[6.86232791776718,45.77259623738068,2515],[6.862509194185082,45.772623751025144,2515],[6.862698111472766,45.77264037267167,2515],[6.863205751587526,45.77263559611595,2515],[6.863955576721796,45.772619914947526,2515],[6.864140127619307,45.7726301440338,2515],[6.8644251069181745,45.77271312858493,2515],[6.864695366752251,45.77284785604033,2515],[6.864791925908731,45.77287910498047,2515],[6.865012545689722,45.77288917805574,2515],[6.865218125571039,45.77293474955922,2515],[6.865397750275088,45.77301891426376,2515],[6.865565577581219,45.77312049572357,2515],[6.865642064952153,45.77320996075334,2515],[6.865671948439427,45.773270821298716,2515],[6.865827364204246,45.773579745280216,2515],[6.866012948988124,45.773772225295545,2515],[6.866189113890701,45.77387452325308,2515],[6.866341289407802,45.7739313698758,2515],[6.866545563056785,45.77397118840605,2515],[6.866756627222432,45.77398503444605,2515],[6.86726995360797,45.77398748346878,2515],[6.867471657627233,45.77397048393019,2515],[6.867761271535324,45.77409896896049,2515],[6.868155428653356,45.77425326712418,2515],[6.8683948355828806,45.7743837439028,2515],[6.868600897934444,45.77452989250739,2515],[6.8687520494698,45.774613718514715,2515],[6.8692009786080055,45.774830815108075,2515],[6.869642614483261,45.77505506794121,2515],[6.869820160605808,45.775121383738025,2515],[6.870824946840686,45.77541913866435,2515],[6.871087504510986,45.7755171091768,2515],[6.871822066092307,45.7756042788065,2515],[6.872010657962795,45.775638542572096,2515],[6.872301196947755,45.77568797314777,2515],[6.872519044969548,45.77572653256566,2515],[6.8726748028242595,45.7757437098278,2515],[6.872788719990313,45.77574345199024,2515],[6.872904833775005,45.775730149021186,2515],[6.872946919793174,45.775696432788436,2515],[6.8729732371240155,45.775630301615344,2515],[6.872978623859012,45.77557805641875,2515],[6.872997576775606,45.77548204659066,2515],[6.872997009973568,45.77547067281275,2515],[6.873197008347822,45.77532522023187,2515],[6.873607628060013,45.77512427900729,2515],[6.873652280734455,45.77512008807411,2515],[6.873931984630415,45.77509674385551,2515],[6.874227565973632,45.77505822880809,2515],[6.874340415241169,45.775041293986845,2515],[6.874440786495839,45.77503959339855,2515],[6.8745446439475515,45.77503557785223,2515],[6.874611126844386,45.77503086666383,2515],[6.874658922426833,45.77502580856861,2515],[6.874760150788227,45.775001519613916,2515],[6.874836122218817,45.774970812103625,2515],[6.874886972450231,45.774940945774915,2515],[6.875641073516602,45.774736261649494,2515],[6.875677335263956,45.77471105501541,2515],[6.875812720522174,45.774682641872076,2515],[6.875869913474219,45.77465396414618,2515],[6.87603248156979,45.77462605632138,2515],[6.87604090696817,45.77462773231241,2515],[6.87608700828236,45.77461521933749,2515],[6.876427008005581,45.774645219755804,2515],[6.876687008011864,45.7747152199572,2515],[6.876897008478491,45.77494522029094,2515],[6.877064775323748,45.77502910293572,2515],[6.877079718102729,45.77502949231087,2515],[6.877178027840064,45.77503726819816,2515],[6.877243316789721,45.775049705473684,2515],[6.877289839663817,45.77504767381416,2515],[6.877441115984015,45.77509331378691,2515],[6.8775666390013175,45.775145612403534,2515],[6.877584036840457,45.775157534767644,2515],[6.877651090912683,45.775182574810664,2515],[6.87770951501433,45.775211022268465,2515],[6.877833925801963,45.77524783513966,2515],[6.877893566808912,45.775244184777485,2515],[6.877913022388893,45.77522432200802,2515],[6.8779127719712605,45.77521451573299,2515],[6.877935961613493,45.77520108934765,2515],[6.877955509817874,45.77517990340783,2516],[6.877955479730452,45.77513588555541,2516],[6.877960682596418,45.7750883953097,2516],[6.8779787095432985,45.77506136853017,2516],[6.878014611832074,45.77505608714156,2516],[6.878062180377264,45.77505697098013,2516],[6.8780934374434946,45.77503970630273,2516],[6.878106591400867,45.77503615515937,2516],[6.878107007621791,45.775035219632755,2516],[6.877837007555123,45.774725219321105,2516],[6.877809948432071,45.7745356720904,2516],[6.877887007722797,45.77446521913626,2516],[6.8783775995319045,45.77440583793478,2516],[6.878377007687665,45.774315219079504,2516],[6.87848700792054,45.77424521925979,2516],[6.878375137423004,45.77411224212842,2516],[6.878437007432925,45.77401521954892,2516],[6.878537007981446,45.77393521879084,2516],[6.878807007786127,45.773925219223464,2516],[6.878997007303154,45.77378521860626,2516],[6.879227008278543,45.773545218886845,2516],[6.879302525365024,45.77350697368371,2516],[6.8795303314536875,45.7733949144415,2516],[6.879664464579445,45.77335457652066,2516],[6.879795095576107,45.77336176035685,2516],[6.880104398626223,45.77325240190155,2516],[6.880286098028346,45.773212947076786,2516],[6.880397007363904,45.773155218362916,2516],[6.880567008037427,45.77296521838394,2516],[6.8806470077224455,45.77297521844846,2516],[6.880681796662863,45.773021913674,2516],[6.880664479721258,45.77307512683098,2516],[6.880684131958231,45.773139734016375,2516],[6.880728289224582,45.77318576062197,2516],[6.8807790293037225,45.77319265066201,2516],[6.880857169952764,45.77305966807308,2516],[6.88135700825787,45.77256521838635,2516],[6.881567007451407,45.77249521833236,2516],[6.881797007952887,45.772245217354154,2516],[6.8819970075826795,45.772205218067576,2516],[6.88196063401307,45.77211323715959,2516],[6.881898347323464,45.772052152546664,2516],[6.8820364481893215,45.77195180748433,2516],[6.882133014989205,45.77181470503381,2516],[6.882146661820673,45.77176856104178,2516],[6.88220185691493,45.7717475754804,2516],[6.88232624641791,45.771762373976216,2516],[6.882442049714279,45.771678419032405,2516],[6.882470895571773,45.77163493566905,2516],[6.882569370279096,45.77159333912322,2516],[6.882614917387139,45.77153529552361,2516],[6.882699417832299,45.771503551024125,2516],[6.882757199293645,45.77150402731287,2516],[6.8828340844932185,45.77149385362231,2516],[6.882873573215468,45.771438671396396,2516],[6.88286932907536,45.77142212076513,2516],[6.882910779663216,45.771366855187296,2516],[6.8829168521666215,45.771328240080464,2516],[6.882975443938794,45.77121749766504,2516],[6.883056107626629,45.77115237154686,2516],[6.883075852752694,45.77114675666634,2516],[6.883137008113781,45.77106521635043,2516],[6.883180129866933,45.77101964286685,2516],[6.883234152809483,45.770939747009336,2516],[6.883269251505095,45.77073101624737,2516],[6.883267583616537,45.77072159683249,2516],[6.883327007296599,45.770565216021936,2516],[6.883797007427013,45.77009521597884,2516],[6.883822044635059,45.77007147826205,2516],[6.88401205219947,45.769958113794715,2516],[6.884095063969359,45.769875780831164,2516],[6.884202725800107,45.769759700490866,2516],[6.884249946227894,45.769702282164204,2516],[6.884281500427166,45.769632081688854,2516],[6.8843208274732905,45.76953614943787,2516],[6.884317547967398,45.7695105108415,2516],[6.884305684619797,45.769487092978125,2516],[6.884300435016614,45.76946855534233,2516],[6.8842911700660805,45.76942139258594,2516],[6.884274328268032,45.76937230374701,2516],[6.884271272351862,45.7693407208087,2516],[6.884273088683115,45.76931517661459,2516],[6.884282257051875,45.7692975019191,2516],[6.88430791722739,45.769293218683366,2516],[6.884340885791693,45.769297993104615,2516],[6.884375259810858,45.769310526848976,2516],[6.8843751778985585,45.76931082235064,2516],[6.884389687772777,45.76931109114354,2516],[6.884408508137849,45.76930787105558,2516],[6.884409436550685,45.76928332477607,2516],[6.884410385441713,45.769258237040994,2516],[6.88442224201634,45.769214439350385,2516],[6.884458554274177,45.76915324923519,2516],[6.884485214429666,45.76907760449594,2516],[6.884510570602437,45.76903643571281,2516],[6.884553542563962,45.76897893765757,2516],[6.884592668064607,45.76893326530275,2516],[6.884645778238329,45.768922352984895,2516],[6.88468945048994,45.7689362478383,2516],[6.884718858787065,45.76896772392776,2516],[6.884732323905839,45.76899616133836,2516],[6.884742720465,45.76901099424161,2516],[6.884750764736267,45.769023039299334,2516],[6.88477414257392,45.76903417938023,2516],[6.884796675587475,45.769022699756285,2516],[6.884839479854508,45.768995237918624,2516],[6.8848504151945455,45.768995143430566,2516],[6.8849485922341955,45.768959274476416,2516],[6.88497799643022,45.76894783746438,2516],[6.885045415379841,45.76891815462901,2516],[6.885073178904837,45.76890320308476,2516],[6.885112744343672,45.76889084984034,2516],[6.885149406185255,45.76886535597169,2516],[6.885230794126333,45.76878969033175,2516],[6.885347007823056,45.76873521510688,2516],[6.885570207681672,45.76867370472149,2516],[6.885582788870591,45.76866548611074,2516],[6.885674259072944,45.76862911073416,2516],[6.885741765879708,45.76859704936009,2516],[6.885846331119563,45.7685740022139,2516],[6.88592197332311,45.768551609447634,2516],[6.885967173272566,45.76852508349052,2516],[6.886010449516458,45.76850447038923,2516],[6.886039462285524,45.76850143869899,2516],[6.886079872621714,45.76851170391238,2516],[6.886108391199638,45.768521748998985,2516],[6.88611580303243,45.76852334428348,2516],[6.886236821798618,45.76848999234479,2516],[6.886329619584503,45.76849283043542,2516],[6.886358767090455,45.7684862324281,2516],[6.886439775540038,45.76845680027519,2516],[6.886542910769319,45.76842658766646,2516],[6.886608808943947,45.768392117156836,2516],[6.886610120798674,45.768387111909554,2516],[6.886617007415508,45.76838521421811,2516],[6.886676800348754,45.76833597414673,2516],[6.886722898051272,45.76828567147138,2516],[6.886795105609545,45.76821919633709,2516],[6.886854118835436,45.76818697804104,2516],[6.886927190919154,45.76816365589582,2516],[6.886967008201277,45.76813521453174,2516],[6.887068867111393,45.76809603845675,2516],[6.887072809543554,45.76809019981625,2516],[6.887175502082069,45.76802666820001,2516],[6.887260085758569,45.76799254300025,2516],[6.887339796865327,45.767952379117375,2516],[6.887432604631838,45.767925543385815,2516],[6.8875172764937735,45.76788904077318,2516],[6.887656755872776,45.767841654873145,2516],[6.8877241721027,45.76781197040229,2516],[6.88778126224233,45.76778566364016,2516],[6.887835888927753,45.76777953559161,2516],[6.8878770085565595,45.76778521399167,2516],[6.887917007418674,45.767805214073356,2516],[6.887882906102241,45.76783988907656,2516],[6.887853393137097,45.767901206038665,2516],[6.887825309775546,45.76796968689227,2516],[6.88779918651357,45.76807627374083,2516],[6.887796695045845,45.76814225411106,2516],[6.8878136294208145,45.76818896439574,2516],[6.887821135530214,45.76821527600354,2516],[6.887840487189676,45.76824299656592,2516],[6.887867749057495,45.76828632821389,2516],[6.887892018219355,45.768318898318974,2516],[6.887910030087429,45.76833707597854,2516],[6.88794216458811,45.76838644710473,2516],[6.887947074012556,45.76843650371137,2516],[6.888017008218238,45.76848521477469,2516],[6.888013230506304,45.76853022341202,2516],[6.887983717291396,45.768591540397,2516],[6.8879542489064205,45.76865166832644,2516],[6.887939591957249,45.768679651882806,2516],[6.88790825294939,45.76869929750539,2516],[6.887864969141691,45.76876511749074,2516],[6.887851327826132,45.76881126228459,2516],[6.887824582535744,45.768889285987356,2516],[6.8878038509934285,45.768895309174084,2516],[6.887810319533328,45.76890686764345,2516],[6.887771440122161,45.76896860538236,2516],[6.887753259284631,45.76902239950075,2516],[6.887757925131627,45.769056390974356,2516],[6.887759056061366,45.76911648984918,2516],[6.887763407640219,45.76915880374434,2516],[6.887774247503567,45.7692234951696,2516],[6.887761638965033,45.769261323615986,2516],[6.887733028228514,45.76928806440121,2516],[6.887726561835449,45.76932422973097,2516],[6.887710573729464,45.769364977555654,2516],[6.887705987212276,45.769396419048036,2516],[6.887715505452308,45.76941443963921,2516],[6.887736825872453,45.76943505826916,2516],[6.887770729404017,45.769460073289174,2516],[6.887827007598886,45.76948521589404,2516],[6.88785864203732,45.76948415475144,2516],[6.887999008198203,45.7695034053155,2516],[6.888082538748514,45.76953097429537,2516],[6.8881383927876545,45.76955996474985,2516],[6.888165748572134,45.76957831515162,2516],[6.888191697069314,45.76958890712807,2516],[6.888222765152997,45.769598998827725,2516],[6.888283335665432,45.76961558452274,2516],[6.888321733995771,45.76963413997006,2516],[6.888366411118741,45.76966649237606,2516],[6.888375134651168,45.76967654530723,2516],[6.888468159844654,45.76970901576058,2516],[6.888511339900789,45.7697112560014,2516],[6.8885794217177,45.76973154914104,2516],[6.888630807349707,45.76974380117339,2516],[6.888664153622948,45.7697610732282,2516],[6.888692610611013,45.769787361668605,2516],[6.888887008052325,45.769855215855,2516],[6.888982161507019,45.76992955450954,2516],[6.889026889872149,45.76994652561665,2516],[6.889036948288516,45.76995028116576,2516],[6.889064147532406,45.76997279212384,2516],[6.88908225130265,45.769988592439276,2516],[6.8891294091417565,45.77002277521101,2516],[6.889165326760854,45.77003949970695,2516],[6.889191141082206,45.77005365770362,2516],[6.8892088635672915,45.770079563099166,2516],[6.889215408881638,45.77010883063937,2516],[6.88921420629404,45.770112785767274,2516],[6.88922415026059,45.770136206343835,2516],[6.889245516384443,45.770155635657375,2516],[6.8892937454708205,45.77020649282536,2516],[6.889448890642815,45.77038602608413,2516],[6.889473450434583,45.77043347106316,2516],[6.889500582751876,45.77045776639259,2516],[6.889535292364632,45.77048398565556,2516],[6.8895793680562445,45.77050978304833,2516],[6.889624022888514,45.770542729482415,2516],[6.889664275702952,45.77057975732241,2516],[6.889712440914764,45.77060979479779,2516],[6.88977724219476,45.770655787147746,2516],[6.889787008265873,45.77066521659154,2516],[6.88979415746384,45.77068550997926,2516],[6.889800616103334,45.77069455158824,2516],[6.889829402941079,45.77072006638538,2516],[6.889860180404261,45.77073788556118,2516],[6.889900367546751,45.77075409377225,2516],[6.889974015433403,45.77078460106233,2517],[6.890011590427144,45.770793549711584,2517],[6.890207007698769,45.77090521637454,2517],[6.890236500264398,45.770924031476405,2517],[6.890249574689305,45.770937953880036,2517],[6.890263967005093,45.77096201367403,2517],[6.890271696361309,45.77100498389617,2517],[6.890292368091203,45.77104284056077,2517],[6.890295510752243,45.771100891119254,2517],[6.890296094573004,45.77114685613905,2517],[6.890292514530124,45.771174152652364,2517],[6.8903000670130385,45.77119927506438,2517],[6.890309025815978,45.77123215674828,2517],[6.890309222680686,45.771272014029414,2517],[6.8903219608566335,45.77129485338211,2517],[6.89035857788922,45.77131560467443,2517],[6.89033759909132,45.771392917303054,2517],[6.890376173811039,45.771451923891895,2517],[6.890379277176855,45.7715048469914,2517],[6.890398519110472,45.771535538866715,2517],[6.890421685587917,45.77156362646149,2517],[6.89041502442296,45.771604993364015,2517],[6.890413914626791,45.77163441644208,2517],[6.8904239261838205,45.77166196401963,2517],[6.890434574899972,45.77168387190516,2517],[6.890460917882463,45.77170739997229,2517],[6.890505030007025,45.771787782555,2517],[6.890528898649984,45.7718310508636,2517],[6.890550082831019,45.77187783921052,2517],[6.890551279148339,45.77191435593368,2517],[6.8905545888435045,45.77196119934782,2517],[6.89056742580077,45.77200396686491,2517],[6.890586220892222,45.77204654741063,2517],[6.890605395847707,45.77207902282486,2517],[6.890633157147275,45.77210188400307,2517],[6.890645985378337,45.77210713425906,2517],[6.890695246283339,45.77215325127123,2517],[6.890757007823711,45.772215217830315,2517],[6.890877008145147,45.772315218068535,2517],[6.8910062452157455,45.7723464137603,2517],[6.891047893858109,45.77236875543976,2517],[6.891061930470272,45.77237972082549,2517],[6.89112389017962,45.77240465888542,2517],[6.891173803850845,45.772410934105324,2517],[6.891292229719055,45.772369846952024,2517],[6.891365147112136,45.772352157978915,2517],[6.891451231131482,45.77232341093353,2517],[6.891514180278685,45.77229959024417,2517],[6.891592374825385,45.77225463681181,2517],[6.891607007621181,45.77224521783848,2517],[6.8917366893865495,45.772127325518774,2517],[6.8917647692641335,45.77211223418463,2517],[6.891805878493496,45.77208146674861,2517],[6.8918399921068145,45.77205592370392,2517],[6.891843857714378,45.77205218601809,2517],[6.891856510513706,45.77205741849862,2517],[6.891871975592626,45.772098152547976,2517],[6.8918708837872185,45.7721016291169,2517],[6.891897007857465,45.77213521725028,2517],[6.8919096101112025,45.772182124145736,2517],[6.891907104391045,45.77220349205668,2517],[6.891879516516567,45.77225889707372,2517],[6.891853159436734,45.77233982522659,2517],[6.891838732693943,45.77239376576848,2517],[6.8918489660177285,45.77243797197061,2517],[6.891860808851871,45.772484587633286,2517],[6.891880075586588,45.77251468567312,2517],[6.891907969945923,45.772541372438376,2517],[6.891954461320056,45.77257078312082,2517],[6.89201512711627,45.77258498883075,2517],[6.892066495539366,45.7725752298897,2517],[6.892101860860129,45.77253900369064,2517],[6.892115186072873,45.77250117991266,2517],[6.892169959594256,45.7724010694195,2517],[6.892226700880247,45.77229385686141,2517],[6.892230908191865,45.77227818530904,2517],[6.8924370082486766,45.77214521799488,2517],[6.8925020469564995,45.77212125621019,2517],[6.892561867323426,45.77208382054215,2517],[6.892641761153164,45.77203889774725,2517],[6.892653239639919,45.77203399542646,2517],[6.89273163885587,45.771910797605116,2517],[6.892773654341165,45.771877157357935,2517],[6.892834379937686,45.77182206652268,2517],[6.892859014722777,45.77179991700888,2517],[6.892901846048422,45.77174598287253,2517],[6.892973782281355,45.771686637214856,2517],[6.893064317879316,45.771584806316824,2517],[6.893116628334879,45.77150487420688,2517],[6.893216015850079,45.77139368928119,2517],[6.893318206590672,45.77132092272437,2517],[6.893375430878235,45.771291046923324,2517],[6.8934454430311405,45.7712376139532,2517],[6.893495202801868,45.77118023776014,2517],[6.893535529274234,45.77114767134643,2517],[6.893596017151328,45.77112142435746,2517],[6.89367308912032,45.77110619028731,2517],[6.893709390453521,45.77109020513758,2517],[6.89373558936069,45.77107165300763,2517],[6.893774395595881,45.77103429986798,2517],[6.893831932744242,45.770996101375594,2517],[6.893900556333563,45.770979522370695,2517],[6.893960550143551,45.770966352912204,2517],[6.894075792139501,45.77090810216065,2517],[6.894124252866123,45.77088520273967,2517],[6.894237984793583,45.77084447149941,2517],[6.894319439052831,45.77080314502401,2517],[6.894338779434394,45.77079191787511,2517],[6.8944525254378215,45.770774684480614,2517],[6.894504016687444,45.77075450044029,2517],[6.894531599687634,45.770744301876015,2517],[6.894646448342854,45.77071905740374,2517],[6.894756216520093,45.770728670194806,2517],[6.89482598223086,45.770736642753285,2517],[6.89489755468649,45.770732013565485,2517],[6.8949422153541695,45.7707197508354,2517],[6.8949770076564745,45.77069521662312,2517],[6.89499921689965,45.77065061050612,2517],[6.8950753940893525,45.77061394572884,2517],[6.895133869727656,45.7705959881678,2517],[6.895257041332767,45.7705852082914,2517],[6.895440247453803,45.770539407200054,2517],[6.895477684662998,45.7705169665054,2517],[6.8955702681202515,45.7704960685116,2517],[6.895639963517366,45.770496162874146,2517],[6.8956952177374955,45.770518595150534,2517],[6.89569722583222,45.77051947190461,2517],[6.895740190899312,45.7705206136777,2517],[6.895789365779654,45.77052389857913,2517],[6.895886107159792,45.770528060733696,2517],[6.895985396069284,45.77050966569619,2517],[6.895991028432333,45.77050777403428,2517],[6.896147008099363,45.77050521660432,2517],[6.896268288763523,45.77049108409038,2517],[6.896408259524793,45.77045321377169,2517],[6.896487118382404,45.77043563096229,2517],[6.896553033576191,45.77040994499859,2517],[6.896714450570602,45.770382662453024,2517],[6.896797402856135,45.77038929795865,2517],[6.896850242763505,45.77038551244222,2517],[6.896913724148063,45.770370025904555,2517],[6.8969603961085975,45.77034947119054,2517],[6.896999405892208,45.77034340489898,2517],[6.8972860081243885,45.770335216338495,2517],[6.897314749084007,45.77034010808396,2517],[6.897351963737634,45.77035668106889,2517],[6.897419513010632,45.770368631791804,2517],[6.89749001228198,45.77039253374368,2517],[6.8975761135821045,45.770408394641606,2517],[6.897692435737096,45.770434328996316,2517],[6.897778849932264,45.77044186816925,2517],[6.89778986103115,45.77044342634089,2517],[6.897936008503601,45.770565216530095,2517],[6.898246821654916,45.77068705694835,2517],[6.898262617722616,45.77070982208068,2517],[6.898311124143288,45.77073093903159,2517],[6.898364412614505,45.77076047129353,2517],[6.898404781023087,45.77077192123923,2517],[6.898455834051915,45.770770481849105,2517],[6.8984598247288655,45.77077055528329,2517],[6.898594026323643,45.7708231624022,2517],[6.8986302874112795,45.77085548102775,2517],[6.8986552339767675,45.77087021585029,2517],[6.898772451467126,45.770917580640095,2517],[6.898843991404379,45.770936444376765,2517],[6.898932598975899,45.77097614337584,2517],[6.899073915231095,45.77106083015414,2517],[6.899312153332014,45.771144920720666,2517],[6.899511273321658,45.77118427312278,2517],[6.899676059492698,45.771232510963436,2517],[6.899792295099914,45.77126082133162,2517],[6.899924545613679,45.77127009374254,2517],[6.900046234589692,45.77128898602518,2517],[6.900080433465177,45.77128366727346,2517],[6.900201094181504,45.77128469594778,2517],[6.900320905632081,45.771308312919906,2517],[6.900394198461223,45.771326179144154,2517],[6.900418007670692,45.771341216690594,2517],[6.90055100727167,45.77139680649399,2517],[6.90058127937002,45.771436824196144,2517],[6.900671449497579,45.77143491301437,2517],[6.900752734436441,45.77142064446413,2517],[6.900817738912724,45.771455149533274,2517],[6.9008841302328365,45.77149800828548,2517],[6.901002514752583,45.77155966713531,2517],[6.901106235893563,45.77160440171627,2517],[6.9012567651772585,45.77167022068664,2517],[6.901364419022367,45.77170075059473,2517],[6.901461657783833,45.77173703750156,2517],[6.90155156489234,45.77178746631911,2517],[6.90157600792228,45.77182521741161,2517],[6.901627416470677,45.771932320132954,2517],[6.901645320864138,45.772007195437624,2517],[6.901679796188166,45.77208515637711,2517],[6.901698041020617,45.77214259571868,2517],[6.901729965600448,45.772197907540914,2517],[6.901757330637756,45.772238858877,2517],[6.901824569732913,45.77225912861583,2517],[6.9019013334408195,45.77229741872725,2517],[6.901949619654614,45.77232447855595,2517],[6.902017487780079,45.77237331134897,2517],[6.902123490115377,45.77240262122196,2517],[6.902143748583258,45.7724066664868,2517],[6.9023721518998125,45.772527331913764,2517],[6.902379126032723,45.772567029218685,2517],[6.902401348390018,45.772609075816966,2517],[6.902428579077327,45.772653593247675,2517],[6.902476821261167,45.77268184191807,2517],[6.902532526336183,45.77269238219754,2517],[6.902549158618968,45.77270220486329,2517],[6.902568563734496,45.77272873400702,2517],[6.902588102611055,45.77275169687758,2517],[6.902624585930556,45.77277615990406,2517],[6.9026768049218745,45.772789015842136,2517],[6.90278600787225,45.772815218373474,2517],[6.902807755668873,45.77283305904211,2517],[6.90291456304976,45.7728635719356,2517],[6.903016405407897,45.772867821705084,2517],[6.90313438865258,45.77289497087075,2517],[6.90320439923836,45.77288673816931,2517],[6.903284022749046,45.772894148490245,2517],[6.903312323925802,45.772910133751104,2517],[6.903345275619638,45.77293810133575,2517],[6.903374785765097,45.77296719470512,2517],[6.903407871215261,45.772991596000786,2517],[6.903463310697073,45.77300926840136,2517],[6.903526142426023,45.77303320586281,2517],[6.903555023987444,45.773079655146304,2517],[6.903600898197402,45.77312570530084,2517],[6.9036460078484865,45.77316521868927,2517],[6.904171573060917,45.77362708123363,2517],[6.904231057713592,45.773662210292215,2517],[6.904303403284957,45.77372778033019,2517],[6.904318476964134,45.77377921256813,2517],[6.904288620823312,45.7738500446163,2517],[6.904279732779186,45.773860832510145,2517],[6.904256008342938,45.773965219581434,2517],[6.9042381456195105,45.77401745601088,2517],[6.904226845478645,45.77409219728039,2517],[6.904240041771047,45.774148353674846,2518],[6.90426038872447,45.77419512408467,2518],[6.904316008484686,45.77425521905375,2518],[6.904362125354538,45.774383768954195,2518],[6.904417415672846,45.77445080986552,2518],[6.904492586958235,45.77457710355277,2518],[6.904569228558887,45.77466416548815,2518],[6.904697187192317,45.77485626494425,2518],[6.904733857558463,45.7749211801684,2518],[6.904805314537727,45.775010525670794,2518],[6.9048517703418595,45.77504112030152,2518],[6.904931181288512,45.775099680291824,2518],[6.905058659397432,45.77512313588915,2518],[6.905173742422222,45.77513714290674,2518],[6.905282702276197,45.775178401023936,2518],[6.905422022016753,45.77522616342532,2518],[6.905554765321379,45.77524525345174,2518],[6.905659831422342,45.775254317676456,2518],[6.90574563102696,45.77527849508098,2518],[6.905846632239213,45.77530533001741,2518],[6.905998601659858,45.7753330993912,2518],[6.906069423878519,45.775348673712124,2518],[6.906123967246768,45.77534491513265,2518],[6.906256007339494,45.775335220238354,2518],[6.906269397422804,45.775562845229494,2518],[6.906262606059804,45.77559252789954,2518],[6.90625537308167,45.77564949939019,2518],[6.906276007385669,45.77567522057146,2518],[6.906292292424521,45.77574036009964,2518],[6.906296151265326,45.775809067359084,2518],[6.906316954782151,45.77588915595261,2518],[6.906327653102259,45.775966680440085,2518],[6.906337632694519,45.77601801900468,2518],[6.9063408597825005,45.77606804390482,2518],[6.9063712253945875,45.77611975618544,2518],[6.906393097476041,45.776143582913946,2518],[6.906406007610328,45.776195220908555,2518],[6.90640054320141,45.77624491096456,2518],[6.906418074040045,45.776276163676634,2518],[6.906468739440716,45.77633062780411,2518],[6.906477382626441,45.776335416133854,2518],[6.906518258913236,45.77641570432644,2518],[6.906692867443968,45.77652002623568,2518],[6.9068334196426315,45.77662580552939,2518],[6.906936228791234,45.77674070805214,2518],[6.9071174978226075,45.77700783837246,2518],[6.907211267074203,45.777289944966235,2518],[6.90721894095239,45.77729551472681,2518],[6.907264066522171,45.777361773021276,2518],[6.907265595173439,45.7774117667618,2518],[6.907246008352578,45.777435222440246,2518],[6.907186007503344,45.77752522215578,2518],[6.90718600800815,45.77763522255116,2518],[6.907237734194116,45.77781626268193,2518],[6.907245431360098,45.77790510787638,2518],[6.907242138832468,45.77799308294922,2518],[6.907313603594163,45.77808242787435,2518],[6.90739535224023,45.778169581436295,2518],[6.907517253153719,45.7782741261519,2518],[6.907638420082014,45.77835660051001,2518],[6.907716007744356,45.77846522315068,2518],[6.907784417593817,45.77858595437007,2518],[6.907820462128546,45.778622304612306,2518],[6.907913740228367,45.778673979076615,2518],[6.908015352580391,45.77870636401382,2518],[6.908436008027337,45.77904522356272,2518],[6.909798267585658,45.779712601133255,2518],[6.909870741803082,45.77976385453139,2518],[6.909917116734316,45.779796824439444,2518],[6.910082809165679,45.77988997293499,2518],[6.9101542699820335,45.779934108865135,2518],[6.910256091236441,45.77998474785508,2518],[6.910388097835434,45.78004664701561,2518],[6.910509898577952,45.78006315129013,2518],[6.910724344949723,45.78008016043465,2518],[6.910888811933575,45.78013789423628,2518],[6.911138405223796,45.78016982130223,2518],[6.911320752489426,45.78020408763272,2518],[6.911390637955453,45.780199418143965,2518],[6.911462488007303,45.78018764529581,2518],[6.91153831405172,45.78016048034906,2518],[6.911619059324987,45.78013816300019,2518],[6.911686744788283,45.78010133190506,2518],[6.91170286802297,45.78009213113236,2518],[6.91179600738808,45.78006522408645,2518],[6.911849262241519,45.780051958020195,2518],[6.911897146841836,45.78004450620977,2518],[6.911970518401342,45.78003751945592,2518],[6.912036782899687,45.78003873093956,2518],[6.9121138750789175,45.780068692806644,2518],[6.91211530397971,45.78007489961325,2518],[6.9121260084038685,45.78007522401438,2518],[6.912236007340073,45.78026522418211,2518],[6.912273901230326,45.78031371436361,2518],[6.912325907624536,45.780332510445675,2518],[6.912372993449727,45.78034645706398,2518],[6.912436938795414,45.780364281456514,2518],[6.912483758347575,45.780385361505026,2518],[6.912579275776808,45.780422797279826,2518],[6.912582673288638,45.78042285937777,2518],[6.912669650746324,45.780461328861115,2518],[6.9127794823549795,45.78051590753042,2518],[6.912836007566588,45.78101522496063,2518],[6.912923833362157,45.781125006767645,2518],[6.912956740036104,45.7811286233014,2518],[6.91308984857081,45.781115590013535,2518],[6.913238293636839,45.78110164692232,2518],[6.9132726127739295,45.78109943791055,2518],[6.913726008507644,45.78100522463498,2518],[6.913854930299753,45.78101381971883,2518],[6.913927082643717,45.78102857458506,2518],[6.914099372373761,45.78105908403748,2518],[6.914126566952197,45.781065614694164,2518],[6.914486497891216,45.781210179023,2518],[6.914569417316646,45.78122083683102,2518],[6.914641814604755,45.781240004190124,2518],[6.9147203876323164,45.78127593889554,2518],[6.9147907752630156,45.7813033967816,2518],[6.914921622755327,45.78135099283078,2518],[6.915063787594737,45.78141426099315,2518],[6.915230686810956,45.781498204738604,2518],[6.915245103479602,45.7815148615172,2518],[6.915246008383064,45.78151522545687,2518],[6.915381503127895,45.78161229726272,2518],[6.915393718666132,45.78161747053739,2518],[6.915510885813669,45.78166719594911,2518],[6.915555699242512,45.781696565430515,2518],[6.915593449007722,45.78173294431642,2518],[6.915655298683263,45.781761435712966,2518],[6.915779853074502,45.78184103710598,2518],[6.915855354424654,45.7819137947479,2518],[6.915885559294134,45.781947359085066,2518],[6.915900346431225,45.781984005574614,2518],[6.915916008033273,45.78199522614762,2518],[6.916019981959615,45.78208156755575,2518],[6.916113422082128,45.78217487660541,2518],[6.9161799852253605,45.78225936697126,2518],[6.916216230534435,45.782336166693966,2518],[6.9162342582433975,45.782390627659666,2518],[6.916246008269325,45.78240522583094,2518],[6.916324028018,45.78251730932775,2518],[6.9163662468618625,45.78253103498655,2518],[6.916384052310262,45.78255515280025,2518],[6.916403527487237,45.782625698035396,2518],[6.916403781947662,45.78263188335896,2518],[6.916537618387934,45.782824151188166,2518],[6.916593184155755,45.7828519225968,2518],[6.916612689244674,45.78287607227881,2518],[6.916637157353079,45.78290388031219,2518],[6.916683538911965,45.782936847569275,2518],[6.91672687595774,45.78296024208559,2518],[6.916800265732667,45.78299845964419,2518],[6.916890250446407,45.783047687802224,2518],[6.9169412422071535,45.78309382494809,2518],[6.916974118109455,45.78312416600585,2518],[6.917038836202956,45.78316698474033,2518],[6.917051713910474,45.78318768326806,2518],[6.917106007451557,45.78321422694751,2518],[6.917193395868792,45.783241414659514,2518],[6.917241445807792,45.78327388288121,2518],[6.917271144411388,45.783298218343084,2518],[6.917300977213932,45.78331898662464,2518],[6.917348200978977,45.783329364975934,2518],[6.917420098214913,45.78331640026679,2518],[6.917429702002369,45.783314931890395,2518],[6.917483532279067,45.783331679739405,2518],[6.917487831833276,45.7833353313593,2518],[6.9176583321099185,45.78345978567278,2518],[6.917752485689439,45.78353407199346,2518],[6.917801690533511,45.783582555917434,2518],[6.917847939238792,45.783619088993994,2518],[6.917924375428556,45.7836668794495,2518],[6.9180195922907535,45.783712632475535,2518],[6.9180550737895725,45.78372443277463,2518],[6.918088596311687,45.783731735777934,2518],[6.918155525702888,45.783743229955576,2518],[6.918223339492013,45.7837434112182,2518],[6.91833947815888,45.78377526955887,2518],[6.9184409610999555,45.78383541312082,2518],[6.918442612672159,45.783837318937735,2518],[6.918450248401278,45.7838398207518,2518],[6.9185347470297005,45.783851101188915,2518],[6.918627406631681,45.78387420401011,2518],[6.918751555257775,45.78391929381089,2518],[6.918907855620541,45.78396853896763,2518],[6.918992134801747,45.78401741397636,2518],[6.91903344762682,45.784043397088666,2518],[6.919065333728243,45.784054685133945,2518],[6.919098964903544,45.784064815093004,2518],[6.919171144990286,45.784089923173006,2518],[6.919226290848913,45.78411591073209,2518],[6.919275302377276,45.78412394200912,2518],[6.919336651736988,45.784120301108345,2518],[6.919443184529427,45.784129038211645,2518],[6.91948905049195,45.784137353214106,2518],[6.9197560078347,45.78420422803421,2518],[6.920189689717362,45.78459207492651,2518],[6.920534646532718,45.78473516740168,2518],[6.920629033912356,45.78487191221254,2518],[6.920878083990374,45.785033482578726,2518],[6.921194247739639,45.785150768126684,2518],[6.921236085372079,45.785214582102746,2518],[6.921826007586087,45.78555422878451,2518],[6.921946162233215,45.78573638289855,2518],[6.922067433405593,45.7858819438581,2518],[6.922196007337717,45.785954229062106,2518],[6.922524112932973,45.786038959859546,2518],[6.922830399615428,45.78617063487067,2518],[6.923516007861334,45.786334229659296,2518],[6.924306008485228,45.78668422980302,2518],[6.925806008437417,45.787514230779664,2518],[6.926131246974735,45.787606168843375,2518],[6.926487586106193,45.78787882556709,2518],[6.926976007448321,45.78815423060823,2518],[6.927096007350549,45.78831423145502,2518],[6.927846008603788,45.78883423117757,2518],[6.928416007452545,45.7890142318151,2518],[6.928506007464172,45.789104231593775,2518],[6.929096723561121,45.78940045508343,2518],[6.929381311579769,45.78961380661581,2518],[6.9298079003589566,45.789827053807784,2518],[6.93045454978197,45.79003319768064,2518],[6.930967147945885,45.79013982511116,2518],[6.931110877355588,45.790207860089424,2518],[6.931364733771728,45.790241010810554,2518],[6.931593663337692,45.7903733428302,2518],[6.9318721598887905,45.79047593862279,2518],[6.932001851600941,45.79069361599837,2518],[6.932196007526232,45.79074423306436,2518],[6.932359007946146,45.791006233214134,2518],[6.932509909695592,45.79103407294067,2518],[6.932734608141591,45.79107805594965,2518],[6.932917181084658,45.79110753316574,2518],[6.933079712843814,45.79112713022135,2518],[6.9333749764201675,45.79114436942359,2518],[6.93344221173785,45.79115421124763,2518],[6.933521121674677,45.79117021272774,2518],[6.933588836281643,45.79117857624811,2518],[6.933731423747188,45.79117460812369,2518],[6.9340196914630585,45.79125418104067,2518],[6.9342106011411975,45.791311169534815,2519],[6.934351035676982,45.79134071120907,2519],[6.934799052182527,45.791402816612816,2519],[6.9356502751309295,45.79151979481684,2519],[6.935980075359167,45.791564141011726,2519],[6.936235549020864,45.791645517000184,2519],[6.936366563088545,45.79169009147458,2519],[6.936433972604663,45.79174281415234,2519],[6.936512115327356,45.79182417871793,2519],[6.936566787908212,45.79194039050848,2519],[6.936623271311958,45.7920274930402,2519],[6.936687274702885,45.79210066805667,2519],[6.936894654347607,45.792258680923844,2519],[6.937091114885999,45.792378611116995,2519],[6.937283762647692,45.79256742883205,2519],[6.937396162960423,45.792659464193605,2519],[6.937559662894744,45.79276142276624,2519],[6.93766086574923,45.792808252966054,2519],[6.937827021622013,45.7928382548093,2519],[6.937921741592457,45.792838038917544,2519],[6.938121195517105,45.79279962540472,2519],[6.937963603616811,45.792897777059736,2519],[6.937859575721206,45.792992954308886,2519],[6.937835819509279,45.79301766837328,2519],[6.9378137904159285,45.79305541129404,2519],[6.937806858168113,45.79309470487871,2519],[6.937809221271077,45.793129692134094,2519],[6.937829034899266,45.793178843603556,2519],[6.937849976356576,45.79322804603482,2519],[6.93790814144539,45.793387593896234,2519],[6.937951078356084,45.79347871291609,2519],[6.938169349717681,45.79363883628781,2519],[6.938281525620529,45.793708939600286,2519],[6.938446917214676,45.793787855453786,2519],[6.9386593590133785,45.793878761133556,2519],[6.938840666922645,45.793947021728734,2519],[6.938978930365398,45.79397657700883,2519],[6.939055186721152,45.79397369134189,2519],[6.939148176654417,45.79395896314901,2519],[6.939256158287881,45.793935070121165,2519],[6.939533523570082,45.79380003146581,2519],[6.939553772424193,45.79366596476253,2519],[6.93959916403809,45.79354186970983,2519],[6.939641101209018,45.793465298156434,2519],[6.939713236751674,45.79339997839137,2519],[6.939876476035206,45.79331434063755,2519],[6.939917770339436,45.79328482929262,2519],[6.939929455250809,45.79325517087846,2519],[6.939916920266801,45.793179996405385,2519],[6.9399287047354346,45.793090983944204,2519],[6.939939656535796,45.79302456041081,2519],[6.9399782729193396,45.79299194685763,2519],[6.939997668124031,45.79297326145344,2519],[6.939977975390417,45.79295387191817,2519],[6.939841707073117,45.79295974124377,2519],[6.939675286849762,45.79295317046634,2519],[6.939482629563092,45.79296635030145,2519],[6.93927385212999,45.79295544513091,2519],[6.9392582146256965,45.79295613413554,2519],[6.939173402457587,45.79292792350704,2519],[6.939104919009894,45.7928687314966,2519],[6.93913077798458,45.79282828796958,2519],[6.939246008216349,45.79275423524223,2519],[6.9395044089369575,45.79259979490986,2519],[6.939560210263209,45.79254028830734,2519],[6.939836007864983,45.79245423484339,2519],[6.939971619741462,45.7924684455861,2519],[6.940106007727943,45.79246423429354,2519],[6.940197756197606,45.79245735112386,2519],[6.9405179561357055,45.79245992495966,2519],[6.940580579540147,45.792454776318394,2519],[6.940704214419892,45.79244461187814,2519],[6.940783437757996,45.792426301229526,2519],[6.940878275779424,45.792398136542296,2519],[6.940941360988578,45.79236246440396,2519],[6.940977576372138,45.792331642433055,2519],[6.941003217335475,45.79230964565271,2519],[6.941049882848729,45.79229533723093,2519],[6.941101903400887,45.79228046648771,2519],[6.941191019938206,45.79224694298299,2519],[6.941351301135197,45.79219011181163,2519],[6.941562931612781,45.79213661985242,2519],[6.94169024193057,45.79210576084599,2519],[6.941742053558718,45.792090090397984,2519],[6.941754001147641,45.792083765922015,2519],[6.941758861741359,45.792073920523436,2519],[6.941758461166556,45.79206191378675,2519],[6.9417520207160885,45.79204408556023,2519],[6.941697790148406,45.792002847916955,2519],[6.941616102749016,45.79196473271834,2519],[6.941531062814207,45.79190694216266,2519],[6.941408749715258,45.791769404581174,2519],[6.941361158023281,45.79165681765947,2519],[6.941357132399121,45.79155236854631,2519],[6.941384471409457,45.791428469378964,2519],[6.941383183849893,45.79134130564922,2519],[6.941374456552465,45.79131102713541,2519],[6.941355979729997,45.79128590930497,2519],[6.941319392899076,45.79124101576658,2519],[6.941196369231717,45.791138084809305,2519],[6.941033262411057,45.791047020163376,2519],[6.940794555101742,45.79092597681239,2519],[6.940701555676215,45.790853776260874,2519],[6.940595456791438,45.79074374867029,2519],[6.940569936595229,45.790703750919434,2519],[6.940569366705314,45.790656260092256,2519],[6.940589103646734,45.790618529299934,2519],[6.940653346652743,45.79059010832426,2519],[6.940750298974142,45.790583988183435,2519],[6.940821102807151,45.7905949772672,2519],[6.940894579604127,45.7906212092107,2519],[6.940944062764642,45.79065128649168,2519],[6.940976307373004,45.790668640322984,2519],[6.941049833144179,45.79070144074329,2519],[6.9411409634230115,45.79073242444547,2519],[6.941211790493609,45.79074530471874,2519],[6.941251261063911,45.7907502842791,2519],[6.9412794781920795,45.79075025918613,2519],[6.941326161629268,45.79074576606146,2519],[6.941389884668755,45.79073411140626,2519],[6.941517444883073,45.790707735762034,2519],[6.941754850003246,45.79065973389316,2519],[6.942003627305871,45.79061353674727,2519],[6.942127184687374,45.790592289704946,2519],[6.942218692637779,45.7905923381943,2519],[6.942250904885976,45.79059772036366,2519],[6.9423114976312545,45.79060894757146,2519],[6.942352100584468,45.79062461639337,2519],[6.942375878674965,45.79064158327858,2519],[6.9424354902175915,45.790679466743725,2519],[6.942591078160773,45.790761757924365,2519],[6.942774483061391,45.79083414622841,2519],[6.942930605752216,45.79088123736401,2519],[6.9431926335751015,45.79095157406003,2519],[6.943403903038705,45.791012860563164,2519],[6.9435128511368704,45.791046697766745,2519],[6.943651874256663,45.791102548056806,2519],[6.943833396513066,45.79118477074726,2519],[6.9439749098810655,45.79125587008563,2519],[6.944033938493761,45.791288941329036,2519],[6.9441107827396245,45.79135594215406,2519],[6.944229383578429,45.791448768250106,2519],[6.944317976804409,45.79151771391723,2519],[6.944393105499342,45.791569213544975,2519],[6.944500983601206,45.7916218353676,2519],[6.944625355899628,45.79166141692766,2519],[6.944719130057654,45.79168284267044,2519],[6.944755572716974,45.79168723279603,2519],[6.9448043663417485,45.7916875780093,2519],[6.944853336413816,45.79168312458954,2519],[6.944936014267607,45.79167447589465,2519],[6.945025416421381,45.791648876808715,2519],[6.945139938519361,45.79162453065962,2519],[6.945245383531008,45.7915981534783,2519],[6.945417443415336,45.7915644393763,2519],[6.945578422400291,45.79154172776148,2519],[6.945695512528798,45.7915304969307,2519],[6.945930218699717,45.7915144464504,2519],[6.946081538742019,45.79150556524732,2519],[6.946197002262788,45.791501411474854,2519],[6.946377289840542,45.79148847761593,2519],[6.94650559609171,45.791462510338015,2519],[6.94661815434615,45.79142932396915,2519],[6.9467311402982235,45.791373074097926,2519],[6.946936427285228,45.79140262850745,2519],[6.947150633730057,45.79144632160495,2519],[6.94785596928235,45.7915554012089,2519],[6.948072479076429,45.791578233811215,2519],[6.948267396528437,45.791602135295584,2519],[6.948683075754655,45.791715676954965,2519],[6.948806007423396,45.7918942341831,2519],[6.949156008550206,45.7920342342777,2519],[6.949216008431046,45.791994234111115,2519],[6.949236007628342,45.791994234097494,2519],[6.949456008403687,45.79209423435747,2519],[6.949586008474893,45.7920242345999,2519],[6.9496671788429,45.79199603234874,2519],[6.949526157489121,45.79189145971973,2519],[6.949583057320802,45.79182915887457,2519],[6.949567666389782,45.791811425117814,2519],[6.949566793165056,45.791742008995726,2519],[6.949688266493315,45.79179408243735,2519],[6.949982673322515,45.79183536941771,2519],[6.950078325935458,45.791857315000456,2519],[6.9502218664495885,45.79188487405937,2519],[6.950362401175762,45.79190167285614,2519],[6.950427738870107,45.79190284539782,2519],[6.950506870006878,45.791925782109,2519],[6.950617376392047,45.79190219815419,2519],[6.95068249316714,45.791914554253616,2519],[6.950751692141693,45.79192888267509,2519],[6.950867257247063,45.791930956171534,2519],[6.9511375198235825,45.79193461495863,2519],[6.951301562422871,45.79193324010259,2519],[6.9513423002171395,45.791932898882784,2519],[6.951453930512748,45.79193196342883,2519],[6.951572677419965,45.79194004083635,2519],[6.951705325065291,45.791940041025555,2519],[6.951838930615567,45.791960281545414,2519],[6.952032455602066,45.791969700361236,2519],[6.95224410697717,45.791994909472784,2519],[6.952475719283208,45.79203237205498,2519],[6.952562001395448,45.79204462589489,2519],[6.952665756673927,45.792044107013915,2519],[6.952851437648859,45.79203553846448,2519],[6.953076438152671,45.792025867011034,2519],[6.953175343498569,45.79201398217186,2519],[6.95343019601303,45.79196154792821,2519],[6.953439090090426,45.79196036172301,2519],[6.953530411627734,45.79192599594765,2519],[6.953646460541764,45.79191907476184,2519],[6.953545574719852,45.79186326388724,2519],[6.953634920101815,45.791882865839746,2519],[6.953789212786246,45.79188563027109,2519],[6.953790200678615,45.79185864635988,2519],[6.953973830693983,45.79176293024355,2519],[6.954016025643204,45.79166468023078,2519],[6.9541989961790724,45.79158695301051,2519],[6.9543668041651845,45.79157195768013,2519],[6.954382295410307,45.791500230846445,2519],[6.954487131626741,45.79144810528953,2519],[6.954527679558758,45.79139482827265,2519],[6.954632515443068,45.79134270257566,2519],[6.954619986994378,45.791333477668786,2519],[6.954489435885714,45.79138514279756,2519],[6.954399103389462,45.7913925254443,2519],[6.954400749357128,45.791347552237895,2519],[6.954441297294147,45.79129427525094,2519],[6.954560965643275,45.79118841204823,2519],[6.954664813658735,45.791163270241185,2519],[6.954730747177663,45.791119448302005,2519],[6.955012626171161,45.79115149742446,2519],[6.95512669889702,45.79119854257511,2519],[6.955090429727716,45.791134889427944,2519],[6.95500174316997,45.79109729933336,2519],[6.954990531093302,45.791052095886215,2519],[6.955069321762281,45.79100850396544,2519],[6.955250643452631,45.79097574822133,2519],[6.955326472458019,45.79101310793942,2519],[6.955375599375911,45.79107699119579,2520],[6.955406578924586,45.79093353719081,2520],[6.955382180009158,45.790897098248024,2520],[6.955599441722548,45.790936989651875,2520],[6.955575371677554,45.79089155609953,2520],[6.955625814747585,45.79091946065772,2520],[6.955613944209444,45.79089224656031,2520],[6.95565251674273,45.79089293700806,2520],[6.955718778155979,45.79084011982853,2520],[6.9556680061251726,45.79082120996076,2520],[6.955723054821741,45.79072318938332,2520],[6.955826901479213,45.79069804649397,2520],[6.955789644924825,45.79066137750662,2520],[6.955872823314656,45.79066516319196,2520],[6.955956380368686,45.79071544787316,2520],[6.9560217370645265,45.79064753032303,2520],[6.956011182087918,45.79058433765708,2520],[6.956049007370694,45.7905682330942,2520],[6.956146008410027,45.790774233529305,2520],[6.956226008530242,45.79087423363341,2520],[6.95629600844493,45.79086423287333,2520],[6.956396007755049,45.79129423360715,2520],[6.9565160078585295,45.79153423343257,2520],[6.9565460075134675,45.79166423391034,2520],[6.956676008465889,45.79170423425574,2520],[6.956726008400111,45.79165423345071,2520],[6.9568160083844415,45.7916342341619,2520],[6.956836007967446,45.79168423350454,2520],[6.9569960075849036,45.791544233775824,2520],[6.9570060085342735,45.79163423352873,2520],[6.95706600852655,45.791614233832796,2520],[6.957286008016208,45.79183423392145,2520],[6.957416007587514,45.79159423390884,2520],[6.957676008494299,45.79095423359483,2520],[6.9577560076175375,45.79092423334071,2520],[6.957856008179395,45.79095423362984,2520],[6.957926007395735,45.79082423309098,2520],[6.957956008070354,45.79081423346659,2520],[6.958046007781007,45.79103423343396,2520],[6.95813600821817,45.79109423348721,2520],[6.958316008082237,45.79130423332986,2520],[6.958456007428605,45.79113423344567,2520],[6.958466008495115,45.79106423322835,2520],[6.958546007426214,45.79095423294208,2520],[6.95861600768182,45.79114423350304,2520],[6.958706007571136,45.791274233871185,2520],[6.958976008499437,45.79115423354535,2520],[6.959096007897312,45.79098423368106,2520],[6.959436008206116,45.79076423336035,2520],[6.959606007561247,45.7906042330173,2520],[6.959666007466661,45.790494232874295,2520],[6.959825007371194,45.790294232618415,2520],[6.959965008447187,45.79015423238835,2520],[6.960105008243554,45.78985423208804,2520],[6.9601250078432475,45.789764231987434,2520],[6.960075007858047,45.78952423242733,2520],[6.959985008341748,45.78938423171173,2520],[6.960035007856159,45.78917423134624,2520],[6.960005007649643,45.78898423143392,2520],[6.959984039579264,45.788895534608166,2520],[6.960064345548696,45.788885072083055,2520],[6.960158931313059,45.78886483164276,2520],[6.960416401163897,45.78886042931765,2520],[6.960560454466617,45.78879099742625,2520],[6.96062506796805,45.78878315066133,2520],[6.960868039757186,45.78882349113506,2520],[6.961086282004892,45.78883638799631,2520],[6.961318365609639,45.78882252989234,2520],[6.96160384546583,45.78875562109004,2520],[6.961783844427255,45.788758833516326,2520],[6.962088806947328,45.788863281446176,2520],[6.962420140626161,45.78895019795826,2520],[6.962788716765546,45.78900125812921,2520],[6.963306849630155,45.789125663652484,2520],[6.963714695892617,45.7893044637252,2520],[6.96384251828576,45.7893737813372,2520],[6.963983023057156,45.789461347570956,2520],[6.964022814131935,45.78948941855049,2520],[6.964056244767319,45.78952867900996,2520],[6.964058257245253,45.78956678356233,2520],[6.9641050409070795,45.78958962654331,2520],[6.964449662889515,45.78967577405987,2520],[6.964790925991562,45.789784166712685,2520],[6.965100055977855,45.78992308718776,2520],[6.965196724826568,45.78998942886064,2520],[6.965389539631396,45.790121757022334,2520],[6.965491624967105,45.79032158649739,2520],[6.965455448437874,45.79070796604533,2520],[6.96547944005235,45.790964774609115,2520],[6.966000853702778,45.79097027069793,2520],[6.966195335803519,45.79080926998958,2520],[6.966388899555894,45.7908596598955,2520],[6.966389835198021,45.79085883860535,2520],[6.966391327424411,45.79085979943119,2520],[6.966403647566888,45.790860018799414,2520],[6.96642375727791,45.790856510232764,2520],[6.966443179317907,45.790848527852575,2520],[6.966462162357513,45.79082923657917,2520],[6.966483918248412,45.79079215020952,2520],[6.966498127653957,45.79076385080402,2520],[6.966498207725495,45.79076370102068,2520],[6.96650619577182,45.7907465955178,2520],[6.96651535166308,45.79072861615405,2520],[6.966545487519679,45.790689076018815,2520],[6.966559253503021,45.79067296353746,2520],[6.966583018306708,45.7906507827018,2520],[6.966661268311516,45.79059752638264,2520],[6.966721147444118,45.79055844102205,2520],[6.966771560145212,45.79052245880033,2520],[6.966795227461147,45.790502953844275,2520],[6.966812388084064,45.79059218644196,2520],[6.9668437227611175,45.790665759311175,2520],[6.966879364910325,45.790749521852845,2520],[6.9669088035957625,45.79089860425158,2520],[6.966901102325426,45.79104018600069,2520],[6.966881969360734,45.7912623116529,2520],[6.966863148060059,45.791335587486486,2520],[6.966817189634514,45.79141625569376,2520],[6.966498682219303,45.7918178261089,2520],[6.966328354704851,45.79204134940565,2520],[6.966319134876561,45.79207271140757,2520],[6.966319155863559,45.792107211730574,2520],[6.966326261205793,45.79214563102467,2520],[6.966344031588652,45.792194723143915,2520],[6.966369441103844,45.79224083349652,2520],[6.966451783663383,45.79228730141995,2520],[6.9665461964287605,45.792311483750375,2520],[6.967141056100962,45.792416579783215,2520],[6.967446545047918,45.792478676967136,2520],[6.967530379658187,45.792472792055705,2520],[6.967610807925441,45.792492010159556,2520],[6.9676788583354545,45.79252493627691,2520],[6.967971000412481,45.79274636681453,2520],[6.968103558514844,45.792816230089485,2520],[6.968120478146608,45.79282198902318,2520],[6.968265039107599,45.79286857875438,2520],[6.968374011037048,45.792888361688625,2520],[6.968539702509962,45.79291510274693,2520],[6.96872774621677,45.792935101882584,2520],[6.968845057716506,45.79293599925988,2520],[6.968941139324203,45.792912724271176,2520],[6.969024357855368,45.79286899716545,2520],[6.9691289349422245,45.79278641286745,2520],[6.969403104584261,45.79256627440199,2520],[6.969876580955903,45.79222760751151,2520],[6.9700021793522104,45.79210717889471,2520],[6.970089276792594,45.791973952037075,2520],[6.970256680576738,45.79167544532879,2520],[6.970330010311853,45.79160474423104,2520],[6.970442905681412,45.7915340765416,2520],[6.970552984526597,45.79149093723137,2520],[6.970748294329131,45.79143677804439,2520],[6.97081716150794,45.791405440387486,2520],[6.9708869031611105,45.79134880782076,2520],[6.970915854821642,45.79126157416508,2520],[6.970961337956578,45.79119248495609,2520],[6.971015028212134,45.79113406315539,2520],[6.971109108264325,45.79107288282845,2520],[6.971236500543951,45.791035666752066,2520],[6.971305680963863,45.79102949445985,2520],[6.971379255371468,45.79103004976731,2520],[6.971476327929451,45.79103440478499,2520],[6.971574710462706,45.791047049977344,2520],[6.971630036805349,45.79106193660237,2520],[6.971652147906633,45.7910743549041,2520],[6.97166817762524,45.79109154979001,2520],[6.97167633507788,45.791118376748265,2520],[6.971682264854918,45.79114741787781,2520],[6.97168753654723,45.791159210395016,2520],[6.9717048725472335,45.79119798745582,2520],[6.971747864986545,45.79125671710213,2520],[6.971818411349498,45.79129630137461,2520],[6.972067263357574,45.79141101550646,2520],[6.972720026857114,45.79154805623281,2520],[6.973320267474793,45.791617756173146,2520],[6.973601830871879,45.79166046800014,2520],[6.973594601606393,45.79185986537239,2520],[6.973801218784482,45.79193003874899,2520],[6.973761442950526,45.792043857679104,2520],[6.973763526072719,45.79240127431283,2520],[6.973842063277062,45.792607508049294,2520],[6.974330424258797,45.79324183371678,2520],[6.974658402257909,45.79367520074116,2520],[6.97488255026401,45.79398069317164,2520],[6.975035437315315,45.79424441933178,2520],[6.975094948909889,45.79441095549923,2520],[6.97509065743276,45.79455141638976,2520],[6.97541016323272,45.795110613153625,2520],[6.975644222401977,45.79537577732326,2520],[6.9757834867354624,45.79557175699804,2520],[6.975862336924908,45.79576075066798,2520],[6.97591778856106,45.79589365684233,2520],[6.976141713011182,45.796243087794295,2520],[6.976380603199584,45.79652991746984,2520],[6.976553544057401,45.796917042090556,2520],[6.976699335023271,45.79724210026132,2520],[6.976913978821599,45.79755663847916,2520],[6.977287519546491,45.797832219929,2520],[6.977436459780962,45.79793041345042,2520],[6.9776309939730705,45.79802367088558,2520],[6.977780773647642,45.798099978741305,2520],[6.9778805024158865,45.79816487775122,2520],[6.978692974418681,45.79882919371794,2520],[6.979140918980916,45.79925273940797,2520],[6.979273475750532,45.799368776669745,2520],[6.9795639913608385,45.799494539496195,2520],[6.979792897887747,45.799564637181604,2520],[6.979956225462416,45.79973146243017,2520],[6.980416918344673,45.800014590863654,2520],[6.9809324707655405,45.80033444721682,2520],[6.981130674042667,45.80054984926536,2520],[6.981287586368298,45.800638303252775,2520],[6.981363543863046,45.800717467875636,2520],[6.981628244892901,45.80097221283285,2520],[6.9816999749280715,45.801035948532146,2520],[6.981781351793735,45.8010694211939,2520],[6.981865531191063,45.80108387661662,2520],[6.9819303733786295,45.80109238477925,2520],[6.982115155680384,45.80109070112597,2520],[6.982273556082822,45.80109765873104,2520],[6.9826787327141675,45.80119101217531,2520],[6.982809864596574,45.80121385753927,2520],[6.982950163566776,45.80122252681965,2520],[6.9830605036405125,45.80120222073223,2520],[6.983234991902016,45.80114405792849,2520],[6.98369700579988,45.80096804296085,2520],[6.983840089213635,45.80092556624778,2520],[6.983981874244185,45.80091906851621,2520],[6.984340982055333,45.80095240825543,2520],[6.984468933669055,45.80097266734165,2520],[6.984761795308113,45.80105883980073,2520],[6.985171696226096,45.801111074171985,2520],[6.98545137530065,45.80120601282353,2520],[6.985614665477683,45.801316899127286,2520],[6.985713378301085,45.801385721855695,2520],[6.985754787694014,45.80143254470906,2520],[6.985766262144182,45.80148745222293,2520],[6.9857092259192894,45.80155151828359,2520],[6.985659396982912,45.8015927448047,2520],[6.985581959519085,45.801616891010305,2520],[6.9853241065540415,45.80163034391678,2521],[6.985243281991585,45.80166626492737,2521],[6.9851770347132,45.801719099397246,2521],[6.985158598544737,45.801764122377726,2521],[6.985156327998777,45.801827085951615,2521],[6.985166861071624,45.80186444120624,2521],[6.985156914640422,45.80191259132374,2521],[6.985192940009266,45.801976251172,2521],[6.985263740632944,45.802010808342615,2521],[6.9853839875232335,45.80204036122735,2521],[6.985413306162079,45.80205673278936,2521],[6.98543277685266,45.80207873507388,2521],[6.985455007955154,45.802193242963995,2521],[6.986135007754335,45.802413243332396,2521],[6.986165008597125,45.802493243285326,2521],[6.986625007918575,45.802553242944384,2521],[6.987005008112731,45.80271124331287,2521],[6.986595008558489,45.80285324316634,2521],[6.986565007655716,45.802883243146,2521],[6.986786007786614,45.80306724371204,2521],[6.986992007821937,45.80307124365989,2521],[6.987245008060209,45.80303324346077,2521],[6.987440957598297,45.803131197379976,2521],[6.987672448052636,45.803135276242365,2521],[6.987780734330894,45.8031401092534,2521],[6.987889300535388,45.803169079276906,2521],[6.988097508544601,45.80326594294836,2521],[6.988056146799869,45.8033253413892,2521],[6.987900719018995,45.80325855295491,2521],[6.987809120538985,45.80325715524142,2521],[6.987704021977947,45.80333395369722,2521],[6.987669322726811,45.80341055146095,2521],[6.98749252613385,45.803560448710094,2521],[6.987307128525665,45.80365214889027,2521],[6.987199330169822,45.80376794623754,2521],[6.987158430592953,45.803786546858284,2521],[6.987164531997458,45.80382604514133,2521],[6.987389829562537,45.80389783791597,2521],[6.987440829576722,45.80393733530781,2521],[6.9872279325512725,45.8040057371793,2521],[6.987114233933591,45.80407503640689,2521],[6.987228833104387,45.804105332946925,2521],[6.987383730970643,45.80412242920651,2521],[6.987443830751365,45.80415492703713,2521],[6.987323932498836,45.80424542594682,2521],[6.9873201331783115,45.80428862446892,2521],[6.9873794329387415,45.80434812057872,2521],[6.987595131182347,45.80447211237766,2521],[6.987597231501696,45.80455370934457,2521],[6.9875144329536365,45.80460190897249,2521],[6.987342534370943,45.804603511595346,2521],[6.987336135601637,45.80463431110287,2521],[6.987518133646341,45.80477390199891,2521],[6.987686833460406,45.804855796322535,2521],[6.98762723414977,45.804894695917255,2521],[6.987631133747201,45.804928593956376,2521],[6.98750503576188,45.80495219550031,2521],[6.987369038020988,45.8050133958113,2521],[6.987158339621034,45.805015799520696,2521],[6.986914742869816,45.80497490565487,2521],[6.986724844420372,45.8049160108533,2521],[6.986568845950288,45.80492161339832,2521],[6.9864317479738025,45.804949614603835,2521],[6.986185949845488,45.80488902144882,2521],[6.98609475105178,45.80490502290259,2521],[6.985990053473709,45.80497372187328,2521],[6.985857754860901,45.805011122551655,2521],[6.985760256771483,45.80502882445421,2521],[6.9856717570515325,45.805010826026276,2521],[6.985555359134092,45.80505522656903,2521],[6.985268562062747,45.805105029556486,2521],[6.985090064865246,45.805202729680104,2521],[6.984981466759143,45.80524432947007,2521],[6.984807469157211,45.80527463168435,2521],[6.984738870540871,45.80530493210434,2521],[6.9848972684523,45.805383726306566,2521],[6.984980367899682,45.80539992356204,2521],[6.98512636713969,45.80548591782303,2521],[6.985287165321299,45.80555121255258,2521],[6.985478063270139,45.80559250706498,2521],[6.98569676270134,45.80572539836696,2521],[6.9857898616948795,45.80580229353364,2521],[6.9857996619186995,45.805845191798255,2521],[6.98569226331489,45.80585939335297,2521],[6.985714962817975,45.805885791666476,2521],[6.985836861653607,45.8059401875954,2521],[6.985886062157492,45.80598128572745,2521],[6.98563986501905,45.80603718790728,2521],[6.985465867487704,45.80603249083216,2521],[6.9853535687966515,45.80608399106753,2521],[6.9852106707028705,45.80610229304821,2521],[6.98508927270342,45.806161292842646,2521],[6.9848357918455415,45.80617889451857,2521],[6.9848272588845255,45.80622803527031,2521],[6.985030175026856,45.80632038736579,2521],[6.985113274828821,45.80645768101604,2521],[6.9851778739144885,45.80652367740137,2521],[6.985199974323067,45.806589274175515,2521],[6.985164074869319,45.80662577339361,2521],[6.985096176346777,45.80664247399984,2521],[6.984841078537731,45.80663387907504,2521],[6.9846903444128,45.8065763595436,2521],[6.984676170904222,45.80659852072483,2521],[6.98471728359688,45.80663395483173,2521],[6.9848231801977185,45.8067269759906,2521],[6.984806580699778,45.80674207578468,2521],[6.984742380964599,45.80673757683314,2521],[6.984710652741189,45.80675575876241,2521],[6.984508557428301,45.8067302313892,2521],[6.984414099837916,45.80674171873852,2521],[6.984419733509765,45.806759356555425,2521],[6.984478544593404,45.80678012532573,2521],[6.984545646905427,45.80683173301997,2521],[6.984603083024602,45.80687167465354,2521],[6.9847250823427895,45.80687847162926,2521],[6.9847497817495885,45.80690387035961,2521],[6.984705183570472,45.80696996893707,2521],[6.984396200872965,45.806932757340796,2521],[6.984267802279441,45.80689166133206,2521],[6.984236087259481,45.806848981903535,2521],[6.984132089220527,45.80682858463682,2521],[6.9840417891790905,45.80677788761959,2521],[6.983988490281619,45.806708691461964,2521],[6.983828791200135,45.80666199587463,2521],[6.983620910732322,45.806550176802645,2521],[6.983410259829947,45.806491383554096,2521],[6.983307397907945,45.80649750760151,2521],[6.983159999179341,45.8065308088045,2521],[6.983026199666177,45.806552414395995,2521],[6.982983200326995,45.8065618148133,2521],[6.983171999255518,45.80667840769143,2521],[6.983405997754955,45.80689009488126,2521],[6.9834017985020544,45.80690089425596,2521],[6.983254699516177,45.80688479796443,2521],[6.983246299462614,45.806928896154105,2521],[6.983287399966041,45.80699099367494,2521],[6.983402999386993,45.8070659884397,2521],[6.983518298788147,45.80722018048751,2521],[6.98332590091446,45.80721308427097,2521],[6.983344701164439,45.80725008250763,2521],[6.983157603412878,45.80723648581621,2521],[6.9829901051787395,45.80724918881995,2521],[6.982986805697853,45.80727038795851,2521],[6.983031106234679,45.80730858542058,2521],[6.98287530720482,45.807270190144884,2521],[6.982292214317397,45.80728520012172,2521],[6.9821960149269975,45.8072776016825,2521],[6.9819500168657065,45.807130511784706,2521],[6.981815218119068,45.80714431375833,2521],[6.981504108429164,45.80707776998274,2521],[6.981300961200982,45.80707868884469,2521],[6.981432023586785,45.80715112014878,2521],[6.981296525114771,45.80717192234175,2521],[6.981074726956937,45.80714712700589,2521],[6.9810822273154205,45.807209624131914,2521],[6.9808358298716,45.807169130428576,2521],[6.980676645018238,45.807165921895105,2521],[6.98041453523006,45.80715273875126,2521],[6.980111838255476,45.8070794464444,2521],[6.98003253936977,45.807078448126035,2521],[6.979904041207491,45.80708645043767,2521],[6.9798855415869365,45.80709665023235,2521],[6.979975240222815,45.807165845854335,2521],[6.979978340586999,45.80719004546116,2521],[6.979948440685178,45.80720274468972,2521],[6.979731977132112,45.80713639482667,2521],[6.979677377823527,45.80714599563507,2521],[6.979705878108312,45.80718299324722,2521],[6.979672478173116,45.80720489291899,2521],[6.979549125001276,45.80718581599605,2521],[6.979378810025814,45.807200089364194,2521],[6.979275048907899,45.807224156191225,2521],[6.979164351026929,45.80727575606113,2521],[6.979086753063499,45.80733285578223,2521],[6.979441748741522,45.80742614541866,2521],[6.979439649906218,45.80745314492439,2521],[6.979293351007699,45.80748504570966,2521],[6.979216151960924,45.80748724765538,2521],[6.979150471630049,45.807496307434874,2521],[6.9790944809947995,45.80752895075736,2521],[6.979058089905674,45.80761398721248,2521],[6.9793217527731555,45.80767173817566,2521],[6.979516650556113,45.807684434180686,2521],[6.979555931719302,45.8077107301258,2521],[6.9795023763600605,45.807765212364785,2521],[6.9793633984037005,45.80789352931524,2521],[6.979270835185592,45.80797231754056,2521],[6.979134357735834,45.80803002804112,2521],[6.979036131831275,45.807975862943216,2521],[6.978970783272055,45.80796268102724,2521],[6.978896288517087,45.807927541587915,2521],[6.978796072720105,45.80792013112537,2521],[6.978700668599779,45.80790568902562,2521],[6.9784434216314075,45.80795364508462,2521],[6.978402284283753,45.807991984573135,2521],[6.978396914798733,45.80802157681731,2521],[6.978492264466872,45.80814859119403,2521],[6.978614972971259,45.80830787679771,2521],[6.978656772525737,45.80843639681346,2521],[6.978732035273382,45.80847216473209,2521],[6.978885471350023,45.80851612305934,2521],[6.979403689938108,45.808614261357796,2521],[6.979437062226209,45.80864367588599,2521],[6.979489863307554,45.80876257065997,2521],[6.979519189801364,45.80879339687479,2521],[6.97953336737547,45.80881741622536,2521],[6.979537460374418,45.80884508959365,2521],[6.979547906657194,45.80892796836995,2521],[6.979574542687145,45.80899382736013,2521],[6.979527030901428,45.80900003337331,2521],[6.979480072704237,45.80899093479355,2521],[6.979444185891551,45.809061982682124,2521],[6.97950476246111,45.80910028043053,2521],[6.9795698072661,45.80915840700607,2521],[6.979641899538393,45.809204053895705,2521],[6.979715506096457,45.80923310088489,2521],[6.979681706547833,45.80931430143798,2521],[6.979754874969574,45.80935646339272,2521],[6.979824661388781,45.80945876088226,2521],[6.979906561373386,45.809504158052945,2521],[6.979966922328732,45.80953317221489,2521],[6.979948304427124,45.80958733290804,2521],[6.980092400835543,45.80967022352239,2521],[6.980294198510622,45.809732873328805,2521],[6.980429896231376,45.80975276984841,2521],[6.98068018007523,45.80972618842386,2521],[6.980698180032974,45.809747987276594,2521],[6.980688820732854,45.80978714952384,2521],[6.980663353887912,45.809818632168025,2521],[6.9806983544835655,45.809847330767546,2521],[6.980820482483647,45.80986857189836,2521],[6.980873882354441,45.809936868536845,2521],[6.980941516731045,45.81002874160119,2521],[6.981072483284341,45.81006262331146,2521],[6.981157451178408,45.81017890960246,2521],[6.981162450804573,45.81022040840973,2521],[6.98123435033366,45.8102466052806,2521],[6.9812123512855475,45.81031500371604,2521],[6.981144552585589,45.810373402181014,2521],[6.9809701561571424,45.81044820259572,2521],[6.98091775723941,45.810502201891815,2522],[6.980801958901265,45.810555901185936,2522],[6.980789385501205,45.810585707290635,2522],[6.980765259261659,45.81064289930111,2522],[6.980806398280725,45.81070428282066,2522],[6.980829390947805,45.81075203917136,2522],[6.980805518474917,45.81082720338644,2522],[6.980842118383622,45.81092909892807,2522],[6.980843710823294,45.81095052218402,2522],[6.9808271613871735,45.81097798537219,2522],[6.980760874451721,45.81101219086829,2522],[6.980729562823593,45.811049183805174,2522],[6.980650709090867,45.81114176755503,2522],[6.980546910843742,45.811205366896566,2522],[6.980433490046099,45.811342548841004,2522],[6.980151312806834,45.81144804196972,2522],[6.980121511667158,45.811499374054655,2522],[6.979996956726388,45.81157045065057,2522],[6.979872178528218,45.81166167619323,2522],[6.9797380814885415,45.81177987418788,2522],[6.9796713836059965,45.81186037217892,2522],[6.979650584205394,45.81196466843285,2522],[6.979472388147232,45.81218696351374,2522],[6.979447089906476,45.81227966039224,2522],[6.979435793066259,45.81268684497334,2522],[6.9794847942970115,45.81288123617993,2522],[6.979472595443488,45.812988032765176,2522],[6.979294054927211,45.81307480446076,2522],[6.979230799326376,45.813186529125446,2522],[6.979218101102467,45.81331102443404,2522],[6.979223402434221,45.81345641875382,2522],[6.9792801029001525,45.813633311560984,2522],[6.979303805224373,45.81390040050179,2522],[6.979400906024327,45.81419328822801,2522],[6.979358255435418,45.8144198359539,2522],[6.979374877250051,45.81456701640691,2522],[6.97936230605395,45.814654486789586,2522],[6.979321220334689,45.81475022188446,2522],[6.979253996886546,45.814788494349344,2522],[6.979065846548596,45.81478955038295,2522],[6.978971215748913,45.8148054143063,2522],[6.978912439660475,45.814870144510856,2522],[6.978898165743644,45.81509131685285,2522],[6.978929221122431,45.81521045699251,2522],[6.979113321618473,45.815626437917906,2522],[6.979107222406613,45.815683935900715,2522],[6.97918952352145,45.81588562711218,2522],[6.979467521814988,45.8162294088236,2522],[6.979580321069602,45.816332402459246,2522],[6.979666921259879,45.81644219685498,2522],[6.979803621320293,45.816673685637745,2522],[6.97992082117921,45.81679597912923,2522],[6.980023221010787,45.816982870138986,2522],[6.980089521324058,45.81704106624591,2522],[6.980306420793051,45.817348650742176,2522],[6.9804269196584015,45.81747934369695,2522],[6.980526876165979,45.817602643018795,2522],[6.9805766196116865,45.817687732989064,2522],[6.9806239207000536,45.8178455262706,2522],[6.980836959508342,45.81822924955898,2522],[6.981239217910133,45.81860958557786,2522],[6.981374118064894,45.81878567673034,2522],[6.981416617891636,45.818925070589,2522],[6.9814692184532365,45.819017366039326,2522],[6.9815364185156685,45.81908546242872,2522],[6.98180101646258,45.819262251077085,2522],[6.981966415421017,45.81940894207734,2522],[6.982139334526932,45.81949431751892,2522],[6.982891220013487,45.81980282302219,2522],[6.983247801441371,45.81999829676731,2522],[6.98337190126325,45.820097990328655,2522],[6.983568799576809,45.82020968319263,2522],[6.983842297824464,45.82043466972818,2522],[6.984387807618357,45.820786613608384,2522],[6.984708763784174,45.82091880162429,2522],[6.984957156481362,45.821056035006094,2522],[6.985064446866223,45.821091667962186,2522],[6.985382518204002,45.82130393635616,2522],[6.985565564148642,45.82149695105865,2522],[6.985636382259667,45.821540375462966,2522],[6.985673280091081,45.82158569204079,2522],[6.9857955798309455,45.8216381886166,2522],[6.985955778517684,45.821790379462655,2522],[6.986048576991554,45.82182337621147,2522],[6.986764069526219,45.822185550279116,2522],[6.986867768317867,45.822192747778885,2522],[6.987015065350927,45.822139046728125,2522],[6.987064265644553,45.822184844287584,2522],[6.987088265551233,45.82226974045501,2522],[6.987281964513271,45.82250962835136,2522],[6.987573263451698,45.82279431195073,2522],[6.987775760642074,45.82295610195747,2522],[6.988091561287713,45.82312724988745,2522],[6.988193642470019,45.823223941942516,2522],[6.988466242029464,45.82335948518366,2522],[6.9888299176286495,45.82369357388366,2522],[6.9891312148982765,45.823822465454,2522],[6.989198568997481,45.823878478624955,2522],[6.989411496658931,45.8239960994248,2522],[6.989634132094829,45.82408171755496,2522],[6.990042927690789,45.82428320299791,2522],[6.990359722761506,45.82435409398533,2522],[6.990531420802465,45.824367190932094,2522],[6.991154211317841,45.82445767640646,2522],[6.991361409296204,45.82450057064878,2522],[6.991451507561899,45.824541167709796,2522],[6.991611573168394,45.82454723159958,2522],[6.99220559868992,45.82479754377161,2522],[6.992607394166166,45.82501462888644,2522],[6.992700848402578,45.82503873834688,2522],[6.992899186622672,45.825059094378325,2522],[6.993029181933378,45.82505083461255,2522],[6.993113086843211,45.82507511705588,2522],[6.993231384799096,45.825155611418566,2522],[6.993342082922398,45.8252046081481,2522],[6.9938084777572325,45.82536079349508,2522],[6.994353871322634,45.82562267348498,2522],[6.994607867214339,45.825665866953244,2522],[6.9947328793755785,45.825723971025624,2522],[6.994911277443805,45.82575906638171,2522],[6.9952928722452254,45.82569646186016,2522],[6.995552268223241,45.82578075420934,2522],[6.995669867508236,45.825842049239114,2522],[6.995966262627436,45.82592514121712,2522],[6.996330058874524,45.82598073209998,2522],[6.99645185697149,45.825982929903155,2522],[6.996726153277835,45.82605902229846,2522],[6.996936949756856,45.82608091738327,2522],[6.997325344928856,45.826229604558044,2522],[6.997399744858823,45.82627710133561,2522],[6.9975621428705175,45.82643199284336,2522],[6.997695741232832,45.826495888393175,2522],[6.9978300404494975,45.82663777984831,2522],[6.997923938542918,45.82669807653916,2522],[6.998268634773108,45.82680286598097,2522],[6.998537231640334,45.826904957317666,2522],[6.99874432881458,45.82696145138793,2522],[6.99902312439686,45.826993845036796,2522],[6.999160026330838,45.827057930846685,2522],[6.999535970067912,45.82707280630053,2522],[6.999668540948049,45.827095851752745,2522],[7.000185418900942,45.827231320929585,2522],[7.000299028680572,45.82728719233044,2522],[7.000671931844436,45.827386978943274,2522],[7.000937518836302,45.827503538703525,2522],[7.001148096984272,45.82757638469665,2522],[7.001311894625448,45.827675677752055,2522],[7.001547192112676,45.82776397016718,2522],[7.0017998887418145,45.8279013598902,2522],[7.0019028874410845,45.82797655528719,2522],[7.002070385446786,45.82801645121159,2522],[7.0021763839581395,45.82810734526683,2522],[7.002547779290276,45.82823163376143,2522],[7.002626678049606,45.828229732853046,2522],[7.00266637726128,45.82821363219059,2522],[7.002843374714173,45.8282162295014,2522],[7.002966572893594,45.82824982589779,2522],[7.003324368678715,45.828505209963204,2522],[7.003411168229464,45.82858730498691,2522],[7.003474567032199,45.82869009972194,2522],[7.003548766409683,45.828719897619145,2522],[7.003706863696444,45.828733094305264,2522],[7.003732664394713,45.82875239314801,2522],[7.003749363442813,45.828823189354196,2522],[7.003797263395933,45.828877486660396,2522],[7.003942761601977,45.828970480670556,2522],[7.0041190602591525,45.829181369043596,2522],[7.004107760771071,45.82929826510325,2522],[7.004129161859332,45.829435759545,2522],[7.004323359858921,45.82969724602577,2522],[7.0044993578507855,45.82980233872961,2522],[7.004867452072531,45.82997412587096,2522],[7.0052497485328065,45.830201209464704,2522],[7.005239448434911,45.83025910784975,2522],[7.005331647692538,45.830411000772614,2522],[7.005421847121762,45.830466896524555,2522],[7.005480845519592,45.83054379270185,2522],[7.005496145509752,45.83059559029724,2522],[7.005592045235027,45.830678185457145,2522],[7.005635843966698,45.83074138203332,2522],[7.005694543911073,45.83089727545409,2522],[7.005760944330984,45.83098857007635,2522],[7.0058330430751194,45.83102066812023,2522],[7.005885442523868,45.83109836421567,2522],[7.00602114048178,45.831199857291196,2522],[7.006270337836211,45.83143414433708,2522],[7.006340237454522,45.831540738395766,2522],[7.0064589360896194,45.831612833888215,2522],[7.006699532655729,45.83170582623574,2522],[7.006784531027444,45.831757222596906,2522],[7.0071816906264,45.83212063536514,2522],[7.007508643002798,45.83240310302573,2522],[7.007665582835593,45.83255465358147,2522],[7.007887105647571,45.83267407360072,2522],[7.007961482547335,45.83269885753672,2522],[7.008051216606396,45.83274816192336,2522],[7.00824291421129,45.832850853946674,2522],[7.008499810427491,45.83305044207826,2522],[7.008636308886239,45.8332141329185,2522],[7.008714124618109,45.83327078308097,2522],[7.0087888979583814,45.83328448750563,2522],[7.008876447392812,45.83328431086428,2522],[7.008915846139809,45.83325131161673,2522],[7.008911681477778,45.83321823428943,2522],[7.008867475794903,45.8331765025299,2522],[7.008846931521047,45.833134525307024,2522],[7.008877493119307,45.83307652891385,2522],[7.008839681306793,45.833051443370216,2522],[7.008855865667325,45.83303481452402,2522],[7.008931539001375,45.83305342000127,2522],[7.008915013828036,45.83300427917224,2522],[7.009017180795938,45.833056322361045,2522],[7.009337055145499,45.833131419201415,2522],[7.009432845916475,45.8332115349637,2522],[7.0094908042047885,45.833297285365134,2522],[7.009494317593814,45.833379645099825,2522],[7.009555895055173,45.8334111091948,2522],[7.009616597906623,45.83345561859839,2522],[7.009901298222637,45.83352220928517,2522],[7.010011835094121,45.83358078594525,2522],[7.010120280453874,45.83365808934054,2522],[7.010132668321983,45.83367477151808,2522],[7.0101442865345645,45.83368061091974,2522],[7.010176188189073,45.83369056138032,2522],[7.010222514072898,45.83370301863233,2522],[7.010262973602576,45.833729276697596,2522],[7.010295935077808,45.83373962180679,2522],[7.010306318958297,45.833743860107084,2522],[7.010424675520801,45.83383940430756,2522],[7.010465720765915,45.833862926459396,2522],[7.010484647399777,45.83387490544284,2522],[7.01050053914504,45.833896602470645,2522],[7.010516982181426,45.833917932879004,2522],[7.010532643984724,45.8339309827457,2522],[7.010559536072768,45.83394573129654,2522],[7.0105730234750725,45.83395949482346,2522],[7.010596423175248,45.83398169792838,2522],[7.010621408433814,45.834004681083826,2522],[7.010640899798166,45.834015918337876,2522],[7.010668449034797,45.83402729593186,2523],[7.010718458738306,45.83405710254429,2523],[7.010719681987686,45.83405869083071,2523],[7.0107202784934515,45.83405882542619,2523],[7.010885508626883,45.83412896983544,2523],[7.010974493524401,45.8341814387274,2523],[7.011050213028393,45.834228980107795,2523],[7.011101741773531,45.8342614438401,2523],[7.011234489913627,45.834337974087184,2523],[7.0112932164500625,45.83436454984589,2523],[7.011402930274804,45.83439351727509,2523],[7.01155639462279,45.83443179490951,2523],[7.011634448504034,45.83444405149813,2523],[7.0116967198772215,45.83446167028844,2523],[7.011850428158001,45.834508219603855,2523],[7.011948644398882,45.83452796700392,2523],[7.012075589178496,45.834541075158135,2523],[7.012198343145281,45.83455110317984,2523],[7.0122579799365,45.83455214105117,2523],[7.012326157495196,45.834539798916346,2523],[7.012452854292823,45.83451457113872,2523],[7.012574355412448,45.83449939814337,2523],[7.01262297695661,45.83449272876483,2523],[7.0127296910321215,45.83448519082349,2523],[7.012749890477041,45.83447652289821,2523],[7.012847952206301,45.834455305702235,2523],[7.012897648160365,45.834448654899,2523],[7.012924795199265,45.83445626725403,2523],[7.012941856151797,45.83447535344266,2523],[7.0129450308583845,45.834506975117044,2523],[7.0129434914085635,45.83453513240324,2523],[7.012945364319857,45.834573119962755,2523],[7.0129433467705855,45.834587509914726,2523],[7.013010554531741,45.83466959871722,2523],[7.013104354006238,45.83470709551387,2523],[7.0131921543393885,45.83480398997605,2523],[7.013269054080638,45.83484268764606,2523],[7.0132929099725985,45.83486499263366,2523],[7.013317526661784,45.83487120721151,2523],[7.013490865104953,45.83495539369069,2523],[7.01365667626715,45.8350093847376,2523],[7.0137646765881865,45.83505635792994,2523],[7.013842856117258,45.83509529617763,2523],[7.014000660161558,45.83513261272721,2523],[7.014141591976992,45.83516061724302,2523],[7.01433749277985,45.83521513044533,2523],[7.014518349770402,45.83526938180305,2523],[7.014656812590677,45.83530636123096,2523],[7.014763787570854,45.835321749212866,2523],[7.014838551887232,45.835335825728386,2523],[7.015106722204448,45.83541414162217,2523],[7.015261844795457,45.83546644150635,2523],[7.0153126219459585,45.83548987089963,2523],[7.015360167064047,45.835546108416445,2523],[7.015522333870177,45.83565021642402,2523],[7.015849031416196,45.835811804487356,2523],[7.0160182295409985,45.83588409847364,2523],[7.016117928455316,45.835907596025066,2523],[7.016221127390594,45.83591109403898,2523],[7.016234227588326,45.83594779235447,2523],[7.0163082280107965,45.835989189053265,2523],[7.016417021575249,45.83602979127073,2523],[7.016688997174554,45.8361529990381,2523],[7.016944322003976,45.836237368072204,2523],[7.0171062213265,45.83634646082761,2523],[7.017221820268903,45.836378757782896,2523],[7.017585051291756,45.83647519964343,2523],[7.017955735178831,45.83651319914779,2523],[7.018109873258244,45.83647228184561,2523],[7.018287985789643,45.83648288853806,2523],[7.018471715911487,45.83639588605863,2523],[7.018527739276942,45.83633222202229,2523],[7.018753213837399,45.83626567228261,2523],[7.018879052333776,45.83611945623197,2523],[7.019126718260899,45.8360273234147,2523],[7.01921654366014,45.83594975720247,2523],[7.0195377373220325,45.83590645344388,2523],[7.019687892372001,45.835817967688435,2523],[7.019748601874934,45.83571304785595,2523],[7.019766829687739,45.83567515779681,2523],[7.019746630497358,45.83566485848381,2523],[7.019759829977923,45.83565545862781,2523],[7.019961825976489,45.83562475602066,2523],[7.020254617590582,45.835481556730564,2523],[7.020333478356397,45.83545675112979,2523],[7.02038171497457,45.835420456640904,2523],[7.020490013216623,45.83543445451513,2523],[7.020698009064715,45.835395852272505,2523],[7.020759607492996,45.83537185159456,2523],[7.020831906277088,45.83537805015275,2523],[7.021235201761694,45.83549183899667,2523],[7.021401298523825,45.83544443797627,2523],[7.02164489471388,45.835483832208844,2523],[7.021712892303389,45.835442032727144,2523],[7.021948231932076,45.83542535171105,2523],[7.02208809376778,45.8354078566239,2523],[7.022172418069948,45.835411032308194,2523],[7.0222236511892255,45.83541321011911,2523],[7.022175277838712,45.83544318739069,2523],[7.022138974268944,45.83548014919765,2523],[7.022181774699038,45.835505547113335,2523],[7.022175047138128,45.83551796556784,2523],[7.022139671282276,45.835530130054444,2523],[7.022077627922406,45.83553000252267,2523],[7.0220565286670285,45.83554970188611,2523],[7.022095428306691,45.83561449932641,2523],[7.022092164874879,45.83564946632705,2523],[7.022016542997716,45.8356863331522,2523],[7.021865921086544,45.83581371479625,2523],[7.02171414022343,45.83589309558519,2523],[7.021690033977443,45.835937497678955,2523],[7.021616919477674,45.83596779772491,2523],[7.02155472231835,45.83603504742944,2523],[7.021563774685053,45.8360717227172,2523],[7.021610952987364,45.83611717770793,2523],[7.021635654560185,45.83620127478436,2523],[7.0216319570141925,45.836332199907545,2523],[7.021760443670198,45.83653308538152,2523],[7.0218465524936065,45.83663446477853,2523],[7.021877554020992,45.83669890318346,2523],[7.021892098583101,45.83677393723202,2523],[7.021936192982246,45.83680401268355,2523],[7.021968422653245,45.836865449075134,2523],[7.022021442501534,45.8369167230471,2523],[7.022074107998817,45.83694769841165,2523],[7.022145176308816,45.837044516698256,2523],[7.022242685168519,45.83724260696387,2523],[7.02226113584428,45.83732879446515,2523],[7.022206361855621,45.837469127200315,2523],[7.022164043402082,45.837610834847865,2523],[7.022167933525023,45.83779928099838,2523],[7.022209044526363,45.83800976485358,2523],[7.022179379483087,45.83836539317002,2523],[7.022203082838686,45.83857928466784,2523],[7.022277085440631,45.83877027598102,2523],[7.022311587787124,45.83892237005122,2523],[7.022397190541912,45.839123760551175,2523],[7.022545090637176,45.839249352998365,2523],[7.022564891189871,45.83928425126669,2523],[7.022572591635346,45.839325749797716,2523],[7.02253679352281,45.83936894878059,2523],[7.022538093468974,45.83940744735496,2523],[7.022637096412457,45.839622137420115,2523],[7.022780496433694,45.83976422959311,2523],[7.022914897885891,45.839960020072716,2523],[7.023049797859539,45.84008321320969,2523],[7.023160799324982,45.84021720534026,2523],[7.02367069814337,45.84060028175582,2523],[7.023840697153431,45.840690175622534,2523],[7.023888497364043,45.840755571908886,2523],[7.0240903962549295,45.840862364825604,2523],[7.0242016962056,45.84097985784752,2523],[7.024257596479558,45.841003955983105,2523],[7.024303097166241,45.84107165333459,2523],[7.02442949538189,45.8411232485227,2523],[7.024721195429834,45.84137143450398,2523],[7.024912788411686,45.8415497093655,2523],[7.025010697915452,45.84172561521296,2523],[7.025059501288122,45.84198200453147,2523],[7.0251426034107975,45.84214369721542,2523],[7.025111707757395,45.84235858984629,2523],[7.025153609814021,45.84246838455681,2523],[7.02520625844677,45.84252469893439,2523],[7.025313609712952,45.84262667598431,2523],[7.0253863105452,45.842688272795414,2523],[7.025617907823296,45.84280376409728,2523],[7.025711239627006,45.84293214157749,2523],[7.02617781141275,45.84317920784863,2523],[7.026265430305265,45.84325588023639,2523],[7.02626155079646,45.84336554403921,2523],[7.026357009280744,45.84351974852855,2523],[7.026487071277444,45.84361746184204,2523],[7.026618211763572,45.84367985425622,2523],[7.026704610622603,45.84385390453118,2523],[7.026852310687732,45.84401049619018,2523],[7.026907011433478,45.844100892131515,2523],[7.027005113967883,45.844266683913624,2523],[7.027066215695819,45.84442947657905,2523],[7.027225615455535,45.844583268175775,2523],[7.027320615344131,45.84461916465846,2523],[7.027328514773999,45.84464506398256,2523],[7.027443914837144,45.84469885996743,2523],[7.027597112332219,45.84475635519323,2523],[7.02763811453045,45.84484975078249,2523],[7.027694413767767,45.84490234773569,2523],[7.027906913225673,45.845045238559244,2523],[7.027984311790137,45.845063036693496,2523],[7.028017412222313,45.84508583478133,2523],[7.028139310361995,45.84510813175842,2523],[7.028254510188619,45.8452085259995,2523],[7.028332010789847,45.845311120711735,2523],[7.028499110237614,45.84536771523483,2523],[7.028533610458133,45.8454091133637,2523],[7.028554212168913,45.8455227090258,2523],[7.028615512336762,45.845578805704406,2523],[7.028677710510812,45.84558660432758,2523],[7.0287831094188356,45.84556700317025,2523],[7.028805309212769,45.84561410043094,2523],[7.028870908940565,45.84564419866591,2523],[7.0289891105362825,45.845855188391134,2523],[7.0290760096554425,45.84589278510649,2523],[7.029163910216439,45.84596678155535,2523],[7.0292456096131595,45.846004877950946,2523],[7.029424609359249,45.84617456908112,2523],[7.0295455093587424,45.84623946445999,2523],[7.029902508816753,45.846573445060486,2523],[7.030011609744615,45.846712437836466,2523],[7.030097559818022,45.84674210060376,2523],[7.030179694804675,45.84679161820631,2523],[7.03022287323919,45.846847980213674,2523],[7.030278179451907,45.84686546869677,2523],[7.030303736784883,45.84693355139853,2523],[7.030305042229826,45.84693878067001,2523],[7.030443507309117,45.84696422030613,2523],[7.03053744546191,45.847015369545716,2523],[7.030696358892443,45.84714437499759,2523],[7.030910885730487,45.847312670081045,2523],[7.031034637065263,45.84740198623528,2523],[7.031202121944047,45.847471012136786,2523],[7.031276615373902,45.847493340080554,2523],[7.031313930174331,45.84753306587877,2523],[7.031343177276289,45.84755762006643,2523],[7.031410745271798,45.847593358031936,2523],[7.031503949483756,45.84763404610018,2523],[7.031539590858723,45.8476602144108,2523],[7.031555674844789,45.84769205796666,2523],[7.031566611735623,45.84774786291345,2523],[7.031588614146831,45.847794840106474,2523],[7.031612819093739,45.8478403521767,2523],[7.031646258149571,45.84786798557489,2523],[7.031842356703487,45.84797959151092,2523],[7.0318460199306765,45.84798228096266,2523],[7.032170500102112,45.848056448740515,2523],[7.03224946038243,45.84806098171448,2523],[7.03244395942342,45.848211672297445,2523],[7.0325914588973095,45.848291867052474,2523],[7.032794760773991,45.84836120421249,2523],[7.032837994298163,45.84834562559383,2523],[7.032897491514588,45.848225229736244,2523],[7.032887821802763,45.847949960948895,2523],[7.032750220462962,45.84770023631664,2524],[7.032698117556093,45.84758507824915,2524],[7.032703988395732,45.84748671446914,2524],[7.032864614010006,45.84751007752214,2524],[7.032833914105823,45.847477179590314,2524],[7.032813912213658,45.847375783480985,2524],[7.032826110340819,45.84730608618501,2524],[7.032840709749979,45.84730298585522,2524],[7.032881604651293,45.847342308375715,2524],[7.03302034465431,45.847359537608185,2524],[7.033073483820745,45.84720742257783,2524],[7.0330994031071885,45.847187464897345,2524],[7.033214754542758,45.847238999566265,2524],[7.033362352874339,45.847263196054406,2524],[7.033589447902117,45.847207594038295,2524],[7.033702744574667,45.84715239432916,2524],[7.033799841374051,45.847074995053426,2524],[7.033978139430658,45.84708379201249,2524],[7.034081336688133,45.84706219047291,2524],[7.0341062363596265,45.84703859143424,2524],[7.034032547238128,45.84697599407406,2524],[7.034093607263634,45.846963894462505,2524],[7.034208911633406,45.84692679720482,2524],[7.034311160292148,45.846893984374034,2524],[7.034317786494571,45.84689098605229,2524],[7.034383391388641,45.84686130292048,2524],[7.034400775457835,45.846853437772126,2524],[7.03448131500565,45.846826263500915,2524],[7.034551901081333,45.8467763708771,2524],[7.034680121150869,45.84674409191636,2524],[7.0349500168168175,45.84675908600245,2524],[7.0350571163404885,45.846778883473334,2524],[7.0352464125806575,45.84673468220371,2524],[7.035332809617662,45.84669388150405,2524],[7.035480707175342,45.84667848022953,2524],[7.035589604964748,45.84663707987957,2524],[7.035683703594126,45.84663927780359,2524],[7.035794080917059,45.84659180579893,2524],[7.0359098982503046,45.84657717626283,2524],[7.036426837167955,45.84644297406927,2524],[7.0367235131115216,45.84641650744941,2524],[7.037068537417244,45.846452500621844,2524],[7.037405008568542,45.84638228180325,2524],[7.037563008061476,45.84639928111172,2524],[7.037642102453179,45.84647287850276,2524],[7.03768380871718,45.846571300287,2524],[7.037715008249185,45.84686228164452,2524],[7.037835007746842,45.84715228184816,2524],[7.038195008394161,45.84720228246103,2524],[7.038335008145153,45.84727228208987,2524],[7.0383450081704195,45.847362281893545,2524],[7.038305007862513,45.84751228219831,2524],[7.038346007914339,45.84756528254052,2524],[7.038495008645025,45.84771128241426,2524],[7.03898500774968,45.84800228302559,2524],[7.038995007630359,45.848092282758564,2524],[7.038445007566893,45.848812283509595,2524],[7.037605008101912,45.84942228417835,2524],[7.0374750078534785,45.84968228396513,2524],[7.037859007610066,45.84968028476139,2524],[7.03801300867759,45.84971928473096,2524],[7.03839500779588,45.85017228477395,2524],[7.038425008622566,45.85033228514151,2524],[7.038785008650551,45.850742285335,2524],[7.039425007912324,45.85247228645681,2524],[7.03953500810465,45.85318228765943,2524],[7.039775007837178,45.85380228774551,2524],[7.039905008357973,45.85473128917809,2524],[7.040045008562706,45.85494128930105,2524],[7.0405950083610875,45.855261289099886,2524],[7.0410850085292935,45.855701289701386,2524],[7.041925007991603,45.856291290132575,2524],[7.042175008546055,45.85635128999724,2524],[7.042335008095525,45.85655129034293,2524],[7.043125007897932,45.85659129046998,2524],[7.044205008543108,45.857071291482214,2524],[7.0443250077377195,45.85697129111014,2524],[7.044905008063268,45.85730129170386,2524],[7.045055007578403,45.857361291720196,2524],[7.045635008037475,45.8577412913753,2524],[7.047105008191365,45.859151292949626,2524],[7.047525007655931,45.85923129273372,2524],[7.0477150080072,45.85964129310953,2524],[7.047855007468402,45.85974129370785,2524],[7.0478850076774675,45.8599512940874,2524],[7.048135007632519,45.86031129388443,2524],[7.0497650076038,45.86190129565815,2524],[7.049925008325607,45.86192129557667,2524],[7.050405007831443,45.8623912956735,2524],[7.052455007894096,45.86306129634402,2524],[7.0534550085098715,45.86364129696557,2524],[7.054215008304942,45.86389129720378,2524],[7.054325007836781,45.863991297158044,2524],[7.054845007746523,45.86380129732664,2524],[7.055295007816746,45.863791297164425,2524],[7.057105008336064,45.86421129747692,2524],[7.0573550084939365,45.86434129803313,2524],[7.057495007681315,45.864631298168945,2524],[7.05807500851661,45.86474129795299,2524],[7.058015008694879,45.86516129860275,2524],[7.058125007516636,45.865281298285076,2524],[7.058025008325206,45.865401298272374,2524],[7.058105008638742,45.86572129927195,2524],[7.058635008582097,45.8659512992345,2524],[7.058235008099381,45.866161299498785,2524],[7.058185007488703,45.86642129960251,2524],[7.058415007671174,45.86704130048368,2524],[7.058415008688981,45.867641300630034,2524],[7.0587650083196145,45.86790130136359,2524],[7.0588150075389615,45.86807130127835,2524],[7.059005007517197,45.86819130142846,2524],[7.05953500760485,45.869101301763024,2524],[7.059782008012704,45.869641302925686,2524],[7.0598810086022485,45.869750302709804,2524],[7.059665008221903,45.86973130244022,2524],[7.059155008515945,45.869211302043425,2524],[7.058085007633431,45.86857130197209,2524],[7.057225007846157,45.86835130123768,2524],[7.056665007454045,45.86789130084187,2524],[7.056145007539579,45.8676213003339,2524],[7.056075007454708,45.86784130058591,2524],[7.055715007737879,45.86769130086465,2524],[7.055916007873081,45.868171301218176,2524],[7.055895008659178,45.868171301131284,2524],[7.055915607448155,45.86817428614104,2524],[7.0560050082845605,45.86853130157461,2524],[7.05627500774281,45.86905130238917,2524],[7.056341675152295,45.86904296838627,2524],[7.056455008445642,45.869241302038546,2524],[7.056695008584122,45.86950130224481,2524],[7.056705007413786,45.869661302589144,2524],[7.056935007486298,45.86997130314092,2524],[7.057005007704395,45.87020130326081,2524],[7.056985007984629,45.87023130344977,2524],[7.0566950083623325,45.87003130325115,2524],[7.056335007805841,45.86992130247144,2524],[7.0562950079445255,45.87018130347214,2524],[7.056235007911015,45.87019130347715,2524],[7.0558950074806965,45.86995130307621,2524],[7.055595007622343,45.869951302648104,2524],[7.05575500786383,45.87019130312084,2524],[7.056295007733557,45.87077130386974,2524],[7.056315007516714,45.87087130394743,2524],[7.056255007984334,45.87085130379998,2524],[7.056205007669683,45.87091130382829,2524],[7.056025007961937,45.87082130382766,2524],[7.055975007517551,45.870981303723475,2524],[7.055905008644944,45.87100130384688,2524],[7.055515008085225,45.870751303326216,2524],[7.0553350082677255,45.87069130330433,2524],[7.055185008653941,45.870681303452734,2524],[7.055135008428208,45.870891303876256,2524],[7.054775008535175,45.87081130377721,2524],[7.0547950077962325,45.87103130390001,2524],[7.054965008303811,45.87114130369389,2524],[7.055095007421312,45.87143130448838,2524],[7.055035007443714,45.87157130399461,2524],[7.054845007736267,45.87168130459964,2524],[7.054357008110286,45.871493304679944,2524],[7.054040008110035,45.87140830413523,2524],[7.0539200084455365,45.87143830390603,2524],[7.053650008528029,45.87144830401747,2524],[7.053090008567857,45.87150830397734,2524],[7.052780007442321,45.87155830388338,2524],[7.052588860316599,45.87161550006774,2524],[7.052652695467129,45.87167712512808,2524],[7.0527417770261875,45.871715803775984,2524],[7.052802949369832,45.87172265545974,2524],[7.052970977502503,45.871707518882936,2524],[7.053408477937503,45.87172397586193,2524],[7.053703076279584,45.871773997976526,2524],[7.054378645353032,45.87198351607034,2524],[7.054632731349383,45.87208684818111,2524],[7.054796993069377,45.872179649688924,2524],[7.055000828150824,45.87224612357937,2524],[7.055228848544265,45.87235801092621,2524],[7.055678747607395,45.87253638334331,2524],[7.05575475252866,45.872607810041785,2524],[7.056045008382352,45.872711305517164,2524],[7.056105007808616,45.872681304894456,2524],[7.056275008516471,45.87283130592127,2524],[7.056415008309363,45.87288130570535,2524],[7.056695008596974,45.873081305604515,2524],[7.056765007682196,45.87297130542187,2524],[7.056845008020933,45.87301130602993,2524],[7.056925008519053,45.87312130545858,2524],[7.057285007747712,45.87315130595298,2524],[7.057525007763374,45.87322130562654,2524],[7.057855008184407,45.87336130567741,2524],[7.0578850080984505,45.87343130609858,2524],[7.057855007632166,45.8735513060702,2524],[7.057905007921942,45.873641306131184,2524],[7.058035007900132,45.87363130639257,2524],[7.05813500757108,45.87377130670648,2524],[7.05817500866638,45.87388130656855,2524],[7.058325008216694,45.873921306231935,2524],[7.058365007673379,45.87410130665852,2524],[7.058265008437238,45.87416130639643,2524],[7.0582450082329355,45.87426130654054,2524],[7.058295007659877,45.874341306953625,2524],[7.058525007861585,45.87454130739159,2524],[7.058905007878703,45.87495130771233,2524],[7.059015008499219,45.875021307314036,2524],[7.059085008540158,45.874971307861564,2524],[7.059205007568467,45.87499130711264,2524],[7.0592950086207,45.87504130794859,2524],[7.059425008680692,45.87500130737739,2524],[7.059565008677611,45.875061307226545,2524],[7.059865008324586,45.87544130777531,2524],[7.059825007965768,45.875671307822536,2524],[7.059875008456279,45.87580130838454,2524],[7.059955007555779,45.8758913085113,2524],[7.060235008234348,45.87601130852656,2524],[7.060275007962052,45.87607130854452,2524],[7.060465008052542,45.87609130890643,2524],[7.060675008145612,45.87641130883317,2524],[7.0608050081242535,45.87654130900395,2524],[7.061182008543196,45.8767933089059,2524],[7.06158500840199,45.87725130983578,2524],[7.061865008659875,45.87734130927216,2524],[7.061995008104674,45.877541309575065,2524],[7.062145007693953,45.87768131033935,2524],[7.062215008223304,45.877831310502586,2524],[7.062375008056453,45.877941310361955,2524],[7.06237500763862,45.87798130993464,2524],[7.062585008012094,45.87817131076233,2524],[7.0629950082400565,45.87819131017009,2524],[7.063055008083574,45.87826131026921,2524],[7.063015008395711,45.878261310617525,2524],[7.062925007924992,45.8784613105647,2524],[7.063245007695059,45.87881131070672,2524],[7.0632450078500915,45.87885131118316,2524],[7.0633850084944045,45.87904131167035,2524],[7.063585008351292,45.87913131134864,2524],[7.063755007761705,45.879381311650036,2524],[7.063795007422659,45.879391311383635,2524],[7.063955007482335,45.879511312040414,2524],[7.06390500864912,45.87965131182235,2524],[7.064075007688064,45.87986131205099,2524],[7.06415500807268,45.87991131232061,2524],[7.064505008577774,45.8802713126827,2525],[7.064735007986878,45.88040131237965,2525],[7.064775007798662,45.88048131235461,2525],[7.064765008320633,45.880551312735506,2525],[7.06492500855038,45.88063131244725,2525],[7.064895007891438,45.88074131288035,2525],[7.0649450084310725,45.88098131304265,2525],[7.065005007965392,45.88112131355331,2525],[7.0653150076176505,45.88155131383768,2525],[7.065535008130719,45.88174131377554,2525],[7.065415008231857,45.88183131412489,2525],[7.065495008208127,45.88189131376745,2525],[7.065575007712415,45.88206131436437,2525],[7.0656650084716155,45.88212131403904,2525],[7.065705007987135,45.88223131377243,2525],[7.065655008238209,45.88227131446833,2525],[7.0659350078611824,45.88247131472051,2525],[7.06607500835622,45.88266131448107,2525],[7.065925008071713,45.88268131449431,2525],[7.065775008539816,45.882631314663975,2525],[7.0658450080174555,45.882751315041624,2525],[7.0658550083354825,45.8828613143687,2525],[7.065915007940845,45.882951314474376,2525],[7.066155007780824,45.88320131539473,2525],[7.066305008531298,45.88333131562786,2525],[7.066545008462219,45.883740315733746,2525],[7.0665750076796146,45.88392031561546,2525],[7.066525008685727,45.88402031600463,2525],[7.066505007612422,45.88412031561692,2525],[7.066605007506454,45.88438031585876,2525],[7.066705008062336,45.884570316375765,2525],[7.06660471679679,45.884690689408146,2525],[7.0664587907110405,45.884794000990546,2525],[7.066774294727181,45.88511406134357,2525],[7.067048484195867,45.885232537501544,2525],[7.067124006619761,45.88531636072964,2525],[7.067213175803051,45.88537827475865,2525],[7.0673048369017675,45.885384300660526,2525],[7.067395564342918,45.88546301223642,2525],[7.06756358387348,45.885529646864406,2525],[7.067915210674683,45.885547491632764,2525],[7.068052911477844,45.88552801181648,2525],[7.068335008272429,45.885420317329576,2525],[7.068685007846071,45.885170316629036,2525],[7.068895008006888,45.885050316875876,2525],[7.06915500837279,45.884650316456295,2525],[7.069185008232184,45.884550316196666,2525],[7.069185008415251,45.88445031646392,2525],[7.069235008203855,45.88435031583405,2525],[7.069245008600437,45.884220315819555,2525],[7.069285007526424,45.88413031566447,2525],[7.069295008263716,45.88404031608434,2525],[7.069265008583126,45.88391031589425,2525],[7.069285008333267,45.88370031569564,2525],[7.069245008651789,45.88360031578199,2525],[7.069235007820084,45.88337031543966,2525],[7.069265007939662,45.88336031546301,2525],[7.069375007717613,45.88340031564083,2525],[7.06961500747751,45.88361031511106,2525],[7.069675007456006,45.88370031592952,2525],[7.069735007473603,45.883720315273074,2525],[7.069755008154927,45.883580315548244,2525],[7.069745008425315,45.88326031495244,2525],[7.069955007923948,45.88334031541983,2525],[7.070255008330947,45.88357031545205,2525],[7.070275007738068,45.88364031544542,2525],[7.070415007509885,45.883860315322174,2525],[7.070585007896189,45.883980316197686,2525],[7.070625008211879,45.88406031587595,2525],[7.070835007477678,45.88422031647668,2525],[7.0708850080794825,45.88434031617884,2525],[7.070965008415818,45.884400316461246,2525],[7.071165007781225,45.88417031637261,2525],[7.071435008175025,45.8836603156976,2525],[7.071645007600505,45.883390314834564,2525],[7.071775008698075,45.883360314992444,2525],[7.071845008414047,45.883360314850016,2525],[7.071895008220017,45.88340031503302,2525],[7.071945007568486,45.88360031514004,2525],[7.072065007563203,45.88376031541965,2525],[7.0723050084789145,45.883700315510616,2525],[7.072515008037328,45.88367031568251,2525],[7.0728050084815886,45.883680315607386,2525],[7.073015008515498,45.88366031520186,2525],[7.073225007638653,45.8835703156549,2525],[7.073345007774574,45.88354031543871,2525],[7.073445007632235,45.883550315728066,2525],[7.073395008670014,45.88346031546826,2525],[7.073415008353096,45.88340031506561,2525],[7.073635007804444,45.88334031522537,2525],[7.073685007960233,45.88337031519451,2525],[7.073855007737063,45.88329031530375,2525],[7.074045007815619,45.88313031488541,2525],[7.074475007638247,45.883060314680144,2525],[7.0745750084575505,45.882990314917784,2525],[7.074725007613663,45.88305031520151,2525],[7.0751550081272585,45.88289031483214,2525],[7.075235007676936,45.882890314609895,2525],[7.07526500782418,45.88287031452237,2525],[7.075285007816096,45.88281031469401,2525],[7.075355008291602,45.88278031500716,2525],[7.07555500751738,45.88273031502648,2525],[7.075995008029825,45.88269031477945,2525],[7.076341007953007,45.88263031415564,2525],[7.076498007703124,45.88256031494243,2525],[7.0764990082451735,45.8825243149227,2525],[7.0769550079945756,45.882800315026344,2525],[7.07641500864134,45.883270315409824,2525],[7.07636500747171,45.883490315072535,2525],[7.076585007711082,45.88358031547118,2525],[7.077155008368763,45.88349031540395,2525],[7.077365008633703,45.88360031583885,2525],[7.077415008321764,45.88388031529542,2525],[7.077035007957297,45.88424031570725,2525],[7.076225008641504,45.885570317087065,2525],[7.077635008605704,45.88591031765717,2525],[7.078145008374335,45.886140317873995,2525],[7.078375008489155,45.88645031834956,2525],[7.078935007921263,45.88801031943717,2525],[7.078952007600677,45.889118320268445,2525]]}}]}